0;No Skill;Keine Fertigkeit;Empty skill slot;0;-1;0;0;0;0;0;0;0;0;0;0;0;0;0;
1;Heaeleeng Seegnet;Siegel der Heilung;Seegnet. Yuoo gaeeen 82..172 Heaelt. Yuoo haefe-a -40 aermur vheele-a useeng thees skeell.;0;21;21;1;0;0;2;4;0;0;0;0;0;0;0;
2;Resoorrecshun Seegnet;Siegel der Wiederbelebung;Seegnet. Resoorrect taerget paerty member. Thaet paerty member is retoorned tu leeffe-a veet 100% Heaelt und 25% Inergy. Thees seegnet oonly rechaerges vhee yuoo gaeeen a muraele-a buust.;0;-1;21;0;0;0;3;0;0;0;0;0;0;0;0;
3;Seegnet ooff Caeptoore-a;Siegel der Erbeutung;Seegnet. Chuuse-a oone-a skeell frum a neaerby deaed Buss ooff yuoor pruffesseeun. Seegnet ooff Caeptoore-a is permunently replaeced by thaet skeell. Iff thaet skeell vaes ileete-a, gaeeen 250 XP fur ifery lefel yuoo haefe-a iaerned. Bork! Bork! Bork!;0;-1;21;0;0;0;2;2;0;0;0;1;0;0;0;
5;Pooer Bluck;Kraftblock;Ileete-a Spell. Iff taerget fue-a is caesteeng a spell oor chunt, thaet skeell und aell skeells ooff zee saeme-a aettreeboote-a aere-a deesaebled fur 1..12 secunds und thaet skeell is interroopted.;1;2;22;5;0;15;.25;20;0;0;1;0;0;0;0;
6;Muntra ooff Iaert;Mantra der Erde;Stunce-a. Fur 30..90 secunds, vhenefer yuoo taeke-a iaert daemaege-a, zee daemaege-a is redooced by 26..50% und yuoo gaeeen 2 Inergy.;0;3;29;5;0;10;0;20;0;0;0;0;0;0;0;
7;Muntra ooff Flaeme-a;Mantra des Feuers;Stunce-a. Fur 30..90 secunds, vhenefer yuoo taeke-a fure-a daemaege-a, zee daemaege-a is redooced by 26..50% und yuoo gaeeen 2 Inergy.;0;3;29;5;0;10;0;20;0;0;0;0;0;0;0;
8;Muntra ooff Frust;Mantra des Frosts;Stunce-a. Fur 30..90 secunds, vhenefer yuoo taeke-a culd daemaege-a, zee daemaege-a is redooced by 26..50% und yuoo gaeeen 2 Inergy.;0;3;29;5;0;10;0;20;0;0;0;0;0;0;0;
9;Muntra ooff Leeghtneeng;Mantra des Blitzes;Stunce-a. Fur 30..90 secunds, vhenefer yuoo taeke-a leeghtneeng daemaege-a, zee daemaege-a is redooced by 26..50% und yuoo gaeeen 2 Inergy.;0;3;29;5;0;10;0;20;0;0;0;0;0;0;0;
10;Hex Breaeker;Gebrochene Verhexung;Stunce-a. Fur 5..80 secunds, zee next teeme-a yuoo aere-a zee taerget ooff a hex, thaet hex faeeels und zee caester taekes 10..46 daemaege-a.;0;2;29;5;0;5;0;15;0;0;0;0;0;0;0;
11;Deesturshun;Verzerrung;Stunce-a. Fur 1..5 secunds, yuoo haefe-a a 75% chunce-a tu bluck aettaecks. Vhenefer yuoo bluck un aettaeck thees vaey, yuoo luse-a 2 Inergy oor Deesturshun inds.;1;1;29;5;0;5;0;8;0;0;0;0;0;0;0;
13;Muntra ooff Recufery;Mantra der Erholung;Ileete-a Stunce-a. Fur 5..20 secunds, spells yuoo caest rechaerge-a 33% faester.;0;0;29;5;0;5;0;15;0;0;1;0;0;0;0;
14;Muntra ooff Perseestence-a;Mantra des Bestehens;Stunce-a. Fur 5..25 secunds, uny Illooseeun Maegeec hex yuoo caest laests 10..40% lunger.;0;3;29;5;0;5;0;15;0;0;0;0;0;0;0;
15;Muntra ooff Inscreepshuns;Mantra der Inschriften;Stunce-a. Fur 5..25 secunds, seegnets yuoo sooccessffoolly aecteefaete-a vheele-a in thees stunce-a rechaerge-a 10..40% faester.;0;3;29;5;0;10;0;20;0;0;0;0;0;0;0;
16;Muntra ooff Cuncentraeshun;Mantra der Konzentration;Stunce-a. Fur 1..38 secunds, zee next teeme-a yuoo vuoold be-a interroopted, yuoo aere-a nut interroopted.;1;3;29;5;0;5;0;30;0;0;0;0;0;0;0;
17;Muntra ooff Resulfe-a (PfP);Mantra des Abschlusses (PvP);Stunce-a. Fur 5 secunds, yuoo cunnut be-a interroopted, boot iaech teeme-a yuoo vuoold haefe-a beee interroopted, yuoo luse-a 10..4 Inergy oor Muntra ooff Resulfe-a inds.;0;3;29;5;0;10;0;20;0;0;0;0;0;0;0;
18;Muntra ooff Seegnets (PfP);Mantra der Siegel (PvP);Stunce-a. Fur 10..40 secunds, yuoo haefe-a +3 aermur fur iaech seegnet yuoo haefe-a iqooeepped. Vhenefer yuoo use-a a seegnet, yuoo gaeeen 5..60 Heaelt.;1;3;29;5;0;5;0;20;0;0;0;0;0;0;0;
19;Fraegeeleety (PfP);Zerbrechlichkeit (PvP);Hex Spell. Fur 8..20 secunds, taerget und aedjaecent fues taeke-a 5..20 daemaege-a iaech teeme-a zeey sooffffer oor recufer frum a noo cundeeshun.;0;1;24;5;0;5;1;8;0;0;0;0;0;0;0;
21;Inspured Inchuntment;Inspirierte Verzauberung;Spell. Remufe-a un inchuntment frum taerget fue-a und gaeeen 3..15 Inergy. Fur 20 secunds, Inspured Inchuntment is replaeced veet zee inchuntment remufed frum taerget fue-a.;1;3;22;5;0;10;1;0;0;0;0;0;0;0;0;
22;Inspured Hex;Inspirierte Verhexung;Spell. Remufe-a a hex frum taerget aelly und gaeeen 4..10 Inergy. Fur 20 secunds, Inspured Hex is replaeced veet zee hex thaet vaes remufed.;1;3;22;5;0;5;1;0;0;0;0;0;0;0;0;
23;Pooer Speeke-a;Kraftdorn;Spell. Iff taerget fue-a is caesteeng a spell oor a chunt, thaet skeell is interroopted und taerget fue-a taekes 30..120 daemaege-a.;0;2;22;5;0;5;.25;12;0;0;0;0;0;0;0;
24;Pooer Leaek;Kraftleck;Spell. Iff taerget fue-a is caesteeng a spell oor chunt, thaet skeell is interroopted und taerget fue-a luses 3..17 Inergy.;1;2;22;5;0;10;.25;20;0;0;0;0;0;0;0;
25;Pooer Draeeen;Kraftentzug;Spell. Iff taerget fue-a is caesteeng a spell oor chunt, thaet skeell is interroopted und yuoo gaeeen 1..31 Inergy.;0;3;22;5;0;5;.25;20;0;0;0;0;0;0;0;
26;Impaethy (PfP);Empathie (PvP);Hex Spell. Fur 5..15 secunds, vhenefer taerget fue-a aettaecks, thaet fue-a taekes 15..45 daemaege-a.;0;2;24;5;0;10;2;10;0;0;0;0;0;0;0;
27;Shaetter Delooseeuns (PfP);Täuschungen brechen (PvP);Spell. Remufe-a oone-a Mesmer hex frum taerget fue-a. Iff a hex is remufed, thaet fue-a taekes 15..75 daemaege-a und aell aedjaecent fues taeke-a 75% ooff thaet daemaege-a. Bork! Bork! Bork!;1;2;22;5;0;5;.25;10;0;0;0;0;0;0;0;
28;Baeckffure-a;Rückschlag;Hex Spell. Fur 10 secunds, vhenefer taerget fue-a caests a spell, thaet fue-a taekes 35..140 daemaege-a. Bork! Bork! Bork!;0;2;24;5;0;15;3;20;0;0;0;0;0;0;0;
29;Blaeckuoot;Blackout;Skeell. Fur 2..8 secunds, aell ooff tuooched taerget fue-a's skeells aere-a deesaebled, und aell ooff yuoor skeells aere-a deesaebled fur 5 secunds.;1;2;1;5;0;10;1;12;0;0;0;0;0;0;0;
30;Deeferseeun;Ablenkung;Hex Spell. Fur 6 secunds, zee next teeme-a taerget fue-a uses a skeell, thaet skeell taekes un aeddeeshunael 10..56 secunds tu rechaerge-a.;0;2;24;5;0;10;3;12;0;0;0;0;0;0;0;
31;Cunjoore-a Phuntaesm;Trugbild beschwören;Hex Spell. Fur 4..18 secunds, taerget fue-a ixpereeences -5 Heaelt degeneraeshun.;0;1;24;5;0;10;1;5;0;0;0;0;0;0;0;
32;Illooseeun ooff Veaekness;Illusion der Schwäche;Inchuntment Spell. Yuoo luse-a 50..240 Heaelt. Illooseeun ooff Veaekness inds iff daemaege-a drups yuoor Heaelt beloo 25% ooff yuoor maexeemoom. Vhee Illooseeun ooff Veaekness inds, yuoo gaeeen 50..240 Heaelt.;1;1;23;5;0;10;2;30;0;0;0;0;0;0;0;
33;Illooseeunaery Veaepunry (PfP);Illusion der Waffen (PvP);Ileete-a Inchuntment Spell. Fur 30 secunds, yuoor melee-a aettaecks neeezeer heet nur faeeel tu heet. Insteaed, Illooseeunaery Veaepunry deaels 20..60 daemaege-a tu yuoor taergets fur iaech melee-a aettaeck.;1;1;23;5;0;5;1;10;0;0;1;0;0;0;0;
34;Sympaezeeteec Feesaege-a;Sympathisches Gesicht;Inchuntment Spell. Fur 4..10 secunds, vhenefer taerget aelly is heet by a melee-a aettaeck, aell aedjaecent fues luse-a aell aedrenaeleene-a und 3 Inergy.;1;1;23;5;0;10;1;20;0;0;0;0;0;0;0;
35;Ignurunce-a;Ignoranz;Hex Spell. Fur 8..20 secunds taerget fue-a cunnut use-a seegnets.;0;2;24;5;0;10;1;10;0;0;0;0;0;0;0;
36;Aercune-a Cunoondroom;Arkanes Rätsel;Hex Spell. Fur 5..15 secunds, spells caest by taerget fue-a und aell aedjaecent fues taeke-a tveece-a aes lung tu caest. Vhee thees hex inds, yuoo gaeeen 1..7 inergy.;0;1;24;5;0;10;2;30;0;0;0;0;0;0;0;
37;Illooseeun ooff Haeste-a (PfP);Illusion der Eile (PvP);Inchuntment Spell. Fur 5..11 secunds, yuoo mufe-a 33% faester. Vhee Illooseeun ooff Haeste-a inds, yuoo becume-a Creeppled fur 3 secunds.;0;1;23;5;0;5;1;8;0;0;0;0;0;0;0;
38;Chunneleeng;Kanalisieren;Inchuntment Spell. Fur 8..56 secunds, vhenefer yuoo caest a spell, yuoo gaeeen 1 Inergy fur iaech fue-a in zee aerea.;1;3;23;5;0;5;1;10;0;0;0;0;0;0;0;
39;Inergy Soorge-a;Energiewelle;Ileete-a Spell. Taerget fue-a luses 1..10 Inergy. Fur iaech pueent ooff Inergy lust, thaet fue-a taekes 7 daemaege-a und aell neaerby fues taeke-a 75% ooff thaet daemaege-a.;0;2;22;5;0;5;2;15;0;0;1;0;0;0;0;
40;Izeer Feaest;Ätherschmaus;Spell. Taerget fue-a luses 3 Inergy. Yuoo aere-a heaeled 20..65 fur iaech pueent ooff Inergy lust.;0;3;22;5;0;5;1;8;0;0;0;0;0;0;0;
41;Izeer Lurd;Herr über den Äther;Hex Spell. Yuoo luse-a aell Inergy. Fur 5..10 secunds, taerget fue-a sooffffers -1..3 Inergy degeneraeshun, und yuoo ixpereeence-a +1..3 Inergy regeneraeshun.;1;3;24;5;0;5;2;20;0;0;0;0;0;0;0;
42;Inergy Boorn;Energiebrand;Spell. Taerget fue-a luses 1..10 Inergy und taekes 9 daemaege-a fur iaech pueent ooff Inergy lust.;0;2;22;5;0;10;2;20;0;0;0;0;0;0;0;
43;Cloomseeness;Ungeschick;Hex Spell. Fur 4 secunds, taerget und aedjaecent fues aere-a hexed veet Cloomseeness. Zee next teeme-a iaech fue-a aettaecks, zee aettaeck is interroopted und thaet fue-a sooffffers 10..80 daemaege-a.;0;1;24;5;0;10;2;12;0;0;0;0;0;0;0;
44;Phuntum Paeeen;Phantomschmerz;Hex Spell. Fur 10 secunds, taerget fue-a sooffffers -1..4 Heaelt degeneraeshun. Vhee Phuntum Paeeen inds, thaet fue-a sooffffers a Deep Vuoond, looereeng thaet fue-a's maexeemoom Heaelt by 20% fur 5..20 secunds.;1;1;24;5;0;5;2;10;0;0;0;0;0;0;0;
45;Izeereael Boordee;Ätherische Bürde;Hex Spell. Fur 6..12 secunds, taerget fue-a mufes 50% slooer. Vhee Izeereael Boordee inds, yuoo gaeeen 10..18 Inergy.;1;1;24;5;0;15;1.5;30;0;0;0;0;0;0;0;
46;Gooeelt;Schuld;Hex Spell. Fur 6 secunds, zee next teeme-a taerget fue-a caests a spell thaet taergets a fue-a, zee spell faeeels und yuoo steael up tu 5..14 Inergy frum thaet fue-a. Bork! Bork! Bork!;1;2;24;5;0;5;2;25;0;0;0;0;0;0;0;
47;Inepteetoode-a;Unbeholfenheit;Ileete-a Hex Spell. Fur 4 secunds, zee next teeme-a zee taerget fue-a oor uny aedjaecent fue-a aettaecks, zeey taeke-a 30..135 daemaege-a und aere-a Bleended fur 10 secunds.;1;1;24;5;0;10;1;15;0;0;1;0;0;0;0;
48;Spureet ooff Faeeeloore-a;Geist des Versagens;Hex Spell. Fur 30 secunds, taerget fue-a haes a 25% chunce-a tu meess veet aettaecks. Yuoo gaeeen 1..3 Inergy vhenefer thaet fue-a faeeels tu heet in cumbaet.;1;3;24;5;0;15;3;20;0;0;0;0;0;0;0;
49;Meend Vraeck (PfP);Geistiges Wrack (PvP);Hex Spell. Fur 5..40 secunds, vhenefer thees fue-a is zee taerget ooff oone-a ooff yuoor nun-hex Mesmer skeells, thaet fue-a luses 1 Inergy. Iff zee taerget fue-a's Inergy drups tu 0, Meend Vraeck inds und thaet fue-a taekes 15..100 daemaege-a.;0;2;24;5;0;5;1;7;0;0;0;0;0;0;0;
50;Vaestrel's Vurry (PfP);Verschwendung (PvP);Hex Spell. Aeffter 3 secunds, taerget fue-a taekes 20..100 daemaege-a und aell aedjaecent fues taeke-a 75% ooff thaet daemaege-a. Iff thaet fue-a sooccessffoolly uses a skeell, Vaestrel's Vurry inds premaetoorely und dues nu daemaege-a.;1;2;24;5;0;5;.25;4;0;0;0;0;0;0;0;
51;Shaeme-a;Schande;Hex Spell. Fur 6 secunds, zee next teeme-a taerget fue-a caests a spell thaet taergets un aelly, zee spell faeeels und yuoo steael up tu 5..14 Inergy frum thaet fue-a.;1;2;24;5;0;10;2;30;0;0;0;0;0;0;0;
52;Puneec;Panik;Ileete-a Hex Spell. Fur 1..10 secunds, taerget fue-a und aell neaerby fues aere-a hexed veet Puneec. Vhee a fue-a hexed veet Puneec sooccessffoolly uses a skeell, aell oozeer neaerby fues aere-a interroopted.;1;2;24;5;0;10;1;15;0;0;1;0;0;0;0;
53;Meegraeeene-a (PfP);Migräne (PvP);Ileete-a Hex Spell. Fur 4..16 secunds, taerget fue-a sooffffers -1..8 Heaelt degeneraeshun und taekes 100% lunger tu aecteefaete-a skeells.;1;1;24;5;0;10;2;12;0;0;1;0;0;0;0;
54;Creeppleeng Ungooeesh (PfP);Verkrüppelnde Qual (PvP);Ileete-a Hex Spell. Fur 5..20 secunds, taerget mufes 50% slooer und sooffffers -2..6 Heaelt degeneraeshun.;0;1;24;5;0;10;1;20;0;0;1;0;0;0;0;
55;Fefered Dreaems (PfP);Fieberträume (PvP);Ileete-a Hex Spell. Fur 5..15 secunds, vhenefer taerget fue-a sooffffers frum a noo cundeeshun, aell fues in zee aerea sooffffer frum thaet cundeeshun aes vell.;1;1;24;5;0;5;1;15;0;0;1;0;0;0;0;
56;Suutheeng Imaeges;Beruhigende Bilder;Hex Spell. Fur 8..20 secunds, taerget fue-a und aell aedjaecent fues cunnut gaeeen aedrenaeleene-a.;0;1;24;5;0;15;2;8;0;0;0;0;0;0;0;
57;Cry ooff Froostraeshun;Schrei der Frustration;Spell. Iff taerget fue-a is useeng a skeell, thaet fue-a und aell fues in zee aerea aere-a interroopted. Fue-a sooffffers 15..75 daemaege-a und fues in zee aerea taeke-a 75% ooff thaet daemaege-a.;0;2;22;5;0;10;.25;20;0;0;0;0;0;0;0;
58;Seegnet ooff Meedneeght;Siegel der Mitternacht;Ileete-a Seegnet. Yuoo und taerget tuooched fue-a becume-a Bleended fur 15 secunds.;1;-1;21;5;0;0;2;10;0;0;1;0;0;0;0;
59;Seegnet ooff Veaereeness;Siegel der Müdigkeit;Seegnet. Taerget fue-a und aell neaerby fues luse-a 3..8 Inergy und sooffffer frum Veaekness fur 1..12 secunds.;1;2;21;5;0;0;2;30;0;0;0;0;0;0;0;
61;Leech Seegnet;Blutsauger-Siegel;Seegnet. Interroopt taerget fue-a's aecshun. Iff thaet aecshun vaes a spell, yuoo gaeeen 3..15 Inergy.;0;3;21;5;0;0;.25;30;0;0;0;0;0;0;0;
62;Seegnet ooff Hoomeeleety;Siegel der Demut;Seegnet. Taerget fue-a's ileete-a skeell is deesaebled fur 1..16 secunds. Yuoor nun-Mesmer skeells aere-a deesaebled fur 4 secunds.;0;3;21;5;0;0;3;20;0;0;0;0;0;0;0;
63;Keystune-a Seegnet;Schlussstein-Siegel;Ileete-a Seegnet. Aell ooff yuoor seegnets ixcept Keystune-a Seegnet aere-a rechaerged. Fur 20 secunds, zee next 0..6 teeme-as yuoo use-a a seegnet thaet taergets a fue-a, aell oozeer fues aedjaecent tu yuoor taerget taeke-a 15..60 daemaege-a und aere-a interroopted.;1;0;21;5;0;0;1;15;0;0;1;0;0;0;0;
65;Aercune-a Meemeecry;Arkane Mimikry;Spell. Fur 20 secunds, Aercune-a Meemeecry becumes zee nun-furm ileete-a skeell frum taerget oozeer aelly.;0;-1;22;5;0;15;2;60;0;0;0;0;0;0;0;
66;Spureet Shaeckles;Geistfesseln;Hex Spell. Fur 5..20 secunds, taerget fue-a luses 5 Inergy vhenefer thaet fue-a aettaecks.;0;3;24;5;0;10;3;8;0;0;0;0;0;0;0;
67;Shaetter Hex;Verhexung brechen;Spell. Remufe-a a hex frum taerget aelly. Iff a hex is remufed, fues neaer thaet aelly taeke-a 30..120 daemaege-a.;0;2;22;5;0;10;1;10;0;0;0;0;0;0;0;
68;Draeeen Inchuntment;Verzauberung entziehen;Spell. Remufe-a un inchuntment frum taerget fue-a. Iff un inchuntment is remufed, yuoo gaeeen 8..17 Inergy und 40..120 Heaelt.;0;3;22;5;0;5;2;20;0;0;0;0;0;0;0;
69;Shaetter Inchuntment;Verzauberung brechen;Spell. Remufe-a un inchuntment frum taerget fue-a. Iff un inchuntment is remufed, thaet fue-a taekes 14..100 daemaege-a.;0;2;22;5;0;10;1;20;0;0;0;0;0;0;0;
72;Ilementael Reseestunce-a;Elementarwiderstand;Stunce-a. Fur 30..90 secunds, Yuoo gaeeen +40 aermur aegaeeenst ilementael daemaege-a, boot yuoo luse-a 24..12 aermur aegaeeenst physeecael daemaege-a.;1;3;29;5;0;10;0;20;0;0;0;0;0;0;0;
73;Physeecael Reseestunce-a;Körperlicher Widerstand;Stunce-a. Fur 30..90 secunds, Yuoo gaeeen +40 aermur aegaeeenst physeecael daemaege-a, boot yuoo luse-a 24..12 aermur aegaeeenst ilementael daemaege-a.;1;3;29;5;0;10;0;20;0;0;0;0;0;0;0;
74;Ichu;Echo;Ileete-a Inchuntment Spell. Fur 30 secunds, Ichu is replaeced veet zee next skeell yuoo use-a. Ichu aects aes thees skeell fur 30 secunds.;0;-1;23;5;0;5;1;10;0;0;1;0;0;0;0;
75;Aercune-a Ichu;Arkanes Echo;Inchuntment Spell. Iff yuoo caest a spell in zee next 20 secunds, Aercune-a Ichu is replaeced veet thaet spell fur 20 secunds. Aercune-a Ichu inds premaetoorely iff yuoo use-a a nun-spell skeell.;0;-1;23;5;0;15;2;20;0;0;0;0;0;0;0;
76;Imaegeened Boordee;Eingebildete Bürde;Hex Spell. Fur 8..20 secunds, taerget fue-a mufes 50% slooer.;0;1;24;5;0;15;1;30;0;0;0;0;0;0;0;
77;Chaeus Sturm;Chaossturm;Spell. Creaete-a a Chaeus Sturm aet taerget fue-a's lucaeshun thaet laests fur 10 secunds. Iaech secund, fues aedjaecent tu thees lucaeshun taeke-a 5..25 daemaege-a und luse-a 0..2 Inergy.;1;2;22;5;0;5;2;30;0;0;0;0;0;0;0;
78;Ipeedemeec;Epidemie;Spell. Spreaed aell negaeteefe-a cundeeshuns und zeeur remaeeeneeng dooraeshuns frum taerget fue-a tu aell fues aedjaecent tu yuoor taerget.;0;-1;22;5;0;5;.25;5;0;0;0;0;0;0;0;
79;Inergy Draeeen;Energieentzug;Ileete-a Spell. Taerget fue-a luses 2..9 Inergy. Yuoo gaeeen 3 Inergy fur iaech pueent ooff Inergy lust.;0;3;22;5;0;5;1;20;0;0;1;0;0;0;0;
80;Inergy Taep;Energie abzapfen;Spell. Taerget fue-a luses 4..7 Inergy. Yuoo gaeeen 2 Inergy fur iaech pueent ooff Inergy lust.;0;3;22;5;0;5;2;30;0;0;0;0;0;0;0;
81;Aercune-a Theeefery;Arkaner Diebstahl;Spell. Fur 5..35 secunds, oone-a rundum spell is deesaebled fur taerget fue-a, und Aercune-a Theeefery is replaeced by thaet spell.;1;2;22;5;0;10;1;0;0;0;0;0;0;0;0;
82;Muntra ooff Recaell;Mantra der Zurückrufung;Ileete-a Inchuntment Spell. Fur 20 secunds, yuoo gaeeen nu beneffeet frum it. Yuoo gaeeen 10..25 Inergy vhee Muntra ooff Recaell inds.;1;3;23;5;0;10;1;30;0;0;1;0;0;0;0;
83;Uneemaete-a Bune-a Hurrur;Knochenschreck beleben;Spell. Ixplueet neaerest curpse-a tu uneemaete-a a lefel 1..17 bune-a hurrur.;1;5;22;4;0;5;1;5;0;0;0;0;0;0;0;
84;Uneemaete-a Bune-a Feeend;Knochenteufel beleben;Spell. Ixplueet neaerest curpse-a tu uneemaete-a a lefel 1..17 bune-a feeend. Bune-a feeends cun aettaeck aet runge-a.;0;5;22;4;0;15;1;5;0;0;0;0;0;0;0;
85;Uneemaete-a Bune-a Meeneeuns;Knochendiener beleben;Spell. Ixplueet neaerest curpse-a tu uneemaete-a tvu lefel 0..12 bune-a meeneeuns.;0;5;22;4;0;10;1;5;0;0;0;0;0;0;0;
86;Grent's Baelunce-a;Grenths Ausgleich;Ileete-a Spell. Iff taerget fue-a haes mure-a Heaelt thun yuoo, yuoo gaeeen haelff zee deefffference-a (up tu yuoor maexeemoom Heaelt), und thaet fue-a luses un iqooael aemuoont. Iff thees fue-a haes less Heaelt thun yuoo, yuoo luse-a haelff zee deefffference-a, und thaet fue-a gaeeens un iqooael aemuoont.;0;-1;22;4;0;10;.25;10;0;0;1;0;0;0;0;
87;Feraeta's Gaeze-a;Veratas Starren;Spell. Iff taerget husteele-a uneemaeted undeaed haes a maester, its bund tu its maester is brukee, maekeeng it husteele-a tu aell oozeer creaetoores. Iff it haed nu maester, yuoo becume-a its maester und heael it fur 60..80. (50% faeeeloore-a chunce-a veet Deaet Maegeec 4 oor less.);1;5;22;4;0;5;1;5;0;0;0;0;0;0;0;
88;Feraeta's Oora;Veratas Aura;Inchuntment Spell. Aell husteele-a uneemaeted undeaed in zee aerea becume-a buoond tu yuoo. Feraeta's Oora inds aeffter 120..300 secunds. Vhee Feraeta's Oora inds, yuoo luse-a yuoor bund veet uny undeaed buoond tu yuoo. (50% faeeeloore-a chunce-a veet Deaet Maegeec 4 oor less.);1;5;23;4;0;15;.75;30;0;33;0;0;0;0;0;
89;Deaethly Cheell;Tödliche Kühlung;Spell. Taerget fue-a is stroock fur 5..50 culd daemaege-a. Iff thaet fue-a's Heaelt is aebufe-a 50%, yuoo deael un aeddeeshunael 5..50 shaedoo daemaege-a.;1;5;22;4;0;10;1;5;0;0;0;0;0;0;0;
90;Feraeta's Saecreeffeece-a;Veratas Opfer;Spell. Fur 5..10 secunds, yuoor undeaed aelleees gaeeen +10 Heaelt regeneraeshun. Aell cundeeshuns aere-a remufed frum thuse-a aelleees und trunsfferred tu yuoo. Iff thees spell is sooccessffool und yuoo haefe-a cuntrul ooff 3 oor fooer meeneeuns, Feraeta's Saecreeffeece-a instuntly rechaerges.;1;5;22;4;0;10;2;60;0;15;0;0;0;0;0;
91;Vell ooff Pooer;Brunnen der Kraft;Ileete-a Vell Spell. Ixplueet neaerest curpse-a oor saecreeffeece-a 66% heaelt tu creaete-a a Vell ooff Pooer aet thaet lucaeshun. Fur 10..30 secunds, aelleees veetheen zee aerea ooff Vell ooff Pooer gaeeen +1..6 Heaelt regeneraeshun und +2 Inergy regeneraeshun.;1;4;28;4;0;5;1;10;0;0;1;0;0;0;0;
92;Vell ooff Bluud;Brunnen des Blutes;Vell Spell. Ixplueet neaerest curpse-a oor saecreeffeece-a 66% heaelt tu creaete-a a Vell ooff Bluud aet its lucaeshun. Fur 8..20 secunds, aelleees in thaet aerea receeefe-a +1..6 Heaelt regeneraeshun.;0;4;28;4;0;10;1;2;0;0;0;0;0;0;0;
93;Vell ooff Sooffffereeng;Brunnen des Leidens;Vell Spell. Ixplueet neaerest curpse-a oor saecreeffeece-a 66% heaelt tu creaete-a a Vell ooff Sooffffereeng aet its lucaeshun. Fur 10..30 secunds, fues in thaet aerea sooffffer -1..6 Heaelt degeneraeshun.;1;5;28;4;0;10;1;10;0;0;0;0;0;0;0;
94;Vell ooff zee Pruffune-a;Gottloser Brunnen;Vell Spell. Ixplueet neaerest curpse-a oor saecreeffeece-a 66% heaelt tu creaete-a a Vell ooff zee Pruffune-a aet its lucaeshun. Fur 8..20 secunds, fues in thaet aerea aere-a streepped ooff aell inchuntments und cunnut be-a zee taerget ooff foorzeer inchuntments. (50% faeeeloore-a chunce-a veet Deaet Maegeec 4 oor less.);0;5;28;4;0;25;3;10;0;0;0;0;0;0;0;
95;Pootreed Ixpluseeun;Explosion der Verwesung;Spell. Zee curpse-a neaerest yuoor taerget ixpludes, sendeeng oooot a shuckvaefe-a thaet deaels 24..120 daemaege-a tu neaerby fues.;0;5;22;4;0;10;1;5;0;0;0;0;0;0;0;
96;Suool Feaest;Seelenschmaus;Spell. Ixplueet neaerest curpse-a tu gaeeen 50..280 Heaelt.;0;5;22;4;0;10;1;0;0;0;0;0;0;0;0;
97;Necruteec Traefersael;Nekrotische Verwechslung;Spell. Ixplueet a rundum curpse-a oor saecreeffeece-a 30..20% heaelt tu telepurt tu taerget fue-a's lucaeshun. Yuoo becume-a Deeseaesed fur 6 secunds und aell neaerby fues becume-a Pueesuned fur 5..20 secunds.;1;5;22;4;0;5;.75;0;0;0;0;0;0;0;0;
98;Cunsoome-a Curpse-a;Kadaver verzehren;Spell. Ixplueet a rundum taerget. Yuoo telepurt tu thaet curpse-a's lucaeshun und gaeeen 25..100 Heaelt und 5..20 Inergy.;1;5;22;4;0;5;1;0;0;0;0;0;0;0;0;
99;Paeraeseeteec Bund;Parasitäre Fesseln;Hex Spell. Fur 20 secunds, taerget fue-a sooffffers -1 Heaelt degeneraeshun. Zee caester is heaeled fur 30..120 vhee Paeraeseeteec Bund inds.;0;7;24;4;0;5;1;2;0;0;0;0;0;0;0;
100;Suool Baerbs;Seelenwiderhaken;Hex Spell. Fur 30 secunds, taerget fue-a taekes 15..30 daemaege-a vhee un inchuntment oor hex is caest oon thaet taerget. Bork! Bork! Bork!;1;7;24;4;0;10;2;10;0;0;0;0;0;0;0;
101;Baerbs;Widerhaken;Hex Spell. Fur 30 secunds, taerget fue-a taekes 4..16 mure-a daemaege-a vhee heet by physeecael daemaege-a.;0;7;24;4;0;10;1;5;0;0;0;0;0;0;0;
102;Shaedoo Streeke-a;Schattenschlag;Spell. Taerget fue-a taekes 12..48 shaedoo daemaege-a. Iff thaet fue-a's Heaelt is aebufe-a 50%, yuoo steael up tu 12..48 Heaelt.;1;4;22;4;0;10;2;15;0;0;0;0;0;0;0;
103;Preece-a ooff Faeeeloore-a;Preis des Versagens;Hex Spell. Fur 30 secunds, taerget fue-a haes a 25% chunce-a tu meess veet aettaecks und taekes 1..46 daemaege-a vhenefer thaet fue-a faeeels tu heet in cumbaet.;1;7;24;4;0;15;2;20;0;0;0;0;0;0;0;
104;Deaet Nufa;Todesnova;Inchuntment Spell. Fur 30 secunds, iff taerget aelly deees, aell aedjaecent fues taeke-a 26..100 daemaege-a und aere-a Pueesuned fur 15 secunds. Bork! Bork! Bork!;0;5;23;4;0;5;2;0;0;0;0;0;0;0;0;
105;Deaethly Svaerm;Tödlicher Schwarm;Spell. Deaethly Svaerm fleees oooot slooly und streekes fur 30..90 culd daemaege-a oon up tu three-a taergets in zee aerea. Bork! Bork! Bork!;0;5;22;4;0;10;2;6;0;0;0;0;0;0;0;
106;Rutteeng Flesh;Verrottendes Fleisch;Spell. Taerget fleshy fue-a becumes Deeseaesed fur 10..25 secunds, slooly luseeng Heaelt.;0;5;22;4;0;15;3;3;0;0;0;0;0;0;0;
107;Furoolence-a;Ansteckung;Ileete-a Spell. Iff taerget fue-a vaes aelreaedy sooffffereeng frum a cundeeshun, thaet fue-a sooffffers frum Deeseaese-a, Pueesun, und Veaekness fur 3..15 secunds.;1;5;22;4;0;5;1;15;0;0;1;0;0;0;0;
108;Sooffffereeng;Leiden;Hex Spell. Fur 6..30 secunds, taerget fue-a und aell neaerby fues sooffffer -0..3 Heaelt degeneraeshun.;0;7;24;4;0;15;1;10;0;0;0;0;0;0;0;
109;Leeffe-a Seephun;Leben abzapfen;Hex Spell. Fur 12..24 secunds, taerget fue-a sooffffers -1..3 Heaelt degeneraeshun, und yuoo gaeeen +1..3 Heaelt regeneraeshun.;0;4;24;4;0;10;1;5;0;0;0;0;0;0;0;
110;Unhuly Feaest (PfP);Unheiliger Schmaus (PvP);Spell. Steael up tu 10..65 Heaelt frum up tu 1..4 fues in zee aerea.;0;4;22;4;0;15;.75;20;0;0;0;0;0;0;0;
111;Aevaekee zee Bluud;Das Blut erwecken;Inchuntment Spell. Fur 20..44 secunds, yuoo gaeeen +2 Bluud Maegeec und +2 Coorses, boot vhenefer yuoo saecreeffeece-a Heaelt, yuoo saecreeffeece-a 50% mure-a thun zee nurmael aemuoont.;1;4;23;4;0;10;1;45;0;0;0;0;0;0;0;
112;Desecraete-a Inchuntments;Verzauberungsschändung;Spell. Taerget fue-a und aell neaerby fues taeke-a 6..60 shaedoo daemaege-a und 4..20 shaedoo daemaege-a fur iaech inchuntment oon zeem.;1;7;22;4;0;10;2;15;0;0;0;0;0;0;0;
113;Taeeented Flesh;Verdorbenes Fleisch;Ileete-a Inchuntment Spell. Fur 20..44 secunds, aelleees in zee aerea aere-a immoone-a tu deeseaese-a, und unyune-a streekeeng thuse-a aelleees in melee-a becumes Deeseaesed fur 3..15 secunds.;0;5;23;4;0;5;1;0;0;0;1;0;0;0;0;
114;Oora ooff zee Leech;Aura des Lich;Ileete-a Inchuntment Spell. Aell curpses veetheen iaershut aere-a ixplueeted und yuoo uneemaete-a a lefel 1..17 bune-a hurrur ploos oone-a fur iaech curpse-a ixplueeted in thees vaey. Fur 5..45 secunds, yuoor Deaet Maegeec aettreeboote-a is increaesed by +1.;1;5;23;4;0;15;2;45;0;0;1;0;0;0;0;
115;Bluud Renooael;Bluterneuerung;Inchuntment Spell. Fur 7 secunds, yuoo gaeeen +3..6 Heaelt regeneraeshun. Vhee Bluud Renooael inds, yuoo gaeeen 40..190 Heaelt.;1;4;23;4;0;1;1;7;0;15;0;0;0;0;0;
116;Daerk Oora;Dunkle Aura;Inchuntment Spell. Fur 30 secunds, vhenefer taerget aelly saecreeffeeces Heaelt, Daerk Oora deaels 5..50 shaedoo daemaege-a tu aedjaecent fues, und yuoo luse-a 5..20 Heaelt.;0;5;23;4;0;10;1;10;0;0;0;0;0;0;0;
117;Inffeeble-a (PfP);Schwächen (PvP);Spell. Taerget sooffffers frum Veaekness fur 10..30 secunds.;1;7;22;4;0;5;.25;10;0;0;0;0;0;0;0;
118;Inffeebleeng Bluud (PfP);Schwächendes Blut (PvP);Spell. Taerget fue-a und aell neaerby fues sooffffer frum Veaekness fur 1..16 secunds. Bork! Bork! Bork!;0;7;22;4;0;1;1;8;0;17;0;0;0;0;0;
119;Bluud is Pooer;Blut ist Kraft;Ileete-a Inchuntment Spell. Fur 10 secunds, taerget oozeer aelly gaeeens +3..6 Inergy regeneraeshun.;0;4;23;4;0;1;.25;0;0;33;1;0;0;0;0;
120;Bluud ooff zee Maester;Blut des Meisters;Spell. Aell ooff yuoor undeaed aelleees aere-a heaeled fur 30..116 Heaelt. Yuoo saecreeffeece-a un aeddeeshunael 2% maexeemoom Heaelt per meeneeun heaeled in thees vaey.;0;5;22;4;0;5;1;2;0;5;0;0;0;0;0;
121;Speeteffool Spureet;Boshafter Geist;Ileete-a Hex Spell. Fur 10..25 secunds, vhenefer taerget fue-a aettaecks oor uses a skeell, Speeteffool Spureet deaels 15..45 shaedoo daemaege-a tu thaet fue-a und aell aedjaecent aelleees ooff thaet fue-a.;1;7;24;4;0;15;2;10;0;0;1;0;0;0;0;
122;Maeleegn Interfenshun;Unheilvoller Eingriff;Hex Spell. Fur 5..20 secunds, taerget fue-a receeefes 20% less beneffeet frum heaeleeng. Iff taerget fue-a deees vheele-a hexed veet Maeleegn Interfenshun, a lefel 1..17 maesterless bune-a hurrur is soommuned.;1;5;24;4;0;10;1;5;0;0;0;0;0;0;0;
123;Inseedeeuoos Paeraeseete-a;Heimtückischer Parasit;Hex Spell. Fur 5..15 secunds, vhenefer taerget fue-a heets veet un aettaeck, yuoo steael up tu 15..45 Heaelt frum thaet fue-a.;1;7;24;4;0;10;1;8;0;0;0;0;0;0;0;
124;Speenael Sheefers;Rückenschauer;Hex Spell. Fur 10..40 secunds, vhenefer taerget fue-a is stroock fur culd daemaege-a vheele-a useeng a skeell, thaet fue-a is interroopted, und yuoo luse-a 8..3 Inergy oor Speenael Sheefers inds.;1;7;24;4;0;10;2;15;0;0;0;0;0;0;0;
125;Veezeer;Verwelken;Ileete-a Hex Spell. Fur 5..35 secunds, taerget fue-a sooffffers -2..4 Heaelt degeneraeshun und -1 Inergy degeneraeshun. Iff taerget fue-a's Inergy reaeches 0, thaet fue-a taekes 15..75 daemaege-a und Veezeer inds.;1;7;24;4;0;10;1;5;0;0;1;0;0;0;0;
126;Leeffe-a Trunsffer;Lebensübertragung;Ileete-a Hex Spell. Fur 6..12 secunds, taerget fue-a und aedjaecent fues sooffffer -3..8 Heaelt degeneraeshun, vheech yuoo gaeeen aes Heaelt regeneraeshun.;1;4;24;4;0;5;1;20;0;0;1;0;0;0;0;
127;Maerk ooff Soobferseeun;Zeichen der Subversion;Hex Spell. Fur 6 secunds, zee next teeme-a taerget fue-a caests a spell thaet taergets un aelly ooff thaet fue-a, zee spell faeeels und yuoo steael up tu 10..92 Heaelt frum thaet fue-a.;1;4;24;4;0;10;2;30;0;0;0;0;0;0;0;
128;Suool Leech;Seelenfresser;Ileete-a Hex Spell. Fur 10 secunds, vhenefer taerget fue-a caests a spell, yuoo steael up tu 16..80 Heaelt frum thaet fue-a. Bork! Bork! Bork!;1;4;24;4;0;15;1;7;0;0;1;0;0;0;0;
129;Deffeele-a Flesh;Fleisch schänden;Hex Spell. Fur 5..35 secunds, taerget fue-a gaeeens oonly tvu-thurds Heaelt frum heaeleeng. Bork! Bork! Bork!;0;7;24;4;0;10;1;10;0;10;0;0;0;0;0;
130;Demuneec Flesh;Dämonenfleisch;Inchuntment Spell. Fur 30..60 secunds, vhenefer yuoo use-a a skeell thaet taergets a fue-a, yuoo deael 5..20 shaedoo daemaege-a tu aell oozeer fues aedjaecent tu yuoo.;0;4;23;4;0;5;1;30;0;0;0;0;0;0;0;
131;Baerbed Seegnet;Siegel der Widerhaken;Seegnet. Yuoo inffleect Bleedeeng fur 3..15 secunds oon taerget fue-a und aell aedjaecent fues.;0;4;21;4;0;0;1;10;0;8;0;0;0;0;0;
132;Plaegooe-a Seegnet;Pest-Siegel;Ileete-a Seegnet. Trunsffer aell negaeteefe-a cundeeshuns veet 100..200% ooff zeeur remaeeeneeng dooraeshuns frum yuoorselff tu taerget fue-a. (50% faeeeloore-a chunce-a veet Coorses 4 oor less.);0;7;21;4;0;0;1;4;0;0;1;0;0;0;0;
133;Daerk Paect;Dunkler Pakt;Spell. Deael 20..60 shaedoo daemaege-a tu taerget fue-a.;0;4;22;4;0;1;1;2;0;10;0;0;0;0;0;
134;Oorder ooff Paeeen;Orden der Schmerzen;Inchuntment Spell. Fur 5 secunds, vhenefer a paerty member heets a fue-a veet physeecael daemaege-a, thaet paerty member dues +3..16 daemaege-a.;0;4;23;4;0;10;2;0;0;17;0;0;0;0;0;
135;Faeeenzeeaertedness;Mutlosigkeit;Hex Spell. Fur zee next 4..18 secunds, taerget fue-a aettaecks 50% slooer, und thaet fue-a sooffffers -1..3 Heaelt degeneraeshun.;0;7;24;4;0;10;1;8;0;0;0;0;0;0;0;
136;Shaedoo ooff Feaer;Schatten der Angst;Hex Spell. Taerget fue-a und aell aedjaecent fues aettaeck 50% slooer fur zee next 5..30 secunds.;1;7;24;4;0;10;2;5;0;0;0;0;0;0;0;
137;Reegur Murtees;Totenstarre;Hex Spell. Fur 8..20 secunds, taerget fue-a cunnut bluck.;0;7;24;4;0;10;1;20;0;0;0;0;0;0;0;
138;Daerk Bund;Dunkles Band;Inchuntment Spell. Fur zee next 30..60 secunds, vhenefer yuoo receeefe-a daemaege-a, yuoor clusest meeneeun sooffffers 75% ooff thaet daemaege-a fur yuoo.;0;4;23;4;0;5;2;20;0;0;0;0;0;0;0;
139;Inffoose-a Cundeeshun;Zustand einflößen;Inchuntment Spell. Fur zee next 15..60 secunds, vhenefer yuoo receeefe-a a cundeeshun, thaet cundeeshun is trunsfferred tu yuoor clusest meeneeun insteaed.;1;5;23;4;0;5;1;20;0;0;0;0;0;0;0;
140;Maelaeeese-a;Unwohlsein;Hex Spell. Fur 5..35 secunds, taerget fue-a sooffffers -1 Inergy degeneraeshun und yuoo sooffffer -1 Heaelt degeneraeshun. Iff taerget fue-a's Inergy reaeches 0, thaet fue-a taekes 5..50 daemaege-a und Maelaeeese-a inds. Bork! Bork! Bork!;1;7;24;4;0;5;2;2;0;0;0;0;0;0;0;
141;Rend Inchuntments;Verzauberungen entreißen;Spell. Remufe-a 5..9 inchuntments frum taerget fue-a. Fur iaech Munk inchuntment remufed, yuoo luse-a 55..25 Heaelt.;0;7;22;4;0;5;2;20;0;0;0;0;0;0;0;
142;Leengereeng Coorse-a;Bleibender Fluch;Ileete-a Hex Spell. Fur 6..30 secunds, taerget fue-a und aell neaerby fues sooffffer -1..4 Heaelt degeneraeshun, und receeefe-a 25% less beneffeet frum heaeleeng.;0;7;24;4;0;15;1;10;0;0;1;0;0;0;0;
143;Streep Inchuntment;Verzauberung rauben;Spell. Remufe-a 0..2 inchuntments frum taerget fue-a. Iff un inchuntment is remufed, yuoo steael 5..65 Heaelt.;0;4;22;4;0;10;1;20;0;0;0;0;0;0;0;
144;Cheelblaeeens;Frostbeulen;Spell. Yuoo becume-a Pueesuned fur 10 secunds. Fues in zee aerea ooff yuoor taerget aere-a stroock fur 10..44 culd daemaege-a und luse-a 1..2 inchuntments.;0;7;22;4;0;25;2;8;0;0;0;0;0;0;0;
145;Seegnet ooff Aeguny (PfP);Siegel der Qual (PvP);Seegnet. Yuoo sooffffer frum Bleedeeng fur 25 secunds. Aell neaerby fues taeke-a 10..70 daemaege-a.;0;4;21;4;0;0;.75;20;0;10;0;0;0;0;0;
146;Ooffffereeng ooff Bluud;Blutopfer;Ileete-a Spell. Yuoo gaeeen 8..20 Inergy.;1;4;22;4;0;1;.25;15;0;20;1;0;0;0;0;
147;Daerk Foory;Dunkle Wut;Inchuntment Spell. Fur 5 secunds, vhenefer uny paerty member heets veet un aettaeck, thaet paerty member gaeeens oone-a heet ooff aedrenaeleene-a. (50% faeeeloore-a chunce-a veet Bluud Maegeec ooff 4 oor less.);1;4;23;4;0;10;.75;5;0;17;0;0;0;0;0;
148;Oorder ooff zee Faempure-a;Orden des Vampirs;Ileete-a Inchuntment Spell. Fur 5 secunds, vhenefer a paerty member vhu is nut under zee iffffects ooff unuzeer Necrumuncer inchuntment heets a fue-a veet physeecael daemaege-a, thaet paerty member steaels up tu 3..16 Heaelt.;1;4;23;4;0;5;2;5;0;17;1;0;0;0;0;
149;Plaegooe-a Sendeeng;Pest aussenden;Spell. Trunsffer 1..3 negaeteefe-a cundeeshuns und their remaeeeneeng dooraeshuns frum yuoorselff tu taerget fue-a und aell aedjaecent fues.;1;7;22;4;0;1;1;5;0;10;0;0;0;0;0;
150;Maerk ooff Paeeen;Zeichen des Schmerzes;Hex Spell. Fur 30 secunds, vhenefer taerget fue-a taekes physeecael daemaege-a, Maerk ooff Paeeen deaels 10..40 shaedoo daemaege-a tu aedjaecent fues.;0;7;24;4;0;10;1;20;0;0;0;0;0;0;0;
151;Feaest ooff Curroopshun;Schmaus der Verdorbenheit;Ileete-a Spell. Taerget fue-a und aell aedjaecent fues aere-a stroock fur 16..80 shaedoo daemaege-a. Yuoo steael up tu 8..40 Heaelt frum iaech stroock fue-a vhu is sooffffereeng frum a hex.;1;7;22;4;0;15;2;15;0;0;1;0;0;0;0;
152;Taeste-a ooff Deaet;Geschmack des Todes;Spell. Steael up tu 100..400 Heaelt frum taerget uneemaeted undeaed aelly.;0;5;22;4;0;5;.25;0;0;0;0;0;0;0;0;
153;Faempureec Gaeze-a;Vampir-Starren;Spell. Steael up tu 18..60 Heaelt frum taerget fue-a.;0;4;22;4;0;10;1;8;0;0;0;0;0;0;0;
154;Plaegooe-a Tuooch;Pest-Berührung;Skeell. Trunsffer 1..3 negaeteefe-a cundeeshuns und their remaeeeneeng dooraeshuns frum yuoorselff tu taerget tuooched fue-a.;0;7;1;4;0;5;.75;0;0;0;0;0;0;0;0;
155;Feele-a Tuooch;Abscheuliche Berührung;Skeell. Tuooch taerget fue-a tu deael 20..65 daemaege-a.;0;5;1;4;0;10;.75;2;0;0;0;0;0;0;0;
156;Faempureec Tuooch;Vampir-Berührung;Skeell. Tuooch taerget fue-a tu steael up tu 29..74 Heaelt.;1;4;1;4;0;15;.75;2;0;0;0;0;0;0;0;
157;Bluud Reetooael;Blutritual;Inchuntment Spell. Fur 8..14 secunds, taerget tuooched aelly gaeeens +3 Inergy regeneraeshun. Bluud Reetooael cunnut be-a used oon zee caester.;1;4;23;4;0;5;1;2;0;17;0;0;0;0;0;
158;Tuooch ooff Aeguny;Berührung der Qual;Skeell. Taerget tuooched fue-a taekes 20..58 shaedoo daemaege-a.;1;4;1;4;0;1;.75;3;0;10;0;0;0;0;0;
159;Veaekee Aermur;Rüstung schwächen;Spell. Taerget fue-a und fues aedjaecent tu yuoor taerget haefe-a Craecked Aermur fur 5..20 secunds.;0;7;22;4;0;5;.5;5;0;0;0;0;0;0;0;
160;Veendburne-a Speed;Windgeschwindigkeit;Inchuntment Spell. Fur 5..13 secunds, taerget aelly mufes 33% faester.;1;8;23;6;0;10;.75;5;0;0;0;0;0;0;0;
162;Gaele-a;Orkan;Spell. Knuck doon taerget fue-a fur 2 secunds. (50% faeeeloore-a chunce-a veet Aeur Maegeec 4 oor less.);0;8;22;6;0;10;1;5;0;0;0;0;10;0;0;
163;Vhurlveend;Wirbelsturm;Spell. Aell aedjaecent fues taeke-a 15..75 culd daemaege-a. Aettaeckeeng fues stroock by Vhurlveend aere-a knucked doon. Iff yuoo aere-a Oofercaest, thees spell streekes neaerby insteaed ooff aedjaecent.;1;8;22;6;0;5;.75;8;0;0;0;0;0;0;0;
164;Ilementael Aettoonement;Elementareinstimmung;Ileete-a Inchuntment Spell. Fur 25..60 secunds, yuoo aere-a aettooned tu Aeur, Fure-a, Vaeter, und Iaert und gaeeen +1..2 tu zeese-a aettreebootes. Yuoo gaeeen 1 Inergy ploos 50% ooff zee baese-a Inergy cust ooff zee skeell iaech teeme-a yuoo use-a maegeec aessuceeaeted veet uny ooff zeese-a ilements.;0;12;23;6;0;10;1;20;0;0;1;0;0;0;0;
165;Aermur ooff Iaert;Erdrüstung;Inchuntment Spell. Fur 30 secunds, yuoo gaeeen 24..60 aermur, boot mufe-a 50..14% slooer. Bork! Bork! Bork!;0;9;23;6;0;10;.75;15;0;0;0;0;0;0;0;
166;Keeneteec Aermur;Kinetik-Rüstung;Inchuntment Spell. Fur 12 secunds, yuoo gaeeen +20..80 aermur. Vhenefer yuoo caest a spell, Keeneteec Aermur is renooed fur 12 secunds.;1;9;23;6;0;15;3;30;0;0;0;0;0;0;0;
167;Iroopshun;Eruption;Spell. Coose-a un Iroopshun aet taerget fue-a's lucaeshun. Iaech secund fur 5 secunds, fues neaer thees lucaeshun aere-a stroock fur 10..40 iaert daemaege-a und aere-a Bleended fur 10 secunds.;1;9;22;6;0;25;2;30;0;0;0;0;0;0;0;
168;Maegneteec Oora;Magnet-Aura;Inchuntment Spell. Fur 1..8 secunds, yuoo bluck zee next aettaeck aegaeeenst yuoo und deael 10..50 daemaege-a tu yuoor aettaecker. Iff yuoo aere-a Oofercaest, aell paerty members in iaershut aere-a aelsu inchunted.;1;9;23;6;0;10;1;12;0;0;0;0;0;0;0;
169;Iaert Aettoonement;Erdeinstimmung;Inchuntment Spell. Fur 36..60 secunds, yuoo aere-a aettooned tu Iaert. Yuoo gaeeen 1 Inergy ploos 30% ooff zee baese-a Inergy cust ooff zee skeell iaech teeme-a yuoo use-a Iaert Maegeec.;0;9;23;6;0;10;1;30;0;0;0;0;0;0;0;
170;Iaerthqooaeke-a;Erdbeben;Spell. Yuoo infuke-a un Iaerthqooaeke-a aet taerget fue-a's lucaeshun. Aell fues neaer thees lucaeshun aere-a knucked doon und aere-a stroock fur 26..100 iaert daemaege-a.;1;9;22;6;0;25;3;15;0;0;0;0;10;0;0;
171;Stuneeng;Steinigung;Spell. Send oooot a laerge-a stune-a, streekeeng taerget fue-a fur 45..105 iaert daemaege-a iff it heets. Iff Stuneeng heets a fue-a sooffffereeng frum Veaekness, thaet fue-a is knucked doon.;0;9;22;6;0;15;1;5;0;0;0;0;0;0;0;
172;Stune-a Daeggers;Steindolche;Spell. Send oooot tvu Stune-a Daeggers. Iaech Stune-a Daegger streekes taerget fue-a fur 8..33 iaert daemaege-a iff it heets. Iff yuoo aere-a Oofercaest, iaech prujecteele-a inffleects Bleedeeng fur 1..5 secunds.;0;9;22;6;0;5;1;0;0;0;0;0;0;0;0;
173;Graespeeng Iaert;Zupackende Erde;Hex Spell. Fur 5..20 secunds, aell neaerby fues mufe-a 50% slooer.;1;9;24;6;0;10;.75;12;0;0;0;0;0;0;0;
174;Aefftershuck;Nachbeben;Spell. Neaerby fues aere-a stroock fur 15..85 iaert daemaege-a. Knucked doon fues aere-a stroock fur 15..85 aeddeeshunael iaert daemaege-a.;0;9;22;6;0;10;.75;10;0;0;0;0;0;0;0;
175;Vaerd Aegaeeenst Ilements;Abwehr gegen Elemente;Vaerd Spell. Yuoo creaete-a a Vaerd Aegaeeenst Ilements aet yuoor coorrent lucaeshun. Fur 8..20 secunds, nun-spureet aelleees in thees aerea gaeeen +24 aermur aegaeeenst ilementael daemaege-a.;1;9;26;6;0;10;1;20;0;0;0;0;0;0;0;
176;Vaerd Aegaeeenst Melee-a;Abwehr gegen Nahkampf;Vaerd Spell. Yuoo creaete-a a Vaerd Aegaeeenst Melee-a aet yuoor coorrent lucaeshun. Fur 5..20 secunds, nun-spureet aelleees in thees aerea haefe-a a 50% chunce-a tu bluck melee-a aettaecks.;0;9;26;6;0;15;1;30;0;0;0;0;0;0;0;
177;Vaerd Aegaeeenst Fues;Abwehr gegen Feinde;Vaerd Spell. Yuoo creaete-a a Vaerd Aegaeeenst Fues aet yuoor coorrent lucaeshun. Fur 8..20 secunds, nun-spureet fues in thees aerea mufe-a 50% slooer.;0;9;26;6;0;15;1;20;0;0;0;0;0;0;0;
178;Izeer Prudeegy;Ätherwunder;Ileete-a Inchuntment Spell. Luse-a aell inchuntments. Fur 8..20 secunds, yuoo gaeeen +6 Inergy regeneraeshun. Vhee Izeer Prudeegy inds, yuoo luse-a 2 Heaelt fur iaech pueent ooff Inergy yuoo haefe-a.;1;12;23;6;0;5;1;5;0;0;1;0;10;0;0;
179;Incendeeaery Bunds;Brandbänder;Hex Spell. Aeffter 3 secunds, taerget fue-a und aell neaerby fues aere-a stroock fur 20..80 fure-a daemaege-a und aere-a set oon fure-a fur 1..3 secunds. Aecteefaetes iaerly iff taerget fue-a deees.;1;10;24;6;0;10;1;7;0;0;0;0;5;0;0;
180;Oora ooff Resturaeshun (PfP);Aura der Wiederherstellung (PvP);Inchuntment Spell. Fur 60 secunds, yuoo gaeeen 0..1 Inergy und aere-a heaeled fur 200..400% ooff zee Inergy cust iaech teeme-a yuoo caest a spell. Bork! Bork! Bork!;0;12;23;6;0;5;.25;20;0;0;0;0;0;0;0;
181;Izeer Renooael (PfP);Äthererneuerung (PvP);Ileete-a Inchuntment Spell. Fur 10 secunds, iaech teeme-a yuoo caest a spell, yuoo gaeeen 1..3 Inergy und 5..20 Heaelt fur iaech inchuntment oon yuoo.;1;12;23;6;0;10;1;30;0;0;1;0;0;0;0;
182;Cunjoore-a Flaeme-a;Flammenbeschwörung;Inchuntment Spell. Fur 60 secunds, iff yuoo're-a veeeldeeng a fure-a veaepun, yuoor aettaecks streeke-a fur un aeddeeshunael 5..20 fure-a daemaege-a.;0;10;23;6;0;10;1;30;0;0;0;0;0;0;0;
183;Inffernu;Inferno;Spell. Aell aedjaecent fues aere-a stroock fur 30..135 fure-a daemaege-a.;0;10;22;6;0;10;.75;10;0;0;0;0;0;0;0;
184;Fure-a Aettoonement;Feuereinstimmung;Inchuntment Spell. Fur 36..60 secunds, yuoo aere-a aettooned tu Fure-a. Yuoo gaeeen 1 Inergy ploos 30% ooff zee baese-a Inergy cust ooff zee skeell iaech teeme-a yuoo use-a Fure-a Maegeec.;0;10;23;6;0;10;1;30;0;0;0;0;0;0;0;
185;Meend Boorn;Geistige Verbrennung;Ileete-a Spell. Taerget fue-a und aell aedjaecent fues taeke-a 15..60 fure-a daemaege-a. Iff yuoo haefe-a mure-a Inergy thun taerget fue-a, thaet fue-a und aell aedjaecent fues taeke-a un aeddeeshunael 15..60 fure-a daemaege-a und aere-a set oon fure-a fur 1..10 secunds.;0;10;22;6;0;5;1;5;0;0;1;0;5;0;0;
186;Furebaell;Feuerball;Spell. Send oooot a baell ooff fure-a thaet streekes taerget fue-a und aell neaerby fues fur 7..112 fure-a daemaege-a.;0;10;22;6;0;10;1.5;7;0;0;0;0;0;0;0;
187;Meteur;Meteor;Spell. Taerget fue-a und aell aedjaecent fues aere-a stroock fur 7..112 fure-a daemaege-a und knucked doon. Bork! Bork! Bork!;0;10;22;6;0;5;2;30;0;0;0;0;10;0;0;
188;Flaeme-a Boorst;Flammenstoß;Spell. Aell neaerby fues aere-a stroock fur 15..120 fure-a daemaege-a.;1;10;22;6;0;15;.75;5;0;0;0;0;0;0;0;
189;Rudgurt's Infucaeshun;Anrufung von Rodgort;Spell. Taerget fue-a und aell neaerby fues aere-a stroock fur 15..120 fure-a daemaege-a und set oon fure-a fur 1..3 secunds.;1;10;22;6;0;25;2;8;0;0;0;0;0;0;0;
190;Maerk ooff Rudgurt;Zeichen des Rodgort;Hex Spell. Taerget fue-a und aell neaerby fues aere-a hexed veet Maerk ooff Rudgurt. Fur 10..35 secunds, vhenefer iaech fue-a is stroock fur fure-a daemaege-a, thaet fue-a is set oon fure-a fur 1..4 secunds.;1;10;24;6;0;15;1;15;0;0;0;0;0;0;0;
191;Immulaete-a;Feueropfer;Spell. Taerget fue-a is stroock fur 20..75 fure-a daemaege-a und is set oon fure-a fur 1..3 secunds.;0;10;22;6;0;10;1;5;0;0;0;0;0;0;0;
192;Meteur Shooer;Meteorschauer;Spell. Creaete-a a Meteur Shooer aet taerget fue-a's lucaeshun. Fur 9 secunds, fues aedjaecent tu thaet lucaeshun aere-a stroock fur 7..112 fure-a daemaege-a und knucked doon ifery 3 secunds.;1;10;22;6;0;25;5;60;0;0;0;0;10;0;0;
193;Phueneex;Phönix;Spell. A feeery Phueneex reeses aet yuoor lucaeshun und fleees oooot tu yuoor taerget, ixpludeeng oon impaect. Thees ixpluseeun streekes yuoor taerget und neaerby fues fur 10..60 fure-a daemaege-a. Iff yuoo aere-a Oofercaest, aelleees in zee blaest raedeeoos aere-a heaeled fur 20..80 Heaelt. Bork! Bork! Bork!;1;10;22;6;0;10;1.5;7;0;0;0;0;0;0;0;
194;Flaere-a;Feuergeschoss;Spell. Send oooot a flaere-a thaet streekes taerget fue-a fur 20..65 fure-a daemaege-a iff it heets. Iff yuoo aere-a Oofercaest, Flaere-a heets aedjaecent fues aes vell.;0;10;22;6;0;5;1;0;0;0;0;0;0;0;0;
195;Laefa Funt;Lavabecken;Spell. Fur 5 secunds, fues aedjaecent tu zee lucaeshun vhere-a thees spell vaes caest aere-a stroock fur 5..50 fure-a daemaege-a iaech secund. Iff yuoo aere-a Oofercaest, thees spell streekes neaerby fues insteaed ooff aedjaecent oones.;1;10;22;6;0;10;1.5;4;0;0;0;0;0;0;0;
196;Seaereeng Heaet;Sengende Hitze;Spell. Coose-a Seaereeng Heaet aet taerget fue-a's lucaeshun. Fur 5 secunds, fues neaer thees lucaeshun aere-a stroock fur 10..40 fure-a daemaege-a iaech secund. Vhee Seaereeng Heaet inds, fues in zee aerea ooff iffffect aere-a set oon fure-a fur 3 secunds.;1;10;22;6;0;15;2;25;0;0;0;0;0;0;0;
197;Fure-a Sturm;Feuersturm;Spell. Creaete-a a Fure-a Sturm aet taerget fue-a's lucaeshun. Fur 10 secunds, fues aedjaecent tu thaet lucaeshun aere-a stroock fur 5..35 fure-a daemaege-a iaech secund.;0;10;22;6;0;10;2;20;0;0;0;0;0;0;0;
198;Glyph ooff Ilementael Pooer;Glyphe der Elementarkraft;Glyph. Fur 25 secunds, yuoor ilementael aettreebootes aere-a buusted by 2 fur yuoor next 10 spells.;0;-1;16;6;0;5;1;5;0;0;0;0;0;0;0;
199;Glyph ooff Inergy;Glyphe der Energie;Ileete-a Glyph. Yuoor next 1..3 spells do nut coose-a Oofercaest und cost 10..25 less Inergy tu caest. Yuoor ilementael aettreebootes aere-a increaesed by 1..2.;1;12;16;6;0;5;1;25;0;0;1;0;0;0;0;
200;Glyph ooff Lesser Inergy;Glyphe der geringeren Energie;Glyph. Fur zee next 15 secunds, yuoor next 2 spells cust 10..18 less Inergy tu caest.;0;12;16;6;0;5;1;30;0;0;0;0;0;0;0;
201;Glyph ooff Cuncentraeshun;Glyphe der Konzentration;Glyph. Fur 15 secunds, yuoor next 1 spells cunnut be-a interroopted und ignore zee iffffects ooff beeeng Daezed.;1;-1;16;6;0;5;1;10;0;0;0;0;0;0;0;
202;Glyph ooff Saecreeffeece-a;Glyphe der Opferung;Glyph. Fur 15 secunds, yuoor next spell caests instuntly, boot it taekes un aeddeeshunael 30 secunds tu rechaerge-a. Inds premaetoorely iff yuoo use-a a nun-spell skeell.;1;-1;16;6;0;5;1;15;0;0;0;0;0;0;0;
203;Glyph ooff Renooael;Glyphe der Erneuerung;Ileete-a Glyph. Fur 15 secunds, yuoor next spell instuntly rechaerges. Bork! Bork! Bork!;1;-1;16;6;0;5;1;10;0;0;1;0;0;0;0;
204;Roost;Rost;Hex Spell. Deaels 10..85 culd daemaege-a tu taerget und aedjaecent fues. Fur 5..20 secunds, taerget fue-a und aell aedjaecent fues taeke-a tveece-a aes lung tu aecteefaete-a seegnets. Iff yuoo aere-a Oofercaest, fues stroock veet Roost haefe-a zeeur seegnets interroopted und deesaebled fur 1..10 secunds. Bork! Bork! Bork!;0;11;24;6;0;10;1;8;0;0;0;0;0;0;0;
205;Leeghtneeng Soorge-a;Blitzwelle;Ileete-a Hex Spell. Aeffter 3 secunds, taerget fue-a is knucked doon, stroock fur 14..100 leeghtneeng daemaege-a, und haes Craecked Aermur fur 5..20 secunds. Thees spell haes 25% aermur penetraeshun.;0;8;24;6;0;10;1;10;0;0;1;0;0;0;0;
206;Aermur ooff Frust;Frostrüstung;Inchuntment Spell. Fur 10..34 secunds, yuoo gaeeen +40 aermur aegaeeenst physeecael daemaege-a und haefe-a +1 Vaeter Maegeec.;1;11;23;6;0;5;1;20;0;0;0;0;0;0;0;
207;Cunjoore-a Frust;Frost beschwören;Inchuntment Spell. Fur 60 secunds, iff yuoo're-a veeeldeeng a culd veaepun, yuoor aettaecks streeke-a fur un aeddeeshunael 5..20 culd daemaege-a.;0;11;23;6;0;10;1;30;0;0;0;0;0;0;0;
208;Vaeter Aettoonement;Wassereinstimmung;Inchuntment Spell. Fur 36..60 secunds, yuoo aere-a aettooned tu Vaeter. Yuoo gaeeen 1 Inergy ploos 30% ooff zee baese-a Inergy cust ooff zee skeell iaech teeme-a yuoo use-a Vaeter Maegeec.;0;11;23;6;0;10;1;30;0;0;0;0;0;0;0;
209;Meend Freeze-a (PfP);Geistige Erfrierung (PvP);Ileete-a Hex Spell. Taerget fue-a taekes 10..60 culd daemaege-a. Iff yuoo haefe-a mure-a Inergy thun taerget fue-a, thaet fue-a sooffffers un aeddeeshunael 10..60 culd daemaege-a und mufes 90% slooer fur 1..5 secunds. Bork! Bork! Bork!;0;11;24;6;0;10;1;5;0;0;1;0;5;0;0;
210;Ice-a Preesun;Eisgefängnis;Hex Spell. Fur 8..20 secunds, taerget fue-a's legs aere-a incaesed in ice-a, cooseeng zee fue-a tu mufe-a 66% slooer.;1;11;24;6;0;10;2;30;0;0;0;0;0;0;0;
211;Ice-a Speekes;Eisdornen;Hex Spell. Taerget und aedjaecent fues aere-a stroock fur 20..80 culd daemaege-a und mufe-a 66% slooer fur 2..6 secunds.;0;11;24;6;0;15;1.5;10;0;0;0;0;0;0;0;
212;Fruzee Boorst;Frostexplosion;Hex Spell. Aell neaerby fues aere-a stroock fur 10..85 culd daemaege-a und mufe-a 66% slooer fur 3..8 secunds.;1;11;24;6;0;15;.75;8;0;0;0;0;0;0;0;
213;Shaerd Sturm;Scherbensturm;Hex Spell. Send oooot un ice-a shaerd thaet streekes taerget fue-a fur 10..85 culd daemaege-a iff it heets und cooseeng taerget fue-a tu mufe-a 66% slooer fur 2..6 secunds.;1;11;24;6;0;10;1;10;0;0;0;0;0;0;0;
214;Ice-a Speaer;Eisspeer;Inchuntment Spell. Send oooot un Ice-a Speaer, streekeeng taerget fue-a fur 10..60 culd daemaege-a iff it heets. Iff yuoo aere-a Oofercaest, yuoo gaeeen +1..4 Heaelt regeneraeshun fur 5 secunds.;0;11;23;6;0;5;1;0;0;0;0;0;0;0;0;
215;Maeelstrum;Strudel;Spell. Creaete-a a Maeelstrum aet taerget fue-a's lucaeshun. Fur 10 secunds, fues aedjaecent tu thaet aerea aere-a stroock fur 10..25 culd daemaege-a iaech secund. Maeelstrum interroopts spell-caesteeng vhee it heets.;0;11;22;6;0;15;1.5;20;0;0;0;0;10;0;0;
216;Irun Meest;Eisennebel;Inchuntment Spell. Fur 8..15 secunds, yuoo haefe-a +15 aermur. Yuoor Aeur Maegeec spells thaet taerget a fue-a aecteefaete-a und rechaerge-a 33% faester, boot yuoo aere-a Oofercaest by 2 pueents. Bork! Bork! Bork!;1;9;23;6;0;10;1;20;0;0;0;0;0;0;0;
217;Crystael Vaefe-a;Kristallwelle;Spell. Fues aedjaecent tu yuoo aere-a stroock fur 10..70 daemaege-a boot aere-a coored ooff uny negaeteefe-a cundeeshuns. Iaech cundeeshun remufed deaels 5..15 daemaege-a.;1;9;22;6;0;15;.75;15;0;0;0;0;0;0;0;
218;Oobseedeeun Flesh;Obsidianfleisch;Ileete-a Inchuntment Spell. Fur 8..20 secunds, yuoo gaeeen +20 aermur und cunnut be-a zee taerget ooff inemy spells, boot cunnut aettaeck und haefe-a -2 inergy degeneraeshun.;0;9;23;6;0;25;1;30;0;0;1;0;0;0;0;
219;Oobseedeeun Flaeme-a (PfP);Obsidianflamme (PvP);Spell. Deael 22..92 daemaege-a tu taerget fue-a. Thees spell ignures aermur.;0;9;22;6;0;5;1.5;5;0;0;0;0;5;0;0;
220;Bleendeeng Flaesh;Blitzblendung;Spell. Taerget fue-a is Bleended fur 3..8 secunds.;0;8;22;6;0;10;.75;8;0;0;0;0;0;0;0;
221;Cunjoore-a Leeghtneeng;Blitzbeschwörung;Inchuntment Spell. Fur 60 secunds, iff yuoo're-a veeeldeeng a leeghtneeng veaepun, yuoor aettaecks streeke-a fur un aeddeeshunael 5..20 leeghtneeng daemaege-a. Bork! Bork! Bork!;0;8;23;6;0;10;1;30;0;0;0;0;0;0;0;
222;Leeghtneeng Streeke-a;Blitzschlag;Hex Spell. Streeke-a taerget fue-a fur 10..60 leeghtneeng daemaege-a. Thees spell haes 25% aermur penetraeshun. Iff yuoo aere-a Oofercaest, thaet fue-a is hexed veet Leeghtneeng Streeke-a fur 3 secunds. Vhee thees hex inds, thaet fue-a is stroock aegaeeen fur 20..40 leeghtneeng daemaege-a.;0;8;24;6;0;5;1;5;0;0;0;0;0;0;0;
223;Chaeeen Leeghtneeng;Kettenblitz;Spell. Taerget fue-a und up tu tvu oozeer fues neaer yuoor taerget aere-a stroock fur 10..85 leeghtneeng daemaege-a. Thees spell haes 25% aermur penetraeshun.;1;8;22;6;0;10;2;6;0;0;0;0;5;0;0;
224;Inerfaeteeng Chaerge-a;Schwächende Aufladung;Spell. Taerget fue-a is stroock fur 25..50 leeghtneeng daemaege-a und sooffffers frum Veaekness fur 5..20 secunds. Thees spell haes 25% aermur penetraeshun.;0;8;22;6;0;10;1;8;0;0;0;0;0;0;0;
225;Aeur Aettoonement;Lufteinstimmung;Inchuntment Spell. Fur 36..60 secunds, yuoo aere-a aettooned tu Aeur. Yuoo gaeeen 1 Inergy ploos 30% ooff zee baese-a Inergy cust ooff zee skeell vhenefer yuoo use-a Aeur Maegeec.;0;8;23;6;0;10;1;30;0;0;0;0;0;0;0;
226;Meend Shuck (PfP);Geistiger Schock (PvP);Ileete-a Spell. Taerget fue-a sooffffers 10..50 leeghtneeng daemaege-a. Iff yuoo haefe-a mure-a Inergy thun taerget fue-a, thaet fue-a sooffffers 10..50 mure-a leeghtneeng daemaege-a und is knucked doon. Thees spell haes 25% aermur penetraeshun.;1;8;22;6;0;5;1;8;0;0;1;0;10;0;0;
227;Gleemmereeng Maerk;Schimmerndes Zeichen;Ileete-a Hex Spell. Fur 10 secunds, taerget fue-a und aell fues aedjaecent tu yuoor taerget taeke-a 5..25 daemaege-a iaech secund. Fues useeng aettaeck skeells aere-a Bleended fur 3 secunds. Thees hex inds iff yuoo use-a a skeell thaet taergets thees fue-a.;1;8;24;6;0;10;1;15;0;0;1;0;0;0;0;
228;Thoonderclaep;Donnerschlag;Ileete-a Spell. Creaete-a a maesseefe-a shuckvaefe-a aet taerget fue-a's lucaeshun. Deaels 10..50 leeghtneeng daemaege-a tu taerget und aell neaerby fues. Stroock fues aere-a interroopted und sooffffer frum Craecked Aermur und Veaekness fur 5..20 secunds. Thees spell haes 25% aermur penetraeshun.;1;8;22;6;0;10;1;8;0;0;1;0;0;0;0;
229;Leeghtneeng Oorb;Kugelblitz;Spell. Send oooot a Leeghtneeng Oorb thaet streekes taerget fue-a fur 10..100 leeghtneeng daemaege-a. Thees spell haes 25% aermur penetraeshun.;0;8;22;6;0;10;2;5;0;0;0;0;0;0;0;
230;Leeghtneeng Jaefeleen;Blitzspeer;Spell. Send oooot a Leeghtneeng Jaefeleen thaet streekes fur 15..50 leeghtneeng daemaege-a iff it heets. Leeghtneeng Jaefeleen interroopts aettaeckeeng fues. Thees spell haes 25% aermur penetraeshun und streekes aell fues betveee yuoo und yuoor taerget.;1;8;22;6;0;5;1;5;0;0;0;0;0;0;0;
231;Shuck;Schock;Skeell. Taerget tuooched fue-a is knucked doon und stroock fur 10..60 leeghtneeng daemaege-a. Thees skeell haes 25% aermur penetraeshun.;1;8;1;6;0;5;.75;10;0;0;0;0;10;0;0;
232;Leeghtneeng Tuooch;Blitz-Berührung;Skeell. Taerget tuooched fue-a und aell aedjaecent fues aere-a stroock fur 10..60 leeghtneeng daemaege-a, aere-a Bleended fur 1..4 secunds, und haefe-a Craecked Aermur fur 1..10 secunds. Thees skeell haes 25% aermur penetraeshun.;0;8;1;6;0;5;.75;5;0;0;0;0;0;0;0;
233;Svurleeng Oora;Wirbelnde Aura;Inchuntment Spell. Fur 3..7 secunds, yuoo aere-a inchunted veet Svurleeng Oora und haefe-a 1..6 Heaelt regeneraeshun und a 50% chunce-a tu bluck prujecteeles. Iff yuoo aere-a Oofercaest vhee yuoo caest thees spell, aell paerty members in iaershut aere-a aelsu inchunted.;1;11;23;6;0;10;1;15;0;0;0;0;0;0;0;
234;Deep Freeze-a;Tiefgefrieren;Hex Spell. Yuoo coose-a a Deep Freeze-a aet taerget fue-a's lucaeshun. Aell fues in thees aerea aere-a stroock fur 10..85 culd daemaege-a, und fur 10 secunds, zeey mufe-a 66% slooer.;0;11;24;6;0;25;2;15;0;0;0;0;0;0;0;
235;Bloorred Feeseeun;Verschwommene Sicht;Hex Spell. Fur 4..10 secunds, taerget fue-a und aedjaecent fues aere-a hexed veet Bloorred Feeseeun. Vheele-a hexed, thuse-a fues haefe-a a 50% chunce-a tu meess veet aettaecks.;0;11;24;6;0;10;1;12;0;0;0;0;0;0;0;
236;Meest Furm (PfP);Nebelform (PvP);Ileete-a Inchuntment Spell. Fur 10..45 secunds, yuoo taeke-a 33% less daemaege-a frum fues under zee iffffect ooff Vaeter Maegeec hexes. Vhenefer yuoo caest un ilementael spell, aell nun-spureet aelleees in iaershut aere-a heaeled fur 50..250% ooff zee Inergy cust ooff zee spell. Thees spell dues nut heael aelleees aebufe-a 80% Heaelt.;1;11;23;6;0;5;1;20;0;0;1;0;0;0;0;
237;Vaeter Treedent;Wasserdreizack;Ileete-a Spell. Send oooot a faest-mufeeng Vaeter Treedent, streekeeng taerget fue-a und up tu 2 aedjaecent fues fur 10..90 culd daemaege-a iff it heets. Iff it heets a mufeeng fue-a, thaet fue-a is knucked doon.;1;11;22;6;0;5;1;3;0;0;1;0;0;0;0;
238;Aermur ooff Meest;Nebelrüstung;Inchuntment Spell. Fur 8..20 secunds, yuoo gaeeen +10..40 aermur und mufe-a 33% faester.;1;11;23;6;0;10;1;30;0;0;0;0;0;0;0;
239;Vaerd Aegaeeenst Haerm (PfP);Abwehr gegen Schaden (PvP);Ileete-a Vaerd Spell. Creaete-a a Vaerd Aegaeeenst Haerm aet thees lucaeshun. Fur 5..15 secunds, nun-spureet aelleees in thees aerea haefe-a +1..3 Heaelt regeneraeshun, +12..24 aermur, und un aeddeeshunael +12..24 aermur aegaeeenst ilementael daemaege-a. Thees spell is deesaebled fur 30 secunds.;1;11;26;6;0;15;1;20;0;0;1;0;0;0;0;
240;Smeete-a;Peinigung;Spell. Thees aettaeck deaels 10..55 Huly daemaege-a. Iff aettaeckeeng, yuoor taerget taekes un aeddeeshunael 10..35 Huly daemaege-a.;1;14;22;3;0;10;1;10;0;0;0;0;0;0;0;
241;Leeffe-a Bund;Lebensbindung;Inchuntment Spell. Vheele-a yuoo maeeentaeeen thees inchuntment, vhenefer taerget oozeer aelly taekes daemaege-a frum un aettaeck, haelff zee daemaege-a is redurected tu yuoo. Zee daemaege-a yuoo receeefe-a thees vaey is redooced by 3..30.;0;15;23;3;-1;10;2;0;0;0;0;0;0;0;0;
242;Baelthaezaer's Spureet;Balthasars Geist;Inchuntment Spell. Vheele-a yuoo maeeentaeeen thees inchuntment, taerget aelly gaeeens aedrenaeleene-a und Inergy aeffter taekeeng daemaege-a. (Zee aemuoont ooff aedrenaeleene-a gaeeened increaeses dependeeng oon yuoor runk in Smeeteeng Praeyers.);1;14;23;3;-1;10;2;0;0;0;0;0;0;0;0;
243;Strengt ooff Hunur (PfP);Stärke der Ehre (PvP);Inchuntment Spell. Vheele-a yuoo maeeentaeeen thees inchuntment, taerget aelly deaels 1..5 mure-a daemaege-a in melee-a.;0;14;23;3;-1;10;2;15;0;0;0;0;0;0;0;
244;Leeffe-a Aettoonement;Lebenseinstimmung;Inchuntment Spell. Vheele-a yuoo maeeentaeeen thees inchuntment, taerget aelly deaels 30% less daemaege-a veet aettaecks, boot gaeeens 14..50% mure-a Heaelt vhee heaeled.;1;15;23;3;-1;10;2;0;0;0;0;0;0;0;0;
245;Prutecteefe-a Spureet;Schutzgeist;Inchuntment Spell. Fur 5..23 secunds, taerget aelly cunnut luse-a mure-a thun 10% maex Heaelt dooe-a tu daemaege-a frum a seengle-a aettaeck oor spell.;0;15;23;3;0;10;.25;5;0;0;0;0;0;0;0;
246;Deefeene-a Interfenshun;Göttliche Intervention;Inchuntment Spell. Fur 10 secunds, zee next teeme-a taerget aelly receeefes daemaege-a thaet vuoold be-a faetael, zee daemaege-a is negaeted und thaet aelly is heaeled fur 26..240 Heaelt.;0;16;23;3;0;5;.25;30;0;0;0;0;0;0;0;
247;Symbul ooff Vraet;Symbol des Zorns;Spell. Creaete-a a Symbul ooff Vraet aet taerget fue-a's lucaeshun. Fur 5 secunds, aedjaecent fues aere-a stroock fur 10..40 huly daemaege-a iaech secund.;1;14;22;3;0;5;1;20;0;0;0;0;0;0;0;
248;Retreebooshun;Vergeltung;Inchuntment Spell. Vheele-a yuoo maeeentaeeen thees inchuntment, vhenefer taerget aelly taekes aettaeck daemaege-a, thees spell deaels 33% ooff zee daemaege-a baeck tu zee suoorce-a (maexeemoom 5..20 daemaege-a).;0;14;23;3;-1;10;2;0;0;0;0;0;0;0;0;
249;Huly Vraet;Heiliger Zorn;Inchuntment Spell. Fur 10..30 secunds, zee next 1..10 teeme-as taerget oozeer aelly taekes aettaeck daemaege-a, thees spell deaels 66% ooff zee daemaege-a baeck tu zee suoorce-a (maexeemoom 5..50 daemaege-a).;1;14;23;3;0;10;1;10;0;0;0;0;0;0;0;
250;Issence-a Bund;Essenzbindung;Inchuntment Spell. Vheele-a yuoo maeeentaeeen thees inchuntment, vhenefer taerget aelly taekes physeecael oor ilementael daemaege-a, yuoo gaeeen 1 Inergy.;1;-1;23;3;-1;10;2;0;0;0;0;0;0;0;0;
251;Scuoorge-a Heaeleeng;Geißelheilung;Hex Spell. Fur 30 secunds, ifery teeme-a taerget fue-a is heaeled, zee heaeler taekes 15..80 huly daemaege-a. Bork! Bork! Bork!;0;14;24;3;0;10;2;5;0;0;0;0;0;0;0;
252;Buneesh;Verbannung;Spell. Taerget fue-a taekes 20..65 huly daemaege-a. Thees spell dues duooble-a daemaege-a tu soommuned creaetoores.;0;14;22;3;0;5;1;10;0;0;0;0;0;0;0;
253;Scuoorge-a Saecreeffeece-a;Geißelopfer;Hex Spell. Fur 8..20 secunds, ifery teeme-a taerget fue-a und aedjaecent fues saecreeffeece-a leeffe-a, zeey saecreeffeece-a tveece-a zee nurmael aemuoont.;1;14;24;3;0;5;1;5;0;0;0;0;0;0;0;
254;Feeguruoos Spureet;Energischer Geist;Inchuntment Spell. Fur 30 secunds, iaech teeme-a taerget aelly aettaecks oor caests a spell, thaet aelly is heaeled fur 5..20 Heaelt.;1;13;23;3;0;5;.25;4;0;0;0;0;0;0;0;
255;Vaetchffool Spureet;Wachsamer Geist;Inchuntment Spell. Vheele-a yuoo maeeentaeeen thees inchuntment, taerget aelly gaeeens +2 Heaelt regeneraeshun. Thaet aelly is heaeled fur 30..180 Heaelt vhee Vaetchffool Spureet inds.;1;16;23;3;-1;15;1;5;0;0;0;0;0;0;0;
256;Blessed Oora;Gesegnete Aura;Inchuntment Spell. Vheele-a yuoo maeeentaeeen thees inchuntment, Munk inchuntments yuoo caest laest 10..35% lunger.;1;16;23;3;-1;10;2;2;0;0;0;0;0;0;0;
257;Aeegees  (PfP);Aegis (PvP);Inchuntment Spell. Fur 1..3 secunds, taerget oozeer paerty member cunnut be-a zee taerget ooff husteele-a spells, und aettaecks aegaeeenst thees paerty member faeeel.;0;15;23;3;0;10;.25;30;0;0;0;0;0;0;0;
258;Gooaerdeeun;Wächter;Inchuntment Spell. Fur 2..7 secunds, taerget aelly haes a 50% chunce-a tu bluck aettaecks.;0;15;23;3;0;5;1;6;0;0;0;0;0;0;0;
259;Sheeeld ooff Defflecshun;Ablenkungsschild;Ileete-a Inchuntment Spell. Fur 3..10 secunds, taerget aelly haes a 75% chunce-a tu bluck aettaecks und gaeeens 15..30 aermur.;1;15;23;3;0;10;.25;5;0;0;1;0;0;0;0;
260;Oora ooff Faeeet;Glaubensaura;Ileete-a Inchuntment Spell. Fur 3 secunds, taerget aelly gaeeens 50..100% mure-a Heaelt vhee heaeled und taekes 5..50% less daemaege-a.;1;15;23;3;0;5;.25;8;0;0;1;0;0;0;0;
261;Sheeeld ooff Regeneraeshun;Schild der Regeneration;Ileete-a Inchuntment Spell. Fur 5..13 secunds, taerget aelly gaeeens +3..10 Heaelt regeneraeshun und 20..45 aermur.;0;15;23;3;0;10;.25;8;0;0;1;0;0;0;0;
262;Sheeeld ooff Joodgment;Schild des Urteils;Ileete-a Inchuntment Spell. Fur 8..20 secunds, unyune-a streekeeng taerget aelly veet un aettaeck is knucked doon und sooffffers 5..50 huly daemaege-a.;1;14;23;3;0;15;1;45;0;0;1;0;0;0;0;
263;Prutecteefe-a Bund;Band des Schutzes;Inchuntment Spell. Vheele-a yuoo maeeentaeeen thees inchuntment, taerget aelly cunnut luse-a mure-a thun 5% maex Heaelt dooe-a tu daemaege-a frum a seengle-a aettaeck oor spell. Vhee Prutecteefe-a Bund prefents daemaege-a, yuoo luse-a 6..3 Inergy oor zee spell inds.;1;15;23;3;-1;10;2;0;0;0;0;0;0;0;0;
264;Paeceeffeesm;Pazifismus;Hex Spell. Fur 4..8 secunds, taerget fue-a cunnut aettaeck. Thees iffffect inds iff zee taerget taekes daemaege-a.;1;15;24;3;0;10;2;15;0;0;0;0;0;0;0;
265;Aemeety;Freundschaft;Ileete-a Hex Spell. Fur 4..12 secunds, aedjaecent fues cunnut aettaeck. Fur iaech fue-a, Aemeety inds iff thaet fue-a taekes daemaege-a.;1;15;24;3;0;5;.25;20;0;0;1;0;0;0;0;
266;Peaece-a und Haermuny (PfP);Frieden und Harmonie (PvP);Ileete-a Inchuntment Spell. Taerget aelly luses 0..4 cundeeshuns und hexes. Fur 1..3 secunds, cundeeshuns und hexes ixpure-a 90% faester oon thaet aelly. Aell ooff yuoor Smeeteeng Praeyers aere-a deesaebled fur 20 secunds.;1;16;23;3;0;5;.25;15;0;0;1;0;0;0;0;
267;Joodge-a's Inseeght;Einblick des Richters;Inchuntment Spell. Fur 8..20 secunds, taerget aelly's aettaecks deael huly daemaege-a und haefe-a +20% aermur penetraeshun.;0;14;23;3;0;10;2;10;0;0;0;0;0;0;0;
268;Unyeeeldeeng Oora (PfP);Unnachgiebige Aura (PvP);Ileete-a Inchuntment Spell. Breeng taerget deaed paerty member baeck tu leeffe-a aet fooll Heaelt und fooll Inergy. Iff yuoo stup maeeentaeeeneeng thees inchuntment oor iff thees inchuntment is remufed, thaet paerty member deees und leaefes un ixplueeted curpse-a. Deaeths vheele-a inchunted veet Unyeeeldeeng Oora du nut incoor a deaet penaelty. (50% faeeeloore-a chunce-a veet Deefeene-a Faefur 4 oor less.);1;16;23;3;-1;5;3;15;0;0;1;0;0;0;0;
269;Maerk ooff Prutecshun;Schutzzeichen;Ileete-a Inchuntment Spell. Fur 10 secunds, vhenefer taerget aelly vuoold taeke-a daemaege-a, thaet aelly is heaeled fur thaet aemuoont insteaed, maexeemoom 6..60. Aell yuoor Prutecshun Praeyers aere-a deesaebled fur 5 secunds.;1;15;23;3;0;10;.25;15;0;0;1;0;0;0;0;
270;Leeffe-a Baerreeer;Lebenssperre;Ileete-a Inchuntment Spell. Vheele-a yuoo maeeentaeeen thees inchuntment, daemaege-a deaelt tu taerget oozeer aelly is redooced by 20..50%. Iff yuoor Heaelt is beloo 50% vhee thaet aelly taekes daemaege-a, Leeffe-a Baerreeer inds.;1;15;23;3;-1;15;2;5;0;0;1;0;0;0;0;
271;Zeaelut's Fure-a;Eifererfeuer;Inchuntment Spell. Fur 60 secunds, vhenefer yuoo use-a a skeell thaet taergets un aelly, aell fues aedjaecent tu thaet taerget aere-a stroock fur 5..35 fure-a daemaege-a und yuoo luse-a 1 Inergy.;0;14;23;3;0;10;.25;30;0;0;0;0;0;0;0;
272;Baelthaezaer's Oora;Balthasars Aura;Inchuntment Spell. Fur 8 secunds, fues aedjaecent tu taerget aelly taeke-a 10..30 huly daemaege-a iaech secund.;0;14;23;3;0;15;1;20;0;0;0;0;0;0;0;
273;Spell Breaeker;Zauberbrecher;Ileete-a Inchuntment Spell. Fur 5..17 secunds, taerget aelly cunnut be-a zee taerget ooff inemy spells.;0;16;23;3;0;15;1;45;0;0;1;0;0;0;0;
274;Heaeleeng Seed;Heilender Samen;Inchuntment Spell. Fur 10 secunds, vhenefer taerget oozeer aelly taekes daemaege-a, thaet aelly und aell aedjaecent aelleees gaeeen 3..30 Heaelt.;0;13;23;3;0;10;2;25;0;0;0;0;0;0;0;
275;Mend Cundeeshun;Zustand bessern;Spell. Remufe-a oone-a cundeeshun (Pueesun, Deeseaese-a, Bleendness, Daezed, Bleedeeng, Creeppled, Boorneeng, Veaekness, Craecked Aermur, oor Deep Vuoond) frum taerget oozeer aelly. Iff a cundeeshun is remufed, thaet aelly is heaeled fur 5..70 Heaelt.;1;15;22;3;0;5;.75;2;0;0;0;0;0;0;0;
276;Resture-a Cundeeshun;Zustand wiederherstellen;Ileete-a Spell. Remufe-a aell cundeeshuns (Pueesun, Deeseaese-a, Bleendness, Daezed, Bleedeeng, Creeppled, Boorneeng, Veaekness, Craecked Aermur, und Deep Vuoond) frum taerget oozeer aelly. Fur iaech cundeeshun remufed, thaet aelly is heaeled fur 10..70 Heaelt.;1;15;22;3;0;5;.75;2;0;0;1;0;0;0;0;
277;Mend Aeeelment;Leiden heilen;Spell. Remufe-a oone-a cundeeshun (Pueesun, Deeseaese-a, Bleendness, Daezed, Bleedeeng, Creeppled, Boorneeng, Veaekness, Craecked Aermur oor Deep Vuoond) frum taerget aelly. Fur iaech remaeeeneeng cundeeshun, thaet aelly is heaeled fur 5..70 Heaelt.;0;15;22;3;0;5;.75;5;0;0;0;0;0;0;0;
278;Poorge-a Cundeeshuns;Zustände reinigen;Spell. Remufe-a aell cundeeshuns (Pueesun, Deeseaese-a, Bleendness, Daezed, Bleedeeng, Creeppled, Boorneeng, Veaekness, Craecked Aermur, und Deep Vuoond) frum taerget aelly.;0;-1;22;3;0;5;.25;20;0;0;0;0;0;0;0;
279;Deefeene-a Heaeleeng;Göttliche Heilung;Spell. Heael yuoorselff und paerty members veetheen iaershut fur 15..60 pueents.;1;16;22;3;0;5;1;12;0;0;0;0;0;0;0;
280;Heael Aerea;Gebiet heilen;Spell. Heael yuoorselff und aell aedjaecent creaetoores fur 30..180 pueents.;1;13;22;3;0;10;1;5;0;0;0;0;0;0;0;
281;Ooreesun ooff Heaeleeng;Fürbitte der Heilung;Spell. Heael taerget aelly fur 30..80 Heaelt.;0;13;22;3;0;5;1;2;0;0;0;0;0;0;0;
282;Vurd ooff Heaeleeng;Wort der Heilung;Ileete-a Spell. Heael taerget aelly fur 5..100 Heaelt. Heael fur un aeddeeshunael 30..115 Heaelt iff thaet aelly is beloo 50% Heaelt.;0;13;22;3;0;5;.75;3;0;0;1;0;0;0;0;
283;Dvaeyna's Keess;Dwaynas Kuss;Spell. Heael taerget oozeer aelly fur 20..65 Heaelt und un aeddeeshunael 15..40 Heaelt fur iaech inchuntment oor hex oon thaet aelly.;1;13;22;3;0;5;1;3;0;0;0;0;0;0;0;
284;Deefeene-a Buun;Göttlicher Segen;Inchuntment Spell. Vheele-a yuoo maeeentaeeen thees inchuntment, vhenefer yuoo caest a Prutecshun Praeyer oor Deefeene-a Faefur spell thaet taergets un aelly, thaet aelly is heaeled fur 15..60 Heaelt, und yuoo luse-a 1 Inergy.;0;16;23;3;-1;5;.25;10;0;0;0;0;0;0;0;
285;Heaeleeng Hunds;Heilende Hände;Ileete-a Inchuntment Spell. Fur 10 secunds, vhenefer taerget aelly taekes daemaege-a, thaet aelly is heaeled fur 5..35 Heaelt.;1;13;23;3;0;5;.25;15;0;0;1;0;0;0;0;
286;Heael Oozeer;Anderen heilen;Spell. Heael taerget oozeer aelly fur 35..180 Heaelt. Bork! Bork! Bork!;1;13;22;3;0;10;.75;3;0;0;0;0;0;0;0;
287;Heael Paerty (PfP);Gruppe heilen (PvP);Spell. Heael inture-a paerty fur 30..75 Heaelt.;0;13;22;3;0;15;1;10;0;0;0;0;0;0;0;
288;Heaeleeng Breeze-a;Heilender Hauch;Inchuntment Spell. Fur 15 secunds, taerget aelly gaeeens +4..9 Heaelt regeneraeshun.;0;13;23;3;0;10;1;5;0;0;0;0;0;0;0;
289;Feetael Blesseeng;Lebendige Segnung;Inchuntment Spell. Vheele-a yuoo maeeentaeeen thees inchuntment, taerget aelly haes +40..200 maexeemoom Heaelt.;1;15;23;3;-1;10;.75;2;0;0;0;0;0;0;0;
290;Mendeeng;Genesung;Inchuntment Spell. Vheele-a yuoo maeeentaeeen thees inchuntment, taerget aelly gaeeens +1..4 Heaelt regeneraeshun.;0;13;23;3;-1;10;2;0;0;0;0;0;0;0;0;
291;Leefe-a Feecaereeuoosly;Ersatzleben;Inchuntment Spell. Vheele-a yuoo maeeentaeeen thees inchuntment, vhenefer taerget aelly heets a fue-a, yuoo gaeeen 2..17 Heaelt.;1;13;23;3;-1;5;2;0;0;0;0;0;0;0;0;
292;Inffoose-a Heaelt;Leben einflößen;Spell. Luse-a haelff yuoor coorrent Heaelt. Taerget oozeer aelly is heaeled fur 100..136% ooff zee aemuoont yuoo lust.;0;13;22;3;0;10;.25;0;0;0;0;0;0;0;0;
293;Seegnet ooff Defushun;Siegel der Hingabe;Seegnet. Heael taerget aelly fur 20..120 Heaelt.;0;16;21;3;0;0;2;5;0;0;0;0;0;0;0;
294;Seegnet ooff Joodgment (PfP);Siegel des Urteils (PvP);Ileete-a Seegnet. Taerget fue-a is knucked doon. Thaet fue-a und aell aedjaecent fues taeke-a 5..50 huly daemaege-a. Thees seegnet haes haelff zee nurmael runge-a.;0;14;21;3;0;0;1;20;0;0;1;0;0;0;0;
295;Poorge-a Seegnet;Siegel der Reinigung;Seegnet. Remufe-a aell hexes und cundeeshuns frum taerget aelly. Yuoo luse-a 10 Inergy fur iaech hex und iaech cundeeshun remufed.;0;-1;21;3;0;0;2;20;0;0;0;0;0;0;0;
296;Bune-a Seegnet;Siegel des Ruins;Seegnet. Taerget fue-a taekes 30..60 huly daemaege-a. Iff taerget fue-a vaes aettaeckeeng, thaet fue-a is knucked doon.;0;14;21;3;0;0;1;15;0;0;0;0;0;0;0;
297;Blessed Seegnet;Gesegnetes Siegel;Seegnet. Fur iaech inchuntment yuoo aere-a maeeentaeeeneeng, yuoo gaeeen 3 Inergy. Yuoo cunnut gaeeen mure-a thun 3..24 Inergy in thees vaey.;0;16;21;3;0;0;2;10;0;0;0;0;0;0;0;
298;Maertyr;Märtyrer;Ileete-a Spell. Trunsffer aell cundeeshuns und zeeur remaeeeneeng dooraeshuns frum yuoor aelleees tu yuoo.;0;-1;22;3;0;5;.25;10;0;0;1;0;0;0;0;
299;Sheeeldeeng Hunds;Schützende Hände;Inchuntment Spell. Fur 8 secunds, daemaege-a und leeffe-a steael receeefed by taerget aelly is redooced by 3..18. Vhee Sheeeldeeng Hunds inds, thaet aelly is heaeled fur 5..50 Heaelt. Bork! Bork! Bork!;0;15;23;3;0;5;.25;15;0;0;0;0;0;0;0;
300;Cuntemplaeshun ooff Pooreety;Gebot der Reinheit;Skeell. Luse-a aell inchuntments. Fur iaech oone-a lust, yuoo gaeeen 0..80 Heaelt, luse-a oone-a hex, und luse-a oone-a cundeeshun (maexeemoom 1..8 hexes und cundeeshuns).;1;16;1;3;0;5;.25;10;0;0;0;0;0;0;0;
301;Remufe-a Hex;Verhexung entfernen;Spell. Remufe-a a hex frum taerget aelly.;0;-1;22;3;0;5;1;8;0;0;0;0;0;0;0;
302;Smeete-a Hex;Verhexung zerschlagen;Spell. Remufe-a a hex frum taerget aelly. Iff a hex is remufed, fues in zee aerea sooffffer 10..85 huly daemaege-a.;0;14;22;3;0;5;1;12;0;0;0;0;0;0;0;
303;Cunfert Hexes;Verhexungen umwandeln;Spell. Remufe-a aell hexes frum taerget oozeer aelly. Fur 8..20 secunds, thaet aelly gaeeens +10 aermur fur iaech Necrumuncer hex thaet vaes remufed.;0;15;22;3;0;15;1;12;0;0;0;0;0;0;0;
304;Leeght ooff Dvaeyna;Licht von Dwayna;Spell. Resoorrect aell deaed paerty members in zee aerea. Zeey aere-a retoorned tu leeffe-a veet 25% Heaelt und zeru Inergy.;1;-1;22;3;0;25;4;20;0;0;0;0;0;0;0;
305;Resoorrect;Wiederbeleben;Spell. Resoorrect taerget paerty member. Taerget paerty member is retoorned tu leeffe-a veet 25% Heaelt und zeru Inergy.;0;-1;22;3;0;10;5;8;0;0;0;0;0;0;0;
306;Reburt;Wiedergeburt;Spell. Resoorrect taerget paerty member. Taerget paerty member is retoorned tu leeffe-a veet 25% Heaelt und zeru Inergy, und is telepurted tu yuoor coorrent lucaeshun. Aell ooff taerget's skeells aere-a deesaebled fur 10..3 secunds. Thees spell cunsoomes aell ooff yuoor remaeeeneeng Inergy.;0;15;22;3;0;10;5;0;0;0;0;0;0;0;0;
307;Refersael ooff Furtoone-a;Umkehrung des Schicksals;Inchuntment Spell. Fur 8 secunds, zee next teeme-a taerget aelly vuoold taeke-a daemaege-a oor leeffe-a steael, thaet aelly gaeeens thaet aemuoont ooff Heaelt insteaed, maexeemoom 15..80.;0;15;23;3;0;5;.25;2;0;0;0;0;0;0;0;
308;Sooccur;Beistand;Inchuntment Spell. Vheele-a yuoo maeeentaeeen thees inchuntment, taerget oozeer aelly gaeeens +1 Heaelt und +1 Inergy regeneraeshun, boot yuoo luse-a 1 Inergy iaech teeme-a thaet aelly caests a spell.;1;-1;23;3;-1;5;1;10;0;0;0;0;0;0;0;
309;Huly Feeel;Heiliger Schleier;Inchuntment Spell. Vheele-a yuoo maeeentaeeen thees inchuntment, uny hex caest oon taerget aelly taekes tveece-a aes lung tu caest. Vhee Huly Feeel inds, oone-a hex is remufed frum taerget aelly.;0;-1;23;3;-1;5;1;12;0;0;0;0;0;0;0;
310;Deefeene-a Spureet;Göttlicher Geist;Inchuntment Spell. Fur 1..14 secunds, Munk spells cust yuoo 5 less Inergy tu caest. (Meeneemoom cust: 1 Inergy.);1;16;23;3;0;10;.25;60;0;0;0;0;0;0;0;
311;Draev Cundeeshuns;Zustände entziehen;Spell. Aell negaeteefe-a cundeeshuns aere-a trunsfferred frum taerget oozeer aelly tu yuoorselff. Fur iaech cundeeshun aecqooured, yuoo gaeeen 6..26 Heaelt.;0;15;22;3;0;5;.25;4;0;0;0;0;0;0;0;
312;Huly Streeke-a;Heiliger Schlag;Skeell. Tuooched taerget fue-a taekes 10..55 huly daemaege-a. Iff knucked doon, yuoor taerget taekes un aeddeeshunael 10..55 huly daemaege-a.;1;14;1;3;0;5;.75;8;0;0;0;0;0;0;0;
313;Heaeleeng Tuooch;Heilende Berührung;Spell. Heael taerget tuooched aelly fur 20..80 Heaelt. Heaelt gaeeen frum Deefeene-a Faefur is duoobled fur thees spell.;0;13;22;3;0;5;.75;5;0;0;0;0;0;0;0;
314;Resture-a Leeffe-a;Leben erneuern;Spell. Tuooch zee budy ooff a faellee paerty member. Taerget paerty member is retoorned tu leeffe-a veet 20..65% Heaelt und 42..90% Inergy.;1;13;22;3;0;10;4;8;0;0;0;0;0;0;0;
315;Fengeunce-a;Rache;Inchuntment Spell. Breeng taerget deaed paerty member baeck tu leeffe-a aet fooll Heaelt und fooll Inergy. Fur 30 secunds, thaet paerty member deaels 25% mure-a daemaege-a. Vhee thees inchuntment inds, taerget paerty member deees. Deaeths vheele-a under zee iffffects ooff thees inchuntment du nut incoor a deaet penaelty.;1;-1;23;3;0;10;4;30;0;0;0;0;0;0;0;
316;"Tu zee Leemeet!";Bis ans Limit!;Shuoot. Fur iaech fue-a veetheen iaershut (maexeemoom 1..6), yuoo gaeeen oone-a streeke-a ooff aedrenaeleene-a. Fur 10..20 secunds, yuoor maexeemoom Heaelt is increaesed by 10..60.;1;21;20;1;0;5;0;10;0;0;0;0;0;0;0;
317;Baettle-a Raege-a;Kampfwut;Ileete-a Stunce-a. Fur 5..20 secunds, yuoo mufe-a 33% faester und gaeeen duooble-a aedrenaeleene-a frum aettaecks. Baettle-a Raege-a inds iff yuoo use-a uny nun-aedrenael skeells.;0;17;29;1;0;0;0;0;3.2;0;1;0;0;0;0;
318;Deffy Paeeen (PfP);Schmerz trotzen (PvP);Ileete-a Stunce-a. Fur 20 secunds, yuoo haefe-a un aeddeeshunael 90..300 Heaelt und un aeddeeshunael 20 aermur.;1;17;29;1;0;0;0;0;4.8;0;1;0;0;0;0;
319;Roosh;Ansturm;Stunce-a. Fur 8..20 secunds, yuoo mufe-a 25% faester.;1;17;29;1;0;0;0;0;3.2;0;0;0;0;0;0;
320;Haemstreeng;Lähmung;Svurd Aettaeck. Iff thees aettaeck heets, yuoor taerget is Creeppled fur 3..15 secunds, slooeeng hees mufement.;0;20;10;1;0;5;0;10;0;0;0;0;0;0;0;
321;Veeld Bloo;Rundumschlag;Melee-a Aettaeck. Luse-a aell aedrenaeleene-a. Iff it heets, thees aettaeck veell resoolt in a creeteecael heet und uny stunce-a beeeng used by yuoor taerget inds. Thees aettaeck cunnut be-a blucked.;0;-1;3;1;0;5;0;8;0;0;0;0;0;0;0;
322;Pooer Aettaeck;Kraftangriff;Melee-a Aettaeck. Iff thees aettaeck heets, yuoo streeke-a fur +10..40 daemaege-a.;0;17;3;1;0;5;0;3;0;0;0;0;0;0;0;
323;Desperaeshun Bloo;Verzweiflungsschlag;Melee-a Aettaeck. Iff thees aettaeck heets, yuoo streeke-a fur +10..40 daemaege-a, und yuoor taerget sooffffers frum oone-a ooff zee fullooeeng cundeeshuns: Deep Vuoond (fur 20 secunds), Veaekness (fur 20 secunds), Bleedeeng (fur 25 secunds), oor Creeppled (fur 15 secunds). Aeffter maekeeng a Desperaeshun Bloo, yuoo aere-a knucked doon.;1;21;3;1;0;5;0;7;0;0;0;0;0;0;0;
324;Threell ooff Feectury;Rausch des Sieges;Melee-a Aettaeck. Iff thees bloo heets, yuoo deael +20..40 daemaege-a. Iff yuoo haefe-a mure-a Heaelt thun taerget fue-a, yuoo gaeeen 1..2 streeke-as ooff aedrenaeleene-a.;0;21;3;1;0;5;0;8;0;0;0;0;0;0;0;
325;Deestraecteeng Bloo;Ablenkungsschlag;Melee-a Aettaeck. Sveepe-a yuoor veaepun aet zee taerget, deaeleeng nu daemaege-a boot deesroopteeng zee taerget's coorrent aecshun (und zee aecshuns ooff fues aedjaecent tu yuoor taerget).;0;-1;3;1;0;5;.5;10;0;0;0;0;0;0;0;
326;Prutectur's Streeke-a (PfP);Schlag des Beschützers (PvP);Melee-a Aettaeck. Iff thees aettaeck streekes a mufeeng fue-a, yuoo streeke-a fur 10..40 mure-a daemaege-a.;1;17;3;1;0;5;.5;6;0;0;0;0;0;0;0;
327;Greeffffun's Sveep;Greifenschlag;Melee-a Aettaeck. Iff thees aettaeck heets, yuoo streeke-a fur +5..20 daemaege-a. Iff thees aettaeck is blucked, yuoor taerget is knucked doon und sooffffers 10..34 daemaege-a.;1;17;3;1;0;5;0;8;0;0;0;0;0;0;0;
328;Poore-a Streeke-a;Reiner Schlag;Svurd Aettaeck. Iff Poore-a Streeke-a heets, yuoo streeke-a fur +1..30 daemaege-a. Iff yuoo aere-a nut useeng a stunce-a, Poore-a Streeke-a cunnut be-a blucked.;1;20;10;1;0;5;0;8;0;0;0;0;0;0;0;
329;Skooll Craeck;Schädel spalten;Ileete-a Melee-a Aettaeck. Iff it heets, thees aettaeck interroopts zee taerget's coorrent aecshun. Iff thaet fue-a vaes caesteeng a spell, thaet fue-a is Daezed fur 15 secunds.;1;-1;3;1;0;0;.25;0;6;0;1;0;0;0;0;
330;Cyclune-a Aexe-a;Zyklonaxt;Aexe-a Aettaeck. Perffurm a speenneeng aexe-a aettaeck streekeeng fur +4..12 daemaege-a tu aell aedjaecent ooppunents.;0;18;4;1;0;5;0;4;0;0;0;0;0;0;0;
331;Haemmer Baesh;Hammerstreich;Haemmer Aettaeck. Luse-a aell aedrenaeleene-a. Iff Haemmer Baesh heets, yuoor taerget is knucked doon.;0;19;8;1;0;0;0;0;5.2;0;0;0;0;0;0;
332;Booll's Streeke-a;Bullenstoß;Melee-a Aettaeck. Iff thees aettaeck heets a mufeeng fue-a, yuoo streeke-a fur +5..30 daemaege-a, und yuoor taerget is knucked doon.;0;17;3;1;0;5;0;10;0;0;0;0;0;0;0;
333;"I Veell Aefenge-a Yuoo!";Ich werde Euch rächen!;Shuoot. Fur iaech deaed aelly, yuoo gaeeen 10 secunds ooff +3..7 Heaelt regeneraeshun und yuoor aettaeck speed increaeses by 25%.;1;17;20;1;0;5;0;45;0;0;0;0;0;0;0;
334;Aexe-a Raeke-a;Harkenaxt;Aexe-a Aettaeck. Iff thees aettaeck heets a fue-a sooffffereeng frum a Deep Vuoond, yuoo streeke-a fur +4..16 daemaege-a, und thaet fue-a becumes Creeppled fur 15 secunds.;0;18;4;1;0;0;0;0;4.8;0;0;0;0;0;0;
335;Cleaefe-a;Spalten;Ileete-a Aexe-a Aettaeck. Iff thees aettaeck heets, yuoo streeke-a fur +10..40 daemaege-a und heet 1..2 aedjaecent fue-as fur 10..40 slaesheeng daemaege-a.;0;18;4;1;0;0;0;0;3.2;0;1;0;0;0;0;
336;Ixecooshuner's Streeke-a;Henkerschlag;Aexe-a Aettaeck. Iff thees aettaeck heets, yuoo streeke-a fur +15..45 daemaege-a.;0;18;4;1;0;0;0;0;7;0;0;0;0;0;0;
337;Deesmember;Zerstückeln;Aexe-a Aettaeck. Iff it heets, thees aexe-a bloo veell inffleect a Deep Vuoond oon taerget fue-a, looereeng thaet fue-a's maexeemoom Heaelt by 20% fur 5..20 secunds.;0;18;4;1;0;0;0;0;4.8;0;0;0;0;0;0;
338;Ifeesceraete-a;Ausweiden;Ileete-a Aexe-a Aettaeck. Iff Ifeesceraete-a heets, yuoo streeke-a fur +10..45 daemaege-a und inffleect a Deep Vuoond, looereeng yuoor taerget's maexeemoom Heaelt by 20% fur 5..20 secunds.;1;18;4;1;0;0;0;0;8;0;1;0;0;0;0;
339;Penetraeteeng Bloo;Durchdringender Schlag;Aexe-a Aettaeck. Iff thees aettaeck heets, yuoo streeke-a fur +10..25 daemaege-a. Thees aexe-a aettaeck haes 20% aermur penetraeshun.;1;18;4;1;0;0;0;0;4.8;0;0;0;0;0;0;
340;Deesroopteeng Chup;Unterbrechender Hieb;Aexe-a Aettaeck. Iff it heets, thees aettaeck interroopts zee taerget's coorrent aecshun. Iff thaet aecshun vaes a skeell, thaet skeell is deesaebled fur un aeddeeshunael 20 secunds.;0;18;4;1;0;0;0;0;5;0;0;0;0;0;0;
341;Sveefft Chup;Schneller Hieb;Aexe-a Aettaeck. Iff thees aettaeck heets, yuoo streeke-a fur +1..20 daemaege-a. Iff Sveefft Chup is blucked, taerget fue-a taekes 1..20 daemaege-a und sooffffers a Deep Vuoond fur 20 secunds.;0;18;4;1;0;5;0;4;0;0;0;0;0;0;0;
342;Aexe-a Tveest;Axtdrehung;Aexe-a Aettaeck. Iff thees aettaeck heets a fue-a sooffffereeng frum a Deep Vuoond, yuoo streeke-a fur 5..25 mure-a daemaege-a und thaet fue-a sooffffers frum Veaekness fur 20 secunds.;1;18;4;1;0;0;0;0;4.8;0;0;0;0;0;0;
343;"Fur Greaet Joosteece-a!" (PfP);"Für höhere Gerechtigkeit!" (PvP);Shuoot. Fur 8 secunds, vhenefer yuoo heet veet un aettaeck, yuoo gaeeen 1 aeddeeshunael streeke-as ooff aedrenaeleene-a.;0;-1;20;1;0;5;0;45;0;0;0;0;0;0;0;
344;Floorry;Schauer;Stunce-a. Fur 5 secunds, yuoor aettaeck raete-a is increaesed by 33%, boot yuoo deael 25% less daemaege-a.;1;-1;29;1;0;5;0;5;0;0;0;0;0;0;0;
345;Deffenseefe-a Stunce-a;Verteidigungshaltung;Stunce-a. Fur 1..5 secunds, yuoo haefe-a a 75% chunce-a tu bluck melee-a und prujecteele-a aettaecks. Vhee Deffenseefe-a Stunce-a inds, yuoo gaeeen oone-a streeke-a ooff aedrenaeleene-a fur iaech melee-a aettaeck skeell yuoo haefe-a (maexeemoom 0..4).;0;21;29;1;0;0;0;8;4.8;0;0;0;0;0;0;
346;Frenzy (PfP);Raserei (PvP);Stunce-a. Fur 8 secunds, yuoo aettaeck 33% faester boot taeke-a 200..150% daemaege-a.;0;17;29;1;0;5;0;4;0;0;0;0;0;0;0;
347;Indoore-a Paeeen;Schmerz ertragen;Skeell. Fur 7..18 secunds yuoo haefe-a un aeddeeshunael 90..300 Heaelt.;0;17;1;1;0;5;0;30;0;0;0;0;0;0;0;
348;"Vaetch Yuoorselff!" (PfP);"Passt auf Euch auf!" (PvP);Shuoot. Paerty members veetheen iaershut gaeeen +5..25 aermur fur 10 secunds. Thees shuoot inds aeffter 1..3 incumeeng aettaecks.;0;21;20;1;0;0;0;4;3.2;0;0;0;0;0;0;
349;Spreent;Sprinten;Stunce-a. Fur 8..14 secunds, yuoo mufe-a 25% faester.;0;17;29;1;0;5;0;15;0;0;0;0;0;0;0;
350;Belly Smaesh;Bauchklatscher;Haemmer Aettaeck. Iff thees aettaeck streekes a fue-a vhu is knucked doon, zee resoolteeng doost cluood veell bleend aedjaecent fues fur 3..7 secunds.;1;19;8;1;0;5;1;10;0;0;0;0;0;0;0;
351;Meeghty Bloo;Mächtiger Schlag;Haemmer Aettaeck. Iff thees aettaeck heets, yuoo streeke-a fur +10..40 daemaege-a.;0;19;8;1;0;0;0;0;6.4;0;0;0;0;0;0;
352;Croosheeng Bloo;Vernichtender Schlag;Haemmer Aettaeck. Iff thees aettaeck heets, yuoo streeke-a fur +1..20 daemaege-a. Iff yuoo heet a knucked-doon fue-a yuoo inffleect a Deep Vuoond, looereeng yuoor taerget's maexeemoom Heaelt by 20% fur 5..20 secunds.;1;19;8;1;0;5;0;10;0;0;0;0;0;0;0;
353;Croode-a Sveeng;Grober Schwung;Haemmer Aettaeck. Aettaeck aell aedjaecent fues. Iaech fue-a yuoo heet is stroock fur +1..20 daemaege-a.;1;19;8;1;0;5;0;5;0;0;0;0;0;0;0;
354;Iaert Shaeker;Erdrüttler;Ileete-a Haemmer Aettaeck. Taerget fue-a und aell aedjaecent fues aere-a knucked doon. (50% faeeeloore-a chunce-a veet Haemmer Maestery 4 oor less.);1;19;8;1;0;0;0;0;8;0;1;0;0;0;0;
355;Defaestaeteeng Haemmer;Verheerender Hammer;Ileete-a Haemmer Aettaeck. Iff Defaestaeteeng Haemmer heets, yuoor taerget is knucked doon und sooffffers frum Veaekness fur 5..20 secunds.;0;19;8;1;0;0;0;0;6.4;0;1;0;0;0;0;
356;Irreseesteeble-a Bloo;Brutaler Schlag;Haemmer Aettaeck. Iff thees aettaeck heets, yuoo streeke-a fur +5..20 daemaege-a. Iff Irreseesteeble-a Bloo is blucked, yuoor taerget is knucked doon und taekes 5..20 daemaege-a.;0;19;8;1;0;5;0;6;0;0;0;0;0;0;0;
357;Cuoonter Bloo;Gegenschlag;Haemmer Aettaeck. Iff thees aettaeck heets un aettaeckeeng fue-a, thaet fue-a is knucked doon. Bork! Bork! Bork!;0;19;8;1;0;0;0;0;4;0;0;0;0;0;0;
358;Baeckbreaeker;Rückenbrecher;Ileete-a Haemmer Aettaeck. Iff Baeckbreaeker heets, yuoo streeke-a fur +1..20 daemaege-a und yuoor taerget is knucked doon. Iff yuoo haefe-a 8 Strengt oor heegher, thees knuckdoon laests 4 secunds.;1;19;8;1;0;0;0;0;8.8;0;1;0;0;0;0;
359;Heaefy Bloo;Heftiger Schlag;Haemmer Aettaeck. Luse-a aell aedrenaeleene-a. Iff thees aettaeck heets a fue-a sooffffereeng frum Veaekness, thaet fue-a is knucked doon und yuoo streeke-a fur +1..30 daemaege-a.;0;19;8;1;0;0;0;0;4.8;0;0;0;0;0;0;
360;Staeggereeng Bloo;Umwerfender Schlag;Haemmer Aettaeck. Iff thees haemmer bloo heets, yuoor taerget veell sooffffer frum Veaekness fur 5..20 secunds.;0;19;8;1;0;0;1;0;3.2;0;0;0;0;0;0;
361;Dulyaek Seegnet;Dolyak-Siegel;Seegnet. Fur 8..20 secunds, yuoo haefe-a +10..40 aermur und cunnut be-a knucked doon, boot yuoor mufement is slooed by 75%.;1;17;21;1;0;0;0;20;0;0;0;0;0;0;0;
362;Vaerreeur's Coonneeng;Verschlagenheit des Kriegers;Skeell. Fur 5..11 secunds, yuoor melee-a aettaecks cunnut be-a blucked.;0;17;1;1;0;10;0;60;0;0;0;0;0;0;0;
363;Sheeeld Baesh;Heftiger Schildschlag;Skeell. Fur 5..11 secunds, vheele-a veeeldeeng a sheeeld, zee next melee-a aettaeck skeell used aegaeeenst yuoo is blucked, yuoor aettaecker is knucked doon, und thaet skeell is deesaebled fur un aeddeeshunael 15 secunds.;0;17;1;1;0;5;0;20;0;0;0;0;0;0;0;
364;"Chaerge-a!";Angriff!;Ileete-a Shuoot. Aell aelleees veetheen iaershut luse-a zee Creeppled cundeeshun. Fur 5..13 secunds, zeese-a aelleees mufe-a 33% faester.;0;21;20;1;0;5;0;20;0;0;1;0;0;0;0;
365;"Feectury Is Meene-a!";Der Sieg ist mein!;Ileete-a Shuoot. Yuoo gaeeen 10..68 Heaelt und 3..7 Inergy fur iaech cundeeshun sooffffered by taerget fue-a.;1;21;20;1;0;5;0;10;0;0;1;0;0;0;0;
366;"Feaer Me-a!";Fürchtet mich!;Shuoot. Aell neaerby fues luse-a 2..6 Inergy. Fur 1..15 secunds, yuoor melee-a aettaecks gaeeen +5..30% chunce-a ooff a creeteecael heet aegaeeenst staeshunaery fues.;1;21;20;1;0;0;0;4;3.2;0;0;0;0;0;0;
367;"Sheeelds Up!";Schilde hoch!;Shuoot. Fur 5..11 secunds, yuoo und aell paerty members veetheen iaershut gaeeen +60 aermur aegaeeenst incumeeng prujecteele-a aettaecks.;0;21;20;1;0;10;0;30;0;0;0;0;0;0;0;
368;"I Veell Soorfeefe-a!";Ich überlebe!;Shuoot. Yuoo gaeeen +3 Heaelt regeneraeshun fur iaech cundeeshun yuoo aere-a sooffffereeng. Thees regeneraeshun ixpures aeffter 5..11 secunds.;1;17;20;1;0;5;0;30;0;0;0;0;0;0;0;
370;Berserker Stunce-a;Berserkerhaltung;Stunce-a. Fur 8..14 secunds, yuoo aettaeck 33% faester und gaeeen 100% mure-a aedrenaeleene-a. Berserker Stunce-a inds iff yuoo use-a a skeell.;0;17;29;1;0;10;0;10;0;0;0;0;0;0;0;
371;Baelunced Stunce-a;Ausgeglichene Haltung;Stunce-a. Fur 8..20 secunds, yuoo cunnut be-a knucked doon und yuoo du nut sooffffer ixtra daemaege-a frum a creeteecael aettaeck.;0;21;29;1;0;5;0;30;0;0;0;0;0;0;0;
372;Glaedeeaetur's Deffense-a;Gladiatoren-Verteidigung;Ileete-a Stunce-a. Fur 5..11 secunds, yuoo haefe-a a 75% chunce-a tu bluck incumeeng aettaecks. Vhenefer yuoo bluck a melee-a aettaeck thees vaey, zee aettaecker sooffffers 5..35 daemaege-a.;1;21;29;1;0;5;0;20;0;0;1;0;0;0;0;
373;Defflect Aerroos;Pfeilablenkung;Stunce-a. Fur 1..6 secunds, yuoo haefe-a a 75% chunce-a tu bluck aettaecks. Iff yuoo bluck a prujecteele-a aettaeck, aedjaecent fues sooffffer frum Bleedeeng fur 5..15 secunds.;1;21;29;1;0;0;0;12;4.8;0;0;0;0;0;0;
374;Vaerreeur's Indoorunce-a (PfP);Ausdauer des Kriegers (PvP);Ileete-a Stunce-a. Fur 5..35 secunds, yuoo gaeeen 3 Inergy iaech teeme-a yuoo heet veet a melee-a aettaeck. Vaerreeur's Indoorunce-a cunnut raeeese-a yuoor Inergy aebufe-a 10..25.;1;17;29;1;0;5;0;30;0;0;1;0;0;0;0;
375;Dvaerfee Baettle-a Stunce-a;Zwergen-Kampfhaltung;Ileete-a Stunce-a. Fur 5..11 secunds, iff yuoo aere-a veeeldeeng a haemmer, yuoo aettaeck 33% faester, yuoo gaeeen +40 aermur, und yuoor aettaeck skeells interroopt fues vhee zeey heet.;1;17;29;1;0;5;0;20;0;0;1;0;0;0;0;
376;Deesceepleened Stunce-a;Disziplinierte Haltung;Stunce-a. Fur 1..4 secunds, yuoo gaeeen +10 aermur und haefe-a a 75% chunce-a tu bluck aettaecks. Deesceepleened Stunce-a inds iff yuoo use-a un aedrenael skeell.;1;21;29;1;0;5;0;15;0;0;0;0;0;0;0;
377;Vaery Stunce-a;Wachsame Haltung;Stunce-a. Fur 1..6 secunds, yuoo bluck uny aettaeck skeells used aegaeeenst yuoo. Fur iaech sooccessffool bluck, yuoo gaeeen aedrenaeleene-a und 5 Inergy. Vaery Stunce-a inds iff yuoo use-a a skeell.;1;21;29;1;0;10;0;10;0;0;0;0;0;0;0;
378;Sheeeld Stunce-a;Schildhaltung;Stunce-a. Fur 1..6 secunds, vheele-a useeng a sheeeld, yuoo haefe-a a 75% chunce-a tu bluck incumeeng aettaecks, und daemaege-a is redooced by 2 fur iaech runk ooff Strengt (maexeemoom 15 daemaege-a redoocshun).;1;21;29;1;0;5;0;15;0;0;0;0;0;0;0;
379;Booll's Chaerge-a;Angriff des Bullen;Ileete-a Stunce-a. Fur 1..7 secunds, yuoo mufe-a 50% faester und iff yuoo streeke-a a mufeeng fue-a in melee-a, thaet fue-a is knucked doon. Booll's Chaerge-a inds iff yuoo use-a a skeell.;1;17;29;1;0;5;0;12;0;0;1;0;0;0;0;
380;Bunettee's Deffense-a;Bonettis Verteidigung;Stunce-a. Fur 5..11 secunds, yuoo haefe-a a 75% chunce-a tu bluck melee-a und prujecteele-a aettaecks. Yuoo gaeeen 5 Inergy fur iaech sooccessffool melee-a aettaeck blucked. Bunettee's Deffense-a inds iff yuoo use-a a skeell.;1;21;29;1;0;0;0;0;8;0;0;0;0;0;0;
381;Hoondred Blaedes (PfP);Hundert Klingen (PvP);Ileete-a Skeell. Fur 15 secunds, vhenefer yuoo aettaeck veet a svurd, aell aedjaecent fues taeke-a 10..30 slaesheeng daemaege-a.;0;20;1;1;0;5;0;20;0;0;1;0;0;0;0;
382;Sefer Aertery;Arterienabtrennung;Svurd Aettaeck. Iff thees aettaeck heets, zee ooppunent begeens Bleedeeng fur 5..25 secunds, luseeng Heaelt oofer teeme-a.;0;20;10;1;0;0;0;0;3;0;0;0;0;0;0;
383;Gaelraet Slaesh;Galrath-Hieb;Svurd Aettaeck. Thees aettaeck streekes fur +1..40 daemaege-a iff it heets.;1;20;10;1;0;0;0;0;7;0;0;0;0;0;0;
384;Gaesh;Schnittwunde;Svurd Aettaeck. Iff thees aettaeck heets a Bleedeeng fue-a, yuoo streeke-a fur 5..20 mure-a daemaege-a und thaet fue-a sooffffers a Deep Vuoond, looereeng thaet fue-a's maexeemoom Heaelt by 20% fur 5..20 secunds. Bork! Bork! Bork!;0;20;10;1;0;0;0;0;5;0;0;0;0;0;0;
385;Feenael Throost;Endstoß;Svurd Aettaeck. Luse-a aell aedrenaeleene-a. Iff Feenael Throost heets, yuoo deael 5..40 mure-a daemaege-a. Thees daemaege-a is duoobled iff yuoor taerget vaes beloo 50% Heaelt.;0;20;10;1;0;0;0;0;8;0;0;0;0;0;0;
386;Seekeeng Blaede-a;Suchende Klinge;Svurd Aettaeck. Iff thees aettaeck heets yuoo streeke-a fur +1..20 daemaege-a. Iff Seekeeng Blaede-a is blucked, yuoor taerget begeens Bleedeeng fur 25 secunds und taekes 1..20 daemaege-a.;0;20;10;1;0;5;0;4;0;0;0;0;0;0;0;
387;Reepuste-a;Entgegnung;Skeell. Fur 8 secunds, vheele-a yuoo haefe-a a svurd iqooeepped, yuoo bluck zee next melee-a aettaeck aegaeeenst yuoo und yuoor aettaecker is stroock fur 20..80 daemaege-a.;1;21;1;1;0;0;0;0;3.2;0;0;0;0;0;0;
388;Deaedly Reepuste-a;Tödliche Entgegnung;Skeell. Fur 8 secunds, vheele-a yuoo haefe-a a svurd iqooeepped, yuoo bluck zee next melee-a aettaeck aegaeeenst yuoo, und yuoor aettaecker is stroock fur 15..90 daemaege-a und begeens Bleedeeng fur 3..25 secunds.;1;21;1;1;0;5;0;10;0;0;0;0;0;0;0;
389;Fluooreesh;Blütezeit;Ileete-a Skeell. Aell ooff yuoor aettaeck skeells becume-a rechaerged. Yuoo gaeeen 2..7 Inergy fur iaech skeell rechaerged by Fluooreesh.;1;17;1;1;0;5;1;8;0;0;1;0;0;0;0;
390;Saefaege-a Slaesh;Wilder Hieb;Svurd Aettaeck. Iff thees aettaeck heets, it interroopts taerget fue-a's aecshun. Iff thaet aecshun vaes a spell, yuoo deael 1..40 ixtra daemaege-a.;0;20;10;1;0;5;.5;10;0;0;0;0;0;0;0;
391;Hoonter's Shut;Jägerschuss;Boo Aettaeck. Iff Hoonter's Shut heets, yuoor taerget begeens Bleedeeng fur 3..25 secunds.;0;25;2;2;0;5;1;10;0;0;0;0;0;0;0;
392;Peen Doon;Festnageln;Boo Aettaeck. Iff Peen Doon heets, yuoor taerget is Creeppled fur 3..15 secunds.;0;25;2;2;0;15;0;8;0;0;0;0;0;0;0;
393;Creeppleeng Shut (PfP);Verkrüppelungs-Schuss (PvP);Ileete-a Boo Aettaeck. Iff Creeppleeng Shut heets, yuoor taerget becumes Creeppled fur 4..14 secunds. Thees aettaeck cunnut be-a blucked.;1;25;2;2;0;10;0;2;0;0;1;0;0;0;0;
394;Pooer Shut;Kraftschuss;Boo Aettaeck. Iff Pooer Shut heets, taerget fue-a taekes 25..50 daemaege-a.;0;25;2;2;0;10;0;3;0;0;0;0;0;0;0;
395;Baerraege-a;Sperrfeuer;Ileete-a Boo Aettaeck. Aell yuoor prepaeraeshuns aere-a remufed. Shuut aerroos aet taerget fue-a und up tu 5 fues aedjaecent tu yuoor taerget. Zeese-a aerroos streeke-a fur +5..20 daemaege-a iff zeey heet. Bork! Bork! Bork!;0;25;2;2;0;5;0;1;0;0;1;0;0;0;0;
396;Dooael Shut;Doppelschuss;Boo Aettaeck. Shuut tvu aerroos seemooltuneuoosly aet taerget fue-a. Zeese-a aerroos deael 25% less daemaege-a. Bork! Bork! Bork!;0;-1;2;2;0;10;0;10;0;0;0;0;0;0;0;
397;Qooeeck Shut;Schnellschuss;Ileete-a Boo Aettaeck. Shuut un aerroo thaet mufes tveece-a aes faest.;0;-1;2;2;0;5;.5;1;0;0;1;0;0;0;0;
398;Penetraeteeng Aettaeck (PfP);Durchbohr-Angriff (PvP);Boo Aettaeck. Iff Penetraeteeng Aettaeck heets, yuoo streeke-a fur +5..15 daemaege-a und thees aettaeck haes 10% aermur penetraeshun.;1;25;2;2;0;10;1;4;0;0;0;0;0;0;0;
399;Deestraecteeng Shut;Ablenk-Schuss;Boo Aettaeck. Iff Deestraecteeng Shut heets, it interroopts taerget fue-a's aecshun boot deaels oonly 1..16 daemaege-a. Iff zee interroopted aecshun vaes a skeell, thaet skeell is deesaebled fur un aeddeeshunael 20 secunds.;0;23;2;2;0;5;.5;10;0;0;0;0;0;0;0;
400;Preceeseeun Shut;Präzisionsschuss;Boo Aettaeck. Iff Preceeseeun Shut heets, yuoo streeke-a fur +3..10 daemaege-a. Preceeseeun Shut cunnut be-a blucked. Thees aecshun is iaeseely interroopted.;0;25;2;2;0;10;1;6;0;0;0;0;0;0;0;
402;Determeened Shut;Entschlossener Schuss;Boo Aettaeck. Iff Determeened Shut heets, yuoo streeke-a fur +5..20 daemaege-a. Iff Determeened Shut faeeels tu heet, aell ooff yuoor aettaeck skeells aere-a rechaerged.;0;25;2;2;0;5;0;10;0;0;0;0;0;0;0;
403;Caelled Shut;Ankündigungs-Schuss;Boo Aettaeck. Shuut un aerroo thaet mufes 3 teemes faester und cunnut be-a blucked. Bork! Bork! Bork!;0;-1;2;2;0;5;0;3;0;0;0;0;0;0;0;
404;Pueesun Aerroo;Giftpfeil;Ileete-a Boo Aettaeck. Iff Pueesun Aerroo heets, yuoor taerget becumes Pueesuned fur 5..20 secunds.;1;24;2;2;0;5;0;1;0;0;1;0;0;0;0;
405;Ooaet Shut;Eidschuss;Ileete-a Boo Aettaeck. Iff Ooaet Shut heets, aell ooff yuoor skeells ixcept Ooaet Shut aere-a rechaerged. Iff it meesses, aell ooff yuoor skeells aere-a deesaebled fur 10..4 secunds. (50% meess chunce-a veet Ixperteese-a 7 oor less.);1;23;2;2;0;10;0;25;0;0;1;0;0;0;0;
406;Debeeleetaeteeng Shut;Entkräftungs-Schuss;Boo Aettaeck. Iff Debeeleetaeteeng Shut heets, yuoor taerget luses 1..10 Inergy.;0;25;2;2;0;10;0;10;0;0;0;0;0;0;0;
407;Pueent Blunk Shut;Kurzdistanzschuss;Boo Aettaeck. Shuut un aerroo thaet haes haelff zee nurmael runge-a, boot streekes fur +10..40 daemaege-a.;1;23;2;2;0;5;0;3;0;0;0;0;0;0;0;
408;Cuncoosseeun Shut;Erschütterungsschuss;Boo Aettaeck. Iff Cuncoosseeun Shut heets vheele-a taerget fue-a is caesteeng a spell, zee spell is interroopted und yuoor taerget is Daezed fur 5..20 secunds. Thees aettaeck deaels oonly 1..16 daemaege-a.;0;25;2;2;0;25;.5;5;0;0;0;0;0;0;0;
409;Pooneesheeng Shut;Bestrafungs-Schuss;Ileete-a Boo Aettaeck. Iff Pooneesheeng Shut heets, yuoo streeke-a fur +10..20 daemaege-a und yuoor taerget is interroopted.;1;25;2;2;0;10;.5;5;0;0;1;0;0;0;0;
411;Chaerm Uneemael;Tier zähmen;Skeell. Chaerm taerget uneemael. Oonce-a chaermed, yuoor uneemael cumpuneeun veell traefel veet yuoo vhenefer yuoo haefe-a Chaerm Uneemael iqooeepped. Yuoo cunnut chaerm un uneemael thaet is mure-a thun 4 lefels aebufe-a yuoo.;0;22;1;2;0;10;10;0;0;0;0;0;0;0;0;
412;Caell ooff Prutecshun;Ruf des Schutzes;Shuoot. Fur 120 secunds, yuoor uneemael cumpuneeun haes a 5..20 baese-a daemaege-a redoocshun.;1;22;20;2;0;5;0;90;0;0;0;0;0;0;0;
415;Caell ooff Haeste-a (PfP);Ruf der Eile (PvP);Shuoot. Fur 30 secunds, yuoor uneemael cumpuneeun haes a 25% faester aettaeck speed und mufes 25% faester.;0;22;20;2;0;10;0;25;0;0;0;0;0;0;0;
422;Refeefe-a Uneemael;Tier wiederbeleben;Skeell. Resoorrect aell aelleeed uneemael cumpuneeuns in zee aerea. Zeey cume-a baeck tu leeffe-a veet 10..94% Heaelt.;1;22;1;2;0;5;.25;5;0;0;0;0;0;0;0;
423;Symbeeuteec Bund;Symbiotisches Band;Shuoot. Fur 120..300 secunds, yuoor uneemael cumpuneeun gaeeens 1..3 Heaelt regeneraeshun, und haelff ooff aell daemaege-a deaelt tu yuoor uneemael cumpuneeun is redurected tu yuoo.;1;22;20;2;0;10;0;55;0;0;0;0;0;0;0;
424;Throo Durt;Dreck werfen;Skeell. Taerget tuooched fue-a und fues aedjaecent tu yuoor taerget becume-a Bleended fur 3..15 secunds.;0;23;1;2;0;5;1;30;0;0;0;0;0;0;0;
425;Dudge-a;Abducken;Stunce-a. Fur 5..11 secunds, yuoo mufe-a 33% faester und haefe-a a 27..75% chunce-a tu bluck incumeeng prujecteeles. Dudge-a inds iff yuoo aettaeck.;1;23;29;2;0;5;0;30;0;0;0;0;0;0;0;
426;Saefaege-a Shut;Wilder Schuss;Boo Aettaeck. Iff Saefaege-a Shut heets, yuoor taerget's aecshun is interroopted. Iff thaet aecshun vaes a spell, yuoo streeke-a fur +13..28 daemaege-a.;0;25;2;2;0;10;.5;5;0;0;0;0;0;0;0;
427;Unteedute-a Seegnet;Gegengift-Siegel;Seegnet. Cleunse-a yuoorselff ooff Pueesun, Deeseaese-a, Bleendness, und oone-a aeddeeshunael cundeeshun.;0;-1;21;2;0;0;1;4;0;0;0;0;0;0;0;
428;Incendeeaery Aerroos;Flammenpfeile;Ileete-a Boo Aettaeck. Shuut aerroos aet taerget fue-a und up tu 2 fue-as neaer yuoor taerget. Thuse-a fues aere-a set oon fure-a fur 1..3 secunds.;1;24;2;2;0;5;0;5;0;0;1;0;0;0;0;
429;Melundroo's Aerroos;Melandrus Pfeile;Ileete-a Prepaeraeshun. Fur 18 secunds, vhenefer yuoor aerroos heet, zeey coose-a Bleedeeng fur 3..25 secunds, und iff zeey heet a taerget vhu is under un inchuntment, zeey du +8..28 daemaege-a.;1;24;17;2;0;5;2;12;0;0;1;0;0;0;0;
430;Maerksmun's Vaeger;Schützenwette;Ileete-a Prepaeraeshun. Fur 18 secunds, yuoo gaeeen 5..10 Inergy vhenefer yuoor aerroos heet, boot luse-a 10 Inergy vhenefer yuoor aerroos faeeel tu streeke-a.;1;23;17;2;0;5;1;24;0;0;1;0;0;0;0;
431;Igneete-a Aerroos;Brandpfeile;Prepaeraeshun. Fur 24 secunds, yuoor aerroos ixplude-a oon cuntaect, deaeleeng 3..18 fure-a daemaege-a tu taerget und aell aedjaecent fues.;1;24;17;2;0;10;2;12;0;0;0;0;0;0;0;
432;Reaed zee Veend (PfP);Wind lesen (PvP);Prepaeraeshun. Fur 24 secunds, yuoor aerroos mufe-a tveece-a aes faest.;0;25;17;2;0;5;2;12;0;0;0;0;0;0;0;
433;Keendle-a Aerroos;Zündelpfeile;Prepaeraeshun. Fur 24 secunds, yuoor aerroos deael fure-a daemaege-a und heet fur un aeddeeshunael 3..24 fure-a daemaege-a. Bork! Bork! Bork!;0;24;17;2;0;5;2;12;0;0;0;0;0;0;0;
434;Chukeeng Gaes;Würgegas;Prepaeraeshun. Fur 1..12 secunds, yuoor aerroos deael 1..8 mure-a daemaege-a und spreaed Chukeeng Gaes tu aell aedjaecent fues oon impaect. Chukeeng Gaes interroopts fues aettempteeng tu caest spells.;0;24;17;2;0;15;2;24;0;0;0;0;0;0;0;
435;Aepply Pueesun;Gift auftragen;Prepaeraeshun. Fur 24 secunds, fues stroock by yuoor physeecael aettaecks becume-a Pueesuned fur 3..15 secunds.;0;24;17;2;0;15;2;12;0;0;0;0;0;0;0;
436;Cumffurt Uneemael (PfP);Tier erquicken (PvP);Skeell. Yuoo heael yuoor uneemael cumpuneeun fur 40..120 Heaelt. Iff yuoor cumpuneeun is deaed, it is resoorrected veet 10..58% Heaelt. Iff yuoo haefe-a Cumffurt Uneemael iqooeepped, yuoor uneemael cumpuneeun veell traefel veet yuoo.;0;22;1;2;0;10;1;1;0;0;0;0;0;0;0;
437;Besteeael Puoonce-a;Bestiensprung;Pet Aettaeck. Yuoor uneemael cumpuneeun aettempts a Besteeael Puoonce-a thaet deaels +5..20 daemaege-a. Iff zee aettaeck streekes a fue-a vhu is caesteeng a spell, thaet fue-a is knucked doon.;1;22;11;2;0;5;0;10;0;0;0;0;0;0;0;
438;Maeeemeeng Streeke-a;Verkrüppelungs-Schlag;Pet Aettaeck. Yuoor uneemael cumpuneeun aettempts a Maeeemeeng Streeke-a thaet deaels +5..20 daemaege-a. Iff thaet aettaeck heets thaet fue-a becumes Creeppled fur 3..15 secunds.;0;22;11;2;0;10;0;5;0;0;0;0;0;0;0;
439;Ferael Loonge-a;Wilder Ausfall;Pet Aettaeck. Yuoor uneemael cumpuneeun aettempts a Ferael Loonge-a thaet deaels +5..35 daemaege-a. Iff zee aettaeck streekes a fue-a vhu is aettaeckeeng, thaet fue-a sooffffers frum Bleedeeng fur 5..25 secunds. Bork! Bork! Bork!;1;22;11;2;0;5;0;10;0;0;0;0;0;0;0;
440;Scaefenger Streeke-a;Aasfresser-Schlag;Pet Aettaeck. Yuoor uneemael cumpuneeun aettempts a Scaefenger Streeke-a thaet deaels +10..25 daemaege-a. Iff zee aettaeck streekes a fue-a vhu is sooffffereeng frum a cundeeshun, yuoo gaeeen 3..15 Inergy.;0;22;11;2;0;5;0;10;0;0;0;0;0;0;0;
441;Melundroo's Aessoolt (PfP);Melandrus Angriff (PvP);Pet Aettaeck. Yuoor uneemael cumpuneeun aettempts a Melundroo's Aessoolt thaet deaels +5..20 daemaege-a. Iff thaet aettaeck streekes a fue-a veet un inchuntment, thaet fue-a und aell aedjaecent fues taeke-a +5..35 aeddeeshunael daemaege-a.;1;22;11;2;0;10;0;5;0;0;0;0;0;0;0;
442;Feruceeuoos Streeke-a;Wilder Schlag;Ileete-a Pet Aettaeck. Yuoor uneemael cumpuneeun aettempts a Feruceeuoos Streeke-a thaet deaels +13..28 daemaege-a. Iff thaet aettaeck heets, yuoo gaeeen aedrenaeleene-a und 3..10 Inergy.;0;22;11;2;0;5;0;8;0;0;1;0;0;0;0;
443;Predaetur's Puoonce-a;Raubtier-Sprung;Pet Aettaeck. Yuoor uneemael cumpuneeun aettempts a Predaetur's Puoonce-a thaet deaels +5..35 daemaege-a. Iff thaet aettaeck heets, yuoor uneemael cumpuneeun gaeeens 5..50 Heaelt.;1;22;11;2;0;5;0;5;0;0;0;0;0;0;0;
444;Brootael Streeke-a;Schonungsloser Schlag;Pet Aettaeck. Yuoor uneemael cumpuneeun aettempts a Brootael Streeke-a thaet deaels +5..35 daemaege-a. Iff thaet aettaeck streekes a fue-a vhuse-a Heaelt is beloo 50%, thaet fue-a taekes un aeddeeshunael +5..35 daemaege-a.;1;22;11;2;0;10;0;5;0;0;0;0;0;0;0;
445;Deesroopteeng Loonge-a;Unterbrechender Ausfall;Pet Aettaeck. Yuoor uneemael cumpuneeun aettempts a Deesroopteeng Loonge-a thaet deaels +1..12 daemaege-a. Iff thaet aettaeck streekes a fue-a useeng a skeell thaet skeell is interroopted und is deesaebled fur un aeddeeshunael 20 secunds. Bork! Bork! Bork!;0;22;11;2;0;5;0;10;0;0;0;0;0;0;0;
446;Trull Ungooent;Trollsalbe;Skeell. Fur 13 secunds, yuoo gaeeen +3..10 Heaelt regeneraeshun.;0;24;1;2;0;5;3;10;0;0;0;0;0;0;0;
447;Ootyoogh's Cry (PfP);Otyughs Schrei (PvP);Shuoot. Fur 5..15 secunds, yuoor uneemael cumpuneeun gaeeens +24 aermur und cunnut be-a blucked. Bork! Bork! Bork!;1;22;20;2;0;5;0;30;0;0;0;0;0;0;0;
448;Iscaepe-a (PfP);Flucht (PvP);Ileete-a Stunce-a. Fur 1..8 secunds, yuoo mufe-a 33% faester und haefe-a a 75% chunce-a tu bluck aettaecks. Iscaepe-a inds iff yuoo maeke-a a melee-a aettaeck.;0;23;29;2;0;5;0;12;0;0;1;0;0;0;0;
449;Praecteeced Stunce-a;Geübte Haltung;Ileete-a Stunce-a. Fur 20..35 secunds, yuoor prepaeraeshuns rechaerge-a 50% faester und laest 30..300% lunger.;1;23;29;2;0;5;0;15;0;0;1;0;0;0;0;
450;Vhurleeng Deffense-a;Wirbelverteidigung;Stunce-a. Fur 8..20 secunds, yuoo haefe-a 75% chunce-a tu bluck aettaecks. Vhenefer yuoo bluck a prujecteele-a in thees vaey, aedjaecent fues taeke-a 5..11 daemaege-a.;0;23;29;2;0;10;0;60;0;0;0;0;0;0;0;
451;Melundroo's Reseeleeence-a;Melandrus Belastbarkeit;Ileete-a Stunce-a. Fur 8..20 secunds, yuoo gaeeen +4 Heaelt regeneraeshun und +1 Inergy regeneraeshun fur iaech cundeeshun und hex yuoo aere-a sooffffereeng.;1;24;29;2;0;5;0;15;0;0;1;0;0;0;0;
452;Dryder's Deffenses;Dryders Verteidigungen;Stunce-a. Fur 5..11 secunds, yuoo gaeeen 75% chunce-a tu bluck aettaecks und 34..60 aermur aegaeeenst ilementael daemaege-a. Bork! Bork! Bork!;1;24;29;2;0;5;0;60;0;0;0;0;0;0;0;
453;Leeghtneeng Refflexes (PfP);Blitzreflexe (PvP);Stunce-a. Fur 5..11 secunds, yuoo haefe-a a 75% chunce-a tu bluck melee-a und prujecteele-a aettaecks, und yuoo aettaeck 33% faester. Bork! Bork! Bork!;0;23;29;2;0;10;0;45;0;0;0;0;0;0;0;
454;Teeger's Foory;Wut des Tigers;Stunce-a. Aell yuoor nun-aettaeck skeells aere-a deesaebled fur 5 secunds. Fur 5..11 secunds, yuoo aettaeck 25% faester.;1;22;29;2;0;10;0;10;0;0;0;0;0;0;0;
455;Sturm Chaeser;Sturmjäger;Stunce-a. Fur 8..20 secunds, yuoo mufe-a 25% faester, und yuoo gaeeen 1..5 Inergy vhenefer yuoo taeke-a ilementael daemaege-a.;0;24;29;2;0;10;0;20;0;0;0;0;0;0;0;
456;Serpent's Qooeeckness;Schlangen-Schnelligkeit;Stunce-a. Fur 15..30 secunds, rechaerge-a teemes fur yuoor skeells aere-a redooced by 33%. Serpent's Qooeeckness inds iff yuoor Heaelt drups beloo 50%.;1;24;29;2;0;5;0;45;0;0;0;0;0;0;0;
457;Doost Traep;Staubfalle;Traep. Vhee Doost Traep is treeggered, ifery secund (fur 5 secunds tutael), aell neaerby fues aere-a Bleended fur 3..8 secunds und taeke-a 10..25 daemaege-a. Vheele-a aecteefaeteeng thees skeell, yuoo aere-a iaeseely interroopted. Doost Traep inds aeffter 90 secunds.;1;24;30;2;0;25;2;30;0;0;0;0;0;0;0;
458;Baerbed Traep;Stachelfalle;Traep. Vhee Baerbed Traep is treeggered, aell neaerby fues aere-a stroock fur 7..23 peeerceeng daemaege-a, becume-a Creeppled, und begeen Bleedeeng fur 3..25 secunds. Baerbed Traep inds aeffter 90 secunds. Vheele-a aecteefaeteeng thees skeell, yuoo aere-a iaeseely interroopted.;0;24;30;2;0;10;2;20;0;0;0;0;0;0;0;
459;Flaeme-a Traep;Flammenfalle;Traep. Vhee Flaeme-a Traep is treeggered, ifery secund (fur 3 secunds tutael), aell neaerby fues aere-a stroock fur 5..20 fure-a daemaege-a und set oon fure-a fur 1..3 secunds. Flaeme-a Traep inds aeffter 90 secunds. Vheele-a aecteefaeteeng thees skeell, yuoo aere-a iaeseely interroopted.;0;24;30;2;0;10;2;20;0;0;0;0;0;0;0;
460;Heaeleeng Spreeng;Heilquelle;Traep. Fur 10 secunds, aell aedjaecent aelleees aere-a heaeled fur 15..60 ifery 2 secunds. Vheele-a aecteefaeteeng thees skeell, yuoo aere-a iaeseely interroopted.;1;24;30;2;0;10;2;20;0;0;0;0;0;0;0;
461;Speeke-a Traep;Dornenfalle;Ileete-a Traep. Vhee Speeke-a Traep is treeggered, ifery secund (fur 2 secunds tutael), aell neaerby fues aere-a stroock fur 10..40 peeerceeng daemaege-a, becume-a Creeppled fur 3..25 secunds, und aere-a knucked doon. Speeke-a Traep inds aeffter 90 secunds. Vheele-a aecteefaeteeng thees skeell, yuoo aere-a iaeseely interroopted.;0;24;30;2;0;10;2;20;0;0;1;0;0;0;0;
462;Veenter;Winter;Naetoore-a Reetooael. Creaete-a a lefel 1..10 spureet. Fur creaetoores veetheen its runge-a, aell ilementael daemaege-a is culd daemaege-a insteaed. Thees spureet deees aeffter 30..240 secunds.;1;24;19;2;0;5;2;60;0;0;0;0;0;0;0;
463;Veennooeeng;Trennung;Naetoore-a Reetooael. Creaete-a a lefel 1..10 spureet. Nun-spureet creaetoores veetheen runge-a taeke-a 4 aeddeeshunael daemaege-a vhenefer zeey taeke-a physeecael daemaege-a. Thees spureet deees aeffter 30..240 secunds.;0;24;19;2;0;5;2;60;0;0;0;0;0;0;0;
464;Idge-a ooff Ixteencshun;Rand der Auslöschung;Naetoore-a Reetooael. Creaete-a a lefel 1..10 spureet. Iff a nun-spureet creaetoore-a veetheen runge-a deees, Idge-a ooff Ixteencshun deaels 14..50 daemaege-a tu aell creaetoores ooff zee saeme-a type-a thaet aere-a beloo 90% Heaelt und veetheen runge-a ooff zee spureet. Thees spureet deees aeffter 30..240 secunds.;1;22;19;2;0;5;2;60;0;0;0;0;0;0;0;
465;Greaeter Cunfflaegraeshun;Großflächenbrand;Ileete-a Naetoore-a Reetooael. Creaete-a a lefel 1..10 spureet. Fur nun-spureet creaetoores veetheen its runge-a, aell physeecael daemaege-a is fure-a daemaege-a insteaed. Thees spureet deees aeffter 30..240 secunds.;1;24;19;2;0;5;2;15;0;0;1;0;0;0;0;
466;Cunfflaegraeshun;Feuersbrunst;Naetoore-a Reetooael. Creaete-a a lefel 1..10 spureet. Fur nun-spureet creaetoores veetheen its runge-a, aell aerroos thaet heet streeke-a fur fure-a daemaege-a. Thees spureet deees aeffter 30..240 secunds.;2;24;19;2;0;5;2;60;0;0;0;0;0;0;0;
467;Ferteele-a Seaesun;Fruchtbare Jahreszeit;Naetoore-a Reetooael. Creaete-a a lefel 1..10 spureet. Nun-spureet creaetoores veetheen runge-a haefe-a +50..150 maexeemoom Heaelt und gaeeen +8 aermur. Thees spureet deees aeffter 15..90 secunds.;1;22;19;2;0;15;2;60;0;0;0;0;0;0;0;
468;Symbeeusees;Symbiose;Naetoore-a Reetooael. Creaete-a a lefel 1..10 spureet. Fur iaech inchuntment oon a nun-spureet creaetoore-a veetheen runge-a, thaet creaetoore-a haes +27..150 maexeemoom Heaelt. Thees spureet deees aeffter 30..240 secunds.;1;22;19;2;0;5;2;60;0;0;0;0;0;0;0;
469;Preemael Ichues;Urechos;Naetoore-a Reetooael. Creaete-a a lefel 1..10 spureet. Fur nun-spureet creaetoores veetheen its runge-a, seegnets cust 10 Inergy tu use-a. Thees spureet deees aeffter 30..240 secunds.;0;22;19;2;0;5;2;60;0;0;0;0;0;0;0;
470;Predaetury Seaesun;Jagdsaison;Naetoore-a Reetooael. Creaete-a a lefel 1..10 spureet. Fur nun-spureet creaetoores veetheen its runge-a, aell heaeleeng is redooced by 20%. Iff uny ooff yuoor aettaecks heet, yuoo gaeeen 5 Heaelt. Thees spureet deees aeffter 30..240 secunds.;1;22;19;2;0;5;2;60;0;0;0;0;0;0;0;
471;Fruzee Sueel;Eisboden;Naetoore-a Reetooael. Creaete-a a lefel 1..10 spureet. Nun-spureet creaetoores veetheen its runge-a cunnut aecteefaete-a resoorrecshun skeells. Thees spureet deees aeffter 30..180 secunds.;1;24;19;2;0;10;2;30;0;0;0;0;0;0;0;
472;Faefuraeble-a Veends;Günstige Winde;Naetoore-a Reetooael. Creaete-a a lefel 1..10 spureet. Fur nun-spureet creaetoores veetheen its runge-a, aerroos mufe-a tveece-a aes faest und streeke-a fur +6 daemaege-a. Thees spureet deees aeffter 30..240 secunds.;0;25;19;2;0;5;2;60;0;0;0;0;0;0;0;
474;Inergeezeeng Veend;Treibwind;Naetoore-a Reetooael. Creaete-a a lefel 1..6 spureet. Fur nun-spureet creaetoores veetheen its runge-a, aell skeells cust 15 less Inergy (meeneemoom cust 10 Inergy), und skeells rechaerge-a 25% slooer. Thees spureet deees aeffter 1..60 secunds.;0;22;19;2;0;15;2;60;0;0;0;0;0;0;0;
475;Qooeeckeneeng Zephyr;Beschleunigender Zephyr;Naetoore-a Reetooael. Creaete-a a lefel 1..10 spureet. Fur nun-spureet creaetoores veetheen its runge-a, aell skeells rechaerge-a tveece-a aes faest und cust 30% mure-a ooff zee baese-a Inergy tu caest. Thees spureet deees aeffter 15..90 secunds.;0;24;19;2;0;25;2;60;0;0;0;0;0;0;0;
476;Naetoore-a's Renooael (PfP);Erneuerung der Natur (PvP);Naetoore-a Reetooael. Creaete-a a lefel 1..10 spureet. Fur 30..240 secunds, inchuntments und hexes caest by nun-spureet creaetoores taeke-a 50..75% lunger tu caest, und it custs tveece-a aes mooch Inergy tu maeeentaeeen inchuntments. Thees spureet deees aeffter 30..240 secunds.;0;24;19;2;0;5;2;60;0;0;0;0;0;0;0;
477;Mooddy Terraeeen;Schlammiges Terrain;Naetoore-a Reetooael. Creaete-a a lefel 1..10 spureet. Nun-spureet creaetoores veetheen its runge-a mufe-a 10% slooer und speed buusts haefe-a nu iffffect. Thees spureet deees aeffter 30..180 secunds.;1;24;19;2;0;5;2;30;0;0;0;0;0;0;0;
570;Maerk ooff Insecooreety;Zeichen der Unsicherheit;Ileete-a Hex Spell. Fur 5..25 secunds, taerget fue-a sooffffers frum -1..5 Heaelt degeneraeshun, und inchuntments und stunces oon thaet fue-a ixpure-a 20..60% faester. Aell ooff yuoor nun-Aessaesseen skeells aere-a deesaebled fur 5 secunds.;3;30;24;7;0;5;1;10;0;0;1;0;0;0;0;
571;Deesroopteeng Daegger;Unterbrechender Dolch;Spell. Send oooot a Deesroopteeng Daegger aet taerget fue-a thaet streekes fur 10..35 iaert daemaege-a. Iff thaet fue-a vaes aecteefaeteeng a skeell, thaet skeell is interroopted. Thees spell haes haelff zee nurmael runge-a.;3;30;22;7;0;5;.25;10;0;0;0;0;0;0;0;
572;Deaedly Paeraedux;Tödliches Paradoxon;Stunce-a. Aell ooff yuoor aettaeck skeells aere-a deesaebled fur 10 secunds. Fur 5..15 secunds, yuoor Aessaesseen skeells aecteefaete-a und rechaerge-a 33% faester.;3;30;29;7;0;15;0;10;0;0;0;0;0;0;0;
763;Joondeeced Gaeze-a;Neidvoller Blick;Inchuntment Spell. Remufe-a un inchuntment frum taerget fue-a. Iff un inchuntment is remufed, fur zee next 1..20 secunds, yuoor next inchuntment spell caests 0..1 secunds faester und custs 1..10 less Inergy.;2;4;23;4;0;5;1;15;0;0;0;0;0;0;0;
764;Vaeeel ooff Duum;Schicksalsklage;Ileete-a Hex Spell. Fur 2..6 secunds, aell ooff taerget fue-a's aettreebootes aere-a set tu 0.;2;6;24;4;0;1;.25;15;0;10;1;0;0;0;0;
766;Gaeze-a ooff Cuntempt;Verächtlicher Blick;Spell. Iff taerget fue-a haes mure-a thun 50% Heaelt, thaet fue-a luses aell inchuntments.;2;-1;22;4;0;10;2;10;0;0;0;0;0;0;0;
769;Feeper's Deffense-a;Verteidigung der Viper;Spell. Aell aedjaecent fues aere-a Pueesuned fur 5..20 secunds. Shaedoo Step tu a neaerby lucaeshun durectly aevaey frum yuoor taerget.;2;31;22;7;0;5;.25;10;0;0;0;0;0;0;0;
770;Retoorn;Rückkehr;Spell. Aell aedjaecent fues aere-a Creeppled fur 3..8 secunds. Shaedoo Step tu taerget oozeer aelly's lucaeshun.;2;31;22;7;0;5;.25;15;0;0;0;0;0;0;0;
771;Oora ooff Deesplaecement;Aura der Verschiebung;Ileete-a Inchuntment Spell. Vhee yuoo caest Oora ooff Deesplaecement, Shaedoo Step tu taerget fue-a. Vhee yuoo stup maeeentaeeeneeng Oora ooff Deesplaecement yuoo retoorn tu yuoor ooreegeenael lucaeshun. Bork! Bork! Bork!;2;-1;23;7;-1;5;.25;20;0;0;1;0;0;0;0;
772;Generuoos Vaes Tsoongraeee;Großzügig war Tsungrai;Item Spell. Huld Tsoongraeee's aeshes fur up tu 15..60 secunds und gaeeen +50..140 maexeemoom Heaelt. Vhee yuoo drup hees aeshes, yuoo gaeeen 100..280 Heaelt.;2;33;25;8;0;5;1;15;0;10;0;0;0;0;0;
773;Meeghty Vaes Fureezoon;Mächtig war Vorizun;Item Spell. Huld Fureezoon's aeshes fur up tu 15..60 secunds. Vheele-a yuoo huld hees aeshes, yuoo gaeeen +15 aermur und +30 maexeemoom Inergy.;2;32;25;8;0;5;2;30;0;0;0;0;0;0;0;
775;Deaet Blussum (PfP);Todesblüte (PvP);Dooael Aettaeck. Moost fulloo un ooffff-hund aettaeck. Iff it heets, Deaet Blussum streekes taerget fue-a fur +20..45 daemaege-a und aell aedjaecent fues taeke-a 20..45 daemaege-a.;2;29;7;7;0;5;0;6;0;0;0;0;0;0;0;
776;Tveesteeng Fungs;Schlangenzähne;Dooael Aettaeck. Moost fulloo un ooffff-hund aettaeck. Iff it heets, Tveesteeng Fungs streekes fur +10..20 daemaege-a und stroock fue-a sooffffers frum Bleedeeng und Deep Vuoond fur 5..20 secunds.;2;35;7;7;0;10;0;15;0;0;0;0;0;0;0;
777;Hurns ooff zee Oox;Hörner des Ochsen;Dooael Aettaeck. Moost fulloo un ooffff-hund aettaeck. Iff it heets, Hurns ooff zee Oox streekes fur +1..11 daemaege-a. Iff stroock fue-a is nut aedjaecent tu uny aelleees, thaet fue-a is knucked doon.;2;29;7;7;0;5;0;12;0;0;0;0;0;0;0;
778;Faelleeng Speeder;Fallende Spinne;Ooffff-Hund Aettaeck. Moost streeke-a a knucked-doon fue-a. Iff it heets, Faelleeng Speeder streekes fur +15..35 daemaege-a und taerget fue-a is Pueesuned fur 5..20 secunds.;2;29;6;7;0;5;0;8;0;0;0;0;0;0;0;
779;Blaeck Lutoos Streeke-a;Schwarzer Lotus-Stoß;Leaed Aettaeck. Iff it heets, Blaeck Lutoos Streeke-a streekes fur +10..31 daemaege-a. Iff taerget fue-a is sooffffereeng frum a hex, yuoo gaeeen 5..13 Inergy. Bork! Bork! Bork!;2;35;5;7;0;5;0;6;0;0;0;0;0;0;0;
780;Fux Fungs (PfP);Reißzähne des Fuchses (PvP);Ooffff-Hund Aettaeck. Moost fulloo a leaed aettaeck. Fux Fungs cunnut be-a blucked und streekes fur +10..25 daemaege-a iff it heets. Bork! Bork! Bork!;2;29;6;7;0;5;.5;6;0;0;0;0;0;0;0;
781;Muebeeoos Streeke-a;Möbiusstoß;Ileete-a Ooffff-Hund Aettaeck. Moost fulloo a Dooael Aettaeck. Iff it heets, Muebeeoos Streeke-a streekes fur +10..35 daemaege-a. Iff yuoo streeke-a a fue-a vhuse-a Heaelt is beloo 50%, aell yuoor oozeer aettaeck skeells aere-a rechaerged.;2;29;6;7;0;5;0;2;0;0;1;0;0;0;0;
782;Jaegged Streeke-a;Gezackter Stoß;Leaed Aettaeck. Iff Jaegged Streeke-a heets, yuoor taerget sooffffers frum Bleedeeng fur 5..20 secunds.;2;29;5;7;0;5;.5;2;0;0;0;0;0;0;0;
783;Unsoospecteeng Streeke-a;Unvermuteter Stoß;Leaed Aettaeck. Iff thees aettaeck heets, yuoo streeke-a fur +19..31 daemaege-a. Iff yuoor taerget vaes aebufe-a 90% Heaelt yuoo deael un aeddeeshunael 15..75 daemaege-a.;2;35;5;7;0;10;0;2;0;0;0;0;0;0;0;
784;Intungleeng Aesp;Schlingnatter;Spell. Intungleeng Aesp moost fulloo a leaed aettaeck. Taerget fue-a is knucked doon und becumes Pueesuned fur 5..20 secunds.;2;30;22;7;0;10;1;20;0;0;0;0;0;0;0;
785;Maerk ooff Deaet;Zeichen des Todes;Hex Spell. Fur 4..10 secunds, taerget fue-a gaeeens 50% less beneffeet frum heaeleeng.;2;30;24;7;0;10;.25;20;0;0;0;0;0;0;0;
786;Irun Paelm;Eiserne Handfläche;Skeell. Taerget tuooched fue-a sooffffers 5..50 daemaege-a, und iff thaet fue-a is sooffffereeng frum a hex oor cundeeshun thaet fue-a is knucked doon. Irun Paelm cuoonts aes a leaed aettaeck.;2;30;1;7;0;5;.75;20;0;0;0;0;0;0;0;
787;Reseeleeent Veaepun;Unverwüstliche Waffe;Veaepun Spell. Fur 3..12 secunds, taerget aelly haes a Reseeleeent Veaepun. Vheele-a sooffffereeng frum a hex oor cundeeshun, thaet aelly gaeeens +1..6 Heaelt regeneraeshun und +24 aermur.;2;33;27;8;0;10;1;6;0;0;0;0;0;0;0;
788;Bleend Vaes Meengsun;Blind war Mingson;Item Spell. Huld Meengsun's aeshes fur up tu 15..60 secunds. Vhee yuoo drup hees aeshes, aell neaerby fues aere-a Bleended fur 3..8 secunds.;2;33;25;8;0;5;1;20;0;0;0;0;0;0;0;
789;Graespeeng Vaes Koooorung;Erfassend war Kuurong;Ileete-a Item Spell. Huld Koooorung's aeshes fur up tu 15..60 secunds. Vhee yuoo drup hees aeshes, aell fues in zee aerea aere-a stroock fur 15..75 daemaege-a und knucked doon.;2;34;25;8;0;15;1.5;25;0;0;1;0;0;0;0;
790;Fengeffool Vaes Khunheee;Nachtragend war Khanhei;Ileete-a Item Spell. Huld Khunheee's aeshes fur 5..11 secunds. Vhenefer a fue-a streekes yuoo in cumbaet vheele-a yuoo aere-a huldeeng Khunheee's aeshes, yuoo steael 10..45 Heaelt frum thaet fue-a. Bork! Bork! Bork!;2;33;25;8;0;5;.75;15;0;0;1;0;0;0;0;
791;Flesh ooff My Flesh (PfP);Fleisch von meinem Fleisch (PvP);Spell. Luse-a haelff yuoor Heaelt. Resoorrect taerget paerty member veet yuoor coorrent Heaelt und 5..20% Inergy.;2;33;22;8;0;5;4;6;0;0;0;0;0;0;0;
792;Spleenter Veaepun (PfP);Splitterwaffe (PvP);Veaepun Spell. Fur 20 secunds, taerget aelly haes a Spleenter Veaepun. Taerget aelly's next 1..5 aettaecks deal 5..40 daemaege-a tu up tu 4 aedjaecent fues.;2;34;27;8;0;5;1;8;0;0;0;0;0;0;0;
793;Veaepun ooff Vaerdeeng (PfP);Waffe der Abwehr (PvP);Veaepun Spell. Fur 3..8 secunds, taerget aelly haes a Veaepun ooff Vaerdeeng, grunteeng thaet aelly +2..4 Heaelt regeneraeshun und a 50% chunce-a tu bluck. Veaepun ooff Vaerdeeng inds iff thaet aelly aettaecks.;2;33;27;8;0;10;1;8;0;0;0;0;0;0;0;
794;Vaeeeleeng Veaepun;Klagende Waffe;Veaepun Spell. Fur 3..14 secunds, taerget aelly haes a Vaeeeleeng Veaepun. Vhenefer zee Vaeeeleeng Veaepun streekes un aettaeckeeng fue-a, thaet fue-a is interroopted.;2;34;27;8;0;5;1;15;0;0;0;0;0;0;0;
795;Neeghtmaere-a Veaepun;Alptraumwaffe;Veaepun Spell. Fur 12 secunds, taerget aelly haes a Neeghtmaere-a Veaepun. Taerget aelly's next 3 aettaecks aere-a redooced by 10..50 daemaege-a und steael up tu 10..50 Heaelt.;2;34;27;8;0;5;1;10;0;0;0;0;0;0;0;
799;Begooeeleeng Haeze-a;Verführerischer Dunst;Ileete-a Spell. Shaedoo Step tu taerget fue-a. Thaet fue-a becumes Daezed fur 3..9 secunds.;2;31;22;7;0;10;.25;20;0;0;1;0;0;0;0;
800;Indooreeng Tuxeen;Dauerhaftes Toxin;Hex Spell. Fur 5 secunds, taerget fue-a sooffffers -1..5 Heaelt degeneraeshun. Iff thaet fue-a is mufeeng vhee Indooreeng Tuxeen vuoold ind, Indooreeng Tuxeen is renooed fur unuzeer 5 secunds.;2;30;24;7;0;5;.25;10;0;0;0;0;0;0;0;
801;Shruood ooff Seelence-a;Schleier des Schweigens;Ileete-a Hex Spell. Aell ooff yuoor spells aere-a deesaebled fur 15 secunds. Fur 1..6 secunds, taerget tuooched fue-a cunnut caest spells.;2;30;24;7;0;10;.75;30;0;0;1;0;0;0;0;
802;Ixpuse-a Deffenses;Verteidigungen aufdecken;Hex Spell. Fur 1..11 secunds, taerget fue-a cunnut bluck yuoor aettaecks.;2;30;24;7;0;5;1;25;0;0;0;0;0;0;0;
803;Pooer Leech;Kraftfresser;Ileete-a Hex Spell. Iff taerget fue-a is caesteeng a spell oor chunt, thaet skeell is interroopted und fur 10 secunds, vhenefer thaet fue-a caests a spell, yuoo steael up tu 5..15 Inergy frum thaet fue-a.;2;3;24;5;0;5;.25;20;0;0;1;0;0;0;0;
804;Aercune-a Lungoour;Arkane Schwäche;Ileete-a Hex Spell. Fur 1..10 secunds, aell spells caest by zee taerget fue-a coose-a 10 Oofercaest.;2;0;24;5;0;10;2;15;0;0;1;0;0;0;0;
805;Uneemaete-a Faempureec Hurrur;Vampirschreck beleben;Spell. Ixplueet neaerest curpse-a tu uneemaete-a a lefel 1..17 Faempureec Hurrur. Vhenefer a Faempureec Hurrur yuoo cuntrul deaels daemaege-a, yuoo gaeeen zee saeme-a aemuoont ooff Heaelt.;2;5;22;4;0;10;1;15;0;0;0;0;0;0;0;
806;Coolteest's Ferfur;Eifer des Sektierers;Ileete-a Inchuntment Spell. Fur 5 secunds und 3 secunds lunger fur ifery runk ooff Suool Reaepeeng, yuoor Necrumuncer spells cust -1..6 Inergy tu caest, boot yuoo sooffffer frum Bleedeeng fur 10 secunds iaech teeme-a yuoo caest a Necrumuncer spell.;2;4;23;4;0;5;1;15;0;0;1;0;0;0;0;
808;Reaeper's Maerk;Zeichen des Schnitters;Ileete-a Hex Spell. Fur 30 secunds, taerget fue-a sooffffers -1..5 Heaelt degeneraeshun. Iff thaet fue-a deees vheele-a hexed veet Reaeper's Maerk, yuoo gaeeen 5..15 Inergy.;3;6;24;4;0;5;1;10;0;0;1;0;0;0;0;
809;Shaetterstune-a;Trümmerstein;Ileete-a Hex Spell. Taerget fue-a is stroock fur 25..100 culd daemaege-a, mufes 66% slooer, und is hexed veet Shaetterstune-a fur 3 secunds. Vhee Shaetterstune-a inds, thaet fue-a und aell neaerby fues aere-a stroock fur 25..100 culd daemaege-a.;2;11;24;6;0;10;2;8;0;0;1;0;0;0;0;
810;Prutectur's Deffense-a (PfP);Verteidigung des Beschützers (PvP);Skeell. Fur 4..8 secunds, aelleees aedjaecent tu yuoo haefe-a a 75% chunce-a tu bluck incumeeng aettaecks. Prutectur's Deffense-a inds iff yuoo mufe-a.;2;21;1;1;0;5;0;30;0;0;0;0;0;0;0;
811;Roon aes Oone-a;Gemeinsam rennen;Stunce-a. Fur 5..15 secunds, yuoo und yuoor pet roon 25% faester.;2;22;29;2;0;5;0;15;0;0;0;0;0;0;0;
812;Deffeeunt Vaes Xeenraee-a;Trotzig war Xinrae;Ileete-a Item Spell. Huld Xeenraee-a's aeshes fur up tu 15..60 secunds. Vheele-a yuoo huld her aeshes, yuoo cunnut luse-a mure-a thun 20% ooff yuoor maex Heaelt frum a seengle-a heet. Vhee yuoo drup her aeshes, yuoo steael 5..50 Heaelt frum aell neaerby fues.;2;33;25;8;0;5;1;20;0;0;1;0;0;0;0;
813;Lyssa's Oora;Lyssas Aura;Ileete-a Inchuntment Spell. Fur 10 secunds, yuoo haefe-a +0..5 Inergy regeneraeshun. Thees inchuntment reaeppleees itselff ifery teeme-a yuoo caest a spell oon a fue-a.;2;3;23;5;0;5;1;30;0;0;1;0;0;0;0;
814;Shaedoo Reffooge-a;Schattenzuflucht;Inchuntment Spell. Fur 6 secunds, yuoo gaeeen 5..10 Heaelt regeneraeshun. Vhee Shaedoo Reffooge-a inds, yuoo gaeeen 40..100 Heaelt iff yuoo aere-a aettaeckeeng.;2;31;23;7;0;5;1;8;0;0;0;0;0;0;0;
815;Scurpeeun Vure-a;Skorpiondraht;Hex Spell. Fur 8..20 secunds, zee next teeme-a yuoo und taerget fue-a aere-a mure-a thun 75' aepaert, yuoo Shaedoo Step tu thaet fue-a und thaet fue-a is knucked doon. Thees spell haes haelff zee nurmael runge-a.;2;30;24;7;0;5;1;10;0;0;0;0;0;0;0;
816;Murrured Stunce-a;Gespiegelte Haltung;Hex Spell. Fur 10..35 secunds, vhenefer taerget fue-a inters a stunce-a, yuoo inter zee saeme-a stunce-a. Bork! Bork! Bork!;2;31;24;7;0;5;.25;15;0;0;0;0;0;0;0;
817;Deescurd (PfP);Zwietracht (PvP);Ileete-a Spell. Iff taerget fue-a is sooffffereeng frum a cundeeshun und under zee iffffects ooff a hex oor un inchuntment, thaet fue-a sooffffers 30..110 daemaege-a.;2;5;22;4;0;5;2;2;0;0;1;0;0;0;0;
818;Vell ooff Veaereeness;Brunnen der Müdigkeit;Vell Spell. Ixplueet taerget curpse-a oor saecreeffeece-a 66% heaelt tu creaete-a a Vell ooff Veaereeness fur 10..55 secunds. Inemeees veetheen zee Vell ooff Veaereeness sooffffer -1 Inergy degeneraeshun.;2;7;28;4;0;5;1;5;0;0;0;0;0;0;0;
819;Faempureec Spureet;Vampirgeist;Ileete-a Inchuntment Spell. Steael up tu 15..60 Heaelt frum taerget fue-a. Fur 10 secunds, yuoo haefe-a +5..10 Heaelt regeneraeshun.;2;4;23;4;0;5;1;8;0;0;1;0;0;0;0;
820;Depraefeety;Verderbtheit;Ileete-a Hex Spell. Fur 5..20 secunds, vhenefer taerget fue-a caests a spell, thaet fue-a und oone-a neaerby fue-a luse-a 1..5 Inergy.;3;7;24;4;0;10;1;15;0;0;1;0;0;0;0;
821;Icy Feeens;Eisadern;Ileete-a Hex Spell. Taerget fue-a is stroock fur 10..90 culd daemaege-a. Fur 10..35 secunds, iff taerget fue-a deees aell neaerby fues aere-a stroock fur 20..110 culd daemaege-a.;2;6;24;4;0;10;1;5;0;0;1;0;0;0;0;
822;Veaekee Knees;Weiche Knie;Ileete-a Hex Spell. Fur 1..16 secunds, taerget fue-a sooffffers -1..4 Heaelt degeneraeshun und taekes 5..20 daemaege-a vheele-a mufeeng.;2;7;24;4;0;5;1;5;0;0;1;0;0;0;0;
823;Boorneeng Speed;Brennende Eile;Inchuntment Spell. Fur 7 secunds, yuoo aere-a set oon fure-a und mufe-a 30..45% faester. Vhee Boorneeng Speed inds, aell aedjaecent fues aere-a set oon fure-a fur 3..9 secunds.;2;10;23;6;0;10;.25;0;0;0;0;0;0;0;0;
824;Laefa Aerroos;Lavapfeile;Spell. Laefa Aerroos fly tooaerd up tu 3 fues neaer yuoor taerget und streeke-a fur 20..65 fure-a daemaege-a iff zeey heet.;2;10;22;6;0;5;1;2;0;0;0;0;0;0;0;
825;Bed ooff Cuaels;Kohlenbett;Spell. Creaete-a a Bed ooff Cuaels aet taerget fue-a's lucaeshun. Fur 5 secunds, fues aedjaecent tu taerget fue-a aere-a stroock fur 5..29 fure-a daemaege-a iaech secund. Uny fue-a knucked doon oon zee Bed ooff Cuaels is set oon fure-a fur 3..7 secunds.;2;10;22;6;0;10;1;15;0;0;0;0;0;0;0;
826;Shaedoo Furm (PfP);Schattenform (PvP);Ileete-a Inchuntment Spell. Fur 5..15 secunds, aell husteele-a spells thaet taerget yuoo faeeel und aell aettaecks aegaeeenst yuoo meess. Vhee Shaedoo Furm inds, luse-a aell boot 5..50 Heaelt.;2;31;23;7;0;10;1;60;0;0;1;0;0;0;0;
827;Seephun Strengt;Kraft abzapfen;Ileete-a Hex Spell. Fur 5..20 secunds, taerget fue-a deaels -5..50 daemaege-a veet aettaecks und aell ooff yuoor aettaecks aegaeeenst thaet fue-a haefe-a un aeddeeshunael 50% chunce-a ooff beeeng a creeteecael heet.;2;30;24;7;0;10;1;10;0;0;1;0;0;0;0;
828;Feele-a Meeaesma;Fauler Gestank;Hex Spell. Taerget fue-a is stroock fur 10..65 culd daemaege-a. Iff sooffffereeng frum a cundeeshun, thaet fue-a is hexed veet Feele-a Meeaesma und sooffffers -1..5 Heaelt degeneraeshun fur 10 secunds.;2;5;24;4;0;10;1;15;0;0;0;0;0;0;0;
830;Raey ooff Joodgment;Strahl des Urteils;Ileete-a Spell. Infuke-a a Raey ooff Joodgment aet taerget fue-a's lucaeshun. Fur 5 secunds, fues aedjaecent tu thaet lucaeshun aere-a stroock fur 10..50 huly daemaege-a und begeen Boorneeng fur 1..3 secunds ifery secund.;2;14;22;3;0;10;1;15;0;0;1;0;0;0;0;
831;Preemael Raege-a (PfP);Urzorn (PvP);Ileete-a Stunce-a. Fur 1..9 secunds, yuoo aettaeck 33% faester und mufe-a 33% faester, boot yuoo taeke-a 200..150% daemaege-a.;2;17;29;1;0;5;0;4;0;0;1;0;0;0;0;
832;Uneemaete-a Flesh Gulem;Fleischgolem beleben;Ileete-a Spell. Ixplueet neaerest curpse-a tu uneemaete-a a lefel 3..25 Flesh Gulem. Zee Flesh Gulem leaefes 1..4 ixplueetaeble-a curpse-as. Yuoo cun haefe-a oonly oone-a Flesh Gulem aet a teeme-a.;2;5;22;4;0;10;1;30;0;0;1;0;0;0;0;
834;Reckless Haeste-a;Rücksichtslose Hast;Hex Spell. Fur 6..12 secunds, taerget fue-a und aell aedjaecent fues aere-a hexed veet Reckless Haeste-a. Vheele-a hexed, zeey aettaeck 25% faester boot haefe-a a 50% chunce-a tu meess veet aettaecks.;2;7;24;4;0;15;1;12;0;0;0;0;0;0;0;
835;Bluud Bund;Blutsbande;Hex Spell. Fur 3..12 secunds, taerget fue-a und aell aedjaecent fues aere-a hexed veet Bluud Bund. Vhenefer un aelly heets oone-a ooff zeem veet un aettaeck, thaet aelly gaeeens 5..20 Heaelt. Iff oone-a ooff zeese-a fues deees vheele-a hexed, aell aelleees aedjaecent tu thaet fue-a aere-a heaeled fur 20..100 Heaelt.;2;4;24;4;0;5;1;8;0;0;0;0;0;0;0;
836;Reede-a zee Leeghtneeng (PfP);Den Blitz reiten (PvP);Ileete-a Spell. Yuoo Reede-a zee Leeghtneeng tu taerget. Aell aedjaecent fues aere-a Bleended fur 1..5 secunds. Iff yuoor taerget is a fue-a, it is stroock fur 10..70 leeghtneeng daemaege-a. Thees spell haes 25% aermur penetraeshun.;2;8;22;6;0;5;1;10;0;0;1;0;5;0;0;
837;Inergy Buun;Energiesegen;Ileete-a Inchuntment Spell. Fur 36..60 secunds, Inergy Buun raeeeses zee maexeemoom Heaelt ooff yuoo und taerget aelly by 1..3 fur iaech pueent ooff yuoor respecteefe-a maexeemoom Inergy. Vhee thees inchuntment is furst aeppleeed, yuoo und yuoor taerget gaeeen 1..12 Inergy. Yuoo gaeeen un aeddeeshunael 1 Inergy fur ifery 2 pueents yuoo haefe-a in Inergy Sturaege-a.;2;12;23;6;0;10;1;12;0;0;1;0;0;0;0;
838;Dvaeyna's Surroo;Dwaynas Leid;Inchuntment Spell. Fur 30 secunds, taerget aelly und aell neaerby aelleees aere-a inchunted veet Dvaeyna's Surroo. Iff un aelly deees vheele-a under zee iffffects ooff Dvaeyna's Surroo, yuoor paerty is heaeled fur 5..50.;2;13;23;3;0;5;1;5;0;0;0;0;0;0;0;
839;"Retreaet!";"Rückzug!";Shuoot. Iff zeere-a aere-a uny deaed aelleees veetheen iaershut, yuoor paerty mufes 33% faester fur 5..11 secunds. Bork! Bork! Bork!;2;21;20;1;0;5;0;20;0;0;0;0;0;0;0;
840;Pueesuned Heaert;Vergiftetes Herz;Spell. Yuoo und aell aedjaecent fues aere-a Pueesuned fur 5..15 secunds.;3;7;22;4;0;5;.25;12;0;0;0;0;0;0;0;
841;Feteed Gruoond;Stinkender Boden;Spell. Taerget fue-a is stroock fur 15..65 culd daemaege-a. Iff thaet fue-a is knucked doon, thaet fue-a becumes Pueesuned fur 5..20 secunds.;2;5;22;4;0;5;.75;10;0;0;0;0;0;0;0;
842;Aerc Leeghtneeng;Blitzbogen;Spell. Taerget fue-a is stroock fur 5..40 leeghtneeng daemaege-a. Iff yuoo aere-a Oofercaest, tvu fues neaer yuoor taerget aere-a stroock fur 15..85 leeghtneeng daemaege-a. Daemaege-a frum Aerc Leeghtneeng haes 25% aermur penetraeshun.;2;8;22;6;0;5;1.5;8;0;0;0;0;0;0;0;
843;Goost;Böe;Ileete-a Inchuntment Spell. Fur 5..11 secunds, but yuoo und taerget aelly mufe-a 33% faester. Vhee yuoo caest thees spell, aell fues aedjaecent tu yuoo und yuoor taerget taeke-a 15..70 culd daemaege-a. Fues stroock by Goost vheele-a aettaeckeeng oor mufeeng aere-a knucked doon.;2;8;23;6;0;10;.75;15;0;0;1;0;0;0;0;
844;Choorneeng Iaert;Aufgeworfene Erde;Spell. Creaete-a Choorneeng Iaert aet taerget fue-a's lucaeshun. Fur zee next 5 secunds, Choorneeng Iaert streekes fues neaer thaet lucaeshun fur 10..40 iaert daemaege-a iaech secund. Uny fue-a mufeeng faester thun nurmael vhee stroock by Choorneeng Iaert is knucked doon.;2;9;22;6;0;15;2;30;0;0;0;0;0;0;0;
845;Leeqooeed Flaeme-a;Flüssige Flamme;Spell. Taerget fue-a is stroock fur 7..112 fure-a daemaege-a. Iff thaet fue-a is aettaeckeeng oor caesteeng a spell, neaerby fues aere-a aelsu stroock fur 7..112 fure-a daemaege-a.;3;10;22;6;0;10;1;15;0;0;0;0;0;0;0;
846;Steaem;Dampf;Spell. Taerget fue-a is stroock fur 20..60 culd daemaege-a. Iff taerget fue-a is oon fure-a, Steaem Bleends thaet fue-a fur 5..10 secunds und zeey taeke-a un aeddeeshunael 20..60 fure-a daemaege-a.;3;11;22;6;0;5;1;8;0;0;0;0;0;0;0;
847;Buun Seegnet;Siegel des Segens;Ileete-a Seegnet. Heael taerget aelly fur 20..80 Heaelt. Yuoor next Heaeleeng oor Prutecshun Praeyer spell thaet taergets un aelly heaels fur un aeddeeshunael 20..100 Heaelt.;2;16;21;3;0;0;1;6;0;0;1;0;0;0;0;
848;Referse-a Hex;Verhexung umkehren;Inchuntment Spell. Remufe-a oone-a hex frum taerget aelly. Iff a hex vaes remufed in thees vaey, fur 5..10 secunds, zee next teeme-a taerget aelly vuoold taeke-a daemaege-a, thaet daemaege-a is redooced by 5..50.;2;15;23;3;0;10;.25;10;0;0;0;0;0;0;0;
849;Laeceraeteeng Chup;Zerfetzender Hieb;Aexe-a Aettaeck. Iff Laeceraeteeng Chup heets, yuoo deael +5..20 daemaege-a. Iff it streekes a knucked doon fue-a yuoor taerget sooffffers frum Bleedeeng fur 5..20 secunds.;2;18;4;1;0;0;0;0;4.8;0;0;0;0;0;0;
850;Feeerce-a Bloo;Erbitterter Schlag;Haemmer Aettaeck. Iff Feeerce-a Bloo heets, yuoo streeke-a fur +5..20 daemaege-a. Iff taerget fue-a vaes sooffffereeng frum Veaekness, thaet fue-a aelsu sooffffers frum a Deep Vuoond fur 1..8 secunds.;2;19;8;1;0;0;0;0;5.6;0;0;0;0;0;0;
851;Soon und Muun Slaesh;Sonne-Mond-Hieb;Svurd Aettaeck. Aettaeck taerget fue-a tveece-a. Zeese-a aettaecks cunnut be-a blucked.;2;20;10;1;0;0;0;0;8;0;0;0;0;0;0;
852;Spleenter Shut;Splitterschuss;Boo Aettaeck. Iff Spleenter Shut heets, yuoo deael +3..15 daemaege-a. Iff Spleenter Shut is blucked, aell fues in zee aerea ooff yuoor taerget taeke-a 5..65 daemaege-a.;2;25;2;2;0;10;0;5;0;0;0;0;0;0;0;
853;Melundroo's Shut (PfP);Melandrus Schuss (PvP);Ileete-a Boo Aettaeck. Iff Melundroo's Shut heets, yuoor taerget begeens Bleedeeng fur 5..25 secunds. Iff it heets a fue-a thaet is mufeeng oor knucked doon, thaet fue-a taekes +10..25 daemaege-a und is Creeppled fur 5..15 secunds.;2;25;2;2;0;5;1;12;0;0;1;0;0;0;0;
854;Snaere-a;Schlinge;Traep. Vhee Snaere-a is treeggered, aell neaerby fues becume-a Creeppled fur 3..15 secunds. Snaere-a inds aeffter 90 secunds. Vheele-a aecteefaeteeng thees skeell, yuoo aere-a iaeseely interroopted.;2;24;30;2;0;5;1.5;15;0;0;0;0;0;0;0;
858;Dunceeng Daeggers;Tanzende Dolche;Spell. Send oooot three-a Dunceeng Daeggers aet taerget fue-a, iaech streekeeng fur 5..35 iaert daemaege-a iff zeey heet. Dunceeng Daeggers haes haelff zee nurmael runge-a. Thees skeell cuoonts aes a leaed aettaeck.;2;30;22;7;0;5;1;5;0;0;0;0;0;0;0;
859;Cunjoore-a Neeghtmaere-a;Alptraum beschwören;Hex Spell. Fur 2..16 secunds, taerget fue-a sooffffers -8 Heaelt degeneraeshun.;2;1;24;5;0;15;1;5;0;0;0;0;0;0;0;
860;Seegnet ooff Deesroopshun;Siegel der Unterbrechung;Seegnet. Iff taerget fue-a is caesteeng a spell, zee spell is interroopted und thaet fue-a sooffffers 10..51 daemaege-a. Iff thaet fue-a is hexed, Seegnet ooff Deesroopshun cun interroopt uny nun-spell skeells.;2;2;21;5;0;0;.25;15;0;0;0;0;0;0;0;
862;Raefenuoos Gaeze-a;Heißhungriger Blick;Ileete-a Spell. Deael 20..40 daemaege-a und steael 20..40 Heaelt frum taerget fue-a und aell neaerby fues.;3;4;22;4;0;1;1;10;0;8;1;0;0;0;0;
863;Oorder ooff Aepustaesy;Orden der Abtrünnigkeit;Ileete-a Inchuntment Spell. Fur 5 secunds, vhenefer a paerty member heets a fue-a veet physeecael daemaege-a, thaet fue-a luses oone-a inchuntment. Fur iaech Munk inchuntment remufed, yuoo luse-a 10..3% maexeemoom Heaelt.;2;7;23;4;0;25;2;0;0;0;1;0;0;0;0;
864;Ooppresseefe-a Gaeze-a;Repressiver Blick;Spell. Taerget fue-a und aedjaecent fues taeke-a 10..30 shaedoo daemaege-a. Fues aelreaedy sooffffereeng frum a cundeeshun aere-a Pueesuned und Veaekened fur 3..12 secunds.;2;4;22;4;0;10;1;10;0;0;0;0;0;0;0;
865;Leeghtneeng Haemmer (PfP);Blitzhammer (PvP);Spell. Taerget fue-a is stroock fur 10..100 leeghtneeng daemaege-a. Leeghtneeng Haemmer haes 25% aermur penetraeshun.;2;8;22;6;0;25;2;4;0;0;0;0;0;0;0;
866;Faepur Blaede-a;Dunstklinge;Spell. Taerget fue-a is stroock fur 15..135 culd daemaege-a. Faepur Blaede-a deaels haelff daemaege-a iff thaet fue-a haes uny inchuntments oon zeem.;2;11;22;6;0;5;1.5;7;0;0;0;0;5;0;0;
867;Heaeleeng Leeght;Heilendes Licht;Ileete-a Spell. Heael taerget aelly fur 40..120 Heaelt. Iff yuoor taerget haes un inchuntment, yuoo gaeeen 1..3 Inergy. Bork! Bork! Bork!;2;13;22;3;0;5;.75;4;0;0;1;0;0;0;0;
869;"Cooaerd!" (PfP);"Feigling!" (PvP);Ileete-a Shuoot. Iff taerget fue-a is mufeeng, thaet fue-a is knucked doon.;2;-1;20;1;0;0;0;4;4;0;1;0;0;0;0;
870;Pesteelence-a;Pestilenz;Naetoore-a Reetooael. Creaete-a a lefel 1..10 spureet. Vhee uny nun-spureet creaetoore-a veetheen its runge-a deees, cundeeshuns oon thaet creaetoore-a spreaed tu uny creaetoore-a in zee aerea aelreaedy sooffffereeng frum a cundeeshun. Thees spureet deees aeffter 30..180 secunds.;3;24;19;2;0;5;2;60;0;0;0;0;0;0;0;
871;Shaedoosung (PfP);Schattengesang (PvP);Beendeeng Reetooael. Creaete-a a lefel 1..6 spureet. Thees spureet's aettaecks deael 5..20 daemaege-a und coose-a Bleendness fur 1..6 secunds. Thees spureet deees aeffter 30 secunds.;2;32;18;8;0;15;2;30;0;0;0;0;0;0;0;
876;Seegnet ooff Shaedoos;Siegel der Schatten;Seegnet. Taerget fue-a taekes 5..35 daemaege-a. Iff yuoor taerget vaes Bleended, thaet fue-a sooffffers un aeddeeshunael 15..60 daemaege-a.;2;30;21;7;0;0;1;15;0;0;0;0;0;0;0;
877;Lyssa's Baelunce-a;Lyssas Ausgleich;Spell. Taerget fue-a luses oone-a inchuntment. Iff yuoo haefe-a mure-a inchuntments thun taerget fue-a, thees skeell haes nu iffffect.;2;-1;22;5;0;5;1;15;0;0;0;0;0;0;0;
878;Feeseeuns ooff Regret (PfP);Visionen des Bedauerns (PvP);Ileete-a Hex Spell. Fur 10 secunds, taerget fue-a und aedjaecent fues taeke-a 10..30 daemaege-a vhenefer zeey use-a a skeell und 5..40 aeddeeshunael daemaege-a iff nut under zee iffffects ooff unuzeer Mesmer hex.;3;2;24;5;0;10;2;30;0;0;1;0;0;0;0;
879;Illooseeun ooff Paeeen (PfP);Illusion der Schmerzen (PvP);Hex Spell. Fur 8 secunds, taerget fue-a haes -3..10 Heaelt degeneraeshun und taekes 3..10 daemaege-a iaech secund. Vhee Illooseeun ooff Paeeen inds oor is reaeppleeed, thaet fue-a is heaeled fur 36..120.;2;1;24;5;0;10;2;5;0;0;0;0;0;0;0;
880;Stulee Speed (PfP);Gestohlene Eile (PvP);Ileete-a Hex Spell. Fur 1..10 secunds, spells caest by zee taerget fue-a und aell aedjaecent fues taeke-a 100% lunger tu caest. Spells yuoo caest thaet taerget zeese-a fues taeke-a 50% less teeme-a tu caest. Bork! Bork! Bork!;2;0;24;5;0;5;1;12;0;0;1;0;0;0;0;
881;Izeer Seegnet;Äther-Siegel;Seegnet. Iff yuoo haefe-a less thun 5..10 Inergy, gaeeen 10..20 Inergy.;2;3;21;5;0;0;1;45;0;0;0;0;0;0;0;
882;Seegnet ooff Deesenchuntment;Siegel der Entzauberung;Seegnet. Luse-a aell Inergy. Taerget fue-a luses oone-a inchuntment.;2;-1;21;5;0;0;1;15;0;0;0;0;0;0;0;
883;Fucael Meenureety;Stimmminderheit;Hex Spell. Fur 5..20 secunds, taerget fue-a und aell neaerby fues cunnut use-a shuoots oor chunts.;3;7;24;4;0;10;1;20;0;0;0;0;0;0;0;
884;Seaereeng Flaemes;Versengende Flammen;Ileete-a Spell. Taerget fue-a und aell neaerby fues aere-a stroock veet Seaereeng Flaemes. Fues aelreaedy oon fure-a vhee thees skeell is caest aere-a stroock fur 10..100 fure-a daemaege-a. Fues nut aelreaedy oon fure-a begeen Boorneeng fur 1..7 secunds.;3;10;22;6;0;15;1;2;0;0;1;0;0;0;0;
885;Sheeeld Gooaerdeeun (PfP);Schildwächter (PvP);Inchuntment Spell. Fur 1..4 secunds, aell paerty members in iaershut haefe-a a 75% chunce-a tu bluck aettaecks. Iff un aettaeck is blucked, aell aelleees in iaershut aere-a heaeled fur 10..35 Heaelt und Sheeeld Gooaerdeeun inds.;2;15;23;3;0;5;1.5;25;0;0;0;0;0;0;0;
886;Restffool Breeze-a;Beruhigender Hauch;Inchuntment Spell. Fur 8..18 secunds, taerget aelly haes +10 Heaelt regeneraeshun. Thees inchuntment inds iff thaet aelly aettaecks oor uses a skeell.;3;13;23;3;0;5;1;8;0;0;0;0;0;0;0;
887;Seegnet ooff Rejoofenaeshun;Siegel der Verjüngung;Seegnet. Heael taerget aelly fur 15..75. Iff taerget aelly is caesteeng a spell oor aettaeckeeng, thaet aelly is heaeled fur un aeddeeshunael 15..75 Heaelt.;2;13;21;3;0;0;1;8;0;0;0;0;0;0;0;
888;Vhurleeng Aexe-a;Wirbelnde Axt;Ileete-a Aexe-a Aettaeck. Iff Vhurleeng Aexe-a heets, yuoo streeke-a fur +5..20 daemaege-a und uny stunce-a beeeng used by yuoor taerget inds. Thees aettaeck cunnut be-a blucked.;2;18;4;1;0;0;0;0;4;0;1;0;0;0;0;
889;Furceffool Bloo;Energischer Schlag;Ileete-a Haemmer Aettaeck. Iff Furceffool Bloo heets, yuoo streeke-a fur +10..30 daemaege-a und uny stunce-a beeeng used by taerget fue-a inds. Taerget fue-a sooffffers frum Veaekness fur 5..20 secunds. Thees aettaeck cunnut be-a blucked.;2;19;8;1;0;0;0;0;4.8;0;1;0;0;0;0;
891;"Nune-a Shaell Paess!";"Niemand darf vorbei!";Shuoot. Aell neaerby fues thaet aere-a mufeeng aere-a knucked doon. Thees skeell rechaerges 1..8 secunds faester fur iaech fue-a knucked doon (maexeemoom 25 secunds).;2;21;20;1;0;5;0;45;0;0;0;0;0;0;0;
892;Qooeefereeng Blaede-a;Zitternde Klinge;Ileete-a Svurd Aettaeck. Iff Qooeefereeng Blaede-a heets, yuoo streeke-a fur +10..40 daemaege-a. Iff thees aettaeck heets a mufeeng fue-a, thaet fue-a is Daezed fur 10 secunds. Bork! Bork! Bork!;2;20;10;1;0;0;0;0;4;0;1;0;0;0;0;
893;Seekeeng Aerroos;Suchende Pfeile;Prepaeraeshun. Fur 3..14 secunds, yuoor aerroos cunnut be-a blucked. Seekeeng Aerroos inds iff yuoo faeeel tu heet.;2;25;17;2;0;10;2;15;0;0;0;0;0;0;0;
898;Ooferluaed;Überlastung;Hex Spell. Fur 5 secunds, taerget fue-a sooffffers -1..3 Heaelt degeneraeshun. Iff taerget fue-a is useeng a skeell, Ooferluaed deaels 15..75 daemaege-a tu thaet fue-a und 75% ooff thaet daemaege-a tu aell aedjaecent fues.;2;2;24;5;0;5;.25;5;0;0;0;0;0;0;0;
899;Imaeges ooff Remurse-a;Bilder der Reue;Hex Spell. Fur 5..10 secunds, taerget fue-a sooffffers -1..3 Heaelt degeneraeshun. Iff thaet fue-a vaes aettaeckeeng, thaet fue-a taekes 10..52 daemaege-a.;2;1;24;5;0;5;1;5;0;0;0;0;0;0;0;
900;Shaered Boordee (PfP);Geteilte Bürde (PvP);Ileete-a Hex Spell. Fur 5..20 secunds, taerget fue-a und aell fues in zee aerea aettaeck, caest spells, und mufe-a 33% slooer.;2;1;24;5;0;10;2;20;0;0;1;0;0;0;0;
901;Suool Beend;Seelenfessel;Ileete-a Hex Spell. Fur 30 secunds, ifery teeme-a taerget fue-a is heaeled, zee heaeler taekes 20..80 daemaege-a. Thees hex inds iff taerget is sooffffereeng frum a Smeeteeng Praeyers hex.;2;7;24;4;0;10;1;5;0;0;1;0;0;0;0;
902;Bluud ooff zee Aeggressur;Blut des Aggressoren;Spell. Steael up tu 5..45 Heaelt frum taerget fue-a. Iff thaet fue-a vaes aettaeckeeng, thaet fue-a sooffffers Veaekness fur 3..12 secunds.;3;4;22;4;0;5;1;5;0;0;0;0;0;0;0;
903;Icy Preesm;Eisprisma;Spell. Taerget fue-a is stroock fur 15..75 culd daemaege-a. Iff thaet fue-a haes a Vaeter Maegeec hex, Icy Preesm deaels +15..75 culd daemaege-a tu aell oozeer neaerby fues.;2;11;22;6;0;5;1;5;0;0;0;0;5;0;0;
904;Fooreeuoos Aexe-a;Zornige Axt;Aexe-a Aettaeck. Iff Fooreeuoos Aexe-a heets, yuoo streeke-a fur +5..35 daemaege-a. Iff it is blucked yuoo gaeeen 3 streekes vurt ooff aedrenaeleene-a.;2;18;4;1;0;5;0;6;0;0;0;0;0;0;0;
905;Oospeeceeuoos Bloo (PfP);Günstiger Schlag (PvP);Haemmer Aettaeck. Iff Oospeeceeuoos Bloo heets, yuoo streeke-a fur +5..20 daemaege-a und gaeeen 2..4 Inergy. Iff taerget fue-a is sooffffereeng frum Veaekness, thees aettaeck is unbluckaeble-a.;2;19;8;1;0;0;0;0;4.8;0;0;0;0;0;0;
906;"Oon Yuoor Knees!";"Auf Eure Knie!";Shuoot. Luse-a aell aedrenaeleene-a. Iff uny aedjaecent fues aere-a knucked doon, aell ooff yuoor stunces aere-a rechaerged. Bork! Bork! Bork!;2;-1;20;1;0;0;0;0;6;0;0;0;0;0;0;
907;Draegun Slaesh;Drachenhieb;Ileete-a Svurd Aettaeck. Iff Draegun Slaesh heets, yuoo streeke-a fur +10..40 daemaege-a und gaeeen 1..5 streeke-as ooff aedrenaeleene-a.;2;20;10;1;0;0;0;0;7;0;1;0;0;0;0;
908;Maerooder's Shut;Plünderer-Schuss;Boo Aettaeck. Iff Maerooder's Shut heets, yuoo streeke-a fur +25..55 daemaege-a und aell yuoor nun-aettaeck skeells aere-a deesaebled fur 5 secunds.;2;25;2;2;0;5;0;6;0;0;0;0;0;0;0;
909;Fucoosed Shut;Scharfschuss;Boo Aettaeck. Thees shut mufes three-a teemes faester, cunnut be-a blucked, und streekes fur +10..40 daemaege-a boot aell ooff yuoor oozeer aettaeck skeells aere-a deesaebled fur 8..4 secunds.;2;25;2;2;0;5;0;8;0;0;0;0;0;0;0;
910;Spureet Reefft;Geisterriss;Spell. Oopee a Spureet Reefft aet taerget fue-a's lucaeshun. Aeffter 3 secunds, aell aedjaecent fues aere-a stroock fur 25..125 leeghtneeng daemaege-a und sooffffer frum Craecked Aermur fur 1..20 secunds.;2;34;22;8;0;10;2;5;0;0;0;0;0;0;0;
911;Uneeun (PfP);Vereinigung (PvP);Beendeeng Reetooael. Creaete-a a lefel 1..8 spureet. Vhenefer a nun-spureet aelly in its runge-a taekes daemaege-a oor leeffe-a steael, it is redooced by 15 und zee spureet taekes 15 daemaege-a. Thees spureet deees aeffter 30..60 secunds.;2;32;18;8;0;15;3;45;0;0;0;0;0;0;0;
913;Trunqooeel Vaes Tunaesee;Ruhig war Tanasen;Ileete-a Item Spell. Huld Tunaesee's aeshes fur up tu 5..20 secunds. Vheele-a yuoo huld hees aeshes, yuoo haefe-a +10..25 aermur und cunnut be-a interroopted. Bork! Bork! Bork!;2;33;25;8;0;5;1;15;0;0;1;0;0;0;0;
914;Cunsoome-a Suool;Seele verzehren;Ileete-a Spell. Yuoo steael 5..70 Heaelt frum taerget fue-a. Aell husteele-a soommuned creaetoores in iaershut ooff thaet fue-a taeke-a 25..125 daemaege-a.;2;36;22;8;0;5;1;5;0;0;1;0;0;0;0;
915;Spureet Leeght;Geisterlicht;Spell. Taerget aelly is heaeled fur 60..180. Iff uny spureets aere-a veetheen iaershut, yuoo dun't saecreeffeece-a Heaelt.;2;33;22;8;0;5;1;4;0;17;0;0;0;0;0;
916;Laementaeshun;Wehklage;Hex Spell. Fur 5..20 secunds, taerget fue-a und aell neaerby fues sooffffer -0..3 Heaelt degeneraeshun. Vhee thees hex is aeppleeed, zeese-a fues taeke-a 10..50 daemaege-a iff yuoo aere-a veetheen iaershut ooff a spureet oor curpse-a.;2;34;24;8;0;10;1;15;0;0;0;0;0;0;0;
917;Rooptoore-a Suool;Seele zerreißen;Spell. Taerget aelleeed spureet is destruyed. Aell neaerby inemeees aere-a stroock fur 50..140 leeghtneeng daemaege-a und becume-a bleended fur 3..12 secunds.;2;36;22;8;0;10;.75;5;0;0;0;0;0;0;0;
918;Spureet tu Flesh;Geist zu Fleisch;Spell. Taerget tuooched aelleeed spureet is destruyed. Aell neaerby aelleees aere-a heaeled fur 30..240.;2;36;22;8;0;10;.75;15;0;0;0;0;0;0;0;
919;Spureet Boorn;Geisterbrand;Spell. Taerget fue-a is stroock fur 5..50 leeghtneeng daemaege-a. Iff uny spureets aere-a veetheen iaershut, Spureet Boorn cooses Boorneeng fur 1..5 secunds.;2;34;22;8;0;5;1;6;0;0;0;0;0;0;0;
920;Destroocshun (PfP);Vernichtung (PvP);Beendeeng Reetooael. Creaete-a a lefel 1..10 Spureet thaet deees aeffter 30 secunds. Vhee thees Spureet deees, aell fues in zee aerea taeke-a 1..10 daemaege-a fur iaech secund zee Spureet vaes aeleefe-a (maexeemoom ooff 150 daemaege-a). Bork! Bork! Bork!;2;34;18;8;0;10;3;20;0;0;0;0;0;0;0;
921;Deessununce-a (PfP);Missklang (PvP);Beendeeng Reetooael. Creaete-a a lefel 1..8 spureet. Thees spureet deaels 5..20 daemaege-a und unyune-a stroock by its aettaeck is interroopted. Thees spureet deees aeffter 10..25 secunds.;2;32;18;8;0;25;2;30;0;0;0;0;0;0;0;
923;Deesenchuntment (PfP);Entzauberung (PvP);Beendeeng Reetooael. Creaete-a a lefel 1..8 spureet. Thees spureet deaels 5..20 daemaege-a und unyune-a stroock by its aettaeck luses oone-a inchuntment. Thees spureet deees aeffter 15..40 secunds.;2;32;18;8;0;25;3;30;0;0;0;0;0;0;0;
925;Recaell;Rückruf;Inchuntment Spell. Vheele-a yuoo maeeentaeeen Recaell, nutheeng haeppens. Vhee Recaell inds, yuoo Shaedoo Step tu zee aelly yuoo taergeted vhee yuoo aecteefaeted thees skeell, und aell ooff yuoor skeells aere-a deesaebled fur 3 secunds.;2;-1;23;7;-1;10;1;10;0;0;0;0;0;0;0;
926;Shaerpee Daeggers;Dolche wetzen;Inchuntment Spell. Fur 5..30 secunds, yuoor daegger aettaecks coose-a Bleedeeng fur 5..15 secunds.;2;35;23;7;0;5;.5;20;0;0;0;0;0;0;0;
927;Shaemeffool Feaer;Schändliche Angst;Hex Spell. Fur 10 secunds, taerget fue-a mufes 10% faester thun nurmael. Fur iaech secund, iff thaet fue-a is mufeeng, thaet fue-a taekes 5..20 daemaege-a.;2;30;24;7;0;10;1;10;0;0;0;0;0;0;0;
928;Shaedoo Shruood (PfP);Schattenschleier (PvP);Ileete-a Hex Spell. Fur 2..7 secunds, taerget fue-a cunnut be-a zee taerget ooff inchuntments.;2;31;24;7;0;5;.25;20;0;0;1;0;0;0;0;
929;Shaedoo ooff Haeste-a;Schatten der Eile;Stunce-a. Fur 10..40 secunds yuoo mufe-a 15% faester thun nurmael. Vhee Shaedoo ooff Haeste-a inds, yuoo Shaedoo Step tu yuoor ooreegeenael lucaeshun.;2;31;29;7;0;5;0;45;0;0;0;0;0;0;0;
930;Oospeeceeuoos Incuntaeshun;Günstige Beschwörung;Inchuntment Spell. Fur 20 secunds, zee next spell yuoo caest is deesaebled fur un aeddeeshunael 10..5 secunds, und yuoo gaeeen 110..200% ooff thaet spell's Inergy cust.;2;3;23;5;0;5;1;20;0;0;0;0;0;0;0;
931;Pooer Retoorn;Kraftrevanche;Spell. Iff taerget fue-a is caesteeng a spell oor chunt, thaet skeell is interroopted und taerget fue-a gaeeens 10..5 Inergy.;2;0;22;5;0;5;.25;7;0;0;0;0;0;0;0;
932;Cumpleecaete-a;Erschweren;Spell. Iff taerget fue-a is useeng a skeell, thaet skeell is interroopted und deesaebled fur taerget fue-a und aell fues in zee aerea fur un aeddeeshunael 5..12 secunds.;2;2;22;5;0;10;.25;20;0;0;0;0;0;0;0;
933;Shaetter Sturm;Sturm zerschlagen;Ileete-a Spell. Taerget fue-a luses aell inchuntments. Fur iaech inchuntment remufed thees vaey, Shaetter Sturm is deesaebled fur un aeddeeshunael 7 secunds.;2;-1;22;5;0;10;1;0;0;0;1;0;0;0;0;
934;Unnaetoorael Seegnet (PfP);Unnatürliches Siegel (PvP);Seegnet. Taerget fue-a taekes 10..60 daemaege-a. Iff thaet fue-a is under zee iffffects ooff a hex oor inchuntment, fues aedjaecent tu yuoor taerget taeke-a 10..60 daemaege-a. Aell yuoor nun-Mesmer skeells ixcept seegnets aere-a deesaebled fur 10 secunds.;2;2;21;5;0;0;1;20;0;0;0;0;0;0;0;
935;Reeseeng Beele-a;Hochkommende Galle;Hex Spell. Fur 20 secunds, thees hex dues nutheeng. Vhee Reeseeng Beele-a inds, thaet fue-a und aell fues in zee aerea taeke-a 1..6 daemaege-a fur iaech secund Reeseeng Beele-a vaes in iffffect.;2;5;24;4;0;10;1;20;0;0;0;0;0;0;0;
936;Infenum Inchuntments;Verzauberungen vergiften;Spell. Taerget fue-a luses oone-a inchuntment. Fur ifery remaeeeneeng inchuntment, taerget fue-a is pueesuned fur 3..10 secunds.;3;7;22;4;0;5;1;15;0;0;0;0;0;0;0;
937;Shuckvaefe-a;Stoßwelle;Ileete-a Spell. Aell fues in zee aerea taeke-a 15..60 iaert daemaege-a und aere-a Veaekened fur 1..10 secunds. Neaerby fues aelsu taeke-a +15..60 iaert daemaege-a und haefe-a Craecked Aermur fur 1..10 secunds. Aedjaecent fues sooffffer zee prefeeuoos iffffects, taeke-a +15..60 iaert daemaege-a, und aere-a Bleended fur 1..10 secunds.;2;9;22;6;0;10;1;15;0;0;1;0;0;0;0;
938;Vaerd ooff Staebeeleety;Kreis der Stabilität;Vaerd Spell. Creaete-a a Vaerd ooff Staebeeleety aet yuoor coorrent lucaeshun. Fur 10..25 secunds, nun-spureet aelleees cunnut be-a knucked doon. Bork! Bork! Bork!;2;9;26;6;0;10;1;30;0;0;0;0;0;0;0;
939;Icy Shaeckles;Eisfesseln;Ileete-a Hex Spell. Fur 1..10 secunds, taerget fue-a's mufement speed is redooced by 66%. Vheele-a under zee iffffects ooff un inchuntment, thaet fue-a's mufement is redooced by 90%.;3;11;24;6;0;10;1;12;0;0;1;0;0;0;0;
941;Blessed Leeght;Gesegnetes Licht;Ileete-a Spell. Heael taerget aelly fur 10..120 Heaelt und remufe-a oone-a cundeeshun und oone-a hex.;2;16;22;3;0;5;.75;5;0;0;1;0;0;0;0;
942;Veethdraev Hexes;Verhexungen zurücknehmen;Ileete-a Spell. Remufe-a aell hexes frum taerget aelly und aell aedjaecent aelleees. Thees spell taekes un aeddeeshunael 2 secunds tu rechaerge-a fur iaech hex remufed in thees vaey. (50% faeeeloore-a chunce-a veet Deefeene-a Faefur 4 oor less.);2;16;22;3;0;5;1;5;0;0;1;0;0;0;0;
943;Ixteengooeesh;Löschen;Spell. Remufe-a oone-a cundeeshun frum iaech paerty member. Paerty members releeefed ooff Boorneeng aere-a heaeled fur 10..100 Heaelt.;2;15;22;3;0;15;1;12;0;0;0;0;0;0;0;
944;Seegnet ooff Strengt;Siegel der Stärke;Seegnet. Yuoor next 1..16 aettaecks deael +5 daemaege-a.;2;17;21;1;0;0;1;45;0;0;0;0;0;0;0;
946;Traepper's Fucoos;Fokus des Fallenstellers;Ileete-a Prepaeraeshun. Fur 12..36 secunds, yuoor traep skeells aere-a nut iaeseely interroopteeble-a und yuoor Veelderness Soorfeefael aettreeboote-a is increaesed by 0..4.;2;23;17;2;0;5;2;12;0;0;1;0;0;0;0;
947;Braembles;Dornenranken;Naetoore-a Reetooael. Creaete-a a lefel 1..10 spureet. Nun-spureet creaetoores thaet aere-a knucked doon in its runge-a taeke-a 5 daemaege-a und begeen Bleedeeng fur 5..20 secunds. Thees spureet deees aeffter 30..240 secunds.;2;24;19;2;0;10;2;60;0;0;0;0;0;0;0;
948;Desperaete-a Streeke-a;Verzweifelter Stoß;Leaed Aettaeck. Iff yuoo haefe-a less thun 50..80% Heaelt, yuoo deael +15..60 daemaege-a. Bork! Bork! Bork!;2;29;5;7;0;5;0;6;0;0;0;0;0;0;0;
949;Vaey ooff zee Fux;Weg des Fuchses;Inchuntment Spell. Fur 10..35 secunds, yuoor next 1..6 aettaecks cunnut be-a blucked.;2;31;23;7;0;5;.25;30;0;0;0;0;0;0;0;
950;Shaedooy Boordee;Schattenbürde;Hex Spell. Fur 3..15 secunds, taerget fue-a mufes 25% slooer und vheele-a taerget fue-a haes nu oozeer hexes, thaet fue-a haes 20..30 less aermur aegaeeenst yuoor aettaecks.;2;31;24;7;0;10;.25;15;0;0;0;0;0;0;0;
951;Seephun Speed;Geschwindigkeitsentzug;Hex Spell. Fur 5..15 secunds, taerget fue-a mufes 33% slooer und yuoo mufe-a 33% faester. Thees spell rechaerges 50% faester iff caest oon a mufeeng fue-a.;2;30;24;7;0;5;1;30;0;0;0;0;0;0;0;
952;Deaet's Chaerge-a;Angriff des Todes;Spell. Shaedoo Step tu taerget fue-a. Iff thaet fue-a haes mure-a Heaelt thun yuoo, yuoo aere-a heaeled fur 65..200.;2;31;22;7;0;5;.25;30;0;0;0;0;0;0;0;
953;Pooer Floox;Kraftfluss;Ileete-a Hex Spell. Iff taerget fue-a is caesteeng a spell oor chunt, thaet skeell is interroopted und fur 4..10 secunds, thaet fue-a haes -2 Inergy degeneraeshun.;3;2;24;5;0;10;.25;15;0;0;1;0;0;0;0;
954;Ixpel Hexes;Verhexungen vertreiben;Ileete-a Spell. Remufe-a up tu 2 hexes frum taerget aelly.;2;-1;22;5;0;5;1;8;0;0;1;0;0;0;0;
955;Reep Inchuntment;Verzauberung zerreißen;Spell. Remufe-a 1 inchuntments frum taerget fue-a. Iff un inchuntment vaes remufed, thaet fue-a sooffffers frum Bleedeeng fur 5..25 secunds.;3;7;22;4;0;5;1;15;0;0;0;0;0;0;0;
957;Spell Sheeeld;Zauberschild;Inchuntment Spell. Fur 5..20 secunds, vheele-a yuoo aere-a caesteeng spells, fues cunnut taerget yuoo veet spells. Vhee Spell Sheeeld inds, aell yuoor skeells aere-a deesaebled fur 8..4 secunds.;2;16;23;3;0;10;1;30;0;0;0;0;0;0;0;
958;Heaeleeng Vheesper;Heilendes Geflüster;Spell. Taerget oozeer aelly is heaeled fur 40..100. Thees spell haes haelff zee nurmael runge-a.;2;13;22;3;0;5;1;1;0;0;0;0;0;0;0;
959;Izeereael Leeght;Ätherisches Licht;Spell. Taerget aelly is heaeled fur 25..100. Thees spell is iaeseely interroopted. Bork! Bork! Bork!;2;13;22;3;0;5;1;5;0;0;0;0;0;0;0;
960;Releaese-a Inchuntments;Verzauberungen freisetzen;Spell. Luse-a aell inchuntments. Iaech paerty member is heaeled fur 5..35 Heaelt fur iaech Munk inchuntment lust.;2;16;22;3;0;5;.25;5;0;0;0;0;0;0;0;
961;Laeceraete-a;Zerfetzen;Ileete-a Naetoore-a Reetooael. Creaete-a a lefel 1..10 spureet. Bleedeeng creaetoores veetheen its runge-a sooffffer -2 Heaelt degeneraeshun. Vhee thees spureet deees, aell nun-spureet creaetoores veetheen its runge-a thaet haefe-a less thun 90% Heaelt begeen Bleedeeng fur 5..25 secunds. Thees spureet deees aeffter 30..240 secunds.;2;22;19;2;0;10;2;15;0;0;1;0;0;0;0;
962;Spureet Trunsffer;Geistübertragung;Spell. Zee spureet neaerest yuoo luses 5..50 Heaelt. Taerget aelly is heaeled fur 5 fur iaech pueent ooff Heaelt lust.;2;33;22;8;0;10;.25;5;0;0;0;0;0;0;0;
963;Resturaeshun (PfP);Wiederherstellung (PvP);Beendeeng Reetooael. Creaete-a a lefel 1..10 spureet. Vhee thees spureet deees, aell paerty members in zee aerea aere-a resoorrected veet 5..50% Heaelt und zeru Inergy. Thees spureet deees aeffter 30 secunds.;2;32;18;8;0;10;3;45;0;0;0;0;0;0;0;
964;Fengeffool Veaepun;Rachsüchtige Waffe;Veaepun Spell. Fur 8 secunds, zee next teeme-a taerget aelly taekes daemaege-a oor leeffe-a steael frum a fue-a, thaet aelly steaels up tu 15..60 Heaelt frum thaet fue-a.;2;33;27;8;0;5;.25;3;0;0;0;0;0;0;0;
973;Bleendeeng Pooder;Blendpulver;Spell. Moost fulloo un ooffff-hund aettaeck. Taerget fue-a und aell aedjaecent fues becume-a Bleended fur 3..15 secunds.;2;31;22;7;0;5;.25;20;0;0;0;0;0;0;0;
974;Muntees Tuooch;Berührung der Fangschrecke;Skeell. Taerget fue-a becumes Creeppled fur 5..20 secunds. Thees skeell cuoonts aes un ooffff-hund aettaeck.;2;30;1;7;0;5;.75;10;0;0;0;0;0;0;0;
975;Ixhoosteeng Aessoolt;Ermüdender Angriff;Dooael Aettaeck. Moost fulloo a leaed aettaeck. Taerget fue-a's aecshun is interroopted. Iff thaet aecshun vaes caesteeng a spell, taerget fue-a sooffffers 10 Oofercaest.;2;29;7;7;0;5;.5;8;0;0;0;0;0;0;0;
976;Repeaeteeng Streeke-a;Wiederholender Schlag;Ooffff-Hund Aettaeck. Moost fulloo un ooffff-hund aettaeck. Iff it heets, thees aettaeck streekes fur +10..30 daemaege-a. Iff it meesses, it taekes un aeddeeshunael 15 secunds tu rechaerge-a.;2;29;6;7;0;5;0;0;0;0;0;0;0;0;0;
977;Vaey ooff zee Lutoos;Weg des Lotus;Inchuntment Spell. Fur 20 secunds, zee next teeme-a yuoo heet veet a dooael aettaeck skeell, yuoo gaeeen 5..20 Inergy.;2;31;23;7;0;5;.25;20;0;0;0;0;0;0;0;
978;Maerk ooff Instaebeeleety;Zeichen der Unbeständigkeit;Hex Spell. Fur 20 secunds, zee next teeme-a yuoo heet taerget fue-a veet a dooael aettaeck skeell thaet fue-a is knucked doon.;2;-1;24;7;0;10;.25;20;0;0;0;0;0;0;0;
979;Meestroost (PfP);Argwohn (PvP);Hex Spell. Fur 6 secunds, zee next spell thaet taerget fue-a caests oon oone-a ooff yuoor aelleees faeeels und deaels 10..60 daemaege-a tu thaet fue-a und 75% ooff thaet daemaege-a tu aell neaerby fues.;3;2;24;5;0;10;2;12;0;0;0;0;0;0;0;
980;Feaest ooff Suools;Schmaus der Seelen;Spell. Destruy aell neaerby aelleees' spureets. Fur iaech spureet destruyed in thees vaey, aell paerty members aere-a heaeled fur 50..100 Heaelt.;2;36;22;8;0;5;.25;10;0;0;0;0;0;0;0;
981;Recooperaeshun (PfP);Erholung (PvP);Beendeeng Reetooael. Creaete-a a lefel 1..10 spureet. Nun-spureet aelleees veetheen its runge-a gaeeen +1..3 Heaelt regeneraeshun. Thees spureet deees aeffter 15..45 secunds.;2;33;18;8;0;25;3;45;0;0;0;0;0;0;0;
982;Shelter (PfP);Unterschlupf (PvP);Beendeeng Reetooael. Creaete-a a lefel 1..8 spureet. Nun-spureet aelleees veetheen its runge-a cunnut luse-a mure-a thun 10% maexeemoom Heaelt frum a seengle-a aettaeck. Vhee thees spureet prefents daemaege-a, it luses 75..45 Heaelt. Thees spureet laests 30..60 secunds.;2;32;18;8;0;25;5;45;0;0;0;0;0;0;0;
983;Veaepun ooff Shaedoo;Schattenwaffe;Veaepun Spell. Fur 1..7 secunds, taerget aelly haes a Veaepun ooff Shaedoo. Vhenefer thaet aelly is stroock by un aettaeck, thaet aelly's aettaecker becumes Bleended fur 5 secunds. Zee next 1..3 teemes thaet aelly heets veet un aettaeck, hees taerget is Bleended fur 5 secunds.;2;33;27;8;0;10;1;20;0;0;0;0;0;0;0;
985;Caeltrups;Trittnägel;Spell. Taerget fue-a und aell fues aedjaecent tu yuoor taerget aere-a Creeppled und Bleedeeng fur 5..15 secunds. Caeltrups haes haelff zee nurmael runge-a.;2;31;22;7;0;5;.25;10;0;0;0;0;0;0;0;
986;Neene-a Taeeel Streeke-a;Neunschwänziger Stoß;Dooael Aettaeck. Moost fulloo un ooffff-hund aettaeck. Neene-a Taeeel Streeke-a cunnut be-a blucked und streekes fur +15..40 daemaege-a iff it heets.;2;29;7;7;0;5;0;8;0;0;0;0;0;0;0;
987;Vaey ooff zee Impty Paelm;Weg der leeren Handfläche;Ileete-a Inchuntment Spell. Fur 5..15 secunds, ooffff-hund und dooael aettaecks cust nu Inergy und rechaerge-a 25..50% faester.;2;30;23;7;0;5;.25;10;0;0;1;0;0;0;0;
988;Temple-a Streeke-a;Schläfenstoß;Ileete-a Ooffff-Hund Aettaeck. Moost fulloo a leaed aettaeck. Iff thees aettaeck heets, taerget fue-a is Daezed und Bleended fur 1..10 secunds, und iff taerget fue-a is caesteeng a spell, thaet fue-a is interroopted.;2;29;6;7;0;15;0;20;0;0;1;0;0;0;0;
989;Guldee Phueneex Streeke-a;Goldener Phönix-Stoß;Ooffff-Hund Aettaeck. Iff yuoo aere-a nut under zee iffffects ooff un inchuntment, thees skeell meesses. Iff it heets, Guldee Phueneex Streeke-a deaels +10..30 daemaege-a und aell aedjaecent fues taeke-a 10..30 daemaege-a.;2;29;6;7;0;5;0;8;0;0;0;0;0;0;0;
990;Ixpoonge-a Inchuntments;Verzauberungen ausmerzen;Skeell. Taerget fue-a luses 1 inchuntment. Aell ooff yuoor oozeer nun-aettaeck skeells aere-a deesaebled fur 8..4 secunds. Fur iaech skeell deesaebled in thees vaey, taerget tuooched fue-a luses 1 aeddeeshunael inchuntment.;2;30;1;7;0;10;.75;30;0;0;0;0;0;0;0;
991;Deny Hexes;Verhexungen zurückweisen;Spell. Remufe-a oone-a hex frum taerget aelly und oone-a aeddeeshunael hex fur iaech rechaergeeng Deefeene-a Faefur skeell yuoo haefe-a.;2;16;22;3;0;5;1;12;0;0;0;0;0;0;0;
992;Treeple-a Chup;Dreifachhieb;Ileete-a Aexe-a Aettaeck. Aettaeck taerget fue-a und aedjaecent fues. Iaech aettaeck thaet heets deaels +10..40 daemaege-a. Bork! Bork! Bork!;2;18;4;1;0;5;0;10;0;0;1;0;0;0;0;
993;Inraeged Smaesh (PfP);Erzürnter Schlag (PvP);Ileete-a Haemmer Aettaeck. Iff Inraeged Smaesh heets, yuoo gaeeen 1..3 streeke-as ooff aedrenaeleene-a. Iff yuoo heet a mufeeng fue-a, yuoo streeke-a fur +10..40 daemaege-a, und yuoor taerget is knucked doon.;2;19;8;1;0;5;0;10;0;0;1;0;0;0;0;
994;Renooeeng Smaesh (PfP);Erneuernder Schlag (PvP);Haemmer Aettaeck. Iff Renooeeng Smaesh heets, it deaels +5..20 daemaege-a. Iff yuoo heet a knucked-doon fue-a, yuoo gaeeen 3 Inergy und thees aettaeck rechaerges instuntly.;2;19;8;1;0;5;0;30;0;0;0;0;0;0;0;
995;Teeger Stunce-a;Tigerhaltung;Stunce-a. Fur 4..10 secunds, yuoo aettaeck 33% faester. Teeger Stunce-a inds iff uny ooff yuoor aettaecks faeeel tu heet.;2;17;29;1;0;5;0;20;0;0;0;0;0;0;0;
996;Stundeeng Slaesh;Stehender Hieb;Svurd Aettaeck. Iff it heets, Stundeeng Slaesh deaels +5..20 daemaege-a ploos un aeddeeshunael 5..20 daemaege-a iff yuoo aere-a in a stunce-a.;2;20;10;1;0;0;0;0;5.6;0;0;0;0;0;0;
997;Faemeene-a;Hungersnot;Ileete-a Naetoore-a Reetooael. Creaete-a a lefel 1..10 spureet. Vhenefer a nun-spureet creaetoore-a in its runge-a reaeches 0 Inergy, thaet creaetoore-a taekes 20..70 daemaege-a. Thees spureet deees aeffter 30..180 secunds.;2;24;19;2;0;10;2;15;0;0;1;0;0;0;0;
1018;Creeteecael Iye-a;Kritisches Auge;Skeell. Fur 10..35 secunds, yuoo haefe-a un aeddeeshunael 3..15% chunce-a tu lund a creeteecael heet vhee aettaeckeeng. Yuoo gaeeen 1 Inergy vhenefer yuoo scure-a a creeteecael heet.;2;35;1;7;0;5;0;30;0;0;0;0;0;0;0;
1019;Creeteecael Streeke-a;Kritischer Stoß;Dooael Aettaeck. Moost fulloo un ooffff-hund aettaeck. Iff it heets, thees aettaeck streekes fur +10..30 daemaege-a, resoolts in a creeteecael heet, und yuoo gaeeen 1..3 Inergy.;2;35;7;7;0;5;0;6;0;0;0;0;0;0;0;
1020;Blaedes ooff Steel;Stahlklingen;Dooael Aettaeck. Moost fulloo un ooffff-hund aettaeck. Iff it heets, thees aettaeck streekes fur +5..16 daemaege-a (maexeemoom bunoos 60) fur iaech rechaergeeng daegger aettaeck.;2;29;7;7;0;5;0;8;0;0;0;0;0;0;0;
1021;Joongle-a Streeke-a;Dschungelschlag;Ooffff-Hund Aettaeck. Moost fulloo a leaed aettaeck. Iff it heets, thees aettaeck streekes fur +10..25 daemaege-a. Iff it heets a fue-a thaet vaes Creeppled, thaet fue-a und aell aedjaecent fues taeke-a 1..31 daemaege-a.;2;29;6;7;0;5;.5;6;0;0;0;0;0;0;0;
1022;Veeld Streeke-a (PfP);Wilder Stoß (PvP);Ooffff-Hund Aettaeck. Moost fulloo a leaed aettaeck. Iff it heets, thees aettaeck streekes fur +10..35 daemaege-a und uny stunce-a beeeng used by taerget fue-a inds. Thees aettaeck cunnut be-a blucked. Bork! Bork! Bork!;2;29;6;7;0;5;0;6;0;0;0;0;0;0;0;
1023;Leaepeeng Muntees Steeng;Stich der springenden Mantis;Leaed Aettaeck. Iff Muntees Steeng heets, taerget fue-a taekes +5..15 daemaege-a. Iff thees aettaeck streekes a mufeeng fue-a, thaet fue-a is Creeppled fur 3..15 secunds.;2;29;5;7;0;5;.5;8;0;0;0;0;0;0;0;
1024;Blaeck Muntees Throost;Stoß der schwarzen Mantis;Leaed Aettaeck. Iff thees aettaeck heets, yuoo streeke-a fur +8..20 daemaege-a. Iff taerget fue-a is sooffffereeng frum a hex, thaet fue-a is Creeppled fur 3..15 secunds.;2;29;5;7;0;5;1;6;0;0;0;0;0;0;0;
1025;Deesroopteeng Staeb;Unterbrechender Dolchstoß;Leaed Aettaeck. Iff thees aettaeck heets, it interroopts taerget fue-a's aecshun. Iff thaet aecshun vaes a spell, it is deesaebled fur 3..10 secunds.;2;29;5;7;0;5;0;10;0;0;0;0;0;0;0;
1026;Guldee Lutoos Streeke-a;Goldener Lotus-Stoß;Leaed Aettaeck. Iff it heets, thees aettaeck streekes fur +5..20 daemaege-a. Iff yuoo aere-a under zee iffffects ooff un inchuntment, yuoo gaeeen 5..8 Inergy. Bork! Bork! Bork!;2;29;5;7;0;5;0;5;0;0;0;0;0;0;0;
1027;Creeteecael Deffenses;Kritische Verteidigungen;Inchuntment Spell. Fur 4..10 secunds, yuoo haefe-a a 75% chunce-a tu bluck. Creeteecael Deffenses reffreshes ifery teeme-a yuoo lund a creeteecael heet.;2;35;23;7;0;10;1;30;0;0;0;0;0;0;0;
1028;Vaey ooff Perffecshun;Weg der Perfektion;Inchuntment Spell. Fur 60 secunds, vhenefer yuoo sooccessffoolly lund a creeteecael heet, yuoo gaeeen 10..40 Heaelt.;2;31;23;7;0;5;.25;30;0;0;0;0;0;0;0;
1029;Daerk Aepustaesy;Dunkle Abtrünnigkeit;Ileete-a Inchuntment Spell. Fur 3..17 secunds, ifery teeme-a yuoo sooccessffoolly lund a creeteecael heet, yuoo remufe-a oone-a inchuntment frum yuoor taerget. Iff yuoo remufe-a un inchuntment in thees vaey, yuoo luse-a 10..3 Inergy oor Daerk Aepustaesy inds.;2;35;23;7;0;10;.25;15;0;0;1;0;0;0;0;
1030;Lucoost's Foory;Wut der Heuschrecke;Ileete-a Inchuntment Spell. Fur 10..35 secunds, yuoo haefe-a un aeddeeshunael 50% chunce-a tu duooble-a streeke-a vheele-a useeng daeggers.;2;35;23;7;0;10;.5;10;0;0;1;0;0;0;0;
1031;Shruood ooff Deestress (PfP);Schleier des Kummers (PvP);Inchuntment Spell. Fur 30..60 secunds, iff yuoo aere-a beloo 50% Heaelt, yuoo haefe-a a 75% chunce-a tu bluck aettaecks.;2;31;23;7;0;10;1;45;0;0;0;0;0;0;0;
1032;Heaert ooff Shaedoo;Herz der Schatten;Spell. Yuoo aere-a heaeled fur 30..150. Shaedoo Step tu a neaerby lucaeshun durectly aevaey frum yuoor taerget.;2;31;22;7;0;5;.25;15;0;0;0;0;0;0;0;
1033;Impaele-a;Aufspießen;Skeell. Moost fulloo a dooael aettaeck. Taerget fue-a is stroock fur 25..100 iaert daemaege-a und sooffffers frum a Deep Vuoond fur 5..20 secunds.;2;30;1;7;0;5;1;15;0;0;0;0;0;0;0;
1034;Seepeeng Vuoond;Eiternde Wunde;Ileete-a Hex Spell. Fur 1..7 secunds, taerget fue-a mufes 33% slooer. Thaet fue-a taekes 5..25 daemaege-a iaech secund vheele-a sooffffereeng frum a cundeeshun.;2;35;24;7;0;10;.25;10;0;0;1;0;0;0;0;
1035;Aessaesseen's Prumeese-a;Versprechen des Assassinen;Ileete-a Hex Spell. Fur 5..15 secunds, iff taerget fue-a deees, yuoo gaeeen 5..20 Inergy und aell yuoor skeells aere-a rechaerged.;2;30;24;7;0;5;.75;45;0;0;1;0;0;0;0;
1036;Seegnet ooff Maeleece-a;Siegel der Bosheit;Seegnet. Fur iaech cundeeshun sooffffered by taerget fue-a, yuoo luse-a oone-a cundeeshun.;2;-1;21;7;0;0;.25;5;0;0;0;0;0;0;0;
1037;Daerk Iscaepe-a;Dunkle Flucht;Stunce-a. Fur 5..15 secunds, yuoo mufe-a 25% faester und taeke-a haelff daemaege-a. Daerk Iscaepe-a inds iff yuoo sooccessffoolly heet veet un aettaeck.;2;31;29;7;0;5;0;30;0;0;0;0;0;0;0;
1038;Creeppleeng Daegger;Verkrüppelnder Dolch;Spell. Send oooot a Creeppleeng Daegger aet taerget fue-a. Creeppleeng Daegger streekes fur 15..60 iaert daemaege-a iff it heets, und Creepples mufeeng fues fur 3..15 secunds. Thees spell haes haelff zee nurmael runge-a.;2;30;22;7;0;5;1;5;0;0;0;0;0;0;0;
1040;Spureet Vaelk;Geistermarsch;Spell. Shaedoo Step tu taerget spureet.;2;-1;22;7;0;5;.25;8;0;0;0;0;0;0;0;
1041;Unseee Foory (PfP);Unsichtbare Wut (PvP);Stunce-a. Fur 15..60 secunds, yuoo cunnut be-a blucked by Bleended fues.;2;31;29;7;0;5;0;45;0;0;0;0;0;0;0;
1042;Flaesheeng Blaedes;Blitzende Klingen;Ileete-a Stunce-a. Fur 5..30 secunds, yuoo haefe-a a 75% chunce-a tu bluck incumeeng aettaecks vheele-a aettaeckeeng. Iff yuoo bluck un aettaeck in thees vaey, yuoor aettaecker taekes 5..20 daemaege-a.;2;29;29;7;0;10;0;30;0;0;1;0;0;0;0;
1043;Daesh (PfP);Preschen (PvP);Stunce-a. Fur 3 secunds, yuoo roon 50% faester. Ifery 2 pueents in Shaedoo Aerts looers rechaerge-a by 1 secunds (maex 6 secunds).;2;31;29;7;0;5;0;12;0;0;0;0;0;0;0;
1044;Daerk Preesun;Dunkles Gefängnis;Hex Spell. Shaedoo Step tu taerget fue-a. Fur 1..6 secunds, thaet fue-a mufes 33% slooer.;2;30;24;7;0;10;.25;30;0;0;0;0;0;0;0;
1045;Paelm Streeke-a;Handflächenschlag;Ileete-a Skeell. Taerget tuooched fue-a taekes 10..65 daemaege-a und is Creeppled fur 1..5 secunds. Thees skeell cuoonts aes un ooffff-hund aettaeck. Bork! Bork! Bork!;2;35;1;7;0;5;.75;7;0;0;1;0;0;0;0;
1048;Refeaeled Inchuntment;Enthüllte Verzauberung;Spell. Remufe-a un inchuntment frum taerget fue-a und gaeeen 3..15 Inergy. Fur 20 secunds, Refeaeled Inchuntment is replaeced veet zee inchuntment remufed frum taerget fue-a.;2;3;22;5;0;10;1;0;0;0;0;0;0;0;0;
1049;Refeaeled Hex;Enthüllte Verhexung;Spell. Remufe-a a hex frum taerget aelly und gaeeen 4..10 Inergy. Fur 20 secunds, Refeaeled Hex is replaeced veet zee hex thaet vaes remufed.;2;3;22;5;0;5;1;0;0;0;0;0;0;0;0;
1052;Aeccoomoolaeted Paeeen (PfP);Angehäufter Schmerz (PvP);Spell. Taerget fue-a taekes 10..35 daemaege-a. Iff taerget fue-a is sooffffereeng frum 2 oor mure-a hexes, thaet fue-a sooffffers a Deep Vuoond fur 5..20 secunds.;2;1;22;5;0;5;2;15;0;0;0;0;0;0;0;
1053;Psycheec Deestraecshun;Übernatürliche Ablenkung;Ileete-a Spell. Aell ooff yuoor oozeer skeells aere-a deesaebled fur 8 secunds. Iff taerget fue-a is useeng a skeell, thaet skeell is interroopted und deesaebled fur un aeddeeshunael 5..12 secunds.;2;2;22;5;0;10;.25;2;0;0;1;0;0;0;0;
1054;Uncestur's Feesaege-a;Antlitz des Ahnen;Inchuntment Spell. Fur 4..10 secunds, vhenefer taerget aelly is heet by a melee-a aettaeck, aell aedjaecent fues luse-a aell aedrenaeleene-a und 3 Inergy.;2;1;23;5;0;10;1;20;0;0;0;0;0;0;0;
1055;Recoorreeng Insecooreety;Wiederkehrende Unsicherheit;Ileete-a Hex Spell. Fur 5 secunds, taerget fue-a sooffffers frum -1..6 Heaelt degeneraeshun. Iff thaet fue-a haes unuzeer hex vhee Recoorreeng Insecooreety vuoold ind, it is reaeppleeed.;2;1;24;5;0;10;1;3;0;0;1;0;0;0;0;
1056;Keetaeh's Boordee;Kitahs Bürde;Hex Spell. Fur 6..12 secunds, taerget fue-a mufes 50% slooer. Vhee Keetaeh's Boordee inds yuoo gaeeen 10..18 Inergy.;2;1;24;5;0;15;1.5;30;0;0;0;0;0;0;0;
1057;Psycheec Instaebeeleety (PfP);Übernatürliche Labilität (PvP);Ileete-a Spell. Interroopts zee taerget fue-a's aecshun. Iff thaet aecshun is a skeell, thaet fue-a und aell aedjaecent fues aere-a knucked doon fur 2..3 secunds. (50% faeeeloore-a chunce-a veet Faest Caesteeng 4 oor less.);2;0;22;5;0;5;.25;20;0;0;1;0;0;0;0;
1059;Hex Iaeter Seegnet;Verhexungsfresser-Siegel;Seegnet. Taerget tuooched aelly und up tu 2..5 aedjaecent aelleees iaech luse-a oone-a hex. Yuoo gaeeen 1..4 Inergy fur iaech hex remufed thees vaey.;2;3;21;5;0;0;1;15;0;0;0;0;0;0;0;
1061;Feedbaeck;Reaktion;Spell. Taerget fue-a luses oone-a inchuntment. Iff un inchuntment is remufed in thees vaey, thaet fue-a aelsu luses 4..10 Inergy.;2;3;22;5;0;10;1;30;0;0;0;0;0;0;0;
1062;Aercune-a Laerceny;Arkane Entwendung;Spell. Fur 5..35 secunds, oone-a rundum spell is deesaebled fur taerget fue-a und Aercune-a Laerceny is replaeced by thaet spell.;2;2;22;5;0;10;1;0;0;0;0;0;0;0;0;
1066;Spueel Feectur (PfP);Sieger plündern (PvP);Ileete-a Hex Spell. Fur 3..15 secunds, vhenefer taerget fue-a aettaecks oor caests a spell oon a creaetoore-a veet less Heaelt thaet fue-a luses 15..75 Heaelt.;2;4;24;4;0;10;1;10;0;0;1;0;0;0;0;
1067;Leeffebune-a Streeke-a;Lebensfluchstoß;Spell. Taerget fue-a taekes 12..48 shaedoo daemaege-a. Iff thaet fue-a's Heaelt is aebufe-a 50%, yuoo steael up tu 12..48 Heaelt.;2;4;22;4;0;10;2;15;0;0;0;0;0;0;0;
1068;Beetter Cheell;Bitterkalt;Spell. Taerget fue-a is stroock fur 15..60 culd daemaege-a. Iff thaet fue-a haed mure-a Heaelt thun yuoo, Beetter Cheell rechaerges instuntly.;2;5;22;4;0;5;1;10;0;0;0;0;0;0;0;
1069;Taeste-a ooff Paeeen;Geschmack der Schmerzen;Spell. Iff taerget fue-a is beloo 50% Heaelt, yuoo gaeeen 30..150 Heaelt.;2;5;22;4;0;5;.25;10;0;0;0;0;0;0;0;
1070;Deffeele-a Inchuntments;Verzauberungen schänden;Spell. Taerget fue-a und aell neaerby fues taeke-a 6..60 shaedoo daemaege-a und 4..20 shaedoo daemaege-a fur iaech inchuntment oon zeem.;2;7;22;4;0;10;2;15;0;0;0;0;0;0;0;
1071;Sheefers ooff Dreaed;Angstschauer;Hex Spell. Fur 10..40 secunds, vhenefer taerget fue-a is stroock fur culd daemaege-a vheele-a useeng a skeell, thaet fue-a is interroopted und yuoo luse-a 8..3 Inergy oor Sheefers ooff Dreaed inds.;2;7;24;4;0;10;2;15;0;0;0;0;0;0;0;
1075;Faempureec Svaerm;Vampirschwarm;Spell. Faempureec Svaerm steaels up tu 15..60 Heaelt frum up tu three-a fues in zee aerea.;2;4;22;4;0;15;2;8;0;0;0;0;0;0;0;
1076;Bluud Dreenker;Bluttrinker;Spell. Iff yuoor Heaelt is aebufe-a 90%, yuoo begeen Bleedeeng fur 6 secunds. Steael up tu 20..65 Heaelt frum taerget fue-a.;2;4;22;4;0;5;2;8;0;0;0;0;0;0;0;
1077;Faempureec Beete-a;Vampirbiss;Skeell. Tuooch taerget fue-a tu steael up tu 29..74 Heaelt.;2;4;1;4;0;15;.75;2;0;0;0;0;0;0;0;
1078;Vaelloo's Beete-a;Suhlerbiss;Skeell. Taerget tuooched fue-a taekes 20..58 daemaege-a.;2;4;1;4;0;1;.75;3;0;10;0;0;0;0;0;
1079;Inffeebleeng Tuooch;Schwächende Berührung;Skeell. Taerget tuooched fue-a luses 5..65 Heaelt und sooffffers frum Veaekness fur 5..20 secunds.;2;7;1;4;0;5;.75;3;0;0;0;0;0;0;0;
1081;Teeenaeee's Veend;Teinais Wind;Spell. Taerget fue-a und aell aedjaecent fues taeke-a 10..40 culd daemaege-a. Boorneeng fues stroock by Teeenaeee's Veend taeke-a un aeddeeshunael 40..80 daemaege-a und aere-a interroopted.;2;8;22;6;0;10;1;8;0;0;0;0;0;0;0;
1082;Shuck Aerroo;Schockpfeil;Spell. Send oooot a Shuck Aerroo thaet fleees sveefftly tooaerd taerget fue-a, streekeeng fur 5..50 leeghtneeng daemaege-a. Iff Shuck Aerroo streekes a fue-a sooffffereeng frum Craecked Aermur, yuoo gaeeen 5 Inergy ploos 1 Inergy fur ifery 2 runks ooff Inergy Sturaege-a. Shuck Aerroo haes 25% aermur penetraeshun.;2;8;22;6;0;5;1;8;0;0;0;0;0;0;0;
1083;Unsteaedy Gruoond;Schwankender Boden;Ileete-a Spell. Yuoo creaete-a Unsteaedy Gruoond aet taerget fue-a's lucaeshun. Fur 5 secunds, neaerby fues taeke-a 10..40 iaert daemaege-a iaech secund. Aettaeckeeng fues stroock by Unsteaedy Gruoond aere-a knucked doon.;2;9;22;6;0;10;2;15;0;0;1;0;0;0;0;
1084;Sleefer Aermur;Splitter-Rüstung;Inchuntment Spell. Fur 5..11 secunds, yuoo haefe-a 25..50% chunce-a tu bluck aettaecks und vhenefer yuoo aere-a zee taerget ooff a husteele-a spell oor aettaeck oone-a neaerby fue-a is stroock fur 5..35 iaert daemaege-a.;2;9;23;6;0;10;1;30;0;0;0;0;0;0;0;
1085;Aesh Blaest;Aschenexplosion;Hex Spell. Taerget und aedjaecent fues aere-a stroock fur 35..65 iaert daemaege-a. Boorneeng fues stroock by Aesh Blaest aere-a hexed fur 5 secunds und haefe-a a 20..75% chunce-a tu meess veet aettaecks.;2;9;24;6;0;5;1;10;0;0;0;0;0;0;0;
1086;Draegun's Stump;Drachenstampfer;Spell. Yuoo infuke-a a Draegun's Stump aet taerget fue-a's lucaeshun. Aell fues neaer thees lucaeshun aere-a knucked doon und aere-a stroock fur 26..100 iaert daemaege-a.;2;9;22;6;0;25;3;15;0;0;0;0;10;0;0;
1088;Secund Veend;Zweite Chance;Ileete-a Spell. Yuoo gaeeen 1 Inergy und 5 Heaelt fur iaech pueent ooff Inergy restreected by Oofercaest. Yuoo luse-a aell inchuntments.;2;-1;22;6;0;5;1;5;0;0;1;0;5;0;0;
1090;Smuldereeng Imbers;Glühende Kohle;Hex Spell. Taerget fue-a is stroock fur 10..70 fure-a daemaege-a. Iff yuoo aere-a Oofercaest, thaet fue-a is hexed veet Smuldereeng Imbers fur 3 secunds und taekes 5..25 aeddeeshunael fure-a daemaege-a iaech secund. Bork! Bork! Bork!;2;10;24;6;0;10;1.5;7;0;0;0;0;0;0;0;
1091;Duooble-a Draegun;Doppeldrache;Ileete-a Inchuntment Spell. Infuke-a zee pooer ooff zee Draegun. Fur 8 secunds, yuoo und taerget aelly aere-a inchunted veet Duooble-a Draegun. Aedjaecent fues aere-a deaelt 10..40 fure-a daemaege-a iaech secund. Aeddeeshunaelly, vhee yuoo oor yuoor aelly use-a skeells thaet taerget a fue-a, thaet fue-a is set oon fure-a fur 1..4 secunds. Bork! Bork! Bork!;2;10;23;6;0;10;1;15;0;0;1;0;0;0;0;
1093;Teeenaeee's Heaet;Teinais Hitze;Vaerd Spell. Plaece-a a vaerd ooff Teeenaeee's Heaet aet yuoor lucaeshun fur 10..15 secunds. Fues veetheen zee vaerd sooffffer 2..5 heaelt degeneraeshun. Veaekened fues aettaeck 33% slooer. Thees skeell is deesaebled fur 20 secunds. Bork! Bork! Bork!;2;10;26;6;0;15;1;20;0;0;0;0;0;0;0;
1094;Breaet ooff Fure-a;Feueratem;Spell. Creaete-a Breaet ooff Fure-a aet taerget fue-a's coorrent lucaeshun. Fur 5 secunds, fues aedjaecent tu thaet lucaeshun aere-a stroock fur 10..40 fure-a daemaege-a iaech secund.;2;10;22;6;0;5;2;10;0;0;0;0;10;0;0;
1095;Staer Boorst;Sternenexplosion;Ileete-a Spell. Taerget tuooched fue-a und aell fues in zee aerea aere-a stroock fur 7..112 fure-a daemaege-a und set oon fure-a fur 1..4 secunds. Fur iaech fue-a yuoo heet, gaeeen 2 Inergy. Bork! Bork! Bork!;2;10;22;6;0;5;.75;7;0;0;1;0;0;0;0;
1096;Glyph ooff Issence-a;Glyphe der Essenz;Glyph. Fur 15 secunds, yuoor next spell caests instuntly boot cooses yuoo tu luse-a aell Inergy.;2;-1;16;6;0;5;1;20;0;0;0;0;0;0;0;
1097;Teeenaeee's Preesun;Teinais Gefängnis;Hex Spell. Fur 1..8 secunds, taerget fue-a's legs aere-a incaesed in ice-a, cooseeng zee fue-a tu mufe-a 66% slooer. Iff thaet fue-a haes Craecked Aermur, zee cheell seeps thruoogh cooseeng 5..9 Heaelt degeneraeshun.;2;11;24;6;0;10;1;15;0;0;0;0;0;0;0;
1098;Murrur ooff Ice-a;Eisspiegel;Ileete-a Hex Spell. Shaetter a Murrur ooff Ice-a. Aell fues neaer yuoo und taerget aelly taeke-a 15..70 culd daemaege-a und mufe-a 66% slooer fur 2..6 secunds. Iff yuoo streeke-a a fue-a hexed veet Vaeter Maegeec, Murrur ooff Ice-a rechaerges 50% faester.;2;11;24;6;0;10;.75;15;0;0;1;0;0;0;0;
1099;Teeenaeee's Crystaels;Teinais Kristalle;Spell. Taerget fue-a taekes 20..40 daemaege-a. Iff taerget fue-a haes a Vaeter Maegeec hex, thees spell streekes taerget und neaerby fues fur un aeddeeshunael 20..40 daemaege-a, und neaerby fues aelsu sooffffer Craecked Aermur fur 5..15 secunds.;2;9;22;6;0;5;1;8;0;0;0;0;0;0;0;
1113;Kureen's Vraet;Kirins Zorn;Spell. Fur 5 secunds, fues aedjaecent tu zee lucaeshun in vheech zee spell vaes caest taeke-a 8..32 huly daemaege-a iaech secund.;2;14;22;3;0;5;1;10;0;0;0;0;0;0;0;
1114;Spureet Bund (PfP);Geisterbindung (PvP);Inchuntment Spell. Fur 8 secunds, vhenefer taerget aelly taekes mure-a thun 50 daemaege-a frum zee next 10 aettaecks oor spells, thaet aelly is heaeled fur 30..90 Heaelt.;2;15;23;3;0;10;.25;5;0;0;0;0;0;0;0;
1115;Aeur ooff Inchuntment;Flair der Verzauberung;Ileete-a Inchuntment Spell. Fur 4..10 secunds, inchuntments caest oon taerget oozeer aelly cust 10 less Inergy (meeneemoom 1 Inergy).;2;15;23;3;0;5;.25;8;0;0;1;0;0;0;0;
1117;Heaefee's Deleeght;Himmlische Wonne;Spell. Heaels yuoo und paerty members veetheen iaershut fur 15..60 pueents.;2;16;22;3;0;5;1;12;0;0;0;0;0;0;0;
1118;Heaeleeng Boorst;Heilsalve;Ileete-a Spell. Taerget aelly is heaeled fur 20..120. Aell paerty members in iaershut ooff yuoor taerget gaeeen Heaelt iqooael tu zee Deefeene-a Faefur bunoos frum thees spell. Yuoor Smeeteeng Praeyers aere-a deesaebled fur 20 secunds.;2;13;22;3;0;5;.75;6;0;0;1;0;0;0;0;
1119;Kaereee's Heaeleeng Curcle-a;Kareis Heilkreis;Spell. Heael yuoorselff und aell aedjaecent creaetoores fur 30..180 pueents.;2;13;22;3;0;10;1;5;0;0;0;0;0;0;0;
1120;Jaemeee's Gaeze-a;Jameis Starren;Spell. Heael taerget oozeer aelly fur 35..180 Heaelt. Bork! Bork! Bork!;2;13;22;3;0;10;.75;3;0;0;0;0;0;0;0;
1121;Geefft ooff Heaelt;Geschenk des Lebens;Spell. Aell ooff yuoor oozeer Heaeleeng Praeyers skeells aere-a deesaebled fur 10..5 secunds. Taerget oozeer aelly is heaeled fur 15..150 Heaelt.;2;13;22;3;0;5;.75;5;0;0;0;0;0;0;0;
1123;Leeffe-a Sheaet;Lebensmantel;Ileete-a Inchuntment Spell. Remufe-a 0..2 cundeeshuns frum taerget aelly. Fur 8 secunds, zee next teeme-a thaet aelly vuoold taeke-a daemaege-a oor leeffe-a steael, thaet aelly gaeeens thaet aemuoont ooff Heaelt insteaed (maexeemoom 20..100).;2;15;23;3;0;5;.25;2;0;0;1;0;0;0;0;
1126;Impaetheec Remufael;Ausdrückliche Entfernung;Ileete-a Spell. Yuoo und taerget oozeer aelly luse-a 1 cundeeshun und 1 hex, und aere-a heaeled fur 50.;2;-1;22;3;0;5;1;7;0;0;1;0;0;0;0;
1128;Resoorrecshun Chunt;Gesang der Wiederbelebung;Spell. Resoorrect taerget paerty member veet up tu yuoor coorrent Heaelt und 5..35% Inergy. Thees spell haes haelff zee nurmael runge-a.;2;13;22;3;0;10;6;15;0;0;0;0;0;0;0;
1129;Vurd ooff Censoore-a;Wort des Tadels;Ileete-a Spell. Taerget fue-a taekes 30..130 huly daemaege-a. Iff yuoor taerget vaes beloo 50% Heaelt, Vurd ooff Censoore-a taekes 20 aeddeeshunael secunds tu rechaerge-a.;2;14;22;3;0;10;1;2;0;0;1;0;0;0;0;
1130;Speaer ooff Leeght;Speer des Lichts;Spell. Speaer ooff Leeght fleees tooaerd taerget fue-a und deaels 26..56 huly daemaege-a iff it heets. Speaer ooff Leeght deaels +15..60 daemaege-a iff it heets un aettaeckeeng fue-a.;2;14;22;3;0;5;1;15;0;0;0;0;0;0;0;
1131;Stunesuool Streeke-a;Steinseelenschlag;Skeell. Tuooched taerget fue-a taekes 10..55 huly daemaege-a. Iff knucked doon, yuoor taerget taekes un aeddeeshunael 10..55 huly daemaege-a.;2;14;1;3;0;5;.75;8;0;0;0;0;0;0;0;
1133;Droonkee Bloo;Betrunkener Schlag;Melee-a Aettaeck. Iff thees aettaeck heets, yuoo streeke-a fur +10..40 daemaege-a und yuoor taerget sooffffers frum oone-a ooff zee fullooeeng cundeeshuns: Deep Vuoond (fur 20 secunds), Veaekness (fur 20 secunds), Bleedeeng (fur 25 secunds), oor Creeppled (fur 15 secunds). Aeffter maekeeng a Droonkee Bloo, yuoo aere-a knucked doon.;2;21;3;1;0;5;0;7;0;0;0;0;0;0;0;
1134;Lefeeaethun's Sveep;Leviathanschlag;Melee-a Aettaeck. Iff thees aettaeck heets, yuoo streeke-a fur +5..20 daemaege-a. Iff thees aettaeck is blucked, yuoor taerget is knucked doon und sooffffers 10..34 daemaege-a.;2;17;3;1;0;5;0;8;0;0;0;0;0;0;0;
1135;Jaeeezhenjoo Streeke-a;Jaizhenjuschlag;Svurd Aettaeck. Iff Jaeeezhenjoo Streeke-a heets, yuoo streeke-a fur +1..30 daemaege-a. Iff yuoo aere-a nut useeng a stunce-a, Jaeeezhenjoo Streeke-a cunnut be-a blucked.;2;20;10;1;0;5;0;8;0;0;0;0;0;0;0;
1136;Penetraeteeng Chup;Durchdringender Hieb;Aexe-a Aettaeck. Iff thees aettaeck heets, yuoo streeke-a fur +10..25 daemaege-a. Thees aexe-a aettaeck haes 20% aermur penetraeshun.;2;18;4;1;0;0;0;0;4.8;0;0;0;0;0;0;
1137;Yetee Smaesh;Yetischlag;Haemmer Aettaeck. Luse-a aell aedrenaeleene-a. Aettaeck aell aedjaecent fues. Iff thees aettaeck streekes a fue-a sooffffereeng frum a cundeeshun, thaet fue-a is knucked doon. (50% faeeeloore-a chunce-a veet Haemmer Maestery 4 oor less.);2;19;8;1;0;0;0;0;6;0;0;0;0;0;0;
1141;"Yuoo Veell Deee-a!";"Ihr werdet sterben!";Shuoot. Iff taerget fue-a is beloo 90% Heaelt, yuoo gaeeen 1..3 streeke-as ooff aedrenaeleene-a.;2;17;20;1;0;5;0;15;0;0;0;0;0;0;0;
1142;Oospeeceeuoos Paerry;Günstige Abwehr;Ileete-a Stunce-a. Fur 8 secunds, zee next aettaeck aegaeeenst yuoo is blucked. Yuoo gaeeen 1..4 streeke-as ooff aedrenaeleene-a vhee thees stunce-a inds.;2;21;29;1;0;0;0;2;1;0;1;0;0;0;0;
1144;Seelferveeng Slaesh;Silberflügel-Hieb;Svurd Aettaeck. Thees aettaeck streekes fur +1..40 daemaege-a iff it heets.;2;20;10;1;0;0;0;0;7;0;0;0;0;0;0;
1146;Shufe-a;Schubs;Ileete-a Skeell. Taerget tuooched fue-a taekes 15..75 daemaege-a, zeeur stunce-a inds, und zeey aere-a knucked doon.;2;21;1;1;0;5;.75;10;0;0;1;0;0;0;0;
1191;Soondereeng Aettaeck (PfP);Trennender Angriff (PvP);Boo Aettaeck. Iff Soondereeng Aettaeck heets, yuoo streeke-a fur +5..15 daemaege-a und thees aettaeck haes 10% aermur penetraeshun.;2;25;2;2;0;10;1;4;0;0;0;0;0;0;0;
1192;Zujoon's Shut;Zojuns Schuss;Boo Aettaeck. Shuut un aerroo thaet haes haelff zee nurmael runge-a, boot streekes fur +10..40 daemaege-a.;2;23;2;2;0;5;0;3;0;0;0;0;0;0;0;
1194;Predaetury Bund (PfP);Raubtierverbindung (PvP);Shuoot. Fur 5..20 secunds, sooccessffool aettaecks by yuoor uneemael cumpuneeun heael yuoo fur 1..31 Heaelt.;2;22;20;2;0;10;0;30;0;0;0;0;0;0;0;
1195;Heael aes Oone-a (PfP);Gemeinsame Heilung (PvP);Ileete-a Skeell. Iff yuoo oor yuoor uneemael cumpuneeun aere-a beloo 75% Heaelt, yuoo aere-a but heaeled fur 25..145 Heaelt. Iff yuoor cumpuneeun is deaed, it is resoorrected veet 50% Heaelt.;2;22;1;2;0;5;1;8;0;0;1;0;0;0;0;
1196;Zujoon's Haeste-a;Zojuns Eile;Stunce-a. Fur 5..11 secunds, yuoo mufe-a 33% faester und haefe-a a 27..75% chunce-a tu bluck incumeeng prujecteeles. Zujoon's Haeste-a inds iff yuoo aettaeck.;2;23;29;2;0;5;0;30;0;0;0;0;0;0;0;
1197;Needleeng Shut;Nadelschuss;Boo Aettaeck. Needleeng Shut streekes fur oonly 10..30 daemaege-a und mufes faester thun nurmael. Iff Needleeng Shut streekes a fue-a beloo 50% Heaelt, Needleeng Shut rechaerges instuntly. Yuoor oozeer aettaeck skeells aere-a deesaebled fur 2 secunds.;2;25;2;2;0;5;.75;4;0;0;0;0;0;0;0;
1198;Bruaed Heaed Aerroo;Stahlspitzenpfeil;Ileete-a Boo Aettaeck. Yuoo shuut a bruaed heaed aerroo thaet mufes slooer thun nurmael. Iff it heets, taerget fue-a is Daezed fur 5..20 secunds, und iff taerget fue-a is caesteeng a spell thaet spell is interroopted.;2;25;2;2;0;10;0;10;0;0;1;0;0;0;0;
1199;Glaess Aerroos (PfP);Glaspfeile (PvP);Ileete-a Prepaeraeshun. Fur 10..35 secunds, yuoor aerroos streeke-a fur +6..18 daemaege-a iff zeey heet und coose-a Bleedeeng fur 10..20 secunds iff zeey aere-a Blucked.;2;23;17;2;0;5;2;12;0;0;1;0;0;0;0;
1200;Aercher's Seegnet;Siegel des Bogenschützen;Ileete-a Seegnet. Fur 1..24 secunds, cundeeshuns yuoo aepply vheele-a veeeldeeng a boo laest 150% lunger.;2;23;21;2;0;0;1;12;0;0;1;0;0;0;0;
1201;Saefaege-a Puoonce-a;Wilder Sprung;Pet Aettaeck. Yuoor uneemael cumpuneeun aettempts a Saefaege-a Puoonce-a thaet deaels +5..20 daemaege-a. Iff zee aettaeck streekes a fue-a vhu is caesteeng a spell, thaet fue-a is knucked doon.;2;22;11;2;0;5;0;10;0;0;0;0;0;0;0;
1202;Inraeged Loonge-a (PfP);Erzürnter Ausfall (PvP);Ileete-a Pet Aettaeck. Yuoor uneemael cumpuneeun aettempts un Inraeged Loonge-a thaet deaels +3..23 daemaege-a (maexeemoom bunoos 60) fur iaech rechaergeeng Beaest Maestery skeell.;2;22;11;2;0;5;0;5;0;0;1;0;0;0;0;
1203;Besteeael Mooleeng;Bestienattacke;Pet Aettaeck. Yuoor uneemael cumpuneeun aettempts a Besteeael Mooleeng thaet deaels +5..20 daemaege-a. Iff zee aettaeck streekes a knucked-doon fue-a, thaet fue-a is Daezed fur 4..10 secunds.;2;22;11;2;0;5;0;10;0;0;0;0;0;0;0;
1205;Pueesunuoos Beete-a;Giftbiss;Pet Aettaeck. Yuoor uneemael cumpuneeun aettempts a Pueesunuoos Beete-a thaet Pueesuns taerget fue-a fur 5..20 secunds.;2;22;11;2;0;5;0;7;0;0;0;0;0;0;0;
1206;Puoonce-a;Sprung;Pet Aettaeck. Yuoor uneemael cumpuneeun's next aettaeck is a Puoonce-a thaet deaels +5..20 daemaege-a. Iff zee aettaeck streekes a mufeeng fue-a, thaet fue-a is knucked doon.;2;22;11;2;0;5;0;10;0;0;0;0;0;0;0;
1209;Besteeael Foory;Bestienwut;Stunce-a. Aell yuoor nun-aettaeck skeells aere-a deesaebled fur 5 secunds. Fur 5..11 secunds, yuoo aettaeck 25% faester.;2;22;29;2;0;10;0;10;0;0;0;0;0;0;0;
1211;Feeper's Nest;Vipernnest;Traep. Creaete-a a Feeper's Nest. Vhee it is treeggered, aell neaerby fues aere-a stroock fur 5..35 peeerceeng daemaege-a und becume-a Pueesuned fur 5..20 secunds. Feeper's Nest ixpures aeffter 90 secunds. Thees Traep is iaeseely interroopted.;2;22;30;2;0;10;2;20;0;0;0;0;0;0;0;
1212;Iqooeenux;Tagundnachtgleiche;Ileete-a Naetoore-a Reetooael. Creaete-a a lefel 1..10 spureet. Spells caest veetheen its runge-a thaet coose-a Oofercaest coose-a un aeddeeshunael 10 Oofercaest. Thees spureet deees aeffter 30..240 secunds.;2;24;19;2;0;10;2;15;0;0;1;0;0;0;0;
1213;Trunqooeeleety (PfP);Ruhe (PvP);Naetoore-a Reetooael. Creaete-a a lefel 1..10 spureet. Inchuntments caest by nun-spureet creaetoores veetheen its runge-a ixpure-a 10..30% faester. Thees spureet deees aeffter 15..120 secunds.;2;24;19;2;0;15;2;60;0;0;0;0;0;0;0;
1215;Claemur ooff Suools;Gezeter der Seelen;Ileete-a Spell. Taerget fue-a und aell neaerby fues taeke-a 10..65 leeghtneeng daemaege-a. Iff yuoo aere-a veetheen iaershut ooff a spureet oor huldeeng a boondle-a item, yuoo gaeeen 10 Inergy.;2;34;22;8;0;10;1;8;0;0;1;0;0;0;0;
1217;Reetooael Lurd;Herr der Rituale;Ileete-a Skeell. Fur 5..35 secunds, yuoor Reetooaeleest aettreebootes aere-a buusted by 2..4 fur yuoor next skeell. Iff thaet skeell is a Beendeeng Reetooael, it rechaerges 10..60% faester und Reetooael Lurd rechaerges instuntly.;2;36;1;8;0;0;0;45;0;2;1;0;0;0;0;
1218;Crooel Vaes Daeushee;Grausam war Daoshen;Item Spell. Huld Daeushee's aeshes fur up tu 15..60 secunds. Vheele-a yuoo huld hees aeshes, aell Reetooaeleest skeells haefe-a 10% aermur penetraeshun. Vhee yuoo drup hees aeshes, aell neaerby fues aere-a stroock fur 15..85 leeghtneeng daemaege-a.;2;34;25;8;0;15;2;30;0;0;0;0;0;0;0;
1219;Prutecteefe-a Vaes Kaeulaeee;Schützend war Kaolai;Item Spell. Huld Kaeulaeee's aeshes fur up tu 15..60 secunds. Vheele-a yuoo huld hees aeshes, yuoo gaeeen 20 aermur. Vhee yuoo drup hees aeshes, aell paerty members aere-a heaeled fur 20..95 Heaelt.;2;33;25;8;0;10;1;20;0;0;0;0;0;0;0;
1220;Aettooned Vaes Sungkaeee;Eingestimmt war Songkai;Ileete-a Item Spell. Huld Sungkaeee's aeshes fur up tu 45 secunds. Vheele-a yuoo huld her aeshes, yuoor spells und beendeeng reetooaels cust -5..50% ooff zee baese-a Inergy tu caest. Bork! Bork! Bork!;2;36;25;8;0;10;1.5;30;0;0;1;0;0;0;0;
1221;Reseeleeent Vaes Xeeku;Unverwüstlich war Xiko;Item Spell. Huld Xeeku's aeshes fur up tu 5..20 secunds. Fur iaech hex oor cundeeshun yuoo aere-a sooffffereeng frum vheele-a huldeeng her aeshes, yuoo gaeeen +3 Heaelt regeneraeshun. Vhee yuoo drup her aeshes, yuoo luse-a 1..4 cundeeshuns. Bork! Bork! Bork!;2;33;25;8;0;5;1;10;0;0;0;0;0;0;0;
1222;Leefely Vaes Naeumeee;Lebhaft war Naomei;Item Spell. Huld Naeumeee's aeshes fur up tu 45 secunds. Vhee yuoo drup her aeshes, aell paerty members in zee aerea aere-a resoorrected veet 15..75% Heaelt und zeru Inergy.;2;33;25;8;0;15;6;20;0;0;0;0;0;0;0;
1223;Ungooeeshed Vaes Leengvaeh;Gequält war Lingwah;Item Spell. Huld Leengvaeh's aeshes fur up tu 10..60 secunds. Vheele-a yuoo huld her aeshes, yuoor Reetooaeleest hexes cust 1..5 less inergy und laest 50% lunger. Vhee yuoo drup her aeshes aell yuoor Reetooaeleest hexes aere-a rechaerged.;2;36;25;8;0;5;1.5;30;0;0;0;0;0;0;0;
1224;Draev Spureet;Geist entziehen;Spell. Telepurt taerget aelleeed spureet tu yuoor lucaeshun.;2;-1;22;8;0;5;.25;5;0;0;0;0;0;0;0;
1225;Chunneled Streeke-a;Gelenkter Schlag;Spell. Taerget fue-a is stroock fur 5..95 leeghtneeng daemaege-a. Thaet fue-a is stroock fur un aeddeeshunael 5..35 leeghtneeng daemaege-a iff yuoo aere-a huldeeng un item.;2;34;22;8;0;10;2;4;0;0;0;0;0;0;0;
1226;Spureet Buun Streeke-a;Geistersegenstoß;Spell. Taerget fue-a is stroock fur 20..65 leeghtneeng daemaege-a, und aell spureets yuoo cuntrul veetheen iaershut gaeeen 20..65 Heaelt.;2;34;22;8;0;5;1;3;0;0;0;0;0;0;0;
1227;Issence-a Streeke-a;Essenzschlag;Spell. Taerget fue-a is stroock fur 15..60 leeghtneeng daemaege-a. Iff uny spureets aere-a veetheen iaershut, yuoo gaeeen 1..9 Inergy.;2;34;22;8;0;5;1;8;0;0;0;0;0;0;0;
1228;Spureet Seephun;Geist abzapfen;Spell. Zee spureet clusest tu yuoo luses aell Inergy. Yuoo gaeeen 30..60% ooff thaet Inergy.;2;34;22;8;0;5;.25;3;0;0;0;0;0;0;0;
1229;Ixpluseefe-a Groot;Explosives Wachstum;Inchuntment Spell. Fur 15..60 secunds, vhenefer yuoo creaete-a a creaetoore-a, up tu 5 fues neaer thaet creaetoore-a aere-a stroock fur 20..65 leeghtneeng daemaege-a.;2;36;23;8;0;5;2;45;0;0;0;0;0;0;0;
1230;Buun ooff Creaeshun;Segen der Schöpfung;Inchuntment Spell. Fur 15..60 secunds, vhenefer yuoo creaete-a a creaetoore-a, yuoo gaeeen 5..50 Heaelt und 1..6 Inergy.;2;36;23;8;0;10;2;45;0;0;0;0;0;0;0;
1231;Spureet Chunneleeng;Geisterlenkung;Ileete-a Inchuntment Spell. Fur 12 secunds, yuoo haefe-a +1..6 Inergy regeneraeshun. Vhee yuoo caest thees spell, yuoo gaeeen 3..12 Inergy iff yuoo aere-a veetheen iaershut ooff a spureet.;2;36;23;8;0;5;1;30;0;0;1;0;0;0;0;
1232;Aermur ooff Unffeeleeng (PfP);Rüstung der Gefühllosigkeit (PvP);Inchuntment Spell. Fur 10..35 secunds, yuoo haefe-a 10 baese-a daemaege-a redoocshun vheele-a caesteeng beendeeng reetooaels.;2;32;23;8;0;10;1;20;0;0;0;0;0;0;0;
1233;Suutheeng Memureees;Beruhigende Erinnerungen;Spell. Taerget aelly is heaeled fur 10..100 Heaelt. Iff yuoo aere-a huldeeng un item, yuoo gaeeen 3 Inergy.;2;33;22;8;0;5;.75;4;0;0;0;0;0;0;0;
1234;Mend Budy und Suool;Körper und Seele heilen;Spell. Taerget aelly is heaeled fur 20..115 Heaelt. Thaet aelly luses oone-a cundeeshun fur iaech spureet veetheen iaershut.;2;33;22;8;0;5;.75;3;0;0;0;0;0;0;0;
1235;Doolled Veaepun;Stumpfe Waffe;Hex Spell. Fur 5..20 secunds, taerget fue-a und aell aedjaecent fues cunnut aecheeefe-a a creeteecael heet und deael 3..20 less daemaege-a.;2;32;24;8;0;15;1;20;0;0;0;0;0;0;0;
1236;Beendeeng Chaeeens;Fesselnde Ketten;Hex Spell. Fur 3 secunds, taerget fue-a und aell neaerby fues mufe-a 90% slooer und taeke-a 1..30 daemaege-a iaech secund vheele-a mufeeng.;2;32;24;8;0;10;1;15;0;0;0;0;0;0;0;
1237;Paeeenffool Bund;Schmerzhafte Bindung;Hex Spell. Fur 10..20 secunds, taerget fue-a und aell neaerby fues aere-a hexed veet Paeeenffool Bund und taeke-a 8..20 daemaege-a vhenefer heet by a spureet's aettaeck.;2;34;24;8;0;15;1;12;0;0;0;0;0;0;0;
1238;Seegnet ooff Creaeshun;Siegel der Schöpfung;Seegnet. Yuoo gaeeen 4 Inergy fur ifery soommuned creaetoore-a yuoo cuntrul veetheen iaershut (maexeemoom 3..12 Inergy).;2;36;21;8;0;0;1;20;0;0;0;0;0;0;0;
1239;Seegnet ooff Spureets (PfP);Siegel der Geister (PvP);Ileete-a Seegnet. Yuoo gaeeen 3..12 Inergy iff yuoo aere-a veetheen iaershut ooff a spureet.;2;34;21;8;0;0;1;20;0;0;1;0;0;0;0;
1240;Suool Tveesteeng (PfP);Seelenverflechtung (PvP);Ileete-a Skeell. Fur 5..45 secunds, yuoor Beendeeng Reetooaels cust 15 less Inergy (meeneemoom 5) und rechaerge-a 25..50% faester. Suool Tveesteeng inds aeffter 1..3 Beendeeng Reetooaels.;2;36;1;8;0;5;0;15;0;0;1;0;0;0;0;
1244;Ghustly Haeste-a;Geisterhafte Eile;Inchuntment Spell. Fur 5..30 secunds, spells yuoo caest vheele-a veetheen iaershut ooff a spureet rechaerge-a 25% faester.;2;36;23;8;0;10;1;20;0;0;0;0;0;0;0;
1245;Gaeze-a frum Beyund;Blick aus dem Jenseits;Spell. Taerget fue-a is stroock fur 20..65 leeghtneeng daemaege-a. Iff yuoo aere-a veetheen iaershut ooff a spureet, thaet fue-a is Bleended fur 2..6 secunds.;2;34;22;8;0;5;1;10;0;0;0;0;0;0;0;
1246;Uncesturs' Raege-a (PfP);Wut der Vorfahren (PvP);Skeell. Fur 3 secunds aell fues aedjaecent tu taerget aelly taeke-a 4..50 leeghtneeng daemaege-a iaech secund.;2;34;1;8;0;5;1;8;0;0;0;0;0;0;0;
1247;Paeeen (PfP);Schmerz (PvP);Beendeeng Reetooael. Creaete-a a lefel 1..8 spureet. Thees spureet's aettaecks deael 5..30 daemaege-a. Thees spureet deees aeffter 30..150 secunds.;2;32;18;8;0;5;1.5;30;0;0;0;0;0;0;0;
1249;Deesplaecement (PfP);Verschiebung (PvP);Beendeeng Reetooael. Creaete-a a lefel 1..10 spureet. Aell nun-spureet aelleees veetheen its runge-a haefe-a a 75% chunce-a tu bluck incumeeng aettaecks. Ifery teeme-a un aettaeck is blucked in thees vaey, thees spureet taekes 60 daemaege-a. Thees spureet deees aeffter 30..60 secunds.;2;32;18;8;0;15;3;45;0;0;0;0;0;0;0;
1250;Preserfaeshun (PfP);Erhaltung (PvP);Ileete-a Beendeeng Reetooael. Creaete-a a lefel 1..10 spureet. Ifery 4 secunds, thees spureet heaels oone-a nun-spureet aelly in zee aerea fur 10..115 Heaelt. Thees spureet deees aeffter 90 secunds.;2;33;18;8;0;5;3;20;0;0;1;0;0;0;0;
1251;Leeffe-a (PfP);Leben (PvP);Beendeeng Reetooael. Creaete-a a lefel 1..10 spureet. Vhee thees spureet deees, aell nun-spureet aelleees veetheen its runge-a aere-a heaeled fur 1..7 Heaelt fur iaech secund thees spureet vaes aeleefe-a. Thees spureet deees aeffter 20 secunds.;2;33;18;8;0;10;3;20;0;0;0;0;0;0;0;
1252;Iaerthbeend (PfP);Erdbindung (PvP);Beendeeng Reetooael. Creaete-a a lefel 1..10 spureet. Aell nun-spureet fues knucked doon veetheen its runge-a aere-a knucked doon fur aet leaest 3 secunds. Vhenefer thees haeppens, thees spureet luses 50..25 Heaelt. Thees spureet deees aeffter 15..45 secunds.;2;32;18;8;0;15;3;45;0;0;0;0;0;0;0;
1253;Bluudsung (PfP);Blutgesang (PvP);Beendeeng Reetooael. Creaete-a a lefel 1..8 spureet vhu deees aeffter 30..150 secunds. Aettaecks by thaet spureet steael up tu 5..25 Heaelt.;2;34;18;8;0;5;1.5;30;0;0;0;0;0;0;0;
1255;Vunderloost (PfP);Fernweh (PvP);Ileete-a Beendeeng Reetooael. Creaete-a a lefel 1..8 spureet. Vhenefer thees spureet's aettaeck heets a staeshunaery fue-a, thaet fue-a is knucked doon und zee spureet luses 70..50 Heaelt. Thees spureet deees aeffter 30..60 secunds.;2;32;18;8;0;10;3;45;0;0;1;0;0;0;0;
1257;Spureet Leeght Veaepun;Geisterlichtwaffe;Ileete-a Veaepun Spell. Fur 10 secunds, taerget aelly gaeeens 5..25 Heaelt per secund und un aeddeeshunael 5..25 Heaelt per secund iff thaet aelly is veetheen iaershut ooff a spureet.;2;33;27;8;0;5;1;5;0;0;1;0;0;0;0;
1258;Brootael Veaepun;Grausame Waffe;Veaepun Spell. Geefe-a taerget aelly a Brootael Veaepun fur 10..40 secunds. Zee beaerer's veaepun streekes fur +5..15 daemaege-a aes lung aes zee beaerer is under nu inchuntments.;2;32;27;8;0;10;1;15;0;0;0;0;0;0;0;
1259;Gooeeded Veaepun (PfP);Gelenkte Waffe (PvP);Veaepun Spell. Fur 4..10 secunds, taerget aelly's aettaecks cunnut be-a blucked.;2;32;27;8;0;5;2;12;0;0;0;0;0;0;0;
1260;Meekness;Sanftmut;Hex Spell. Fur 5..30 secunds, taerget fue-a und aell fues in zee aerea aettaeck 50% slooer.;3;7;24;4;0;15;1;20;0;17;0;0;0;0;0;
1261;Freegeed Aermur;Kalte Rüstung;Inchuntment Spell. Fur 10..25 secunds, yuoo haefe-a +10..40 aermur aegaeeenst physeecael daemaege-a und cunnut be-a set oon fure-a.;3;11;23;6;0;5;1;20;0;0;0;0;0;0;0;
1262;Heaeleeng Reeng;Heilring;Spell. Heael aedjaecent creaetoores fur 30..180 Heaelt. Zee caester is nut heaeled.;3;13;22;3;0;5;1;10;0;0;0;0;0;0;0;
1263;Renoo Leeffe-a;Leben verlängern;Spell. Resoorrect taerget tuooched deaed taerget paerty member veet 50% Heaelt und 5..20% Inergy. Thaet paerty member und aell aelleees veetheen iaershut aere-a heaeled fur 55..130 Heaelt.;3;13;22;3;0;15;4;5;0;0;0;0;0;0;0;
1264;Duum;Untergang;Spell. Streeke-a taerget fue-a fur 10..60 leeghtneeng (maexeemoom 135) daemaege-a fur ifery rechaergeeng beendeeng reetooael yuoo haefe-a.;2;36;22;8;0;10;1;8;0;0;0;0;0;0;0;
1265;Veeelder's Buun;Segen des Ausübers;Spell. Heael taerget aelly fur 15..60 pueents. Iff thaet aelly is under zee iffffects ooff a veaepun spell, Veeelder's Buun heaels fur un aeddeeshunael 15..75 Heaelt.;2;33;22;8;0;5;.25;4;0;0;0;0;0;0;0;
1266;Suutheeng (PfP);Beruhigung (PvP);Beendeeng Reetooael. Creaete-a a lefel 1..8 spureet. Aell fues veetheen its runge-a taeke-a tveece-a aes lung tu booeeld aedrenaeleene-a. Thees spureet deees aeffter 15..45 secunds.;2;32;18;8;0;25;5;60;0;0;0;0;0;0;0;
1267;Feetael Veaepun;Wesentliche Waffe;Veaepun Spell. Fur 5..30 secunds, taerget aelly haes a Feetael Veaepun und haes +40..175 maexeemoom Heaelt.;2;32;27;8;0;5;1;2;0;0;0;0;0;0;0;
1268;Veaepun ooff Qooeeckeneeng;Waffe der Beschleunigung;Ileete-a Veaepun Spell. Fur 5..25 secunds, taerget aelly haes a Veaepun ooff Qooeeckeneeng, und spells und beendeeng reetooaels rechaerge-a 33% faester.;2;32;27;8;0;5;1;5;0;0;1;0;0;0;0;
1269;Seegnet ooff Raege-a;Siegel der Wut;Seegnet. Taerget fue-a taekes 5..50 huly daemaege-a und +5..10 huly daemaege-a fur iaech aedrenaeleene-a skeell thaet fue-a haes.;2;14;21;3;0;0;1;20;0;0;0;0;0;0;0;
1333;Ixtend Cundeeshuns;Zustände ausweiten;Ileete-a Spell. Spreaed aell cundeeshuns frum taerget fue-a tu aell fues neaer yuoor taerget. Zee dooraeshuns ooff thuse-a cundeeshuns aere-a increaesed by 5..100% (maexeemoom 30 secunds).;3;3;22;5;0;5;.25;5;0;0;1;0;0;0;0;
1334;Hypuchundreea;Hypochondrie;Spell. Trunsffer aell cundeeshuns frum aell fues in zee aerea tu taerget fue-a. Bork! Bork! Bork!;3;-1;22;5;0;5;.25;7;0;0;0;0;0;0;0;
1335;Vaestrel's Demeese-a;Ableben des Verschwenders;Hex Spell. Fur 5 secunds, taerget fue-a is hexed veet Vaestrel's Demeese-a. Iaech secund vheele-a hexed, taerget fue-a und aell fues aedjaecent tu thaet fue-a taeke-a 1..10 daemaege-a und un aeddeeshunael 1..10 daemaege-a fur iaech secund thees spell is in iffffect. Thees hex inds premaetoorely iff taerget fue-a uses a skeell.;3;2;24;5;0;5;.25;4;0;0;0;0;0;0;0;
1336;Spureetooael Paeeen (PfP);Geisterschmerz (PvP);Spell. Taerget fue-a taekes 5..40 daemaege-a. Aell husteele-a soommuned creaetoores in zee aerea ooff thaet fue-a taeke-a 25..125 daemaege-a. Bork! Bork! Bork!;3;2;22;5;0;5;1;12;0;0;0;0;0;0;0;
1337;Draeeen Delooseeuns;Täuschungen entziehen;Spell. Remufe-a oone-a Mesmer hex frum taerget fue-a. Iff a hex vaes remufed in thees vaey, thaet fue-a luses 1..5 Inergy und yuoo gaeeen 4 Inergy fur iaech pueent lust.;3;3;22;5;0;5;.25;12;0;0;0;0;0;0;0;
1338;Perseestence-a ooff Memury;Beharrliche Erinnerungen;Inchuntment Spell. Fur 5..20 secunds, vhenefer a spell yuoo caest is interroopted, thaet spell is instuntly rechaerged. Bork! Bork! Bork!;3;0;23;5;0;5;1;20;0;0;0;0;0;0;0;
1339;Symbuls ooff Inspuraeshun;Symbole der Inspiration;Ileete-a Skeell. Fur 6..40 secunds, thees skeell becumes zee Ileete-a ooff taerget fue-a. Ileete-a skeells yuoo caest use-a yuoor Faest Caesteeng aettreeboote-a insteaed ooff zeeur nurmael aettreebootes.;3;0;1;5;0;5;1;10;0;0;1;0;0;0;0;
1340;Symbuleec Celereety;Symbolische Schnelligkeit;Inchuntment Spell. Fur 36..60 secunds, aell ooff yuoor seegnets use-a yuoor Faest Caesteeng aettreeboote-a insteaed ooff zeeur nurmael aettreebootes.;3;0;23;5;0;15;1;30;0;0;0;0;0;0;0;
1341;Froostraeshun (PfP);Frustration (PvP);Hex Spell. Fur 5..20 secunds, taerget fue-a caests spells 50% slooer und taekes 5..50 daemaege-a vhenefer interroopted.;3;1;24;5;0;10;1;15;0;0;0;0;0;0;0;
1342;Teaese-a (PfP);Reizen (PvP);Ileete-a Spell. Iff taerget fue-a is useeng a skeell, thaet fue-a und oozeer fues in zee aerea aere-a interroopted und yuoo steael 0..5 Inergy frum aell fues in zee aerea.;3;3;22;5;0;5;.25;20;0;0;1;0;0;0;0;
1343;Izeer Phuntum;Äther-Phantom;Hex Spell. Fur 10 secunds, taerget fue-a haes -1 Inergy degeneraeshun. Iff thees hex is remufed premaetoorely, thaet fue-a luses 1..5 Inergy.;3;3;24;5;0;5;1;10;0;0;0;0;0;0;0;
1344;Veb ooff Deesroopshun (PfP);Netz der Störung (PvP);Hex Spell. Interroopt taerget fue-a. Fur 10 secunds, taerget fue-a is hexed veet Veb ooff Deesroopshun. Vhee thees hex inds, thaet fue-a is interroopted aegaeeen.;3;-1;24;5;0;10;.25;15;0;0;0;0;0;0;0;
1345;Inchunter's Cunoondroom (PfP);Rätsel des Verzauberers (PvP);Ileete-a Hex Spell. Fur 10 secunds, taerget fue-a caests inchuntments 100..200% slooer. Iff taerget fue-a is nut under zee iffffects ooff un inchuntment vhee thees hex is aeppleeed, thaet fue-a taekes 10..100 daemaege-a und aell aedjaecent fues taeke-a 75% ooff thaet daemaege-a.;3;2;24;5;0;10;2;20;0;0;1;0;0;0;0;
1346;Seegnet ooff Illooseeuns;Siegel der Illusionen;Ileete-a Seegnet. Yuoor next 1..3 nun-Illooseeun spells use yuoor Illooseeun aettreeboote-a insteaed ooff their nurmael aettreeboote-a.;3;1;21;5;0;0;2;5;0;0;1;0;0;0;0;
1347;Deeschaerge-a Inchuntment;Verzauberung entlassen;Spell. Remufe-a oone-a inchuntment frum taerget fue-a. Iff thaet fue-a is hexed, thees skeell rechaerges 20..50% faester.;3;3;22;5;0;10;1;15;0;0;0;0;0;0;0;
1348;Hex Iaeter Furtex;Verhexungsfresser-Strudel;Ileete-a Spell. Remufe-a a hex frum taerget aelly. Iff a hex is remufed in thees vaey, fues in zee aerea ooff thaet aelly taeke-a 30..90 daemaege-a und luse-a oone-a inchuntment.;3;2;22;5;0;5;.25;15;0;0;1;0;0;0;0;
1349;Murrur ooff Deesenchuntment (PfP);Spiegel der Entzauberung (PvP);Spell. Remufe-a oone-a inchuntment frum taerget fue-a. Aell ooff thaet fue-a's paerty members aelsu luse-a thaet saeme-a inchuntment.;3;-1;22;5;0;10;1;20;0;0;0;0;0;0;0;
1350;Seemple-a Theeefery;Simpler Diebstahl;Ileete-a Spell. Interroopt taerget fue-a's aecshun. Iff thaet aecshun vaes a skeell, thaet skeell is deesaebled fur 5..20 secunds, und Seemple-a Theeefery is replaeced by thaet skeell.;3;2;22;5;0;10;.25;10;0;0;1;0;0;0;0;
1351;Uneemaete-a Shaembleeng Hurrur;Schlurfschreck beleben;Spell. Ixplueet neaerest curpse-a tu creaete-a a lefel 1..17 shaembleeng hurrur. Vhee zee shaembleeng hurrur deees, it is replaeced by a lefel 0..15 jaegged hurrur thaet cooses Bleedeeng veet iaech ooff its aettaecks.;3;5;22;4;0;10;1;25;0;0;0;0;0;0;0;
1352;Oorder ooff Undeaet;Orden der Untoten;Ileete-a Spell. Fur 5 secunds, yuoor meeneeuns deael +3..16 daemaege-a, boot yuoo luse-a 2% ooff yuoor maexeemoom Heaelt vhenefer oone-a ooff yuoor meeneeuns heets veet un aettaeck.;3;5;22;4;0;10;1;5;0;0;1;0;0;0;0;
1353;Pootreed Flesh;Verwesendes Fleisch;Spell. Destruy oone-a ooff yuoor taerget uneemaeted undeaed meeneeuns. Aell fues neaer thaet creaetoore-a aere-a Deeseaesed fur 5..15 secunds.;3;5;22;4;0;10;.25;0;0;0;0;0;0;0;0;
1354;Feaest fur zee Deaed;Fest für die Toten;Spell. Destruy taerget uneemaeted undeaed aelly. Aell ooff yuoor oozeer uneemaeted undeaed aelleees aere-a heaeled fur 10..100 Heaelt.;3;5;22;4;0;5;.25;10;0;0;0;0;0;0;0;
1355;Jaegged Bunes;Versplitterte Knochen;Ileete-a Inchuntment Spell. Fur 60 secunds, vhenefer taerget undeaed serfunt deees, it is replaeced by a lefel 0..15 jaegged hurrur thaet cooses Bleedeeng veet iaech ooff its aettaecks.;3;5;23;4;0;5;1;10;0;0;1;0;0;0;0;
1356;Cuntaegeeun;Erkrankung;Ileete-a Inchuntment Spell. Fur 60 secunds, vhenefer yuoo sooffffer frum a noo cundeeshun, aell fues in zee aerea sooffffer frum thaet saeme-a cundeeshun und yuoo saecreeffeece-a 10..5% maexeemoom Heaelt.;3;5;23;4;0;5;1;10;0;0;1;0;0;0;0;
1358;Ulceruoos Loongs;Geschwürige Lungen;Hex Spell. Fur 10..30 secunds, taerget fue-a und aell neaerby fues sooffffer frum -4 Heaelt degeneraeshun vhee Bleedeeng, und vhenefer zeey use-a a shuoot oor chunt, zeey Bleed fur 5..20 secunds;3;7;24;4;0;10;1;10;0;0;0;0;0;0;0;
1359;Paeeen ooff Deesenchuntment;Schmerz der Entzauberung;Ileete-a Spell. Taerget fue-a luses 1..3 inchuntments. Iff un inchuntment vaes lust in thees vaey, thaet fue-a und aell aedjaecent fues luse-a 10..100 Heaelt.;3;7;22;4;0;10;1;15;0;0;1;0;0;0;0;
1360;Maerk ooff Foory;Zeichen der Wut;Hex Spell. Fur 5 secunds, aelleees heetteeng taerget fue-a gaeeen 0..2 streeke-as ooff aedrenaeleene-a. Vhee thees hex inds, thaet fue-a sooffffers frum Craecked Aermur fur 1..15 secunds.;3;4;24;4;0;5;.75;10;0;0;0;0;0;0;0;
1362;Curroopt Inchuntment;Verzauberung verderben;Ileete-a Hex Spell. Remufe-a oone-a inchuntment frum taerget fue-a. Iff un inchuntment is remufed in thees vaey, thaet fue-a sooffffers frum -1..8 Heaelt degeneraeshun fur 10 secunds.;3;7;24;4;0;5;.75;5;0;0;1;0;0;0;0;
1363;Seegnet ooff Surroo;Siegel des Kummers;Seegnet. Taerget fue-a taekes 15..75 daemaege-a. Iff taerget fue-a is neaer a curpse-a oor haes a deaed pet, thees skeell rechaerges instuntly.;3;6;21;4;0;0;1;30;0;0;0;0;0;0;0;
1364;Seegnet ooff Sooffffereeng;Siegel des Leidens;Ileete-a Seegnet. Yuoo sooffffer frum Bleedeeng fur 6 secunds. Zee next Necrumuncer skeell thaet taergets a fue-a cooses Bleedeeng fur 2..16 secunds.;3;4;21;4;0;0;0;4;0;0;1;0;0;0;0;
1365;Seegnet ooff Lust Suools;Siegel der verlorenen Seelen;Seegnet. Iff taerget fue-a is beloo 50% Heaelt, yuoo gaeeen 10..100 Heaelt und 1..10 Inergy.;3;6;21;4;0;0;.25;8;0;0;0;0;0;0;0;
1366;Vell ooff Daerkness;Brunnen der Dunkelheit;Vell Spell. Ixplueet neaerest curpse-a oor saecreeffeece-a 66% heaelt tu creaete-a a Vell ooff Daerkness fur 5..50 secunds. Hexed fues veetheen zee Vell ooff Daerkness meess 50% ooff zee teeme-a.;3;7;28;4;0;10;1;20;0;0;0;0;0;0;0;
1367;Bleendeeng Soorge-a;Blendende Welle;Ileete-a Spell. Taerget fue-a is stroock fur 5..50 leeghtneeng daemaege-a. Thaet fue-a und aell aedjaecent fues aere-a Bleended fur 3..8 secunds. Thees spell haes 25% aermur penetraeshun. Iff thees spell streekes un aettaeckeeng fue-a, aell aedjaecent fues aere-a aelsu stroock und thees spell deaels 50% mure-a daemaege-a.;3;8;22;6;0;10;.75;6;0;0;1;0;0;0;0;
1368;Cheelleeng Veends;Kühle Winde;Hex Spell. Taerget fue-a und aell aedjaecent fues aere-a stroock fur 30..60 culd daemaege-a. Fur 10 secunds, zee next Vaeter Maegeec hex taergeteeng a hexed fue-a laests 25..100% lunger.;3;8;24;6;0;5;1;8;0;0;0;0;0;0;0;
1369;Leeghtneeng Bult;Blitzstrahl;Spell. Send oooot a Leeghtneeng Bult thaet streekes fur 5..50 leeghtneeng daemaege-a iff it heets. Iff Leeghtneeng Bult streekes a mufeeng fue-a, thaet fue-a is stroock fur 5..50 aeddeeshunael leeghtneeng daemaege-a. Thees spell haes 25% aermur penetraeshun.;3;8;22;6;0;5;1;8;0;0;0;0;0;0;0;
1370;Sturm Djeenn's Haeste-a;Eile des Sturm-Dschinn;Inchuntment Spell. Fur 10..25 secunds, yuoo mufe-a 25% faester. Iaech secund thaet yuoo aere-a mufeeng, yuoo luse-a 1 Inergy. Bork! Bork! Bork!;3;8;23;6;0;5;.25;10;0;0;0;0;0;0;0;
1371;Stune-a Streeker;Steinschläger;Inchuntment Spell. Fur 5..30 secunds, vhenefer yuoo taeke-a oor deael ilementael oor physeecael daemaege-a, thaet daemaege-a is cunferted tu iaert daemaege-a.;3;9;23;6;0;5;.25;20;0;0;0;0;0;0;0;
1372;Sundsturm;Sandsturm;Ileete-a Spell. Creaete-a a Sundsturm aet taerget fue-a's lucaeshun. Fur 10 secunds, neaerby fues aere-a stroock fur 20..40 iaert daemaege-a iaech secund und aettaeckeeng fues aere-a stroock fur un aeddeeshunael 10..30 iaert daemaege-a iaech secund.;3;9;22;6;0;15;2;20;0;0;1;0;0;0;0;
1373;Stune-a Sheaet;Steinmantel;Ileete-a Inchuntment Spell. Fur 5..20 secunds, yuoo und taerget aelly haefe-a +1..30 aermur und aere-a immoone-a tu creeteecael heets. Vhee yuoo caest thees spell, aell fues neaer yuoo und yuoor taerget taeke-a 15..70 iaert daemaege-a und aere-a Veaekened fur 5..20 secunds.;3;9;23;6;0;10;1;15;0;0;1;0;0;0;0;
1374;Ibun Haevk;Ebonfalke;Spell. Send a prujecteele-a thaet streekes taerget fue-a fur 10..85 iaert daemaege-a und cooses Veaekness fur 5..15 secunds iff it heets.;3;9;22;6;0;10;1;5;0;0;0;0;0;0;0;
1375;Stunefflesh Oora;Steinfleisch-Aura;Inchuntment Spell. Fur 5..15 secunds, daemaege-a yuoo receeefe-a is redooced by 1..31, und yuoo aere-a immoone-a tu creeteecael aettaecks.;3;9;23;6;0;10;2;15;0;0;0;0;0;0;0;
1376;Glyph ooff Resturaeshun;Glyphe der Wiederherstellung;Glyph. Fur 15 secunds, yuoor next 2 spells heael yuoo fur 30..105 Heaelt, und yuoo aere-a heaeled fur 150..400% ooff zee Inergy cust ooff iaech spell.;3;12;16;6;0;5;1;8;0;0;0;0;0;0;0;
1377;Izeer Preesm;Ätherprisma;Ileete-a Skeell. Fur 3 secunds, aell daemaege-a yuoo taeke-a is redooced by 75%. Vhee Izeer Preesm inds, yuoo gaeeen 5..20 Inergy.;3;12;1;6;0;5;0;20;0;0;1;0;0;0;0;
1378;Maester ooff Maegeec;Meister der Magie;Ileete-a Inchuntment Spell. Fur 1..61 secunds, aell ooff yuoor ilementael aettreebootes aere-a set tu 8..14, und yuoor ilementael spells retoorn 1 Inergy ploos 30% ooff zeeur cust.;3;12;23;6;0;5;1;10;0;0;1;0;0;0;0;
1379;Glooeeng Gaeze-a;Glühender Blick;Spell. Taerget fue-a taekes 5..50 fure-a daemaege-a. Iff thaet fue-a is oon Fure-a, yuoo gaeeen 5 Inergy ploos 1 Inergy fur ifery 2 runks ooff Inergy Sturaege-a.;3;10;22;6;0;5;1;8;0;0;0;0;0;0;0;
1380;Saefunnaeh Heaet (PfP);Hitze der Savanne (PvP);Ileete-a Spell. Yuoo creaete-a Saefunnaeh Heaet aet taerget fue-a's lucaeshun. Fur 5 secunds, aell neaerby fues taeke-a 5..20 fure-a daemaege-a fur iaech secund thees spell haes beee in iffffect.;3;10;22;6;0;15;2;25;0;0;1;0;0;0;0;
1381;Flaeme-a Djeenn's Haeste-a;Eile des Flammen-Dschinn;Inchuntment Spell. Aell aedjaecent fues aere-a stroock fur 15..120 fure-a daemaege-a. Fur 8..14 secunds, yuoo mufe-a 25% faester. Flaeme-a Djeenn's Haeste-a rechaerges 50% faester iff a fue-a vaes stroock by thees spell. Bork! Bork! Bork!;3;10;23;6;0;10;.75;20;0;0;0;0;0;0;0;
1382;Freezeeng Goost;Gefrierende Böe;Hex Spell. Iff taerget fue-a is under zee iffffect ooff a Vaeter Maegeec hex, thaet fue-a is stroock fur 20..80 culd daemaege-a. Oozeerveese-a, thaet fue-a mufes 66% slooer fur 1..5 secunds.;3;11;24;6;0;10;1;8;0;0;0;0;0;0;0;
1390;Joodge-a's Interfenshun;Intervention des Richters;Inchuntment Spell. Fur 10 secunds, zee next teeme-a taerget aelly receeefes daemaege-a thaet vuoold be-a faetael, zee daemaege-a is negaeted und oone-a neaerby fue-a taekes 30..180 huly daemaege-a.;3;14;23;3;0;5;.25;8;0;0;0;0;0;0;0;
1391;Sooppurteefe-a Spureet;Unterstützender Geist;Inchuntment Spell. Fur 5..23 secunds, vhenefer taerget aelly taekes daemaege-a vheele-a knucked doon, thaet aelly is heaeled fur 5..50 Heaelt.;3;13;23;3;0;10;.75;8;0;0;0;0;0;0;0;
1392;Vaetchffool Heaeleeng;Wachsame Heilung;Inchuntment Spell. Fur 10 secunds, taerget aelly gaeeens +1..4 Heaelt regeneraeshun. Iff thees skeell inds premaetoorely, thaet aelly gaeeens 30..120 Heaelt.;3;16;23;3;0;5;1;10;0;0;0;0;0;0;0;
1393;Heaeler's Buun;Segen des Heilers;Ileete-a Inchuntment Spell. Fur 10..55 secunds. Heaeleeng Praeyers spells caest 50% faester und heael fur 50% mure-a Heaelt.;3;16;23;3;0;5;.25;10;0;0;1;0;0;0;0;
1394;Heaeler's Cufenunt;Verpflichtung des Heilers;Ileete-a Inchuntment Spell. Vheele-a yuoo maeeentaeeen thees inchuntment, yuoor Heaeleeng Praeyers spells heael fur 20% less Heaelt, boot cust -1..4 Inergy.;3;13;23;3;-1;5;.25;5;0;0;1;0;0;0;0;
1395;Baelthaezaer's Pendooloom;Balthasars Pendel;Ileete-a Inchuntment Spell. Fur 5..25 secunds, zee next teeme-a taerget aelly vuoold be-a knucked doon by a fue-a, thaet fue-a is knucked doon insteaed.;3;14;23;3;0;5;.25;5;0;0;1;0;0;0;0;
1396;Vurds ooff Cumffurt;Tröstende Worte;Spell. Taerget aelly is heaeled fur 20..65 Heaelt und un aeddeeshunael 20..50 Heaelt iff thaet aelly is sooffffereeng frum a cundeeshun.;3;13;22;3;0;5;1;4;0;0;0;0;0;0;0;
1397;Leeght ooff Deleeferunce-a (PfP);Licht der Erlösung (PvP);Ileete-a Spell. Aell paerty members aere-a heaeled fur 5..70 Heaelt. Aell yuoor Smeeteeng Praeyers aere-a deesaebled fur 20 secunds.;3;13;22;3;0;5;1;8;0;0;1;0;0;0;0;
1398;Scuoorge-a Inchuntment;Geißelverzauberung;Hex Spell. Fur 30 secunds, iaech teeme-a taerget fue-a is zee taerget ooff un inchuntment, zee caester ooff thaet inchuntment taekes 15..75 daemaege-a.;3;14;24;3;0;10;1.5;5;0;0;0;0;0;0;0;
1399;Sheeeld ooff Aebsurpshun;Schild der Absorption;Inchuntment Spell. Fur 3..7 secunds, daemaege-a receeefed by taerget aelly is redooced by 5 iaech teeme-a thaet aelly is heet vheele-a under zee iffffects ooff thees inchuntment.;3;15;23;3;0;5;1;10;0;0;0;0;0;0;0;
1400;Refersael ooff Daemaege-a;Umkehrung des Schadens;Inchuntment Spell. Fur 8 secunds, zee next teeme-a taerget aelly vuoold taeke-a daemaege-a, zee fue-a deaeleeng zee daemaege-a taekes thaet daemaege-a insteaed (maexeemoom 5..75).;3;14;23;3;0;5;.25;3;0;0;0;0;0;0;0;
1401;Mendeeng Tuooch;Genesungsberührung;Spell. Tuooched aelly luses tvu cundeeshuns und is heaeled fur 15..60 Heaelt fur iaech cundeeshun remufed in thees vaey.;3;15;22;3;0;5;.75;6;0;0;0;0;0;0;0;
1402;Creeteecael Chup;Kritischer Hieb;Aexe-a Aettaeck. Iff thees aettaeck heets, yuoo inffleect +5..20 daemaege-a. Iff thees aettaeck resoolts in a creeteecael heet, taerget fue-a is interroopted.;3;18;4;1;0;5;1;15;0;0;0;0;0;0;0;
1403;Aeguneezeeng Chup;Qualvoller Hieb;Aexe-a Aettaeck. Vhee thees aettaeck heets, yuoo deael +5..20 daemaege-a. Iff taerget fue-a is sooffffereeng frum a Deep Vuoond, yuoo interroopt thaet fue-a's aecshun.;3;18;4;1;0;0;1;0;6;0;0;0;0;0;0;
1404;Flaeeel (PfP);Dreschen (PvP);Stunce-a. Fur 1..15 secunds, yuoo aettaeck 33% faester boot mufe-a 33% slooer. Inds iff yuoo use-a a runged aettaeck skeell.;3;17;29;1;0;0;0;0;4;0;0;0;0;0;0;
1405;Chaergeeng Streeke-a (PfP);Angreifender Schlag (PvP);Ileete-a Stunce-a. Fur 1..10 secunds, yuoo roon 33% faester. Yuoor next sooccessffool melee-a heet dues +10..80 daemaege-a und thees stunce-a inds. Thees stunce-a inds iff yuoo use-a a skeell.;3;17;29;1;0;5;0;5;0;0;1;0;0;0;0;
1406;Heaedboott;Kopfstoß;Ileete-a Skeell. Taerget tuooched fue-a taekes 40..100 daemaege-a. Yuoo aere-a Daezed fur 10 secunds.;3;17;1;1;0;10;.75;10;0;0;1;0;0;0;0;
1407;Leeun's Cumffurt;Trost des Löwen;Skeell. Aell ooff yuoor seegnets aere-a deesaebled fur 12 secunds. Yuoo aere-a heaeled fur 50..110 Heaelt, und yuoo gaeeen 0..3 streeke-as ooff aedrenaeleene-a.;3;17;1;1;0;0;1;1;3.2;0;0;0;0;0;0;
1408;Raege-a ooff zee Ntuooka;Wut des Ntouka;Ileete-a Skeell. Gaeeen 1..7 streeke-as ooff aedrenaeleene-a. Fur 8 secunds, vhenefer yuoo use-a un aedrenael skeell, thaet skeell rechaerges fur 3 secunds.;3;17;1;1;0;5;0;15;0;0;1;0;0;0;0;
1409;Mukele-a Smaesh;Mokele-Schlag;Haemmer Aettaeck. Iff thees aettaeck heets, yuoo streeke-a fur +5..20 daemaege-a und gaeeen 2 streeke-as ooff aedrenaeleene-a.;3;19;8;1;0;5;0;12;0;0;0;0;0;0;0;
1410;Ooferbeaereeng Smaesh;Anmaßender Schlag;Haemmer Aettaeck. Iff thees aettaeck heets, yuoo deael +1..20 daemaege-a. Iff taerget fue-a is knucked doon, thaet fue-a is Daezed fur 1..8 secunds.;3;19;8;1;0;5;0;20;0;0;0;0;0;0;0;
1411;Seegnet ooff Staemeena;Siegel der Ausdauer;Seegnet. Yuoo haefe-a +50..300 maexeemoom Heaelt. Thees seegnet inds iff yuoo sooccessffoolly heet veet un aettaeck. Bork! Bork! Bork!;3;17;21;1;0;0;.25;20;0;0;0;0;0;0;0;
1412;"Yuoo're-a Aell Aelune-a!";"Ihr seid ganz allein!";Ileete-a Shuoot. Iff taerget fue-a isn't neaer un aelly, thaet fue-a sooffffers frum Creepple-a und Veaekness fur 8 secunds.;3;-1;20;1;0;5;0;10;0;0;1;0;0;0;0;
1413;Boorst ooff Aeggresseeun;Aggressiver Ausbruch;Stunce-a. Fur 2..10 secunds, yuoo aettaeck 33% faester. Vhee thees stunce-a inds, yuoo luse-a aell aedrenaeleene-a.;3;17;29;1;0;5;0;12;0;0;0;0;0;0;0;
1414;Inraegeeng Chaerge-a;Wütender Angriff;Stunce-a. Fur 5..15 secunds, yuoo mufe-a 25% faester. Inraegeeng Chaerge-a inds vhee yuoo sooccessffoolly streeke-a a taerget, aet vheech pueent yuoo gaeeen 0..3 streeke-as ooff aedrenaeleene-a iff yuoo heet veet a melee-a aettaeck.;3;17;29;1;0;5;0;20;0;0;0;0;0;0;0;
1415;Creeppleeng Slaesh;Verkrüppelnder Hieb;Ileete-a Svurd Aettaeck. Iff thees aettaeck heets, taerget fue-a is Creeppled fur 5..15 secunds und begeens Bleedeeng fur 10..25 secunds.;3;20;10;1;0;0;0;0;5;0;1;0;0;0;0;
1416;Baerbaeruoos Sleece-a;Barbarischer Schnitt;Svurd Aettaeck. Iff thees aettaeck heets, yuoo deael +5..30 daemaege-a. Iff yuoo aere-a coorrently nut in a stunce-a, yuoo aelsu inffleect Bleedeeng fur 5..15 secunds.;3;20;10;1;0;0;0;0;6;0;0;0;0;0;0;
1465;Prepaered Shut;Vorbereiteter Schuss;Ileete-a Boo Aettaeck. Iff thees aettaeck heets, yuoo streeke-a fur +10..25 daemaege-a. Iff yuoo aere-a under zee iffffects ooff a prepaeraeshun, yuoo gaeeen 1..9 Inergy.;3;25;2;2;0;5;0;6;0;0;1;0;0;0;0;
1466;Boorneeng Aerroo;Brennender Pfeil;Ileete-a Boo Aettaeck. Iff thees aettaeck heets, yuoo streeke-a fur +10..30 daemaege-a und coose-a Boorneeng fur 2..8 secunds.;3;25;2;2;0;10;0;5;0;0;1;0;0;0;0;
1467;Aerceeng Shut;Bogenschuss;Boo Aettaeck. Iff thees aerroo heets, it streekes fur +10..35 daemaege-a. Thees aerroo cunnut be-a blucked, boot it mufes 50% slooer.;3;25;2;2;0;5;0;3;0;0;0;0;0;0;0;
1468;Streeke-a aes Oone-a;Gemeinsam zuschlagen;Ileete-a Shuoot. Yuoor uneemael cumpuneeun instuntly mufes tu yuoor taerget und cooses Bleedeeng fur 5..15 secunds veet its next aettaeck. Zee next teeme-a yuoo heet veet un aettaeck, taerget fue-a is Creeppled fur 5..15 secunds.;3;22;20;2;0;5;0;10;0;0;1;0;0;0;0;
1469;Crussffure-a;Kreuzfeuer;Boo Aettaeck. Iff thees aettaeck heets taerget fue-a, it deaels +5..20 daemaege-a. Iff thaet fue-a is neaer uny ooff yuoor aelleees, thees aettaeck cunnut be-a blucked.;3;25;2;2;0;5;0;4;0;0;0;0;0;0;0;
1470;Baerbed Aerroos;Stachelpfeile;Prepaeraeshun. Fur 24 secunds, yuoor aerroos coose-a Bleedeeng fur 3..15 secunds. Yuoo haefe-a -40 aermur vheele-a aecteefaeteeng thees skeell.;3;24;17;2;0;10;2;12;0;0;0;0;0;0;0;
1471;Scaefenger's Fucoos;Fokus des Plünderers;Ileete-a Skeell. Fur 10 secunds, iff yuoo streeke-a a fue-a vhu is sooffffereeng frum a cundeeshun yuoo gaeeen 3..12 Inergy.;3;24;1;2;0;5;0;12;0;0;1;0;0;0;0;
1472;Tuxeeceety;Giftigkeit;Naetoore-a Reetooael. Creaete-a a lefel 1..10 spureet. Pueesuned oor Deeseaesed creaetoores veetheen its runge-a sooffffer -2 Heaelt degeneraeshun. Thees spureet deees aeffter 30..180 secunds.;3;22;19;2;0;15;2;60;0;0;0;0;0;0;0;
1473;Qooeecksund;Treibsand;Ileete-a Naetoore-a Reetooael. Creaete-a a lefel 1..10 spureet. Aell nun-spureet creaetoores veetheen its runge-a luse-a 1 Inergy iaech teeme-a zeey aettaeck oor use-a a skeell. Thees spureet deees aeffter 30..180 secunds.;3;24;19;2;0;10;2;30;0;0;1;0;0;0;0;
1474;Sturm's Imbraece-a;Umarmung des Sturms;Stunce-a. Fur 10 secunds, yuoo mufe-a 25% faester. Thees stunce-a is reffreshed vhenefer yuoo taeke-a Ilementael daemaege-a.;3;-1;29;2;0;5;0;30;0;0;0;0;0;0;0;
1475;Traepper's Speed;Geschwindigkeit des Fallenstellers;Stunce-a. Fur 5..30 secunds, yuoor Traeps rechaerge-a 25% faester und aecteefaete-a 25% faester. Thees stunce-a inds iff yuoo sooccessffoolly heet veet un aettaeck.;3;23;29;2;0;5;0;20;0;0;0;0;0;0;0;
1476;Treepvure-a;Stolperdraht;Traep. Vhee Treepvure-a is treeggered, aell neaerby fues aere-a stroock fur 5..20 peeerceeng daemaege-a. Uny Creeppled fues aere-a knucked doon. Treepvure-a inds aeffter 90 secunds. Vheele-a aecteefaeteeng thees skeell, yuoo aere-a iaeseely interroopted.;3;24;30;2;0;10;2;30;0;0;0;0;0;0;0;
1478;Renooeeng Soorge-a;Erneuernde Welle;Hex Spell. Fur 8 secunds, taerget fue-a sooffffers 2..12 daemaege-a iaech secund. Vhee thees hex inds, yuoo gaeeen 1..8 Inergy.;3;34;24;8;0;5;1;15;0;0;0;0;0;0;0;
1479;Ooffffereeng ooff Spureet;Opfer des Geistes;Ileete-a Spell. Gaeeen 8..17 Inergy. Iff uny spureets aere-a veetheen iaershut, yuoo du nut saecreeffeece-a Heaelt.;3;34;22;8;0;3;.25;15;0;17;1;0;0;0;0;
1480;Spureet's Geefft;Geschenk des Geistes;Inchuntment Spell. Fur 60 secunds, vhenefer yuoo creaete-a a creaetoore-a, aell aelleees neaer thaet creaetoore-a gaeeen 5..50 Heaelt und luse-a 1 cundeeshun.;3;36;23;8;0;10;1;45;0;0;0;0;0;0;0;
1481;Deaet Paect Seegnet (PfP);Todespakt-Siegel (PvP);Seegnet. Resoorrect taerget paerty member veet yuoor coorrent Heaelt und 15..100% maexeemoom Inergy. Zee next teeme-a thaet aelly deees veetheen 120 secunds, su du yuoo.;3;33;21;8;0;0;4;12;0;0;0;0;0;0;0;
1482;Reclaeeem Issence-a;Essenz zurückfordern;Ileete-a Spell. Aell ooff yuoor spureets deee-a. Yuoo gaeeen 5..20 Inergy und aell ooff yuoor Beendeeng Reetooaels aere-a rechaerged iff a spureet deeed in thees vaey.;3;36;22;8;0;5;1;30;0;0;1;0;0;0;0;
1483;Buneesheeng Streeke-a (PfP);Bannstoß (PvP);Melee-a Aettaeck. Iff it heets, thees aettaeck deaels 10..60 huly daemaege-a. It deaels duooble-a daemaege-a tu soommuned creaetoores. Bork! Bork! Bork!;3;44;3;10;0;5;0;3;0;0;0;0;0;0;0;
1484;Mysteec Sveep;Mystischer Schwung;Melee-a Aettaeck. Iff thees aettaeck heets, yuoo deael +3..12 daemaege-a. Iff yuoo aere-a inchunted, thees aettaeck deaels un aeddeeshunael +3..12 daemaege-a.;3;44;3;10;0;5;1;6;0;0;0;0;0;0;0;
1485;Iremeete-a's Aettaeck;Angriff des Eremiten;Scyzee Aettaeck. Iff it heets, thees aettaeck deaels +1..10 daemaege-a und remufes a Derfeesh inchuntment. Iff un inchuntment is remufed, yuoo du un aeddeeshunael +1..10 daemaege-a und streeke-a aell aedjaecent fues.;3;41;9;10;0;5;0;6;0;0;0;0;0;0;0;
1486;Reaep Impooreeteees;Unreinheiten ausnutzen;Melee-a Aettaeck. Iff thees aettaeck heets, yuoo deael +3..15 daemaege-a. Iaech fue-a yuoo heet luses 1 cundeeshun. Fur iaech fue-a vhu luses a cundeeshun, aell fues aedjaecent tu thaet taerget fue-a taeke-a 10..40 huly daemaege-a.;3;41;3;10;0;0;0;0;4.8;0;0;0;0;0;0;
1487;Tveen Muun Sveep (PfP);Doppelter Mondschwung (PvP);Melee-a Aettaeck. Yuoo luse-a 1 Derfeesh inchuntment und gaeeen 10..20 Heaelt. Iff un inchuntment is lust in thees vaey, yuoo cunnut be-a blucked, yuoo streeke-a tveece-a, veet iaech streeke-a dueeng 25% less daemaege-a thun nurmael, und yuoo gaeeen un aeddeeshunael 10..30 Heaelt.;3;41;3;10;0;0;0;0;6.4;0;0;0;0;0;0;
1488;Feectureeuoos Sveep;Siegreicher Schwung;Melee-a Aettaeck. Iff thees aettaeck heets, yuoo deael +5..25 daemaege-a. Iff taerget fue-a haes less Heaelt thun yuoo, yuoo gaeeen 30..80 Heaelt.;3;41;3;10;0;5;0;4;0;0;0;0;0;0;0;
1489;Irreseesteeble-a Sveep (PfP);Unwiderstehlicher Schwung (PvP);Scyzee Aettaeck. Deael +3..15 daemaege-a und luse-a 1 Derfeesh inchuntment. Iff yuoo luse-a un inchuntment in thees vaey, Irreseesteeble-a Sveep cunnut be-a blucked und remufes a stunce-a.;3;41;9;10;0;0;0;0;4.8;0;0;0;0;0;0;
1490;Peeuoos Aessoolt (PfP);Frommer Angriff (PvP);Melee-a Aettaeck. Yuoo remufe-a 1 Derfeesh inchuntment. Iff a Derfeesh inchuntment vaes remufed, thees skeell rechaerges 75% faester und aedjaecent fues taeke-a 15..40 daemaege-a.;3;41;3;10;0;5;0;12;0;0;0;0;0;0;0;
1491;Mysteec Tveester;Mystischer Wirbelsturm;Spell. Deaels 10..60 culd daemaege-a tu aell neaerby fues. Iff yuoo aere-a inchunted, thees spell deaels un aeddeeshunael 10..60 culd daemaege-a.;3;42;22;10;0;0;.5;4;4.8;0;0;0;0;0;0;
1493;Grent's Feengers;Grenths Finger;Flaesh Inchuntment Spell. Aell neaerby fues aere-a stroock fur 10..40 culd daemaege-a. Fur 30 secunds, yuoor aettaecks deael culd daemaege-a. Vhee thees inchuntment inds, yuoo trunsffer 1..2 cundeeshuns tu aell neaerby fues.;3;42;33;10;0;5;0;10;0;0;0;0;0;0;0;
1495;Oora ooff Thurns (PfP);Dornenaura (PvP);Flaesh Inchuntment Spell. Aell neaerby fues begeen Bleedeeng fur 5..15 secunds. Fur 30 secunds, thees inchuntment dues nutheeng. Vhee thees inchuntment inds, aell neaerby fues aere-a Creeppled fur 3..8 secunds.;3;43;33;10;0;10;0;10;0;0;0;0;0;0;0;
1496;Baelthaezaer's Raege-a;Balthasars Wut;Flaesh Inchuntment Spell. Aell neaerby fues aere-a set oon fure-a fur 1..3 secunds. Fur 20 secunds aefftervaerd, thees inchuntment dues nutheeng. Vhee thees inchuntment inds, yuoo gaeeen 1..2 streeke-as ooff aedrenaeleene-a iff uny fues aere-a veetheen iaershut.;3;44;33;10;0;10;0;10;0;0;0;0;0;0;0;
1497;Doost Cluaek (PfP);Staubdecke (PvP);Flaesh Inchuntment Spell. Aell neaerby fues aere-a stroock fur 10..40 iaert daemaege-a. Fur 30 secunds, yuoor aettaecks deael iaert daemaege-a. Vhee thees inchuntment inds, aell neaerby fues aere-a Bleended fur 1..4 secunds.;3;43;33;10;0;10;0;10;0;0;0;0;0;0;0;
1498;Staeggereeng Furce-a;Umwerfende Gewalt;Flaesh Inchuntment Spell. Aell neaerby fues aere-a stroock fur 10..40 iaert daemaege-a. Fur 30 secunds, yuoor aettaecks deael iaert daemaege-a. Vhee thees inchuntment inds, aell neaerby fues haefe-a Craecked Aermur fur 1..10 secunds. Bork! Bork! Bork!;3;43;33;10;0;10;0;6;0;0;0;0;0;0;0;
1499;Peeuoos Renooael;Fromme Erneuerung;Ileete-a Flaesh Inchuntment Spell. Fur 8 secunds, nutheeng haeppens. Vhee thees inchuntment inds, Peeuoos Renooael is rechaerged und yuoo gaeeen 0..5 Inergy und 0..30 Heaelt.;3;44;33;10;0;5;0;8;0;0;1;0;0;0;0;
1500;Muraege-a Cluaek (PfP);Trugbild-Umhang (PvP);Flaesh Inchuntment Spell. Fur 1..7 secunds, yuoo haefe-a a 30..60% chunce-a tu bluck incumeeng aettaecks. Vhee yuoo caest thees inchuntment, aell neaerby fues aere-a stroock fur 10..40 iaert daemaege-a.;3;43;33;10;0;10;0;15;0;0;0;0;0;0;0;
1502;Aercune-a Zeael;Arkaner Eifer;Ileete-a Inchuntment Spell. Fur 10 secunds, vhenefer yuoo caest a spell, yuoo gaeeen 2 Inergy fur iaech inchuntment oon yuoo (maexeemoom 2..7 Inergy).;3;44;23;10;0;10;1;5;0;0;1;0;0;0;0;
1503;Mysteec Feegur;Mystische Vitalität;Inchuntment Spell. Fur 20 secunds, ifery teeme-a yuoo sooccessffoolly heet veet un aettaeck, yuoo gaeeen 3..15 Heaelt fur iaech inchuntment oon yuoo (maexeemoom 25 Heaelt).;3;44;23;10;0;5;.25;15;0;0;0;0;0;0;0;
1504;Vaetchffool Interfenshun;Wachsame Intervention;Inchuntment Spell. Fur 60 secunds, zee next teeme-a daemaege-a drups taerget aelly's Heaelt beloo 25%, thaet aelly is heaeled fur 50..200 Heaelt.;3;44;23;10;0;10;1;15;0;0;0;0;0;0;0;
1505;Foo ooff Peeety;Gelübde der Frömmigkeit;Inchuntment Spell. Fur 20 secunds, yuoo haefe-a +24 aermur und +1..4 Heaelt regeneraeshun. Foo ooff Peeety renoos vhenefer un inchuntment oon yuoo inds.;3;42;23;10;0;15;.25;45;0;0;0;0;0;0;0;
1506;Feetael Buun;Wesentliche Wohltat;Inchuntment Spell. Fur 20 secunds, yuoo haefe-a +40..100 maexeemoom Heaelt. Vhee thees inchuntment inds, yuoo aere-a heaeled fur 75..200 Heaelt.;3;43;23;10;0;5;1;8;0;0;0;0;0;0;0;
1507;Heaert ooff Huly Flaeme-a;Herz der heiligen Flamme;Flaesh Inchuntment Spell. Aell neaerby fues taeke-a 5..30 huly daemaege-a. Fur 30 secunds aefftervaerd, yuoor aettaecks deael huly daemaege-a. Vhee thees inchuntment inds, aell neaerby fues aere-a set oon fure-a fur 2..5 secunds.;3;44;33;10;0;10;0;10;0;0;0;0;0;0;0;
1508;Ixtend Inchuntments;Verzauberungen ausweiten;Skeell. Fur 10 secunds, yuoor next Derfeesh inchuntment laests 10..150% lunger. Bork! Bork! Bork!;3;44;1;10;0;5;0;10;0;0;0;0;0;0;0;
1509;Faeeethffool Interfenshun;Vertrauensvolle Intervention;Inchuntment Spell. Iff daemaege-a drups yuoor Heaelt beloo 50%, Faeeethffool Interfenshun inds. Vhee Faeeethffool Interfenshun inds, yuoo aere-a heaeled fur 30..150 Heaelt.;3;44;23;10;0;5;2;20;0;0;0;0;0;0;0;
1510;Sund Shaerds;Sandscherben;Flaesh Inchuntment Spell. Fur 30 secunds, zee next 1..5 teeme-as yuoo heet veet a scyzee, aell oozeer aedjaecent fues taeke-a 10..60 iaert daemaege-a.;3;43;33;10;0;10;0;10;0;0;0;0;0;0;0;
1512;Lyssa's Haeste-a (PfP);Lyssas Eile (PvP);Flaesh Inchuntment Spell. Fur 3..15 secunds, yuoor Derfeesh inchuntments rechaerge-a 33% faester. Vhee yuoo aecteefaete-a thees inchuntment, aell aedjaecent fues aere-a interroopted. Vhee thees inchuntment inds, aell aedjaecent fues aere-a interroopted. 50% faeeeloore-a chunce-a unless Veend Praeyers 5 oor heegher.;3;42;33;10;0;5;0;25;0;0;0;0;0;0;0;
1513;Gooeedeeng Hunds (PfP);Lenkende Hände (PvP);Inchuntment Spell. Fur 20 secunds, yuoor next 0..3 aettaecks cunnut be-a blucked. Vhee aecteefaeted, thees skeell remufes zee Bleendness cundeeshun.;3;42;23;10;0;10;.25;15;0;0;0;0;0;0;0;
1514;Fleeteeng Staebeeleety (PfP);Flüchtige Stabilität (PvP);Flaesh Inchuntment Spell. Fur 2..8 secunds, yuoo cunnut be-a knucked doon und mufe-a 25% faester. Thees inchuntment inds premaetoorely iff it prefents a knuckdoon.;3;43;33;10;0;5;0;10;0;0;0;0;0;0;0;
1515;Aermur ooff Suncteety;Rüstung der Heiligkeit;Inchuntment Spell. Aell aedjaecent fues sooffffer frum Veaekness fur 5..15 secunds. Fur 15 secunds, yuoo taeke-a 5..20 less daemaege-a frum fues sooffffereeng frum a cundeeshun.;3;43;23;10;0;5;.25;15;0;0;0;0;0;0;0;
1516;Mysteec Regeneraeshun (PfP);Mystische Regeneration (PvP);Inchuntment Spell. Fur 5..20 secunds, yuoo haefe-a +1..4 Heaelt regeneraeshun fur iaech inchuntment (maexeemoom ooff 3) oon yuoo.;3;43;23;10;0;15;.25;15;0;0;0;0;0;0;0;
1517;Foo ooff Seelence-a;Schweigegelübde;Ileete-a Inchuntment Spell. Fur 5..10 secunds, yuoo cunnut be-a zee taerget ooff spells, und yuoo cunnut caest spells.;3;44;23;10;0;5;.25;10;0;0;1;0;0;0;0;
1518;Aefaetaer ooff Baelthaezaer;Balthasars Avatar;Ileete-a Furm. Fur 10..90 secunds, yuoo gaeeen +20 aermur aegaeeenst physeecael daemaege-a, yuoo gaeeen aedrenaeleene-a 25% faester, yuoor aettaecks deael huly daemaege-a, und vhenefer yuoo luse-a a Derfeesh inchuntment, neaerby fues aere-a set oon fure-a fur 1..3 secunds. Thees skeell is deesaebled fur 45 secunds.;3;44;15;10;0;5;2;20;0;0;1;0;0;0;0;
1519;Aefaetaer ooff Dvaeyna (PfP);Dwaynas Avatar (PvP);Ileete-a Furm. Fur 10..90 secunds, yuoor aettaecks deael huly daemaege-a. Vhenefer yuoo use-a a Derfeesh aettaeck skeell, yuoo luse-a 1 hex. Vhenefer yuoo luse-a a Derfeesh inchuntment, yuoo aere-a heaeled fur 5..50 Heaelt. Thees skeell is deesaebled fur 45 secunds.;3;44;15;10;0;5;2;20;0;0;1;0;0;0;0;
1520;Aefaetaer ooff Grent;Grenths Avatar;Ileete-a Furm. Fur 10..90 secunds, yuoor scyzee aettaecks deael daerk daemaege-a und steael 0..12 Heaelt. Yuoo aere-a immoone-a tu Deeseaese-a und inffleect Deeseaese-a oon aell aedjaecent fues fur 3 secunds vhenefer yuoo luse-a a Derfeesh inchuntment. Thees skeell is deesaebled fur 45 secunds.;3;44;15;10;0;5;2;20;0;0;1;0;0;0;0;
1521;Aefaetaer ooff Lyssa;Lyssas Avatar;Ileete-a Furm. Fur 10..90 secunds, yuoor Derfeesh inchuntments rechaerge-a 50% faester und yuoor aettaecks deael chaeus daemaege-a. Vhenefer yuoo luse-a a Derfeesh inchuntment, steael 1 Inergy frum aell neaerby fues. Thees skeell is deesaebled fur 45 secunds. Bork! Bork! Bork!;3;44;15;10;0;5;2;20;0;0;1;0;0;0;0;
1522;Aefaetaer ooff Melundroo (PfP);Melandrus Avatar (PvP);Ileete-a Furm. Fur 10..90 secunds, yuoo haefe-a +100 Heaelt, +30 ilementael aermur, und yuoor aettaecks deael iaert daemaege-a. Vhenefer yuoo luse-a a Derfeesh inchuntment yuoo luse-a 2 cundeeshuns. Thees skeell is deesaebled fur 45 secunds.;3;44;15;10;0;5;2;20;0;0;1;0;0;0;0;
1523;Medeetaeshun;Meditation;Inchuntment Spell. Luse-a aell aedrenaeleene-a. Fur 20 secunds, yuoo gaeeen 1..4 Inergy ifery teeme-a un inchuntment oon yuoo inds.;3;44;23;10;0;10;.25;15;0;0;0;0;0;0;0;
1524;Iremeete-a's Zeael;Eifer des Eremiten;Inchuntment Spell. Yuoo gaeeen 1..3 Inergy fur iaech fue-a veetheen iaershut, maexeemoom 8 Inergy. Fur 10 secunds aefftervaerd, thees inchuntment dues nutheeng. Vhee thees inchuntment inds, yuoo gaeeen 1..3 Inergy fur iaech fue-a veetheen iaershut, maexeemoom 8 Inergy.;3;44;23;10;0;5;.25;15;0;0;0;0;0;0;0;
1525;Naetoorael Heaeleeng;Natürliche Heilung;Spell. Yuoo aere-a heaeled fur 50..170 Heaelt. Iff yuoo aere-a nut inchunted, thees spell aecteefaetes 50% faester.;3;42;22;10;0;5;1;6;0;0;0;0;0;0;0;
1526;Imbooe-a Heaelt;Mit Leben durchdringen;Spell. Taerget oozeer aelly is heaeled fur 5..50% ooff yuoor coorrent Heaelt (maexeemoom 300 Heaelt).;3;44;22;10;0;10;.25;10;0;0;0;0;0;0;0;
1527;Mysteec Heaeleeng (PfP);Mystische Heilung (PvP);Spell. Yuoo aere-a heaeled fur 5..65 Heaelt. Aelsu heaels aell inchunted paerty members fur 5..65 Heaelt.;3;42;22;10;0;5;1;10;0;0;0;0;0;0;0;
1528;Dvaeyna's Tuooch;Dwaynas Berührung;Spell. Taerget tuooched aelly is heaeled fur 60 Heaelt fur iaech inchuntment oon yuoo (maexeemoom 60..240).;3;42;22;10;0;5;.75;5;0;0;0;0;0;0;0;
1529;Peeuoos Resturaeshun (PfP);Fromme Wiederherstellung (PvP);Spell. Yuoo gaeeen 80..150 Heaelt und remufe-a 1 Derfeesh inchuntment. Iff un inchuntment vaes remufed in thees vaey, yuoo aelsu luse-a 1 hexes.;3;42;22;10;0;5;1;15;0;0;0;0;0;0;0;
1530;Seegnet ooff Peeuoos Leeght;Siegel des frommen Lichts;Seegnet. Remufe-a 1 Derfeesh inchuntment. Taerget aelly is heaeled fur 30..150 Heaelt. Iff un inchuntment vaes remufed in thees vaey, thees seegnet rechaerges 75% faester.;3;43;21;10;0;0;1;20;0;0;0;0;0;0;0;
1531;Inteemeedaeteeng Oora;Einschüchternde Aura;Inchuntment Spell. Fur 60 secunds, yuoo haefe-a +40..100 maex Heaelt und taeke-a 1..10 less daemaege-a frum fues veet less Heaelt thun yuoo.;3;44;23;10;0;10;.75;20;0;0;0;0;0;0;0;
1532;Mysteec Sundsturm;Mystischer Sandsturm;Spell. Creaete-a a Sundsturm aet yuoor lucaeshun thaet laests 3 secunds. Iaech secund, fues neaerby thees lucaeshun taeke-a 10..40 iaert daemaege-a. Aettaeckeeng fues taeke-a un aeddeeshunael 10..20 daemaege-a. Iff yuoo aere-a inchunted vhee yuoo caest thees spell, it laests tveece-a aes lung.;3;43;22;10;0;0;1;8;4.8;0;0;0;0;0;0;
1533;Veends ooff Deesenchuntment;Wind der Entzauberung;Spell. Remufe-a 1 ooff yuoor Derfeesh inchuntments. Iff un inchuntment vaes remufed, aell neaerby fues luse-a 1 inchuntment und taeke-a 20..80 culd daemaege-a.;3;42;22;10;0;5;.75;15;0;0;0;0;0;0;0;
1534;Rendeeng Tuooch;Zerreißende Berührung;Spell. Deaels 15..65 culd daemaege-a tu taerget fue-a. Yuoo luse-a 1 Derfeesh inchuntment. Iff un inchuntment vaes remufed, taerget fue-a luses 1 inchuntment und yuoo gaeeen 2 streeke-as ooff aedrenaeleene-a.;3;44;22;10;0;5;.75;12;0;0;0;0;0;0;0;
1535;Creeppleeng Sveep;Verkrüppelnder Schwung;Scyzee Aettaeck. Iff thees aettaeck heets a fue-a, thaet fue-a is Creeppled fur 3..12 secunds. Thees skeell deaels +3..15 ixtra daemaege-a iff thaet fue-a is mufeeng.;3;41;9;10;0;5;0;6;0;0;0;0;0;0;0;
1536;Vuoondeeng Streeke-a (PfP);Verwundender Schlag (PvP);Ileete-a Scyzee Aettaeck. Iff thees aettaeck heets, taerget fue-a sooffffers frum Bleedeeng fur 5..20 secunds, und yuoo luse-a 1 Derfeesh inchuntment. Iff un inchuntment vaes remufed, taerget fue-a aelsu sooffffers frum a Deep Vuoond fur 5..20 secunds.;3;41;9;10;0;5;0;3;0;0;1;0;0;0;0;
1537;Veaeryeeng Streeke-a;Ermüdender Schlag;Scyzee Aettaeck. Yuoo remufe-a 1 Derfeesh inchuntment. Iff un inchuntment vaes remufed, yuoo inffleect a Deep Vuoond fur 3..10 secunds. Yuoo sooffffer frum Veaekness fur 10 secunds iff un inchuntment is nut remufed.;3;41;9;10;0;0;0;0;6;0;0;0;0;0;0;
1538;Lyssa's Aessoolt;Lyssas Angriff;Scyzee Aettaeck. Thees aettaeck interroopts un aecshun iff it heets. Iff yuoo aere-a inchunted, uny skeell yuoo interroopt is deesaebled fur un aeddeeshunael 1..10 secunds. Thees aettaeck dues 50% ooff nurmael daemaege-a.;3;41;9;10;0;5;.5;15;0;0;0;0;0;0;0;
1539;Cheelleeng Feectury;Kühler Sieg;Scyzee Aettaeck. Iff it heets, thees aettaeck streekes fur +3..15 daemaege-a. Fur iaech fue-a heet vhu haes less Heaelt thun yuoo, thaet fue-a und aell aedjaecent fues aere-a stroock fur 10..30 culd daemaege-a.;3;41;9;10;0;0;0;0;6;0;0;0;0;0;0;
1540;Cunfeecshun;Überzeugung;Flaesh Inchuntment Spell. Fur 10 secunds, yuoo gaeeen +10 aermur iff yuoo haefe-a a cundeeshun und gaeeen 1..3 Heaelt regee fur iaech cundeeshun yuoo aere-a sooffffereeng frum. Vhee thees inchuntment inds, yuoo aere-a coored ooff 1..2 cundeeshuns.;3;43;33;10;0;5;0;10;0;0;0;0;0;0;0;
1541;Inchunted Haeste-a;Verzauberte Eile;Flaesh Inchuntment Spell. Fur 7 secunds, yuoo mufe-a 25% faester. Iff thees inchuntment inds premaetoorely, yuoo luse-a 1 cundeeshuns. Bork! Bork! Bork!;3;-1;33;10;0;10;0;15;0;0;0;0;0;0;0;
1542;Peeuoos Cuncentraeshun;Fromme Konzentration;Stunce-a. Fur 5..20 secunds, yuoo cunnut be-a interroopted, boot iaech teeme-a yuoo vuoold haefe-a beee interroopted, yuoo luse-a 1 Derfeesh inchuntment oor Peeuoos Cuncentraeshun inds.;3;43;29;10;0;10;0;10;0;0;0;0;0;0;0;
1543;Peeuoos Haeste-a;Fromme Eile;Stunce-a. Yuoo remufe-a 1 Derfeesh inchuntment und fur 1..7 secunds yuoo mufe-a 25% faester. Iff un inchuntment vaes remufed yuoo roon 50% faester insteaed.;3;44;29;10;0;5;0;12;0;0;0;0;0;0;0;
1544;Vhurleeng Chaerge-a (PfP);Wirbelangriff (PvP);Flaesh Inchuntment Spell. Fur 1..6 secunds, yuoo mufe-a 33% faester thun nurmael. Zee next teeme-a yuoo streeke-a a fue-a, aell oozeer neaerby fues taeke-a 10..50 culd daemaege-a und thees inchuntment inds.;3;42;33;10;0;5;0;10;0;0;0;0;0;0;0;
1545;Test ooff Faeeet;Glaubensprüfung;Spell. Deaels 15..75 culd daemaege-a und taekes 1 inchuntment frum taerget fue-a. Iff thaet fue-a vaes nut inchunted, thaet fue-a is Daezed fur 2..6 secunds.;3;42;22;10;0;0;.5;5;5;0;0;0;0;0;0;
1546;Blaezeeng Speaer;Lodernder Speer;Speaer Aettaeck. Iff thees aettaeck heets, it deaels +5..25 daemaege-a und sets taerget fue-a oon Fure-a fur 1..3 secunds.;3;37;12;9;0;0;0;0;6;0;0;0;0;0;0;
1547;Meeghty Throo (PfP);Mächtiger Wurf (PvP);Speaer Aettaeck. Yuoor speaer mufes three-a teemes faester. Iff it heets, yuoo deael +10..40 daemaege-a.;3;37;12;9;0;0;1;1;4;0;0;0;0;0;0;
1548;Crooel Speaer;Grausamer Speer;Ileete-a Speaer Aettaeck. Iff thees aettaeck heets, yuoo deael +10..50 daemaege-a. Iff it heets a nun-mufeeng taerget, yuoo inffleect a Deep Vuoond fur 5..20 secunds.;3;37;12;9;0;0;0;0;6;0;1;0;0;0;0;
1549;Haerreeer's Tuss (PfP);Wurf des Läufers (PvP);Speaer Aettaeck. Iff thees aettaeck heets, yuoo deael +5..20 daemaege-a. Iff thees aettaeck heets a mufeeng fue-a, it deaels un aeddeeshunael 5..40 daemaege-a.;3;37;12;9;0;10;1;10;0;0;0;0;0;0;0;
1550;Unbluckaeble-a Throo;Unblockbarer Wurf;Speaer Aettaeck. Iff thees aettaeck heets, yuoo deael +10..40 daemaege-a. Thees aettaeck cunnut be-a blucked.;3;37;12;9;0;0;1;1;6;0;0;0;0;0;0;
1551;Speaer ooff Leeghtneeng;Speer des Blitzes;Speaer Aettaeck. Streekes aell fues betveee yuoo und yuoor taerget. Iff thees aettaeck heets, it deaels +10..20 leeghtneeng daemaege-a. Thees aettaeck haes 25% aermur penetraeshun.;3;37;12;9;0;5;0;6;0;0;0;0;0;0;0;
1552;Veaeryeeng Speaer;Ermüdender Speer;Speaer Aettaeck. Iff thees aettaeck heets, yuoo deael +10..40 daemaege-a. Yuoo aere-a Veaekened fur 5 secunds.;3;37;12;9;0;0;0;0;3;0;0;0;0;0;0;
1553;Unzeem ooff Foory;Hymne der Wut;Ileete-a Chunt. Fur 10 secunds, aell paerty members veetheen iaershut gaeeen 2..5 streekes ooff aedrenaeleene-a zee next teeme-a zeey use-a un aettaeck skeell.;3;40;13;9;0;5;1;10;0;0;1;0;0;0;0;
1554;Creeppleeng Unzeem;Verkrüppelungs-Hymne;Ileete-a Chunt. Fur 10 secunds, zee next aettaeck skeell used by iaech aelly veetheen iaershut cooses Creeppleeng fur 5..15 secunds.;3;38;13;9;0;0;1;0;3;0;1;0;0;0;0;
1555;Deffenseefe-a Unzeem (PfP);Verteidigungshymne (PvP);Ileete-a Chunt. Fur 4..10 secunds, iaech paerty member veetheen iaershut haes a 50% chunce-a tu bluck incumeeng aettaecks. Thees chunt inds iff thaet paerty member heets veet un aettaeck skeell.;3;40;13;9;0;15;2;15;0;0;1;0;0;0;0;
1556;Gudspeed;Gute Reise;Shuoot. Fur 5..20 secunds, aell aelleees veetheen iaershut mufe-a 25% faester vheele-a under zee iffffects ooff un inchuntment.;3;38;20;9;0;10;0;30;0;0;0;0;0;0;0;
1557;Unzeem ooff Flaeme-a;Hymne der Flamme;Chunt. Fur 10 secunds, zee next aettaeck skeell used by iaech paerty member veetheen iaershut aelsu cooses Boorneeng fur 1..5 secunds.;3;40;13;9;0;5;1;10;0;0;0;0;0;0;0;
1558;"Gu fur zee Iyes!" (PfP);"Zielt auf die Augen!" (PvP);Shuoot. Fur 10 secunds, zee next teeme-a iaech aelly veetheen iaershut maekes un aettaeck, thaet aettaeck haes un aeddeeshunael 30..75% chunce-a tu creeteecael.;3;38;20;9;0;0;0;4;4;0;0;0;0;0;0;
1559;Unzeem ooff Infy (PfP);Hymne des Neids (PvP);Chunt. Fur 10 secunds, zee next aettaeck skeell used by iaech aelly veetheen iaershut deaels +10..20 daemaege-a aegaeeenst fues veet mure-a thun 50% Heaelt.;3;38;13;9;0;0;1;6;6;0;0;0;0;0;0;
1560;Sung ooff Pooer;Machtgesang;Chunt. Fur 5..20 secunds, iaech aelly veetheen iaershut gaeeens 4 Inergy regeneraeshun unteel thaet aelly uses a skeell.;3;39;13;9;0;15;1;30;0;0;0;0;0;0;0;
1561;Zeaeluoos Unzeem;Eifrige Hymne;Chunt. Fur 10 secunds, zee next teeme-a iaech aelly veetheen iaershut uses un aettaeck skeell, thaet aelly gaeeens 1..8 Inergy.;3;39;13;9;0;10;1;10;0;0;0;0;0;0;0;
1562;Aereea ooff Zeael;Arie des Eifers;Chunt. Fur 10 secunds, zee next teeme-a iaech aelly veetheen iaershut uses a spell, thaet aelly gaeeens 1..6 Inergy.;3;39;13;9;0;5;1;10;0;0;0;0;0;0;0;
1563;Lyreec ooff Zeael;Lyrik des Eifers;Chunt. Fur 10 secunds, zee next teeme-a iaech aelly veetheen iaershut uses a seegnet, thaet aelly gaeeens 1..8 Inergy.;3;39;13;9;0;0;1;0;6;0;0;0;0;0;0;
1564;Baellaed ooff Resturaeshun (PfP);Ballade der Wiederherstellung (PvP);Chunt. Fur 10 secunds, zee next teeme-a iaech paerty member veetheen iaershut taekes daemaege-a, thaet paerty member gaeeens 15..75 Heaelt.;3;39;13;9;0;10;1;20;0;0;0;0;0;0;0;
1565;Churoos ooff Resturaeshun;Chor der Wiederherstellung;Chunt. Fur 10 secunds, zee next teeme-a iaech aelly veetheen iaershut uses a shuoot oor chunt, thaet aelly is heaeled fur 30..90 Heaelt.;3;39;13;9;0;0;1;5;4;0;0;0;0;0;0;
1566;Aereea ooff Resturaeshun;Arie der Wiederherstellung;Chunt. Fur 10 secunds, zee next teeme-a iaech paerty member veetheen iaershut uses a spell, thaet paerty member gaeeens 30..90 Heaelt.;3;39;13;9;0;10;1;10;0;0;0;0;0;0;0;
1567;Sung ooff Cuncentraeshun;Lied der Konzentration;Chunt. Fur 10 secunds, zee next skeell used by iaech aelly veetheen iaershut cunnut be-a interroopted.;3;-1;13;9;0;0;2;5;8;0;0;0;0;0;0;
1568;Unzeem ooff Gooeedunce-a;Hymne der Führung;Ileete-a Chunt. Fur 10 secunds, zee next aettaeck skeell used by iaech paerty member veetheen iaershut cunnut be-a blucked.;3;38;13;9;0;0;1;0;2;0;1;0;0;0;0;
1569;Inergeezeeng Churoos;Energie bringender Chor;Chunt. Fur 10 secunds, zee next shuoot oor chunt used by iaech aelly veetheen iaershut custs 3..7 less Inergy.;3;39;13;9;0;0;1;0;3;0;0;0;0;0;0;
1570;Sung ooff Pooreeffeecaeshun;Lied der Läuterung;Ileete-a Chunt. Fur 20 secunds, zee next 1..6 skeells used by iaech aelly veetheen iaershut remufe-a 1 cundeeshun frum thaet aelly.;3;39;13;9;0;0;2;0;3;0;1;0;0;0;0;
1571;Hexbreaeker Aereea;Verhexungsbrech-Arie;Chunt. Fur 10 secunds, zee next teeme-a iaech aelly veetheen iaershut caests a spell, thaet aelly luses 1 hex.;3;-1;13;9;0;0;2;0;8;0;0;0;0;0;0;
1572;"Braece-a Yuoorselff!" (PfP);"Seid vorbereitet!" (PvP);Shuoot. Fur 5..15 secunds, zee next teeme-a taerget oozeer aelly vuoold be-a knucked doon, 1 neaerby fue-a taekes 15..90 daemaege-a insteaed.;3;38;20;9;0;5;0;8;0;0;0;0;0;0;0;
1573;Aeve-a;Ehrfurcht;Skeell. Iff thees skeell heets a knucked-doon fue-a, thaet fue-a becumes Daezed fur 5..15 secunds.;3;40;1;9;0;10;.75;10;0;0;0;0;0;0;0;
1574;Indooreeng Haermuny;Dauerhafte Harmonie;Ichu. Fur 10..35 secunds, chunts und shuoots laest 50% lunger oon taerget nun-spureet aelly.;3;40;14;9;0;5;1;10;0;0;0;0;0;0;0;
1575;Blaezeeng Feenaele-a (PfP);Loderndes Finale (PvP);Ichu. Fur 10..35 secunds, vhenefer a chunt oor shuoot inds oon taerget nun-spureet aelly, aell fues aedjaecent tu thaet aelly aere-a set oon Fure-a fur 1..5 secunds.;3;40;14;9;0;5;1;8;0;0;0;0;0;0;0;
1576;Boorneeng Reffraeeen;Brennender Refrain;Ichu. Fur 20 secunds, iff taerget nun-spureet aelly heets a fue-a veet mure-a Heaelt thun thaet aelly, thaet fue-a is set oon Fure-a fur 1..3 secunds. Thees ichu is reaeppleeed ifery teeme-a a chunt oor shuoot inds oon thaet aelly.;3;40;14;9;0;10;1;10;0;0;0;0;0;0;0;
1577;Feenaele-a ooff Resturaeshun (PfP);Finale der Wiederherstellung (PvP);Ichu. Fur 10..35 secunds, zee next 5 teeme-as thaet a chunt oor shuoot inds oon taerget nun-spureet aelly, thaet aelly is heaeled fur 15..75 Heaelt.;3;39;14;9;0;5;1;10;0;0;0;0;0;0;0;
1578;Mendeeng Reffraeeen (PfP);Genesungsrefrain (PvP);Ichu. Fur 15 secunds, yuoo haefe-a +2..3 Heaelt regeneraeshun. Thees ichu is reaeppleeed ifery teeme-a a chunt oor shuoot inds oon yuoo.;3;39;14;9;0;10;1;8;0;0;0;0;0;0;0;
1579;Pooreeffyeeng Feenaele-a;Reinigendes Finale;Ichu. Fur 10..35 secunds, taerget nun-spureet aelly luses 1 cundeeshun vhenefer a chunt oor shuoot inds oon thaet aelly.;3;39;14;9;0;5;.25;5;0;0;0;0;0;0;0;
1580;Blaedetoorn Reffraeeen (PfP);Klingenumkehr-Refrain (PvP);Ichu. Fur 20 secunds, taerget nun-spureet aelly haes +10..40 aermur aegaeeenst slaesheeng daemaege-a. Thees ichu is reaeppleeed ifery teeme-a a chunt oor shuoot inds oon thaet aelly.;3;38;14;9;0;5;1;8;0;0;0;0;0;0;0;
1581;Glooeeng Seegnet;Glühendes Siegel;Seegnet. Iff taerget fue-a is Boorneeng, yuoo gaeeen 5..15 Inergy.;3;40;21;9;0;0;.25;15;0;0;0;0;0;0;0;
1583;Leaeder's Zeael;Eifer des Anführers;Skeell. Fur iaech neaerby aelly, yuoo gaeeen 2..4 Inergy (maexeemoom 8..12 Inergy).;3;39;1;9;0;5;0;12;0;0;0;0;0;0;0;
1584;Leaeder's Cumffurt;Trost des Anführers;Skeell. Yuoo gaeeen 30..75 Heaelt. Fur iaech aelly veetheen iaershut, yuoo aelsu gaeeen +10..20 Heaelt (maexeemoom 140 Heaelt).;3;40;1;9;0;5;2;8;0;0;0;0;0;0;0;
1585;Seegnet ooff Synergy;Siegel der Synergie;Seegnet. Taerget oozeer aelly is heaeled fur 40..100 Heaelt. Iff yuoo aere-a nut under zee iffffects ooff un inchuntment, yuoo aere-a aelsu heaeled fur 40..100 Heaelt.;3;39;21;9;0;0;1;10;0;0;0;0;0;0;0;
1586;Ungeleec Prutecshun;Engelsschutz;Skeell. Fur 10 secunds, uny teeme-a taerget oozeer aelly taekes mure-a thun 250..80 daemaege-a per secund, thaet aelly is heaeled fur uny daemaege-a oofer thaet aemuoont.;3;40;1;9;0;5;0;30;0;0;0;0;0;0;0;
1587;Ungeleec Bund;Engelsbindung;Ileete-a Skeell. Fur 10 secunds, zee next teeme-a un aelly veetheen iaershut vuoold taeke-a faetael daemaege-a, thaet daemaege-a is negaeted und thaet aelly is heaeled fur 20..200 Heaelt. Ungeleec Bund inds oon aell oozeer aelleees.;3;40;1;9;0;5;1;15;0;0;1;0;0;0;0;
1588;Cootery Seegnet;Siegel der Verätzung;Ileete-a Seegnet. Aell paerty members luse-a aell cundeeshuns. Yuoo aere-a set oon Fure-a fur 1 secund fur iaech cundeeshun remufed in thees vaey.;3;-1;21;9;0;0;2;15;0;0;1;0;0;0;0;
1589;"Stund Yuoor Gruoond!" (PfP);"Haltet Eure Stellung!" (PvP);Shuoot. Fur 5..20 secunds, aell paerty members veetheen iaershut receeefe-a +24 aermur vhee nut mufeeng. Thees iffffect inds oon un aelly aeffffected by thees shuoot vhee thaet aelly aettaecks.;3;38;20;9;0;15;0;30;0;0;0;0;0;0;0;
1590;"Leaed zee Vaey!";"Geht voran!";Shuoot. Taerget aelly mufes 25% faester fur 1..5 secunds fur iaech aelly veetheen iaershut (maexeemoom ooff 30 secunds).;3;40;20;9;0;5;0;8;0;0;0;0;0;0;0;
1591;"Maeke-a Haeste-a!";"Beeilt Euch!";Shuoot. Fur 5..20 secunds, taerget oozeer aelly mufes 33% faester. Thees skeell inds iff thaet aelly sooccessffoolly heets veet un aettaeck.;3;38;20;9;0;5;0;10;0;0;0;0;0;0;0;
1592;"Ve-a Shaell Retoorn!" (PfP);"Wir kommen wieder!" (PvP);Shuoot. Fur 10 secunds, vhenefer paerty members veetheen iaershut use-a a resoorrecshun skeell, zeeur faellee aelleees retoorn veet 10..75% mure-a Heaelt und 5..50% mure-a Inergy.;3;38;20;9;0;5;0;15;0;0;0;0;0;0;0;
1593;"Nefer Geefe-a Up!"  (PfP);"Gebt niemals auf!" (PvP);Shuoot. Aell aelleees veetheen iaershut und beloo 75% Heaelt gaeeen 1..10 Inergy.;3;38;20;9;0;5;0;20;0;0;0;0;0;0;0;
1594;"Help!" (PfP);"Hilfe!" (PvP);Shuoot. Taerget nun-spureet aelly gaeeens 5..50 Heaelt. Fur 1..10 secunds, oozeer aelleees' spells taergeteeng thaet aelly caest 50% faester.;3;38;20;9;0;5;0;15;0;0;0;0;0;0;0;
1595;"Faell Baeck!" (PfP);"Zurückweichen!" (PvP);Shuoot. Fur 4..10 secunds, aell aelleees veetheen iaershut gaeeen 5..15 Heaelt per secund vheele-a mufeeng und mufe-a 33% faester. "Faell Baeck!" inds oon un aelly aeffffected by thees shuoot vhee thaet aelly sooccessffoolly heets veet un aettaeck.;3;38;20;9;0;10;0;25;0;0;0;0;0;0;0;
1596;"Incumeeng!" (PfP);"Schon unterwegs!" (PvP);Ileete-a Shuoot. Fur 4..10 secunds, aell aelleees veetheen iaershut mufe-a 33% faester und gaeeen 5..15 Heaelt per secund vheele-a mufeeng.;3;38;20;9;0;10;0;25;0;0;1;0;0;0;0;
1597;"Zeey're-a oon Fure-a!";"Sie brennen!";Shuoot. Fur 10 secunds, paerty members veetheen iaershut taeke-a 5..35% less daemaege-a frum fues sooffffereeng frum Boorneeng.;3;40;20;9;0;10;0;10;0;0;0;0;0;0;0;
1598;"Nefer Soorrender!" (PfP);"Ergebt Euch nicht!" (PvP);Shuoot. Fur 10 secunds, aell paerty members veetheen iaershut und beloo 75% Heaelt gaeeen +1..5 Heaelt regeneraeshun.;3;38;20;9;0;5;0;20;0;0;0;0;0;0;0;
1599;"It's Joost a Flesh Vuoond.";Es ist nur eine Fleischwunde.;Ileete-a Shuoot. Taerget oozeer aelly luses aell cundeeshuns. Iff a cundeeshun vaes remufed in thees vaey, thaet aelly mufes 25% faester fur 1..10 secunds.;3;39;20;9;0;5;0;2;0;0;1;0;0;0;0;
1600;Baerbed Speaer;Stachelspeer;Speaer Aettaeck. Iff thees aettaeck heets, yuoor taerget begeens Bleedeeng fur 5..20 secunds.;3;37;12;9;0;0;0;0;2;0;0;0;0;0;0;
1601;Feeceeuoos Aettaeck;Bösartiger Angriff;Speaer Aettaeck. Iff thees aettaeck heets, yuoo deael +5..20 daemaege-a. Iff yuoo lund a creeteecael heet veet thees aettaeck, taerget fue-a sooffffers frum a Deep Vuoond fur 5..15 secunds.;3;37;12;9;0;5;0;8;0;0;0;0;0;0;0;
1602;Stoonneeng Streeke-a;Betäubender Schlag;Ileete-a Speaer Aettaeck. Iff thees aettaeck heets, yuoo deael +10..50 daemaege-a. Iff it heets a fue-a sooffffereeng frum a cundeeshun, thaet fue-a is aelsu Daezed fur 4..10 secunds.;3;37;12;9;0;0;0;0;8;0;1;0;0;0;0;
1603;Merceeless Speaer;Unbarmherziger Speer;Speaer Aettaeck. Iff thees aettaeck heets a fue-a veet less thun 50% Heaelt, thaet fue-a sooffffers frum a Deep Vuoond fur 5..20 secunds.;3;37;12;9;0;0;0;0;6;0;0;0;0;0;0;
1604;Deesroopteeng Throo;Unterbrechender Wurf;Speaer Aettaeck. Iff thees aettaeck heets a fue-a sooffffereeng frum a cundeeshun, thaet fue-a is interroopted.;3;37;12;9;0;5;.5;10;0;0;0;0;0;0;0;
1605;Veeld Throo;Wilder Wurf;Speaer Aettaeck. Iff thees aettaeck heets, it deaels +5..20 daemaege-a, und uny stunce-a beeeng used by yuoor taerget inds. Thees aettaeck cunnut be-a blucked. Aell ooff yuoor nun-speaer aettaeck skeells aere-a deesaebled fur 3 secunds.;3;37;12;9;0;0;0;0;7;0;0;0;0;0;0;
1633;Maeleeceeuoos Streeke-a;Böswilliger Stoß;Melee-a Aettaeck. Iff thees aettaeck heets a fue-a sooffffereeng frum a cundeeshun, yuoo deael +10..30 daemaege-a und thees aettaeck resoolts in a creeteecael heet.;3;35;3;7;0;5;0;6;0;0;0;0;0;0;0;
1634;Shaettereeng Aessoolt;Vernichtender Angriff;Ileete-a Dooael Aettaeck. Moost fulloo un ooffff-hund aettaeck. Iff it heets, yuoo deael 5..50 daemaege-a und taerget fue-a luses oone-a inchuntment. Thees aettaeck cunnut be-a blucked.;3;35;7;7;0;10;0;6;0;0;1;0;0;0;0;
1635;Guldee Skooll Streeke-a;Goldener Schädel-Stoß;Ileete-a Ooffff-Hund Aettaeck. Iff yuoo aere-a under zee iffffects ooff un inchuntment und thees aettaeck heets, taerget fue-a is Daezed 1..12 secunds.;3;29;6;7;0;10;0;15;0;0;1;0;0;0;0;
1636;Blaeck Speeder Streeke-a;Schwarzer Spinnen-Stoß;Ooffff-Hund Aettaeck. Moost streeke-a a hexed fue-a. Iff it heets, thees aettaeck streekes fur +5..20 daemaege-a und taerget fue-a is Pueesuned fur 5..20 secunds.;3;29;6;7;0;5;0;8;0;0;0;0;0;0;0;
1637;Guldee Fux Streeke-a;Goldener Fuchs-Stoß;Leaed Aettaeck. Iff thees aettaeck heets, taerget fue-a taekes +10..30 daemaege-a. Iff yuoo aere-a under zee iffffects ooff un inchuntment, thees aettaeck cunnut be-a blucked.;3;29;5;7;0;5;0;4;0;0;0;0;0;0;0;
1638;Deaedly Haeste-a;Tödliche Eile;Inchuntment Spell. Fur 10..35 secunds, haelff-runged spells caest 5..50% faester und rechaerge-a 5..60% faester.;3;35;23;7;0;5;1;20;0;0;0;0;0;0;0;
1639;Aessaesseen's Remedy  (PfP);Mittel des Assassinen (PvP);Inchuntment Spell. Fur 30 secunds, zee next 1..10 aettaeck skeells yuoo use-a remufe-a oone-a cundeeshun.;3;35;23;7;0;10;1;20;0;0;0;0;0;0;0;
1640;Fux's Prumeese-a;Versprechen des Fuchses;Ileete-a Inchuntment Spell. Fur 5..20 secunds, yuoor daegger aettaecks cunnut be-a blucked. Thees inchuntment inds zee next teeme-a yuoo faeeel tu heet.;3;29;23;7;0;10;1;20;0;0;1;0;0;0;0;
1641;Feeegned Neootraeleety;Vorgetäuschte Neutralität;Inchuntment Spell. Fur 4..10 secunds, yuoo haefe-a +7 Heaelt regeneraeshun und +80 aermur. Thees inchuntment inds iff yuoo sooccessffoolly heet veet un aettaeck oor use-a a skeell.;3;31;23;7;0;5;.25;25;0;0;0;0;0;0;0;
1642;Heeddee Caeltrups;Versteckte Trittnägel;Ileete-a Hex Spell. Yuoor nun-Aessaesseen skeells aere-a deesaebled fur 3 secunds. Fur 1..10 secunds, taerget fue-a mufes 50% slooer. Vhee thees hex inds thaet fue-a is creeppled fur 1..15 secunds.;3;31;24;7;0;5;1;12;0;0;1;0;0;0;0;
1643;Aessoolt Inchuntments;Verzauberungen angreifen;Ileete-a Skeell. Moost fulloo a dooael aettaeck. Taerget fue-a luses aell inchuntments.;3;-1;1;7;0;5;.25;8;0;0;1;0;0;0;0;
1644;Vaestrel's Cullaepse-a;Verfall des Verschwenders;Ileete-a Skeell. Shaedoo Step tu taerget fue-a. Iff taerget fue-a is nut useeng a skeell, thaet fue-a is knucked doon. Aell ooff yuoor nun-daegger aettaeck skeells aere-a deesaebled fur 10 secunds.;3;-1;1;7;0;5;.25;20;0;0;1;0;0;0;0;
1645;Leefft Inchuntment;Verzauberung lösen;Skeell. Iff taerget tuooched fue-a is knucked doon, thaet fue-a luses oone-a inchuntment.;3;-1;1;7;0;5;.25;10;0;0;0;0;0;0;0;
1646;Oogoory ooff Deaet;Todesomen;Hex Spell. Fur 5..35 secunds, zee next teeme-a daemaege-a vuoold drup taerget fue-a's Heaelt beloo 50%, yuoo inffleect a Deep Vuoond fur 5..20 secunds und Shaedoo Step tu thaet fue-a. Thees spell haes haelff zee nurmael runge-a.;3;30;24;7;0;5;1;20;0;0;0;0;0;0;0;
1647;Seegnet ooff Tuxeec Shuck;Siegel des toxischen Schocks;Seegnet. Iff taerget fue-a is sooffffereeng frum Pueesun, thaet fue-a taekes 10..100 daemaege-a.;3;30;21;7;0;0;1;15;0;0;0;0;0;0;0;
1648;Seegnet ooff Tveeleeght;Siegel des Zwielichts;Seegnet. Fur iaech hex oon taerget fue-a, thaet fue-a luses oone-a inchuntment.;3;-1;21;7;0;0;1;20;0;0;0;0;0;0;0;
1649;Vaey ooff zee Aessaesseen;Weg des Assassinen;Ileete-a Stunce-a. Fur zee next 20 secunds vheele-a veeeldeeng daeggers, yuoo aettaeck 5..20% faester und haefe-a a +5..35% chunce-a tu lund a creeteecael heet.;3;35;29;7;0;5;0;12;0;0;1;0;0;0;0;
1650;Shaedoo Vaelk;Schattenmarsch;Stunce-a. Shaedoo Step tu taerget fue-a. Fur 15 secunds, nutheeng haeppens. Yuoor aettaeck skeells aere-a deesaebled fur 1 secund, und yuoor stunces und inchuntments aere-a deesaebled fur 10 secunds. Vhee thees stunce-a inds, yuoo retoorn tu yuoor ooreegeenael lucaeshun.;3;-1;29;7;0;5;0;30;0;0;0;0;0;0;0;
1651;Deaet's Retreaet;Rückzug des Todes;Spell. Shaedoo Step tu taerget aelly. Iff yuoo haefe-a less Heaelt thun thaet aelly, yuoo gaeeen 40..130 Heaelt.;3;31;22;7;0;5;.25;20;0;0;0;0;0;0;0;
1652;Shaedoo Preesun;Schattengefängnis;Ileete-a Hex Spell. Shaedoo Step tu taerget fue-a. Fur 1..7 secunds, thaet fue-a mufes 66% slooer.;3;30;24;7;0;5;.25;15;0;0;1;0;0;0;0;
1653;Svaep;Tauschen;Spell. Yuoo und taerget soommuned creaetoore-a Shaedoo Step tu iaech oozeer's lucaeshun.;3;-1;22;7;0;5;.25;10;0;0;0;0;0;0;0;
1654;Shaedoo Meld;Schattenverschmelzung;Ileete-a Inchuntment Spell. Shaedoo Step tu taerget oozeer aelly. Vhee yuoo stup maeeentaeeeneeng thees inchuntment, yuoo retoorn tu yuoor ooreegeenael lucaeshun.;3;-1;23;7;-1;5;.25;10;0;0;1;0;0;0;0;
1655;Preece-a ooff Preede-a;Preis des Stolzes;Hex Spell. Fur 5 secunds, zee next teeme-a taerget fue-a uses un ileete-a skeell, thaet fue-a luses 3..15 Inergy.;3;2;24;5;0;5;1;8;0;0;0;0;0;0;0;
1656;Aeur ooff Deesenchuntment;Flair der Entzauberung;Ileete-a Hex Spell. Remufe-a oone-a inchuntment frum taerget fue-a und aell neaerby fues. Fur 5..20 secunds, inchuntments ixpure-a 150..300% faester oon thuse-a fues.;3;1;24;5;0;10;1;10;0;0;1;0;0;0;0;
1657;Seegnet ooff Cloomseeness (PfP);Siegel der Unbeholfenheit (PvP);Seegnet. Iff taerget fue-a is aettaeckeeng, thaet fue-a und aell aedjaecent fues aere-a interroopted und taeke-a 15..60 daemaege-a. Uny fues useeng aettaeck skeells aere-a knucked doon.;3;1;21;5;0;0;.25;12;0;0;0;0;0;0;0;
1658;Symbuleec Pustoore-a;Symbolische Haltung;Stunce-a. Fur 5..20 secunds, zee next seegnet yuoo aecteefaete-a rechaerges 20..80% faester.;3;0;29;5;0;10;0;20;0;0;0;0;0;0;0;
1659;Tuxeec Cheell;Toxische Kälte;Ileete-a Spell. Taerget fue-a is stroock fur 15..75 culd daemaege-a. Iff thaet fue-a is under zee iffffects ooff a hex oor inchuntment, thaet fue-a becumes Pueesuned fur 10..25 secunds.;3;5;22;4;0;5;1;5;0;0;1;0;0;0;0;
1660;Vell ooff Seelence-a;Brunnen der Stille;Vell Spell. Ixplueet taerget curpse-a oor saecreeffeece-a 66% heaelt tu creaete-a a Vell ooff Seelence-a fur 10..30 secunds. Fues veetheen zee vell cunnut use-a shuoots oor chunts und sooffffer -1..4 Heaelt degeneraeshun.;3;7;28;4;0;10;1;20;0;0;0;0;0;0;0;
1661;Gloostune-a;Leuchtstein;Spell. Send a prujecteele-a thaet streekes fur 5..50 iaert daemaege-a iff it heets. Iff thees spell heets a veaekened fue-a, yuoo gaeeen 5 Inergy ploos 1 Inergy fur ifery 2 runks ooff Inergy Sturaege-a.;3;9;22;6;0;5;.75;7;0;0;0;0;0;0;0;
1662;Meend Blaest;Geistige Explosion;Ileete-a Spell. Taerget fue-a is stroock fur 15..60 fure-a daemaege-a. Iff yuoo haefe-a mure-a Inergy thun taerget fue-a, yuoo gaeeen 1..8 Inergy.;3;10;22;6;0;5;1;2;0;0;1;0;0;0;0;
1663;Ilementael Flaeme-a (PfP);Elementare Flamme (PvP);Inchuntment Spell. Fur 5..20 secunds, vhenefer yuoo aepply un Ilementael hex tu a fue-a, thaet fue-a is set oon fure-a fur 1..2 secunds.;3;10;23;6;0;10;1;30;0;0;0;0;0;0;0;
1664;Infuke-a Leeghtneeng;Blitz herbeirufen;Ileete-a Spell. Taerget fue-a und up tu tvu oozeer fues neaer yuoor taerget aere-a stroock fur 10..90 leeghtneeng daemaege-a. Thees spell haes 25% aermur penetraeshun.;3;8;22;6;0;10;1;6;0;0;1;0;5;0;0;
1683;Penseefe-a Gooaerdeeun;Nachdenklicher Wächter;Inchuntment Spell. Fur 5..11 secunds, taerget aelly haes a 50% chunce-a tu bluck aettaecks frum inchunted fues.;3;15;23;3;0;5;1;5;0;0;0;0;0;0;0;
1684;Screebe-a's Inseeght;Einblick des Schreibers;Ileete-a Inchuntment Spell. Fur 10..35 secunds, yuoo gaeeen 3 Inergy vhenefer yuoo use-a a seegnet.;3;16;23;3;0;5;.25;20;0;0;1;0;0;0;0;
1685;Huly Haeste-a;Heilige Eile;Inchuntment Spell. Fur 1..60 secunds, yuoor Heaeleeng Praeyers spells caest 50% faester. Thees inchuntment inds iff yuoo caest unuzeer inchuntment.;3;16;23;3;0;5;1;10;0;0;0;0;0;0;0;
1686;Gleemmer ooff Leeght;Lichtschimmer;Ileete-a Spell. Heael taerget aelly fur 10..115 Heaelt.;3;13;22;3;0;5;.25;1;0;0;1;0;0;0;0;
1687;Zeaeluoos Benedeecshun;Eifrige Segnung;Ileete-a Spell. Heael taerget aelly fur 30..180 Heaelt. Iff taerget vaes beloo 50% Heaelt, yuoo gaeeen 7 Inergy.;3;15;22;3;0;10;.75;4;0;0;1;0;0;0;0;
1688;Deffender's Zeael;Eifer des Verteidigers;Ileete-a Hex Spell. Fur 10..30 secunds, vhenefer taerget fue-a heets veet un aettaeck, yuoo gaeeen 2 Inergy.;3;14;24;3;0;5;1;5;0;0;1;0;0;0;0;
1689;Seegnet ooff Mysteec Vraet;Siegel des mystischen Zorns;Seegnet. Taerget fue-a taekes 25 huly daemaege-a fur iaech inchuntment oon yuoo (maexeemoom 30..120 huly daemaege-a).;3;14;21;3;0;0;2;20;0;0;0;0;0;0;0;
1690;Seegnet ooff Remufael;Siegel der Entfernung;Ileete-a Seegnet. Iff taerget aelly is under zee iffffects ooff un inchuntment, thaet aelly luses oone-a hex und oone-a cundeeshun.;3;-1;21;3;0;0;.25;5;0;0;1;0;0;0;0;
1691;Deesmeess Cundeeshun;Zustand aufheben;Spell. Remufe-a oone-a cundeeshun frum taerget aelly. Iff thaet aelly is under zee iffffects ooff un inchuntment, thaet aelly is heaeled fur 15..75 Heaelt.;3;15;22;3;0;5;.75;3;0;0;0;0;0;0;0;
1692;Deefert Hexes;Verhexungen umleiten;Ileete-a Spell. Remufe-a up tu 1..3 hexes frum taerget aelly. Fur iaech hex remufed in thees vaey, thaet aelly luses oone-a cundeeshun und gaeeens 15..75 Heaelt.;3;15;22;3;0;5;.75;8;0;0;1;0;0;0;0;
1693;Cuoonteraettaeck;Gegenangriff;Melee-a Aettaeck. Iff thees aettaeck heets, yuoo streeke-a fur +5..35 daemaege-a. Iff yuoo heet un aettaeckeeng fue-a, yuoo gaeeen 2..6 Inergy.;3;17;3;1;0;5;0;6;0;0;0;0;0;0;0;
1694;Maegehoonter Streeke-a;Magierschlag;Ileete-a Melee-a Aettaeck. Iff thees aettaeck heets, yuoo streeke-a fur +7..25 daemaege-a. Iff yuoor taerget is under zee iffffects ooff un inchuntment, thees aettaeck cunnut be-a blucked.;3;17;3;1;0;5;.5;3;0;0;1;0;0;0;0;
1695;Suldeeer's Streeke-a;Soldatenstoß;Melee-a Aettaeck. Iff thees aettaeck heets, yuoo deael +10..40 mure-a daemaege-a. Iff yuoo aere-a under zee iffffects ooff a chunt oor shuoot, thees aettaeck cunnut be-a blucked.;3;21;3;1;0;5;0;4;0;0;0;0;0;0;0;
1696;Decaepeetaete-a;Köpfen;Ileete-a Aexe-a Aettaeck. Yuoo luse-a aell aedrenaeleene-a und aell Inergy. Thees aettaeck is unbluckaeble-a, yuoo deael +5..80 daemaege-a, und coose-a a Deep Vuoond fur 5..20 secunds. Thees aettaeck is aelvaeys creeteecael und iff fue-a is keelled, neaerby fues aere-a Veaekened fur 8 secunds.;3;18;4;1;0;0;0;0;7;0;1;0;0;0;0;
1697;Maegehoonter's Smaesh;Magiejägerschmetterer;Ileete-a Haemmer Aettaeck. Iff thees aettaeck heets, taerget fue-a is knucked doon. Iff yuoor taerget is under zee iffffects ooff un inchuntment, thees aettaeck cunnut be-a blucked.;3;19;8;1;0;0;0;0;8;0;1;0;0;0;0;
1698;Suldeeer's Stunce-a (PfP);Soldaten-Haltung (PvP);Ileete-a Stunce-a. Fur 4..10 secunds, yuoo aettaeck 33% faester vheele-a under zee iffffects ooff a shuoot oor chunt.;3;21;29;1;0;5;0;8;0;0;1;0;0;0;0;
1699;Suldeeer's Deffense-a;Soldaten-Verteidigung;Stunce-a. Fur 1..6 secunds, yuoo haefe-a a 75% chunce-a tu bluck aettaecks vheele-a under zee iffffects ooff a shuoot oor chunt. Yuoo gaeeen 1 streeke-a ooff aedrenaeleene-a fur iaech blucked aettaeck.;3;21;29;1;0;5;0;15;0;0;0;0;0;0;0;
1700;Frenzeeed Deffense-a;Fieberhafte Verteidigung;Stunce-a. Fur 8 secunds, yuoo haefe-a a 75% chunce-a tu bluck incumeeng aettaecks, boot taeke-a duooble-a daemaege-a.;3;-1;29;1;0;5;0;10;0;0;0;0;0;0;0;
1701;Steaedy Stunce-a;Ruhige Haltung;Ileete-a Stunce-a. Fur 10 secunds, zee next teeme-a yuoo vuoold be-a knucked doon, yuoo gaeeen 1..4 streeke-as ooff aedrenaeleene-a und 1..7 Inergy insteaed.;3;21;29;1;0;5;0;4;0;0;1;0;0;0;0;
1702;Steelffung Slaesh;Hieb des stählernen Fangzahns;Svurd Aettaeck. Iff thees aettaeck heets, yuoo deael +1..31 daemaege-a. Iff yuoo heet a fue-a thaet is knucked doon, yuoo gaeeen 1..5 aedrenaeleene-a.;3;20;10;1;0;0;0;1;7;0;0;0;0;0;0;
1719;Screaemeeng Shut;Schreischuss;Boo Aettaeck. Iff thees aettaeck heets, yuoo deael +10..25 daemaege-a. Iff yuoor taerget is veetheen iaershut, thaet fue-a begeens Bleedeeng fur 5..20 secunds.;3;25;2;2;0;10;0;8;0;0;0;0;0;0;0;
1720;Keee Aerroo (PfP);Scharfer Pfeil (PvP);Boo Aettaeck. Iff thees aettaeck heets, yuoo streeke-a fur +5..15 daemaege-a. Iff yuoo lund a creeteecael heet, yuoo deael un aeddeeshunael +5..30 daemaege-a.;3;25;2;2;0;5;0;12;0;0;0;0;0;0;0;
1721;Raempaege-a aes Oone-a;Gemeinsam toben;Ileete-a Skeell. Fur 3..15 secunds, but yuoo und yuoor uneemael cumpuneeun aettaeck 33% faester und roon 25% faester.;3;22;1;2;0;25;0;10;0;0;1;0;0;0;0;
1722;Furked Aerroo;Gegabelter Pfeil;Boo Aettaeck. Shuut tvu aerroos seemooltuneuoosly aet taerget fue-a. Iff yuoo aere-a under zee iffffects ooff un inchuntment oor hex, yuoo shuut oonly oone-a aerroo.;3;-1;2;2;0;10;0;5;0;0;0;0;0;0;0;
1723;Deesroopteeng Aeccooraecy;Unterbrechende Genauigkeit;Prepaeraeshun. Fur 36 secunds, vhenefer yuoor aerroos creeteecael, zeey aelsu interroopt yuoor taerget. Bork! Bork! Bork!;3;25;17;2;0;5;2;12;0;0;0;0;0;0;0;
1724;Ixpert's Dextereety (PfP);Gewandtheit des Profis (PvP);Ileete-a Stunce-a. Fur 1..20 secunds, yuoo aettaeck 15% faester und yuoor Maerksmunsheep aettreeboote-a is increaesed by 1.;3;23;29;2;0;5;0;20;0;0;1;0;0;0;0;
1725;Ruaereeng Veends;Tosender Wind;Naetoore-a Reetooael. Creaete-a a lefel 1..10 spureet. Chunts und shuoots cust 1..5 mure-a Inergy. Thees spureet deees aeffter 30..180 secunds.;3;24;19;2;0;10;2;60;0;0;0;0;0;0;0;
1726;Maegebune-a Shut;Verderben des Magiers-Schuss;Ileete-a Boo Aettaeck. Iff thees aettaeck heets, it interroopts taerget fue-a's aecshun. Iff thaet aecshun vaes a spell, it is deesaebled fur un aeddeeshunael 10 secunds. Thees aettaeck cunnut be-a blucked.;3;-1;2;2;0;10;.5;5;0;0;1;0;0;0;0;
1727;Naetoorael Streede-a;Natürlicher Schwung;Stunce-a. Fur 1..8 secunds, yuoo roon 33% faester und haefe-a a 50% chunce-a tu bluck incumeeng aettaecks. Naetoorael Streede-a inds iff yuoo becume-a hexed oor inchunted.;3;24;29;2;0;5;0;12;0;0;0;0;0;0;0;
1728;Heket's Raempaege-a;Heket-Toben;Stunce-a. Fur 5..11 secunds, yuoo aettaeck 33% faester. Thees stunce-a inds iff yuoo use-a un aettaeck skeell.;3;22;29;2;0;5;0;10;0;0;0;0;0;0;0;
1729;Smuke-a Traep;Rauchfalle;Ileete-a Traep. Vhee Smuke-a Traep is treeggered, fues in zee aerea aere-a Bleended und Daezed fur 5..10 secunds. Smuke-a Traep inds aeffter 90 secunds. Vheele-a aecteefaeteeng thees skeell, yuoo aere-a iaeseely interroopted.;3;24;30;2;0;10;2;15;0;0;1;0;0;0;0;
1730;Inffooreeaeteeng Heaet (PfP);Irritierende Hitze (PvP);Ileete-a Naetoore-a Reetooael. Creaete-a a lefel 1..10 spureet. Nun-spureet creaetoores veetheen its runge-a gaeeen aedrenaeleene-a 33..66% aes faest. Thees spureet deees aeffter 30..120 secunds. Bork! Bork! Bork!;3;23;19;2;0;5;2;30;0;0;1;0;0;0;0;
1731;Fucael Vaes Sugulun;Lautstark war Sogolon;Item Spell. Fur 60 secunds, aell shuoots und chunts yuoo use-a laest 20..50% lunger.;3;33;25;8;0;10;1;30;0;0;0;0;0;0;0;
1732;Destroocteefe-a Vaes Glaeeefe-a (PfP);Vernichtend war Glaive (PvP);Ileete-a Item Spell. Huld Glaeeefe-a's aeshes fur up tu 30..60 secunds. Vheele-a yuoo huld her aeshes, aell Reetooaeleest skeells haefe-a 10% aermur penetraeshun. Vhee yuoo drup her aeshes, aell fues in zee aerea aere-a stroock fur 15..85 leeghtneeng daemaege-a.;3;34;25;8;0;10;1;10;0;0;1;0;0;0;0;
1733;Veeelder's Streeke-a;Stoß des Ausübers;Spell. Taerget fue-a is stroock fur 10..60 leeghtneeng daemaege-a. Iff yuoo aere-a under zee iffffects ooff a veaepun spell, yuoo deael un aeddeeshunael 10..50 leeghtneeng daemaege-a.;3;34;22;8;0;5;1;6;0;0;0;0;0;0;0;
1734;Gaeze-a ooff Foory (PfP);Wütendes Starren (PvP);Beendeeng Reetooael. Destruy taerget aelleeed spureet und creaete-a a lefel 1..10 Spureet ooff Foory. Thees spureet's aettaecks deael 5..20 daemaege-a. Thees spureet deees aeffter 30..60 secunds.;3;34;18;8;0;10;2;20;0;0;0;0;0;0;0;
1736;Spureet's Strengt;Geistesstärke;Ileete-a Inchuntment Spell. Fur 15..60 secunds, yuoor aettaecks deael 5..35 mure-a daemaege-a vheele-a under zee iffffects ooff a veaepun spell.;3;36;23;8;0;5;1;20;0;0;1;0;0;0;0;
1737;Veeelder's Zeael;Eifer des Ausübers;Ileete-a Inchuntment Spell. Fur 10..40 secunds, vhenefer yuoo caest a veaepun spell oon un aelly, yuoo gaeeen 1..5 Inergy.;3;36;23;8;0;5;1;10;0;0;1;0;0;0;0;
1738;Seeght Beyund Seeght;Sicht jenseits der Sicht;Inchuntment Spell. Fur 8..20 secunds, yuoo cunnut be-a Bleended.;3;36;23;8;0;5;.25;15;0;0;0;0;0;0;0;
1739;Renooeeng Memureees;Erneuernde Erinnerungen;Inchuntment Spell. Fur 5..20 secunds, vheele-a huldeeng un item, uny veaepun und item spells yuoo caest cust 5..35% less Inergy.;3;36;23;8;0;5;1;20;0;0;0;0;0;0;0;
1740;Veeelder's Remedy;Mittel des Ausübers;Inchuntment Spell. Fur 10..30 secunds, vhenefer yuoo caest a veaepun spell oon un aelly, thaet aelly luses 2 cundeeshuns.;3;36;23;8;0;3;1;10;0;0;0;0;0;0;0;
1741;Ghustmurrur Leeght;Geisterspiegel-Licht;Spell. Taerget oozeer aelly is heaeled fur 15..90 Heaelt. Iff yuoo aere-a veetheen iaershut ooff a spureet, yuoo aere-a aelsu heaeled fur 15..90 Heaelt.;3;33;22;8;0;5;1;3;0;0;0;0;0;0;0;
1742;Seegnet ooff Ghustly Meeght (PfP);Siegel der Macht der Geister (PvP);Ileete-a Seegnet. Taerget aelleeed soommuned creaetoore-a's aettaecks deael 5..35 mure-a daemaege-a. Aeffter 10 secunds, thaet creaetoore-a is destruyed.;3;32;21;8;0;0;1;5;0;0;1;0;0;0;0;
1743;Seegnet ooff Beendeeng;Siegel der Bindung;Seegnet. Yuoo luse-a 200..50 Heaelt und taeke-a cuntrul ooff taerget inemy-cuntrulled spureet. (50% faeeeloore-a chunce-a veet Spaevneeng Pooer 4 oor less.);3;36;21;8;0;0;2;15;0;0;0;0;0;0;0;
1744;Caeretaeker's Chaerge-a;Angriff des Verwalters;Ileete-a Spell. Taerget fue-a is stroock fur 20..85 leeghtneeng daemaege-a. Iff yuoo aere-a huldeeng un item, yuoo gaeeen 7 Inergy und 5..50 Heaelt.;3;34;22;8;0;5;1;4;0;0;1;0;0;0;0;
1745;Ungooeesh (PfP);Qual (PvP);Beendeeng Reetooael. Creaete-a a lefel 1..7 spureet. Thees spureet's aettaecks deael 5..20 daemaege-a und deael duooble-a daemaege-a tu hexed fues. Thees spureet deees aeffter 15..45 secunds.;3;32;18;8;0;25;1.5;30;0;0;0;0;0;0;0;
1747;Impooerment (PfP);Ermächtigung (PvP);Beendeeng Reetooael. Creaete-a a lefel 1..10 spureet. Aell aelleees veetheen its runge-a huldeeng un item gaeeen 15..45 maexeemoom Heaelt und 10 maexeemoom Inergy. Thees spureet deees aeffter 15..60 secunds.;3;36;18;8;0;5;3;30;0;0;0;0;0;0;0;
1748;Recufery (PfP);Gesundung (PvP);Beendeeng Reetooael. Creaete-a a lefel 1..10 spureet. Cundeeshuns oon aelleees veetheen runge-a ooff thees spureet ixpure-a 20..50% faester. Thees spureet deees aeffter 30..60 secunds.;3;33;18;8;0;15;3;30;0;0;0;0;0;0;0;
1749;Veaepun ooff Foory;Waffe der Wut;Ileete-a Veaepun Spell. Fur 5..20 secunds, taerget aelly gaeeens 100% mure-a aedrenaeleene-a und 1 Inergy vhenefer thaet aelly sooccessffoolly heets veet un aettaeck.;3;34;27;8;0;5;1;8;0;0;1;0;0;0;0;
1750;Xeenraee-a's Veaepun;Xinraes Waffe;Ileete-a Veaepun Spell. Fur 8 secunds, zee next teeme-a taerget aelly taekes daemaege-a frum a fue-a thaet daemaege-a is leemeeted tu 5% ooff thaet aelly's maex Heaelt und thaet aelly steaels up tu 20..80 Heaelt frum thaet fue-a.;3;33;27;8;0;5;.25;3;0;0;1;0;0;0;0;
1751;Vaermunger's Veaepun;Waffe des Kriegshetzers;Veaepun Spell. Fur 3..13 secunds, iff taerget aelly aettaecks a fue-a vhu is nut aettaeckeeng, thaet fue-a is interroopted.;3;34;27;8;0;10;1;30;0;0;0;0;0;0;0;
1752;Veaepun ooff Remedy;Waffe der Behebung;Ileete-a Veaepun Spell. Fur 8 secunds, zee next teeme-a taerget aelly taekes daemaege-a oor leeffe-a steael frum a fue-a, thaet aelly steaels up tu 20..80 Heaelt frum thaet fue-a und luses 2 cundeeshuns.;3;33;27;8;0;3;.25;3;0;0;1;0;0;0;0;
1753;Rendeeng Sveep;Zerreißender Schwung;Scyzee Aettaeck. Yuoo deael +5..20 daemaege-a und luse-a 1 Derfeesh inchuntment. Iff un inchuntment vaes lust, yuoo remufe-a un inchuntment frum iaech fue-a yuoo heet.;3;41;9;10;0;0;0;0;6;0;0;0;0;0;0;
1754;Oonslooght (PfP);Attacke (PvP);Ileete-a Flaesh Inchuntment Spell. Fur 2..8 secunds, yuoo aettaeck und gaeeen aedrenaeleene-a 25% faester.;3;42;33;10;0;10;0;10;0;0;1;0;0;0;0;
1755;Mysteec Curroopshun (PfP);Mystische Verdorbenheit (PvP);Flaesh Inchuntment Spell. Aell aedjaecent fues sooffffer frum Deeseaese-a fur 2..6 secunds. Fur 20 secunds, nutheeng haeppens. Deeseaese-a dooraeshun is duoobled iff yuoo aere-a inchunted vhee yuoo aecteefaete-a thees skeell. Vhee thees inchuntment inds, aell paerty members in iaershut aere-a coored ooff Deeseaese-a.;3;44;33;10;0;5;0;10;0;0;0;0;0;0;0;
1756;Grent's Graesp;Grenths Griff;Ileete-a Flaesh Inchuntment Spell. Fur 20 secunds, yuoor aettaeck skeells aelsu Creepple-a thaet fue-a fur 1..11 secunds und yuoo trunsffer 1..3 cundeeshuns frum yuoorselff tu thaet fue-a.;3;42;33;10;0;5;0;10;0;0;1;0;0;0;0;
1757;Feeel ooff Thurns;Dornenschleier;Flaesh Inchuntment Spell. Vhee yuoo caest thees inchuntment, aell neaerby fues aere-a stroock fur 5..50 peeerceeng daemaege-a. Fur 5..25 secunds, yuoo taeke-a 5..35% less daemaege-a frum spells.;3;43;33;10;0;10;0;15;0;0;0;0;0;0;0;
1758;Haerreeer's Graesp (PfP);Griff des Läufers (PvP);Flaesh Inchuntment Spell. Fur 5..20 secunds, melee-a aettaecks aegaeeenst mufeeng fues aelsu Creepple-a thuse-a fues fur 2..9 secunds. Vhee yuoo caest thees inchuntment, yuoo aere-a releeefed ooff Creepple-a und 1 oozeer cundeeshun. Thees inchuntment inds aeffter yuoo aepply Creepple-a 1..3 teemes.;3;42;33;10;0;10;0;15;0;0;0;0;0;0;0;
1759;Foo ooff Strengt;Gelübde der Stärke;Ileete-a Inchuntment Spell. Fur 15 secunds, vhenefer yuoo aettaeck a fue-a veet yuoor scyzee, yuoo deael 10..25 slaesheeng daemaege-a tu aell aedjaecent fues. Bork! Bork! Bork!;3;43;23;10;0;5;.25;20;0;0;1;0;0;0;0;
1760;Ibun Doost Oora;Ebon-Staubaura;Ileete-a Flaesh Inchuntment Spell. Vhee yuoo caest thees inchuntment, aell neaerby fues aere-a Bleended fur 1..7 secunds. Fur 30 secunds, iff yuoo aere-a veeeldeeng un iaert veaepun, yuoor melee-a aettaecks deael +3..30 iaert daemaege-a. Vhee thees inchuntment inds, yuoo aere-a coored ooff Bleendness.;3;43;33;10;0;10;0;20;0;0;1;0;0;0;0;
1761;Zeaeluoos Foo;Eifriges Gelübde;Ileete-a Inchuntment Spell. Fur 20 secunds, yuoo haefe-a -2 Inergy regeneraeshun, und yuoo gaeeen 1..6 Inergy ifery teeme-a yuoo heet veet un aettaeck.;3;42;23;10;0;5;.25;12;0;0;1;0;0;0;0;
1762;Heaert ooff Foory (PfP);Herz der Wut (PvP);Stunce-a. Fur 2..10 secunds, yuoo aettaeck 25% faester.;3;44;29;10;0;0;0;6;4;0;0;0;0;0;0;
1763;Zeaeluoos Renooael;Eifrige Erneuerung;Flaesh Inchuntment Spell. Aell neaerby fues taeke-a 5..30 huly daemaege-a. Fur 5..25 secunds, yuoo haefe-a -1 Inergy regeneraeshun und gaeeen 1 Inergy vhenefer yuoo heet a fue-a. Iff thees inchuntment inds premaetoorely, yuoo gaeeen 1..5 Inergy.;3;44;33;10;0;5;0;10;0;0;0;0;0;0;0;
1764;Aettaecker's Inseeght;Einblick des Angreifers;Flaesh Inchuntment Spell. Fur 3..10 secunds, yuoo haefe-a a 50% chunce-a tu bluck vheele-a aettaeckeeng. Vhee thees inchuntment inds yuoo inffleect Veaekness oon aell aedjaecent fues fur 3..15 secunds. Bork! Bork! Bork!;3;42;33;10;0;10;0;10;0;0;0;0;0;0;0;
1765;Rendeeng Oora;Zerreißende Aura;Flaesh Inchuntment Spell. Vhee yuoo caest thees inchuntment, aell neaerby fues taeke-a 10..40 culd daemaege-a. Fur 30 secunds, yuoor aettaeck skeells remufe-a inchuntments frum knucked-doon fues. Vhee thees inchuntment inds, neaerby fues aere-a aeffffected by Craecked Aermur fur 1..10 secunds.;3;42;33;10;0;10;0;10;0;0;0;0;0;0;0;
1766;Feaezeerffuut Graece-a;Anmut des Federfußes;Inchuntment Spell. Fur 5..20 secunds, yuoo mufe-a 25% faester, und cundeeshuns ixpure-a 50% faester.;3;42;23;10;0;10;.25;15;0;0;0;0;0;0;0;
1767;Reaeper's Sveep;Schwung des Schnitters;Ileete-a Scyzee Aettaeck. Iff thees aettaeck heets, yuoo Creepple-a yuoor taerget fur 3..15 secunds. Yuoo luse-a 1 Derfeesh inchuntment. Iff un inchuntment vaes remufed, thees aettaeck knucks doon fur 2..3 secunds.;3;41;9;10;0;0;0;0;7;0;1;0;0;0;0;
1768;Haerreeer's Haeste-a;Eile des Läufers;Flaesh Inchuntment Spell. Fur 2..8 secunds, yuoo mufe-a 25% faester und deael +3..12 mure-a daemaege-a aegaeeenst mufeeng fues.;3;42;33;10;0;10;0;10;0;0;0;0;0;0;0;
1769;Fucoosed Unger;Konzentrierter Zorn;Ileete-a Skeell. Fur 45 secunds, yuoo gaeeen 0..150% mure-a aedrenaeleene-a.;3;40;1;9;0;10;0;45;0;0;1;0;0;0;0;
1770;Naetoorael Temper;Natürliche Laune;Skeell. Fur 4..15 secunds, yuoo gaeeen 33% mure-a aedrenaeleene-a vheele-a nut under zee iffffects ooff un inchuntment.;3;40;1;9;0;0;0;0;3;0;0;0;0;0;0;
1771;Sung ooff Resturaeshun (PfP);Gesang der Wiederherstellung (PvP);Ileete-a Chunt. Fur 10 secunds, zee next teeme-a iaech paerty member veetheen iaershut uses a skeell, thaet paerty member gaeeens 45..110 Heaelt.;3;39;13;9;0;10;1;20;0;0;1;0;0;0;0;
1772;Lyreec ooff Pooreeffeecaeshun;Lyrik der Läuterung;Chunt. Fur 5..20 secunds, zee next teeme-a iaech aelly veetheen iaershut uses a seegnet, thaet aelly luses 1 cundeeshun.;3;39;13;9;0;5;1;10;0;0;0;0;0;0;0;
1773;Suldeeer's Foory;Wut des Soldaten;Ileete-a Ichu. Fur 10..35 secunds, iff yuoo aere-a under zee iffffects ooff a chunt oor a shuoot, yuoo aettaeck 33% faester und gaeeen 33% mure-a aedrenaeleene-a, boot yuoo haefe-a -20 aermur.;3;40;14;9;0;5;1;5;0;0;1;0;0;0;0;
1774;Aeggresseefe-a Reffraeeen;Aggressiver Refrain;Ichu. Fur 5..25 secunds, yuoo aettaeck 25% faester boot haefe-a -20 aermur. Thees ichu is reaeppleeed ifery teeme-a a chunt oor shuoot inds oon yuoo. Bork! Bork! Bork!;3;40;14;9;0;15;1;20;0;0;0;0;0;0;0;
1775;Inergeezeeng Feenaele-a;Energie bringendes Finale;Ichu. Fur 10..35 secunds, vhenefer a shuoot oor chunt inds oon taerget nun-spureet aelly, thaet aelly gaeeens 1..2 Inergy.;3;39;14;9;0;10;1;5;0;0;0;0;0;0;0;
1776;Seegnet ooff Aeggresseeun;Siegel der Aggression;Seegnet. Iff yuoo aere-a under zee iffffects ooff a shuoot oor chunt, yuoo gaeeen 2 streeke-as ooff aedrenaeleene-a.;3;-1;21;9;0;0;1;5;0;0;0;0;0;0;0;
1777;Remedy Seegnet;Heilmittel-Siegel;Seegnet. Yuoo luse-a 1 cundeeshun.;3;-1;21;9;0;0;1;4;0;0;0;0;0;0;0;
1778;Seegnet ooff Retoorn (PfP);Siegel der Wiederkehr (PvP);Seegnet. Resoorrect taerget paerty member veet 5..20% Heaelt und 1..4% Inergy fur iaech paerty member veetheen iaershut.;3;40;21;9;0;0;4;20;0;0;0;0;0;0;0;
1779;"Maeke-a Yuoor Teeme-a!";"Nehmt Euch Zeit!";Shuoot. Yuoo gaeeen 2 streekes ooff aedrenaeleene-a fur iaech paerty member veetheen iaershut (maexeemoom 1..8 aedrenaeleene-a).;3;40;20;9;0;10;0;10;0;0;0;0;0;0;0;
1780;"Cun't Tuooch Thees!" (PfP);"Darf nicht angerührt werden!" (PvP);Shuoot. Fur 20 secunds, zee next 1..5 tuooch skeells used aegaeeenst yuoo fail.;3;38;20;9;0;5;0;10;0;0;0;0;0;0;0;
1781;"Feend Zeeur Veaekness!" (PfP);"Findet ihren Schwachpunkt!" (PvP);Shuoot. Fur 5..20 secunds, zee next teeme-a taerget aelly creeteecaels, thaet aelly aelsu inffleects a Deep Vuoond fur 5..20 secunds.;3;38;20;9;0;10;0;15;0;0;0;0;0;0;0;
1782;"Zee Pooer Is Yuoors!";"Die Macht ist Euer!";Ileete-a Shuoot. Fur 2..4 secunds, aell aelleees veetheen iaershut gaeeen 1..2 Inergy regeneraeshun. Bork! Bork! Bork!;3;39;20;9;0;0;0;0;4;0;1;0;0;0;0;
1783;Slaeyer's Speaer;Speer des Würgers;Speaer Aettaeck. Iff thees aettaeck heets, yuoo deael +5..25 daemaege-a. Iff thaet fue-a haes mure-a Heaelt thun yuoo, thaet fue-a sooffffers frum a Deep Vuoond fur 5..20 secunds.;3;37;12;9;0;10;0;4;0;0;0;0;0;0;0;
1784;Sveefft Jaefeleen;Schneller Speer;Speaer Aettaeck. Iff thees aettaeck heets, yuoo deael +5..20 daemaege-a. Iff yuoo aere-a under zee iffffects ooff un inchuntment, thees speaer fleees tveece-a aes faest und cunnut be-a blucked.;3;37;12;9;0;5;0;10;0;0;0;0;0;0;0;
1814;Leeghtbreenger's Gaeze-a;Blick des Lichtbringers;Skeell. Taerget demuneec serfunt ooff Aebaeddun taekes 100 huly daemaege-a und is interroopted. Thees skeell streekes oone-a aeddeeshunael fue-a in zee aerea fur iaech runk ooff Leeghtbreenger yuoo haefe-a aettaeeened. Thees skeell is deesaebled fur 15 secunds aeffter it is used.;3;-3;1;0;0;5;1;15;0;0;0;1;0;0;0;
1815;Leeghtbreenger Seegnet;Lichtbringer-Siegel;Seegnet. Iff yuoo aere-a veetheen zee aerea ooff a demuneec serfunt ooff Aebaeddun, yuoo gaeeen 3..5 streeke-as ooff aedrenaeleene-a und 16..24 Inergy.;3;-3;21;0;0;0;.25;25;0;0;0;1;0;0;0;
1816;Soonspeaer Reburt Seegnet;Sonnenspeer-Wiedergeburtssiegel;Seegnet. Resoorrect taerget deaed paerty member aet yuoor lucaeshun veet fooll Heaelt und 10% Inergy fur iaech Soonspeaer runk yuoo haefe-a aettaeeened. Thees seegnet cun oonly be-a used oonce-a per meesseeun unless rechaerged by a muraele-a buust.;3;-2;21;0;0;0;3;0;0;0;0;1;0;0;0;
1948;Shaedoo Sunctooaery;Schattenzuflucht (Luxon);Inchuntment Spell. Yuoo aere-a Bleended fur 5 secunds. Fur 10 secunds, yuoo gaeeen +7..10 Heaelt regeneraeshun und +40 aermur.;2;-4;23;7;0;5;.25;30;0;0;0;1;0;0;0;
1949;Izeer Neeghtmaere-a;Äther-Alptraum (Luxon);Hex Spell. Taerget fue-a luses 5..8 Inergy. Fur iaech pueent ooff Inergy lust in thees vaey, thaet fue-a und aell fues in zee aerea sooffffer -1 Heaelt degeneraeshun fur 10 secunds.;2;-4;24;5;0;10;3;25;0;0;0;1;0;0;0;
1950;Seegnet ooff Curroopshun;Siegel der Verdorbenheit (Luxon);Seegnet. Taerget fue-a und aell neaerby fues taeke-a 20..30 daemaege-a. Fur iaech aeffffected fue-a sooffffereeng frum a cundeeshun oor hex, yuoo gaeeen 2 Inergy (maexeemoom 12..20 Inergy).;2;-4;21;4;0;0;1;20;0;0;0;1;0;0;0;
1951;Ilementael Lurd;Elementarlord (Luxon);Inchuntment Spell. Fur 40..60 secunds, yuoor ilementael aettreebootes aere-a buusted by 1. Iaech teeme-a yuoo caest a spell, yuoo gaeeen 1 Inergy fur ifery 10 runks ooff Inergy Sturaege-a und aere-a heaeled fur 100..300% ooff zee spell's Inergy cust.;2;-4;23;6;0;5;.25;45;0;0;0;1;0;0;0;
1952;Selffless Spureet;Selbstloser Geist (Luxon);Inchuntment Spell. Fur 15..20 secunds, spells yuoo caest thaet taerget unuzeer aelly cust 3 less Inergy.;2;-4;23;3;0;5;.25;45;0;0;0;1;0;0;0;
1953;Treeple-a Shut;Dreifachschuss (Luxon);Boo Aettaeck. Shuut 3 aerroos seemooltuneuoosly aet taerget fue-a. Zeese-a aerroos deael 40..25% less daemaege-a.;2;-4;2;2;0;10;0;10;0;0;0;1;0;0;0;
1954;"Saefe-a Yuoorselfes!";"Rettet Euch selbst!" (Luxon);Shuoot. Fur 4..6 secunds, aell oozeer paerty members gaeeen +100 aermur.;2;-4;20;1;0;0;0;0;8;0;0;1;0;0;0;
1955;Oora ooff Huly Meeght;Aura der Heiligen Macht (Luxon);Inchuntment Spell. Fur 45 secunds, yuoo deael 20..25 huly daemaege-a tu aell aedjaecent fues vhenefer yuoo luse-a a Derfeesh inchuntment.;2;-4;23;10;0;10;.75;30;0;0;0;1;0;0;0;
1957;Speaer ooff Foory;Speer der Wut (Luxon);Speaer Aettaeck. Thees aettaeck deaels +30..40 daemaege-a. Iff thees aettaeck heets a fue-a sooffffereeng frum a cundeeshun, yuoo gaeeen 3..6 streeke-as ooff aedrenaeleene-a.;2;-4;12;9;0;5;1;8;0;0;0;1;0;0;0;
1986;Faempureec Aessoolt;Vampirangriff;Dooael Aettaeck. Moost fulloo un ooffff-hund aettaeck. Iff thees aettaeck heets, yuoo steael 10..40 Heaelt.;4;30;7;7;0;5;0;8;0;0;0;0;0;0;0;
1987;Lutoos Streeke-a;Lotus-Stoß;Ooffff-Hund Aettaeck. Moost fulloo a leaed aettaeck. Iff it heets, thees aettaeck streekes fur +10..25 daemaege-a und yuoo gaeeen 5..20 Inergy.;4;29;6;7;0;10;0;12;0;0;0;0;0;0;0;
1988;Guldee Fung Streeke-a;Goldfangstoß;Ooffff-Hund Aettaeck. Moost fulloo a leaed aettaeck. Iff yuoo aere-a under zee iffffects ooff un inchuntment und thees aettaeck heets, taerget fue-a sooffffers frum a Deep Vuoond fur 5..20 secunds.;4;29;6;7;0;5;0;4;0;0;0;0;0;0;0;
1990;Faelleeng Lutoos Streeke-a;Fallender Lotus-Stoß;Ooffff-Hund Aettaeck. Moost streeke-a a knucked-doon fue-a. Iff it heets, yuoo streeke-a fur +15..35 daemaege-a und gaeeen 1..12 Inergy.;4;29;6;7;0;5;0;8;0;0;0;0;0;0;0;
1991;Saedeest's Seegnet;Siegel des Sadisten;Seegnet. Yuoo gaeeen 10..45 Heaelt fur iaech cundeeshun oon taerget fue-a.;4;30;21;7;0;0;1;8;0;0;0;0;0;0;0;
1992;Seegnet ooff Deestraecshun;Siegel der Ablenkung;Seegnet. Iff taerget fue-a is caesteeng a spell, thaet spell is interroopted und deesaebled fur 1..5 secunds fur iaech seegnet yuoo haefe-a iqooeepped.;4;2;21;5;0;0;.25;15;0;0;0;0;0;0;0;
1993;Seegnet ooff Recaell;Siegel der Zurückrufung;Seegnet. Fur 6 secunds, yuoo haefe-a -4 Inergy regeneraeshun. Vhee thees iffffect inds, yuoo gaeeen 13..20 Inergy.;4;3;21;5;0;0;.25;20;0;0;0;0;0;0;0;
1994;Pooer Luck;Kraftsperre;Spell. Iff taerget fue-a is caesteeng a spell oor chunt, thaet skeell is interroopted und deesaebled fur un aeddeeshunael 5..13 secunds.;4;2;22;5;0;5;.25;20;0;0;0;0;0;0;0;
1995;Vaeste-a Nut, Vunt Nut;Spare in der Zeit ...;Spell. Iff taerget fue-a is nut caesteeng a spell oor aettaeckeeng, yuoo gaeeen 8..13 Inergy.;4;3;22;5;0;5;.25;15;0;0;0;0;0;0;0;
1996;Soom ooff Aell Feaers;Summe aller Ängste;Hex Spell. Fur 4..12 secunds, taerget fue-a mufes, aettaecks, und caests spells 33% slooer.;4;1;24;5;0;10;1.5;10;0;0;0;0;0;0;0;
1997;Veezeereeng Oora;Verkümmernde Aura;Inchuntment Spell. Fur 5..20 secunds, taerget aelly's melee-a aettaecks coose-a Veaekness fur 5..20 secunds.;4;5;23;4;0;5;1;3;0;0;0;0;0;0;0;
1998;Caecuphuny;Kakophonie;Hex Spell. Fur 15 secunds, vhenefer taerget fue-a uses a shuoot oor chunt, thaet fue-a taekes 30..105 daemaege-a.;4;7;24;4;0;10;1;15;0;0;0;0;0;0;0;
1999;Veenter's Imbraece-a;Umarmung des Winters;Hex Spell. Fur 2..6 secunds, taerget fue-a mufes 66% slooer und taekes 5..15 daemaege-a vheele-a mufeeng. Bork! Bork! Bork!;4;11;24;6;0;10;.75;15;0;0;0;0;0;0;0;
2000;Iaerzeen Shaeckles;Irdene Fesseln;Hex Spell. Fur 3 secunds, taerget und aell neaerby fues mufe-a 90% slooer. Vhee Iaerzeen Shaeckles inds, it aeppleees Veaekness fur 5..20 secunds. Bork! Bork! Bork!;4;9;24;6;0;10;1;15;0;0;0;0;0;0;0;
2001;Vaerd ooff Veaekness;Kreis der Schwäche;Vaerd Spell. Yuoo creaete-a a Vaerd ooff Veaekness aet yuoor coorrent lucaeshun. Fur 5..20 secunds, fues in thees aerea becume-a Veaekened fur 5..20 secunds vhenefer zeey taeke-a ilementael daemaege-a.;4;9;26;6;0;5;1;20;0;0;0;0;0;0;0;
2002;Glyph ooff Sveefftness;Glyphe der Schnelligkeit;Glyph. Fur 15 secunds, yuoor next 1..5 spells recharge 25% faester und prujecteeles frum zee aeffffected spells mufe-a 200% faester.;4;8;16;6;0;5;1;10;0;0;0;0;0;0;0;
2003;Coore-a Hex;Verhexung heilen;Spell. Remufe-a oone-a hex frum taerget aelly. Iff a hex vaes remufed, thaet aelly is heaeled fur 30..100 Heaelt.;4;13;22;3;0;5;1;12;0;0;0;0;0;0;0;
2004;Smeete-a Cundeeshun;Zustand zerschlagen;Spell. Remufe-a oone-a cundeeshun frum taerget aelly. Iff a cundeeshun vaes remufed, fues in zee aerea taeke-a 10..60 huly daemaege-a.;4;14;22;3;0;5;1;7;0;0;0;0;0;0;0;
2005;Smeeter's Buun (PfP);Segen des Peinigers (PvP);Inchuntment Spell. Fur 4 secunds, yuoor Smeeteeng Praeyers haefe-a duooble-a zee Deefeene-a Faefur bunoos.;4;16;23;3;0;25;.25;90;0;0;0;0;0;0;0;
2006;Caesteegaeshun Seegnet;Geißelungs-Siegel;Seegnet. Taerget fue-a taekes 26..56 huly daemaege-a. Iff thaet fue-a vaes aettaeckeeng, yuoo gaeeen 4..14 Inergy.;4;14;21;3;0;0;1;15;0;0;0;0;0;0;0;
2007;Pooreeffyeeng Feeel;Reinigender Schleier;Inchuntment Spell. Vheele-a yuoo maeeentaeeen thees inchuntment, cundeeshuns ixpure-a 5..50% faester oon taerget aelly. Vhee thees inchuntment inds, oone-a cundeeshun is remufed frum thaet aelly.;4;15;23;3;-1;5;1;6;0;0;0;0;0;0;0;
2008;Poolfereezeeng Smaesh;Zermalmender Schlag;Haemmer Aettaeck. Iff yuoo heet a knucked-doon fue-a, thaet fue-a sooffffers frum Veaekness und a Deep Vuoond fur 5..20 secunds.;4;19;8;1;0;0;0;0;3.2;0;0;0;0;0;0;
2009;Keee Chup;Verwegener Hieb;Aexe-a Aettaeck. Iff it heets, thees aettaeck aelvaeys resoolts in a creeteecael heet.;4;18;4;1;0;0;0;0;3;0;0;0;0;0;0;
2010;Knee-a Cootter;Knieschneider;Svurd Aettaeck. Iff thees aettaeck heets a Creeppled fue-a, yuoo gaeeen 2..7 Inergy und 1..3 streekes ooff aedrenaeleene-a.;4;20;10;1;0;0;0;1;4.8;0;0;0;0;0;0;
2011;Graepple-a;Raufen;Skeell. Yuoo und taerget tuooched fue-a aere-a knucked doon. Yuoo luse-a yuoor coorrent stunce-a.;4;-1;1;1;0;5;.75;8;0;0;0;0;0;0;0;
2012;Raedeeunt Scyzee;Strahlende Sense;Scyzee Aettaeck. Thees aettaeck streekes fur +1 daemaege-a fur iaech pueent ooff Inergy yuoo coorrently haefe-a, maexeemoom 5..30 daemaege-a. Yuoo gaeeen 1..7 Inergy iff thees aettaeck heets.;4;41;9;10;0;0;0;0;6;0;0;0;0;0;0;
2013;Grent's Oora;Grenths Aura;Flaesh Inchuntment Spell. Fur 20 secunds, yuoo deael 5..25 less daemaege-a und steael 5..25 Heaelt vhenefer yuoo heet veet a scyzee aettaeck. Vhee yuoo caest thees inchuntment yuoo steael 5..25 Heaelt frum aell aedjaecent fues.;4;42;33;10;0;10;0;10;0;0;0;0;0;0;0;
2014;Seegnet ooff Peeuoos Restraeeent (PfP);Siegel der frommen Zurückhaltung (PvP);Seegnet. Luse-a 1 Derfeesh inchuntment und Creepple-a taerget fue-a 5..15 secunds. Iff un inchuntment vaes remufed, thees skeell rechaerges 50% faester.;4;42;21;10;0;0;1;16;0;0;0;0;0;0;0;
2015;Faermer's Scyzee (PfP);Bauernsense (PvP);Scyzee Aettaeck. Iff thees aettaeck heets, yuoo deael +5..35 daemaege-a. Iff yuoo heet mure-a thun oone-a fue-a, thees aettaeck rechaerges instuntly.;4;41;9;10;0;5;0;20;0;0;0;0;0;0;0;
2016;Inergeteec Vaes Lee-a Sa;Energisch war Lee Sa;Item Spell. Huld Lee-a Sa's aeshes fur 5..15 secunds. Vheele-a yuoo huld her aeshes, yuoo gaeeen +2 Inergy regeneraeshun. Vhee yuoo drup her aeshes, yuoo gaeeen +1..10 Inergy.;4;36;25;8;0;10;2;20;0;0;0;0;0;0;0;
2017;Unzeem ooff Veaereeness;Hymne der Müdigkeit;Chunt. Fur 8 secunds, zee next aettaeck skeell used by iaech aelly veetheen iaershut aelsu cooses Veaekness fur 1..16 secunds.;4;38;13;9;0;5;1;10;0;0;0;0;0;0;0;
2018;Unzeem ooff Deesroopshun (PfP);Hymne der Störung (PvP);Chunt. Fur 1..10 secunds, zee next aettaeck skeell used by iaech aelly veetheen iaershut aelsu interroopts un aecshun.;4;38;13;9;0;10;2;15;0;0;0;0;0;0;0;
2051;Soommun Spureets;Geister herbeirufen (Luxon);Spell. Aell spureets yuoo cuntrul Shaedoo Step tu yuoor lucaeshun, und gaeeen 60..100 Heaelt;2;-4;22;8;0;5;.25;5;0;0;0;1;0;0;0;
2052;Shaedoo Fung;Schattenfangzahn;Hex Spell. Shaedoo Step tu taerget fue-a. Fur 10 secunds, thees hex dues nutheeng. Vhee thees hex inds, yuoo retoorn tu yuoor ooreegeenael lucaeshun und thaet fue-a sooffffers frum a Deep Vuoond fur 5..20 secunds.;4;30;24;7;0;10;.25;20;0;0;0;0;0;0;0;
2053;Caelcoolaeted Reesk (PfP);Kalkuliertes Risiko (PvP);Hex Spell. Fur 3..12 secunds, taerget fue-a's aettaecks du +10 daemaege-a, boot zeere-a is a 50% chunce-a thaet zee daemaege-a frum iaech aettaeck veell be-a dune-a tu thaet fue-a insteaed. (Maexeemoom 15..60 daemaege-a.);4;1;24;5;0;10;1;12;0;0;0;0;0;0;0;
2054;Shreenkeeng Aermur;Schrumpfende Rüstung;Hex Spell. Fur 10 secunds, taerget fue-a sooffffers frum -1..4 Heaelt degeneraeshun. Vhee thees hex inds, thaet fue-a haes Craecked Aermur fur 5..20 secunds.;4;1;24;5;0;5;1;8;0;0;0;0;0;0;0;
2055;Uneoorysm;Aneurysma;Spell. Taerget fue-a regaeeens aell Inergy. Fur iaech pueent ooff Inergy gaeeened in thees vaey, thaet fue-a taekes 1..3 daemaege-a und aell aedjaecent fues luse-a 1 Inergy. (Maexeemoom 1..30 Inergy lust).;4;2;22;5;0;5;1;5;0;0;0;0;0;0;0;
2056;Vundereeng Iye-a (PfP);Wanderndes Auge (PvP);Hex Spell. Fur 4 secunds, zee next teeme-a taerget fue-a aettaecks, thaet aettaeck is interroopted und aell neaerby fues taeke-a 10..92 daemaege-a.;4;1;24;5;0;10;2;12;0;0;0;0;0;0;0;
2057;Fuool Feaest;Widerliches Gelage;Spell. Aell cundeeshuns aere-a trunsfferred frum taerget oozeer aelly tu yuoorselff. Fur iaech cundeeshun aecqooured in thees vaey, yuoo gaeeen 0..45 Heaelt und 2..4 Inergy. Thees skeell rechaerges tveece-a aes faest iff yuoo remufe-a Deeseaese-a frum yuoor taerget.;4;6;22;4;0;5;.25;4;0;0;0;0;0;0;0;
2058;Pootreed Beele-a;Verwesende Galle;Hex Spell. Fur 5..25 secunds, taerget fue-a sooffffers -1..3 Heaelt degeneraeshun. Iff thaet fue-a deees vheele-a under zee iffffects ooff thees hex, aell neaerby fues taeke-a 25..85 daemaege-a.;4;5;24;4;0;10;1;12;0;0;0;0;0;0;0;
2059;Shell Shuck;Kriegsneurose;Spell. Taerget fue-a is stroock fur 10..30 leeghtneeng daemaege-a und haes Craecked Aermur fur 5..20 secunds. Thees spell haes 25% aermur penetraeshun. Iff yuoo aere-a Oofercaest, thees spell streekes aedjaecent fues.;4;8;22;6;0;5;1;8;0;0;0;0;0;0;0;
2060;Glyph ooff Immulaeshun;Glyphe der Aufopferung;Glyph. Fur 15 secunds, yuoor next 1..4 spells thaet target a fue-a aelsu cause Boorneeng fur 1..4 secunds.;4;10;16;6;0;5;1;10;0;0;0;0;0;0;0;
2061;Paeteeent Spureet;Geduldiger Geist;Inchuntment Spell. Fur 2 secunds, taerget aelly is inchunted veet Paeteeent Spureet. Unless thees inchuntment inds premaetoorely, thaet aelly is heaeled fur 30..120 Heaelt vhee zee inchuntment inds.;4;13;23;3;0;5;.25;4;0;0;0;0;0;0;0;
2062;Heaeleeng Reebbun;Heilendes Band;Spell. Taerget oozeer aelly is heaeled fur 20..110 Heaelt. Up tu 2 aeddeeshunael aelleees neaer taerget aelly aere-a heaeled fur 10..100 Heaelt.;4;13;22;3;0;10;1;5;0;0;0;0;0;0;0;
2063;Oora ooff Staebeeleety;Aura der Stabilität;Inchuntment Spell. Fur 3..8 secunds, taerget oozeer aelly cunnut be-a knucked doon.;4;15;23;3;0;5;.25;12;0;0;0;0;0;0;0;
2064;Sputless Meend;Makelloser Verstand;Inchuntment Spell. Fur 1..15 secunds, taerget oozeer aelly luses a hex ifery 5 secunds.;4;13;23;3;0;5;.25;12;0;0;0;0;0;0;0;
2065;Sputless Suool;Makellose Seele;Inchuntment Spell. Fur 1..15 secunds, taerget oozeer aelly luses a cundeeshun ifery 3 secunds. Bork! Bork! Bork!;4;13;23;3;0;5;.25;12;0;0;0;0;0;0;0;
2066;Deesaerm;Entwaffnen;Svurd Aettaeck. Interroopt taerget fue-a's aecshun. Iff thaet aecshun vaes un aettaeck, aell ooff thaet fue-a's aettaeck skeells aere-a deesaebled fur 0..3 secunds.;4;17;10;1;0;5;.5;20;0;0;0;0;0;0;0;
2067;"I Meunt tu Du Thaet!";"Das war Absicht!";Shuoot. Iff yuoo aere-a knucked doon, yuoo gaeeen 1..6 streeke-as ooff aedrenaeleene-a.;4;17;20;1;0;5;0;8;0;0;0;0;0;0;0;
2068;Raepeed Fure-a;Schnellfeuer;Prepaeraeshun. Fur 5..25 secunds, yuoo aettaeck 33% faester vheele-a veeeldeeng a boo.;4;25;17;2;0;5;2;12;0;0;0;0;0;0;0;
2069;Slooth Hoonter's Shut (PfP);Schuss des Faultierjägers (PvP);Boo Aettaeck. Iff thees aettaeck heets, taerget fue-a taekes +5..15 daemaege-a. Iff thaet fue-a is nut useeng a skeell, Slooth Hoonter's Shut dues un aeddeeshunael +5..20 daemaege-a.;4;25;2;2;0;10;0;15;0;0;0;0;0;0;0;
2070;Oora Sleecer (PfP);Auraschneider (PvP);Melee-a Aettaeck. Iff thees aettaeck heets, yuoo inffleect Bleedeeng fur 5..15 secunds. Iff yuoo aere-a inchunted, yuoo aelsu inffleect Craecked Aermur fur 1..10 secunds.;4;44;3;10;0;0;0;0;5;0;0;0;0;0;0;
2071;Zeaeluoos Sveep;Eifriger Schwung;Scyzee Aettaeck. Iff thees aettaeck heets, yuoo deael +5..20 daemaege-a. Yuoo gaeeen 3 Inergy und 1 streeke-a ooff aedrenaeleene-a fur iaech fue-a yuoo heet.;4;41;9;10;0;5;0;10;0;0;0;0;0;0;0;
2072;Poore-a Vaes Lee Meeng;Rein war Li Ming;Item Spell. Huld Lee Meeng's aeshes fur 5..20 secunds. Vheele-a yuoo huld her aeshes, cundeeshuns oon yuoo ixpure-a 10..50% faester. Vhee yuoo drup her aeshes, aell aelleees veetheen iaershut luse-a 1..4 cundeeshuns.;4;33;25;8;0;5;1;20;0;0;0;0;0;0;0;
2073;Veaepun ooff Aeggresseeun;Waffe der Aggression;Veaepun Spell. Fur 5..15 secunds, yuoo aettaeck 25% faester.;4;34;27;8;0;10;.25;10;0;0;0;0;0;0;0;
2074;Chest Thoomper;Brusttrommler;Speaer Aettaeck. Iff thees aettaeck heets a fue-a veet Craecked Aermur, thaet fue-a sooffffers a Deep Vuoond fur 5..20 secunds.;4;37;12;9;0;5;0;5;0;0;0;0;0;0;0;
2075;Haesty Reffraeeen;Hastiger Refrain;Ichu. Fur 8..20 secunds, taerget aelly mufes 25% faester. Thees ichu is reaeppleeed ifery teeme-a a chunt oor shuoot inds oon thaet aelly.;4;40;14;9;0;5;1;10;0;0;0;0;0;0;0;
2091;Shaedoo Sunctooaery;Schattenzuflucht (Kurzick);Inchuntment Spell. Yuoo aere-a Bleended fur 5 secunds. Fur 10 secunds, yuoo gaeeen +7..10 Heaelt regeneraeshun und +40 aermur.;2;-5;23;7;0;5;.25;30;0;0;0;1;0;0;0;
2092;Izeer Neeghtmaere-a;Äther-Alptraum (Kurzick);Hex Spell. Taerget fue-a luses 5..8 Inergy. Fur iaech pueent ooff Inergy lust in thees vaey, thaet fue-a und aell fues in zee aerea sooffffer -1 Heaelt degeneraeshun fur 10 secunds.;2;-5;24;5;0;10;3;25;0;0;0;1;0;0;0;
2093;Seegnet ooff Curroopshun;Siegel der Verdorbenheit (Kurzick);Seegnet. Taerget fue-a und aell neaerby fues taeke-a 20..30 daemaege-a. Fur iaech aeffffected fue-a sooffffereeng frum a cundeeshun oor hex, yuoo gaeeen 2 Inergy (maexeemoom 12..20 Inergy).;2;-5;21;4;0;0;1;20;0;0;0;1;0;0;0;
2094;Ilementael Lurd;Elementarlord (Kurzick);Inchuntment Spell. Fur 40..60 secunds, yuoor ilementael aettreebootes aere-a buusted by 1. Iaech teeme-a yuoo caest a spell, yuoo gaeeen 1 Inergy fur ifery 10 runks ooff Inergy Sturaege-a und aere-a heaeled fur 100..300% ooff zee spell's Inergy cust.;2;-5;23;6;0;5;.25;45;0;0;0;1;0;0;0;
2095;Selffless Spureet;Selbstloser Geist (Kurzick);Inchuntment Spell. Fur 15..20 secunds, spells yuoo caest thaet taerget unuzeer aelly cust 3 less Inergy.;2;-5;23;3;0;5;.25;45;0;0;0;1;0;0;0;
2096;Treeple-a Shut;Dreifachschuss (Kurzick);Boo Aettaeck. Shuut 3 aerroos seemooltuneuoosly aet taerget fue-a. Zeese-a aerroos deael 40..25% less daemaege-a.;2;-5;2;2;0;10;0;10;0;0;0;1;0;0;0;
2097;"Saefe-a Yuoorselfes!";"Rettet Euch selbst!" (Kurzick);Shuoot. Fur 4..6 secunds, aell oozeer paerty members gaeeen +100 aermur.;2;-5;20;1;0;0;0;0;8;0;0;1;0;0;0;
2098;Oora ooff Huly Meeght;Aura der Heiligen Macht (Kurzick);Inchuntment Spell. Fur 45 secunds, yuoo deael 20..25 huly daemaege-a tu aell aedjaecent fues vhenefer yuoo luse-a a Derfeesh inchuntment.;2;-5;23;10;0;10;.75;30;0;0;0;1;0;0;0;
2099;Speaer ooff Foory;Speer der Wut (Kurzick);Speaer Aettaeck. Thees aettaeck deaels +30..40 daemaege-a. Iff thees aettaeck heets a fue-a sooffffereeng frum a cundeeshun, yuoo gaeeen 3..6 streeke-as ooff aedrenaeleene-a.;2;-5;12;9;0;5;1;8;0;0;0;1;0;0;0;
2100;Soommun Spureets;Geister herbeirufen (Kurzick);Spell. Aell spureets yuoo cuntrul Shaedoo Step tu yuoor lucaeshun, und gaeeen 60..100 Heaelt;2;-5;22;8;0;5;.25;5;0;0;0;1;0;0;0;
2101;Creeteecael Aegeeleety;Kritische Beweglichkeit;Inchuntment Spell. Fur 4 secunds und 1 secund fur iaech runk ooff Creeteecael Streekes, yuoo aettaeck 33% faester und gaeeen +15..25 aermur. Thees skeell reaeppleees itselff ifery teeme-a yuoo lund a creeteecael heet.;3;-2;23;7;0;5;1;30;0;0;0;1;0;0;0;
2102;Cry ooff Paeeen;Schmerzensschrei;Spell. Interroopt taerget fue-a's skeell. Iff thaet fue-a vaes sooffffereeng frum a Mesmer hex, thaet fue-a und aell fues in zee aerea taeke-a 25..50 daemaege-a und haefe-a 3..5 Heaelt degeneraeshun fur 10 secunds.;3;-2;22;5;0;10;.25;15;0;0;0;1;0;0;0;
2103;Necrusees;Nekrose;Skeell. Iff taerget fue-a is sooffffereeng frum a cundeeshun oor hex, thaet fue-a sooffffers 60..90 daemaege-a.;3;-2;1;4;0;5;1;2;0;0;0;1;0;0;0;
2104;Intenseety;Intensität;Skeell. Fur 10 secunds, zee next teeme-a yuoo deael ilementael daemaege-a veet a spell tu a taerget, yuoo deael 60..70% ooff thaet daemaege-a tu aell oozeer fues in zee aerea.;3;-2;1;6;0;5;0;10;0;0;0;1;0;0;0;
2105;Seed ooff Leeffe-a;Lebenssaat;Inchuntment Spell. Fur 2..5 secunds, vhenefer taerget oozeer aelly taekes daemaege-a, aell paerty members aere-a heaeled fur 2 Heaelt fur iaech runk in Deefeene-a Faefur.;3;-2;23;3;0;5;.25;20;0;0;0;1;0;0;0;
2107;Vhurlveend Aettaeck;Wirbelsturmangriff;Melee-a Aettaeck. Aettaeck taerget und aedjaecent fues. Iaech aettaeck thaet heets deaels +13..20 daemaege-a.;3;-2;3;1;0;0;0;1;5.2;0;0;1;0;0;0;
2108;Nefer Raempaege-a Aelune-a;Tobt niemals allein;Skeell. Fur 18..25 secunds, yuoo und yuoor pet aettaeck 25% faester und haefe-a +1..3 Heaelt regeneraeshun.;3;-2;1;2;0;15;0;20;0;0;0;1;0;0;0;
2109;Iternael Oora;Ewige Aura;Inchuntment Spell. Yuoo haefe-a +100 maex Heaelt. Vhee thees inchuntment inds, aell paerty members in zee aerea aere-a resoorrected veet 40..50% Heaelt und 20..30% Inergy.;3;-2;23;10;0;15;4;30;0;0;0;1;0;0;0;
2110;Faempureesm;Vampirismus;Beendeeng Reetooael. Creaete-a a lefel 4..14 spureet thaet deees aeffter 75..150 secunds. Aettaecks by thees spureet steael up tu 10..20 Heaelt, und yuoo aere-a heaeled fur 10..20 Heaelt.;3;-2;18;8;0;10;.75;30;0;0;0;1;0;0;0;
2112;"Zeere-a's Nutheeng tu Feaer!";"Es gibt nichts zu befürchten!";Shuoot. Fur 4 secunds ploos 1 secund fur ifery 2 runks in Leaedersheep, aell paerty members veetheen iaershut taeke-a 20..35% less daemaege-a. Aeffffected paerty members aere-a heaeled fur 35..60 Heaelt vhee thees shuoot inds.;3;-2;20;9;0;15;0;20;0;0;0;1;0;0;0;
2116;Sneaek Aettaeck;Überraschungsangriff;Melee-a Aettaeck. Iff thees aettaeck heets, taerget fue-a is Bleended fur 5..8 secunds. Thees aettaeck cuoonts aes a leaed aettaeck.;4;-8;3;0;0;5;0;5;0;0;0;1;0;0;0;
2135;Traempleeng Oox;Trampelnder Ochse;Dooael Aettaeck. Moost fulloo un ooffff-hund aettaeck. Iff it heets, yuoo deael +5..20 daemaege-a. Iff yuoo a heet a Creeppled fue-a, thaet fue-a is knucked doon.;4;29;7;7;0;5;0;8;0;0;0;0;0;0;0;
2136;Smuke-a Pooder Deffense-a;Rauchpulver-Verteidigung;Stunce-a. Fur 8 secunds, zee next teeme-a yuoo aere-a stroock, yuoo taeke-a haelff daemaege-a und aell aedjaecent fues aere-a Bleended fur 2..6 secunds.;4;31;29;7;0;5;0;20;0;0;0;0;0;0;0;
2137;Cunffooseeng Imaeges;Verwirrende Bilder;Hex Spell. Fur 2..10 secunds, taerget fue-a taekes tveece-a aes lung tu aecteefaete-a nun-aettaeck skeells.;4;1;24;5;0;10;1;20;0;0;0;0;0;0;0;
2138;Hexer's Feegur;Lebenskraft des Verhexers;Inchuntment Spell. Fur 10 secunds, yuoo haefe-a +1..8 Heaelt regeneraeshun. Hexer's Feegur inds iff yuoo caest a nun-hex skeell.;4;6;23;4;0;5;.25;10;0;0;0;0;0;0;0;
2139;Maesucheesm (PfP);Masochismus (PvP);Inchuntment Spell. Fur 30 secunds, yuoo gaeeen 1..3 Inergy vhenefer yuoo saecreeffeece-a Heaelt.;4;6;23;4;0;5;1;20;0;0;0;0;0;0;0;
2140;Peeerceeng Traep;Durchbohrende Falle;Traep. Vhee Peeerceeng Traep is treeggered, aell neaerby fues aere-a stroock fur 5..50 peeerceeng daemaege-a. Uny fues veet Craecked Aermur aere-a stroock fur un aeddeeshunael 15..60 daemaege-a. Peeerceeng Traep inds aeffter 90 secunds. Vheele-a aecteefaeteeng thees skeell, yuoo aere-a iaeseely interroopted.;4;24;30;2;0;10;2;30;0;0;0;0;0;0;0;
2141;Cumpuneeunsheep;Kameradschaft;Skeell. Iff yuoo haefe-a less Heaelt thun yuoor pet, yuoo aere-a heaeled fur 30..120 Heaelt. Iff yuoor pet haes less Heaelt thun yuoo, it is heaeled fur 30..120 Heaelt.;4;22;1;2;0;5;2;10;0;0;0;0;0;0;0;
2142;Ferael Aeggresseeun;Wilde Aggression;Skeell. Fur 5..20 secunds, yuoor pet aettaecks 33% faester und deaels 3..10 aeddeeshunael daemaege-a.;4;22;1;2;0;15;0;20;0;0;0;0;0;0;0;
2143;Deesroopteeng Shut;Unterbrechender Schuss;Boo Aettaeck. Iff thees aettaeck heets, taerget fue-a's aecshun is interroopted. Iff thaet aecshun vaes a skeell, yuoo streeke-a fur +10..40 daemaege-a.;4;25;2;2;0;10;.5;15;0;0;0;0;0;0;0;
2144;Fulley;Salve;Boo Aettaeck. Aell yuoor prepaeraeshuns aere-a remufed. Shuut aerroos aet taerget fue-a und up tu 3 fue-as aedjaecent tu yuoor taerget. Zeese-a aerroos streeke-a fur +1..10 daemaege-a iff zeey heet.;4;25;2;2;0;5;0;2;0;0;0;0;0;0;0;
2145;Ixpert Fucoos;Expertenfokus;Prepaeraeshun. Fur 24 secunds, yuoor boo aettaeck skeells cust 1..2 less Inergy und deael 1..10 ixtra daemaege-a.;4;23;17;2;0;10;2;12;0;0;0;0;0;0;0;
2146;Peeuoos Foory (PfP);Frommer Zorn (PvP);Stunce-a. Remufe-a 1 Derfeesh inchuntment. Fur 1..5 secunds, yuoo aettaeck 25% faester. Iff un inchuntment vaes remufed, thees stunce-a laests tveece-a aes lung.;4;44;29;10;0;5;0;15;0;0;0;0;0;0;0;
2147;Creeppleeng Feectury;Verkrüppelnder Sieg;Scyzee Aettaeck. Iff thees aettaeck heets a fue-a, thaet fue-a is Creeppled fur 3..8 secunds. Iff yuoo haefe-a mure-a Heaelt thun taerget fue-a, aell aedjaecent fues taeke-a 10..30 iaert daemaege-a.;4;41;9;10;0;0;0;0;6;0;0;0;0;0;0;
2148;Soondereeng Veaepun;Trennende Waffe;Veaepun Spell. Fur 4..10 secunds, taerget aelly's next 3 aettaecks haefe-a 10% aermur penetraeshun und coose-a Craecked Aermur fur 5..20 secunds.;4;32;27;8;0;5;1;10;0;0;0;0;0;0;0;
2149;Veaepun ooff Renooael;Waffe der Erneuerung;Veaepun Spell. Fur 5..20 secunds, zee next teeme-a taerget aelly heets veet un aettaeck skeell, thaet aelly gaeeens 1..7 Inergy.;4;36;27;8;0;5;1;10;0;0;0;0;0;0;0;
2150;Maeeemeeng Speaer;Verkrüppelungs-Speer;Speaer Aettaeck. Iff yuoor aettaeck heets a Bleedeeng fue-a, thaet fue-a is Creeppled fur 5..20 secunds.;4;37;12;9;0;5;0;5;0;0;0;0;0;0;0;
2186;Seegnet ooff Deaedly Curroopshun (PfP);Siegel der tödlichen Verdorbenheit (PvP);Seegnet. Moost fulloo a dooael aettaeck. Taerget fue-a taekes 5..35 daemaege-a fur iaech cundeeshun oon thaet fue-a (maexeemoom 130 daemaege-a).;4;30;21;7;0;0;1;12;0;0;0;0;0;0;0;
2187;Vaey ooff zee Maester;Weg des Meisters;Inchuntment Spell. Fur 60 secunds, vheele-a huldeeng a nun-daegger veaepun, yuoo haefe-a un aeddeeshunael 3..33% chunce-a tu lund a creeteecael heet.;4;35;23;7;0;5;.25;30;0;0;0;0;0;0;0;
2188;Deffeele-a Deffenses;Verteidigung entweihen;Hex Spell. Fur 5..20 secunds, zee next teeme-a taerget fue-a blucks, thaet fue-a taekes 30..120 daemaege-a.;4;7;24;4;0;5;1;5;0;0;0;0;0;0;0;
2189;Ungurudun's Gaeze-a;Angorodons Starren;Spell. Steael 10..50 Heaelt frum taerget fue-a. Iff yuoo aere-a sooffffereeng frum a cundeeshun, yuoo gaeeen 3..12 Inergy. Bork! Bork! Bork!;4;6;22;4;0;5;1;10;0;0;0;0;0;0;0;
2190;Maegneteec Soorge-a;Magnetschub;Inchuntment Spell. Taerget fue-a taekes 15..75 daemaege-a. Iff yuoo aere-a Oofercaest, Maegneteec Soorge-a inchunts aell aelleees in iaershut fur 1..5 secunds tu bluck zee next aettaeck aegaeeenst zeem.;4;9;23;6;0;10;1;15;0;0;0;0;0;0;0;
2191;Sleeppery Gruoond (PfP);Rutschiger Boden (PvP);Spell. Iff taerget fue-a is Bleend oor mufeeng, thaet fue-a is knucked doon. (50% faeeeloore-a chunce-a veet Vaeter Maegeec 4 oor less.);4;11;22;6;0;5;1;15;0;0;0;0;0;0;0;
2192;Glooeeng Ice-a;Leuchtendes Eis;Spell. Taerget fue-a is stroock fur 5..50 culd daemaege-a. Iff thaet fue-a is under zee iffffects ooff a Vaeter Maegeec hex, yuoo gaeeen 5 Inergy ploos 1 Inergy fur ifery 2 runks ooff Inergy Sturaege-a.;4;11;22;6;0;5;1;8;0;0;0;0;0;0;0;
2193;Inergy Blaest;Energieexplosion;Spell. Taerget fue-a taekes 1..2 daemaege-a fur iaech pueent ooff Inergy yuoo haefe-a (maexeemoom 130 daemaege-a).;4;12;22;6;0;5;1.5;20;0;0;0;0;0;0;0;
2194;Deestraecteeng Streeke-a;Ablenkender Stoß;Melee-a Aettaeck. Iff Deestraecteeng Streeke-a heets, it deaels nu daemaege-a und interroopts taerget fue-a's aecshun. Iff taerget fue-a haes Craecked Aermur, thaet skeell is deesaebled fur 30 secunds.;4;-1;3;1;0;5;.5;15;0;0;0;0;0;0;0;
2195;Symbuleec Streeke-a;Symbolischer Schlag;Melee-a Aettaeck. Iff thees aettaeck heets, yuoo deael +12 daemaege-a fur iaech seegnet yuoo haefe-a iqooeepped (maexeemoom 70 daemaege-a).;4;-1;3;1;0;0;0;0;3.2;0;0;0;0;0;0;
2196;Suldeeer's Speed;Geschwindigkeit des Soldaten;Stunce-a. Fur 3..18 secunds, yuoo mufe-a 15% faester. Yuoo mufe-a un aeddeeshunael 15% faester vheele-a under zee iffffects ooff a chunt oor shuoot.;4;21;29;1;0;5;0;12;0;0;0;0;0;0;0;
2197;Budy Bloo;Körperschlag;Melee-a Aettaeck. Iff thees aettaeck heets, taerget fue-a taekes +10..40 daemaege-a. Iff taerget fue-a haes Craecked Aermur, thaet fue-a sooffffers frum a Deep Vuoond fur 0..15 secunds.;4;17;3;1;0;0;0;0;6.4;0;0;0;0;0;0;
2198;Budy Shut;Körperschuss;Boo Aettaeck. Iff thees aettaeck heets, yuoo deael +5..20 daemaege-a. Iff it heets a fue-a veet Craecked Aermur, yuoo gaeeen 5..10 Inergy.;4;25;2;2;0;5;0;8;0;0;0;0;0;0;0;
2199;Pueesun Teep Seegnet;Giftspitzen-Siegel;Seegnet. Fur 60 secunds, yuoor next aettaeck aelsu inffleects Pueesun fur 8..15 secunds.;4;24;21;2;0;0;1;6;0;0;0;0;0;0;0;
2200;Seegnet ooff Mysteec Speed;Siegel der mystischen Geschwindigkeit;Seegnet. Fur 30 secunds, yuoor next 1..3 selff-taergeteeng inchuntments caest instuntly. Flaesh inchuntments du nut cunsoome-a uses ooff thees skeell.;4;42;21;10;0;0;1;20;0;0;0;0;0;0;0;
2201;Sheeeld ooff Furce-a;Kraftschild;Flaesh Inchuntment Spell. Fur 1..16 secunds, blucks zee next 1 aettaecks aegaeeenst yuoo. Iff un aettaeck is blucked, aell aedjaecent aettaeckeeng fues aere-a knucked doon und sooffffer frum Veaekness fur 5..20 secunds. Bork! Bork! Bork!;4;43;33;10;0;10;0;12;0;0;0;0;0;0;0;
2202;Mendeeng Greep;Genesungsgriff;Spell. Taerget aelly is heaeled fur 30..90 Heaelt. Iff thaet aelly is under zee iffffects ooff a veaepun spell, thaet aelly luses oone-a cundeeshun.;4;33;22;8;0;5;1;4;0;0;0;0;0;0;0;
2203;Spureetleech Oora;Geistsauger-Aura;Skeell. Fur 5..20 secunds, aell ooff yuoor spureets veetheen iaershut deael 5..20 less daemaege-a und steael 5..20 Heaelt vhee zeey aettaeck.;4;33;1;8;0;5;.25;20;0;0;0;0;0;0;0;
2204;Rejoofenaeshun (PfP);Verjüngung (PvP);Beendeeng Reetooael. Creaete-a a lefel 1..16 spureet. Thees spureet heaels aell paerty members veetheen iaershut fur 3..10 Heaelt iaech secund. Thees spureet luses 3..10 Heaelt fur iaech paerty member heaeled in thees vaey. Thees spureet deees aeffter 30..90 secunds.;4;33;18;8;0;10;3;30;0;0;0;0;0;0;0;
2205;Aeguny (PfP);Todesqual (PvP);Beendeeng Reetooael. Creaete-a a lefel 1..8 spureet. Thees spureet cooses 3..10 Heaelt luss iaech secund tu fues veetheen iaershut. Thees spureet luses 3..10 Heaelt fur iaech fue-a hoort in thees vaey. Thees spureet deees aeffter 30..90 secunds.;4;34;18;8;0;10;3;30;0;0;0;0;0;0;0;
2206;Ghustly Veaepun;Geisterwaffe;Veaepun Spell. Fur 5..20 secunds, taerget oozeer aelly's next aettaeck cunnut be-a blucked.;4;32;27;8;0;3;.25;1;0;0;0;0;0;0;0;
2207;Inspuraeshunael Speech;Inspirative Rede;Skeell. Yuoo luse-a aell aedrenaeleene-a und taerget oozeer aelly gaeeens 1..8 streeke-as ooff aedrenaeleene-a.;4;39;1;9;0;5;0;10;0;0;0;0;0;0;0;
2208;Boorneeng Sheeeld;Brennender Schild;Skeell. Fur 3..9 secunds, vheele-a veeeldeeng a sheeeld, zee next aettaeck skeell used aegaeeenst yuoo is blucked. Iff it vaes a melee-a aettaeck, yuoor aettaecker is set oon fure-a fur 1..6 secunds.;4;40;1;9;0;5;0;20;0;0;0;0;0;0;0;
2209;Huly Speaer;Heiliger Speer;Speaer Aettaeck. Iff thees aettaeck heets, yuoo deael +5..20 daemaege-a. Iff it heets a soommuned creaetoore-a, aell neaerby fues taeke-a 15..90 huly daemaege-a, und aere-a set oon fure-a fur 3 secunds.;4;37;12;9;0;0;0;0;4;0;0;0;0;0;0;
2210;Speaer Sveepe-a;Speerschlag;Speaer Aettaeck. Iff thees aettaeck heets, yuoo deael +5..20 daemaege-a und taerget fue-a is Daezed fur 4..10 secunds. Thees aettaeck haes melee-a runge-a.;4;40;12;9;0;5;0;20;0;0;0;0;0;0;0;
2211;Aelkaer's Aelchemeecael Aeceed;Alkars Alchemiesäure;Spell. Throo Aelkaer's Aelchemeecael Aeceed aet taerget fue-a. Taerget und aedjaecent fues aere-a stroock fur 40..50 daemaege-a. Destruyers taeke-a un aeddeeshunael 45..70 daemaege-a und zeey haefe-a Craecked Aermur fur 14..20 secunds.;4;-7;22;0;0;10;1;10;0;0;0;1;0;0;0;
2212;Leeght ooff Deldreemur;Licht von Deldrimor;Spell. Aell fues in zee aerea aere-a stroock fur 55..80 huly daemaege-a. Zee lucaeshun ooff heeddee oobjects aere-a breeeffly indeecaeted oon yuoor Cumpaess. Uny heeddee oobjects in zee aerea aere-a refeaeled.;4;-7;22;0;0;5;.75;20;0;0;0;1;0;0;0;
2213;Iaer Beete-a;Ohrenbiss;Skeell. Taerget tuooched fue-a taekes 50..70 peeerceeng daemaege-a und begeens Bleedeeng fur 15..25 secunds.;4;-7;1;0;0;0;.75;0;4;0;0;1;0;0;0;
2214;Loo Bloo;Unter der Gürtellinie;Skeell. Streeke-a taerget fue-a fur 45..70 daemaege-a. Iff taerget fue-a is knucked doon, thaet fue-a taekes un aeddeeshunael 30..50 daemaege-a und sooffffers frum Craecked Aermur fur 14..20 secunds.;4;-7;1;0;0;0;.75;0;6;0;0;1;0;0;0;
2215;Braevleeng Heaedboott;Rauf-Kopfstoß;Skeell. Yuoo heaedboott taerget tuooched fue-a, deaeleeng 45..70 daemaege-a und knuckeeng doon thaet fue-a iff it heets. Bork! Bork! Bork!;4;-7;1;0;0;0;.75;0;7;0;0;1;0;0;0;
2216;"Dun't Treep!";"Stolpert nicht!";Shuoot. Fur 3..5 secunds, paerty members veetheen iaershut cunnut be-a knucked doon.;4;-7;20;0;0;5;0;20;0;0;0;1;0;0;0;
2217;"By Urael's Haemmer!";"Bei Urals Hammer!";Shuoot. Fur 30 secunds, aell deaed paerty members in iaershut aere-a resoorrected veet fooll Heaelt und Inergy. Resoorrected paerty members deael 25..33% mure-a daemaege-a. Vhee thees iffffect inds, aeffffected paerty members deee-a. Thees skeell dues nut incoor a deaet penaelty.;4;-7;20;0;0;5;0;60;0;0;0;1;0;0;0;
2218;Droonkee Maester;Betrunkener Meister;Stunce-a. Fur 72..90 secunds, yuoor mufement und aettaeck speeds aere-a increaesed by 10..15%. Iff yuoo aere-a droonk vheele-a aecteefaeteeng thees skeell, yuoor mufement und aettaeck speeds aere-a increaesed by 25..33% insteaed.;4;-7;29;0;0;5;0;60;0;0;0;1;0;0;0;
2219;Greaet Dvaerff Veaepun;Waffe des Großen Zwergs;Veaepun Spell. Fur 20 secunds, taerget oozeer aelly's veaepun streekes fur +15..20 daemaege-a und haes a 28..40% chunce-a tu coose-a knuck doon. Bork! Bork! Bork!;4;-7;27;0;0;10;1;5;0;0;0;1;0;0;0;
2220;Greaet Dvaerff Aermur;Rüstung des Großen Zwergs;Inchuntment Spell. Fur 22..40 secunds, taerget aelly haes +24 aermur, +60 maexeemoom Heaelt, und un aeddeeshunael +24 aermur aegaeeenst Destruyers.;4;-7;23;0;0;5;1;10;0;0;0;1;0;0;0;
2221;Breaet ooff zee Greaet Dvaerff;Atem des Großen Zwergs;Spell. Aell paerty members aere-a releeefed ooff Boorneeng und aere-a heaeled fur 50..60 Heaelt.;4;-7;22;0;0;10;.25;15;0;0;0;1;0;0;0;
2222;Snoo Sturm;Schneesturm;Spell. Creaete-a a Snoo Sturm aet taerget fue-a's lucaeshun. Fur 5 secunds, fues aedjaecent tu thaet lucaeshun aere-a stroock fur 30..40 culd daemaege-a iaech secund.;4;-7;22;0;0;10;1;10;0;0;0;1;0;0;0;
2223;Blaeck Pooder Meene-a;Schwarzpulvermine;Traep. Vhee Blaeck Pooder Meene-a is treeggered, aell neaerby fues aere-a stroock fur 20..30 daemaege-a, becume-a Bleended, und begeen Bleedeeng fur 7..10 secunds. Blaeck Pooder Meene-a inds aeffter 90 secunds. Vheele-a aecteefaeteeng thees skeell, yuoo aere-a iaeseely interroopted.;4;-7;30;0;0;10;2;20;0;0;0;1;0;0;0;
2224;Soommun Moorsaeaet;Mursaat herbeirufen;Spell. Soommun a lefel 14..20 Moorsaeaet thaet leefes fur 40..60 secunds und haes Inerfaeteeng Chaerge-a. Oonly 1 Aesoora Soommun cun be-a aecteefe-a aet a teeme-a.;4;-6;22;0;0;10;3;60;0;0;0;1;0;0;0;
2225;Soommun Rooby Djeenn;Rubin-Dschinn herbeirufen;Spell. Soommun a lefel 14..20 Rooby Djeenn thaet leefes fur 40..60 secunds und haes Immulaete-a. Oonly 1 Aesoora Soommun cun be-a aecteefe-a aet a teeme-a.;4;-6;22;0;0;10;3;60;0;0;0;1;0;0;0;
2226;Soommun Ice-a Imp;Eis-Kobold herbeirufen;Spell. Soommun a lefel 14..20 Ice-a Imp thaet leefes fur 40..60 secunds und haes Ice-a Speekes. Oonly 1 Aesoora Soommun cun be-a aecteefe-a aet a teeme-a.;4;-6;22;0;0;10;3;60;0;0;0;1;0;0;0;
2227;Soommun Naega Shaemun;Naga-Schamanen herbeirufen;Spell. Soommun a lefel 14..20 Naega Shaemun thaet leefes fur 40..60 secunds und haes Stuneeng. Oonly 1 Aesoora Soommun cun be-a aecteefe-a aet a teeme-a.;4;-6;22;0;0;10;3;60;0;0;0;1;0;0;0;
2228;Defft Streeke-a;Geschickter Schlag;Runged Aettaeck. Iff thees aettaeck heets, taerget fue-a taekes 18..30 daemaege-a. Iff thaet fue-a haes Craecked Aermur, it begeens Bleedeeng fur 18..30 secunds.;4;-8;31;0;0;5;.5;8;0;0;0;1;0;0;0;
2229;Seegnet ooff Inffecshun;Siegel der Infektion;Seegnet. Iff taerget fue-a is Bleedeeng, thaet fue-a is Deeseaesed fur 13..20 secunds.;4;-8;21;0;0;0;1;10;0;0;0;1;0;0;0;
2230;Tryptuphun Seegnet;Tryptophan-Siegel;Seegnet. Fur 14..20 secunds, taerget fue-a und aell aedjaecent fues mufe-a und aettaeck 23..40% slooer. Bork! Bork! Bork!;4;-8;21;0;0;0;1;15;0;0;0;1;0;0;0;
2231;Ibun Baettle-a Stundaerd ooff Cuooraege-a;Ebon-Kampfstandarte des Mutes;Vaerd Spell. Yuoo plunt un Ibun Baettle-a Stundaerd ooff Cuooraege-a aet yuoor coorrent lucaeshun. Fur 14..20 secunds, nun-spureet aelleees in thees aerea gaeeen +24 aermur und un aeddeeshunael +24 aermur aegaeeenst Chaerr.;4;-8;26;0;0;10;1;20;0;0;0;1;0;0;0;
2232;Ibun Baettle-a Stundaerd ooff Veesdum;Ebon-Kampfstandarte der Weisheit;Vaerd Spell. Yuoo plunt un Ibun Baettle-a Stundaerd ooff Veesdum aet yuoor coorrent lucaeshun. Fur 14..20 secunds, nun-spureet aelleees in thees aerea haefe-a a 44..60% chunce-a tu haelfe-a zee rechaerge-a teeme-a ooff spells zeey caest. Bork! Bork! Bork!;4;-8;26;0;0;10;1;20;0;0;0;1;0;0;0;
2233;Ibun Baettle-a Stundaerd ooff Hunur;Ebon-Kampfstandarte der Ehre;Vaerd Spell. Yuoo plunt un Ibun Baettle-a Stundaerd ooff Hunur aet yuoor coorrent lucaeshun. Fur 14..20 secunds, nun-spureet aelleees in thees aerea streeke-a fur +8..15 daemaege-a und un aeddeeshunael +7..10 aegaeeenst Chaerr.;4;-8;26;0;0;10;1;20;0;0;0;1;0;0;0;
2234;Ibun Fungooaerd Sneeper Sooppurt;Ebon-Vorhut-Heckenschützen-Unterstützung;Spell. Taerget fue-a is stroock fur 54..90 peeerceeng daemaege-a und begeens Bleedeeng fur 5..25 secunds. Thees aettaeck haes a 10% chunce-a ooff dueeng un aeddeeshunael 540..900 peeerceeng daemaege-a. Iff thees aettaeck heets a Chaerr it haes a 25% chunce-a ooff dueeng un aeddeeshunael 540..900 peeerceeng daemaege-a. Bork! Bork! Bork!;4;-8;22;0;0;10;1;15;0;0;0;1;0;0;0;
2235;Ibun Fungooaerd Aessaesseen Sooppurt;Ebon-Vorhut-Assassinen-Unterstützung;Spell. Soommun a lefel 14..20 Ibun Fungooaerd Aessaesseen thaet haes Irun Paelm, Fux Fungs, und Neene-a Taeeel Streeke-a. Thees soommuned Aessaesseen Shaedoo Steps tu taerget fue-a. Iff taerget fue-a is a Chaerr, zee Aessaesseen leefes fur 24..30 secunds. Iff taerget fue-a is nut a Chaerr, zee Aessaesseen leefes fur 12..15 secunds.;4;-8;22;0;0;10;1;30;0;0;0;1;0;0;0;
2236;Vell ooff Rooeen;Brunnen des Ruins;Vell Spell. Ixplueet neaerest curpse-a oor saecreeffeece-a 66% heaelt tu creaete-a a Vell ooff Rooeen aet its lucaeshun. Fur 5..30 secunds, vhenefer a fue-a in zee vell taekes physeecael daemaege-a, thaet fue-a haes Craecked Aermur fur 5..20 secunds.;4;7;28;4;0;10;1;20;0;0;0;0;0;0;0;
2237;Aetruphy;Schwund;Hex Spell. Fur 3..7 secunds, taerget fue-a's preemaery aettreeboote-a is redooced tu 0.;4;7;24;4;0;10;1;20;0;0;0;0;0;0;0;
2238;Speaer ooff Redempshun;Speer der Erlösung;Speaer Aettaeck. Iff thees aettaeck heets, yuoo deael +5..20 daemaege-a. Iff it faeeels tu heet, yuoo luse-a oone-a cundeeshun.;4;37;12;9;0;0;0;0;3;0;0;0;0;0;0;
2353;"Feeneesh Heem!";"Erledigt ihn!";Shuoot. Iff taerget fue-a haes less thun 50% Heaelt, thaet fue-a taekes 44..80 daemaege-a und sooffffers frum Craecked Aermur und a Deep Vuoond fur 12..20 secunds.;4;-9;20;0;0;10;0;15;0;0;0;1;0;0;0;
2354;"Dudge-a Thees!";"Weicht aus!";Shuoot. Fur 16..20 secunds, yuoor next aettaeck cunnut be-a blucked und dues +14..20 daemaege-a.;4;-9;20;0;0;0;0;0;4;0;0;1;0;0;0;
2355;"I Aem zee Strungest!";Ich bin am stärksten!;Shuoot. Yuoor next 5..8 aettaecks du un aeddeeshunael +14..20 daemaege-a.;4;-9;20;0;0;5;0;20;0;0;0;1;0;0;0;
2356;"I Aem Unstuppaeble-a!";"Ich bin unaufhaltbar!";Shuoot. Fur 16..20 secunds, yuoo haefe-a +24 aermur und cunnut be-a knucked doon oor Creeppled.;4;-9;20;0;0;5;0;30;0;0;0;1;0;0;0;
2357;A Tuooch ooff Gooeele-a;Ein Funken Arglist;Hex Spell. Taerget tuooched fue-a taekes 44..80 daemaege-a. Iff taerget fue-a vaes knucked doon, thaet fue-a cunnut aettaeck fur 5..8 secunds.;4;-9;24;0;0;5;.75;15;0;0;0;1;0;0;0;
2358;"Yuoo Mufe-a Leeke-a a Dvaerff!";"Ihr bewegt Euch wie ein Zwerg!";Shuoot. Taerget fue-a is knucked doon und taekes 44..80 daemaege-a. Thaet fue-a is aelsu Creeppled fur 8..15 secunds.;4;-9;20;0;0;10;0;10;0;0;0;1;0;0;0;
2359;"Yuoo Aere-a Aell Veaekleengs!";"Ihr seid alle Schwächlinge!";Shuoot. Taerget fue-a und fues aedjaecent tu taerget aere-a Veaekened fur 8..12 secunds.;4;-9;20;0;0;5;0;12;0;0;0;1;0;0;0;
2360;Feel Nu Paeeen;Den Schmerz nicht spüren;Skeell. Fur 30 secunds yuoo haefe-a +2..3 Heaelt regeneraeshun. Iff yuoo aere-a droonk vhee aecteefaeteeng thees skeell, yuoo aelsu haefe-a +200..300 maexeemoom Heaelt.;4;-9;1;0;0;5;0;20;0;0;0;1;0;0;0;
2361;Cloob ooff a Thuoosund Beaers;Tausend-Bären-Prügel;Melee-a Aettaeck. Iff thees aettaeck heets, it deaels +6..9 daemaege-a fur iaech aedjaecent fue-a (maexeemoom 60 daemaege-a). Iff taerget fue-a is nun-hoomun it is knucked doon.;4;-9;3;0;0;5;0;12;0;0;0;1;0;0;0;
2374;Ursun Blesseeng;Segen der Bärin;Ileete-a Furm. Yuoo luse-a aell iffffects und taeke-a oon zee aespect ooff zee beaer. Fur 60 secunds, yuoo haefe-a 100 aermur und 750..800 Heaelt. Aell yuoor aettreebootes aere-a set tu 0 und beaer aettaecks replaece-a yuoor skeells.;4;-9;15;0;0;10;0;60;0;0;1;1;0;0;0;
2379;Fulffee Blesseeng;Segen des Wolfes;Ileete-a Furm. Yuoo luse-a aell iffffects und taeke-a oon zee aespect ooff zee vulff. Fur 60 secunds, yuoo haefe-a 80 aermur, 660..700 Heaelt, und 2..4 Heaelt regeneraeshun. Aell yuoor aettreebootes aere-a set tu 0 und vulff aettaecks replaece-a yuoor skeells.;4;-9;15;0;0;10;0;60;0;0;1;1;0;0;0;
2384;Raefee Blesseeng;Segen des Raben;Ileete-a Furm. Yuoo luse-a aell iffffects und taeke-a oon zee aespect ooff zee raefee. Fur 60 secunds, yuoo haefe-a 80 aermur, 660..700 Heaelt, und a 20..30% chunce-a tu bluck. Aell yuoor aettreebootes aere-a set tu 0 und raefee aettaecks replaece-a yuoor skeells.;4;-9;15;0;0;10;0;60;0;0;1;1;0;0;0;
2411;Meendbender;Geistbrecher;Inchuntment Spell. Fur 10..16 secunds, yuoo mufe-a 20..33% faester und yuoor spells taeke-a 20% less teeme-a tu caest.;4;-6;23;0;0;5;1;24;0;0;0;1;0;0;0;
2412;Smuut Creemeenael;Durchtriebener Krimineller;Spell. Fur 10..20 secunds, oone-a rundum spell is deesaebled fur taerget fue-a und Smuut Creemeenael is replaeced by thaet spell. Yuoo gaeeen 5..10 Inergy.;4;-6;22;0;0;5;1;20;0;0;0;1;0;0;0;
2413;Technubaebble-a;Technobabbel;Spell. Taerget fue-a und aell aedjaecent fues aere-a stroock fur 30..40 daemaege-a. Iff taerget fue-a is nut a buss, thaet fue-a und aell aedjaecent fues aere-a Daezed fur 3..5 secunds.;4;-6;22;0;0;10;1;10;0;0;0;1;0;0;0;
2414;Raedeeaeshun Feeeld;Strahlungsfeld;Vaerd Spell. Fur 5 secunds, fues in zee aerea haefe-a -4..6 Heaelt degeneraeshun. Vhee zee purtael inds, fues in zee aerea aere-a Deeseaesed fur 12..20 secunds.;4;-6;26;0;0;15;2;12;0;0;0;1;0;0;0;
2415;Aesoorun Scun;Asurischer Scan;Hex Spell. Fur 9..12 secunds, yuoor aettaecks cunnut meess taerget fue-a. Keelleeng a fue-a hexed veet Aesoorun Scun remufes 5% Deaet Penaelty.;4;-6;24;0;0;5;0;5;0;0;0;1;0;0;0;
2416;Aeur ooff Soopereeureety;Hochnäsigkeit;Skeell. Fur 20..30 secunds, yuoo gaeeen a rundum Aesoora beneffeet ifery teeme-a yuoo iaern ixpereeence-a frum keelleeng un inemy.;4;-6;1;0;0;5;0;20;0;0;0;1;0;0;0;
2417;Mentael Bluck;Geistige Sperre;Inchuntment Spell. Fur 5..11 secunds yuoo haefe-a a 50% chunce-a tu bluck aettaecks. Thees inchuntment is reaeppleeed ifery teeme-a un inemy streekes yuoo.;4;-6;23;0;0;10;1;15;0;0;0;1;0;0;0;
2418;Paeeen Inferter;Schmerztauscher;Hex Spell. Fur 6..10 secunds, ifery teeme-a taerget fue-a deaels daemaege-a thaet fue-a taekes 100..140% ooff zee daemaege-a it cooses (maexeemoom 80 daemaege-a).;4;-6;24;0;0;10;1;20;0;0;0;1;0;0;0;
2420;Ibun Iscaepe-a;Ebon-Flucht;Spell. Shaedoo Step tu taerget oozeer aelly. Yuoo und thaet aelly aere-a heaeled fur 70..110 Heaelt.;4;-8;22;0;0;5;.25;10;0;0;0;1;0;0;0;
2421;Veaekness Traep;Schwäche-Falle;Traep. Vhee Veaekness Traep is treeggered, aell neaerby fues aere-a Veaekened fur 10..20 secunds und taeke-a 24..50 leeghtneeng daemaege-a. Aell Chaerr aere-a knucked doon. Veaekness Traep inds aeffter 90 secunds. Vheele-a aecteefaeteeng thees skeell, yuoo aere-a iaeseely interroopted.;4;-8;30;0;0;10;2;30;0;0;0;1;0;0;0;
2422;Veends;Winde;Ibun Fungooaerd Reetooael. Creaete-a a lefel 4..10 spureet. Aell fues veetheen its runge-a haefe-a a 15% chunce-a tu meess veet runged aettaecks. Thees spureet deees aeffter 54..90 secunds.;4;-8;32;0;0;5;5;30;0;0;0;1;0;0;0;
2423;Dvaerfee Staebeeleety;Zwergenstabilität;Inchuntment Spell. Fur 24..30 secunds, yuoor stunces laest 55..100% lunger. Iff yuoo aecteefaeted thees skeell vheele-a droonk, yuoo cunnut be-a knucked doon.;4;-7;23;0;0;5;.25;30;0;0;0;1;0;0;0;
3422;Teeme-a Vaerd;Zeitabwehr;Ileete-a Vaerd Spell. Yuoo creaete-a a Teeme-a Vaerd aet yuoor coorrent lucaeshun. Fur 6..20 secunds, nun-spureet aelleees in thees aerea caest spells 15..20% faester und rechaerge-a skeells 15..20% faester. PfE-a Skeell;0;0;26;5;0;10;2;30;0;0;1;1;0;0;0;
3423;Suool Taeker;Seelengreifer;Ileete-a Inchuntment Spell. Fur 3..30 secunds, yuoor aettaecks saecreeffeece-a 15..20 heaelt und deael 15..20 mure-a daemaege-a. PfE-a Skeell;0;6;23;4;0;5;1;15;0;0;1;1;0;0;0;
3424;Oofer zee Leemeet;Über die Grenze hinaus;Ileete-a Inchuntment Spell. Vheele-a yuoo maeeentaeeen thees inchuntment, yuoor spells caest 20..50% faester und rechaerge-a 40..80% faester, boot yuoo cunteenoouoosly gaeeen Oofercaest. PfE-a Skeell;0;12;23;6;-1;5;1;20;0;0;1;1;0;0;0;
3425;Joodgment Streeke-a;Urteilsschlag;Ileete-a Melee-a Aettaeck. Aettaeck taerget und aedjaecent fues. Iaech aettaeck thaet heets deaels +13..30 Huly daemaege-a und knucks doon aettaeckeeng fues. PfE-a Skeell;0;16;3;3;0;5;1;8;0;0;1;1;0;0;0;
3426;Sefee Veaepuns Stunce-a;Sieben Waffen-Haltung;Ileete-a Stunce-a. Fur 3..20 secunds, yuoor veaepun aettreebootes aere-a increaesed by 1..15 und yuoo aettaeck 33% faester. PfE-a Skeell;0;17;29;1;0;5;0;20;0;0;1;1;0;0;0;
3427;"Tugezeer aes Oone-a!";"Gemeinsam als Eines!";Ileete-a Shuoot. Fur 3..15 secunds, aell paerty members neaer yuoo oor neaer yuoor pet deael +5..15 aeddeeshunael daemaege-a veet aettaecks und gaeeen +1..7 Heaelt regeneraeshun. PfE-a Skeell;0;23;20;2;0;10;0;15;0;0;1;1;0;0;0;
3428;Shaedoo Zeefft;Schattendiebstahl;Ileete-a Skeell. Shaedoo Step tu taerget fue-a. Fur 5..20 secunds thaet fue-a's aettreebootes aere-a redooced by 1..5 und yuoor aettreebootes aere-a increaesed by 1..5. Thees skeell cuoonts aes a Leaed Aettaeck. PfE-a Skeell;0;35;1;7;0;5;.25;20;0;0;1;1;0;0;0;
3429;Veaepuns ooff Three-a Furges;Waffen aus drei Schmieden;Ileete-a Veaepun Spell. Fur 3..20 secunds, iaech nun-spureet aelly in iaershut gaeeens zee iffffect ooff a rundum Veaepun Spell. PfE-a Skeell;0;36;27;8;0;10;2;15;0;0;1;1;0;0;0;
3430;Foo ooff Refulooshun;Schwur der Revolution;Ileete-a Inchuntment Spell. Fur 3..10 secunds, yuoo haefe-a +1..6 inergy regeneraeshun. Thees skeell reaeppleees itselff ifery teeme-a yuoo use-a a nun-Derfeesh skeell. PfE-a Skeell;0;44;23;10;0;10;1;20;0;0;1;1;0;0;0;
3431;Herueec Reffraeeen;Heroischer Refrain;Ileete-a Ichu. Fur 3..15 secunds, taerget nun-spureet aelly gaeeens +1..3 tu aell aettreebootes. Thees ichu is reaeppleeed ifery teeme-a a chunt oor shuoot inds oon thaet aelly. PfE-a Skeell;0;40;14;9;0;5;1;10;0;0;1;1;0;0;0;
3446;Suool Igneeshun;Soul Ignition;Inchuntment Spell. Vheele-a yuoo maeeentaeeen thees inchuntment, redooce-a Oofercaest aet a raete-a ooff 1..2 per secund. Yuoo und aell aedjaecent fues aere-a aeffffleected veet boorneeng vheele-a thees inchuntment is aecteefe-a.;0;12;23;6;-1;10;.5;30;0;0;0;1;0;0;0;
