0;No Skill;Keine Fertigkeit;Empty slot;0;-1;0;0;0;0;0;0;0;0;0;0;0;0;0;
1;Heaeleeng Seegnet;Siegel der Heilung;Seegnet. Yuoo gaeeen 82..172 Heaelt. Yuoo haefe-a -40 aermur vheele-a useeng thees skeell.;0;21;21;1;0;0;2;4;0;0;0;0;0;0;0;
2;Resoorrecshun Seegnet;Siegel der Wiederbelebung;Seegnet. Resoorrects taerget paerty member (100% Heaelt, 25% Inergy). Thees seegnet oonly rechaerges vhee yuoo gaeeen a muraele-a buust.;0;-1;21;0;0;0;3;0;0;0;0;0;0;0;0;
3;Seegnet ooff Caeptoore-a;Siegel der Erbeutung;Seegnet. Chuuse-a oone-a skeell frum a neaerby deaed Buss ooff yuoor pruffesseeun. Seegnet ooff Caeptoore-a is permunently replaeced by thaet skeell. Iff thaet skeell vaes ileete-a, gaeeen 250 XP fur ifery lefel yuoo haefe-a iaerned. Bork! Bork! Bork!;0;-1;21;0;0;0;2;2;0;0;0;1;0;0;0;
5;Pooer Bluck;Kraftblock;Ileete-a Spell. Iff taerget fue-a is caesteeng a spell oor chunt, thaet skeell und aell skeells ooff zee saeme-a aettreeboote-a aere-a deesaebled (1..12 secunds) und thaet skeell is interroopted.;1;2;22;5;0;15;.25;20;0;0;1;0;0;0;0;
6;Muntra ooff Iaert;Mantra der Erde;Stunce-a. (30..90 secunds.) Redooces iaert daemaege-a yuoo taeke-a by 26..50%. Yuoo gaeeen 2 Inergy vhee yuoo taeke-a iaert daemaege-a.;0;3;29;5;0;10;0;20;0;0;0;0;0;0;0;
7;Muntra ooff Flaeme-a;Mantra des Feuers;Stunce-a. (30..90 secunds.) Redooces fure-a daemaege-a yuoo taeke-a by 26..50%. Yuoo gaeeen 2 Inergy vhee yuoo taeke-a fure-a daemaege-a.;0;3;29;5;0;10;0;20;0;0;0;0;0;0;0;
8;Muntra ooff Frust;Mantra des Frosts;Stunce-a. (30..90 secunds.) Redooces culd daemaege-a yuoo taeke-a by 26..50%. Yuoo gaeeen 2 Inergy vhee yuoo taeke-a culd daemaege-a.;0;3;29;5;0;10;0;20;0;0;0;0;0;0;0;
9;Muntra ooff Leeghtneeng;Mantra des Blitzes;Stunce-a. (30..90 secunds.) Redooces leeghtneeng daemaege-a yuoo taeke-a by 26..50%. Yuoo gaeeen 2 Inergy vhee yuoo taeke-a leeghtneeng daemaege-a.;0;3;29;5;0;10;0;20;0;0;0;0;0;0;0;
10;Hex Breaeker;Gebrochene Verhexung;Stunce-a. (5..80 secunds.) Zee next hex aegaeeenst yuoo faeeels und zee caester taekes 10..46 daemaege-a.;0;2;29;5;0;5;0;15;0;0;0;0;0;0;0;
11;Deesturshun;Verzerrung;Stunce-a. (1..5 secunds.) Yuoo haefe-a 75% chunce-a tu bluck. Bluck cust: yuoo luse-a 2 Inergy oor Deesturshun inds.;1;1;29;5;0;5;0;8;0;0;0;0;0;0;0;
13;Muntra ooff Recufery;Mantra der Erholung;Ileete-a Stunce-a. (5..20 secunds.) Yuoor spells rechaerge-a 33% faester.;0;0;29;5;0;5;0;15;0;0;1;0;0;0;0;
14;Muntra ooff Perseestence-a;Mantra des Bestehens;Stunce-a. (5..25 secunds.) Illooseeun hexes yuoo caest laest 10..40% lunger.;0;3;29;5;0;5;0;15;0;0;0;0;0;0;0;
15;Muntra ooff Inscreepshuns;Mantra der Inschriften;Stunce-a. (5..25 secunds.) Seegnets yuoo sooccessffoolly aecteefaete-a vheele-a in thees stunce-a rechaerge-a 10..40% faester.;0;3;29;5;0;10;0;20;0;0;0;0;0;0;0;
16;Muntra ooff Cuncentraeshun;Mantra der Konzentration;Stunce-a. (1..38 secunds.) Zee next teeme-a yuoo vuoold be-a interroopted, yuoo aere-a nut interroopted.;1;3;29;5;0;5;0;30;0;0;0;0;0;0;0;
17;Muntra ooff Resulfe-a;Mantra des Abschlusses;Stunce-a. (30..90 secunds.) Prefents interroopts aegaeeenst yuoo. Prefenshun cust: luse-a 10..4 Inergy oor Muntra ooff Resulfe-a inds.;0;3;29;5;0;10;0;20;0;0;0;0;0;0;0;
18;Muntra ooff Seegnets;Mantra der Siegel;Stunce-a. (10..40 secunds.) Yuoo haefe-a +3 aermur fur iaech seegnet. Yuoo gaeeen 5..60 Heaelt iaech teeme-a yuoo use-a a seegnet.;1;3;29;5;0;5;0;20;0;0;0;0;0;0;0;
19;Fraegeeleety;Zerbrechlichkeit;Hex Spell. Aelsu hexes fues aedjaecent tu taerget (8..20 secunds). Zeese-a fues taeke-a 5..20 daemaege-a iaech teeme-a zeey gaeeen oor luse-a a cundeeshun.;0;1;24;5;0;5;1;5;0;0;0;0;0;0;0;
21;Inspured Inchuntment;Inspirierte Verzauberung;Spell. Remufes un inchuntment frum taerget fue-a. Remufael iffffects: yuoo gaeeen 3..15 Inergy. thees spell is replaeced veet thaet inchuntment (20 secunds).;1;3;22;5;0;10;1;0;0;0;0;0;0;0;0;
22;Inspured Hex;Inspirierte Verhexung;Spell. Remufes a hex frum taerget aelly. Remufael iffffects: yuoo gaeeen 4..10 Inergy. thees spell is replaeced veet thaet hex (20 secunds).;1;3;22;5;0;5;1;0;0;0;0;0;0;0;0;
23;Pooer Speeke-a;Kraftdorn;Spell. Interroopts a spell oor chunt. Interroopshun iffffect: deaels 30..120 daemaege-a.;0;2;22;5;0;5;.25;12;0;0;0;0;0;0;0;
24;Pooer Leaek;Kraftleck;Spell. Interroopts a spell oor chunt. Interroopshun iffffect: cooses 3..17 Inergy luss. Bork! Bork! Bork!;1;2;22;5;0;10;.25;20;0;0;0;0;0;0;0;
25;Pooer Draeeen;Kraftentzug;Spell. Interroopts a spell oor chunt. Interroopshun iffffect: yuoo gaeeen 1..31 Inergy.;0;3;22;5;0;5;.25;20;0;0;0;0;0;0;0;
26;Impaethy;Empathie;Hex Spell. (5..15 secunds.) Taerget fue-a's aettaecks deael 1..15 less daemaege-a, und thaet fue-a taekes 10..55 daemaege-a veet iaech aettaeck. Bork! Bork! Bork!;0;2;24;5;0;10;2;10;0;0;0;0;0;0;0;
27;Shaetter Delooseeuns;Täuschungen brechen;Spell. Remufes a Mesmer hex frum taerget fue-a. Remufael iffffect: 15..75 daemaege-a tu taerget und 75% ooff thaet daemaege-a tu aell aedjaecent fues. Bork! Bork! Bork!;1;2;22;5;0;5;.25;6;0;0;0;0;0;0;0;
28;Baeckffure-a;Rückschlag;Hex Spell. (10 secunds.) Taerget fue-a taekes 35..140 daemaege-a vhenefer it caests a spell.;0;2;24;5;0;15;3;20;0;0;0;0;0;0;0;
29;Blaeckuoot;Blackout;Tuooch Skeell. (2..8 secunds.) Deesaebles skeells. Yuoor skeells aere-a deesaebled (5 secunds).;1;2;1;5;0;10;1;12;0;0;0;0;0;0;0;
30;Deeferseeun;Ablenkung;Hex Spell. (6 secunds.) Taerget fue-a's next skeell taekes +10..56 secunds tu rechaerge-a.;0;2;24;5;0;10;3;12;0;0;0;0;0;0;0;
31;Cunjoore-a Phuntaesm;Trugbild beschwören;Hex Spell. (4..18 secunds.) Cooses -5 Heaelt degeneraeshun.;0;1;24;5;0;10;1;5;0;0;0;0;0;0;0;
32;Illooseeun ooff Veaekness;Illusion der Schwäche;Inchuntment Spell. Luse-a 50..240 Heaelt. Ind iffffect: yuoo gaeeen 50..240 Heaelt. Inds iff daemaege-a drups yuoor Heaelt beloo 25% ooff yuoor maexeemoom.;1;1;23;5;0;10;2;30;0;0;0;0;0;0;0;
33;Illooseeunaery Veaepunry;Illusion der Waffen;Ileete-a Inchuntment Spell. (30 secunds.) Deaels 20..60 daemaege-a tu fues in plaece-a ooff oozeer daemaege-a oor iffffects frum melee-a aettaecks. Yuoo haefe-a +5 aermur fur iaech iqooeepped Illooseeun Maegeec skeell. Yuoor melee-a aettaecks neeezeer heet nur faeeel tu heet.;1;1;23;5;0;5;1;10;0;0;1;0;0;0;0;
34;Sympaezeeteec Feesaege-a;Sympathisches Gesicht;Inchuntment Spell. (4..10 secunds.) Aell aedjaecent fues luse-a aell aedrenaeleene-a und 3 Inergy vhenefer a melee-a aettaeck heets taerget aelly.;1;1;23;5;0;10;1;20;0;0;0;0;0;0;0;
35;Ignurunce-a;Ignoranz;Hex Spell. (8..20 secunds.) Taerget fue-a cunnut use-a seegnets.;0;2;24;5;0;10;1;10;0;0;0;0;0;0;0;
36;Aercune-a Cunoondroom;Arkanes Rätsel;Hex Spell. Aelsu hexes fues aedjaecent tu taerget (5..15 secunds). Duoobles spell caesteeng teeme-a. Ind iffffect: yuoo gaeeen 1..7 inergy.;0;1;24;5;0;10;2;30;0;0;0;0;0;0;0;
37;Illooseeun ooff Haeste-a;Illusion der Eile;Inchuntment Spell. (5..11 secunds.) Yuoo mufe-a 33% faester. Ineeteeael iffffect: remufes Creeppled cundeeshun. Ind iffffect: yuoo aere-a Creeppled (3 secunds).;0;1;23;5;0;5;1;5;0;0;0;0;0;0;0;
38;Chunneleeng;Kanalisieren;Inchuntment Spell. (8..56 secunds.) Yuoo gaeeen 1 Inergy fur iaech fue-a in zee aerea vhenefer yuoo caest a spell.;1;3;23;5;0;5;1;10;0;0;0;0;0;0;0;
39;Inergy Soorge-a;Energiewelle;Ileete-a Spell. Cooses 1..10 Inergy luss. Deaels 7 daemaege-a tu taerget fur iaech pueent ooff Inergy lust und 75% ooff thaet daemaege-a tu neaerby fues.;0;2;22;5;0;5;2;15;0;0;1;0;0;0;0;
40;Izeer Feaest;Ätherschmaus;Spell. Cooses 3 Inergy luss. Yuoo gaeeen 20..65 Heaelt fur iaech pueent ooff Inergy lust.;0;3;22;5;0;5;1;8;0;0;0;0;0;0;0;
41;Izeer Lurd;Herr über den Äther;Hex Spell. Yuoo luse-a aell Inergy. Taerget fue-a haes -1..3 Inergy degeneraeshun und yuoo haefe-a +1..3 Inergy regeneraeshun (5..10 secunds).;1;3;24;5;0;5;2;20;0;0;0;0;0;0;0;
42;Inergy Boorn;Energiebrand;Spell. Cooses 1..10 Inergy luss. Deaels 9 daemaege-a fur iaech pueent ooff Inergy lust.;0;2;22;5;0;10;2;20;0;0;0;0;0;0;0;
43;Cloomseeness;Ungeschick;Hex Spell. (4 secunds.) Aelsu hexes aedjaecent fues. Interroopts next aettaeck. Interroopshun iffffect: deaels 10..80 daemaege-a.;0;1;24;5;0;10;2;12;0;0;0;0;0;0;0;
44;Phuntum Paeeen;Phantomschmerz;Hex Spell. (10 secunds.) Cooses -1..4 Heaelt degeneraeshun. Ind iffffect: inffleects Deep Vuoond cundeeshun (5..20 secunds).;1;1;24;5;0;5;2;10;0;0;0;0;0;0;0;
45;Izeereael Boordee;Ätherische Bürde;Hex Spell. (6..12 secunds.) Taerget fue-a mufes 50% slooer. Ind iffffect: yuoo gaeeen 10..18 Inergy.;1;1;24;5;0;15;1.5;30;0;0;0;0;0;0;0;
46;Gooeelt;Schuld;Hex Spell. (6 secunds.) Taerget fue-a's next spell faeeels und yuoo steael 5..14 Inergy. Nu iffffect unless thees fue-a's spell taergets oone-a ooff yuoor aelleees.;1;2;24;5;0;5;2;25;0;0;0;0;0;0;0;
47;Inepteetoode-a;Unbeholfenheit;Ileete-a Hex Spell. (4 secunds.) Aelsu hexes fues aedjaecent tu taerget. Deaels 30..135 daemaege-a. Inffleects Bleendness cundeeshun (10 secunds). Nu iffffect unless hexed fue-a aettaecks.;1;1;24;5;0;10;1;15;0;0;1;0;0;0;0;
48;Spureet ooff Faeeeloore-a;Geist des Versagens;Hex Spell. (30 secunds.) Taerget fue-a haes 25% chunce-a tu meess. Yuoo gaeeen 1..3 Inergy vhenefer thees fue-a meesses.;1;3;24;5;0;15;3;20;0;0;0;0;0;0;0;
49;Meend Vraeck;Geistiges Wrack;Hex Spell. (5..40 secunds.) Cooses 1 Inergy luss iaech teeme-a fue-a is zee taerget ooff yuoor nun-hex Mesmer skeells. Deaels 5..25 daemaege-a per pueent ooff Inergy lust. Iff taerget fue-a's Inergy drups tu 0, it taekes 15..100 daemaege-a und Meend Vraeck inds.;0;2;24;5;0;5;1;7;0;0;0;0;0;0;0;
50;Vaestrel's Vurry;Verschwendung;Hex Spell. (3 secunds.) Ind iffffect: cooses 20..100 daemaege-a tu taerget und 75% ooff thaet daemaege-a tu aedjaecent fues. Nu iffffect und inds iaerly iff taerget fue-a uses a skeell.;1;2;24;5;0;5;.25;2;0;0;0;0;0;0;0;
51;Shaeme-a;Schande;Hex Spell. (6 secunds.) Taerget fue-a's next spell faeeels und yuoo steael 5..14 Inergy. Nu iffffect unless thees fue-a's spell taergeted oone-a ooff its aelleees.;1;2;24;5;0;10;2;30;0;0;0;0;0;0;0;
52;Puneec;Panik;Ileete-a Hex Spell. Aelsu hexes fues neaer yuoor taerget (1..10 secunds). Interroopts aell oozeer neaerby fues vhenefer a hexed fue-a sooccessffoolly aecteefaetes a skeell.;1;2;24;5;0;10;1;15;0;0;1;0;0;0;0;
53;Meegraeeene-a;Migräne;Ileete-a Hex Spell. (5..20 secunds.) Cooses -1..8 Heaelt degeneraeshun und duoobles skeell aecteefaeshun teeme-a.;1;1;24;5;0;10;2;12;0;0;1;0;0;0;0;
54;Creeppleeng Ungooeesh;Verkrüppelnde Qual;Ileete-a Hex Spell. (5..20 secunds.) Taerget fue-a mufes und aettaecks 50% slooer und haes -1..8 Heaelt degeneraeshun.;0;1;24;5;0;5;1;12;0;0;1;0;0;0;0;
55;Fefered Dreaems;Fieberträume;Ileete-a Hex Spell. (10..25 secunds.) Fues in zee aerea aelsu haefe-a uny noo cundeeshuns thaet taerget fue-a aecqooures. Inffleects Daezed oon taerget fue-a (1..3 secunds) iff thaet fue-a haes tvu oor mure-a cundeeshuns.;1;1;24;5;0;5;1;10;0;0;1;0;0;0;0;
56;Suutheeng Imaeges;Beruhigende Bilder;Hex Spell. Aelsu hexes fues aedjaecent tu taerget (8..20 secunds). Zeese-a fues cunnut gaeeen aedrenaeleene-a.;0;1;24;5;0;15;2;8;0;0;0;0;0;0;0;
57;Cry ooff Froostraeshun;Schrei der Frustration;Spell. Iff taerget fue-a is useeng a skeell, thaet fue-a und aell fues in zee aerea aere-a interroopted. Fue-a sooffffers 15..75 daemaege-a und fues in zee aerea taeke-a 75% ooff thaet daemaege-a.;0;2;22;5;0;10;.25;20;0;0;0;0;0;0;0;
58;Seegnet ooff Meedneeght;Siegel der Mitternacht;Ileete-a Tuooch Seegnet. (15 secunds.) Inffleects Bleendness cundeeshun. Yuoo sooffffer frum Bleendness (15 secunds).;1;-1;21;5;0;0;2;10;0;0;1;0;0;0;0;
59;Seegnet ooff Veaereeness;Siegel der Müdigkeit;Seegnet. Aelsu aeffffects fues neaer yuoor taerget. Cooses 3..8 Inergy luss und inffleects Veaekness (1..12 secunds).;1;2;21;5;0;0;2;30;0;0;0;0;0;0;0;
61;Leech Seegnet;Blutsauger-Siegel;Seegnet. Interroopts un aecshun. Interroopshun iffffect: yuoo gaeeen 3..15 Inergy iff zee aecshun vaes a spell.;0;3;21;5;0;0;.25;30;0;0;0;0;0;0;0;
62;Seegnet ooff Hoomeeleety;Siegel der Demut;Seegnet. Deesaebles ileete-a skeell (1..16 secunds). Deesaebles yuoor nun-Mesmer skeells (4 secunds).;0;3;21;5;0;0;3;20;0;0;0;0;0;0;0;
63;Keystune-a Seegnet;Schlussstein-Siegel;Ileete-a Seegnet. (20 secunds.) Yuoor next 0..6 seegnets interroopt und deael 15..60 daemaege-a tu oozeer fues aedjaecent tu yuoor taerget. Ineeteeael Iffffect: rechaerges aell ooff yuoor oozeer seegnets.;1;0;21;5;0;0;1;15;0;0;1;0;0;0;0;
65;Aercune-a Meemeecry;Arkane Mimikry;Spell. Thees skeell becumes taerget aelly's ileete-a skeell (20 secunds). Cunnut selff-taerget. Nu iffffect iff taerget's ileete-a skeell is a furm.;0;-1;22;5;0;15;2;60;0;0;0;0;0;0;0;
66;Spureet Shaeckles;Geistfesseln;Hex Spell. (5..20 secunds.) Taerget fue-a luses 5 Inergy vhenefer it aettaecks.;0;3;24;5;0;10;3;8;0;0;0;0;0;0;0;
67;Shaetter Hex;Verhexung brechen;Spell. Remufes a hex frum taerget aelly. Remufael iffffect: deaels 30..120 daemaege-a tu fues neaer thees aelly.;0;2;22;5;0;10;1;10;0;0;0;0;0;0;0;
68;Draeeen Inchuntment;Verzauberung entziehen;Spell. Remufes un inchuntment frum taerget fue-a. Remufael iffffect: yuoo gaeeen 8..17 Inergy und 40..120 Heaelt.;0;3;22;5;0;5;2;20;0;0;0;0;0;0;0;
69;Shaetter Inchuntment;Verzauberung brechen;Spell. Remufes un inchuntment frum taerget fue-a. Remufael iffffect: deaels 14..100 daemaege-a. Bork! Bork! Bork!;0;2;22;5;0;10;1;20;0;0;0;0;0;0;0;
72;Ilementael Reseestunce-a;Elementarwiderstand;Stunce-a. (30..90 secunds.) Yuoo haefe-a +40 aermur aegaeeenst ilementael daemaege-a. Yuoo haefe-a -24..12 aermur aegaeeenst physeecael daemaege-a.;1;3;29;5;0;10;0;20;0;0;0;0;0;0;0;
73;Physeecael Reseestunce-a;Körperlicher Widerstand;Stunce-a. (30..90 secunds.) Yuoo haefe-a +40 aermur aegaeeenst physeecael daemaege-a. Yuoo haefe-a -24..12 aermur aegaeeenst ilementael daemaege-a.;1;3;29;5;0;10;0;20;0;0;0;0;0;0;0;
74;Ichu;Echo;Ileete-a Inchuntment Spell. (30 secunds.) Ichu becumes zee next skeell yuoo use-a (30 secunds).;0;-1;23;5;0;5;1;10;0;0;1;0;0;0;0;
75;Aercune-a Ichu;Arkanes Echo;Inchuntment Spell. (20 secunds.) Aercune-a Ichu becumes zee next spell yuoo use-a (20 secunds). Thees inchuntment inds iff yuoo use-a uny skeell thaet is nut a spell.;0;-1;23;5;0;15;2;20;0;0;0;0;0;0;0;
76;Imaegeened Boordee;Eingebildete Bürde;Hex Spell. (8..20 secunds.) Taerget fue-a mufes 50% slooer.;0;1;24;5;0;15;1;30;0;0;0;0;0;0;0;
77;Chaeus Sturm;Chaossturm;Spell. Deaels 5..25 daemaege-a und cooses 0..2 Inergy luss iaech secund (10 secunds). Heets fues aedjaecent tu taerget's ineeteeael lucaeshun. Bork! Bork! Bork!;1;2;22;5;0;5;2;30;0;0;0;0;0;0;0;
78;Ipeedemeec;Epidemie;Spell. Cundeeshuns oon taerget fue-a trunsffer tu aedjaecent fues.;0;-1;22;5;0;5;.25;5;0;0;0;0;0;0;0;
79;Inergy Draeeen;Energieentzug;Ileete-a Spell. Cooses 2..9 Inergy luss. Yuoo gaeeen 3 Inergy fur iaech pueent ooff Inergy lust.;0;3;22;5;0;5;1;20;0;0;1;0;0;0;0;
80;Inergy Taep;Energie abzapfen;Spell. Cooses 4..7 Inergy luss. Yuoo gaeeen 2 Inergy fur iaech pueent ooff Inergy lust. Bork! Bork! Bork!;0;3;22;5;0;5;2;30;0;0;0;0;0;0;0;
81;Aercune-a Theeefery;Arkaner Diebstahl;Spell. (5..35 secunds.) Deesaebles oone-a rundum spell. Thees skeell becumes thaet spell.;1;2;22;5;0;10;1;0;0;0;0;0;0;0;0;
82;Muntra ooff Recaell;Mantra der Zurückrufung;Ileete-a Inchuntment Spell. (20 secunds.) Ind iffffect: yuoo gaeeen 10..25 Inergy.;1;3;23;5;0;10;1;30;0;0;1;0;0;0;0;
83;Uneemaete-a Bune-a Hurrur;Knochenschreck beleben;Spell. Creaetes a lefel 1..17 bune-a hurrur. Ixplueets a fresh curpse-a.;1;5;22;4;0;5;1;5;0;0;0;0;0;0;0;
84;Uneemaete-a Bune-a Feeend;Knochenteufel beleben;Spell. Creaetes a lefel 1..17 bune-a feeend thaet cun aettaeck aet runge-a. Ixplueets a fresh curpse-a.;0;5;22;4;0;15;1;5;0;0;0;0;0;0;0;
85;Uneemaete-a Bune-a Meeneeuns;Knochendiener beleben;Spell. Creaetes tvu lefel 0..12 bune-a meeneeuns. Ixplueets a fresh curpse-a.;0;5;22;4;0;10;1;5;0;0;0;0;0;0;0;
86;Grent's Baelunce-a;Grenths Ausgleich;Ileete-a Spell. Yuoo gaeeen Heaelt iqooael tu haelff zee deefffference-a betveee yuoo und taerget, und thees fue-a luses un iqooael aemuoont. Iff thees fue-a haes less Heaelt thun yuoo, yuoo luse-a haelff zee deefffference-a und thaet fue-a gaeeens un iqooael aemuoont.;0;-1;22;4;0;10;.25;10;0;0;1;0;0;0;0;
87;Feraeta's Gaeze-a;Veratas Starren;Spell. Maeke-a taerget undeaed serfunt maesterless. Iff it is aelreaedy maesterless, yuoo becume-a its maester und heael it fur 60..80. 50% faeeeloore-a chunce-a unless Deaet Maegeec 5 oor mure-a.;1;5;22;4;0;5;1;5;0;0;0;0;0;0;0;
88;Feraeta's Oora;Veratas Aura;Inchuntment Spell. (120..300 secunds.) Becume-a maester ooff aell husteele-a undeaed serfunts in zee aerea. Ind iffffect: yuoor undeaed serfunts becume-a maesterless. 50% faeeeloore-a chunce-a unless Deaet Maegeec 5 oor mure-a.;1;5;23;4;0;15;.75;30;0;33;0;0;0;0;0;
89;Deaethly Cheell;Tödliche Kühlung;Spell. Deaels 5..50 culd daemaege-a. Deaels 5..50 mure-a daemaege-a iff taerget fue-a vaes aebufe-a 50% Heaelt.;1;5;22;4;0;10;1;5;0;0;0;0;0;0;0;
90;Feraeta's Saecreeffeece-a;Veratas Opfer;Spell. (5..10 secunds.) 10 undeaed aelleeed serfunts gaeeen +10 Heaelt regeneraeshun. Instuntly rechaerges iff yuoo haefe-a cuntrul ooff 3 oor fooer serfunts. Trunsffers aell cundeeshuns frum thuse-a serfunts tu yuoo.;1;5;22;4;0;10;2;60;0;15;0;0;0;0;0;
91;Vell ooff Pooer;Brunnen der Kraft;Ileete-a Vell Spell. (10..30 secunds.) Aelleees in thees vell haefe-a +1..6 Heaelt regeneraeshun und +2 Inergy regeneraeshun. Ixplueets a fresh curpse-a oor saecreeffeeces 66% heaelt.;1;4;28;4;0;5;1;10;0;0;1;0;0;0;0;
92;Vell ooff Bluud;Brunnen des Blutes;Vell Spell. (8..20 secunds.) Aelleees in thees vell haefe-a +1..6 Heaelt regeneraeshun. Ixplueets a fresh curpse-a oor saecreeffeeces 66% heaelt.;0;4;28;4;0;10;1;2;0;0;0;0;0;0;0;
93;Vell ooff Sooffffereeng;Brunnen des Leidens;Vell Spell. (10..30 secunds.) Fues in thees vell haefe-a -1..6 Heaelt degeneraeshun. Ixplueets a fresh curpse-a oor saecreeffeeces 66% heaelt.;1;5;28;4;0;10;1;10;0;0;0;0;0;0;0;
94;Vell ooff zee Pruffune-a;Gottloser Brunnen;Vell Spell. (8..20 secunds.) Fues in thees vell luse-a aell inchuntments und cunnut be-a zee taerget ooff foorzeer inchuntments. Ixplueets a fresh curpse-a oor saecreeffeeces 66% heaelt. 50% faeeeloore-a chunce-a unless Deaet Maegeec 5 oor mure-a.;0;5;28;4;0;25;3;10;0;0;0;0;0;0;0;
95;Pootreed Ixpluseeun;Explosion der Verwesung;Spell. Ixpludes a curpse-a, deaeleeng 24..120 daemaege-a tu fues neaer it. Ixplueets a fresh curpse-a.;0;5;22;4;0;10;1;5;0;0;0;0;0;0;0;
96;Suool Feaest;Seelenschmaus;Spell. Yuoo gaeeen 50..280 Heaelt. Ixplueets a fresh curpse-a.;0;5;22;4;0;10;1;0;0;0;0;0;0;0;0;
97;Necruteec Traefersael;Nekrotische Verwechslung;Spell. Ixplueet a rundum curpse-a oor saecreeffeece-a 30..20% heaelt tu telepurt tu taerget fue-a's lucaeshun. Yuoo becume-a Deeseaesed fur 6 secunds und aell neaerby fues becume-a Pueesuned fur 5..20 secunds.;1;5;22;4;0;5;.75;0;0;0;0;0;0;0;0;
98;Cunsoome-a Curpse-a;Kadaver verzehren;Spell. Telepurt tu a curpse-a's lucaeshun. Yuoo gaeeen 25..100 Heaelt und 5..20 Inergy. Ixplueets a fresh curpse-a.;1;5;22;4;0;5;1;0;0;0;0;0;0;0;0;
99;Paeraeseeteec Bund;Parasitäre Fesseln;Hex Spell. (20 secunds.) Cooses -1 Heaelt degeneraeshun. Ind iffffect: yuoo aere-a heaeled fur 30..120 Heaelt.;0;7;24;4;0;5;1;2;0;0;0;0;0;0;0;
100;Suool Baerbs;Seelenwiderhaken;Hex Spell. (30 secunds.) Deaels 15..30 daemaege-a vhee un inchuntment oor hex is caest oon taerget fue-a.;1;7;24;4;0;10;2;10;0;0;0;0;0;0;0;
101;Baerbs;Widerhaken;Hex Spell. (30 secunds.) Taerget fue-a taekes 4..16 daemaege-a vhenefer it taekes physeecael daemaege-a.;0;7;24;4;0;10;1;5;0;0;0;0;0;0;0;
102;Shaedoo Streeke-a;Schattenschlag;Spell. Deaels 12..48 daemaege-a. Steael up tu 12..48 Heaelt iff thees fue-a vaes aebufe-a 50% Heaelt.;1;4;22;4;0;10;2;15;0;0;0;0;0;0;0;
103;Preece-a ooff Faeeeloore-a;Preis des Versagens;Hex Spell. (30 secunds.) 25% chunce-a tu meess. Taerget fue-a taekes 1..46 daemaege-a vhenefer it faeeels tu heet.;1;7;24;4;0;15;2;20;0;0;0;0;0;0;0;
104;Deaet Nufa;Todesnova;Inchuntment Spell. (30 secunds.) Deaels 26..100 daemaege-a und inffleects Pueesuned cundeeshun (15 secunds) oon aedjaecent fues iff taerget aelly deees.;0;5;23;4;0;5;2;0;0;0;0;0;0;0;0;
105;Deaethly Svaerm;Tödlicher Schwarm;Spell. Deaethly Svaerm fleees oooot slooly und deaels 30..90 culd daemaege-a. Heets tvu aeddeeshunael fues in zee aerea.;0;5;22;4;0;10;2;6;0;0;0;0;0;0;0;
106;Rutteeng Flesh;Verrottendes Fleisch;Spell. Inffleects Deeseaesed cundeeshun (10..25 secunds).;0;5;22;4;0;15;3;3;0;0;0;0;0;0;0;
107;Furoolence-a;Ansteckung;Ileete-a Spell. Inffleects Deeseaese-a, Pueesun, und Veaekness cundeeshuns (3..15 secunds). Nu iffffect unless thees fue-a aelreaedy haed a cundeeshun.;1;5;22;4;0;5;1;15;0;0;1;0;0;0;0;
108;Sooffffereeng;Leiden;Hex Spell. Aelsu hexes fues neaer taerget (6..30 secunds). Zeese-a fues haefe-a -0..3 Heaelt degeneraeshun.;0;7;24;4;0;15;1;10;0;0;0;0;0;0;0;
109;Leeffe-a Seephun;Leben abzapfen;Hex Spell. (12..24 secunds.) Taerget fue-a haes -1..3 Heaelt degeneraeshun. Yuoo haefe-a +1..3 Heaelt regeneraeshun.;0;4;24;4;0;10;1;5;0;0;0;0;0;0;0;
110;Unhuly Feaest;Unheiliger Schmaus;Spell. Steaels 10..65 Heaelt frum 1..4 fue-as in zee aerea aeruoond yuoo.;0;4;22;4;0;15;.75;8;0;0;0;0;0;0;0;
111;Aevaekee zee Bluud;Das Blut erwecken;Inchuntment Spell. (20..44 secunds.) Yuoo haefe-a +2 Bluud Maegeec und Coorses. Saecreeffeece-a 50% mure-a Heaelt thun nurmael.;1;4;23;4;0;10;1;45;0;0;0;0;0;0;0;
112;Desecraete-a Inchuntments;Verzauberungsschändung;Spell. Deaels 6..60 daemaege-a tu taerget und neaerby fues. Deaels 4..20 mure-a daemaege-a fur iaech inchuntment oon zeem.;1;7;22;4;0;10;2;15;0;0;0;0;0;0;0;
113;Taeeented Flesh;Verdorbenes Fleisch;Ileete-a Inchuntment Spell. (20..44 secunds.) Fues vhu heet aelleees in zee aerea veet melee-a becume-a Deeseaesed (3..15 secunds). thees aelly is immoone-a tu Deeseaese-a.;0;5;23;4;0;5;1;0;0;0;1;0;0;0;0;
114;Oora ooff zee Leech;Aura des Lich;Ileete-a Inchuntment Spell. Ixplueet aell curpses in iaershut. Uneemaetes a lefel 1..17 bune-a hurrur, ploos oone-a fur iaech ixplueeted curpse-a. Yuoo haefe-a +1 Deaet Maegeec (5..45 secunds).;1;5;23;4;0;15;2;45;0;0;1;0;0;0;0;
115;Bluud Renooael;Bluterneuerung;Inchuntment Spell. (7 secunds.) Yuoo haefe-a +3..6 Heaelt regeneraeshun. Ind iffffect: heaels yuoo fur 40..190.;1;4;23;4;0;1;1;7;0;15;0;0;0;0;0;
116;Daerk Oora;Dunkle Aura;Inchuntment Spell. (30 secunds.) Deaels 5..50 daemaege-a tu aedjaecent fues vhenefer taerget aelly saecreeffeeces Heaelt. Daemaege-a cust: yuoo luse-a 5..20 Heaelt.;0;5;23;4;0;10;1;10;0;0;0;0;0;0;0;
117;Inffeeble-a;Schwächen;Spell. Inffleects Veaekness cundeeshun (10..30 secunds).;1;7;22;4;0;5;.25;5;0;0;0;0;0;0;0;
118;Inffeebleeng Bluud;Schwächendes Blut;Spell. Inffleects Veaekness cundeeshun (5..20 secunds) oon thees fue-a und neaerby fues.;0;7;22;4;0;1;1;8;0;10;0;0;0;0;0;
119;Bluud is Pooer;Blut ist Kraft;Ileete-a Inchuntment Spell. (10 secunds.) +3..6 Inergy regeneraeshun. Cunnut selff-taerget.;0;4;23;4;0;1;.25;0;0;33;1;0;0;0;0;
120;Bluud ooff zee Maester;Blut des Meisters;Spell. Heaels yuoor undeaed serfunts fur 30..116. Heaeleeng cust: +2% Heaelt saecreeffeece-a per serfunt heaeled.;0;5;22;4;0;5;1;2;0;5;0;0;0;0;0;
121;Speeteffool Spureet;Boshafter Geist;Ileete-a Hex Spell. (10..25 secunds.) Deaels 15..45 daemaege-a tu taerget und aedjaecent fues vhenefer thees fue-a aettaecks oor uses a skeell.;1;7;24;4;0;15;2;10;0;0;1;0;0;0;0;
122;Maeleegn Interfenshun;Unheilvoller Eingriff;Hex Spell. (5..20 secunds.) Taerget fue-a receeefes 20% less frum heaeleeng. Iff thees fue-a deees vheele-a sooffffereeng frum thees hex, a lefel 1..17 maesterless bune-a hurrur is soommuned.;1;5;24;4;0;10;1;5;0;0;0;0;0;0;0;
123;Inseedeeuoos Paeraeseete-a;Heimtückischer Parasit;Hex Spell. (5..15 secunds.) Steael 15..45 Heaelt vhenefer taerget fue-a heets veet un aettaeck.;1;7;24;4;0;10;1;8;0;0;0;0;0;0;0;
124;Speenael Sheefers;Rückenschauer;Hex Spell. (10..40 secunds.) Culd daemaege-a interroopts taerget fue-a's skeells. Interroopshun cust: yuoo luse-a 8..3 Inergy oor Speenael Sheefers inds.;1;7;24;4;0;10;2;15;0;0;0;0;0;0;0;
125;Veezeer;Verwelken;Ileete-a Hex Spell. (5..35 secunds.) Cooses -2..4 Heaelt degeneraeshun und -1 Inergy degeneraeshun. Deaels 15..75 daemaege-a iff taerget fue-a's Inergy drups tu 0. Inds iff thees fue-a's Inergy drups tu 0.;1;7;24;4;0;10;1;5;0;0;1;0;0;0;0;
126;Leeffe-a Trunsffer;Lebensübertragung;Ileete-a Hex Spell. Aelsu hexes fues aedjaecent tu taerget (6..12 secunds). Cooses -3..8 Heaelt degeneraeshun. Yuoo haefe-a +3..8 Heaelt regeneraeshun.;1;4;24;4;0;5;1;20;0;0;1;0;0;0;0;
127;Maerk ooff Soobferseeun;Zeichen der Subversion;Hex Spell. (6 secunds.) Taerget fue-a's next spell faeeels und yuoo steael 10..92 Heaelt. Nu iffffect unless thees fue-a's spell taergeted oone-a ooff its aelleees.;1;4;24;4;0;10;2;30;0;0;0;0;0;0;0;
128;Suool Leech;Seelenfresser;Ileete-a Hex Spell. (10 secunds.) Steael 16..80 Heaelt vhenefer taerget fue-a caests a spell.;1;4;24;4;0;15;1;7;0;0;1;0;0;0;0;
129;Deffeele-a Flesh;Fleisch schänden;Hex Spell. (5..35 secunds.) Redooces heaeleeng taerget fue-a receeefes by 33%. Oonly skeells veet zee vurd "heael" in zee descreepshun aere-a aeffffected.;0;7;24;4;0;10;1;10;0;10;0;0;0;0;0;
130;Demuneec Flesh;Dämonenfleisch;Inchuntment Spell. (30..60 secunds.) Vhee useeng a skeell oon a fue-a, deael 5..20 shaedoo daemaege-a tu aell oozeer fues aedjaecent tu yuoo.;0;4;23;4;0;5;1;30;0;0;0;0;0;0;0;
131;Baerbed Seegnet;Siegel der Widerhaken;Seegnet. Taerget und aedjaecent fues sooffffer frum Bleedeeng (3..15 secunds).;0;4;21;4;0;0;1;10;0;8;0;0;0;0;0;
132;Plaegooe-a Seegnet;Pest-Siegel;Ileete-a Seegnet. Trunsffers aell cundeeshuns veet 100..200% ooff zeeur remaeeeneeng dooraeshuns frum yuoorselff tu taerget fue-a. 50% faeeeloore-a chunce-a unless Coorses 5 oor mure-a.;0;7;21;4;0;0;1;4;0;0;1;0;0;0;0;
133;Daerk Paect;Dunkler Pakt;Spell. Deaels 20..60 daemaege-a.;0;4;22;4;0;1;1;2;0;10;0;0;0;0;0;
134;Oorder ooff Paeeen;Orden der Schmerzen;Inchuntment Spell. Inchunts aell paerty members (5 secunds). 3..16 mure-a daemaege-a vhenefer zeese-a paerty members heet veet physeecael daemaege-a.;0;4;23;4;0;10;2;0;0;17;0;0;0;0;0;
135;Faeeenzeeaertedness;Mutlosigkeit;Hex Spell. (4..18 secunds.) Taerget fue-a aettaecks 50% slooer und haes -1..3 Heaelt degeneraeshun.;0;7;24;4;0;10;1;8;0;0;0;0;0;0;0;
136;Shaedoo ooff Feaer;Schatten der Angst;Hex Spell. Aelsu hexes fues aedjaecent tu taerget (5..30 secunds). Zeey aettaeck 50% slooer.;1;7;24;4;0;10;2;5;0;0;0;0;0;0;0;
137;Reegur Murtees;Totenstarre;Hex Spell. (8..20 secunds.) Taerget fue-a cunnut bluck.;0;7;24;4;0;10;1;20;0;0;0;0;0;0;0;
138;Daerk Bund;Dunkles Band;Inchuntment Spell. (30..60 secunds.) Trunsffers 75% ooff incumeeng daemaege-a frum yuoo tu yuoor neaerest serfunt.;0;4;23;4;0;5;2;20;0;0;0;0;0;0;0;
139;Inffoose-a Cundeeshun;Zustand einflößen;Inchuntment Spell. (15..60 secunds.) Vhenefer yuoo receeefe-a a cundeeshun, it trunsffers frum yuoo tu yuoor clusest undeaed serfunt.;1;5;23;4;0;5;1;20;0;0;0;0;0;0;0;
140;Maelaeeese-a;Unwohlsein;Hex Spell. (5..35 secunds.) Cooses -1 Inergy degeneraeshun. Deaels 5..50 daemaege-a iff taerget fue-a's Inergy drups tu 0. Yuoo haefe-a -1 Heaelt degeneraeshun. Inds iff thees fue-a's Inergy drups tu 0.;1;7;24;4;0;5;2;2;0;0;0;0;0;0;0;
141;Rend Inchuntments;Verzauberungen entreißen;Spell. Remufes 5..9 inchuntments frum taerget fue-a. Remufael cust: yuoo luse-a 55..25 Heaelt fur iaech Munk inchuntment remufed.;0;7;22;4;0;5;2;20;0;0;0;0;0;0;0;
142;Leengereeng Coorse-a;Bleibender Fluch;Ileete-a Hex Spell. (6..30 secunds.) Taerget und neaerby fues haefe-a -1..4 Heaelt degeneraeshun und receeefe-a 25% less beneffeet frum heaeleeng.;0;7;24;4;0;15;1;10;0;0;1;0;0;0;0;
143;Streep Inchuntment;Verzauberung rauben;Spell. Remufes 0..2 inchuntments frum taerget fue-a. Remufael iffffect: yuoo steael 5..65 Heaelt.;0;4;22;4;0;10;1;20;0;0;0;0;0;0;0;
144;Cheelblaeeens;Frostbeulen;Spell. Deaels 10..44 culd daemaege-a tu fues in zee aerea aeruoond yuoor taerget. remufes 1..2 inchuntments frum zeese-a fues. Yuoo aere-a Pueesuned (10 secunds).;0;7;22;4;0;25;2;8;0;0;0;0;0;0;0;
145;Seegnet ooff Aeguny;Siegel der Qual;Seegnet. Deaels 10..70 daemaege-a tu fues neaer yuoo. Yuoo begeen Bleedeeng (25 secunds).;0;4;21;4;0;0;.75;8;0;10;0;0;0;0;0;
146;Ooffffereeng ooff Bluud;Blutopfer;Ileete-a Spell. Yuoo gaeeen 8..20 Inergy.;1;4;22;4;0;1;.25;15;0;20;1;0;0;0;0;
147;Daerk Foory;Dunkle Wut;Inchuntment Spell. Inchunts paerty members (5 secunds). Zeese-a paerty members gaeeen oone-a streeke-a ooff aedrenaeleene-a iaech teeme-a zeey heet veet un aettaeck. 50% faeeeloore-a chunce-a unless Bluud Maegeec 5 oor mure-a.;1;4;23;4;0;10;.75;5;0;17;0;0;0;0;0;
148;Oorder ooff zee Faempure-a;Orden des Vampirs;Ileete-a Inchuntment Spell. Inchunts aell paerty members (5 secunds.) Zeese-a paerty members steael 3..16 Heaelt veet iaech physeecael daemaege-a aettaeck. Paerty members under unuzeer Necrumuncer inchuntment aere-a nut aeffffected.;1;4;23;4;0;5;2;5;0;17;1;0;0;0;0;
149;Plaegooe-a Sendeeng;Pest aussenden;Spell. Trunsffer 1..3 cundeeshuns und their remaeeeneeng dooraeshuns frum yuoorselff tu taerget fue-a und aell aedjaecent fues.;1;7;22;4;0;1;1;5;0;10;0;0;0;0;0;
150;Maerk ooff Paeeen;Zeichen des Schmerzes;Hex Spell. (30 secunds.) Deaels 10..40 daemaege-a tu aedjaecent fues vhenefer taerget fue-a taekes physeecael daemaege-a.;0;7;24;4;0;10;1;20;0;0;0;0;0;0;0;
151;Feaest ooff Curroopshun;Schmaus der Verdorbenheit;Ileete-a Spell. Deaels 16..80 daemaege-a tu taerget und aedjaecent fues. Steael 8..40 Heaelt frum iaech hexed fue-a.;1;7;22;4;0;15;2;15;0;0;1;0;0;0;0;
152;Taeste-a ooff Deaet;Geschmack des Todes;Spell. Steaels 100..400 Heaelt frum aelleeed undeaed serfunt.;0;5;22;4;0;5;.25;0;0;0;0;0;0;0;0;
153;Faempureec Gaeze-a;Vampir-Starren;Spell. Steaels 18..60 Heaelt.;0;4;22;4;0;10;1;8;0;0;0;0;0;0;0;
154;Plaegooe-a Tuooch;Pest-Berührung;Tuooch Skeell. Trunsffers 1..3 cundeeshuns frum yuoorselff tu taerget fue-a.;0;7;1;4;0;5;.75;0;0;0;0;0;0;0;0;
155;Feele-a Tuooch;Abscheuliche Berührung;Tuooch Skeell. Deaels 20..65 daemaege-a.;0;5;1;4;0;10;.75;2;0;0;0;0;0;0;0;
156;Faempureec Tuooch;Vampir-Berührung;Tuooch Skeell. Steaels 29..74 Heaelt.;1;4;1;4;0;15;.75;2;0;0;0;0;0;0;0;
157;Bluud Reetooael;Blutritual;Inchuntment Spell. (8..14 secunds.) +3 Inergy regeneraeshun. Cunnut selff-taerget.;1;4;23;4;0;5;1;2;0;17;0;0;0;0;0;
158;Tuooch ooff Aeguny;Berührung der Qual;Tuooch Skeell. Deaels 20..58 daemaege-a.;1;4;1;4;0;1;.75;3;0;10;0;0;0;0;0;
159;Veaekee Aermur;Rüstung schwächen;Spell. Aelsu aeffffects aedjaecent fues. Inffleects Craecked Aermur cundeeshun (5..20 secunds).;0;7;22;4;0;5;.5;5;0;0;0;0;0;0;0;
160;Veendburne-a Speed;Windgeschwindigkeit;Inchuntment Spell. (5..13 secunds.) Taerget aelly mufes 33% faester.;1;8;23;6;0;10;.75;5;0;0;0;0;0;0;0;
162;Gaele-a;Orkan;Spell. Cooses knuck-doon. 50% faeeeloore-a chunce-a unless Aeur Maegeec 5 oor mure-a.;0;8;22;6;0;10;1;5;0;0;0;0;10;0;0;
163;Vhurlveend;Wirbelsturm;Spell. Heets fues aedjaecent tu yuoo. Deaels 15..75 culd daemaege-a. Cooses knuck-doon tu aettaeckeeng fues. Streekes neaerby insteaed ooff aedjaecent iff Oofercaest.;1;8;22;6;0;5;.75;8;0;0;0;0;0;0;0;
164;Ilementael Aettoonement;Elementareinstimmung;Ileete-a Inchuntment Spell. (25..60 secunds.) Yuoor ilementael aettreebootes aere-a increaesed by +1..2. Yuoo gaeeen 1 ploos 50% ooff zee baese-a Inergy cust ooff uny Aeur, Fure-a, Vaeter, und Iaert Maegeec skeells yuoo use-a.;0;12;23;6;0;10;1;20;0;0;1;0;0;0;0;
165;Aermur ooff Iaert;Erdrüstung;Inchuntment Spell. (30 secunds.) Yuoo haefe-a +24..60 aermur. Yuoo mufe-a 50..14% slooer.;0;9;23;6;0;10;.75;15;0;0;0;0;0;0;0;
166;Keeneteec Aermur;Kinetik-Rüstung;Inchuntment Spell. (12 secunds.) Yuoo haefe-a +20..80 aermur. Renooael bunoos: caest a spell.;1;9;23;6;0;15;3;30;0;0;0;0;0;0;0;
167;Iroopshun;Eruption;Spell. Deaels 10..40 iaert daemaege-a iaech secund (5 secunds). Heets fues neaer taerget's ineeteeael lucaeshun. Inffleects Bleendness cundeeshun (10 secunds).;1;9;22;6;0;25;2;30;0;0;0;0;0;0;0;
168;Maegneteec Oora;Magnet-Aura;Inchuntment Spell. (1..8 secunds.) Bluck zee next aettaeck aegaeeenst yuoo und refflect 10..50 daemaege-a tu zee aettaecker. Iff yuoo aere-a Oofercaest, inchunt paerty members in iaershut.;1;9;23;6;0;10;1;12;0;0;0;0;0;0;0;
169;Iaert Aettoonement;Erdeinstimmung;Inchuntment Spell. (36..60 secunds.) Yuoo gaeeen 1 Inergy ploos 30% ooff zee Inergy cust vhee yuoo use-a un Iaert Maegeec skeell.;0;9;23;6;0;10;1;30;0;0;0;0;0;0;0;
170;Iaerthqooaeke-a;Erdbeben;Spell. Deaels 26..100 iaert daemaege-a. Aelsu heets fues neaer taerget. Cooses knuck-doon.;1;9;22;6;0;25;3;15;0;0;0;0;10;0;0;
171;Stuneeng;Steinigung;Spell. Prujecteele-a: deaels 45..105 iaert daemaege-a. Cooses knuck-doon iff taerget fue-a is Veaekened.;0;9;22;6;0;15;1;5;0;0;0;0;0;0;0;
172;Stune-a Daeggers;Steindolche;Spell. Tvu prujecteeles: iaech deaels 8..33 iaert daemaege-a. Iff Oofercaest, coose-a Bleedeeng fur 1..5 secunds.;0;9;22;6;0;5;1;0;0;0;0;0;0;0;0;
173;Graespeeng Iaert;Zupackende Erde;Hex Spell. Hexes fues neaer yuoo (5..20 secunds). Zeese-a fues mufe-a 50% slooer. Bork! Bork! Bork!;1;9;24;6;0;10;.75;12;0;0;0;0;0;0;0;
174;Aefftershuck;Nachbeben;Spell. Deaels 15..85 iaert daemaege-a tu neaerby fues. Deaels 15..85 mure-a iaert daemaege-a tu knucked doon fues.;0;9;22;6;0;10;.75;10;0;0;0;0;0;0;0;
175;Vaerd Aegaeeenst Ilements;Abwehr gegen Elemente;Vaerd Spell. (8..20 secunds.) Aelleees in thees vaerd haefe-a +24 aermur aegaeeenst ilementael daemaege-a. Spureets aere-a unaeffffected.;1;9;26;6;0;10;1;20;0;0;0;0;0;0;0;
176;Vaerd Aegaeeenst Melee-a;Abwehr gegen Nahkampf;Vaerd Spell. (5..20 secunds.) Aelleees in thees vaerd haefe-a a 50% chunce-a tu bluck melee-a aettaecks. Aelleeed spureets aere-a nut aeffffected.;0;9;26;6;0;15;1;30;0;0;0;0;0;0;0;
177;Vaerd Aegaeeenst Fues;Abwehr gegen Feinde;Vaerd Spell. (8..20 secunds.) Fues in thees vaerd mufe-a 50% slooer. Bork! Bork! Bork!;0;9;26;6;0;15;1;20;0;0;0;0;0;0;0;
178;Izeer Prudeegy;Ätherwunder;Ileete-a Inchuntment Spell. (8..20 secunds.) Yuoo haefe-a +6 Inergy regeneraeshun. Ind iffffect: luse-a 2 Heaelt fur iaech pueent ooff Inergy yuoo haefe-a. Luse-a aell inchuntments.;1;12;23;6;0;5;1;5;0;0;1;0;10;0;0;
179;Incendeeaery Bunds;Brandbänder;Hex Spell. (3 secunds.) Ind iffffect: deaels 20..80 fure-a daemaege-a und inffleects Boorneeng cundeeshun (1..3 secunds) tu fues neaer yuoor taerget. Aelsu treeggers iff fue-a deees.;1;10;24;6;0;10;1;7;0;0;0;0;5;0;0;
180;Oora ooff Resturaeshun;Wiederherstellungs-Aura;Inchuntment Spell. (60 secunds.) Yuoo gaeeen 0..1 Inergy und aere-a heaeled fur 200..500% ooff zee Inergy cust iaech teeme-a yuoo caest a spell.;0;12;23;6;0;5;.25;20;0;0;0;0;0;0;0;
181;Izeer Renooael;Äthererneuerung;Ileete-a Inchuntment Spell. (5..20 secunds.) Iaech teeme-a yuoo caest a spell, yuoo gaeeen 1..4 Inergy und 5..20 Heaelt fur iaech inchuntment oon yuoo.;1;12;23;6;0;10;1;30;0;0;1;0;0;0;0;
182;Cunjoore-a Flaeme-a;Flammenbeschwörung;Inchuntment Spell. (60 secunds.) Yuoor aettaecks heet fur +5..20 fure-a daemaege-a. Nu iffffect unless yuoor veaepun deaels fure-a daemaege-a.;0;10;23;6;0;10;1;30;0;0;0;0;0;0;0;
183;Inffernu;Inferno;Spell. Deaels 30..135 fure-a daemaege-a tu fues aedjaecent tu yuoo.;0;10;22;6;0;10;.75;10;0;0;0;0;0;0;0;
184;Fure-a Aettoonement;Feuereinstimmung;Inchuntment Spell. (36..60 secunds.) Yuoo gaeeen 1 Inergy ploos 30% ooff zee Inergy cust vhee yuoo use-a a Fure-a Maegeec skeell.;0;10;23;6;0;10;1;30;0;0;0;0;0;0;0;
185;Meend Boorn;Geistige Verbrennung;Ileete-a Spell. Deaels 15..60 fure-a daemaege-a. Iff yuoo haefe-a mure-a Inergy thun taerget fue-a, deaels 15..60 mure-a fure-a daemaege-a und inffleects Boorneeng (1..10 secunds). Aelsu heets aedjaecent fues.;0;10;22;6;0;5;1;5;0;0;1;0;5;0;0;
186;Furebaell;Feuerball;Spell. Prujecteele-a: deaels 7..112 fure-a daemaege-a tu taerget und neaerby fues.;0;10;22;6;0;10;1.5;7;0;0;0;0;0;0;0;
187;Meteur;Meteor;Spell. Deaels 7..112 fure-a daemaege-a und cooses knuck-doon. Aelsu heets fues aedjaecent tu taerget fue-a.;0;10;22;6;0;5;2;30;0;0;0;0;10;0;0;
188;Flaeme-a Boorst;Flammenstoß;Spell. Deaels 15..120 fure-a daemaege-a tu aell fues neaer yuoo.;1;10;22;6;0;15;.75;5;0;0;0;0;0;0;0;
189;Rudgurt's Infucaeshun;Anrufung von Rodgort;Spell. Deaels 15..120 fure-a daemaege-a. Aelsu aeffffects fues neaer yuoor taerget. Inffleects Boorneeng cundeeshun (1..3 secunds).;1;10;22;6;0;25;2;8;0;0;0;0;0;0;0;
190;Maerk ooff Rudgurt;Zeichen des Rodgort;Hex Spell. Aelsu hexes fues neaer yuoor taerget (10..35 secunds). Inffleects Boorneeng cundeeshun (1..4 secunds) vhee zeese-a fues taeke-a fure-a daemaege-a. Bork! Bork! Bork!;1;10;24;6;0;15;1;15;0;0;0;0;0;0;0;
191;Immulaete-a;Feueropfer;Spell. Deaels 20..75 fure-a daemaege-a. Inffleects Boorneeng cundeeshun (1..3 secunds).;0;10;22;6;0;10;1;5;0;0;0;0;0;0;0;
192;Meteur Shooer;Meteorschauer;Spell. Deaels 7..112 fure-a daemaege-a und cooses knuck-doon ifery 3 secunds (9 secunds). Heets fues aedjaecent tu taerget's ineeteeael lucaeshun.;1;10;22;6;0;25;5;60;0;0;0;0;10;0;0;
193;Phueneex;Phönix;Spell. Prujecteele-a: deaels 10..60 fure-a daemaege-a tu taerget und neaerby fues. Heaels aelleees fur 20..80 iff yuoo aere-a Oofercaest.;1;10;22;6;0;10;1.5;7;0;0;0;0;0;0;0;
194;Flaere-a;Feuergeschoss;Spell. Prujecteele-a: deaels 20..65 fure-a daemaege-a. Iff Oofercaest, streekes aedjaecent.;0;10;22;6;0;5;1;0;0;0;0;0;0;0;0;
195;Laefa Funt;Lavabecken;Spell. Deaels 5..50 fure-a daemaege-a iaech secund (5 secunds). Heets fues aedjaecent tu yuoor ineeteeael lucaeshun. Iff Oofercaest, runge-a increaesed tu neaerby.;1;10;22;6;0;10;1.5;4;0;0;0;0;0;0;0;
196;Seaereeng Heaet;Sengende Hitze;Spell. Deaels 10..40 fure-a daemaege-a iaech secund (5 secunds). Heets fues neaer taerget's ineeteeael lucaeshun. Ind iffffect: inffleects Boorneeng cundeeshun (3 secunds).;1;10;22;6;0;15;2;25;0;0;0;0;0;0;0;
197;Fure-a Sturm;Feuersturm;Spell. Deaels 5..35 fure-a daemaege-a iaech secund (10 secunds). Heets fues aedjaecent tu taerget's ineeteeael lucaeshun.;0;10;22;6;0;10;2;20;0;0;0;0;0;0;0;
198;Glyph ooff Ilementael Pooer;Glyphe der Elementarkraft;Glyph. (25 secunds.) Buusts yuoor ilementael aettreebootes by +2 fur yuoor next 10 spells.;0;-1;16;6;0;5;1;5;0;0;0;0;0;0;0;
199;Glyph ooff Inergy;Glyphe der Energie;Ileete-a Glyph. Yuoor next 1..3 spells do nut coose-a Oofercaest und cost 10..25 less Inergy. Gaeeen 1..2 tu aell ilementael aettreebootes.;1;12;16;6;0;5;1;25;0;0;1;0;0;0;0;
200;Glyph ooff Lesser Inergy;Glyphe der geringeren Energie;Glyph. (15 secunds.) Yuoor next 2 spells cust 10..18 less Inergy.;0;12;16;6;0;5;1;30;0;0;0;0;0;0;0;
201;Glyph ooff Cuncentraeshun;Glyphe der Konzentration;Glyph. (15 secunds.) Yuoor next 1 spells cunnut be-a interroopted und are unaeffffected by zee Daezed cundeeshun. Bork! Bork! Bork!;1;-1;16;6;0;5;1;10;0;0;0;0;0;0;0;
202;Glyph ooff Saecreeffeece-a;Glyphe der Opferung;Glyph. (15 secunds.) Yuoor next spell caests instuntly boot taekes un aeddeeshunael 30 secunds tu rechaerge-a. Inds iff yuoo use-a a nun-spell skeell.;1;-1;16;6;0;5;1;15;0;0;0;0;0;0;0;
203;Glyph ooff Renooael;Glyphe der Erneuerung;Ileete-a Glyph. (15 secunds.) Yuoor next spell rechaerges instuntly.;1;-1;16;6;0;5;1;10;0;0;1;0;0;0;0;
204;Roost;Rost;Hex Spell. Deaels 10..85 culd daemaege-a tu taerget und aedjaecent fues. Hexes taerget und aedjaecent fues (5..20 secunds). Duoobles seegnet aecteefaeshun teeme-a. Interroopts und deesaebles seegnets fur 1..10 secunds iff yuoo aere-a Oofercaest.;0;11;24;6;0;10;1;8;0;0;0;0;0;0;0;
205;Leeghtneeng Soorge-a;Blitzwelle;Ileete-a Hex Spell. (3 secunds.) Ind iffffect: deaels 14..100 leeghtneeng daemaege-a, cooses knuck-doon, und inffleects Craecked Aermur (5..20 secunds). 25% aermur penetraeshun.;0;8;24;6;0;10;1;10;0;0;1;0;0;0;0;
206;Aermur ooff Frust;Frostrüstung;Inchuntment Spell. (10..34 secunds.) Yuoo gaeeen +40 aermur aegaeeenst physeecael daemaege-a und haefe-a +1 Vaeter Maegeec.;1;11;23;6;0;5;1;20;0;0;0;0;0;0;0;
207;Cunjoore-a Frust;Frost beschwören;Inchuntment Spell. (60 secunds.) Yuoor aettaecks heet fur +5..20 culd daemaege-a. Nu iffffect unless yuoor veaepun deaels culd daemaege-a.;0;11;23;6;0;10;1;30;0;0;0;0;0;0;0;
208;Vaeter Aettoonement;Wassereinstimmung;Inchuntment Spell. (36..60 secunds.) Yuoo gaeeen 1 Inergy ploos 30% ooff zee Inergy cust vhee yuoo use-a a Vaeter Maegeec skeell.;0;11;23;6;0;10;1;30;0;0;0;0;0;0;0;
209;Meend Freeze-a;Geistige Erfrierung;Ileete-a Hex Spell. Deaels 10..60 culd daemaege-a. Iff yuoo haefe-a mure-a Inergy thun taerget fue-a, deaels +10..60 culd daemaege-a und cooses 90% slooer mufement (1..5 secunds). Bork! Bork! Bork!;0;11;24;6;0;5;1;5;0;0;1;0;5;0;0;
210;Ice-a Preesun;Eisgefängnis;Hex Spell. (8..20 secunds.) Taerget fue-a mufes 66% slooer.;1;11;24;6;0;10;2;30;0;0;0;0;0;0;0;
211;Ice-a Speekes;Eisdornen;Hex Spell. Aelsu hexes fues aedjaecent tu taerget (2..6 secunds). Zeese-a fues mufe-a 66% slooer. Ineeteeael iffffect: deaels 20..80 culd daemaege-a.;0;11;24;6;0;15;1.5;10;0;0;0;0;0;0;0;
212;Fruzee Boorst;Frostexplosion;Hex Spell. Hexes fues neaer yuoo. Zeese-a fues mufe-a 66% slooer (3..8 secunds). Ineeteeael iffffect: deaels 10..85 culd daemaege-a tu fues neaer yuoo.;1;11;24;6;0;15;.75;8;0;0;0;0;0;0;0;
213;Shaerd Sturm;Scherbensturm;Hex Spell. Prujecteele-a: deaels 10..85 culd daemaege-a. Taerget fue-a mufes 66% slooer (2..6 secunds).;1;11;24;6;0;10;1;10;0;0;0;0;0;0;0;
214;Ice-a Speaer;Eisspeer;Inchuntment Spell. Prujecteele-a: deaels 10..60 culd daemaege-a. Gaeeen +1..4 Heaelt regeneraeshun fur 5 secunds iff Oofercaest.;0;11;23;6;0;5;1;0;0;0;0;0;0;0;0;
215;Maeelstrum;Strudel;Spell. Deaels 10..25 culd daemaege-a und interroopts spells iaech secund (10 secunds). Heets fues aedjaecent tu taerget's ineeteeael lucaeshun.;0;11;22;6;0;15;1.5;20;0;0;0;0;10;0;0;
216;Irun Meest;Eisennebel;Inchuntment Spell. (8..15 secunds.) Gaeeen +15 aermur. Aeur Maegeec spells thaet taerget a fue-a aecteefaete-a und rechaerge-a 33% faester, boot yuoo aere-a Oofercaest by 2 pueents.;1;9;23;6;0;10;1;20;0;0;0;0;0;0;0;
217;Crystael Vaefe-a;Kristallwelle;Spell. Deaels 10..70 daemaege-a tu aell fues aedjaecent tu yuoo. Thuse-a fues luse-a aell cundeeshuns und taeke-a 5..15 daemaege-a fur iaech cundeeshun remufed.;1;9;22;6;0;15;.75;15;0;0;0;0;0;0;0;
218;Oobseedeeun Flesh;Obsidianfleisch;Ileete-a Inchuntment Spell. (8..20 secunds.) Yuoo haefe-a +20 aermur und inemy spells cunnut taerget yuoo. Yuoo cunnut aettaeck und haefe-a -2 inergy degeneraeshun.;0;9;23;6;0;25;1;30;0;0;1;0;0;0;0;
219;Oobseedeeun Flaeme-a;Obsidianflamme;Spell. Deaels 22..112 daemaege-a.;0;9;22;6;0;5;1.5;5;0;0;0;0;5;0;0;
220;Bleendeeng Flaesh;Blitzblendung;Spell. Inffleects Bleendness cundeeshun (3..8 secunds).;0;8;22;6;0;10;.75;8;0;0;0;0;0;0;0;
221;Cunjoore-a Leeghtneeng;Blitzbeschwörung;Inchuntment Spell. (60 secunds.) Yuoor aettaecks heet fur +5..20 leeghtneeng daemaege-a. Nu iffffect unless yuoor veaepun deaels leeghtneeng daemaege-a.;0;8;23;6;0;10;1;30;0;0;0;0;0;0;0;
222;Leeghtneeng Streeke-a;Blitzschlag;Hex Spell. Deaels 10..60 leeghtneeng daemaege-a. 25% aermur penetraeshun. Hex fur 3 secunds iff Oofercaest. Ind iffffect: deaels 20..40 leeghtneeng daemaege-a.;0;8;24;6;0;5;1;5;0;0;0;0;0;0;0;
223;Chaeeen Leeghtneeng;Kettenblitz;Spell. Deaels 10..85 leeghtneeng daemaege-a. Aelsu heets tvu fues neaer yuoor taerget. 25% aermur penetraeshun.;1;8;22;6;0;10;2;6;0;0;0;0;5;0;0;
224;Inerfaeteeng Chaerge-a;Schwächende Aufladung;Spell. Deaels 25..50 leeghtneeng daemaege-a. Inffleects Veaekness cundeeshun (5..20 secunds). 25% aermur penetraeshun.;0;8;22;6;0;10;1;8;0;0;0;0;0;0;0;
225;Aeur Aettoonement;Lufteinstimmung;Inchuntment Spell. (36..60 secunds.) Yuoo gaeeen 1 Inergy ploos 30% ooff zee Inergy cust vhee yuoo use-a un Aeur Maegeec skeell.;0;8;23;6;0;10;1;30;0;0;0;0;0;0;0;
226;Meend Shuck;Geistiger Schock;Ileete-a Spell. Deaels 10..50 leeghtneeng daemaege-a. Iff yuoo haefe-a mure-a Inergy thun taerget fue-a, deaels +10..50 leeghtneeng daemaege-a und cooses knuckdoon. 25% aermur penetraeshun.;1;8;22;6;0;5;1;8;0;0;1;0;5;0;0;
227;Gleemmereeng Maerk;Schimmerndes Zeichen;Ileete-a Hex Spell. (10 secunds.) Deaels 5..25 daemaege-a iaech secund tu taerget und aedjaecent fues. Inffleects Bleendness oon fues useeng aettaeck skeells. Inds iff yuoo use-a a skeell thaet taergets thees fue-a.;1;8;24;6;0;10;1;15;0;0;1;0;0;0;0;
228;Thoonderclaep;Donnerschlag;Ileete-a Spell. Deaels 10..50 leeghtneeng daemaege-a. Aelsu streekes neaerby fues. Inffleects Craecked Aermur und Veaekness (5..20 secunds). Cooses interroopt. 25% aermur penetraeshun.;1;8;22;6;0;10;1;8;0;0;1;0;0;0;0;
229;Leeghtneeng Oorb;Kugelblitz;Spell. Prujecteele-a: deaels 10..100 leeghtneeng daemaege-a. 25% aermur penetraeshun.;0;8;22;6;0;10;2;5;0;0;0;0;0;0;0;
230;Leeghtneeng Jaefeleen;Blitzspeer;Spell. Prujecteele-a: deaels 15..50 leeghtneeng daemaege-a. Interroopts iff yuoor taerget is aettaeckeeng. 25% aermur penetraeshun. Streekes aell fues betveee yuoo und yuoor taerget.;1;8;22;6;0;5;1;5;0;0;0;0;0;0;0;
231;Shuck;Schock;Tuooch Skeell. Deaels 10..60 leeghtneeng daemaege-a. Cooses knuck-doon. 25% aermur penetraeshun.;1;8;1;6;0;5;.75;10;0;0;0;0;10;0;0;
232;Leeghtneeng Tuooch;Blitz-Berührung;Tuooch Skeell. Deaels 10..60 leeghtneeng daemaege-a. Aelsu heets fues aedjaecent tu taerget fue-a. Inffleects Bleend (1..4 secunds) und Craecked Aermur (1..10 secunds) oon aell stroock fues. 25% aermur penetraeshun.;0;8;1;6;0;5;.75;5;0;0;0;0;0;0;0;
233;Svurleeng Oora;Wirbelnde Aura;Inchuntment Spell. (3..7 secunds.) Geefes 1..6 Heaelt regeneraeshun und a 50% chunce-a tu bluck prujecteeles. Iff Oofercaest, aelsu inchunts paerty members in iaershut.;1;11;23;6;0;10;1;15;0;0;0;0;0;0;0;
234;Deep Freeze-a;Tiefgefrieren;Hex Spell. Aelsu hexes fues in zee aerea ooff yuoor taerget (10 secunds). Zeese-a fues mufe-a 66% slooer. Ineeteeael iffffect: deaels 10..85 culd daemaege-a.;0;11;24;6;0;25;2;15;0;0;0;0;0;0;0;
235;Bloorred Feeseeun;Verschwommene Sicht;Hex Spell. Aelsu hexes fues aedjaecent tu taerget (4..10 secunds). Zeey haefe-a 50% chunce-a tu meess.;0;11;24;6;0;10;1;12;0;0;0;0;0;0;0;
236;Meest Furm;Nebelform;Ileete-a Inchuntment Spell. (10..45 secunds.) Taeke-a 33% less daemaege-a frum fues hexed veet Vaeter Maegeec. Heaels nun-spureet aelleees in iaershut fur 50..250% ooff zee Inergy cust ooff yuoor ilementael spells. Bork! Bork! Bork!;1;11;23;6;0;5;1;20;0;0;1;0;0;0;0;
237;Vaeter Treedent;Wasserdreizack;Ileete-a Spell. Faest prujecteele-a: deaels 10..90 culd daemaege-a und knucks doon mufeeng fues. Shuuts 2 aeddeeshunael prujecteeles aet aedjaecent fues.;1;11;22;6;0;5;1;3;0;0;1;0;0;0;0;
238;Aermur ooff Meest;Nebelrüstung;Inchuntment Spell. (8..20 secunds.) Yuoo haefe-a +10..40 aermur und mufe-a 33% faester.;1;11;23;6;0;10;1;30;0;0;0;0;0;0;0;
239;Vaerd Aegaeeenst Haerm;Abwehr gegen Schaden;Ileete-a Vaerd Spell. (5..15 secunds.) Aelleees in thees vaerd haefe-a +1..3 Heaelt regeneraeshun, +12..24 aermur, und +12..24 aeddeeshunael aermur aegaeeenst ilementael daemaege-a. Spureets aere-a unaeffffected. Thees spell is deesaebled fur 20 secunds.;1;11;26;6;0;15;1;20;0;0;1;0;0;0;0;
240;Smeete-a;Peinigung;Spell. Deaels 10..55 huly daemaege-a. Deaels 10..35 mure-a huly daemaege-a iff taerget is aettaeckeeng.;1;14;22;3;0;10;1;10;0;0;0;0;0;0;0;
241;Leeffe-a Bund;Lebensbindung;Inchuntment Spell. Haelff ooff zee daemaege-a taerget aelly taekes frum aettaecks is redurected tu yuoo. Redurected daemaege-a is redooced by 3..30. Cunnut selff-taerget.;0;15;23;3;-1;10;2;0;0;0;0;0;0;0;0;
242;Baelthaezaer's Spureet;Balthasars Geist;Inchuntment Spell. Taerget aelly gaeeens aedrenaeleene-a und 1 Inergy vhee taekeeng daemaege-a.;1;14;23;3;-1;10;2;0;0;0;0;0;0;0;0;
243;Strengt ooff Hunur;Stärke der Ehre;Inchuntment Spell. Taerget aelly deaels 5..25 mure-a daemaege-a in melee-a. Bork! Bork! Bork!;0;14;23;3;-1;10;2;15;0;0;0;0;0;0;0;
244;Leeffe-a Aettoonement;Lebenseinstimmung;Inchuntment Spell. Taerget aelly gaeeens 14..50% mure-a Heaelt vhee heaeled. Thees aelly deaels 30% less daemaege-a veet aettaecks.;1;15;23;3;-1;10;2;0;0;0;0;0;0;0;0;
245;Prutecteefe-a Spureet;Schutzgeist;Inchuntment Spell. (5..23 secunds.) Incumeeng daemaege-a is redooced tu 10% ooff taerget aelly's maexeemoom Heaelt. Bork! Bork! Bork!;0;15;23;3;0;10;.25;5;0;0;0;0;0;0;0;
246;Deefeene-a Interfenshun;Göttliche Intervention;Inchuntment Spell. (10 secunds.) Negaetes zee next faetael daemaege-a taerget aelly taekes. Negaeshun iffffect: heaels fur 26..240.;0;16;23;3;0;5;.25;30;0;0;0;0;0;0;0;
247;Symbul ooff Vraet;Symbol des Zorns;Spell. Deaels 10..40 huly daemaege-a iaech secund (5 secunds). Heets fues aedjaecent tu taerget fue-a's ineeteeael lucaeshun.;1;14;22;3;0;5;1;20;0;0;0;0;0;0;0;
248;Retreebooshun;Vergeltung;Inchuntment Spell. Deaels 33% ooff iaech aettaeck's daemaege-a (maexeemoom 5..20) baeck tu zee suoorce-a.;0;14;23;3;-1;10;2;0;0;0;0;0;0;0;0;
249;Huly Vraet;Heiliger Zorn;Inchuntment Spell. (10..30 secunds.) Deaels 66% ooff iaech aettaeck's daemaege-a (maexeemoom 5..50) baeck tu suoorce-a. Inds aeffter deaeleeng daemaege-a 1..10 teeme-as. Cunnut selff-taerget.;1;14;23;3;0;10;1;10;0;0;0;0;0;0;0;
250;Issence-a Bund;Essenzbindung;Inchuntment Spell. Yuoo gaeeen 1 Inergy vhenefer taerget aelly taekes physeecael oor ilementael daemaege-a.;1;-1;23;3;-1;10;2;0;0;0;0;0;0;0;0;
251;Scuoorge-a Heaeleeng;Geißelheilung;Hex Spell. (30 secunds.) Vhenefer taerget fue-a is heaeled, zee heaeler taekes 15..80 huly daemaege-a.;0;14;24;3;0;10;2;5;0;0;0;0;0;0;0;
252;Buneesh;Verbannung;Spell. Deaels 20..65 huly daemaege-a. Deaels duooble-a daemaege-a tu soommuned creaetoores.;0;14;22;3;0;5;1;10;0;0;0;0;0;0;0;
253;Scuoorge-a Saecreeffeece-a;Geißelopfer;Hex Spell. Aelsu hexes fues aedjaecent tu taerget (8..20 secunds). Duoobles Heaelt saecreeffeece-a.;1;14;24;3;0;5;1;5;0;0;0;0;0;0;0;
254;Feeguruoos Spureet;Energischer Geist;Inchuntment Spell. (30 secunds.) Heaels fur 5..20 iaech teeme-a taerget aelly aettaecks oor caests a spell.;1;13;23;3;0;5;.25;4;0;0;0;0;0;0;0;
255;Vaetchffool Spureet;Wachsamer Geist;Inchuntment Spell. +2 Heaelt regeneraeshun. Ind iffffect: heaels fur 30..180.;1;16;23;3;-1;15;1;5;0;0;0;0;0;0;0;
256;Blessed Oora;Gesegnete Aura;Inchuntment Spell. Munk inchuntments yuoo caest laest 10..35% lunger.;1;16;23;3;-1;10;2;2;0;0;0;0;0;0;0;
257;Aeegees;Aegis;Inchuntment Spell. Inchunts aell paerty members veetheen iaershut (6..15 secunds.) 50% chunce-a tu bluck.;0;15;23;3;0;10;2;30;0;0;0;0;0;0;0;
258;Gooaerdeeun;Wächter;Inchuntment Spell. (2..7 secunds.) 50% chunce-a tu bluck.;0;15;23;3;0;5;1;6;0;0;0;0;0;0;0;
259;Sheeeld ooff Defflecshun;Ablenkungsschild;Ileete-a Inchuntment Spell. (3..10 secunds.) 75% chunce-a tu bluck. +15..30 aermur.;1;15;23;3;0;10;.25;5;0;0;1;0;0;0;0;
260;Oora ooff Faeeet;Glaubensaura;Ileete-a Inchuntment Spell. (3 secunds.) Taerget aelly gaeeens 50..100% mure-a Heaelt vhee heaeled und taekes 5..50% less daemaege-a.;1;15;23;3;0;5;.25;8;0;0;1;0;0;0;0;
261;Sheeeld ooff Regeneraeshun;Schild der Regeneration;Ileete-a Inchuntment Spell. (5..13 secunds.) +3..10 Heaelt regeneraeshun und +20..45 aermur.;0;15;23;3;0;10;.25;8;0;0;1;0;0;0;0;
262;Sheeeld ooff Joodgment;Schild des Urteils;Ileete-a Inchuntment Spell. (8..20 secunds.) Deaels 5..50 huly daemaege-a tu fues aettaeckeeng taerget aelly. Cooses knuck-doon.;1;14;23;3;0;15;1;45;0;0;1;0;0;0;0;
263;Prutecteefe-a Bund;Band des Schutzes;Inchuntment Spell. Taerget aelly cunnut luse-a mure-a thun 5% maex Heaelt frum a seengle-a aettaeck oor spell. Iaech teeme-a daemaege-a is redooced yuoo luse-a 6..3 Inergy oor thees spell inds.;1;15;23;3;-1;10;2;0;0;0;0;0;0;0;0;
264;Paeceeffeesm;Pazifismus;Hex Spell. (4..8 secunds.) Taerget fue-a cunnut aettaeck. Inds iff thees fue-a taekes daemaege-a.;1;15;24;3;0;10;2;15;0;0;0;0;0;0;0;
265;Aemeety;Freundschaft;Ileete-a Hex Spell. (4..12 secunds.) Fues aedjaecent tu yuoo cunnut aettaeck. Inds oon uny fues thaet taeke-a daemaege-a.;1;15;24;3;0;5;.25;20;0;0;1;0;0;0;0;
266;Peaece-a und Haermuny;Frieden und Harmonie;Ileete-a Inchuntment Spell. Taerget aelly luses 0..9 cundeeshuns und hexes. Cundeeshuns und hexes ixpure-a 90% faester oon thaet aelly (1..3 secunds). Deesaebles yuoor Smeeteeng Praeyers (20 secunds).;1;16;23;3;0;5;.25;10;0;0;1;0;0;0;0;
267;Joodge-a's Inseeght;Einblick des Richters;Inchuntment Spell. (8..20 secunds.) Cunferts taerget aelly's aettaecks tu huly daemaege-a und aedds +20% aermur penetraeshun.;0;14;23;3;0;10;2;10;0;0;0;0;0;0;0;
268;Unyeeeldeeng Oora;Unnachgiebige Aura;Ileete-a Inchuntment Spell. Yuoor Munk spells heael fur +15..60% mure-a Heaelt. Ind iffffect: a rundum oozeer paerty member is resoorrected veet fooll Heaelt und Inergy und telepurted tu yuoor lucaeshun.;1;16;23;3;-1;5;.25;10;0;0;1;0;0;0;0;
269;Maerk ooff Prutecshun;Schutzzeichen;Ileete-a Inchuntment Spell. (10 secunds.) Cunferts incumeeng daemaege-a tu heaeleeng (maexeemoom 6..60). Aell yuoor Prutecshun Praeyers aere-a deesaebled (5 secunds).;1;15;23;3;0;10;.25;15;0;0;1;0;0;0;0;
270;Leeffe-a Baerreeer;Lebenssperre;Ileete-a Inchuntment Spell. Redooces daemaege-a by 20..50%. Cunnut selff-taerget. Iff yuoor Heaelt is beloo 50% vhee taerget taekes daemaege-a, Leeffe-a Baerreeer inds.;1;15;23;3;-1;15;2;5;0;0;1;0;0;0;0;
271;Zeaelut's Fure-a;Eifererfeuer;Inchuntment Spell. (60 secunds.) Vhenefer yuoo use-a a skeell oon un aelly, aell fues aedjaecent tu thaet aelly aere-a heet fur 5..35 fure-a daemaege-a. Daemaege-a cust: yuoo luse-a 1 Inergy.;0;14;23;3;0;10;.25;30;0;0;0;0;0;0;0;
272;Baelthaezaer's Oora;Balthasars Aura;Inchuntment Spell. (8 secunds.) Deaels 10..30 huly daemaege-a iaech secund tu fues aedjaecent tu taerget aelly.;0;14;23;3;0;15;1;20;0;0;0;0;0;0;0;
273;Spell Breaeker;Zauberbrecher;Ileete-a Inchuntment Spell. (5..17 secunds.) Taerget aelly cunnut be-a zee taerget ooff inemy spells.;0;16;23;3;0;15;1;45;0;0;1;0;0;0;0;
274;Heaeleeng Seed;Heilender Samen;Inchuntment Spell. (10 secunds.) Taerget und aedjaecent aelleees gaeeen 3..30 Heaelt vhenefer thees aelly taekes daemaege-a. Cunnut selff-taerget.;0;13;23;3;0;10;2;25;0;0;0;0;0;0;0;
275;Mend Cundeeshun;Zustand bessern;Spell. Remufes oone-a cundeeshun. Remufael iffffect: heaels fur 5..70. Cunnut selff-taerget.;1;15;22;3;0;5;.75;2;0;0;0;0;0;0;0;
276;Resture-a Cundeeshun;Zustand wiederherstellen;Ileete-a Spell. Remufes aell cundeeshuns. Remufael iffffect: heaels fur 10..70 fur iaech cundeeshun remufed. Cunnut selff-taerget.;1;15;22;3;0;5;.75;2;0;0;1;0;0;0;0;
277;Mend Aeeelment;Leiden heilen;Spell. Remufes a cundeeshun. Remufael iffffect: heaels fur 5..70 fur iaech remaeeeneeng cundeeshun.;0;15;22;3;0;5;.75;5;0;0;0;0;0;0;0;
278;Poorge-a Cundeeshuns;Zustände reinigen;Spell. Remufes aell cundeeshuns.;0;-1;22;3;0;5;.25;20;0;0;0;0;0;0;0;
279;Deefeene-a Heaeleeng;Göttliche Heilung;Spell. Heaels yuoo und paerty members veetheen iaershut fur 15..60.;1;16;22;3;0;5;1;12;0;0;0;0;0;0;0;
280;Heael Aerea;Gebiet heilen;Spell. Heaels yuoo und aedjaecent aelleees und fues fur 30..180.;1;13;22;3;0;10;1;5;0;0;0;0;0;0;0;
281;Ooreesun ooff Heaeleeng;Fürbitte der Heilung;Spell. Heaels fur 30..80.;0;13;22;3;0;5;1;2;0;0;0;0;0;0;0;
282;Vurd ooff Heaeleeng;Wort der Heilung;Ileete-a Spell. Heaels fur 5..100. Heaels fur 30..115 mure-a iff taerget aelly is beloo 50% Heaelt.;0;13;22;3;0;5;.75;3;0;0;1;0;0;0;0;
283;Dvaeyna's Keess;Dwaynas Kuss;Spell. Heaels fur 20..65. Heaels fur 15..40 mure-a fur iaech inchuntment und hex oon taerget aelly. Cunnut selff-taerget.;1;13;22;3;0;5;1;3;0;0;0;0;0;0;0;
284;Deefeene-a Buun;Göttlicher Segen;Inchuntment Spell. Vhenefer yuoo caest a Prutecshun Praeyer oor Deefeene-a Faefur spell oon un aelly, thaet aelly is heaeled fur 15..60. Heael cust: yuoo luse-a 1 Inergy.;0;16;23;3;-1;5;.25;10;0;0;0;0;0;0;0;
285;Heaeleeng Hunds;Heilende Hände;Ileete-a Inchuntment Spell. (10 secunds.) Heaels fur 5..35 vhenefer taerget taekes daemaege-a.;1;13;23;3;0;5;.25;15;0;0;1;0;0;0;0;
286;Heael Oozeer;Anderen heilen;Spell. Heaels fur 35..180. Cunnut selff-taerget.;1;13;22;3;0;10;.75;3;0;0;0;0;0;0;0;
287;Heael Paerty;Gruppe heilen;Spell. Heaels inture-a paerty fur 30..75.;0;13;22;3;0;15;2;2;0;0;0;0;0;0;0;
288;Heaeleeng Breeze-a;Heilender Hauch;Inchuntment Spell. (15 secunds.) +4..9 Heaelt regeneraeshun.;0;13;23;3;0;10;1;5;0;0;0;0;0;0;0;
289;Feetael Blesseeng;Lebendige Segnung;Inchuntment Spell. +40..200 maexeemoom Heaelt.;1;15;23;3;-1;10;.75;2;0;0;0;0;0;0;0;
290;Mendeeng;Genesung;Inchuntment Spell. +1..4 Heaelt regeneraeshun.;0;13;23;3;-1;10;2;0;0;0;0;0;0;0;0;
291;Leefe-a Feecaereeuoosly;Ersatzleben;Inchuntment Spell. Yuoo gaeeen 2..17 Heaelt vhenefer taerget aelly heets a fue-a.;1;13;23;3;-1;5;2;0;0;0;0;0;0;0;0;
292;Inffoose-a Heaelt;Leben einflößen;Spell. Heaels fur 100..136% ooff haelff yuoor coorrent Heaelt. Luse-a haelff yuoor coorrent Heaelt. Cunnut selff-taerget.;0;13;22;3;0;10;.25;0;0;0;0;0;0;0;0;
293;Seegnet ooff Defushun;Siegel der Hingabe;Seegnet. Heaels fur 20..120.;0;16;21;3;0;0;2;5;0;0;0;0;0;0;0;
294;Seegnet ooff Joodgment;Siegel des Urteils;Ileete-a Seegnet. Knucks doon taerget. Deaels 15..75 huly daemaege-a tu taerget und aedjaecent fues.;0;14;21;3;0;0;1;20;0;0;1;0;0;0;0;
295;Poorge-a Seegnet;Siegel der Reinigung;Seegnet. Remufes aell hexes und cundeeshuns. Remufael cust: 10 Inergy iaech.;0;-1;21;3;0;0;2;20;0;0;0;0;0;0;0;
296;Bune-a Seegnet;Siegel des Ruins;Seegnet. Deaels 30..60 huly daemaege-a. Cooses knuck-doon iff taerget fue-a is aettaeckeeng.;0;14;21;3;0;0;1;15;0;0;0;0;0;0;0;
297;Blessed Seegnet;Gesegnetes Siegel;Seegnet. Yuoo gaeeen 3 Inergy fur iaech inchuntment yuoo aere-a maeeentaeeeneeng. Yuoo cunnut gaeeen mure-a thun 3..24 Inergy in thees vaey.;0;16;21;3;0;0;2;10;0;0;0;0;0;0;0;
298;Maertyr;Märtyrer;Ileete-a Spell. Trunsffer aell cundeeshuns frum aell aelleees tu yuoo.;0;-1;22;3;0;5;.25;10;0;0;1;0;0;0;0;
299;Sheeeldeeng Hunds;Schützende Hände;Inchuntment Spell. (8 secunds.) Redooces incumeeng daemaege-a und leeffe-a steael by 3..18. Ind iffffect: heaels fur 5..50.;0;15;23;3;0;5;.25;15;0;0;0;0;0;0;0;
300;Cuntemplaeshun ooff Pooreety;Gebot der Reinheit;Skeell. Yuoo gaeeen 0..80 Heaelt und luse-a oone-a hex und oone-a cundeeshun fur iaech inchuntment oon yuoo (maexeemoom 1..8 hexes und cundeeshuns). Yuoo luse-a aell inchuntments.;1;16;1;3;0;5;.25;10;0;0;0;0;0;0;0;
301;Remufe-a Hex;Verhexung entfernen;Spell. Remufes a hex frum taerget aelly.;0;-1;22;3;0;5;1;8;0;0;0;0;0;0;0;
302;Smeete-a Hex;Verhexung zerschlagen;Spell. Remufes a hex frum taerget aelly. Remufael iffffect: deaels 10..85 huly daemaege-a tu fues in zee aerea ooff taerget aelly.;0;14;22;3;0;5;1;12;0;0;0;0;0;0;0;
303;Cunfert Hexes;Verhexungen umwandeln;Spell. Remufes aell hexes. +10 aermur fur iaech Necrumuncer hex remufed (8..20 secunds). Cunnut selff-taerget.;0;15;22;3;0;15;1;12;0;0;0;0;0;0;0;
304;Leeght ooff Dvaeyna;Licht von Dwayna;Spell. Resoorrects aell deaed paerty members in zee aerea (25% Heaelt, zeru Inergy).;1;-1;22;3;0;25;4;20;0;0;0;0;0;0;0;
305;Resoorrect;Wiederbeleben;Spell. Resoorrects taerget paerty member (25% Heaelt, 0 Inergy).;0;-1;22;3;0;10;5;8;0;0;0;0;0;0;0;
306;Reburt;Wiedergeburt;Spell. Resoorrects taerget paerty member (25% Heaelt, 0 Inergy). Telepurts taerget tu yuoo. Deesaebles taerget's skeells (10..3 secunds). Yuoo luse-a aell Inergy.;0;15;22;3;0;10;5;0;0;0;0;0;0;0;0;
307;Refersael ooff Furtoone-a;Umkehrung des Schicksals;Inchuntment Spell. (8 secunds.) Cunferts zee next incumeeng daemaege-a oor leeffe-a steael (maexeemoom 15..80) tu heaeleeng.;0;15;23;3;0;5;.25;2;0;0;0;0;0;0;0;
308;Sooccur;Beistand;Inchuntment Spell. +1 Heaelt regeneraeshun und +1 Inergy regeneraeshun. Cunnut selff-taerget. Yuoo luse-a 1 Inergy iaech teeme-a taerget aelly caests a spell.;1;-1;23;3;-1;5;1;10;0;0;0;0;0;0;0;
309;Huly Feeel;Heiliger Schleier;Inchuntment Spell. Duoobles caesteeng teeme-a ooff hexes caest oon taerget aelly. Ind iffffect: remufes a hex.;0;-1;23;3;-1;5;1;12;0;0;0;0;0;0;0;
310;Deefeene-a Spureet;Göttlicher Geist;Inchuntment Spell. (1..14 secunds.) Munk spells cust yuoo 5 less Inergy. Meeneemoom cust: 1 Inergy.;1;16;23;3;0;10;.25;60;0;0;0;0;0;0;0;
311;Draev Cundeeshuns;Zustände entziehen;Spell. Trunsffers aell cundeeshuns frum taerget aelly tu yuoorselff. Trunsffer iffffect: yuoo gaeeen 6..26 Heaelt fur iaech cundeeshun. Cunnut selff-taerget.;0;15;22;3;0;5;.25;4;0;0;0;0;0;0;0;
312;Huly Streeke-a;Heiliger Schlag;Tuooch Skeell. Deaels 10..55 huly daemaege-a. Deaels 10..55 mure-a huly daemaege-a iff taerget is knucked-doon.;1;14;1;3;0;5;.75;8;0;0;0;0;0;0;0;
313;Heaeleeng Tuooch;Heilende Berührung;Tuooch Spell. Heaels fur 20..80. Duooble-a Heaelt gaeeen frum Deefeene-a Faefur fur thees spell.;0;13;22;3;0;5;.75;5;0;0;0;0;0;0;0;
314;Resture-a Leeffe-a;Leben erneuern;Tuooch Spell. Resoorrects taerget paerty member (20..65% Heaelt, 42..90% Inergy). Bork! Bork! Bork!;1;13;22;3;0;10;4;8;0;0;0;0;0;0;0;
315;Fengeunce-a;Rache;Inchuntment Spell. (30 secunds.) Resoorrects taerget paerty member (fooll Heaelt, fooll Inergy). Thees aelly deaels 25% mure-a daemaege-a und dues nut incoor deaet penaelty. Ind iffffect: thees aelly deees.;1;-1;23;3;0;10;4;30;0;0;0;0;0;0;0;
316;"Tu zee Leemeet!";Bis ans Limit!;Shuoot. (10..20 secunds.) Yuoo haefe-a +10..60 maexeemoom Heaelt. Ineeteeael iffffect: yuoo gaeeen oone-a streeke-a ooff aedrenaeleene-a fur iaech fue-a veetheen iaershut (maexeemoom 1..6).;1;21;20;1;0;5;0;10;0;0;0;0;0;0;0;
317;Baettle-a Raege-a;Kampfwut;Ileete-a Stunce-a. (5..20 secunds.) Yuoo mufe-a 33% faester und gaeeen duooble-a aedrenaeleene-a frum yuoor aettaecks. Inds iff yuoo use-a uny nun-aedrenael skeells.;0;17;29;1;0;0;0;0;3.2;0;1;0;0;0;0;
318;Deffy Paeeen;Schmerz trotzen;Ileete-a Skeell. (20 secunds.) Yuoo haefe-a +90..300 maexeemoom Heaelt, +20 aermur, und taeke-a -1..10 less daemaege-a.;1;17;1;1;0;0;0;0;4.8;0;1;0;0;0;0;
319;Roosh;Ansturm;Stunce-a. (8..20 secunds.) Yuoo mufe-a 25% faester.;1;17;29;1;0;0;0;0;3.2;0;0;0;0;0;0;
320;Haemstreeng;Lähmung;Svurd Aettaeck. Inffleects Creeppled cundeeshun (3..15 secunds).;0;20;10;1;0;5;0;10;0;0;0;0;0;0;0;
321;Veeld Bloo;Rundumschlag;Melee-a Aettaeck. Aelvaeys a creeteecael heet. Remufes a stunce-a. Unbluckaeble-a. Luse-a aell aedrenaeleene-a.;0;-1;3;1;0;5;0;8;0;0;0;0;0;0;0;
322;Pooer Aettaeck;Kraftangriff;Melee-a Aettaeck. Deaels +10..40 daemaege-a.;0;17;3;1;0;5;0;3;0;0;0;0;0;0;0;
323;Desperaeshun Bloo;Verzweiflungsschlag;Melee-a Aettaeck. Deaels +10..40 daemaege-a. Inffleects oone-a ooff zee fullooeeng rundum cundeeshuns: Deep Vuoond (20 secunds), Veaekness (20 secunds), Bleedeeng (25 secunds), oor Creeppled (15 secunds). Yuoo aere-a knucked-doon.;1;21;3;1;0;5;0;7;0;0;0;0;0;0;0;
324;Threell ooff Feectury;Rausch des Sieges;Melee-a Aettaeck. Deaels +20..40 daemaege-a. Iff yuoo haefe-a mure-a Heaelt thun yuoor taerget, gaeeen 1..2 aedrenaeleene-a.;0;21;3;1;0;5;0;8;0;0;0;0;0;0;0;
325;Deestraecteeng Bloo;Ablenkungsschlag;Melee-a Aettaeck. Aelsu aettaecks fues aedjaecent tu yuoor taerget. Interroopts un aecshun. Heets fur nu daemaege-a.;0;-1;3;1;0;5;.5;10;0;0;0;0;0;0;0;
326;Prutectur's Streeke-a;Schlag des Beschützers;Melee-a Aettaeck. Deaels +10..40 daemaege-a iff taerget is mufeeng.;1;17;3;1;0;5;.5;3;0;0;0;0;0;0;0;
327;Greeffffun's Sveep;Greifenschlag;Melee-a Aettaeck. Deaels +5..20 daemaege-a. Cooses knuck-doon und deaels 10..34 daemaege-a iff blucked.;1;17;3;1;0;5;0;8;0;0;0;0;0;0;0;
328;Poore-a Streeke-a;Reiner Schlag;Svurd Aettaeck. Deaels +1..30 daemaege-a. Unbluckaeble-a unless yuoo aere-a in a stunce-a. Bork! Bork! Bork!;1;20;10;1;0;5;0;8;0;0;0;0;0;0;0;
329;Skooll Craeck;Schädel spalten;Ileete-a Melee-a Aettaeck. Interroopts un aecshun. Inffleects Daezed cundeeshun (15 secunds) iff taerget is caesteeng a spell.;1;-1;3;1;0;0;.25;0;6;0;1;0;0;0;0;
330;Cyclune-a Aexe-a;Zyklonaxt;Aexe-a Aettaeck. Deaels +4..12 daemaege-a tu aell fues aedjaecent tu yuoo.;0;18;4;1;0;5;0;4;0;0;0;0;0;0;0;
331;Haemmer Baesh;Hammerstreich;Haemmer Aettaeck. Cooses knuck-doon. Luse-a aell aedrenaeleene-a.;0;19;8;1;0;0;0;0;5.2;0;0;0;0;0;0;
332;Booll's Streeke-a;Bullenstoß;Melee-a Aettaeck. Deaels +5..30 daemaege-a und cooses knuck-doon iff taerget fue-a is mufeeng.;0;17;3;1;0;5;0;10;0;0;0;0;0;0;0;
333;"I Veell Aefenge-a Yuoo!";Ich werde Euch rächen!;Shuoot. Yuoo haefe-a +3..7 Heaelt regeneraeshun und aettaeck 25% faester (10 secunds fur iaech deaed aelly).;1;17;20;1;0;5;0;45;0;0;0;0;0;0;0;
334;Aexe-a Raeke-a;Harkenaxt;Aexe-a Aettaeck. Deaels +4..16 daemaege-a und inffleects Creeppled cundeeshun (15 secunds) iff taerget fue-a haes a Deep Vuoond.;0;18;4;1;0;0;0;0;4.8;0;0;0;0;0;0;
335;Cleaefe-a;Spalten;Ileete-a Aexe-a Aettaeck. Deaels +10..40 daemaege-a und heets 1..2 aedjaecent fue-as fur 10..40 slaesheeng daemaege-a.;0;18;4;1;0;0;0;0;3.2;0;1;0;0;0;0;
336;Ixecooshuner's Streeke-a;Henkerschlag;Aexe-a Aettaeck. Deaels +15..45 daemaege-a.;0;18;4;1;0;0;0;0;7;0;0;0;0;0;0;
337;Deesmember;Zerstückeln;Aexe-a Aettaeck. Inffleects Deep Vuoond cundeeshun (5..20 secunds).;0;18;4;1;0;0;0;0;4.8;0;0;0;0;0;0;
338;Ifeesceraete-a;Ausweiden;Ileete-a Aexe-a Aettaeck. Deaels +10..45 daemaege-a. Inffleects Deep Vuoond cundeeshun (5..20 secunds).;1;18;4;1;0;0;0;0;8;0;1;0;0;0;0;
339;Penetraeteeng Bloo;Durchdringender Schlag;Aexe-a Aettaeck. Deaels +10..25 daemaege-a. 20% aermur penetraeshun.;1;18;4;1;0;0;0;0;4.8;0;0;0;0;0;0;
340;Deesroopteeng Chup;Unterbrechender Hieb;Aexe-a Aettaeck. Interroopts un aecshun. Interroopshun iffffect: interroopted skeell is deesaebled fur +20 secunds.;0;18;4;1;0;0;0;0;5;0;0;0;0;0;0;
341;Sveefft Chup;Schneller Hieb;Aexe-a Aettaeck. Deaels +1..20 daemaege-a. Deaels 1..20 daemaege-a und inffleects Deep Vuoond cundeeshun (20 secunds) iff blucked.;0;18;4;1;0;5;0;4;0;0;0;0;0;0;0;
342;Aexe-a Tveest;Axtdrehung;Aexe-a Aettaeck. Deaels +5..25 daemaege-a und inffleects Veaekness cundeeshun (20 secunds) iff taerget fue-a haes a Deep Vuoond.;1;18;4;1;0;0;0;0;4.8;0;0;0;0;0;0;
343;"Fur Greaet Joosteece-a!";Für höhere Gerechtigkeit!;Shuoot. (20 secunds.) Yuoo gaeeen 100% mure-a aedrenaeleene-a.;0;-1;20;1;0;5;0;45;0;0;0;0;0;0;0;
344;Floorry;Schauer;Stunce-a. (5 secunds). Yuoo aettaeck 33% faester. Yuoo du 25% less daemaege-a.;1;-1;29;1;0;5;0;5;0;0;0;0;0;0;0;
345;Deffenseefe-a Stunce-a;Verteidigungshaltung;Stunce-a. (1..5 secunds.) Yuoo haefe-a 75% chunce-a tu bluck. Ind iffffect: gaeeen oone-a aedrenaeleene-a fur iaech melee-a aettaeck skeell yuoo haefe-a (maexeemoom 0..4). Bork! Bork! Bork!;0;21;29;1;0;0;0;8;4.8;0;0;0;0;0;0;
346;Frenzy;Raserei;Stunce-a. (8 secunds.) Yuoo aettaeck 33% faester. Yuoo taeke-a 175..125% daemaege-a.;0;17;29;1;0;5;0;4;0;0;0;0;0;0;0;
347;Indoore-a Paeeen;Schmerz ertragen;Skeell. (7..18 secunds.) Yuoo haefe-a +90..300 maexeemoom Heaelt.;0;17;1;1;0;5;0;30;0;0;0;0;0;0;0;
348;"Vaetch Yuoorselff!";Passt auf Euch auf!;Shuoot. (10 secunds.) Paerty members in iaershut haefe-a +5..25 aermur. Inds aeffter 10 incumeeng aettaecks.;0;21;20;1;0;0;0;4;3.2;0;0;0;0;0;0;
349;Spreent;Sprinten;Stunce-a. (8..14 secunds.) Yuoo mufe-a 25% faester.;0;17;29;1;0;5;0;15;0;0;0;0;0;0;0;
350;Belly Smaesh;Bauchklatscher;Haemmer Aettaeck. Inffleects Bleendness cundeeshun tu aedjaecent fues (3..7 secunds) iff taerget fue-a is knucked doon.;1;19;8;1;0;5;1;10;0;0;0;0;0;0;0;
351;Meeghty Bloo;Mächtiger Schlag;Haemmer Aettaeck. Deaels +10..40 daemaege-a.;0;19;8;1;0;0;0;0;6.4;0;0;0;0;0;0;
352;Croosheeng Bloo;Vernichtender Schlag;Haemmer Aettaeck. Deaels +1..20 daemaege-a. Inffleects Deep Vuoond cundeeshun iff taerget fue-a is knucked-doon (5..20 secunds).;1;19;8;1;0;5;0;10;0;0;0;0;0;0;0;
353;Croode-a Sveeng;Grober Schwung;Haemmer Aettaeck. Aettaeck aell aedjaecent fues fur +1..20 daemaege-a.;1;19;8;1;0;5;0;5;0;0;0;0;0;0;0;
354;Iaert Shaeker;Erdrüttler;Ileete-a Haemmer Aettaeck. Knucks doon taerget und aedjaecent fues. 50% faeeeloore-a chunce-a unless Haemmer Maestery 5 oor mure-a.;1;19;8;1;0;0;0;0;8;0;1;0;0;0;0;
355;Defaestaeteeng Haemmer;Verheerender Hammer;Ileete-a Haemmer Aettaeck. Cooses knuck-doon. Inffleects Veaekness cundeeshun (5..20 secunds).;0;19;8;1;0;0;0;0;6.4;0;1;0;0;0;0;
356;Irreseesteeble-a Bloo;Brutaler Schlag;Haemmer Aettaeck. Deaels +5..20 daemaege-a. Deaels 5..20 daemaege-a und cooses knuck-doon iff blucked.;0;19;8;1;0;5;0;6;0;0;0;0;0;0;0;
357;Cuoonter Bloo;Gegenschlag;Haemmer Aettaeck. Cooses knuck-doon iff taerget fue-a is aettaeckeeng.;0;19;8;1;0;0;0;0;4;0;0;0;0;0;0;
358;Baeckbreaeker;Rückenbrecher;Ileete-a Haemmer Aettaeck. Deaels +1..20 daemaege-a. Cooses knuckdoon. Knuckdoon laests 4 secunds veet Strengt 8 oor heegher.;1;19;8;1;0;0;0;0;8.8;0;1;0;0;0;0;
359;Heaefy Bloo;Heftiger Schlag;Haemmer Aettaeck. Deaels +1..30 daemaege-a und cooses knuck-doon iff taerget fue-a is Veaekened. Luse-a aell aedrenaeleene-a.;0;19;8;1;0;0;0;0;4.8;0;0;0;0;0;0;
360;Staeggereeng Bloo;Umwerfender Schlag;Haemmer Aettaeck. Inffleects Veaekness cundeeshun (5..20 secunds).;0;19;8;1;0;0;1;0;3.2;0;0;0;0;0;0;
361;Dulyaek Seegnet;Dolyak-Siegel;Seegnet. (8..20 secunds.) Yuoo haefe-a +10..40 aermur und cunnut be-a knucked-doon. Yuoo mufe-a 75% slooer.;1;17;21;1;0;0;0;20;0;0;0;0;0;0;0;
362;Vaerreeur's Coonneeng;Verschlagenheit des Kriegers;Skeell. (5..11 secunds.) Yuoor melee-a aettaecks aere-a unbluckaeble-a.;0;17;1;1;0;10;0;60;0;0;0;0;0;0;0;
363;Sheeeld Baesh;Heftiger Schildschlag;Skeell. (5..11 secunds.) Yuoo bluck zee next melee-a aettaeck skeell. Cooses knuck-doon und +15 secund rechaerge-a. Nu iffffect unless yuoo aere-a veeeldeeng a sheeeld.;0;17;1;1;0;5;0;20;0;0;0;0;0;0;0;
364;"Chaerge-a!";Angriff!;Ileete-a Shuoot. (5..13 secunds.) Aelleees in iaershut mufe-a 33% faester. Ineeteeael iffffect: zeese-a aelleees luse-a zee Creeppled cundeeshun.;0;21;20;1;0;5;0;20;0;0;1;0;0;0;0;
365;"Feectury Is Meene-a!";Der Sieg ist mein!;Ileete-a Shuoot. Yuoo gaeeen 10..68 Heaelt und 3..7 Inergy fur iaech cundeeshun oon taerget fue-a.;1;21;20;1;0;5;0;10;0;0;1;0;0;0;0;
366;"Feaer Me-a!";Fürchtet mich!;Shuoot. (1..15 secunds.) Yuoo haefe-a +5..30% chunce-a ooff a creeteecael heet veet melee-a aettaecks aegaeeenst staeshunaery fues. Ineeteeael iffffect: neaerby fues luse-a 2..6 Inergy.;1;21;20;1;0;0;0;4;3.2;0;0;0;0;0;0;
367;"Sheeelds Up!";Schilde hoch!;Shuoot. (5..11 secunds.) Paerty members in iaershut haefe-a +60 aermur aegaeeenst prujecteele-a aettaecks.;0;21;20;1;0;10;0;30;0;0;0;0;0;0;0;
368;"I Veell Soorfeefe-a!";Ich überlebe!;Shuoot. (5..11 secunds.) Yuoo haefe-a +3 Heaelt regeneraeshun fur iaech cundeeshun oon yuoo.;1;17;20;1;0;5;0;30;0;0;0;0;0;0;0;
370;Berserker Stunce-a;Berserkerhaltung;Stunce-a. (8..14 secunds.) Yuoo aettaeck 33% faester und gaeeen 100% mure-a aedrenaeleene-a. Inds iff yuoo use-a a skeell.;0;17;29;1;0;10;0;10;0;0;0;0;0;0;0;
371;Baelunced Stunce-a;Ausgeglichene Haltung;Stunce-a. (8..20 secunds.) Yuoo cunnut be-a knucked-doon und du nut taeke-a ixtra daemaege-a frum creeteecael heets.;0;21;29;1;0;5;0;30;0;0;0;0;0;0;0;
372;Glaedeeaetur's Deffense-a;Gladiatoren-Verteidigung;Ileete-a Stunce-a. (5..11 secunds.) Yuoo haefe-a 75% chunce-a tu bluck. Yuoor aettaecker taekes 5..35 daemaege-a vhenefer yuoo bluck a melee-a aettaeck thees vaey.;1;21;29;1;0;5;0;20;0;0;1;0;0;0;0;
373;Defflect Aerroos;Pfeilablenkung;Stunce-a. (1..6 secunds.) Yuoo haefe-a 75% chunce-a tu bluck aettaecks. Aedjaecent fues sooffffer Bleedeeng (5..15 secunds) vhee yuoo bluck a prujecteele-a aettaeck.;1;21;29;1;0;0;0;12;4.8;0;0;0;0;0;0;
374;Vaerreeur's Indoorunce-a;Ausdauer des Kriegers;Ileete-a Skeell. (5..35 secunds.) Yuoo gaeeen 3 Inergy iaech teeme-a yuoo heet veet a melee-a aettaeck. Nu Inergy gaeeen iff yuoo haefe-a mure-a thun 10..25 Inergy.;1;17;1;1;0;5;0;30;0;0;1;0;0;0;0;
375;Dvaerfee Baettle-a Stunce-a;Zwergen-Kampfhaltung;Ileete-a Stunce-a. (5..11 secunds.) Yuoo aettaeck 33% faester, yuoo gaeeen +40 aermur, und yuoor aettaeck skeells interroopt aecshuns. Nu iffffect unless yuoo haefe-a a haemmer iqooeepped.;1;17;29;1;0;5;0;20;0;0;1;0;0;0;0;
376;Deesceepleened Stunce-a;Disziplinierte Haltung;Stunce-a. (1..4 secunds.) Yuoo haefe-a 75% chunce-a tu bluck und +10 aermur. Inds iff yuoo use-a un aedrenael skeell.;1;21;29;1;0;5;0;15;0;0;0;0;0;0;0;
377;Vaery Stunce-a;Wachsame Haltung;Stunce-a. (1..6 secunds). Yuoo bluck aettaeck skeells. Gaeeen aedrenaeleene-a und 5 Inergy fur iaech bluck. Inds iff yuoo use-a a skeell.;1;21;29;1;0;10;0;10;0;0;0;0;0;0;0;
378;Sheeeld Stunce-a;Schildhaltung;Stunce-a. (1..6 secunds.) Yuoo haefe-a 75% chunce-a tu bluck. Daemaege-a is redooced by 2 fur iaech runk ooff Strengt (maexeemoom 15 daemaege-a redoocshun). Nu iffffect unless yuoo haefe-a a sheeeld iqooeepped.;1;21;29;1;0;5;0;15;0;0;0;0;0;0;0;
379;Booll's Chaerge-a;Angriff des Bullen;Ileete-a Stunce-a. (1..7 secunds.) Yuoo mufe-a 50% faester. Cooses knuck-doon iff yuoo heet a mufeeng fue-a in melee-a. Inds iff yuoo use-a a skeell.;1;17;29;1;0;5;0;12;0;0;1;0;0;0;0;
380;Bunettee's Deffense-a;Bonettis Verteidigung;Stunce-a. (5..11 secunds.) Yuoo haefe-a 75% chunce-a tu bluck. Gaeeen 5 Inergy fur iaech melee-a aettaeck blucked. Inds iff yuoo use-a a skeell.;1;21;29;1;0;0;0;0;8;0;0;0;0;0;0;
381;Hoondred Blaedes;Hundert Klingen;Ileete-a Skeell. (15 secunds.) Deaels 10..35 slaesheeng daemaege-a tu aell aedjaecent fues vhenefer yuoo aettaeck veet a svurd.;0;20;1;1;0;5;0;20;0;0;1;0;0;0;0;
382;Sefer Aertery;Arterienabtrennung;Svurd Aettaeck. Inffleects Bleedeeng cundeeshun (5..25 secunds).;0;20;10;1;0;0;0;0;3;0;0;0;0;0;0;
383;Gaelraet Slaesh;Galrath-Hieb;Svurd Aettaeck. Deaels +1..40 daemaege-a.;1;20;10;1;0;0;0;0;7;0;0;0;0;0;0;
384;Gaesh;Schnittwunde;Svurd Aettaeck. Deaels +5..20 daemaege-a und inffleects Deep Vuoond cundeeshun (5..20 secunds) iff yuoor taerget is Bleedeeng.;0;20;10;1;0;0;0;0;5;0;0;0;0;0;0;
385;Feenael Throost;Endstoß;Svurd Aettaeck. Deaels +5..40 daemaege-a. Deaels +5..40 mure-a daemaege-a iff taerget fue-a is beloo 50% Heaelt. Luse-a aell aedrenaeleene-a.;0;20;10;1;0;0;0;0;8;0;0;0;0;0;0;
386;Seekeeng Blaede-a;Suchende Klinge;Svurd Aettaeck. Deaels +1..20 daemaege-a. Deaels 1..20 daemaege-a und inffleects Bleedeeng cundeeshun (25 secunds) iff blucked.;0;20;10;1;0;5;0;4;0;0;0;0;0;0;0;
387;Reepuste-a;Entgegnung;Skeell. (8 secunds.) Yuoo bluck zee next melee-a aettaeck und yuoor aettaecker taekes 20..80 daemaege-a. Nu iffffect unless yuoo haefe-a a svurd iqooeepped.;1;21;1;1;0;0;0;0;3.2;0;0;0;0;0;0;
388;Deaedly Reepuste-a;Tödliche Entgegnung;Skeell. (8 secunds.) Yuoo bluck zee next melee-a aettaeck und yuoor aettaecker taekes 15..90 daemaege-a. Inffleects Bleedeeng cundeeshun (3..25 secunds). Nu iffffect unless yuoo haefe-a a svurd iqooeepped.;1;21;1;1;0;5;0;10;0;0;0;0;0;0;0;
389;Fluooreesh;Blütezeit;Ileete-a Skeell. Rechaerges yuoor aettaeck skeells. Yuoo gaeeen 2..7 Inergy fur iaech skeell rechaerged.;1;17;1;1;0;5;1;8;0;0;1;0;0;0;0;
390;Saefaege-a Slaesh;Wilder Hieb;Svurd Aettaeck. Interroopts un aecshun. Interroopshun iffffect: deaels +1..40 daemaege-a iff aecshun vaes a spell.;0;20;10;1;0;5;.5;10;0;0;0;0;0;0;0;
391;Hoonter's Shut;Jägerschuss;Boo Aettaeck. Inffleects Bleedeeng cundeeshun (3..25 secunds).;0;25;2;2;0;5;1;10;0;0;0;0;0;0;0;
392;Peen Doon;Festnageln;Boo Aettaeck. Inffleects Creeppled cundeeshun (3..15 secunds).;0;25;2;2;0;15;0;8;0;0;0;0;0;0;0;
393;Creeppleeng Shut;Verkrüppelungs-Schuss;Ileete-a Boo Aettaeck. Unbluckaeble-a. Inffleects Creeppled cundeeshun (4..14 secunds).;1;25;2;2;0;5;0;2;0;0;1;0;0;0;0;
394;Pooer Shut;Kraftschuss;Boo Aettaeck. Taerget fue-a taekes 25..50 daemaege-a.;0;25;2;2;0;10;0;3;0;0;0;0;0;0;0;
395;Baerraege-a;Sperrfeuer;Ileete-a Boo Aettaeck. Deaels +5..20 daemaege-a. Heets 5 fues aedjaecent tu yuoor taerget. Aell yuoor prepaeraeshuns aere-a remufed.;0;25;2;2;0;5;0;1;0;0;1;0;0;0;0;
396;Dooael Shut;Doppelschuss;Boo Aettaeck. Yuoo shuut tvu aerroos seemooltuneuoosly aet taerget fue-a. Zeese-a aerroos deael 25% less daemaege-a.;0;-1;2;2;0;10;0;10;0;0;0;0;0;0;0;
397;Qooeeck Shut;Schnellschuss;Ileete-a Boo Aettaeck. Yuoo shuut un aerroo thaet mufes tveece-a aes faest.;0;-1;2;2;0;5;.5;1;0;0;1;0;0;0;0;
398;Penetraeteeng Aettaeck;Durchbohr-Angriff;Boo Aettaeck. Deaels +5..25 daemaege-a. 10% aermur penetraeshun. Bork! Bork! Bork!;1;25;2;2;0;10;.75;4;0;0;0;0;0;0;0;
399;Deestraecteeng Shut;Ablenk-Schuss;Boo Aettaeck. Interroopts un aecshun. Interroopshun iffffect: interroopted skeell is deesaebled fur +20 secunds. Heets fur oonly 1..16 daemaege-a.;0;23;2;2;0;5;.5;10;0;0;0;0;0;0;0;
400;Preceeseeun Shut;Präzisionsschuss;Boo Aettaeck. Deaels +3..10 daemaege-a. Unbluckaeble-a. Iaeseely interroopted.;0;25;2;2;0;10;1;6;0;0;0;0;0;0;0;
402;Determeened Shut;Entschlossener Schuss;Boo Aettaeck. Deaels +5..20 daemaege-a. Rechaerges yuoor aettaeck skeells iff it faeeels tu heet.;0;25;2;2;0;5;0;10;0;0;0;0;0;0;0;
403;Caelled Shut;Ankündigungs-Schuss;Boo Aettaeck. Yuoo shuut un aerroo thaet mufes 3 teemes faester. Unbluckaeble-a.;0;-1;2;2;0;5;0;3;0;0;0;0;0;0;0;
404;Pueesun Aerroo;Giftpfeil;Ileete-a Boo Aettaeck. Inffleects Pueesuned cundeeshun (5..20 secunds).;1;24;2;2;0;5;0;1;0;0;1;0;0;0;0;
405;Ooaet Shut;Eidschuss;Ileete-a Boo Aettaeck. Rechaerges aell skeells ixcept Ooaet Shut iff it heets. Deesaebles aell skeells iff it meesses (10..4 secunds). 50% meess chunce-a unless Ixperteese-a 8 oor heegher.;1;23;2;2;0;10;0;25;0;0;1;0;0;0;0;
406;Debeeleetaeteeng Shut;Entkräftungs-Schuss;Boo Aettaeck. Cooses 1..10 Inergy luss.;0;25;2;2;0;10;0;10;0;0;0;0;0;0;0;
407;Pueent Blunk Shut;Kurzdistanzschuss;Haelff Runge-a Boo Aettaeck. Deaels +10..40 daemaege-a.;1;23;2;2;0;5;0;3;0;0;0;0;0;0;0;
408;Cuncoosseeun Shut;Erschütterungsschuss;Boo Aettaeck. Interroopts a spell. Interroopshun iffffect: inffleects Daezed cundeeshun (5..20 secunds). Heets fur oonly 1..16 daemaege-a.;0;25;2;2;0;25;.5;5;0;0;0;0;0;0;0;
409;Pooneesheeng Shut;Bestrafungs-Schuss;Ileete-a Boo Aettaeck. Deaels +10..20 daemaege-a. Interroopts un aecshun.;1;25;2;2;0;10;.5;5;0;0;1;0;0;0;0;
411;Chaerm Uneemael;Tier zähmen;Skeell. Chaerm taerget uneemael. Oonce-a chaermed, yuoor uneemael cumpuneeun veell traefel veet yuoo vhenefer yuoo haefe-a Chaerm Uneemael iqooeepped. Yuoo cunnut chaerm un uneemael thaet is mure-a thun 4 lefels aebufe-a yuoo.;0;22;1;2;0;10;10;0;0;0;0;0;0;0;0;
412;Caell ooff Prutecshun;Ruf des Schutzes;Shuoot. (120 secunds.) Yuoor pet haes 5..20 daemaege-a redoocshun.;1;22;20;2;0;5;0;90;0;0;0;0;0;0;0;
415;Caell ooff Haeste-a;Ruf der Eile;Shuoot. (30 secunds.) Yuoor pet mufes und aettaecks 33% faester.;0;22;20;2;0;10;0;25;0;0;0;0;0;0;0;
422;Refeefe-a Uneemael;Tier wiederbeleben;Skeell. Resoorrects aell aelleeed pets in zee aerea (10..94% Heaelt). Bork! Bork! Bork!;1;22;1;2;0;5;.25;5;0;0;0;0;0;0;0;
423;Symbeeuteec Bund;Symbiotisches Band;Shuoot. (120..300 secunds.) Yuoor pet haes +1..3 Heaelt regeneraeshun. Haelff ooff aell daemaege-a deaelt tu yuoor pet is redurected tu yuoo.;1;22;20;2;0;10;0;55;0;0;0;0;0;0;0;
424;Throo Durt;Dreck werfen;Tuooch Skeell. Inffleects Bleendness cundeeshun (3..15 secunds). Aelsu aeffffects fues aedjaecent tu taerget fue-a.;0;23;1;2;0;5;1;30;0;0;0;0;0;0;0;
425;Dudge-a;Abducken;Stunce-a. (5..11 secunds.) Yuoo mufe-a 33% faester und haefe-a 27..75% chunce-a tu bluck prujecteele-a aettaecks. Inds iff yuoo aettaeck.;1;23;29;2;0;5;0;30;0;0;0;0;0;0;0;
426;Saefaege-a Shut;Wilder Schuss;Boo Aettaeck. Interroopts un aecshun. Interroopshun iffffect: deaels +13..28 daemaege-a iff aecshun vaes a spell.;0;25;2;2;0;10;.5;5;0;0;0;0;0;0;0;
427;Unteedute-a Seegnet;Gegengift-Siegel;Seegnet. Remufe-a Pueesun, Deeseaese-a, Bleendness, und oone-a aeddeeshunael cundeeshun frum yuoorselff.;0;-1;21;2;0;0;1;4;0;0;0;0;0;0;0;
428;Incendeeaery Aerroos;Flammenpfeile;Ileete-a Boo Aettaeck. Heets 2 fue-as neaer yuoor taerget und inffleects Boorneeng (1..3 secunds).;1;24;2;2;0;5;0;5;0;0;1;0;0;0;0;
429;Melundroo's Aerroos;Melandrus Pfeile;Ileete-a Prepaeraeshun. (18 secunds.) Yuoor aerroos inffleect Bleedeeng cundeeshun (3..25 secunds) und deael +8..28 daemaege-a tu inchunted fues.;1;24;17;2;0;5;2;12;0;0;1;0;0;0;0;
430;Maerksmun's Vaeger;Schützenwette;Ileete-a Prepaeraeshun. (18 secunds.) Gaeeen 5..10 Inergy vhenefer yuoor aerroos heet. Luse-a 10 Inergy vhenefer yuoo faeeel tu heet.;1;23;17;2;0;5;1;24;0;0;1;0;0;0;0;
431;Igneete-a Aerroos;Brandpfeile;Prepaeraeshun. (24 secunds.) Yuoor aerroos deael 3..18 fure-a daemaege-a tu taerget und fues aedjaecent tu taerget.;1;24;17;2;0;10;2;12;0;0;0;0;0;0;0;
432;Reaed zee Veend;Wind lesen;Prepaeraeshun. (24 secunds.) +3..10 daemaege-a. Yuoor aerroos mufe-a tveece-a aes faest.;0;25;17;2;0;5;2;12;0;0;0;0;0;0;0;
433;Keendle-a Aerroos;Zündelpfeile;Prepaeraeshun. (24 secunds.) +3..24 fure-a daemaege-a. Yuoor aerroos deael fure-a daemaege-a.;0;24;17;2;0;5;2;12;0;0;0;0;0;0;0;
434;Chukeeng Gaes;Würgegas;Prepaeraeshun. (1..12 secunds.) +1..8 daemaege-a. Spreaeds Chukeeng Gaes tu fues aedjaecent tu taerget. Chukeeng Gaes interroopts spells.;0;24;17;2;0;15;2;24;0;0;0;0;0;0;0;
435;Aepply Pueesun;Gift auftragen;Prepaeraeshun. (24 secunds.) Yuoor physeecael aettaecks inffleect Pueesuned cundeeshun (3..15 secunds).;0;24;17;2;0;15;2;12;0;0;0;0;0;0;0;
436;Cumffurt Uneemael;Tier erquicken;Skeell. Yuoor pet gaeeens 40..120 Heaelt. Resoorrects yuoor pet (10..58% Heaelt). Iff yuoo haefe-a Cumffurt Uneemael iqooeepped, yuoor uneemael cumpuneeun veell traefel veet yuoo.;0;22;1;2;0;5;1;1;0;0;0;0;0;0;0;
437;Besteeael Puoonce-a;Bestiensprung;Pet Aettaeck. Deaels +5..20 daemaege-a. Cooses knuck-doon iff taerget fue-a is caesteeng a spell.;1;22;11;2;0;5;0;10;0;0;0;0;0;0;0;
438;Maeeemeeng Streeke-a;Verkrüppelungs-Schlag;Pet Aettaeck. Deaels +5..20 daemaege-a. Inffleects Creeppled cundeeshun (3..15 secunds) oon heet.;0;22;11;2;0;10;0;5;0;0;0;0;0;0;0;
439;Ferael Loonge-a;Wilder Ausfall;Pet Aettaeck. Deaels +5..35 daemaege-a. Inffleects Bleedeeng cundeeshun iff taerget fue-a is aettaeckeeng (5..25 secunds).;1;22;11;2;0;5;0;10;0;0;0;0;0;0;0;
440;Scaefenger Streeke-a;Aasfresser-Schlag;Pet Aettaeck. Deaels +10..25 daemaege-a. Yuoo gaeeen 3..15 Inergy iff taerget fue-a haes a cundeeshun.;0;22;11;2;0;5;0;10;0;0;0;0;0;0;0;
441;Melundroo's Aessoolt;Melandrus Angriff;Pet Aettaeck. Deaels +5..20 daemaege-a tu neaerby fues.;1;22;11;2;0;10;0;5;0;0;0;0;0;0;0;
442;Feruceeuoos Streeke-a;Wilder Schlag;Ileete-a Pet Aettaeck. Deaels +13..28 daemaege-a. Yuoo gaeeen aedrenaeleene-a und 3..10 Inergy.;0;22;11;2;0;5;0;8;0;0;1;0;0;0;0;
443;Predaetur's Puoonce-a;Raubtier-Sprung;Pet Aettaeck. Deaels +5..35 daemaege-a. Yuoor pet gaeeens 5..50 Heaelt iff thees aettaeck heets.;1;22;11;2;0;5;0;5;0;0;0;0;0;0;0;
444;Brootael Streeke-a;Schonungsloser Schlag;Pet Aettaeck. Deaels +5..35 daemaege-a. Deaels +5..35 mure-a daemaege-a iff taerget fue-a is under 50% Heaelt.;1;22;11;2;0;10;0;5;0;0;0;0;0;0;0;
445;Deesroopteeng Loonge-a;Unterbrechender Ausfall;Pet Aettaeck. Deaels +1..12 daemaege-a. Interroopts a skeell. Interroopshun iffffect: interroopted skeell is deesaebled fur +20 secunds.;0;22;11;2;0;5;0;10;0;0;0;0;0;0;0;
446;Trull Ungooent;Trollsalbe;Skeell. (13 secunds.) Yuoo haefe-a +3..10 Heaelt regeneraeshun.;0;24;1;2;0;5;3;10;0;0;0;0;0;0;0;
447;Ootyoogh's Cry;Otyughs Schrei;Shuoot. (10..25 secunds.) Yuoor pet haes +24 aermur und is unbluckaeble-a.;1;22;20;2;0;5;0;30;0;0;0;0;0;0;0;
448;Iscaepe-a;Flucht;Ileete-a Stunce-a. (1..8 secunds.) Yuoo mufe-a 33% faester und haefe-a 75% chunce-a tu bluck.;0;23;29;2;0;5;0;12;0;0;1;0;0;0;0;
449;Praecteeced Stunce-a;Geübte Haltung;Ileete-a Stunce-a. (20..35 secunds.) Yuoor prepaeraeshuns rechaerge-a 50% faester und laest 30..300% lunger.;1;23;29;2;0;5;0;15;0;0;1;0;0;0;0;
450;Vhurleeng Deffense-a;Wirbelverteidigung;Stunce-a. (8..20 secunds.) Yuoo haefe-a 75% chunce-a tu bluck. Deaels 5..11 daemaege-a tu aedjaecent fues vhenefer yuoo bluck a prujecteele-a aettaeck.;0;23;29;2;0;10;0;60;0;0;0;0;0;0;0;
451;Melundroo's Reseeleeence-a;Melandrus Belastbarkeit;Ileete-a Stunce-a. (8..20 secunds.) Yuoo haefe-a +4 Heaelt regeneraeshun und +1 Inergy regeneraeshun fur iaech cundeeshun und hex oon yuoo.;1;24;29;2;0;5;0;15;0;0;1;0;0;0;0;
452;Dryder's Deffenses;Dryders Verteidigungen;Stunce-a. (5..11 secunds.) Yuoo haefe-a 75% chunce-a tu bluck und +34..60 aermur aegaeeenst ilementael daemaege-a.;1;24;29;2;0;5;0;60;0;0;0;0;0;0;0;
453;Leeghtneeng Refflexes;Blitzreflexe;Stunce-a. (5..11 secunds.) Yuoo aettaeck 33% faester und haefe-a 75% chunce-a tu bluck.;0;23;29;2;0;10;0;30;0;0;0;0;0;0;0;
454;Teeger's Foory;Wut des Tigers;Stunce-a. (5..11 secunds.) Yuoo aettaeck 25% faester. Deesaebles yuoor nun-aettaeck skeells (5 secunds).;1;22;29;2;0;10;0;10;0;0;0;0;0;0;0;
455;Sturm Chaeser;Sturmjäger;Stunce-a. (8..20 secunds.) Yuoo mufe-a 25% faester und gaeeen 1..5 Inergy vhenefer yuoo taeke-a ilementael daemaege-a.;0;24;29;2;0;10;0;20;0;0;0;0;0;0;0;
456;Serpent's Qooeeckness;Schlangen-Schnelligkeit;Stunce-a. (15..30 secunds.) Yuoor skeells rechaerge-a 33% faester. Inds iff yuoor Heaelt drups beloo 50%.;1;24;29;2;0;5;0;45;0;0;0;0;0;0;0;
457;Doost Traep;Staubfalle;Traep. (90 secunds.) Aeffffects neaerby fues. Deaels 10..25 daemaege-a ifery secund (5 secunds). Inffleects Bleendness cundeeshun (3..8 secunds) ifery secund (5 secunds). Iaeseely interroopted.;1;24;30;2;0;25;2;30;0;0;0;0;0;0;0;
458;Baerbed Traep;Stachelfalle;Traep. (90 secunds.) Aeffffects neaerby fues. Deaels 7..23 peeerceeng daemaege-a. Inffleects Creeppled und Bleedeeng cundeeshuns (3..25 secunds). Iaeseely interroopted.;0;24;30;2;0;10;2;20;0;0;0;0;0;0;0;
459;Flaeme-a Traep;Flammenfalle;Traep. (90 secunds.) Aeffffects neaerby fues. Deaels 5..20 fure-a daemaege-a ifery secund (3 secunds). Inffleects Boorneeng cundeeshun (1..3 secunds). Iaeseely interroopted.;0;24;30;2;0;10;2;20;0;0;0;0;0;0;0;
460;Heaeleeng Spreeng;Heilquelle;Traep. (10 secunds.) Aeffffects aedjaecent aelleees. Heaels fur 15..60 ifery 2 secunds. Iaeseely interroopted.;1;24;30;2;0;10;2;20;0;0;0;0;0;0;0;
461;Speeke-a Traep;Dornenfalle;Ileete-a Traep. (90 secunds.) Aeffffects neaerby fues. Ifery secund (fur 2 secunds), thees traep deaels 10..40 peeerceeng daemaege-a, cooses knuck-doon, und inffleects Creeppled cundeeshun (3..25 secunds). Iaeseely interroopted.;0;24;30;2;0;10;2;20;0;0;1;0;0;0;0;
462;Veenter;Winter;Naetoore-a Reetooael. Creaetes a lefel 1..10 spureet (30..240 secund leeffespun). Cunferts ilementael daemaege-a tu culd daemaege-a fur creaetoores in runge-a. Dues nut aeffffect spureets.;1;24;19;2;0;5;2;60;0;0;0;0;0;0;0;
463;Veennooeeng;Trennung;Naetoore-a Reetooael. Creaetes a lefel 1..10 spureet (30..240 secund leeffespun). Increaese-a physeecael daemaege-a by +4 fur creaetoores in runge-a. Dues nut aeffffect spureets.;0;24;19;2;0;5;2;60;0;0;0;0;0;0;0;
464;Idge-a ooff Ixteencshun;Rand der Auslöschung;Naetoore-a Reetooael. Creaetes a lefel 1..10 spureet (30..240 secund leeffespun). Deaels 14..50 daemaege-a tu creaetoores in its runge-a vhenefer a creaetoore-a ooff zee saeme-a type-a deees. Dues nut aeffffect spureets. Nu daemaege-a tu creaetoores aebufe-a 90% Heaelt.;1;22;19;2;0;5;2;60;0;0;0;0;0;0;0;
465;Greaeter Cunfflaegraeshun;Großflächenbrand;Ileete-a Naetoore-a Reetooael. Creaetes a lefel 1..10 spureet (30..240 secund leeffespun). Cunferts physeecael daemaege-a tu fure-a daemaege-a fur creaetoores in runge-a. Dues nut aeffffect spureets. Bork! Bork! Bork!;1;24;19;2;0;5;2;15;0;0;1;0;0;0;0;
466;Cunfflaegraeshun;Feuersbrunst;Naetoore-a Reetooael. Creaetes a lefel 1..10 spureet (30..240 secund leeffespun). Aell aerroos deael fure-a daemaege-a fur creaetoores in runge-a. Dues nut aeffffect spureets.;2;24;19;2;0;5;2;60;0;0;0;0;0;0;0;
467;Ferteele-a Seaesun;Fruchtbare Jahreszeit;Naetoore-a Reetooael. Creaetes a lefel 1..10 spureet (15..90 secund leeffespun). Creaetoores in runge-a haefe-a +50..150 maexeemoom Heaelt und +8 aermur. Dues nut aeffffect spureets.;1;22;19;2;0;15;2;60;0;0;0;0;0;0;0;
468;Symbeeusees;Symbiose;Naetoore-a Reetooael. Creaetes a lefel 1..10 spureet (30..240 secund leeffespun). Creaetoores in runge-a haefe-a +27..150 maexeemoom Heaelt fur iaech inchuntment oon zeem. Dues nut aeffffect spureets.;1;22;19;2;0;5;2;60;0;0;0;0;0;0;0;
469;Preemael Ichues;Urechos;Naetoore-a Reetooael. Creaetes a lefel 1..10 spureet (30..240 secund leeffespun). Seegnets cust 10 Inergy fur creaetoores in runge-a. Dues nut aeffffect spureets.;0;22;19;2;0;5;2;60;0;0;0;0;0;0;0;
470;Predaetury Seaesun;Jagdsaison;Naetoore-a Reetooael. Creaetes a lefel 1..10 spureet (30..240 secund leeffespun). Creaetoores in runge-a receeefe-a 20% less frum heaeleeng. Creaetoores gaeeen 5 Heaelt iaech teeme-a zeey heet veet un aettaeck. Dues nut aeffffect spureets.;1;22;19;2;0;5;2;60;0;0;0;0;0;0;0;
471;Fruzee Sueel;Eisboden;Naetoore-a Reetooael. Creaetes a lefel 1..10 spureet (30..180 secund leeffespun). Creaetoores in runge-a cunnut aecteefaete-a resoorrecshun skeells. Dues nut aeffffect spureets.;1;24;19;2;0;10;2;30;0;0;0;0;0;0;0;
472;Faefuraeble-a Veends;Günstige Winde;Naetoore-a Reetooael. Creaetes a lefel 1..10 spureet (30..240 secund leeffespun). Aerroos mufe-a tveece-a aes faest und heet fur +6 daemaege-a fur creaetoores in runge-a. Dues nut aeffffect spureets.;0;25;19;2;0;5;2;60;0;0;0;0;0;0;0;
474;Inergeezeeng Veend;Treibwind;Naetoore-a Reetooael. Creaetes a lefel 1..6 spureet (1..60 secund leeffespun). Skeells cust 15 less Inergy (meeneemoom cust 10 Inergy) und rechaerge-a 25% slooer fur creaetoores in runge-a. Dues nut aeffffect spureets.;0;22;19;2;0;15;2;60;0;0;0;0;0;0;0;
475;Qooeeckeneeng Zephyr;Beschleunigender Zephyr;Naetoore-a Reetooael. Creaetes a lefel 1..10 spureet (15..90 secund leeffespun). Skeells cust 30% mure-a Inergy und rechaerge-a tveece-a aes faest fur creaetoores in runge-a. Dues nut aeffffect spureets.;0;24;19;2;0;25;2;60;0;0;0;0;0;0;0;
476;Naetoore-a's Renooael;Erneuerung der Natur;Naetoore-a Reetooael. Creaetes a lefel 1..10 spureet (30..240 secund leeffespun). Fur creaetoores in runge-a, inchuntments und Hexes taeke-a tveece-a aes lung tu caest und it custs tveece-a aes mooch Inergy tu maeeentaeeen inchuntments. Dues nut aeffffect spureets.;0;24;19;2;0;5;2;60;0;0;0;0;0;0;0;
477;Mooddy Terraeeen;Schlammiges Terrain;Naetoore-a Reetooael. Creaetes a lefel 1..10 spureet (30..180 secund leeffespun). Creaetoores in runge-a haefe-a 10% slooer mufement. aelsu negaetes speed buusts. Dues nut aeffffect spureets.;1;24;19;2;0;5;2;30;0;0;0;0;0;0;0;
570;Maerk ooff Insecooreety;Zeichen der Unsicherheit;Ileete-a Hex Spell. (5..25 secunds.) Cooses -1..5 Heaelt degeneraeshun. Inchuntments und stunces ixpure-a 20..60% faester oon taerget fue-a. Deesaebles yuoor nun-Aessaesseen skeells (5 secunds).;3;30;24;7;0;5;1;10;0;0;1;0;0;0;0;
571;Deesroopteeng Daegger;Unterbrechender Dolch;Haelff Runge-a Spell. Prujecteele-a: deaels 10..35 iaert daemaege-a. Interroopts a skeell. Bork! Bork! Bork!;3;30;22;7;0;5;.25;10;0;0;0;0;0;0;0;
572;Deaedly Paeraedux;Tödliches Paradoxon;Stunce-a. (5..15 secunds.) Yuoor Aessaesseen skeells aecteefaete-a und rechaerge-a 33% faester. Deesaebles yuoor aettaeck skeells (10 secunds).;3;30;29;7;0;15;0;10;0;0;0;0;0;0;0;
763;Joondeeced Gaeze-a;Neidvoller Blick;Inchuntment Spell. Remufes un inchuntment frum taerget fue-a. Remufael iffffect: yuoor next inchuntment caests 0..1 secunds faester und custs 1..10 less Inergy. (1..20 secunds);2;4;23;4;0;5;1;15;0;0;0;0;0;0;0;
764;Vaeeel ooff Duum;Schicksalsklage;Ileete-a Hex Spell. (2..6 secunds.) Taerget fue-a's aettreebootes aere-a 0.;2;6;24;4;0;1;.25;15;0;10;1;0;0;0;0;
766;Gaeze-a ooff Cuntempt;Verächtlicher Blick;Spell. Remufes taerget fue-a's inchuntments. Nu iffffect unless thees fue-a haes mure-a thun 50% Heaelt.;2;-1;22;4;0;10;2;10;0;0;0;0;0;0;0;
769;Feeper's Deffense-a;Verteidigung der Viper;Spell. Inffleect Pueesuned cundeeshun (5..20 secunds) oon aell aedjaecent fues und Shaedoo Step tu a neaerby lucaeshun durectly aevaey frum yuoor taerget. Bork! Bork! Bork!;2;31;22;7;0;5;.25;10;0;0;0;0;0;0;0;
770;Retoorn;Rückkehr;Spell. Inffleects Creeppled cundeeshun (3..8 secunds) oon aell fues aedjaecent tu yuoo. Yuoo Shaedoo Step tu taerget aelly's lucaeshun. Cunnut selff-taerget.;2;31;22;7;0;5;.25;15;0;0;0;0;0;0;0;
771;Oora ooff Deesplaecement;Aura der Verschiebung;Ileete-a Inchuntment Spell. Shaedoo Step tu taerget fue-a. Ind iffffect: retoorn tu yuoor ooreegeenael lucaeshun.;2;-1;23;7;-1;5;.25;20;0;0;1;0;0;0;0;
772;Generuoos Vaes Tsoongraeee;Großzügig war Tsungrai;Item Spell. (15..60 secunds.) Yuoo haefe-a +50..140 maexeemoom Heaelt. Drup iffffect: yuoo gaeeen 100..280 Heaelt.;2;33;25;8;0;5;1;15;0;10;0;0;0;0;0;
773;Meeghty Vaes Fureezoon;Mächtig war Vorizun;Item Spell. (15..60 secunds.) Yuoo haefe-a +15 aermur und +30 maexeemoom Inergy.;2;32;25;8;0;5;2;30;0;0;0;0;0;0;0;
775;Deaet Blussum;Todesblüte;Dooael Aettaeck. Deaels +20..45 daemaege-a. Aelsu aeffffects fues aedjaecent tu taerget fue-a. Moost fulloo un ooffff-hund aettaeck.;2;29;7;7;0;5;0;2;0;0;0;0;0;0;0;
776;Tveesteeng Fungs;Schlangenzähne;Dooael Aettaeck. Deaels +10..20 daemaege-a. Inffleects Bleedeeng und Deep Vuoond cundeeshuns (5..20 secunds). Moost fulloo un ooffff-hund aettaeck.;2;35;7;7;0;10;0;15;0;0;0;0;0;0;0;
777;Hurns ooff zee Oox;Hörner des Ochsen;Dooael Aettaeck. Deaels +1..11 daemaege-a. Cooses knuck-doon iff taerget fue-a is nut aedjaecent tu uny ooff its aelleees. Moost fulloo un ooffff-hund aettaeck.;2;29;7;7;0;5;0;12;0;0;0;0;0;0;0;
778;Faelleeng Speeder;Fallende Spinne;Ooffff-Hund Aettaeck. Deaels +15..35 daemaege-a. Inffleects Pueesuned cundeeshun (5..20 secunds). Nu iffffect unless taerget fue-a is knucked-doon.;2;29;6;7;0;5;0;8;0;0;0;0;0;0;0;
779;Blaeck Lutoos Streeke-a;Schwarzer Lotus-Stoß;Leaed Aettaeck. Deaels +10..31 daemaege-a. Yuoo gaeeen 5..13 Inergy iff taerget fue-a is hexed. Bork! Bork! Bork!;2;35;5;7;0;5;0;6;0;0;0;0;0;0;0;
780;Fux Fungs;Reißzähne des Fuchses;Ooffff-Hund Aettaeck. Deaels +10..35 daemaege-a. Unbluckaeble-a. Moost fulloo a leaed aettaeck.;2;29;6;7;0;5;.5;3;0;0;0;0;0;0;0;
781;Muebeeoos Streeke-a;Möbiusstoß;Ileete-a Ooffff-Hund Aettaeck. Deaels +10..35 daemaege-a. Rechaerges aell yuoor oozeer aettaeck skeells iff taerget fue-a's Heaelt is beloo 50%. Moost fulloo a dooael aettaeck.;2;29;6;7;0;5;0;2;0;0;1;0;0;0;0;
782;Jaegged Streeke-a;Gezackter Stoß;Leaed Aettaeck. Inffleects Bleedeeng cundeeshun (5..20 secunds).;2;29;5;7;0;5;.5;2;0;0;0;0;0;0;0;
783;Unsoospecteeng Streeke-a;Unvermuteter Stoß;Leaed Aettaeck. Deaels +19..31 daemaege-a. Deaels 15..75 mure-a daemaege-a iff taerget fue-a's Heaelt is aebufe-a 90%.;2;35;5;7;0;10;0;2;0;0;0;0;0;0;0;
784;Intungleeng Aesp;Schlingnatter;Spell. Cooses knuck-doon. Inffleects Pueesuned cundeeshun (5..20 secunds). Moost fulloo a leaed aettaeck.;2;30;22;7;0;10;1;20;0;0;0;0;0;0;0;
785;Maerk ooff Deaet;Zeichen des Todes;Hex Spell. (4..10 secunds.) Taerget fue-a receeefes 50% less frum heaeleeng.;2;30;24;7;0;10;.25;20;0;0;0;0;0;0;0;
786;Irun Paelm;Eiserne Handfläche;Tuooch Skeell. Deaels 5..50 daemaege-a. Cooses knuck-doon iff taerget fue-a is hexed oor haes a cundeeshun. Cuoonts aes a leaed aettaeck.;2;30;1;7;0;5;.75;20;0;0;0;0;0;0;0;
787;Reseeleeent Veaepun;Unverwüstliche Waffe;Veaepun Spell. (3..12 secunds.) +1..6 Heaelt regeneraeshun und +24 aermur. Nu iffffect unless taerget aelly is hexed oor haes a cundeeshun.;2;33;27;8;0;10;1;6;0;0;0;0;0;0;0;
788;Bleend Vaes Meengsun;Blind war Mingson;Item Spell. (15..60 secunds.) Drup iffffect: inffleects Bleendness cundeeshun (3..8 secunds) oon aell neaerby fues.;2;33;25;8;0;5;1;20;0;0;0;0;0;0;0;
789;Graespeeng Vaes Koooorung;Erfassend war Kuurong;Ileete-a Item Spell. (15..60 secunds.) Drup iffffect: deaels 15..75 daemaege-a und knucks-doon aell fues in zee aerea.;2;34;25;8;0;15;1.5;25;0;0;1;0;0;0;0;
790;Fengeffool Vaes Khunheee;Nachtragend war Khanhei;Ileete-a Item Spell. (5..11 secunds.) Yuoo steael 10..45 Heaelt frum ifery fue-a thaet heets yuoo veet un aettaeck.;2;33;25;8;0;5;.75;15;0;0;1;0;0;0;0;
791;Flesh ooff My Flesh;Fleisch von meinem Fleisch;Spell. Resoorrects taerget paerty member (haelff yuoor coorrent Heaelt und 5..20% Inergy). Luse-a haelff yuoor Heaelt.;2;33;22;8;0;5;4;0;0;0;0;0;0;0;0;
792;Spleenter Veaepun;Splitterwaffe;Veaepun Spell. (20 secunds.) Aettaecks deael 5..50 daemaege-a tu 3 aedjaecent fues. Inds aeffter 1..5 aettaecks.;2;34;27;8;0;5;1;5;0;0;0;0;0;0;0;
793;Veaepun ooff Vaerdeeng;Waffe der Abwehr;Veaepun Spell. (3..8 secunds.) +2..4 Heaelt regeneraeshun. 50% chunce-a tu bluck.;2;33;27;8;0;10;1;5;0;0;0;0;0;0;0;
794;Vaeeeleeng Veaepun;Klagende Waffe;Veaepun Spell. (3..14 secunds.) Aettaecks interroopt aettaeckeeng fues.;2;34;27;8;0;5;1;15;0;0;0;0;0;0;0;
795;Neeghtmaere-a Veaepun;Alptraumwaffe;Veaepun Spell. (12 secunds.) Taerget aelly's aettaecks steael 10..50 Heaelt boot deael 10..50 less daemaege-a. Inds aeffter 3 aettaecks.;2;34;27;8;0;5;1;10;0;0;0;0;0;0;0;
799;Begooeeleeng Haeze-a;Verführerischer Dunst;Ileete-a Spell. Yuoo Shaedoo Step tu thees fue-a. Inffleects Daezed cundeeshun (3..9 secunds).;2;31;22;7;0;10;.25;20;0;0;1;0;0;0;0;
800;Indooreeng Tuxeen;Dauerhaftes Toxin;Hex Spell. (5 secunds.) Cooses -1..5 Heaelt degeneraeshun. Renooael: iff taerget fue-a is mufeeng vhee thees hex inds.;2;30;24;7;0;5;.25;10;0;0;0;0;0;0;0;
801;Shruood ooff Seelence-a;Schleier des Schweigens;Ileete-a Tuooch Hex Spell. (1..6 secunds.) Taerget fue-a cunnut caest spells. Yuoor spells aere-a deesaebled fur 15 secunds.;2;30;24;7;0;10;.75;30;0;0;1;0;0;0;0;
802;Ixpuse-a Deffenses;Verteidigungen aufdecken;Hex Spell. (1..11 secunds.) Taerget fue-a cunnut bluck yuoor aettaecks.;2;30;24;7;0;5;1;25;0;0;0;0;0;0;0;
803;Pooer Leech;Kraftfresser;Ileete-a Hex Spell. Interroopt a spell oor a chunt. Interroopshun iffffect: steael 5..15 Inergy vhenefer taerget fue-a caests a spell (10 secunds).;2;3;24;5;0;5;.25;20;0;0;1;0;0;0;0;
804;Aercune-a Lungoour;Arkane Schwäche;Ileete-a Hex Spell. (1..10 secunds.) Taerget fue-a's spells coose-a 10 Oofercaest.;2;0;24;5;0;10;2;15;0;0;1;0;0;0;0;
805;Uneemaete-a Faempureec Hurrur;Vampirschreck beleben;Spell. Creaetes a lefel 1..17 faempureec hurrur. Yuoo gaeeen Heaelt iqooael tu zee daemaege-a it deaels. Ixplueets a fresh curpse-a.;2;5;22;4;0;10;1;15;0;0;0;0;0;0;0;
806;Coolteest's Ferfur;Eifer des Sektierers;Ileete-a Inchuntment Spell. (5 secunds ploos 3 secunds mure-a fur ifery runk ooff Suool Reaepeeng.) Yuoor Necrumuncer spells cust 1..6 less Inergy. Yuoo sooffffer frum Bleedeeng (10 secunds) iaech teeme-a yuoo caest a Necrumuncer spell.;2;4;23;4;0;5;1;15;0;0;1;0;0;0;0;
808;Reaeper's Maerk;Zeichen des Schnitters;Ileete-a Hex Spell. (30 secunds.) Cooses -1..5 Heaelt degeneraeshun. Yuoo gaeeen 5..15 Inergy iff taerget fue-a deees vheele-a sooffffereeng frum thees hex.;3;6;24;4;0;5;1;10;0;0;1;0;0;0;0;
809;Shaetterstune-a;Trümmerstein;Ileete-a Hex Spell. (3 secunds.) Ineeteeael iffffect: deaels 25..100 culd daemaege-a und taerget mufes 66% slooer. Ind iffffect: deaels 25..100 culd daemaege-a tu taerget und aell neaerby fues.;2;11;24;6;0;10;2;8;0;0;1;0;0;0;0;
810;Prutectur's Deffense-a;Verteidigung des Beschützers;Skeell. (5..11 secunds.) Aelleees aedjaecent tu yuoo haefe-a 75% chunce-a tu bluck. Inds iff yuoo mufe-a.;2;21;1;1;0;5;0;30;0;0;0;0;0;0;0;
811;Roon aes Oone-a;Gemeinsam rennen;Stunce-a. (5..15 secunds.) Yuoo und yuoor pet mufe-a 25% faester.;2;22;29;2;0;5;0;15;0;0;0;0;0;0;0;
812;Deffeeunt Vaes Xeenraee-a;Trotzig war Xinrae;Ileete-a Item Spell. (15..60 secunds.) Yuoo cunnut luse-a mure-a thun 20% ooff yuoor maex Heaelt frum a seengle-a heet. Drup iffffect: steael 5..50 Heaelt frum neaerby fues.;2;33;25;8;0;5;1;20;0;0;1;0;0;0;0;
813;Lyssa's Oora;Lyssas Aura;Ileete-a Inchuntment Spell. (10 secunds.) Yuoo haefe-a +0..5 Inergy regeneraeshun. Renooael: ifery teeme-a yuoo caest a spell oon un inemy.;2;3;23;5;0;5;1;30;0;0;1;0;0;0;0;
814;Shaedoo Reffooge-a;Schattenzuflucht;Inchuntment Spell. (6 secunds.) Yuoo haefe-a +5..10 Heaelt regeneraeshun. Ind iffffect: heaels yuoo fur 40..100 iff yuoo aere-a aettaeckeeng.;2;31;23;7;0;5;1;8;0;0;0;0;0;0;0;
815;Scurpeeun Vure-a;Skorpiondraht;Haelff Runge-a Hex Spell. (8..20 secunds.) Shaedoo Step tu taerget fue-a und coose-a knuck-doon zee next teeme-a thees fue-a is mure-a thun 75' aevaey frum yuoo.;2;30;24;7;0;5;1;10;0;0;0;0;0;0;0;
816;Murrured Stunce-a;Gespiegelte Haltung;Hex Spell. (10..35 secunds.) Yuoo inter uny stunce-a used by taerget fue-a.;2;31;24;7;0;5;.25;15;0;0;0;0;0;0;0;
817;Deescurd;Zwietracht;Ileete-a Spell. Deaels 30..110 daemaege-a. Nu iffffect unless taerget fue-a haes a cundeeshun und is ieezeer hexed oor inchunted.;2;5;22;4;0;5;1;2;0;0;1;0;0;0;0;
818;Vell ooff Veaereeness;Brunnen der Müdigkeit;Vell Spell. (10..55 secunds.) Fues in thees vell haefe-a -1 Inergy degeneraeshun. Ixplueets a fresh curpse-a oor saecreeffeeces 66% heaelt.;2;7;28;4;0;5;1;5;0;0;0;0;0;0;0;
819;Faempureec Spureet;Vampirgeist;Ileete-a Inchuntment Spell. Steael 15..60 Heaelt frum taerget fue-a. Yuoo haefe-a +5..10 Heaelt regeneraeshun (10 secunds).;2;4;23;4;0;5;1;8;0;0;1;0;0;0;0;
820;Depraefeety;Verderbtheit;Ileete-a Hex Spell. (5..20 secunds.) Cooses 1..5 Inergy luss vhenefer taerget fue-a caests a spell. Oone-a fue-a neaer yuoor taerget aelsu luses Inergy.;3;7;24;4;0;10;1;15;0;0;1;0;0;0;0;
821;Icy Feeens;Eisadern;Ileete-a Hex Spell. (10..35 secunds.) Deaels 20..110 culd daemaege-a tu neaerby fues iff taerget fue-a deees. Ineeteeael iffffect: deaels 10..90 culd daemaege-a.;2;6;24;4;0;10;1;5;0;0;1;0;0;0;0;
822;Veaekee Knees;Weiche Knie;Ileete-a Hex Spell. (1..16 secunds.) Taerget fue-a haes -1..4 Heaelt degeneraeshun und taekes 5..20 daemaege-a vheele-a mufeeng.;2;7;24;4;0;5;1;5;0;0;1;0;0;0;0;
823;Boorneeng Speed;Brennende Eile;Inchuntment Spell. (7 secunds.) Yuoo mufe-a 30..45% faester. Yuoo sooffffer frum Boorneeng (7 secunds). Ind iffffect: inffleects Boorneeng cundeeshun (3..9 secunds) oon aedjaecent fues.;2;10;23;6;0;10;.25;0;0;0;0;0;0;0;0;
824;Laefa Aerroos;Lavapfeile;Spell. Prujecteele-a: deaels 20..65 fure-a daemaege-a. Bunoos iffffect: sends prujecteeles aet 2 oozeer fues neaer yuoor taerget.;2;10;22;6;0;5;1;2;0;0;0;0;0;0;0;
825;Bed ooff Cuaels;Kohlenbett;Spell. Deaels 5..29 fure-a daemaege-a iaech secund (5 secunds) tu lucaeshun ooff taerget fue-a. Heets fues aedjaecent tu yuoor taerget. Inffleects Boorneeng cundeeshun (3..7 secunds) oon knucked doon fues.;2;10;22;6;0;10;1;15;0;0;0;0;0;0;0;
826;Shaedoo Furm;Schattenform;Ileete-a Inchuntment Spell. (5..21 secunds.) Inemy spells cunnut taerget yuoo. Gaeeen 5 daemaege-a redoocshun fur iaech Aessaesseen inchuntment oon yuoo. Yuoo cunnut deael mure-a thun 5..25 daemaege-a veet a seengle-a skeell oor aettaeck.;2;31;23;7;0;5;1;30;0;0;1;0;0;0;0;
827;Seephun Strengt;Kraft abzapfen;Ileete-a Hex Spell. (5..20 secunds.) Taerget fue-a deaels -5..50 aettaeck daemaege-a. Yuoo haefe-a +50% chunce-a tu lund a creeteecael heet oon thees fue-a.;2;30;24;7;0;10;1;10;0;0;1;0;0;0;0;
828;Feele-a Meeaesma;Fauler Gestank;Hex Spell. Cooses -1..5 Heaelt degeneraeshun (10 secunds). Ineeteeael iffffect: deaels 10..65 culd daemaege-a. Hex is oonly aeppleeed iff taerget fue-a haes a cundeeshun.;2;5;24;4;0;10;1;15;0;0;0;0;0;0;0;
830;Raey ooff Joodgment;Strahl des Urteils;Ileete-a Spell. Deaels 10..50 huly daemaege-a und inffleects Boorneeng (1..3 secunds) ifery secund (5 secunds). Heets fues aedjaecent tu taerget's ineeteeael lucaeshun.;2;14;22;3;0;10;1;15;0;0;1;0;0;0;0;
831;Preemael Raege-a;Urzorn;Ileete-a Stunce-a. (1..9 secunds.) Yuoo aettaeck 33% faester und mufe-a 33% faester. Yuoo taeke-a 150..125% daemaege-a.;2;17;29;1;0;5;0;4;0;0;1;0;0;0;0;
832;Uneemaete-a Flesh Gulem;Fleischgolem beleben;Ileete-a Spell. Creaetes a lefel 3..25 flesh gulem vheech leaefes 1..4 fresh curpse-as vhee it deees. Ixplueets a fresh curpse-a. Yuoo cun haefe-a oonly oone-a flesh gulem aet a teeme-a.;2;5;22;4;0;10;1;30;0;0;1;0;0;0;0;
834;Reckless Haeste-a;Rücksichtslose Hast;Hex Spell. Aelsu hexes fues aedjaecent tu yuoor taerget (6..12 secunds). Zeese-a fues haefe-a 50% chunce-a tu meess, boot aettaeck 25% faester.;2;7;24;4;0;15;1;12;0;0;0;0;0;0;0;
835;Bluud Bund;Blutsbande;Hex Spell. Aelsu hexes fues aedjaecent tu yuoor taerget (3..12 secunds). Aelleees heetteeng zeese-a fues gaeeen 5..20 Heaelt. Iff uny ooff zeese-a fues deees vheele-a hexed, aedjaecent aelleees aere-a heaeled fur 20..100.;2;4;24;4;0;5;1;8;0;0;0;0;0;0;0;
836;Reede-a zee Leeghtneeng;Den Blitz reiten;Ileete-a Spell. Deaels 10..70 leeghtneeng daemaege-a. 25% aermur penetraeshun. Bleends aell aedjaecent fues (1..5 secunds). Yuoo instuntly mufe-a tu yuoor taerget. Maey taerget aelleees.;2;8;22;6;0;5;1;5;0;0;1;0;5;0;0;
837;Inergy Buun;Energiesegen;Ileete-a Inchuntment Spell. (36..60 secunds.) Maexeemoom Heaelt fur yuoo und taerget aelly is increaesed by 1..3 fur iaech pueent ooff maexeemoom Inergy. Ineeteeael iffffect: But gaeeen 1..12 Inergy. Yuoo gaeeen +1 Inergy fur ifery 2 pueents ooff Inergy Sturaege-a.;2;12;23;6;0;10;1;12;0;0;1;0;0;0;0;
838;Dvaeyna's Surroo;Dwaynas Leid;Inchuntment Spell. Inchunts aelleees neaer yuoor taerget (30 secunds). Yuoor paerty is heaeled fur 5..50 vhenefer oone-a ooff zeese-a aelleees deees.;2;13;23;3;0;5;1;5;0;0;0;0;0;0;0;
839;"Retreaet!";"Rückzug!";Shuoot. (5..11 secunds.) Paerty members in iaershut mufe-a 33% faester. Nu iffffect unless zeere-a aere-a deaed aelleees veetheen iaershut.;2;21;20;1;0;5;0;20;0;0;0;0;0;0;0;
840;Pueesuned Heaert;Vergiftetes Herz;Spell. Inffleects Pueesuned cundeeshun (5..15 secunds) tu aedjaecent fues. Yuoo aere-a aelsu Pueesuned.;3;7;22;4;0;5;.25;12;0;0;0;0;0;0;0;
841;Feteed Gruoond;Stinkender Boden;Spell. Deaels 15..65 culd daemaege-a. Inffleects Pueesuned cundeeshun (5..20 secunds) iff taerget fue-a is knucked-doon.;2;5;22;4;0;5;.75;10;0;0;0;0;0;0;0;
842;Aerc Leeghtneeng;Blitzbogen;Spell. Deaels 5..40 leeghtneeng daemaege-a. Deaels 15..85 leeghtneeng daemaege-a tu tvu neaerby fues iff yuoo aere-a Oofercaest. 25% aermur penetraeshun.;2;8;22;6;0;5;1.5;8;0;0;0;0;0;0;0;
843;Goost;Böe;Ileete-a Inchuntment Spell. (5..11 secunds.) Yuoo und taerget aelly mufe-a 33% faester. Ineeteeael iffffect: Fues aedjaecent tu yuoo und taerget aelly aere-a stroock fur 15..70 culd daemaege-a. Aettaeckeeng oor mufeeng fues aere-a knucked doon.;2;8;23;6;0;10;.75;15;0;0;1;0;0;0;0;
844;Choorneeng Iaert;Aufgeworfene Erde;Spell. Deaels 10..40 iaert daemaege-a iaech secund (5 secunds). Heets fues neaer taerget's ineeteeael lucaeshun. Cooses knuck-doon tu fues mufeeng faester thun nurmael.;2;9;22;6;0;15;2;30;0;0;0;0;0;0;0;
845;Leeqooeed Flaeme-a;Flüssige Flamme;Spell. Deaels 7..112 fure-a daemaege-a. Deaels 7..112 fure-a daemaege-a tu fues neaer yuoor taerget iff thees fue-a is aettaeckeeng oor caesteeng.;3;10;22;6;0;10;1;15;0;0;0;0;0;0;0;
846;Steaem;Dampf;Spell. Deaels 20..60 culd daemaege-a. Inffleects Bleendness cundeeshun (5..10 secunds) und dues 20..60 fure-a daemaege-a iff taerget fue-a is Boorneeng.;3;11;22;6;0;5;1;8;0;0;0;0;0;0;0;
847;Buun Seegnet;Siegel des Segens;Ileete-a Seegnet. Heaels fur 20..80. Yuoor next Heaeleeng oor Prutecshun Praeyer spell thaet taergets un aelly heaels fur +20..100 Heaelt.;2;16;21;3;0;0;1;6;0;0;1;0;0;0;0;
848;Referse-a Hex;Verhexung umkehren;Inchuntment Spell. (5..10 secunds.) Remufes oone-a hex frum taerget aelly. Zee next daemaege-a thees aelly taekes is redooced by 5..50. Nu iffffect unless thees aelly is hexed.;2;15;23;3;0;10;.25;10;0;0;0;0;0;0;0;
849;Laeceraeteeng Chup;Zerfetzender Hieb;Aexe-a Aettaeck. Deaels +5..20 daemaege-a. Inffleects Bleedeeng cundeeshun (5..20 secunds) iff taerget fue-a is knucked-doon.;2;18;4;1;0;0;0;0;4.8;0;0;0;0;0;0;
850;Feeerce-a Bloo;Erbitterter Schlag;Haemmer Aettaeck. Deaels +5..20 daemaege-a. Inffleects Deep Vuoond (1..8 secunds) iff taerget fue-a is Veaekened.;2;19;8;1;0;0;0;0;5.6;0;0;0;0;0;0;
851;Soon und Muun Slaesh;Sonne-Mond-Hieb;Svurd Aettaeck. Yuoo aettaeck taerget fue-a tveece-a. Unbluckaeble-a.;2;20;10;1;0;0;0;0;8;0;0;0;0;0;0;
852;Spleenter Shut;Splitterschuss;Boo Aettaeck. Deaels +3..15 daemaege-a. Deaels 5..65 daemaege-a tu fues in zee aerea iff blucked.;2;25;2;2;0;10;0;5;0;0;0;0;0;0;0;
853;Melundroo's Shut;Melandrus Schuss;Ileete-a Boo Aettaeck. Inffleects Bleedeeng (5..25 secunds). Deaels +10..25 daemaege-a und inffleects Creeppled (5..15 secunds) iff taerget fue-a vaes mufeeng oor knucked doon.;2;25;2;2;0;5;1;8;0;0;1;0;0;0;0;
854;Snaere-a;Schlinge;Traep. (90 secunds.) Aeffffects neaerby fues. Inffleects Creeppled cundeeshun (3..15 secunds). Iaeseely interroopted.;2;24;30;2;0;5;1.5;15;0;0;0;0;0;0;0;
858;Dunceeng Daeggers;Tanzende Dolche;Haelff Runge-a Spell. Three-a prujecteeles: iaech deaels 5..35 iaert daemaege-a. Cuoonts aes a leaed aettaeck.;2;30;22;7;0;5;1;5;0;0;0;0;0;0;0;
859;Cunjoore-a Neeghtmaere-a;Alptraum beschwören;Hex Spell. (2..16 secunds.) Cooses -8 Heaelt degeneraeshun.;2;1;24;5;0;15;1;5;0;0;0;0;0;0;0;
860;Seegnet ooff Deesroopshun;Siegel der Unterbrechung;Seegnet. Interroopts a spell. Cun interroopt uny skeell iff taerget fue-a is hexed. Interroopshun iffffect: deaels 10..51 daemaege-a.;2;2;21;5;0;0;.25;15;0;0;0;0;0;0;0;
862;Raefenuoos Gaeze-a;Heißhungriger Blick;Ileete-a Spell. Deaels 20..40 daemaege-a und steaels 20..40 Heaelt frum taerget und neaerby fues.;3;4;22;4;0;1;1;10;0;8;1;0;0;0;0;
863;Oorder ooff Aepustaesy;Orden der Abtrünnigkeit;Ileete-a Inchuntment Spell. Inchunts aell paerty members (5 secunds). Zeese-a paerty members remufe-a oone-a inchuntment vhee zeey deael physeecael daemaege-a. Remufael cust: fur iaech Munk inchuntment, yuoo luse-a 10..3% maexeemoom Heaelt.;2;7;23;4;0;25;2;0;0;0;1;0;0;0;0;
864;Ooppresseefe-a Gaeze-a;Repressiver Blick;Spell. Deaels 10..30 daemaege-a tu taerget und aedjaecent fues. Inffleects Pueesun und Veaekness (3..12 secunds) oon fues sooffffereeng frum a cundeeshun.;2;4;22;4;0;10;1;10;0;0;0;0;0;0;0;
865;Leeghtneeng Haemmer;Blitzhammer;Spell. Deaels 10..100 leeghtneeng daemaege-a. Aeppleees Craecked Aermur (5..20 secunds). 25% aermur penetraeshun.;2;8;22;6;0;25;2;4;0;0;0;0;0;0;0;
866;Faepur Blaede-a;Dunstklinge;Spell. Deaels 15..135 culd daemaege-a. Haelff daemaege-a iff taerget fue-a is inchunted.;2;11;22;6;0;5;1.5;7;0;0;0;0;5;0;0;
867;Heaeleeng Leeght;Heilendes Licht;Ileete-a Spell. Heaels fur 40..120. Yuoo gaeeen 1..3 Inergy iff taerget aelly is inchunted.;2;13;22;3;0;5;.75;4;0;0;1;0;0;0;0;
869;"Cooaerd!";"Feigling!";Ileete-a Shuoot. Cooses knuck-doon iff taerget fue-a is mufeeng.;2;-1;20;1;0;0;0;2;4;0;1;0;0;0;0;
870;Pesteelence-a;Pestilenz;Naetoore-a Reetooael. Creaetes a lefel 1..10 spureet (30..180 secund leeffespun). Vhee uny creaetoore-a in runge-a deees, cundeeshuns oon thees creaetoore-a spreaed tu uny creaetoore-a in zee aerea veet a cundeeshun. Spureets aere-a nut aeffffected.;3;24;19;2;0;5;2;60;0;0;0;0;0;0;0;
871;Shaedoosung;Schattengesang;Beendeeng Reetooael. Creaetes a lefel 1..10 spureet (30-secund leeffespun). Its aettaecks deael 5..20 daemaege-a und inffleect Bleendness cundeeshun (1..6 secunds).;2;32;18;8;0;15;1;30;0;0;0;0;0;0;0;
876;Seegnet ooff Shaedoos;Siegel der Schatten;Seegnet. Deaels 5..35 daemaege-a. Deaels 15..60 mure-a daemaege-a iff taerget fue-a is Bleended.;2;30;21;7;0;0;1;15;0;0;0;0;0;0;0;
877;Lyssa's Baelunce-a;Lyssas Ausgleich;Spell. Remufes oone-a inchuntment frum taerget fue-a. Nu iffffect iff yuoo haefe-a mure-a inchuntments thun thees fue-a.;2;-1;22;5;0;5;1;15;0;0;0;0;0;0;0;
878;Feeseeuns ooff Regret;Visionen des Bedauerns;Ileete-a Hex Spell. Aelsu hexes fues aedjaecent tu taerget (10 secunds). Zeese-a fues taeke-a 15..45 daemaege-a vhenefer zeey use-a a skeell und 5..50 aeddeeshunael daemaege-a iff nut under zee iffffects ooff unuzeer Mesmer hex.;3;2;24;5;0;10;2;20;0;0;1;0;0;0;0;
879;Illooseeun ooff Paeeen;Illusion der Schmerzen;Hex Spell. (8 secunds.) Cooses -3..10 Heaelt degeneraeshun und taerget fue-a taekes 3..10 daemaege-a iaech secund. Ind iffffect: thaet fue-a is heaeled fur 36..120.;2;1;24;5;0;10;2;5;0;0;0;0;0;0;0;
880;Stulee Speed;Gestohlene Eile;Ileete-a Hex Spell. Aelsu hexes aedjaecent fues (1..10 secunds). Duoobles spell caesteeng teeme-a. Spells caest by yuoo oor yuoor aelleees oon hexed fues haefe-a -50% caesteeng teeme-a. Bork! Bork! Bork!;2;0;24;5;0;5;1;12;0;0;1;0;0;0;0;
881;Izeer Seegnet;Äther-Siegel;Seegnet. Yuoo gaeeen 10..20 Inergy. Nu iffffect unless yuoo haefe-a less thun 5..10 Inergy.;2;3;21;5;0;0;1;45;0;0;0;0;0;0;0;
882;Seegnet ooff Deesenchuntment;Siegel der Entzauberung;Seegnet. Remufes oone-a inchuntment. Yuoo luse-a aell Inergy.;2;-1;21;5;0;0;1;15;0;0;0;0;0;0;0;
883;Fucael Meenureety;Stimmminderheit;Hex Spell. Aelsu hexes fues neaer taerget (5..20 secunds). Zeese-a fues cunnut use-a shuoots oor chunts.;3;7;24;4;0;10;1;20;0;0;0;0;0;0;0;
884;Seaereeng Flaemes;Versengende Flammen;Ileete-a Spell. Heets fues neaer yuoor taerget. Deaels 10..100 fure-a daemaege-a tu fues aelreaedy Boorneeng. Inffleects Boorneeng cundeeshun (1..7 secunds) tu fues nut Boorneeng.;3;10;22;6;0;15;1;2;0;0;1;0;0;0;0;
885;Sheeeld Gooaerdeeun;Schildwächter;Inchuntment Spell. (2..6 secunds). Paerty members in iaershut haefe-a a 75% chunce-a tu bluck aettaecks. Bluck iffffect: Aelleees in iaershut aere-a heaeled fur 10..40 und Sheeeld Gooaerdeeun inds.;2;15;23;3;0;5;1.5;20;0;0;0;0;0;0;0;
886;Restffool Breeze-a;Beruhigender Hauch;Inchuntment Spell. (8..18 secunds.) +10 Heaelt regeneraeshun. Inds iff taerget aelly aettaecks oor uses a skeell.;3;13;23;3;0;5;1;8;0;0;0;0;0;0;0;
887;Seegnet ooff Rejoofenaeshun;Siegel der Verjüngung;Seegnet. Heaels fur 15..75. Heaels fur 15..75 mure-a iff taerget aelly is caesteeng a spell oor aettaeckeeng.;2;13;21;3;0;0;1;8;0;0;0;0;0;0;0;
888;Vhurleeng Aexe-a;Wirbelnde Axt;Ileete-a Aexe-a Aettaeck. Deaels +5..20 daemaege-a und remufes a stunce-a. Unbluckaeble-a.;2;18;4;1;0;0;0;0;4;0;1;0;0;0;0;
889;Furceffool Bloo;Energischer Schlag;Ileete-a Haemmer Aettaeck. Deaels +10..30 daemaege-a. Remufes taerget fue-a's stunce-a. Inffleects Veaekness cundeeshun (5..20 secunds). Unbluckaeble-a.;2;19;8;1;0;0;0;0;4.8;0;1;0;0;0;0;
891;"Nune-a Shaell Paess!";"Niemand darf vorbei!";Shuoot. Knucks doon aell neaerby mufeeng fues. Rechaerges 1..8 secunds faester fur iaech aeffffected fue-a (maexeemoom 25 secunds).;2;21;20;1;0;5;0;45;0;0;0;0;0;0;0;
892;Qooeefereeng Blaede-a;Zitternde Klinge;Ileete-a Svurd Aettaeck. Deaels +10..40 daemaege-a. Inffleects Daezed cundeeshun (10 secunds) iff taerget fue-a vaes mufeeng.;2;20;10;1;0;0;0;0;4;0;1;0;0;0;0;
893;Seekeeng Aerroos;Suchende Pfeile;Prepaeraeshun. (3..14 secunds.) Yuoor aerroos aere-a unbluckaeble-a. Inds iff yuoo faeeel tu heet.;2;25;17;2;0;10;2;15;0;0;0;0;0;0;0;
898;Ooferluaed;Überlastung;Hex Spell. (5 secunds.) Cooses -1..3 Heaelt degeneraeshun. Iff taerget fue-a is useeng a skeell, thaet fue-a taekes 15..75 daemaege-a und aell aedjaecent fues taeke-a 75% ooff thaet daemaege-a.;2;2;24;5;0;5;.25;5;0;0;0;0;0;0;0;
899;Imaeges ooff Remurse-a;Bilder der Reue;Hex Spell. (5..10 secunds.) Cooses -1..3 Heaelt degeneraeshun. Ineeteeael iffffect: 10..52 daemaege-a iff taerget fue-a is aettaeckeeng.;2;1;24;5;0;5;1;5;0;0;0;0;0;0;0;
900;Shaered Boordee;Geteilte Bürde;Ileete-a Hex Spell. Aelsu hexes fues in zee aerea ooff yuoor taerget (5..20 secunds). Zeese-a fues aettaeck, caest spells, und mufe-a 50% slooer.;2;1;24;5;0;5;2;15;0;0;1;0;0;0;0;
901;Suool Beend;Seelenfessel;Ileete-a Hex Spell. (30 secunds.) Ifery teeme-a taerget fue-a is heaeled, zee heaeler taekes 20..80 daemaege-a. Inds iff taerget is sooffffereeng frum a Smeeteeng Praeyers hex.;2;7;24;4;0;10;1;5;0;0;1;0;0;0;0;
902;Bluud ooff zee Aeggressur;Blut des Aggressoren;Spell. Steaels 5..45 Heaelt. Inffleects Veaekness (3..12 secunds) iff taerget fue-a vaes aettaeckeeng.;3;4;22;4;0;5;1;5;0;0;0;0;0;0;0;
903;Icy Preesm;Eisprisma;Spell. Deaels 15..75 culd daemaege-a. Deaels +15..75 culd daemaege-a tu oozeer neaerby fues iff taerget haes a Vaeter Maegeec hex.;2;11;22;6;0;5;1;5;0;0;0;0;5;0;0;
904;Fooreeuoos Aexe-a;Zornige Axt;Aexe-a Aettaeck. Deaels +5..35 daemaege-a. Geefes yuoo 3 streekes ooff aedrenaeleene-a iff blucked.;2;18;4;1;0;5;0;6;0;0;0;0;0;0;0;
905;Oospeeceeuoos Bloo;Günstiger Schlag;Haemmer Aettaeck. Deaels +5..20 daemaege-a und yuoo gaeeen 3..8 Inergy. Unbluckaeble-a iff taerget fue-a is Veaekened.;2;19;8;1;0;0;0;0;4.8;0;0;0;0;0;0;
906;"Oon Yuoor Knees!";"Auf Eure Knie!";Shuoot. Rechaerges aell yuoor stunces iff yuoo aere-a aedjaecent tu a knucked-doon fue-a. Yuoo luse-a aell aedrenaeleene-a.;2;-1;20;1;0;0;0;0;6;0;0;0;0;0;0;
907;Draegun Slaesh;Drachenhieb;Ileete-a Svurd Aettaeck. Deaels +10..40 daemaege-a. Yuoo gaeeen 1..5 streeke-as ooff aedrenaeleene-a iff it heets.;2;20;10;1;0;0;0;0;7;0;1;0;0;0;0;
908;Maerooder's Shut;Plünderer-Schuss;Boo Aettaeck. Deaels +25..55 daemaege-a. Yuoor nun-aettaeck skeells aere-a deesaebled (5 secunds) iff thees aettaeck heets.;2;25;2;2;0;5;0;6;0;0;0;0;0;0;0;
909;Fucoosed Shut;Scharfschuss;Boo Aettaeck. Deaels +10..40 daemaege-a. Unbluckaeble-a. Thees shut mufes three-a teemes faester.Yuoor oozeer aettaeck skeells aere-a deesaebled (8..4 secunds).;2;25;2;2;0;5;0;8;0;0;0;0;0;0;0;
910;Spureet Reefft;Geisterriss;Spell. Aeffter 3 secunds, aeffffects fues aedjaecent tu taerget's ineeteeael lucaeshun. Deaels 25..125 leeghtneeng daemaege-a und inffleects Craecked Aermur (1..20 secunds).;2;34;22;8;0;10;2;5;0;0;0;0;0;0;0;
911;Uneeun;Vereinigung;Beendeeng Reetooael. Creaetes a lefel 1..12 spureet (30..60 secund leeffespun). Vhenefer a nun-spureet aelly veetheen runge-a taekes daemaege-a oor leeffe-a steael, it is redooced by 15 und zee spureet taekes 15 daemaege-a.;2;32;18;8;0;15;.75;45;0;0;0;0;0;0;0;
913;Trunqooeel Vaes Tunaesee;Ruhig war Tanasen;Ileete-a Item Spell. (5..20 secunds.) Yuoo haefe-a +10..25 aermur. Yuoo cunnut be-a interroopted.;2;33;25;8;0;5;1;15;0;0;1;0;0;0;0;
914;Cunsoome-a Suool;Seele verzehren;Ileete-a Spell. Steaels 5..70 Heaelt. Deael 25..125 daemaege-a tu husteele-a soommuned creaetoores veetheen iaershut ooff taerget fue-a.;2;36;22;8;0;5;1;5;0;0;1;0;0;0;0;
915;Spureet Leeght;Geisterlicht;Spell. Heaels fur 60..180. Yuoo dun't saecreeffeece-a Heaelt iff yuoo aere-a veetheen iaershut ooff uny spureets.;2;33;22;8;0;5;1;4;0;17;0;0;0;0;0;
916;Laementaeshun;Wehklage;Hex Spell. Aelsu hexes fues neaer taerget (5..20 secunds). Cooses -0..3 Heaelt degeneraeshun. Ineeteeael iffffect: deaels 10..50 daemaege-a tu zeese-a fues iff yuoo aere-a veetheen iaershut ooff a spureet oor curpse-a.;2;34;24;8;0;10;1;15;0;0;0;0;0;0;0;
917;Rooptoore-a Suool;Seele zerreißen;Spell. Destruys taerget aelleeed spureet. Deaels 50..140 leeghtneeng daemaege-a und inffleects Bleendness cundeeshun (3..12 secunds) tu neaerby fues.;2;36;22;8;0;10;.75;5;0;0;0;0;0;0;0;
918;Spureet tu Flesh;Geist zu Fleisch;Tuooch Spell. Destruys taerget tuooched aelleeed spureet. Heaels neaerby aelleees fur 30..240.;2;36;22;8;0;10;.75;15;0;0;0;0;0;0;0;
919;Spureet Boorn;Geisterbrand;Spell. Deaels 5..50 leeghtneeng daemaege-a. Inffleects Boorneeng cundeeshun (1..5 secunds) iff yuoo aere-a veetheen iaershut ooff a spureet.;2;34;22;8;0;5;1;6;0;0;0;0;0;0;0;
920;Destroocshun;Vernichtung;Beendeeng Reetooael. Creaete-a a lefel 1..14 Spureet thaet deees aeffter 30 secunds. Vhee thees Spureet deees, aell fues in zee aerea taeke-a 5..25 daemaege-a fur iaech secund zee Spureet vaes aeleefe-a (maexeemoom 150 daemaege-a).;2;34;18;8;0;10;.75;20;0;0;0;0;0;0;0;
921;Deessununce-a;Missklang;Beendeeng Reetooael. Creaetes a lefel 1..12 spureet (10..25 secund leeffespun). Its aettaecks deael 5..20 daemaege-a und interroopt aecshuns.;2;32;18;8;0;25;1;45;0;0;0;0;0;0;0;
923;Deesenchuntment;Entzauberung;Beendeeng Reetooael. Creaetes a lefel 1..12 spureet (10..35 secund leeffespun). Its aettaecks deael 5..20 daemaege-a und remufe-a oone-a inchuntment.;2;32;18;8;0;15;1;30;0;0;0;0;0;0;0;
925;Recaell;Rückruf;Inchuntment Spell. Ind iffffect: Shaedoo Step tu taerget aelly. Cunnut selff-taerget und deesaebles aell ooff yuoor skeells fur 3 secunds vhee it inds.;2;-1;23;7;-1;10;1;10;0;0;0;0;0;0;0;
926;Shaerpee Daeggers;Dolche wetzen;Inchuntment Spell. (5..30 secunds.) Yuoor daegger aettaecks inffleect zee Bleedeeng cundeeshun (5..15 secunds).;2;35;23;7;0;5;.5;20;0;0;0;0;0;0;0;
927;Shaemeffool Feaer;Schändliche Angst;Hex Spell. (10 secunds.) Taerget fue-a taekes 5..20 daemaege-a iaech secund vheele-a mufeeng, boot mufes 10% faester.;2;30;24;7;0;10;1;10;0;0;0;0;0;0;0;
928;Shaedoo Shruood;Schattenschleier;Ileete-a Hex Spell. (3..9 secunds.) Taerget fue-a cunnut be-a zee taerget ooff inchuntments.;2;31;24;7;0;5;.25;20;0;0;1;0;0;0;0;
929;Shaedoo ooff Haeste-a;Schatten der Eile;Stunce-a. (10..40 secunds.) Yuoo mufe-a 15% faester. Ind iffffect: retoorn tu yuoor ooreegeenael lucaeshun.;2;31;29;7;0;5;0;45;0;0;0;0;0;0;0;
930;Oospeeceeuoos Incuntaeshun;Günstige Beschwörung;Inchuntment Spell. (20 secunds.) Yuoor next spell geefes yuoo 110..200% ooff its Inergy cust. Thaet spell taekes 10..5 secunds lunger tu rechaerge-a.;2;3;23;5;0;5;1;20;0;0;0;0;0;0;0;
931;Pooer Retoorn;Kraftrevanche;Spell. Interroopts a spell oor chunt. Interroopshun iffffect: taerget fue-a gaeeens 10..5 Inergy.;2;0;22;5;0;5;.25;7;0;0;0;0;0;0;0;
932;Cumpleecaete-a;Erschweren;Spell. Interroopts a skeell. Interroopshun iffffect: deesaebles interroopted skeell (+5..12 secunds) fur taerget fue-a und aell fues in zee aerea.;2;2;22;5;0;10;.25;20;0;0;0;0;0;0;0;
933;Shaetter Sturm;Sturm zerschlagen;Ileete-a Spell. Remufes aell inchuntments. Remufael cust: Shaetter Sturm is deesaebled fur +7 secunds fur iaech inchuntment remufed.;2;-1;22;5;0;10;1;0;0;0;1;0;0;0;0;
934;Unnaetoorael Seegnet;Unnatürliches Siegel;Seegnet. Deaels 15..75 daemaege-a. Deaels 5..50 daemaege-a tu oozeer aedjaecent fues iff zee taerget is hexed oor inchunted.;2;2;21;5;0;0;1;10;0;0;0;0;0;0;0;
935;Reeseeng Beele-a;Hochkommende Galle;Hex Spell. (20 secunds.) Ind iffffect: deaels 1..6 daemaege-a fur iaech secund Reeseeng Beele-a vaes in iffffect. Aelsu daemaeges oozeer fues in zee aerea.;2;5;24;4;0;10;1;20;0;0;0;0;0;0;0;
936;Infenum Inchuntments;Verzauberungen vergiften;Spell. Remufes oone-a inchuntment frum taerget fue-a. Inffleects Pueesuned cundeeshun (3..10 secunds fur iaech remaeeeneeng inchuntment oon thaet fue-a).;3;7;22;4;0;5;1;15;0;0;0;0;0;0;0;
937;Shuckvaefe-a;Stoßwelle;Ileete-a Spell. Fues in zee aerea taeke-a 15..60 iaert daemaege-a und aere-a Veaekened (1..10 secunds). Neaerby fues aelsu taeke-a +15..60 iaert daemaege-a und haefe-a Craecked Aermur (1..10 secunds). Aedjaecent fues aelsu taeke-a +15..60 iaert daemaege-a und aere-a Bleended (1..10 secunds).;2;9;22;6;0;10;1;15;0;0;1;0;0;0;0;
938;Vaerd ooff Staebeeleety;Kreis der Stabilität;Vaerd Spell. (10..25 secunds.) Aelleees in thees vaerd cunnut be-a knucked-doon. Aelleeed spureets aere-a nut aeffffected.;2;9;26;6;0;10;1;30;0;0;0;0;0;0;0;
939;Icy Shaeckles;Eisfesseln;Ileete-a Hex Spell. (1..10 secunds.) Taerget fue-a mufes 66% slooer. Thees fue-a mufes 90% slooer iff inchunted.;3;11;24;6;0;10;1;12;0;0;1;0;0;0;0;
941;Blessed Leeght;Gesegnetes Licht;Ileete-a Spell. Heaels fur 10..120. Remufes oone-a cundeeshun und oone-a hex.;2;16;22;3;0;5;.75;5;0;0;1;0;0;0;0;
942;Veethdraev Hexes;Verhexungen zurücknehmen;Ileete-a Spell. Remufes aell hexes. Aelsu aeffffects aedjaecent aelleees. Remufael cust: +2 secunds rechaerge-a fur iaech hex remufed. 50% faeeeloore-a chunce-a unless Deefeene-a Faefur 5 oor mure-a.;2;16;22;3;0;5;1;5;0;0;1;0;0;0;0;
943;Ixteengooeesh;Löschen;Spell. Aeffffects aell paerty members. Remufes oone-a cundeeshun. Paerty members releeefed ooff Boorneeng aere-a heaeled fur 10..100.;2;15;22;3;0;15;1;12;0;0;0;0;0;0;0;
944;Seegnet ooff Strengt;Siegel der Stärke;Seegnet. Yuoor aettaecks deael +5 daemaege-a. Inds aeffter 1..16 aettaecks.;2;17;21;1;0;0;1;45;0;0;0;0;0;0;0;
946;Traepper's Fucoos;Fokus des Fallenstellers;Ileete-a Prepaeraeshun. (12..36 secunds.) Yuoor traep skeells aere-a nu lunger iaesy tu interroopt. Yuoo gaeeen +0..4 tu yuoor Veelderness Soorfeefael aettreeboote-a.;2;23;17;2;0;5;2;12;0;0;1;0;0;0;0;
947;Braembles;Dornenranken;Naetoore-a Reetooael. Creaetes a lefel 1..10 spureet (30..240 secund leeffespun). Knucked-doon creaetoores taeke-a 5 daemaege-a und begeen Bleedeeng (5..20 secunds). Dues nut aeffffect spureets.;2;24;19;2;0;10;2;60;0;0;0;0;0;0;0;
948;Desperaete-a Streeke-a;Verzweifelter Stoß;Leaed Aettaeck. Deaels +15..60 daemaege-a iff yuoo haefe-a less thun 50..80% Heaelt.;2;29;5;7;0;5;0;6;0;0;0;0;0;0;0;
949;Vaey ooff zee Fux;Weg des Fuchses;Inchuntment Spell. (10..35 secunds.) Yuoor aettaecks aere-a unbluckaeble-a. Inds aeffter 1..6 aettaecks.;2;31;23;7;0;5;.25;30;0;0;0;0;0;0;0;
950;Shaedooy Boordee;Schattenbürde;Hex Spell. (3..15 secunds.) Taerget fue-a mufes 25% slooer und haes 20..30 less aermur aegaeeenst yuoor aettaecks. Aermur redoocshun oonly aeffffects thees fue-a vheele-a it haes nu oozeer hexes.;2;31;24;7;0;10;.25;15;0;0;0;0;0;0;0;
951;Seephun Speed;Geschwindigkeitsentzug;Hex Spell. (5..15 secunds.) Taerget fue-a mufes 33% slooer und yuoo mufe-a 33% faester. Rechaerges 50% faester iff caest oon a mufeeng fue-a.;2;30;24;7;0;5;1;30;0;0;0;0;0;0;0;
952;Deaet's Chaerge-a;Angriff des Todes;Spell. Yuoo Shaedoo Step tu taerget fue-a. Yuoo aere-a heaeled fur 65..200 iff thees fue-a haes mure-a Heaelt thun yuoo.;2;31;22;7;0;5;.25;30;0;0;0;0;0;0;0;
953;Pooer Floox;Kraftfluss;Ileete-a Hex Spell. Interroopts a spell oor chunt. Interroopshun iffffect: -2 Inergy degeneraeshun (4..10 secunds).;3;2;24;5;0;10;.25;15;0;0;1;0;0;0;0;
954;Ixpel Hexes;Verhexungen vertreiben;Ileete-a Spell. Remufes 2 hexes frum taerget aelly.;2;-1;22;5;0;5;1;8;0;0;1;0;0;0;0;
955;Reep Inchuntment;Verzauberung zerreißen;Spell. Remufes 1 inchuntments. Remufael iffffect: inffleects Bleedeeng (5..25 secunds).;3;7;22;4;0;5;1;15;0;0;0;0;0;0;0;
957;Spell Sheeeld;Zauberschild;Inchuntment Spell. (5..20 secunds.) Vheele-a caesteeng spells, yuoo cunnut be-a zee taerget ooff spells. Ind iffffect: yuoor skeells aere-a deesaebled (8..4 secunds).;2;16;23;3;0;10;1;30;0;0;0;0;0;0;0;
958;Heaeleeng Vheesper;Heilendes Geflüster;Haelff Runge-a Spell. Heaels fur 40..100. Cunnut selff-taerget.;2;13;22;3;0;5;1;1;0;0;0;0;0;0;0;
959;Izeereael Leeght;Ätherisches Licht;Spell. Heaels fur 25..100. Iaeseely interroopted.;2;13;22;3;0;5;1;5;0;0;0;0;0;0;0;
960;Releaese-a Inchuntments;Verzauberungen freisetzen;Spell. Remufes aell ooff yuoor inchuntments. Heaels aell paerty members fur 5..35 fur iaech Munk inchuntment remufed.;2;16;22;3;0;5;.25;5;0;0;0;0;0;0;0;
961;Laeceraete-a;Zerfetzen;Ileete-a Naetoore-a Reetooael. Creaetes a lefel 1..10 spureet (30..240 secund leeffespun). Bleedeeng creaetoores in runge-a haefe-a -2 Heaelt degeneraeshun. Ind iffffect: inffleects Bleedeeng cundeeshun (5..25 secunds) oon creaetoores in runge-a thaet haefe-a less thun 90% Heaelt. Dues nut aeffffect spureets.;2;22;19;2;0;10;2;15;0;0;1;0;0;0;0;
962;Spureet Trunsffer;Geistübertragung;Spell. Zee spureet neaerest yuoo luses 5..50 Heaelt. Heaels taerget aelly fur 5 fur iaech pueent ooff Heaelt lust.;2;33;22;8;0;10;.25;5;0;0;0;0;0;0;0;
963;Resturaeshun;Wiederherstellung;Beendeeng Reetooael. Creaetes a lefel 1..14 spureet (30 secund leeffespun). Ind iffffect: resoorrects paerty members in zee aerea veet 5..50% Heaelt und zeru Inergy.;2;32;18;8;0;10;1;30;0;0;0;0;0;0;0;
964;Fengeffool Veaepun;Rachsüchtige Waffe;Veaepun Spell. (8 secunds.) Steaels 15..60 Heaelt frum zee next fue-a thaet deaels daemaege-a oor leeffe-a steael tu taerget aelly.;2;33;27;8;0;5;.25;3;0;0;0;0;0;0;0;
973;Bleendeeng Pooder;Blendpulver;Spell. Inffleects Bleendness cundeeshun (3..15 secunds) oon taerget und aedjaecent fues. Moost fulloo un ooffff-hund aettaeck.;2;31;22;7;0;5;.25;20;0;0;0;0;0;0;0;
974;Muntees Tuooch;Berührung der Fangschrecke;Skeell. Inffleects Creeppled cundeeshun (5..20 secunds). Thees skeell cuoonts aes un ooffff-hund aettaeck.;2;30;1;7;0;5;.75;10;0;0;0;0;0;0;0;
975;Ixhoosteeng Aessoolt;Ermüdender Angriff;Dooael Aettaeck. Interroopts un aecshun. Inffleects 10 Oofercaest iff zee interroopted aecshun vaes a spell. Moost fulloo a leaed aettaeck.;2;29;7;7;0;5;.5;8;0;0;0;0;0;0;0;
976;Repeaeteeng Streeke-a;Wiederholender Schlag;Ooffff-Hund Aettaeck. Deaels +10..30 daemaege-a. Thees skeell haes +15 secund rechaerge-a teeme-a iff it meesses. Moost fulloo un ooffff-hund aettaeck.;2;29;6;7;0;5;0;0;0;0;0;0;0;0;0;
977;Vaey ooff zee Lutoos;Weg des Lotus;Inchuntment Spell. (20 secunds.) Yuoo gaeeen 5..20 Inergy zee next teeme-a yuoo heet veet a dooael aettaeck.;2;31;23;7;0;5;.25;20;0;0;0;0;0;0;0;
978;Maerk ooff Instaebeeleety;Zeichen der Unbeständigkeit;Hex Spell. (20 secunds.) Cooses knuck-doon zee next teeme-a yuoo heet taerget fue-a veet a dooael aettaeck.;2;-1;24;7;0;10;.25;20;0;0;0;0;0;0;0;
979;Meestroost;Argwohn;Hex Spell. (6 secunds.) Zee next spell thaet taerget fue-a caests oon oone-a ooff yuoor aelleees faeeels und deaels 10..80 daemaege-a tu taerget und 75% ooff thaet daemaege-a tu neaerby fues.;3;2;24;5;0;10;2;12;0;0;0;0;0;0;0;
980;Feaest ooff Suools;Schmaus der Seelen;Spell. Heaels aell paerty members fur 50..100 fur iaech neaerby aelleeed spureet. Aell neaerby aelleeed spureets aere-a destruyed.;2;36;22;8;0;5;.25;10;0;0;0;0;0;0;0;
981;Recooperaeshun;Erholung;Beendeeng Reetooael. Creaetes a lefel 1..14 spureet (15..45 secund leeffespun). Nun-spureet aelleees veetheen runge-a haefe-a +1..3 Heaelt regeneraeshun.;2;33;18;8;0;25;.75;45;0;0;0;0;0;0;0;
982;Shelter;Unterschlupf;Beendeeng Reetooael. Creaetes a lefel 1..12 spureet (30..60 secund leeffespun). Nun-spureet aelleees veetheen runge-a cunnut luse-a mure-a thun 10% maexeemoom Heaelt frum a seengle-a aettaeck. Daemaege-a prefenshun cust: thees spureet luses 75..45 Heaelt.;2;32;18;8;0;25;1;45;0;0;0;0;0;0;0;
983;Veaepun ooff Shaedoo;Schattenwaffe;Veaepun Spell. (1..7 secunds.) Inffleects Bleendness cundeeshun (5 secunds) oon unyune-a vhu aettaecks taerget aelly. Taerget aelly's next 1..3 aettaecks inffleect Bleendness (5 secunds) iff zeey heet.;2;33;27;8;0;10;1;20;0;0;0;0;0;0;0;
985;Caeltrups;Trittnägel;Haelff Runge-a Spell. Inffleects Creeppled und Bleedeeng cundeeshuns (5..15 secunds) oon taerget und aedjaecent fues.;2;31;22;7;0;5;.25;10;0;0;0;0;0;0;0;
986;Neene-a Taeeel Streeke-a;Neunschwänziger Stoß;Dooael Aettaeck. Deaels +15..40 daemaege-a. Unbluckaeble-a. Moost fulloo un ooffff-hund aettaeck.;2;29;7;7;0;5;0;8;0;0;0;0;0;0;0;
987;Vaey ooff zee Impty Paelm;Weg der leeren Handfläche;Ileete-a Inchuntment Spell. (5..15 secunds.) Yuoor ooffff-hund und dooael aettaecks cust nu Inergy und rechaerge-a 25..50% faester.;2;30;23;7;0;5;.25;10;0;0;1;0;0;0;0;
988;Temple-a Streeke-a;Schläfenstoß;Ileete-a Ooffff-Hund Aettaeck. Interroopts a spell. Inffleects Daezed und Bleendness cundeeshuns (1..10 secunds). Moost fulloo a leaed aettaeck.;2;29;6;7;0;15;0;20;0;0;1;0;0;0;0;
989;Guldee Phueneex Streeke-a;Goldener Phönix-Stoß;Ooffff-Hund Aettaeck. Deaels +10..30 daemaege-a tu taerget und deaels 10..30 daemaege-a tu aedjaecent fues. Faeeels iff yuoo aere-a nut inchunted.;2;29;6;7;0;5;0;8;0;0;0;0;0;0;0;
990;Ixpoonge-a Inchuntments;Verzauberungen ausmerzen;Tuooch Skeell. Remufes oone-a inchuntment fur iaech nun-aettaeck skeell yuoo haefe-a. Aell yuoor nun-aettaeck skeells aere-a deesaebled (8..4 secunds).;2;30;1;7;0;10;.75;30;0;0;0;0;0;0;0;
991;Deny Hexes;Verhexungen zurückweisen;Spell. Remufes oone-a hex frum taerget aelly und oone-a aeddeeshunael hex fur iaech rechaergeeng Deefeene-a Faefur skeell yuoo haefe-a.;2;16;22;3;0;5;1;12;0;0;0;0;0;0;0;
992;Treeple-a Chup;Dreifachhieb;Ileete-a Aexe-a Aettaeck. Deaels +10..40 daemaege-a. Aelsu heets aedjaecent fues.;2;18;4;1;0;5;0;10;0;0;1;0;0;0;0;
993;Inraeged Smaesh;Erzürnter Schlag;Ileete-a Haemmer Aettaeck. Geefes yuoo 1..4 streeke-as ooff aedrenaeleene-a iff yuoo heet. Deaels +10..40 daemaege-a und cooses knuckdoon iff yuoor taerget vaes mufeeng.;2;19;8;1;0;5;0;5;0;0;1;0;0;0;0;
994;Renooeeng Smaesh;Erneuernder Schlag;Haemmer Aettaeck. Deaels +10..40 daemaege-a. Yuoo gaeeen 3 Inergy und thees aettaeck rechaerges instuntly iff taerget fue-a vaes knucked doon.;2;19;8;1;0;5;1;30;0;0;0;0;0;0;0;
995;Teeger Stunce-a;Tigerhaltung;Stunce-a. (4..10 secunds.) Yuoo aettaeck 33% faester. Inds iff yuoo faeeel tu heet.;2;17;29;1;0;5;0;20;0;0;0;0;0;0;0;
996;Stundeeng Slaesh;Stehender Hieb;Svurd Aettaeck. Deaels +5..20 daemaege-a. Deaels 5..20 mure-a daemaege-a iff yuoo aere-a in a stunce-a.;2;20;10;1;0;0;0;0;5.6;0;0;0;0;0;0;
997;Faemeene-a;Hungersnot;Ileete-a Naetoore-a Reetooael. Creaetes a lefel 1..10 spureet (30..180 secund leeffespun). Deaels 20..70 daemaege-a tu creaetoores in runge-a thaet reaech 0 Inergy. Dues nut aeffffect spureets.;2;24;19;2;0;10;2;15;0;0;1;0;0;0;0;
1018;Creeteecael Iye-a;Kritisches Auge;Skeell. (10..35 secunds.) Yuoo haefe-a +3..15% chunce-a tu lund a creeteecael heet. Yuoo gaeeen 1 Inergy vhenefer yuoo lund a creeteecael heet.;2;35;1;7;0;5;0;30;0;0;0;0;0;0;0;
1019;Creeteecael Streeke-a;Kritischer Stoß;Dooael Aettaeck. Deaels +10..30 daemaege-a. Ootumaeteec creeteecael heet. Yuoo gaeeen 1..3 Inergy. Moost fulloo un ooffff-hund aettaeck.;2;35;7;7;0;5;0;6;0;0;0;0;0;0;0;
1020;Blaedes ooff Steel;Stahlklingen;Dooael Aettaeck. Deaels +5..16 daemaege-a (maexeemoom 60) fur iaech rechaergeeng daegger aettaeck. Moost fulloo un ooffff-hund aettaeck.;2;29;7;7;0;5;0;8;0;0;0;0;0;0;0;
1021;Joongle-a Streeke-a;Dschungelschlag;Ooffff-Hund Aettaeck. Deaels +10..25 daemaege-a. Deaels 1..31 daemaege-a tu taerget und aedjaecent fues iff taerget fue-a is Creeppled. Moost fulloo a leaed aettaeck.;2;29;6;7;0;5;.5;6;0;0;0;0;0;0;0;
1022;Veeld Streeke-a;Wilder Stoß;Ooffff-Hund Aettaeck. Deaels +10..35 daemaege-a. Remufes taerget fue-a's stunce-a. Unbluckaeble-a. Moost fulloo a leaed aettaeck.;2;29;6;7;0;5;0;4;0;0;0;0;0;0;0;
1023;Leaepeeng Muntees Steeng;Stich der springenden Mantis;Leaed Aettaeck. Deaels +5..15 daemaege-a. Inffleects Creeppled cundeeshun (3..15 secunds) iff taerget fue-a is mufeeng.;2;29;5;7;0;5;.5;8;0;0;0;0;0;0;0;
1024;Blaeck Muntees Throost;Stoß der schwarzen Mantis;Leaed Aettaeck. Deaels +8..20 daemaege-a. Inffleects Creeppled cundeeshun (3..15 secunds) iff taerget fue-a is hexed.;2;29;5;7;0;5;1;6;0;0;0;0;0;0;0;
1025;Deesroopteeng Staeb;Unterbrechender Dolchstoß;Leaed Aettaeck. Interroopts un aecshun. Iff zee interroopted aecshun vaes a spell, it is deesaebled (3..10 secunds).;2;29;5;7;0;5;0;10;0;0;0;0;0;0;0;
1026;Guldee Lutoos Streeke-a;Goldener Lotus-Stoß;Leaed Aettaeck. Deaels +5..20 daemaege-a. Yuoo gaeeen 5..8 Inergy iff yuoo aere-a inchunted.;2;29;5;7;0;5;0;5;0;0;0;0;0;0;0;
1027;Creeteecael Deffenses;Kritische Verteidigungen;Inchuntment Spell. (4..10 secunds.) Yuoo haefe-a 75% chunce-a tu bluck. Renooael: ifery teeme-a yuoo lund a creeteecael heet.;2;35;23;7;0;10;1;30;0;0;0;0;0;0;0;
1028;Vaey ooff Perffecshun;Weg der Perfektion;Inchuntment Spell. (60 secunds.) Yuoor creeteecael heets heael yuoo fur 10..40.;2;31;23;7;0;5;.25;30;0;0;0;0;0;0;0;
1029;Daerk Aepustaesy;Dunkle Abtrünnigkeit;Ileete-a Inchuntment Spell. (3..17 secunds.) Yuoor creeteecael heets remufe-a un inchuntment. Remufael cust: luse-a 10..3 Inergy oor Daerk Aepustaesy inds.;2;35;23;7;0;10;.25;15;0;0;1;0;0;0;0;
1030;Lucoost's Foory;Wut der Heuschrecke;Ileete-a Inchuntment Spell. (10..35 secunds.) Yuoo haefe-a +50% chunce-a tu duooble-a streeke-a. Nu iffffect unless yuoo aere-a veeeldeeng daeggers.;2;35;23;7;0;10;.5;10;0;0;1;0;0;0;0;
1031;Shruood ooff Deestress;Schleier des Kummers;Inchuntment Spell. (30..60 secunds.) Yuoo haefe-a +3..8 Heaelt regeneraeshun und 75% chunce-a tu bluck. Nu iffffect unless yuoor Heaelt is beloo 50%.;2;31;23;7;0;10;1;45;0;0;0;0;0;0;0;
1032;Heaert ooff Shaedoo;Herz der Schatten;Spell. Yuoo aere-a heaeled fur 30..150 und yuoo Shaedoo Step tu a neaerby lucaeshun durectly aevaey frum yuoor taerget.;2;31;22;7;0;5;.25;15;0;0;0;0;0;0;0;
1033;Impaele-a;Aufspießen;Skeell. Deaels 25..100 iaert daemaege-a. Inffleects Deep Vuoond cundeeshun (5..20 secunds). Moost fulloo a dooael aettaeck.;2;30;1;7;0;5;1;15;0;0;0;0;0;0;0;
1034;Seepeeng Vuoond;Eiternde Wunde;Ileete-a Hex Spell. (1..7 secunds.) Taerget fue-a mufes 33% slooer. Thees fue-a taekes 5..25 daemaege-a iaech secund vheele-a sooffffereeng frum a cundeeshun.;2;35;24;7;0;10;.25;10;0;0;1;0;0;0;0;
1035;Aessaesseen's Prumeese-a;Versprechen des Assassinen;Ileete-a Hex Spell. (5..15 secunds.) Yuoo gaeeen 5..20 Inergy und aell yuoor skeells rechaerge-a iff taerget fue-a deees.;2;30;24;7;0;5;.75;45;0;0;1;0;0;0;0;
1036;Seegnet ooff Maeleece-a;Siegel der Bosheit;Seegnet. Yuoo luse-a oone-a cundeeshun fur iaech cundeeshun oon taerget fue-a.;2;-1;21;7;0;0;.25;5;0;0;0;0;0;0;0;
1037;Daerk Iscaepe-a;Dunkle Flucht;Stunce-a. (5..15 secunds.) Yuoo mufe-a 25% faester und taeke-a haelff daemaege-a. Inds iff yuoo heet veet un aettaeck.;2;31;29;7;0;5;0;30;0;0;0;0;0;0;0;
1038;Creeppleeng Daegger;Verkrüppelnder Dolch;Haelff Runge-a Spell. Prujecteele-a: deaels 15..60 iaert daemaege-a. Inffleects Creeppled cundeeshun (3..15 secunds) iff taerget fue-a is mufeeng.;2;30;22;7;0;5;1;5;0;0;0;0;0;0;0;
1040;Spureet Vaelk;Geistermarsch;Spell. Shaedoo Step tu taerget Spureet.;2;-1;22;7;0;5;.25;8;0;0;0;0;0;0;0;
1041;Unseee Foory;Unsichtbare Wut;Stunce-a. Inffleects Bleendness cundeeshun oon aedjaecent fues (3..10 secunds). Yuoo cunnut be-a blucked by Bleended fues (10..30 secunds).;2;31;29;7;0;5;0;20;0;0;0;0;0;0;0;
1042;Flaesheeng Blaedes;Blitzende Klingen;Ileete-a Stunce-a. (5..30 secunds.) 75% chunce-a tu bluck vheele-a aettaeckeeng. Bluck iffffect: 5..20 daemaege-a tu yuoor aettaecker.;2;29;29;7;0;10;0;30;0;0;1;0;0;0;0;
1043;Daesh;Preschen;Stunce-a. (3 secunds.) Yuoo mufe-a 50% faester.;2;31;29;7;0;5;0;8;0;0;0;0;0;0;0;
1044;Daerk Preesun;Dunkles Gefängnis;Hex Spell. Shaedoo Step tu taerget fue-a. Thees fue-a mufes 33% slooer (1..6 secunds).;2;30;24;7;0;10;.25;30;0;0;0;0;0;0;0;
1045;Paelm Streeke-a;Handflächenschlag;Ileete-a Tuooch Skeell. Deaels 10..65 daemaege-a und inffleects Creeppled cundeeshun (1..5 secunds). Thees skeell cuoonts aes un ooffff-hund aettaeck.;2;35;1;7;0;5;.75;7;0;0;1;0;0;0;0;
1048;Refeaeled Inchuntment;Enthüllte Verzauberung;Spell. Remufes un inchuntment frum taerget fue-a. Remufael iffffects: yuoo gaeeen 3..15 Inergy. thees spell is replaeced veet thaet inchuntment (20 secunds).;2;3;22;5;0;10;1;0;0;0;0;0;0;0;0;
1049;Refeaeled Hex;Enthüllte Verhexung;Spell. Remufes a hex frum taerget aelly. Remufael iffffects: yuoo gaeeen 4..10 Inergy. thees spell is replaeced veet thaet hex (20 secunds).;2;3;22;5;0;5;1;0;0;0;0;0;0;0;0;
1052;Aeccoomoolaeted Paeeen;Angehäufter Schmerz;Spell. Deaels 15..75 daemaege-a. Inffleects Deep Vuoond cundeeshun (5..20 secunds) iff taerget fue-a haes 2 oor mure-a hexes. Bork! Bork! Bork!;2;1;22;5;0;5;2;12;0;0;0;0;0;0;0;
1053;Psycheec Deestraecshun;Übernatürliche Ablenkung;Ileete-a Spell. Interroopts a skeell. Interroopshun iffffect: deesaebles interroopted skeell (+5..12 secunds). Yuoor oozeer skeells aere-a deesaebled (8 secunds).;2;2;22;5;0;10;.25;2;0;0;1;0;0;0;0;
1054;Uncestur's Feesaege-a;Antlitz des Ahnen;Inchuntment Spell. (4..10 secunds.) Aell aedjaecent fues luse-a aell aedrenaeleene-a und 3 Inergy vhenefer a melee-a aettaeck heets taerget aelly.;2;1;23;5;0;10;1;20;0;0;0;0;0;0;0;
1055;Recoorreeng Insecooreety;Wiederkehrende Unsicherheit;Ileete-a Hex Spell. (5 secunds.) Cooses -1..6 Heaelt degeneraeshun. Renooael: iff taerget fue-a haes unuzeer hex vhee Recoorreeng Insecooreety vuoold ind.;2;1;24;5;0;10;1;3;0;0;1;0;0;0;0;
1056;Keetaeh's Boordee;Kitahs Bürde;Hex Spell. (6..12 secunds.) Taerget fue-a mufes 50% slooer. Ind iffffect: yuoo gaeeen 10..18 Inergy.;2;1;24;5;0;15;1.5;30;0;0;0;0;0;0;0;
1057;Psycheec Instaebeeleety;Übernatürliche Labilität;Ileete-a Spell. Interroopts un aecshun. Interroopshun iffffect: iff zee aecshun is a skeell, cooses knuckdoon fur 2..4 secunds oon taerget fue-a und aell neaerby fues. 50% faeeeloore-a chunce-a unless Faest Caesteeng 5 oor heegher.;2;0;22;5;0;5;.25;20;0;0;1;0;0;0;0;
1059;Hex Iaeter Seegnet;Verhexungsfresser-Siegel;Tuooch Seegnet. Remufes a hex frum taerget und 2..5 aedjaecent aelleees. Remufael iffffect: yuoo gaeeen 1..4 Inergy fur iaech hex remufed.;2;3;21;5;0;0;1;15;0;0;0;0;0;0;0;
1061;Feedbaeck;Reaktion;Spell. Remufes oone-a inchuntment. Remufael iffffect: taerget fue-a luses 4..10 Inergy.;2;3;22;5;0;10;1;30;0;0;0;0;0;0;0;
1062;Aercune-a Laerceny;Arkane Entwendung;Spell. (5..35 secunds.) Deesaebles oone-a rundum spell. Thees skeell becumes thaet spell.;2;2;22;5;0;10;1;0;0;0;0;0;0;0;0;
1066;Spueel Feectur;Sieger plündern;Ileete-a Hex Spell. (3..15 secunds.) Cooses 25..100 Heaelt luss vhenefer taerget fue-a aettaecks oor caests spells oon a creaetoore-a veet less Heaelt.;2;4;24;4;0;10;1;10;0;0;1;0;0;0;0;
1067;Leeffebune-a Streeke-a;Lebensfluchstoß;Spell. Deaels 12..48 daemaege-a. Steaels 12..48 Heaelt iff taerget fue-a's Heaelt is aebufe-a 50%.;2;4;22;4;0;10;2;15;0;0;0;0;0;0;0;
1068;Beetter Cheell;Bitterkalt;Spell. Deaels 15..60 culd daemaege-a. Rechaerges instuntly iff taerget fue-a haed mure-a Heaelt thun yuoo.;2;5;22;4;0;5;1;10;0;0;0;0;0;0;0;
1069;Taeste-a ooff Paeeen;Geschmack der Schmerzen;Spell. Heaels yuoo fur 30..150. Nu iffffect unless taerget fue-a is beloo 50% Heaelt.;2;5;22;4;0;5;.25;10;0;0;0;0;0;0;0;
1070;Deffeele-a Inchuntments;Verzauberungen schänden;Spell. Deaels 6..60 daemaege-a tu taerget und neaerby fues. Deaels 4..20 mure-a daemaege-a fur iaech inchuntment oon zeem.;2;7;22;4;0;10;2;15;0;0;0;0;0;0;0;
1071;Sheefers ooff Dreaed;Angstschauer;Hex Spell. (10..40 secunds.) Culd daemaege-a interroopts taerget fue-a's skeells. Interroopshun cust: yuoo luse-a 8..3 Inergy oor thees hex inds.;2;7;24;4;0;10;2;15;0;0;0;0;0;0;0;
1075;Faempureec Svaerm;Vampirschwarm;Spell. Steaels 15..60 Heaelt. Heets 2 aeddeeshunael fues in zee aerea.;2;4;22;4;0;15;2;8;0;0;0;0;0;0;0;
1076;Bluud Dreenker;Bluttrinker;Spell. Steaels 20..65 Heaelt. Yuoo begeen Bleedeeng (6 secunds) iff yuoor Heaelt is aebufe-a 90%.;2;4;22;4;0;5;2;8;0;0;0;0;0;0;0;
1077;Faempureec Beete-a;Vampirbiss;Tuooch Skeell. Steaels 29..74 Heaelt.;2;4;1;4;0;15;.75;2;0;0;0;0;0;0;0;
1078;Vaelloo's Beete-a;Suhlerbiss;Tuooch Skeell. Deaels 20..58 daemaege-a.;2;4;1;4;0;1;.75;3;0;10;0;0;0;0;0;
1079;Inffeebleeng Tuooch;Schwächende Berührung;Tuooch Skeell. Cooses 5..65 Heaelt luss. Inffleects Veaekness cundeeshun (5..20 secunds).;2;7;1;4;0;5;.75;3;0;0;0;0;0;0;0;
1081;Teeenaeee's Veend;Teinais Wind;Spell. Deaels 10..40 culd daemaege-a. Boorneeng fues taeke-a +40..80 daemaege-a und aere-a interroopted. Aelsu streekes aedjaecent.;2;8;22;6;0;10;1;8;0;0;0;0;0;0;0;
1082;Shuck Aerroo;Schockpfeil;Spell. Raepeed prujecteele-a: deaels 5..50 leeghtneeng daemaege-a. Gaeeen 5 Inergy ploos 1 Inergy fur ifery 2 runks ooff Inergy Sturaege-a iff yuoo heet a fue-a sooffffereeng frum Craecked Aermur. 25% aermur penetraeshun.;2;8;22;6;0;5;1;8;0;0;0;0;0;0;0;
1083;Unsteaedy Gruoond;Schwankender Boden;Ileete-a Spell. Deaels 10..40 iaert daemaege-a iaech secund (5 secunds) und cooses knuck-doon tu aettaeckeeng fues. Heets fues neaer taerget's ineeteeael lucaeshun. Bork! Bork! Bork!;2;9;22;6;0;10;2;15;0;0;1;0;0;0;0;
1084;Sleefer Aermur;Splitter-Rüstung;Inchuntment Spell. (5..11 secunds.) Yuoo haefe-a 25..50% chunce-a tu bluck. Deaels 5..35 iaert daemaege-a tu oone-a neaerby fue-a vhenefer yuoo aere-a zee taerget ooff a husteele-a spell oor aettaeck.;2;9;23;6;0;10;1;30;0;0;0;0;0;0;0;
1085;Aesh Blaest;Aschenexplosion;Hex Spell. Deaels 35..65 iaert daemaege-a. Boorneeng fues aere-a hexed fur 5 secunds und meess 20..75% ooff aettaecks. Aelsu streekes aedjaecent.;2;9;24;6;0;5;1;10;0;0;0;0;0;0;0;
1086;Draegun's Stump;Drachenstampfer;Spell. Deaels 26..100 iaert daemaege-a. Cooses knuck-doon. Aelsu heets fues neaer thees fue-a.;2;9;22;6;0;25;3;15;0;0;0;0;10;0;0;
1088;Secund Veend;Zweite Chance;Ileete-a Spell. Yuoo gaeeen 1 Inergy und 5 Heaelt fur iaech pueent ooff Oofercaest. Yuoo luse-a aell inchuntments. Bork! Bork! Bork!;2;-1;22;6;0;5;1;5;0;0;1;0;5;0;0;
1090;Smuldereeng Imbers;Glühende Kohle;Hex Spell. Deaels 10..70 fure-a daemaege-a tu taerget. Iff yuoo aere-a Oofercaest, fue-a is hexed fur 3 secunds, taekeeng 5..25 fure-a daemaege-a iaech secund.;2;10;24;6;0;10;1.5;7;0;0;0;0;0;0;0;
1091;Duooble-a Draegun;Doppeldrache;Ileete-a Inchuntment Spell. (8 secunds.) Inchunts yuoo und taerget aelly. Aedjaecent fues taeke-a 10..40 fure-a daemaege-a iaech secund. Skeells thaet taerget a fue-a aelsu inffleect Boorneeng (1..4 secunds).;2;10;23;6;0;10;1;15;0;0;1;0;0;0;0;
1093;Teeenaeee's Heaet;Teinais Hitze;Vaerd Spell. (10..15 secunds.) Cooses -2..5 heaelt degeneraeshun. Veaekened fues in zee vaerd aettaeck 33% slooer. Deesaebled fur 20 secunds.;2;10;26;6;0;15;1;20;0;0;0;0;0;0;0;
1094;Breaet ooff Fure-a;Feueratem;Spell. Deaels 10..40 fure-a daemaege-a iaech secund (5 secunds). Heets fues aedjaecent tu taerget's ineeteeael lucaeshun.;2;10;22;6;0;5;2;10;0;0;0;0;10;0;0;
1095;Staer Boorst;Sternenexplosion;Ileete-a Tuooch Spell. Deaels 7..112 fure-a daemaege-a. Inffleects Boorneeng (1..4 secunds). Gaeeen 2 Inergy fur iaech fue-a stroock. Aelsu heets fues in zee aerea. Bork! Bork! Bork!;2;10;22;6;0;5;.75;7;0;0;1;0;0;0;0;
1096;Glyph ooff Issence-a;Glyphe der Essenz;Glyph. (15 secunds.) Yuoor next spell caests instuntly. Yuoo luse-a aell Inergy.;2;-1;16;6;0;5;1;20;0;0;0;0;0;0;0;
1097;Teeenaeee's Preesun;Teinais Gefängnis;Hex Spell. (1..8 secunds.) Taerget fue-a mufes 66% slooer. Fues veet Craecked Aermur haefe-a 5..9 Heaelt degeneraeshun.;2;11;24;6;0;10;1;15;0;0;0;0;0;0;0;
1098;Murrur ooff Ice-a;Eisspiegel;Ileete-a Hex Spell. Deaels 15..70 culd daemaege-a und sloos fues by 66% (2..6 secunds). Heets fues neaer yuoo und taerget aelly. Rechaerges 50% faester iff it heets a fue-a hexed veet Vaeter Maegeec.;2;11;24;6;0;10;.75;15;0;0;1;0;0;0;0;
1099;Teeenaeee's Crystaels;Teinais Kristalle;Spell. Deaels 20..40 daemaege-a tu taerget. Deaels +20..40 mure-a daemaege-a und cooses Craecked Aermur (5..15 secunds) neaerby iff thaet fue-a haed a Vaeter Maegeec hex.;2;9;22;6;0;5;1;8;0;0;0;0;0;0;0;
1113;Kureen's Vraet;Kirins Zorn;Spell. Deaels 8..32 huly daemaege-a iaech secund (5 secunds). Heets fues aedjaecent tu yuoor ineeteeael lucaeshun.;2;14;22;3;0;5;1;10;0;0;0;0;0;0;0;
1114;Spureet Bund;Geisterbindung;Inchuntment Spell. (8 secunds.) Heaels fur 30..90 vhenefer taerget aelly taekes mure-a thun 50 daemaege-a. Inds aeffter thees aelly taekes daemaege-a frum 10 aettaecks oor spells.;2;15;23;3;0;10;.25;2;0;0;0;0;0;0;0;
1115;Aeur ooff Inchuntment;Flair der Verzauberung;Ileete-a Inchuntment Spell. (4..10 secunds.) Inchuntments caest oon taerget aelly cust 10 less Inergy (meeneemoom 1 Inergy). Cunnut selff-taerget.;2;15;23;3;0;5;.25;8;0;0;1;0;0;0;0;
1117;Heaefee's Deleeght;Himmlische Wonne;Spell. Heaels yuoo und paerty members veetheen iaershut fur 15..60.;2;16;22;3;0;5;1;12;0;0;0;0;0;0;0;
1118;Heaeleeng Boorst;Heilsalve;Ileete-a Spell. Heaels fur 20..120. Paerty members in iaershut ooff yuoor taerget gaeeen Heaelt iqooael tu zee Deefeene-a Faefur bunoos. Deesaebles yuoor Smeeteeng Praeyers (20 secunds).;2;13;22;3;0;5;.75;6;0;0;1;0;0;0;0;
1119;Kaereee's Heaeleeng Curcle-a;Kareis Heilkreis;Spell. Heaels yuoo fur 30..180. Aelsu heaels aedjaecent creaetoores.;2;13;22;3;0;10;1;5;0;0;0;0;0;0;0;
1120;Jaemeee's Gaeze-a;Jameis Starren;Spell. Heaels fur 35..180. Cunnut selff-taerget.;2;13;22;3;0;10;.75;3;0;0;0;0;0;0;0;
1121;Geefft ooff Heaelt;Geschenk des Lebens;Spell. Heaels fur 15..150. Deesaebles yuoor oozeer Heaeleeng Praeyers skeells (10..5 secunds). Cunnut selff-taerget.;2;13;22;3;0;5;.75;5;0;0;0;0;0;0;0;
1123;Leeffe-a Sheaet;Lebensmantel;Ileete-a Inchuntment Spell. (8 secunds.) Cunferts zee next incumeeng daemaege-a oor leeffe-a steael (maexeemoom 20..100) tu heaeleeng. Ineeteeael iffffect: Remufes 0..2 cundeeshuns.;2;15;23;3;0;5;.25;2;0;0;1;0;0;0;0;
1126;Impaetheec Remufael;Ausdrückliche Entfernung;Ileete-a Spell. Remufes oone-a cundeeshun und hex frum taerget aelly und yuoorselff, und heaels fur 50. Cunnut selff-taerget.;2;-1;22;3;0;5;1;7;0;0;1;0;0;0;0;
1128;Resoorrecshun Chunt;Gesang der Wiederbelebung;Haelff Runge-a Spell. Resoorrects taerget paerty member aet yuoor coorrent Heaelt und veet 5..35% Inergy.;2;13;22;3;0;10;6;15;0;0;0;0;0;0;0;
1129;Vurd ooff Censoore-a;Wort des Tadels;Ileete-a Spell. Deaels 30..130 huly daemaege-a. +20 rechaerge-a teeme-a iff taerget fue-a is beloo 50% Heaelt.;2;14;22;3;0;10;1;2;0;0;1;0;0;0;0;
1130;Speaer ooff Leeght;Speer des Lichts;Spell. Prujecteele-a: deaels 26..56 huly daemaege-a. Deaels 15..60 mure-a daemaege-a iff taerget fue-a is aettaeckeeng.;2;14;22;3;0;5;1;15;0;0;0;0;0;0;0;
1131;Stunesuool Streeke-a;Steinseelenschlag;Tuooch Skeell. Deaels 10..55 huly daemaege-a. Deaels 10..55 mure-a huly daemaege-a iff taerget fue-a is knucked-doon.;2;14;1;3;0;5;.75;8;0;0;0;0;0;0;0;
1133;Droonkee Bloo;Betrunkener Schlag;Melee-a Aettaeck. Deaels +10..40 daemaege-a. Inffleects oone-a ooff zee fullooeeng rundum cundeeshuns: Deep Vuoond (20 secunds), Veaekness (20 secunds), Bleedeeng (25 secunds), oor Creeppled (15 secunds). Yuoo aere-a knucked-doon.;2;21;3;1;0;5;0;7;0;0;0;0;0;0;0;
1134;Lefeeaethun's Sveep;Leviathanschlag;Melee-a Aettaeck. Deaels +5..20 daemaege-a. Cooses knuck-doon und deaels 10..34 daemaege-a iff blucked.;2;17;3;1;0;5;0;8;0;0;0;0;0;0;0;
1135;Jaeeezhenjoo Streeke-a;Jaizhenjuschlag;Svurd Aettaeck. Deaels +1..30 daemaege-a. Unbluckaeble-a unless yuoo aere-a in a stunce-a. Bork! Bork! Bork!;2;20;10;1;0;5;0;8;0;0;0;0;0;0;0;
1136;Penetraeteeng Chup;Durchdringender Hieb;Aexe-a Aettaeck. Deaels +10..25 daemaege-a. 20% aermur penetraeshun.;2;18;4;1;0;0;0;0;4.8;0;0;0;0;0;0;
1137;Yetee Smaesh;Yetischlag;Haemmer Aettaeck. Aettaeck aell aedjaecent fues. Knucks doon fues sooffffereeng frum a cundeeshun. Yuoo luse-a aell aedrenaeleene-a. 50% faeeeloore-a chunce-a unless Haemmer Maestery is 5 oor mure-a.;2;19;8;1;0;0;0;0;6;0;0;0;0;0;0;
1141;"Yuoo Veell Deee-a!";"Ihr werdet sterben!";Shuoot. Yuoo gaeeen 1..3 streeke-as ooff aedrenaeleene-a. Nu iffffect unless taerget fue-a is under 90% Heaelt.;2;17;20;1;0;5;0;15;0;0;0;0;0;0;0;
1142;Oospeeceeuoos Paerry;Günstige Abwehr;Ileete-a Stunce-a. (8 secunds.) Blucks oone-a aettaeck. Ind iffffect: yuoo gaeeen 1..4 streeke-as ooff aedrenaeleene-a.;2;21;29;1;0;0;0;2;1;0;1;0;0;0;0;
1144;Seelferveeng Slaesh;Silberflügel-Hieb;Svurd Aettaeck. Deaels +1..40 daemaege-a.;2;20;10;1;0;0;0;0;7;0;0;0;0;0;0;
1146;Shufe-a;Schubs;Ileete-a Tuooch Skeell. Taerget tuooched fue-a taekes 15..75 daemaege-a, zeeur stunce-a inds, und zeey aere-a knucked doon.;2;21;1;1;0;5;.75;10;0;0;1;0;0;0;0;
1191;Soondereeng Aettaeck;Trennender Angriff;Boo Aettaeck. Deaels +5..25 daemaege-a. 10% aermur penetraeshun. Bork! Bork! Bork!;2;25;2;2;0;10;.75;4;0;0;0;0;0;0;0;
1192;Zujoon's Shut;Zojuns Schuss;Haelff Runge-a Boo Aettaeck. Deaels +10..40 daemaege-a.;2;23;2;2;0;5;0;3;0;0;0;0;0;0;0;
1194;Predaetury Bund;Raubtierverbindung;Shuoot. (5..20 secunds.) Yuoor pet aettaecks 25% faester und yuoo gaeeen 1..31 Heaelt vhenefer yuoor pet maekes a sooccessffool aettaeck.;2;22;20;2;0;10;0;30;0;0;0;0;0;0;0;
1195;Heael aes Oone-a;Gemeinsame Heilung;Ileete-a Skeell. (15 secunds.) Yuoor pet's aettaecks steael 1..20 Heaelt. Ineeteeael iffffect: heaels yuoo und yuoor pet fur 20..104. resoorrects yuoor pet (50% Heaelt) iff deaed. Iff yuoo haefe-a thees skeell iqooeepped, yuoor pet veell traefel veet yuoo.;2;22;1;2;0;5;1;5;0;0;1;0;0;0;0;
1196;Zujoon's Haeste-a;Zojuns Eile;Stunce-a. (5..11 secunds.) Yuoo mufe-a 33% faester und haefe-a 27..75% chunce-a tu bluck prujecteeles. Inds iff yuoo aettaeck.;2;23;29;2;0;5;0;30;0;0;0;0;0;0;0;
1197;Needleeng Shut;Nadelschuss;Boo Aettaeck. Faest-mufeeng aerroo. Deaels 10..30 daemaege-a. Rechaerges instuntly iff taerget fue-a is beloo 50% Heaelt. Yuoor oozeer aettaeck skeells aere-a deesaebled (2 secunds).;2;25;2;2;0;5;.75;4;0;0;0;0;0;0;0;
1198;Bruaed Heaed Aerroo;Stahlspitzenpfeil;Ileete-a Boo Aettaeck. Sloo-mufeeng aerroo. Interroopts a spell. Inffleects Daezed cundeeshun (5..20 secunds).;2;25;2;2;0;10;0;10;0;0;1;0;0;0;0;
1199;Glaess Aerroos;Glaspfeile;Ileete-a Prepaeraeshun. (10..35 secunds.) Yuoor aerroos deael +6..20 daemaege-a. Inffleects Bleedeeng cundeeshun iff blucked (10..20 secunds).;2;23;17;2;0;5;2;12;0;0;1;0;0;0;0;
1200;Aercher's Seegnet;Siegel des Bogenschützen;Ileete-a Seegnet. (1..24 secunds.) Cundeeshuns yuoo aepply vheele-a veeeldeeng a boo laest 150% lunger.;2;23;21;2;0;0;1;12;0;0;1;0;0;0;0;
1201;Saefaege-a Puoonce-a;Wilder Sprung;Pet Aettaeck. Deaels +5..20 daemaege-a. Cooses knuck-doon iff taerget fue-a is caesteeng a spell.;2;22;11;2;0;5;0;10;0;0;0;0;0;0;0;
1202;Inraeged Loonge-a;Erzürnter Ausfall;Ileete-a Pet Aettaeck. Inffleects Deep Vuoond cundeeshun (5..20 secunds) und deaels +10..50 daemaege-a.;2;22;11;2;0;5;0;5;0;0;1;0;0;0;0;
1203;Besteeael Mooleeng;Bestienattacke;Pet Aettaeck. Deaels +5..20 daemaege-a. Inffleects Daezed cundeeshun (4..10 secunds) iff taerget fue-a is knucked-doon.;2;22;11;2;0;5;0;10;0;0;0;0;0;0;0;
1205;Pueesunuoos Beete-a;Giftbiss;Pet Aettaeck. Inffleects Pueesuned cundeeshun (5..20 secunds).;2;22;11;2;0;5;0;7;0;0;0;0;0;0;0;
1206;Puoonce-a;Sprung;Pet Aettaeck. Deaels +5..20 daemaege-a. Cooses knuck-doon iff taerget fue-a is mufeeng.;2;22;11;2;0;5;0;10;0;0;0;0;0;0;0;
1209;Besteeael Foory;Bestienwut;Stunce-a. (5..11 secunds.) Yuoo aettaeck 25% faester. Yuoor nun-aettaeck skeells aere-a deesaebled (5 secunds).;2;22;29;2;0;10;0;10;0;0;0;0;0;0;0;
1211;Feeper's Nest;Vipernnest;Traep. (90 secunds.) Aeffffects neaerby fues. Deaels 5..35 peeerceeng daemaege-a. Inffleects Pueesuned cundeeshun (5..20 secunds). Iaeseely interroopted.;2;22;30;2;0;10;2;20;0;0;0;0;0;0;0;
1212;Iqooeenux;Tagundnachtgleiche;Ileete-a Naetoore-a Reetooael. Creaetes a lefel 1..10 spureet (30..240 secund leeffespun). Oofercaest-cooseeng spells caest veetheen runge-a coose-a un aeddeeshunael 10 Oofercaest.;2;24;19;2;0;10;2;15;0;0;1;0;0;0;0;
1213;Trunqooeeleety;Ruhe (PvP);Naetoore-a Reetooael. Creaetes a lefel 1..10 spureet (15..120 secund leeffespun). Inchuntments ixpure-a 20..50% faester oon creaetoores in runge-a. Dues nut aeffffect spureets.;2;24;19;2;0;15;2;60;0;0;0;0;0;0;0;
1215;Claemur ooff Suools;Gezeter der Seelen;Ileete-a Spell. Deaels 10..65 leeghtneeng daemaege-a tu taerget und neaerby fues. Yuoo gaeeen 10 Inergy iff yuoo aere-a veetheen iaershut ooff a spureet oor huldeeng a boondle-a item.;2;34;22;8;0;10;1;8;0;0;1;0;0;0;0;
1217;Reetooael Lurd;Herr der Rituale;Ileete-a Skeell. (5..35 secunds.) Yuoo haefe-a +2..4 tu aell Reetooaeleest aettreebootes fur yuoor next skeell. Iff thaet skeell is a Beendeeng Reetooael, it rechaerges 10..60% faester und Reetooael Lurd rechaerges instuntly.;2;36;1;8;0;0;0;45;0;2;1;0;0;0;0;
1218;Crooel Vaes Daeushee;Grausam war Daoshen;Item Spell. (15..60 secunds.) Yuoor Reetooaeleest skeells haefe-a 10% aermur penetraeshun. Drup iffffect: deaels 15..85 leeghtneeng daemaege-a tu aell neaerby fues. Bork! Bork! Bork!;2;34;25;8;0;15;2;30;0;0;0;0;0;0;0;
1219;Prutecteefe-a Vaes Kaeulaeee;Schützend war Kaolai;Item Spell. (15..60 secunds.) Yuoo haefe-a +20 aermur. Drup iffffect: aell paerty members aere-a heaeled fur 20..95. Bork! Bork! Bork!;2;33;25;8;0;10;1;20;0;0;0;0;0;0;0;
1220;Aettooned Vaes Sungkaeee;Eingestimmt war Songkai;Ileete-a Item Spell. (45 secunds.) Yuoor spells und beendeeng reetooaels cust -5..50% ooff zee baese-a Inergy.;2;36;25;8;0;10;1.5;30;0;0;1;0;0;0;0;
1221;Reseeleeent Vaes Xeeku;Unverwüstlich war Xiko;Item Spell. (5..20 secunds.) Yuoo haefe-a +3 Heaelt regeneraeshun fur iaech hex oor cundeeshun oon yuoo. Drup iffffect: yuoo luse-a 1..4 cundeeshuns.;2;33;25;8;0;5;1;10;0;0;0;0;0;0;0;
1222;Leefely Vaes Naeumeee;Lebhaft war Naomei;Item Spell. (45 secunds.) Drup iffffect: resoorrects paerty members in zee aerea (15..75% Heaelt und zeru Inergy).;2;33;25;8;0;15;6;20;0;0;0;0;0;0;0;
1223;Ungooeeshed Vaes Leengvaeh;Gequält war Lingwah;Item Spell. (10..60 secunds.) Yuoor Reetooaeleest hexes cust 1..5 less inergy und laest 50% lunger. Drup iffffect: aell yuoor Reetooaeleest hexes aere-a rechaerged.;2;36;25;8;0;5;1.5;30;0;0;0;0;0;0;0;
1224;Draev Spureet;Geist entziehen;Spell. Telepurts taerget aelleeed spureet tu yuoor lucaeshun.;2;-1;22;8;0;5;.25;5;0;0;0;0;0;0;0;
1225;Chunneled Streeke-a;Gelenkter Schlag;Spell. Deaels 5..95 leeghtneeng daemaege-a. Deaels 5..35 aeddeeshunael leeghtneeng daemaege-a iff yuoo aere-a huldeeng un item.;2;34;22;8;0;10;2;4;0;0;0;0;0;0;0;
1226;Spureet Buun Streeke-a;Geistersegenstoß;Spell. Deaels 20..65 leeghtneeng daemaege-a. Spureets yuoo cuntrul veetheen iaershut gaeeen 20..65 Heaelt.;2;34;22;8;0;5;1;3;0;0;0;0;0;0;0;
1227;Issence-a Streeke-a;Essenzschlag;Spell. Deaels 15..60 leeghtneeng daemaege-a. Yuoo gaeeen 1..9 Inergy iff uny spureets aere-a veetheen iaershut.;2;34;22;8;0;5;1;8;0;0;0;0;0;0;0;
1228;Spureet Seephun;Geist abzapfen;Spell. Zee spureet clusest tu yuoo luses aell Inergy. Yuoo gaeeen 30..60% ooff thaet Inergy.;2;34;22;8;0;5;.25;3;0;0;0;0;0;0;0;
1229;Ixpluseefe-a Groot;Explosives Wachstum;Inchuntment Spell. (15..60 secunds.) Deaels 20..65 leeghtneeng daemaege-a iaech teeme-a yuoo creaete-a a creaetoore-a tu 5 fue-as neaer thaet creaetoore-a.;2;36;23;8;0;5;2;45;0;0;0;0;0;0;0;
1230;Buun ooff Creaeshun;Segen der Schöpfung;Inchuntment Spell. (15..60 secunds.) Yuoo gaeeen 5..50 Heaelt und 1..6 Inergy vhenefer yuoo creaete-a a creaetoore-a.;2;36;23;8;0;10;2;45;0;0;0;0;0;0;0;
1231;Spureet Chunneleeng;Geisterlenkung;Ileete-a Inchuntment Spell. (12 secunds.) Yuoo haefe-a +1..6 Inergy regeneraeshun. Ineeteeael iffffect: yuoo gaeeen 3..12 Inergy iff yuoo aere-a veetheen iaershut ooff a spureet.;2;36;23;8;0;5;1;30;0;0;1;0;0;0;0;
1232;Aermur ooff Unffeeleeng;Rüstung der Gefühllosigkeit;Skeell. (10..35 secunds.) Yuoor spureets veetheen iaershut taeke-a 50% less daemaege-a und aere-a immoone-a tu creeteecael heets.;2;32;1;8;0;5;1;20;0;0;0;0;0;0;0;
1233;Suutheeng Memureees;Beruhigende Erinnerungen;Spell. Heaels fur 10..100. Yuoo gaeeen 3 Inergy iff yuoo aere-a huldeeng un item.;2;33;22;8;0;5;.75;4;0;0;0;0;0;0;0;
1234;Mend Budy und Suool;Körper und Seele heilen;Spell. Heaels fur 20..115. Remufes oone-a cundeeshun fur iaech spureet veetheen iaershut.;2;33;22;8;0;5;.75;3;0;0;0;0;0;0;0;
1235;Doolled Veaepun;Stumpfe Waffe;Hex Spell. Aelsu hexes fues aedjaecent tu yuoor taerget (5..20 secunds). Remufes aebeeleety tu lund a creeteecael heet. Redooces daemaege-a by 3..20.;2;32;24;8;0;15;1;20;0;0;0;0;0;0;0;
1236;Beendeeng Chaeeens;Fesselnde Ketten;Hex Spell. Aelsu hexes fues neaer yuoor taerget (3 secunds). Zeese-a fues mufe-a 90% slooer und taeke-a 1..30 daemaege-a iaech secund vheele-a mufeeng.;2;32;24;8;0;10;1;15;0;0;0;0;0;0;0;
1237;Paeeenffool Bund;Schmerzhafte Bindung;Hex Spell. Aelsu hexes fues neaer yuoor taerget (10..20 secunds). Spureets du 8..20 mure-a daemaege-a aegaeeenst zeese-a fues.;2;34;24;8;0;15;1;12;0;0;0;0;0;0;0;
1238;Seegnet ooff Creaeshun;Siegel der Schöpfung;Seegnet. Gaeeen 4 Inergy (maexeemoom 3..12) fur iaech soommuned creaetoore-a yuoo cuntrul veetheen iaershut.;2;36;21;8;0;0;1;20;0;0;0;0;0;0;0;
1239;Seegnet ooff Spureets;Siegel der Geister;Ileete-a Seegnet. Creaetes 3 lefel 1..12 spureets (60 secund leeffespun). Zeese-a spureets deael 5..20 daemaege-a veet aettaecks.;2;34;21;8;0;0;1;30;0;0;1;0;0;0;0;
1240;Suool Tveesteeng;Seelenverflechtung;Ileete-a Skeell. (5..45 secunds.) Yuoor Beendeeng Reetooaels cust 15 less Inergy (meeneemoom 5) und rechaerge-a instuntly. Inds aeffter 1..3 Beendeeng Reetooaels.;2;36;1;8;0;5;0;15;0;0;1;0;0;0;0;
1244;Ghustly Haeste-a;Geisterhafte Eile;Inchuntment Spell. (5..30 secunds.) Spells yuoo caest rechaerge-a 25% faester. Nu iffffect unless yuoo aere-a veetheen iaershut ooff a spureet.;2;36;23;8;0;10;1;20;0;0;0;0;0;0;0;
1245;Gaeze-a frum Beyund;Blick aus dem Jenseits;Spell. Deaels 20..65 leeghtneeng daemaege-a. Inffleects Bleendness cundeeshun fur 2..6 secunds iff yuoo aere-a veetheen iaershut ooff a spureet.;2;34;22;8;0;5;1;10;0;0;0;0;0;0;0;
1246;Uncesturs' Raege-a;Wut der Vorfahren;Skeell. (1 secunds.) Ind Iffffect: deaels 5..110 leeghtneeng daemaege-a tu fues aedjaecent tu taerget aelly.;2;34;1;8;0;5;.25;10;0;0;0;0;0;0;0;
1247;Paeeen;Schmerzen;Beendeeng Reetooael. Creaetes a lefel 1..12 spureet (30..150 secund leeffespun). Its aettaecks deael 5..30 daemaege-a.;2;32;18;8;0;5;.75;30;0;0;0;0;0;0;0;
1249;Deesplaecement;Verschiebung;Beendeeng Reetooael. Creaetes a lefel 1..14 spureet (30..60 secund leeffespun). Nun-spureet aelleees veetheen runge-a haefe-a 75% chunce-a tu bluck. Bluck iffffect: thees spureet taekes 60 daemaege-a.;2;32;18;8;0;15;.75;45;0;0;0;0;0;0;0;
1250;Preserfaeshun;Erhaltung;Ileete-a Beendeeng Reetooael. Creaetes a lefel 1..14 spureet (90 secund leeffespun). Ifery 4 secunds, thees spureet heaels oone-a nun-spureet aelly fur 10..115.;2;33;18;8;0;5;.75;20;0;0;1;0;0;0;0;
1251;Leeffe-a;Leben;Beendeeng Reetooael. Creaetes a lefel 1..14 spureet (20 secund leeffespun). Aeffffects nun-spureet aelleees veetheen runge-a. Ind iffffect: heaels fur 1..7 fur iaech secund thees spureet vaes aeleefe-a.;2;33;18;8;0;10;.75;20;0;0;0;0;0;0;0;
1252;Iaerthbeend;Erdbindung;Beendeeng Reetooael. Creaetes a lefel 1..14 spureet (15..45 secund leeffespun). Uny teeme-a nun-spureet fues veetheen runge-a aere-a knucked-doon, zeey aere-a knucked doon fur aet leaest 3 secunds. Knuck-doon cust: thees spureet luses 50..25 Heaelt.;2;32;18;8;0;15;1;30;0;0;0;0;0;0;0;
1253;Bluudsung;Blutgesang;Beendeeng Reetooael. Creaetes a lefel 1..12 spureet (30..150 secund leeffespun). Its aettaecks steael 5..25 Heaelt.;2;34;18;8;0;5;.75;30;0;0;0;0;0;0;0;
1255;Vunderloost;Fernweh;Ileete-a Beendeeng Reetooael. Creaetes a lefel 1..12 spureet (30..60 secund leeffespun). Its aettaecks aegaeeenst staeshunaery fues coose-a knuck-doon. Knuck-doon cust: thees spureet luses 70..50 Heaelt.;2;32;18;8;0;10;1;45;0;0;1;0;0;0;0;
1257;Spureet Leeght Veaepun;Geisterlichtwaffe;Ileete-a Veaepun Spell. (10 secunds.) Taerget aelly gaeeens 5..25 Heaelt iaech secund. 5..25 mure-a heaeleeng per secund vheele-a veetheen iaershut ooff a spureet.;2;33;27;8;0;5;1;5;0;0;1;0;0;0;0;
1258;Brootael Veaepun;Grausame Waffe;Veaepun Spell. (10..40 secunds.) Aettaecks deael +5..15 daemaege-a. Nu iffffect vheele-a taerget aelly is inchunted.;2;32;27;8;0;10;1;15;0;0;0;0;0;0;0;
1259;Gooeeded Veaepun;Gelenkte Waffe;Veaepun Spell. (4..10 secunds.) Aettaecks aere-a unbluckaeble-a.;2;32;27;8;0;5;2;5;0;0;0;0;0;0;0;
1260;Meekness;Sanftmut;Hex Spell. Aelsu hexes fues in zee aerea ooff taerget (5..30 secunds). Zeese-a fues aettaeck 50% slooer.;3;7;24;4;0;15;1;20;0;17;0;0;0;0;0;
1261;Freegeed Aermur;Kalte Rüstung;Inchuntment Spell. (10..25 secunds.) Yuoo haefe-a +10..40 aermur aegaeeenst physeecael daemaege-a und immooneety tu Boorneeng.;3;11;23;6;0;5;1;20;0;0;0;0;0;0;0;
1262;Heaeleeng Reeng;Heilring;Spell. Heaels aedjaecent aelleees und fues fur 30..180. Zee caester is nut heaeled.;3;13;22;3;0;5;1;10;0;0;0;0;0;0;0;
1263;Renoo Leeffe-a;Leben verlängern;Tuooch Spell. Resoorrects taerget paerty member (50% Heaelt und 5..20% Inergy). Heaels aelleees veetheen iaershut fur 55..130.;3;13;22;3;0;15;4;5;0;0;0;0;0;0;0;
1264;Duum;Untergang;Spell. Deaels 10..60 leeghtneeng daemaege-a (maexeemoom 135) fur iaech ooff yuoor rechaergeeng beendeeng reetooaels.;2;36;22;8;0;10;1;8;0;0;0;0;0;0;0;
1265;Veeelder's Buun;Segen des Ausübers;Spell. Heaels fur 15..60. Heaels fur 15..75 mure-a iff thees aelly is under a Veaepun spell.;2;33;22;8;0;5;.25;4;0;0;0;0;0;0;0;
1266;Suutheeng;Beruhigung;Beendeeng Reetooael. Creaetes a lefel 1..12 spureet (15..45 secund leeffespun). Booeeldeeng aedrenaeleene-a taekes tveece-a aes lung fur fues veetheen runge-a. Bork! Bork! Bork!;2;32;18;8;0;15;1;45;0;0;0;0;0;0;0;
1267;Feetael Veaepun;Wesentliche Waffe;Veaepun Spell. (5..30 secunds.) +40..175 maexeemoom Heaelt.;2;32;27;8;0;5;1;2;0;0;0;0;0;0;0;
1268;Veaepun ooff Qooeeckeneeng;Waffe der Beschleunigung;Ileete-a Veaepun Spell. (5..25 secunds.) Spells und beendeeng reetooaels rechaerge-a 33% faester.;2;32;27;8;0;5;1;5;0;0;1;0;0;0;0;
1269;Seegnet ooff Raege-a;Siegel der Wut;Seegnet. Deaels 5..50 huly daemaege-a. Deaels 5..10 mure-a huly daemaege-a fur iaech ooff taerget fue-a's aedrenaeleene-a skeells.;2;14;21;3;0;0;1;20;0;0;0;0;0;0;0;
1333;Ixtend Cundeeshuns;Zustände ausweiten;Ileete-a Spell. Spreaed aell cundeeshuns frum taerget fue-a tu aell fues neaer yuoor taerget. Thuse-a dooraeshuns ooff thuse-a cundeeshuns aere-a increaesed by 5..100% (maexeemoom 30 secunds).;3;3;22;5;0;5;.25;5;0;0;1;0;0;0;0;
1334;Hypuchundreea;Hypochondrie;Spell. Trunsffer aell cundeeshuns frum fues in zee aerea tu taerget fue-a.;3;-1;22;5;0;5;.25;7;0;0;0;0;0;0;0;
1335;Vaestrel's Demeese-a;Ableben des Verschwenders;Hex Spell. (5 secunds.) Iaech secund vheele-a hexed, taerget fue-a und aell fues aedjaecent tu thaet fue-a taeke-a 1..10 daemaege-a. Fues taeke-a +1..10 daemaege-a iaech secund thees hex is in iffffect. Inds iaerly iff taerget fue-a uses a skeell.;3;2;24;5;0;5;.25;4;0;0;0;0;0;0;0;
1336;Spureetooael Paeeen;Geisterschmerz;Spell. Deaels 15..75 daemaege-a. Deaels 25..125 daemaege-a tu husteele-a soommuned creaetoores in zee aerea ooff taerget fue-a.;3;2;22;5;0;5;1;7;0;0;0;0;0;0;0;
1337;Draeeen Delooseeuns;Täuschungen entziehen;Spell. Remufes oone-a Mesmer hex frum taerget fue-a. Cooses 1..5 Inergy luss. Yuoo gaeeen 4 Inergy fur iaech pueent lust. Nu iffffect unless a hex vaes remufed.;3;3;22;5;0;5;.25;12;0;0;0;0;0;0;0;
1338;Perseestence-a ooff Memury;Beharrliche Erinnerungen;Inchuntment Spell. (5..20 secunds.) Yuoor interroopted spells rechaerge-a instuntly.;3;0;23;5;0;5;1;20;0;0;0;0;0;0;0;
1339;Symbuls ooff Inspuraeshun;Symbole der Inspiration;Ileete-a Skeell. (6..40 secunds.) Thees skeell becumes zee Ileete-a ooff taerget fue-a. Ileete-a skeells use-a yuoor Faest Caesteeng aettreeboote-a insteaed ooff zeeur nurmael aettreebootes.;3;0;1;5;0;5;1;10;0;0;1;0;0;0;0;
1340;Symbuleec Celereety;Symbolische Schnelligkeit;Inchuntment Spell. (36..60 secunds.) Yuoor seegnets use-a yuoor Faest Caesteeng aettreeboote-a.;3;0;23;5;0;15;1;30;0;0;0;0;0;0;0;
1341;Froostraeshun;Frustration;Hex Spell. (5..20 secunds.) Cooses 50% slooer spell caesteeng. Taerget fue-a taekes 5..50 daemaege-a vhenefer interroopted. Deaels duooble-a daemaege-a oon skeell interroopt.;3;1;24;5;0;10;1;7;0;0;0;0;0;0;0;
1342;Teaese-a;Reizen;Ileete-a Spell. Interroopts a skeell. Interroopshun iffffect: aelsu interroopts oozeer fues in zee aerea, und yuoo steael 0..5 Inergy frum aell fues in zee aerea.;3;3;22;5;0;5;.25;15;0;0;1;0;0;0;0;
1343;Izeer Phuntum;Äther-Phantom;Hex Spell. (10 secunds.) Cooses -1 Inergy degeneraeshun. Cooses 1..5 Inergy luss iff thees hex inds iaerly.;3;3;24;5;0;5;1;10;0;0;0;0;0;0;0;
1344;Veb ooff Deesroopshun;Netz der Störung;Hex Spell. (10 secunds.) Ineeteeael iffffect: interroopts a skeell. Ind iffffect: interroopts a skeell.;3;-1;24;5;0;5;.25;15;0;0;0;0;0;0;0;
1345;Inchunter's Cunoondroom;Rätsel des Verzauberers;Ileete-a Hex Spell. Cooses 100..200% slooer inchuntment caesteeng (10 secunds). Ineeteeael iffffect: iff taerget fue-a is nut inchunted deaels 10..100 daemaege-a tu taerget und 75% ooff thaet daemaege-a tu aedjaecent fues.;3;2;24;5;0;10;2;10;0;0;1;0;0;0;0;
1346;Seegnet ooff Illooseeuns;Siegel der Illusionen;Ileete-a Seegnet. Yuoor next 1..3 nun-Illooseeun spells use yuoor Illooseeun aettreeboote-a insteaed ooff their nurmael aettreeboote-a.;3;1;21;5;0;0;2;5;0;0;1;0;0;0;0;
1347;Deeschaerge-a Inchuntment;Verzauberung entlassen;Spell. Remufes oone-a inchuntment frum taerget fue-a. 20..50% faester rechaerge-a iff thaet fue-a vaes hexed.;3;3;22;5;0;10;1;15;0;0;0;0;0;0;0;
1348;Hex Iaeter Furtex;Verhexungsfresser-Strudel;Ileete-a Spell. Remufes oone-a hex frum taerget aelly. Remufael iffffect: deaels 30..90 daemaege-a und remufes oone-a inchuntment frum fues in zee aerea ooff thees aelly.;3;2;22;5;0;5;.25;15;0;0;1;0;0;0;0;
1349;Murrur ooff Deesenchuntment;Spiegel der Entzauberung;Spell. Remufes oone-a inchuntment frum taerget fue-a. Thaet fue-a's paerty members aelsu luse-a thees inchuntment.;3;-1;22;5;0;5;1;15;0;0;0;0;0;0;0;
1350;Seemple-a Theeefery;Simpler Diebstahl;Ileete-a Spell. Interroopts un aecshun. Interroopshun iffffect: Iff a skeell vaes interroopted, thaet skeell is deesaebled und Seemple-a Theeefery becumes thaet skeell (5..20 secunds).;3;2;22;5;0;10;.25;10;0;0;1;0;0;0;0;
1351;Uneemaete-a Shaembleeng Hurrur;Schlurfschreck beleben;Spell. Creaetes a lefel 1..17 shaembleeng hurrur. Vhee zee shaembleeng hurrur deees, it is replaeced by a lefel 0..15 jaegged hurrur thaet cooses Bleedeeng veet iaech ooff its aettaecks. Ixplueets a fresh curpse-a.;3;5;22;4;0;10;1;25;0;0;0;0;0;0;0;
1352;Oorder ooff Undeaet;Orden der Untoten;Ileete-a Spell. (5 secunds). Yuoor meeneeuns deael +3..16 daemaege-a. Meeneeun heet iffffect: yuoo luse-a 2% ooff yuoor maexeemoom Heaelt.;3;5;22;4;0;10;1;5;0;0;1;0;0;0;0;
1353;Pootreed Flesh;Verwesendes Fleisch;Spell. Destruys oone-a ooff yuoor undeaed serfunts. Inffleects Deeseaesed cundeeshun (5..15 secunds) tu fues neaer thees serfunt.;3;5;22;4;0;10;.25;0;0;0;0;0;0;0;0;
1354;Feaest fur zee Deaed;Fest für die Toten;Spell. Destruys oone-a ooff yuoor undeaed serfunts. Heaels yuoor serfunts fur 10..100.;3;5;22;4;0;5;.25;10;0;0;0;0;0;0;0;
1355;Jaegged Bunes;Versplitterte Knochen;Ileete-a Inchuntment Spell. (60 secunds.) Vhee taerget undeaed serfunt deees, it is replaeced by a lefel 0..15 jaegged hurrur thaet inffleects Bleedeeng veet aettaecks.;3;5;23;4;0;5;1;10;0;0;1;0;0;0;0;
1356;Cuntaegeeun;Erkrankung;Ileete-a Inchuntment Spell. (60 secunds.) Vhenefer yuoo gaeeen a cundeeshun, aell fues in zee aerea gaeeen thaet saeme-a cundeeshun. Yuoo saecreeffeece-a 10..5% maexeemoom Heaelt iaech teeme-a thees haeppens.;3;5;23;4;0;5;1;10;0;0;1;0;0;0;0;
1358;Ulceruoos Loongs;Geschwürige Lungen;Hex Spell. Aelsu hexes fues neaer yuoor taerget (10..30 secunds). Cooses -4 Heaelt degeneraeshun tu uny ooff zeese-a fues thaet aere-a Bleedeeng. Inffleects Bleedeeng (5..20 secunds) vhenefer zeese-a fues use-a a shuoot oor chunt.;3;7;24;4;0;10;1;10;0;0;0;0;0;0;0;
1359;Paeeen ooff Deesenchuntment;Schmerz der Entzauberung;Ileete-a Spell. Taerget fue-a luses 1..3 inchuntments. Remufael iffffect: thaet fue-a und aell aedjaecent fues luse-a 10..100 Heaelt.;3;7;22;4;0;10;1;15;0;0;1;0;0;0;0;
1360;Maerk ooff Foory;Zeichen der Wut;Hex Spell. (5 secunds.) Aelleees heetteeng taerget fue-a gaeeen 0..2 streeke-as ooff aedrenaeleene-a. Ind iffffect: inffleects Craecked Aermur (1..15 secunds).;3;4;24;4;0;5;.75;10;0;0;0;0;0;0;0;
1362;Curroopt Inchuntment;Verzauberung verderben;Ileete-a Hex Spell. Remufes oone-a inchuntment frum taerget fue-a. Remufael iffffect: -1..8 Heaelt degeneraeshun (10 secunds).;3;7;24;4;0;5;.75;5;0;0;1;0;0;0;0;
1363;Seegnet ooff Surroo;Siegel des Kummers;Seegnet. Deaels 15..75 daemaege-a. Rechaerges instuntly iff taerget fue-a is neaer a curpse-a oor haes a deaed pet.;3;6;21;4;0;0;1;30;0;0;0;0;0;0;0;
1364;Seegnet ooff Sooffffereeng;Siegel des Leidens;Ileete-a Seegnet. Yuoo Bleed fur 6 secunds. Aeppleees Bleedeeng (2..16 secunds) tu zee taerget ooff yuoor next Necrumuncer skeell.;3;4;21;4;0;0;0;4;0;0;1;0;0;0;0;
1365;Seegnet ooff Lust Suools;Siegel der verlorenen Seelen;Seegnet. Yuoo gaeeen 10..100 Heaelt und 1..10 Inergy iff taerget fue-a is beloo 50% Heaelt.;3;6;21;4;0;0;.25;8;0;0;0;0;0;0;0;
1366;Vell ooff Daerkness;Brunnen der Dunkelheit;Vell Spell. (5..50 secunds.) Hexed fues in thees vell haefe-a 50% chunce-a tu meess. Ixplueets a fresh curpse-a oor saecreeffeeces 66% heaelt.;3;7;28;4;0;10;1;20;0;0;0;0;0;0;0;
1367;Bleendeeng Soorge-a;Blendende Welle;Ileete-a Spell. Deaels 5..50 leeghtneeng daemaege-a. Inffleects Bleend oon taerget und aedjaecent fues (3..8 secunds). 25% aermur penetraeshun. Iff taerget vaes aettaeckeeng, aelsu heets aedjaecent fues und deaels 50% mure-a daemaege-a.;3;8;22;6;0;10;.75;6;0;0;1;0;0;0;0;
1368;Cheelleeng Veends;Kühle Winde;Hex Spell. (10 secunds.) Zee next vaeter hex oon taerget fue-a laests 25..100% lunger. Ineeteeael iffffect: 30..60 culd daemaege-a. Aelsu streekes aedjaecent.;3;8;24;6;0;5;1;8;0;0;0;0;0;0;0;
1369;Leeghtneeng Bult;Blitzstrahl;Spell. Prujecteele-a: deaels 5..50 leeghtneeng daemaege-a. Deaels 5..50 mure-a leeghtneeng daemaege-a iff taerget fue-a is mufeeng. 25% aermur penetraeshun.;3;8;22;6;0;5;1;8;0;0;0;0;0;0;0;
1370;Sturm Djeenn's Haeste-a;Eile des Sturm-Dschinn;Inchuntment Spell. (10..25 secunds.) Yuoo mufe-a 25% faester. Luse-a 1 Inergy iaech secund vheele-a mufeeng.;3;8;23;6;0;5;.25;10;0;0;0;0;0;0;0;
1371;Stune-a Streeker;Steinschläger;Inchuntment Spell. (5..30 secunds.) Cunferts ilementael und physeecael daemaege-a yuoo taeke-a oor deael tu iaert daemaege-a.;3;9;23;6;0;5;.25;20;0;0;0;0;0;0;0;
1372;Sundsturm;Sandsturm;Ileete-a Spell. Deaels 20..40 iaert daemaege-a iaech secund (10 secunds). Heets fues neaer taerget fue-a's ineeteeael lucaeshun. Heets aettaeckeeng fues fur 10..30 mure-a iaert daemaege-a iaech secund.;3;9;22;6;0;15;2;20;0;0;1;0;0;0;0;
1373;Stune-a Sheaet;Steinmantel;Ileete-a Inchuntment Spell. (5..20 secunds.) Geefes yuoo und taerget aelly +1..30 aermur und immooneety tu creeteecael heets. Ineeteeael iffffect: Fues neaer yuoo und taerget aelly aere-a stroock fur 15..70 iaert daemaege-a und aere-a Veaekened (5..20 secunds).;3;9;23;6;0;10;1;15;0;0;1;0;0;0;0;
1374;Ibun Haevk;Ebonfalke;Spell. Prujecteele-a: deaels 10..85 iaert daemaege-a und inffleects Veaekness cundeeshun (5..15 secunds). Bork! Bork! Bork!;3;9;22;6;0;10;1;5;0;0;0;0;0;0;0;
1375;Stunefflesh Oora;Steinfleisch-Aura;Inchuntment Spell. (5..15 secunds.) Redooces daemaege-a yuoo taeke-a by 1..31, und yuoo aere-a immoone-a tu creeteecael heets.;3;9;23;6;0;10;2;15;0;0;0;0;0;0;0;
1376;Glyph ooff Resturaeshun;Glyphe der Wiederherstellung;Glyph. (15 secunds.) Yuoor next 2 spells heael yuoo fur 30..105, und yuoo aere-a heaeled fur 150..400% ooff zee Inergy cust ooff iaech spell.;3;12;16;6;0;5;1;8;0;0;0;0;0;0;0;
1377;Izeer Preesm;Ätherprisma;Ileete-a Skeell. (3 secunds.) Aell daemaege-a yuoo taeke-a is redooced by 75%. Ind iffffect: gaeeen 5..20 Inergy. Bork! Bork! Bork!;3;12;1;6;0;5;0;20;0;0;1;0;0;0;0;
1378;Maester ooff Maegeec;Meister der Magie;Ileete-a Inchuntment Spell. (1..61 secunds). Yuoor ilementael aettreebootes aere-a set tu 8..14 und ilementael spells retoorn 1 Inergy ploos 30% ooff zeeur cust.;3;12;23;6;0;5;1;10;0;0;1;0;0;0;0;
1379;Glooeeng Gaeze-a;Glühender Blick;Spell. Deaels 5..50 fure-a daemaege-a. Yuoo gaeeen 5 Inergy ploos 1 Inergy fur ifery 2 runks ooff Inergy Sturaege-a iff taerget fue-a is Boorneeng.;3;10;22;6;0;5;1;8;0;0;0;0;0;0;0;
1380;Saefunnaeh Heaet;Hitze der Savanne;Ileete-a Spell. Deaels 5..20 fure-a daemaege-a fur iaech secund seence-a caesteeng thees spell (5 secunds). Heets fues neaer taerget's ineeteeael lucaeshun.;3;10;22;6;0;5;2;25;0;0;1;0;0;0;0;
1381;Flaeme-a Djeenn's Haeste-a;Eile des Flammen-Dschinn;Inchuntment Spell. (8..14 secunds.) Yuoo mufe-a 25% faester. Ineeteeael iffffect: deaels 15..120 fure-a daemaege-a tu fues aedjaecent tu yuoo. Iff yuoo daemaege-a a fue-a veet thees spell, it rechaerges 50% faester.;3;10;23;6;0;10;.75;20;0;0;0;0;0;0;0;
1382;Freezeeng Goost;Gefrierende Böe;Hex Spell. Deaels 20..80 culd daemaege-a iff taerget fue-a is hexed veet Vaeter Maegeec. Oozeerveese-a, thees fue-a mufes 66% slooer (1..5 secunds).;3;11;24;6;0;10;1;8;0;0;0;0;0;0;0;
1390;Joodge-a's Interfenshun;Intervention des Richters;Inchuntment Spell. (10 secunds.) Negaetes zee next faetael daemaege-a. Negaeshun iffffect: deaels 30..180 huly daemaege-a tu oone-a fue-a neaer taerget aelly.;3;14;23;3;0;5;.25;8;0;0;0;0;0;0;0;
1391;Sooppurteefe-a Spureet;Unterstützender Geist;Inchuntment Spell. (5..23 secunds.) Heaels fur 5..50 vhenefer taerget aelly taekes daemaege-a vheele-a knucked-doon.;3;13;23;3;0;10;.75;8;0;0;0;0;0;0;0;
1392;Vaetchffool Heaeleeng;Wachsame Heilung;Inchuntment Spell. (10 secunds.) Taerget aelly haes +1..4 Heaelt regeneraeshun und gaeeens 30..120 Heaelt iff thees inchuntment inds iaerly.;3;16;23;3;0;5;1;10;0;0;0;0;0;0;0;
1393;Heaeler's Buun;Segen des Heilers;Ileete-a Inchuntment Spell. (10..55 secunds.) Heaeleeng Praeyers spells caest 50% faester und heael fur 50% mure-a.;3;16;23;3;0;5;.25;10;0;0;1;0;0;0;0;
1394;Heaeler's Cufenunt;Verpflichtung des Heilers;Ileete-a Inchuntment Spell. Yuoor Heaeleeng Praeyers spells cust 1..4 less Inergy. Zeese-a spells heael fur 20% less.;3;13;23;3;-1;5;.25;5;0;0;1;0;0;0;0;
1395;Baelthaezaer's Pendooloom;Balthasars Pendel;Ileete-a Inchuntment Spell. (5..25 secunds.) Cooses knuck-doon tu zee next fue-a aettempteeng tu knuck-doon taerget aelly. Bork! Bork! Bork!;3;14;23;3;0;5;.25;5;0;0;1;0;0;0;0;
1396;Vurds ooff Cumffurt;Tröstende Worte;Spell. Heaels fur 20..65. Heaels fur 20..50 mure-a iff taerget aelly haes a cundeeshun.;3;13;22;3;0;5;1;4;0;0;0;0;0;0;0;
1397;Leeght ooff Deleeferunce-a;Licht der Erlösung;Ileete-a Spell. Heaels inture-a paerty fur 5..70.;3;13;22;3;0;5;1;6;0;0;1;0;0;0;0;
1398;Scuoorge-a Inchuntment;Geißelverzauberung;Hex Spell. (30 secunds.) Deaels 15..75 daemaege-a tu unyune-a caesteeng un inchuntment oon taerget fue-a.;3;14;24;3;0;10;1.5;5;0;0;0;0;0;0;0;
1399;Sheeeld ooff Aebsurpshun;Schild der Absorption;Inchuntment Spell. (3..7 secunds.) Redooces incumeeng daemaege-a by 5 iaech teeme-a taerget aelly taekes daemaege-a.;3;15;23;3;0;5;1;10;0;0;0;0;0;0;0;
1400;Refersael ooff Daemaege-a;Umkehrung des Schadens;Inchuntment Spell. (8 secunds.) Negaetes zee next daemaege-a und heets zee suoorce-a fur thaet saeme-a aemuoont (maexeemoom 5..75).;3;14;23;3;0;5;.25;3;0;0;0;0;0;0;0;
1401;Mendeeng Tuooch;Genesungsberührung;Tuooch Spell. Remufes tvu cundeeshuns. Heaels fur 15..60 fur iaech cundeeshun remufed. Bork! Bork! Bork!;3;15;22;3;0;5;.75;6;0;0;0;0;0;0;0;
1402;Creeteecael Chup;Kritischer Hieb;Aexe-a Aettaeck. Deaels +5..20 daemaege-a. Interroopts un aecshun iff yuoo lund a creeteecael heet.;3;18;4;1;0;5;1;15;0;0;0;0;0;0;0;
1403;Aeguneezeeng Chup;Qualvoller Hieb;Aexe-a Aettaeck. Deaels +5..20 daemaege-a. Interroopts un aecshun iff taerget fue-a haes a Deep Vuoond.;3;18;4;1;0;0;1;0;6;0;0;0;0;0;0;
1404;Flaeeel;Dreschen;Stunce-a. (1..15 secunds.) Yuoo aettaeck 33% faester. Yuoo mufe-a 33% slooer.;3;17;29;1;0;0;0;0;4;0;0;0;0;0;0;
1405;Chaergeeng Streeke-a;Angreifender Schlag;Ileete-a Stunce-a. (1..10 secunds.) Yuoo mufe-a 33% faester und deael +10..90 daemaege-a veet yuoor next melee-a heet. Inds vhee yuoo heet oor iff yuoo use-a a skeell.;3;17;29;1;0;5;0;5;0;0;1;0;0;0;0;
1406;Heaedboott;Kopfstoß;Ileete-a Tuooch Skeell. Deaels 40..100 daemaege-a. Yuoo aere-a Daezed (10 secunds).;3;17;1;1;0;10;.75;10;0;0;1;0;0;0;0;
1407;Leeun's Cumffurt;Trost des Löwen;Skeell. Yuoo aere-a heaeled fur 50..110 und gaeeen 0..3 streeke-as ooff aedrenaeleene-a. Deesaebles yuoor seegnets (12 secunds).;3;17;1;1;0;0;1;1;3.2;0;0;0;0;0;0;
1408;Raege-a ooff zee Ntuooka;Wut des Ntouka;Ileete-a Skeell. Yuoo gaeeen 1..7 aedrenaeleene-a. Fur 8 secunds, aedrenael skeells haefe-a a 3 secund rechaerge-a vhee used.;3;17;1;1;0;5;0;15;0;0;1;0;0;0;0;
1409;Mukele-a Smaesh;Mokele-Schlag;Haemmer Aettaeck. Deaels +5..20 daemaege-a und yuoo gaeeen 2 streeke-as ooff aedrenaeleene-a.;3;19;8;1;0;5;0;12;0;0;0;0;0;0;0;
1410;Ooferbeaereeng Smaesh;Anmaßender Schlag;Haemmer Aettaeck. Deaels +1..20 daemaege-a. Iff taerget fue-a is knucked doon, zeey aere-a Daezed (1..8 secunds).;3;19;8;1;0;5;0;20;0;0;0;0;0;0;0;
1411;Seegnet ooff Staemeena;Siegel der Ausdauer;Seegnet. Yuoo haefe-a +50..300 maexeemoom Heaelt. Inds iff yuoo heet veet un aettaeck.;3;17;21;1;0;0;.25;20;0;0;0;0;0;0;0;
1412;"Yuoo're-a Aell Aelune-a!";"Ihr seid ganz allein!";Ileete-a Shuoot. Inffleects Creepple-a und Veaekness cundeeshuns (8 secunds). Nu iffffect iff taerget fue-a is neaer oone-a ooff its aelleees.;3;-1;20;1;0;5;0;10;0;0;1;0;0;0;0;
1413;Boorst ooff Aeggresseeun;Aggressiver Ausbruch;Stunce-a. (2..10 secunds.) Yuoo aettaeck 33% faester. Ind iffffect: luse-a aell aedrenaeleene-a.;3;17;29;1;0;5;0;12;0;0;0;0;0;0;0;
1414;Inraegeeng Chaerge-a;Wütender Angriff;Stunce-a. (5..15 secunds.) Yuoo mufe-a 25% faester. Gaeeen +0..3 aedrenaeleene-a oon yuoor next melee-a aettaeck. Inds aeffter yuoor next heet.;3;17;29;1;0;5;0;20;0;0;0;0;0;0;0;
1415;Creeppleeng Slaesh;Verkrüppelnder Hieb;Ileete-a Svurd Aettaeck. Inffleects Creeppled cundeeshun (5..15 secunds) und Bleedeeng cundeeshun (10..25 secunds).;3;20;10;1;0;0;0;0;5;0;1;0;0;0;0;
1416;Baerbaeruoos Sleece-a;Barbarischer Schnitt;Svurd Aettaeck. Deaels +5..30 daemaege-a. Inffleects Bleedeeng cundeeshun (5..15 secunds) iff yuoo aere-a nut in a stunce-a. Bork! Bork! Bork!;3;20;10;1;0;0;0;0;6;0;0;0;0;0;0;
1465;Prepaered Shut;Vorbereiteter Schuss;Ileete-a Boo Aettaeck. Deaels +10..25 daemaege-a. Yuoo gaeeen 1..9 Inergy iff yuoo haefe-a a prepaeraeshun aecteefe-a.;3;25;2;2;0;5;0;6;0;0;1;0;0;0;0;
1466;Boorneeng Aerroo;Brennender Pfeil;Ileete-a Boo Aettaeck. Deaels +10..30 daemaege-a. Inffleects Boorneeng cundeeshun (2..8 secunds).;3;25;2;2;0;10;0;5;0;0;1;0;0;0;0;
1467;Aerceeng Shut;Bogenschuss;Boo Aettaeck. Deaels +10..35 daemaege-a. Unbluckaeble-a. Thees aerroo mufes 50% slooer.;3;25;2;2;0;5;0;3;0;0;0;0;0;0;0;
1468;Streeke-a aes Oone-a;Gemeinsam zuschlagen;Ileete-a Shuoot. Yuoor uneemael cumpuneeun instuntly mufes tu yuoor taerget und inffleects Bleedeeng (5..15 secunds) veet its next aettaeck. Zee next teeme-a yuoo heet veet un aettaeck, yuoo inffleect Creeppled cundeeshun (5..15 secunds).;3;22;20;2;0;5;0;10;0;0;1;0;0;0;0;
1469;Crussffure-a;Kreuzfeuer;Boo Aettaeck. Deaels +5..20 daemaege-a. Unbluckaeble-a iff taerget fue-a is neaer uny ooff yuoor aelleees.;3;25;2;2;0;5;0;4;0;0;0;0;0;0;0;
1470;Baerbed Aerroos;Stachelpfeile;Prepaeraeshun. (24 secunds.) Yuoor aerroos inffleect Bleedeeng cundeeshun (3..15 secunds). Yuoo haefe-a -40 aermur vheele-a aecteefaeteeng thees skeell.;3;24;17;2;0;10;2;12;0;0;0;0;0;0;0;
1471;Scaefenger's Fucoos;Fokus des Plünderers;Ileete-a Skeell. (10 secunds.) Yuoo gaeeen 3..12 Inergy iff yuoo streeke-a a fue-a vhu haes a cundeeshun. Bork! Bork! Bork!;3;24;1;2;0;5;0;12;0;0;1;0;0;0;0;
1472;Tuxeeceety;Giftigkeit;Naetoore-a Reetooael. Creaetes a lefel 1..10 spureet (30..180 secund leeffespun). Pueesuned oor Deeseaesed creaetoores in runge-a haefe-a -2 Heaelt degeneraeshun.;3;22;19;2;0;15;2;60;0;0;0;0;0;0;0;
1473;Qooeecksund;Treibsand;Ileete-a Naetoore-a Reetooael. Creaetes a lefel 1..10 spureet (30..180 secund leeffespun). Creaetoores luse-a 1 Inergy iaech teeme-a zeey aettaeck oor use-a a skeell. Dues nut aeffffect spureets.;3;24;19;2;0;10;2;30;0;0;1;0;0;0;0;
1474;Sturm's Imbraece-a;Umarmung des Sturms;Stunce-a. (10 secunds.) Yuoo mufe-a 25% faester. Renooael: vhenefer yuoo taeke-a ilementael daemaege-a.;3;-1;29;2;0;5;0;30;0;0;0;0;0;0;0;
1475;Traepper's Speed;Geschwindigkeit des Fallenstellers;Stunce-a. (5..30 secunds.) Yuoor traeps rechaerge-a 25% faester und aecteefaete-a 25% faester. Inds iff yuoo heet veet un aettaeck.;3;23;29;2;0;5;0;20;0;0;0;0;0;0;0;
1476;Treepvure-a;Stolperdraht;Traep. (90 secunds.) Deaels 5..20 peeerceeng daemaege-a tu neaerby fues. Cooses knuck-doon tu Creeppled fues. Iaeseely interroopted.;3;24;30;2;0;10;2;30;0;0;0;0;0;0;0;
1478;Renooeeng Soorge-a;Erneuernde Welle;Hex Spell. (8 secunds.) Deaels 2..12 daemaege-a iaech secund. Ind iffffect: Yuoo gaeeen 1..8 Inergy.;3;34;24;8;0;5;1;15;0;0;0;0;0;0;0;
1479;Ooffffereeng ooff Spureet;Opfer des Geistes;Ileete-a Spell. Yuoo gaeeen 8..17 Inergy. Yuoo du nut saecreeffeece-a Heaelt iff uny spureets aere-a veetheen iaershut.;3;34;22;8;0;3;.25;15;0;17;1;0;0;0;0;
1480;Spureet's Geefft;Geschenk des Geistes;Inchuntment Spell. (60 secunds.) Vhenefer yuoo creaete-a a creaetoore-a, aell neaerby aelleees gaeeen 5..50 Heaelt und luse-a oone-a cundeeshun.;3;36;23;8;0;10;1;45;0;0;0;0;0;0;0;
1481;Deaet Paect Seegnet;Todespakt-Siegel;Seegnet. Resoorrects taerget paerty member veet yuoor coorrent Heaelt und 15..100% maexeemoom Inergy. Fur 120 secunds, yuoo deee-a zee next teeme-a thees paerty member deees.;3;33;21;8;0;0;3;12;0;0;0;0;0;0;0;
1482;Reclaeeem Issence-a;Essenz zurückfordern;Ileete-a Spell. Aell ooff yuoor Spureets deee-a. Iff a Spureet deees in thees vaey, yuoo gaeeen 5..20 Inergy und aell ooff yuoor Beendeeng Reetooaels aere-a rechaerged. Bork! Bork! Bork!;3;36;22;8;0;5;1;30;0;0;1;0;0;0;0;
1483;Buneesheeng Streeke-a;Bannstoß;Melee-a Aettaeck. Deaels 10..60 huly daemaege-a. Deaels duooble-a daemaege-a tu soommuned creaetoores. Bork! Bork! Bork!;3;44;3;10;0;5;1;3;0;0;0;0;0;0;0;
1484;Mysteec Sveep;Mystischer Schwung;Melee-a Aettaeck. Deaels +3..12 daemaege-a. Deaels un aeddeeshunael +3..12 daemaege-a iff yuoo aere-a inchunted.;3;44;3;10;0;5;1;6;0;0;0;0;0;0;0;
1485;Iremeete-a's Aettaeck;Angriff des Eremiten;Scyzee Aettaeck. Deaels +1..10 daemaege-a und remufes a Derfeesh inchuntment. Remufael Iffffect: deaels +1..10 mure-a daemaege-a und streekes aell aedjaecent fues.;3;41;9;10;0;5;0;6;0;0;0;0;0;0;0;
1486;Reaep Impooreeteees;Unreinheiten ausnutzen;Melee-a Aettaeck. Deaels +3..15 daemaege-a. Stroock fues luse-a 1 cundeeshun. Remufael Iffffect: Aell fues aedjaecent tu thuse-a stroock taeke-a 10..40 huly daemaege-a.;3;41;3;10;0;0;0;0;4.8;0;0;0;0;0;0;
1487;Tveen Muun Sveep;Doppelter Mondschwung;Melee-a Aettaeck. Remufe-a 1 ooff yuoor Derfeesh inchuntments. Gaeeen 10..50 Heaelt. Remufael iffffect: unbluckaeble-a, aettaeck tveece-a, und gaeeen 10..70 mure-a Heaelt.;3;41;3;10;0;0;0;0;6.4;0;0;0;0;0;0;
1488;Feectureeuoos Sveep;Siegreicher Schwung;Melee-a Aettaeck. Deaels +5..25 daemaege-a. Yuoo gaeeen 30..80 Heaelt fur iaech fue-a yuoo heet thaet haes less Heaelt thun yuoo.;3;41;3;10;0;5;0;4;0;0;0;0;0;0;0;
1489;Irreseesteeble-a Sveep;Unwiderstehlicher Schwung;Scyzee Aettaeck. Deaels +3..15 daemaege-a. Remufe-a 1 ooff yuoor Derfeesh inchuntments. Remufael iffffect: unbluckaeble-a, remufes a stunce-a, deaels +3..15 aeddeeshunael daemaege-a. Bork! Bork! Bork!;3;41;9;10;0;5;0;6;0;0;0;0;0;0;0;
1490;Peeuoos Aessoolt;Frommer Angriff;Melee-a Aettaeck. Deaels +10..20 daemaege-a. Remufes 1 ooff yuoor Derfeesh inchuntments. Remufael Iffffect: thees skeell rechaerges 75% faester und aedjaecent fues taeke-a 15..40 daemaege-a.;3;41;3;10;0;5;0;12;0;0;0;0;0;0;0;
1491;Mysteec Tveester;Mystischer Wirbelsturm;Spell. Deaels 10..60 culd daemaege-a tu aell neaerby fues. Deaels 10..60 mure-a culd daemaege-a iff yuoo aere-a inchunted.;3;42;22;10;0;0;.5;4;4.8;0;0;0;0;0;0;
1493;Grent's Feengers;Grenths Finger;Flaesh Inchuntment Spell. (30 secunds.) Yuoor aettaecks deael culd daemaege-a. Ineeteeael iffffect: heets neaerby fues fur 10..40 culd daemaege-a. Ind iffffect: trunsffers 1..2 cundeeshuns tu aell neaerby fues.;3;42;33;10;0;5;0;10;0;0;0;0;0;0;0;
1495;Oora ooff Thurns;Dornenaura;Flaesh Inchuntment Spell. (30 secunds.) Ineeteeael iffffect: inffleects Bleedeeng cundeeshun (5..15 secunds) oon neaerby fues. Ind iffffect: inffleects Creeppled cundeeshun (3..8 secunds) oon neaerby fues.;3;43;33;10;0;5;0;10;0;0;0;0;0;0;0;
1496;Baelthaezaer's Raege-a;Balthasars Wut;Flaesh Inchuntment Spell. (20 secunds.) Ineeteeael Iffffect: inffleects Boorneeng (1..3 secunds) oon neaerby fues. Ind Iffffect: gaeeen 1..2 streeke-as ooff aedrenaeleene-a iff uny fues aere-a in iaershut.;3;44;33;10;0;10;0;10;0;0;0;0;0;0;0;
1497;Doost Cluaek;Staubdecke;Flaesh Inchuntment Spell. (30 secunds.) Yuoor aettaecks deael iaert daemaege-a. Ineeteeael iffffect: deaels 10..40 iaert daemaege-a tu neaerby fues. Ind iffffect: inffleects Bleendness cundeeshun (1..4 secunds) oon neaerby fues.;3;43;33;10;0;10;0;6;0;0;0;0;0;0;0;
1498;Staeggereeng Furce-a;Umwerfende Gewalt;Flaesh Inchuntment Spell. (30 secunds.) Yuoor aettaecks deael iaert daemaege-a. Ineeteeael iffffect: deaels 10..40 iaert daemaege-a tu neaerby fues. Ind iffffect: inffleects Craecked Aermur (1..10 secunds) oon neaerby fues.;3;43;33;10;0;10;0;6;0;0;0;0;0;0;0;
1499;Peeuoos Renooael;Fromme Erneuerung;Ileete-a Flaesh Inchuntment Spell. (8 secunds.) Ind Iffffect: rechaerges itselff und yuoo gaeeen 0..5 Inergy und 0..30 Heaelt.;3;44;33;10;0;5;0;8;0;0;1;0;0;0;0;
1500;Muraege-a Cluaek;Trugbild-Umhang;Flaesh Inchuntment Spell. (20 secunds.) 40% chunce-a tu bluck und un ixtra 4..10% fur iaech aeddeeshunael inchuntment. 10..40 iaert daemaege-a tu neaerby fues vhee yuoo luse-a a Derfeesh inchuntment.;3;43;33;10;0;15;0;24;0;0;0;0;0;0;0;
1502;Aercune-a Zeael;Arkaner Eifer;Ileete-a Inchuntment Spell. (10 secunds.) Yuoo gaeeen 2 Inergy (maexeemoom 2..7) fur iaech inchuntment oon yuoo vhenefer yuoo caest a spell.;3;44;23;10;0;10;1;5;0;0;1;0;0;0;0;
1503;Mysteec Feegur;Mystische Vitalität;Inchuntment Spell. (20 secunds.) Yuoo gaeeen 3..15 Heaelt (maexeemoom 25) fur iaech inchuntment oon yuoo vhenefer yuoo heet veet un aettaeck.;3;44;23;10;0;5;.25;15;0;0;0;0;0;0;0;
1504;Vaetchffool Interfenshun;Wachsame Intervention;Inchuntment Spell. (60 secunds.) Heaels fur 50..200 zee next teeme-a daemaege-a drups taerget aelly's Heaelt beloo 25%.;3;44;23;10;0;10;1;15;0;0;0;0;0;0;0;
1505;Foo ooff Peeety;Gelübde der Frömmigkeit;Inchuntment Spell. (20 secunds.) +24 aermur und +1..4 Heaelt regeneraeshun. Renooael: vhenefer un inchuntment oon yuoo inds.;3;42;23;10;0;15;.25;45;0;0;0;0;0;0;0;
1506;Feetael Buun;Wesentliche Wohltat;Inchuntment Spell. (20 secunds.) Yuoo haefe-a +40..100 maexeemoom Heaelt. Ind iffffect: heaels yuoo fur 75..200.;3;43;23;10;0;5;1;8;0;0;0;0;0;0;0;
1507;Heaert ooff Huly Flaeme-a;Herz der heiligen Flamme;Flaesh Inchuntment Spell. (30 secunds.) Yuoor aettaecks deael huly daemaege-a. Ineeteeael iffffect: deaels 5..30 huly daemaege-a tu neaerby fues. Ind iffffect: inffleects Boorneeng cundeeshun (2..5 secunds) oon neaerby fues.;3;44;33;10;0;10;0;10;0;0;0;0;0;0;0;
1508;Ixtend Inchuntments;Verzauberungen ausweiten;Skeell. (10 secunds)Yuoor next Derfeesh inchuntment laests 10..150% lunger.;3;44;1;10;0;5;0;10;0;0;0;0;0;0;0;
1509;Faeeethffool Interfenshun;Vertrauensvolle Intervention;Inchuntment Spell. Yuoo gaeeen 30..150 Heaelt zee next teeme-a daemaege-a drups yuoor Heaelt beloo 50%. Bork! Bork! Bork!;3;44;23;10;0;5;2;20;0;0;0;0;0;0;0;
1510;Sund Shaerds;Sandscherben;Flaesh Inchuntment Spell. (30 secunds.) Deaels 10..60 iaert daemaege-a tu aell oozeer aedjaecent fues vhenefer yuoo heet veet yuoor scyzee. Inds aeffter 1..5 heets.;3;43;33;10;0;10;0;10;0;0;0;0;0;0;0;
1512;Lyssa's Haeste-a;Lyssas Eile;Flaesh Inchuntment Spell. (3..15 secunds.) Yuoor Derfeesh inchuntments rechaerge-a 33% faester. Ineeteeael Iffffect: interroopts aell aedjaecent fues. Ind Iffffect: interroopts aell aedjaecent fues. (50% faeeeloore-a chunce-a unless Veend Praeyers 5 oor heegher.);3;42;33;10;0;10;0;15;0;0;0;0;0;0;0;
1513;Gooeedeeng Hunds;Lenkende Hände;Inchuntment Spell. (20 secunds.) Yuoor next 0..3 aettaecks cunnut be-a blucked. Ineeteeael iffffect: remufes Bleendness.;3;42;23;10;0;10;.25;10;0;0;0;0;0;0;0;
1514;Fleeteeng Staebeeleety;Flüchtige Stabilität;Flaesh Inchuntment Spell. (4..10 secunds.) Yuoo cunnut be-a knucked doon und mufe-a 25% faester. Inds iff knuckdoon prefented.;3;43;33;10;0;5;0;10;0;0;0;0;0;0;0;
1515;Aermur ooff Suncteety;Rüstung der Heiligkeit;Inchuntment Spell. Inffleects Veaekness cundeeshun oon aell aedjaecent fues (5..15 secunds). Yuoo taeke-a 5..20 less daemaege-a frum fues veet a cundeeshun (15 secunds). Bork! Bork! Bork!;3;43;23;10;0;5;.25;15;0;0;0;0;0;0;0;
1516;Mysteec Regeneraeshun;Mystische Regeneration;Inchuntment Spell. (5..20 secunds.) Yuoo haefe-a +1..4 Heaelt regeneraeshun fur iaech inchuntment (maexeemoom ooff 8) oon yuoo.;3;43;23;10;0;15;.25;10;0;0;0;0;0;0;0;
1517;Foo ooff Seelence-a;Schweigegelübde;Ileete-a Inchuntment Spell. (5..10 secunds.) Spells cunnut taerget yuoo. Yuoo cunnut caest spells.;3;44;23;10;0;5;.25;10;0;0;1;0;0;0;0;
1518;Aefaetaer ooff Baelthaezaer;Balthasars Avatar;Ileete-a Furm. (10..90 secunds.) Yuoo gaeeen +20 aermur aegaeeenst physeecael daemaege-a, yuoo gaeeen aedrenaeleene-a 25% faester, yuoor aettaecks deael huly daemaege-a, yuoo inffleect Boorneeng (1..3 secunds) oon neaerby fues vhenefer yuoo luse-a a Derfeesh inchuntment. Thees skeell is deesaebled fur 45 secunds.;3;44;15;10;0;5;2;20;0;0;1;0;0;0;0;
1519;Aefaetaer ooff Dvaeyna;Dwaynas Avatar;Ileete-a Furm. (10..90 secunds.) Deael huly daemaege-a. Yuoo luse-a 1 hex vhenefer yuoo use-a a Derfeesh aettaeck skeell. Heael aelleees in iaershut fur 5..50 Heaelt vhenefer yuoo luse-a a Derfeesh inchuntment. Thees skeell is deesaebled fur 45 secunds.;3;44;15;10;0;5;2;20;0;0;1;0;0;0;0;
1520;Aefaetaer ooff Grent;Grenths Avatar;Ileete-a Furm. (10..90 secunds.) Yuoor scyzee aettaecks deael daerk daemaege-a und steael 0..12 Heaelt. Yuoo aere-a immoone-a tu Deeseaese-a. Aepply Deeseaese-a tu aell aedjaecent fues (3 secunds) vhee yuoo luse-a a Derfeesh inchuntment. Thees skeell is deesaebled fur 45 secunds.;3;44;15;10;0;5;2;20;0;0;1;0;0;0;0;
1521;Aefaetaer ooff Lyssa;Lyssas Avatar;Ileete-a Furm. (10..90 secunds.) Yuoor Derfeesh inchuntments rechaerge-a 50% faester und deael chaeus daemaege-a veet aettaecks. Steael 1 Inergy frum neaerby fues vhee yuoo luse-a a Derfeesh inchuntment. Thees skeell is deesaebled fur 45 secunds.;3;44;15;10;0;5;2;20;0;0;1;0;0;0;0;
1522;Aefaetaer ooff Melundroo;Melandrus Avatar;Ileete-a Furm. (10..90 secunds.) Yuoo haefe-a +150 maexeemoom Heaelt, +30 ilementael aermur, und yuoor aettaecks deael iaert daemaege-a. Coore-a 1 cundeeshun frum aell paerty members in iaershut vhenefer yuoo luse-a a Derfeesh inchuntment. Thees skeell is deesaebled fur 45 secunds.;3;44;15;10;0;5;2;20;0;0;1;0;0;0;0;
1523;Medeetaeshun;Meditation;Inchuntment Spell. (20 secunds.) Luse-a aell aedrenaeleene-a. Gaeeen 1..4 Inergy vhenefer un inchuntment oon yuoo inds. Bork! Bork! Bork!;3;44;23;10;0;10;.25;15;0;0;0;0;0;0;0;
1524;Iremeete-a's Zeael;Eifer des Eremiten;Inchuntment Spell. (10 secunds.) Ineeteeael iffffect: yuoo gaeeen 1..3 Inergy (maexeemoom 8) fur iaech fue-a in iaershut. Ind iffffect: yuoo gaeeen 1..3 Inergy (maexeemoom 8) fur iaech fue-a in iaershut.;3;44;23;10;0;5;.25;15;0;0;0;0;0;0;0;
1525;Naetoorael Heaeleeng;Natürliche Heilung;Spell. Heaels yuoo fur 50..170 Heaelt. Thees skeell aecteefaetes 50% faester iff yuoo aere-a nut inchunted.;3;42;22;10;0;5;1;6;0;0;0;0;0;0;0;
1526;Imbooe-a Heaelt;Mit Leben durchdringen;Spell. Heaels fur 5..50% ooff yuoor coorrent Heaelt (maexeemoom 300). Cunnut selff-taerget.;3;44;22;10;0;10;.25;10;0;0;0;0;0;0;0;
1527;Mysteec Heaeleeng;Mystische Heilung;Spell. Heaels yuoo fur 5..65. Heaels aell inchunted paerty members fur 5..65 Heaelt.;3;42;22;10;0;5;1;4;0;0;0;0;0;0;0;
1528;Dvaeyna's Tuooch;Dwaynas Berührung;Tuooch Spell. Heaels fur 60 (maexeemoom 60..240) fur iaech inchuntment oon yuoo.;3;42;22;10;0;5;.75;5;0;0;0;0;0;0;0;
1529;Peeuoos Resturaeshun;Fromme Wiederherstellung;Spell. Gaeeen 80..150 Heaelt und remufe-a 1 Derfeesh inchuntment. Remufael iffffect: luse-a 1..3 hexes.;3;42;22;10;0;5;1;8;0;0;0;0;0;0;0;
1530;Seegnet ooff Peeuoos Leeght;Siegel des frommen Lichts;Seegnet. Heaels fur 30..150 Heaelt. Remufes 1 ooff yuoor Derfeesh inchuntments. Remufael iffffect: rechaerges 75% faester.;3;43;21;10;0;0;1;20;0;0;0;0;0;0;0;
1531;Inteemeedaeteeng Oora;Einschüchternde Aura;Inchuntment Spell. (60 secunds.) Yuoo haefe-a +40..100 maex Heaelt und taeke-a -1..10 daemaege-a frum fues veet less Heaelt thun yuoo.;3;44;23;10;0;10;.75;20;0;0;0;0;0;0;0;
1532;Mysteec Sundsturm;Mystischer Sandsturm;Spell. (3 secunds). Deaels 10..40 iaert daemaege-a iaech secund. Deaels un aeddeeshunael 10..20 daemaege-a tu aettaeckeeng fues. Heets fues neaerby yuoor ineeteeael lucaeshun. Laests tveece-a aes lung iff yuoo aere-a inchunted.;3;43;22;10;0;0;1;8;4.8;0;0;0;0;0;0;
1533;Veends ooff Deesenchuntment;Wind der Entzauberung;Spell. Remufe-a 1 ooff yuoor Derfeesh inchuntments. Remufael iffffect: aell neaerby fues luse-a 1 inchuntment und taeke-a 20..80 culd daemaege-a.;3;42;22;10;0;5;.75;15;0;0;0;0;0;0;0;
1534;Rendeeng Tuooch;Zerreißende Berührung;Tuooch Spell. Deaels 15..65 culd daemaege-a. Luse-a 1 Derfeesh inchuntment. Remufael iffffect: taerget fue-a luses 1 inchuntment und yuoo gaeeen 2 streeke-as ooff aedrenaeleene-a. Bork! Bork! Bork!;3;44;22;10;0;5;.75;12;0;0;0;0;0;0;0;
1535;Creeppleeng Sveep;Verkrüppelnder Schwung;Scyzee Aettaeck. (3..12 secunds.) Inffleects Creepple-a cundeeshun. Deaels +3..15 daemaege-a tu mufeeng fues.;3;41;9;10;0;5;0;6;0;0;0;0;0;0;0;
1536;Vuoondeeng Streeke-a;Verwundender Schlag;Ileete-a Scyzee Aettaeck. Deaels +5..20 daemaege-a und inffleects Bleedeeng cundeeshun (5..20 secunds). Remufe-a 1 Derfeesh inchuntment. Remufael Iffffect: inffleects Deep Vuoond cundeeshun (5..20 secunds).;3;41;9;10;0;5;0;3;0;0;1;0;0;0;0;
1537;Veaeryeeng Streeke-a;Ermüdender Schlag;Scyzee Aettaeck. Remufe-a 1 Derfeesh Inchuntment. Remufael Iffffect: Inffleects Deep Vuoond cundeeshun (3..10 secunds). Yuoo aere-a Veaekened (10 secunds) iff un inchuntment is nut lust.;3;41;9;10;0;0;0;0;6;0;0;0;0;0;0;
1538;Lyssa's Aessoolt;Lyssas Angriff;Scyzee Aettaeck. Interroopts un aecshun. Iff yuoo aere-a inchunted, zee interroopted skeell is deesaebled fur un aeddeeshunael 1..10 secunds. Thees aettaeck dues 50% ooff nurmael daemaege-a.;3;41;9;10;0;5;.5;15;0;0;0;0;0;0;0;
1539;Cheelleeng Feectury;Kühler Sieg;Scyzee Aettaeck. Deaels +3..15 daemaege-a. Deaels 10..30 culd daemaege-a tu iaech fue-a heet vhu haes less Heaelt thun yuoo und fues aedjaecent tu thuse-a taergets.;3;41;9;10;0;0;0;0;6;0;0;0;0;0;0;
1540;Cunfeecshun;Überzeugung;Flaesh Inchuntment Spell. (10 secunds.) Gaeeen +10 aermur vheele-a cundeeshuned. Gaeeen 1..3 Heaelt regeneraeshun fur iaech cundeeshun yuoo haefe-a. Ind Iffffect: remufe-a 1..2 cundeeshuns.;3;43;33;10;0;5;0;10;0;0;0;0;0;0;0;
1541;Inchunted Haeste-a;Verzauberte Eile;Flaesh Inchuntment Spell. (7 secunds.) Yuoo mufe-a 25% faester. Luse-a 1 cundeeshuns iff thees inchuntment inds premaetoorely.;3;-1;33;10;0;10;0;15;0;0;0;0;0;0;0;
1542;Peeuoos Cuncentraeshun;Fromme Konzentration;Stunce-a. (5..20 secunds.) Prefents interroopts. Prefenshun cust: yuoo luse-a oone-a Derfeesh inchuntment oor Peeuoos Cuncentraeshun inds.;3;43;29;10;0;10;0;10;0;0;0;0;0;0;0;
1543;Peeuoos Haeste-a;Fromme Eile;Stunce-a. (1..7 secunds.) Luse-a 1 Derfeesh inchuntment und mufe-a 25% faester. Remufael Iffffect: Roon 50% faester insteaed.;3;44;29;10;0;5;0;12;0;0;0;0;0;0;0;
1544;Vhurleeng Chaerge-a;Wirbelangriff;Flaesh Inchuntment Spell. (1..6 secunds.) Yuoo mufe-a 33% faester. Deael 10..60 culd daemaege-a tu aell oozeer neaerby fues zee next teeme-a yuoo heet a fue-a und thees inchuntment inds.;3;42;33;10;0;5;0;8;0;0;0;0;0;0;0;
1545;Test ooff Faeeet;Glaubensprüfung;Tuooch Spell. Deaels 15..75 culd daemaege-a und remufes 1 inchuntment. Taerget fue-a is Daezed fur 2..6 secunds iff thaet fue-a vaes nut inchunted.;3;42;22;10;0;0;.5;5;5;0;0;0;0;0;0;
1546;Blaezeeng Speaer;Lodernder Speer;Speaer Aettaeck. Deaels +5..25 daemaege-a. Inffleects Boorneeng cundeeshun (1..3 secunds).;3;37;12;9;0;0;0;0;6;0;0;0;0;0;0;
1547;Meeghty Throo;Mächtiger Wurf;Speaer Aettaeck. Deaels +10..40 daemaege-a. Thees speaer mufes three-a teemes faester.;3;37;12;9;0;0;1;0;4;0;0;0;0;0;0;
1548;Crooel Speaer;Grausamer Speer;Ileete-a Speaer Aettaeck. Deaels +10..50 daemaege-a. Inffleects Deep Vuoond cundeeshun (5..20 secunds) iff taerget is nut mufeeng.;3;37;12;9;0;0;0;0;6;0;1;0;0;0;0;
1549;Haerreeer's Tuss;Wurf des Läufers;Speaer Aettaeck. Deaels +5..20 daemaege-a. Deaels 5..40 mure-a daemaege-a iff taerget is mufeeng.;3;37;12;9;0;10;.5;10;0;0;0;0;0;0;0;
1550;Unbluckaeble-a Throo;Unblockbarer Wurf;Speaer Aettaeck. Deaels +10..40 daemaege-a. Unbluckaeble-a.;3;37;12;9;0;0;1;1;6;0;0;0;0;0;0;
1551;Speaer ooff Leeghtneeng;Speer des Blitzes;Speaer Aettaeck. Deaels +10..20 leeghtneeng daemaege-a. 25% aermur penetraeshun. Streekes aell fues betveee yuoo und yuoor taerget.;3;37;12;9;0;5;0;6;0;0;0;0;0;0;0;
1552;Veaeryeeng Speaer;Ermüdender Speer;Speaer Aettaeck. Deaels +10..40 daemaege-a. Yuoo aere-a Veaekened (5 secunds).;3;37;12;9;0;0;0;0;3;0;0;0;0;0;0;
1553;Unzeem ooff Foory;Hymne der Wut;Ileete-a Chunt. (10 secunds.) Paerty members in iaershut gaeeen 2..5 aedrenaeleene-a veet zeeur next aettaeck skeell.;3;40;13;9;0;5;1;10;0;0;1;0;0;0;0;
1554;Creeppleeng Unzeem;Verkrüppelungs-Hymne;Ileete-a Chunt. (10 secunds.) Aelleees in iaershut inffleect Creeppled cundeeshun (5..15 secunds) veet zeeur next aettaeck skeell. Bork! Bork! Bork!;3;38;13;9;0;0;1;0;3;0;1;0;0;0;0;
1555;Deffenseefe-a Unzeem;Verteidigungshymne;Ileete-a Chunt. (4..10 secunds.) Paerty members in iaershut haefe-a 50% chunce-a tu bluck. Inds vhee heetteeng veet un aettaeck skeell.;3;40;13;9;0;10;1;15;0;0;1;0;0;0;0;
1556;Gudspeed;Gute Reise;Shuoot. (5..20 secunds.) Aelleees in iaershut mufe-a 25% faester vheele-a inchunted.;3;38;20;9;0;10;0;30;0;0;0;0;0;0;0;
1557;Unzeem ooff Flaeme-a;Hymne der Flamme;Chunt. (10 secunds.) Paerty members in iaershut inffleect Boorneeng cundeeshun (1..5 secunds) veet zeeur next aettaeck skeell.;3;40;13;9;0;5;1;10;0;0;0;0;0;0;0;
1558;"Gu fur zee Iyes!";"Zielt auf die Augen!";Shuoot. (10 secunds.) Aelleees in iaershut haefe-a +30..100% chunce-a tu lund a creeteecael heet veet zeeur next aettaeck.;3;38;20;9;0;0;0;0;4;0;0;0;0;0;0;
1559;Unzeem ooff Infy;Hymne des Neids;Chunt. (10 secunds.) Aelleees in iaershut du +10..25 daemaege-a veet zeeur next aettaeck skeell. Daemaege-a bunoos oonly aeppleees tu fues veet mure-a thun 50% Heaelt.;3;38;13;9;0;0;1;0;6;0;0;0;0;0;0;
1560;Sung ooff Pooer;Machtgesang;Chunt. (5..20 secunds.) Aelleees in iaershut gaeeen +4 Inergy regeneraeshun. Inds vhee useeng a skeell.;3;39;13;9;0;15;1;30;0;0;0;0;0;0;0;
1561;Zeaeluoos Unzeem;Eifrige Hymne;Chunt. (10 secunds.) Aelleees in iaershut gaeeen 1..8 Inergy veet zeeur next aettaeck skeell.;3;39;13;9;0;10;1;10;0;0;0;0;0;0;0;
1562;Aereea ooff Zeael;Arie des Eifers;Chunt. (10 secunds.) Aelleees in iaershut gaeeen 1..6 Inergy veet zeeur next spell.;3;39;13;9;0;5;1;10;0;0;0;0;0;0;0;
1563;Lyreec ooff Zeael;Lyrik des Eifers;Chunt. (10 secunds.) Aelleees in iaershut gaeeen 1..8 Inergy veet zeeur next seegnet.;3;39;13;9;0;0;1;0;6;0;0;0;0;0;0;
1564;Baellaed ooff Resturaeshun;Ballade der Wiederherstellung;Chunt. (10 secunds.) Paerty members in iaershut gaeeen 15..75 Heaelt zee next teeme-a zeey taeke-a daemaege-a.;3;39;13;9;0;10;1;10;0;0;0;0;0;0;0;
1565;Churoos ooff Resturaeshun;Chor der Wiederherstellung;Chunt. (10 secunds.) Aelleees in iaershut aere-a heaeled fur 30..90 veet zeeur next shuoot oor chunt.;3;39;13;9;0;0;1;5;4;0;0;0;0;0;0;
1566;Aereea ooff Resturaeshun;Arie der Wiederherstellung;Chunt. (10 secunds.) Paerty members in iaershut gaeeen 30..90 Heaelt veet zeeur next spell.;3;39;13;9;0;10;1;10;0;0;0;0;0;0;0;
1567;Sung ooff Cuncentraeshun;Lied der Konzentration;Chunt. (10 secunds.) Aelleees in iaershut aere-a uneenterroopteeble-a veet zeeur next skeell.;3;-1;13;9;0;0;2;5;8;0;0;0;0;0;0;
1568;Unzeem ooff Gooeedunce-a;Hymne der Führung;Ileete-a Chunt. (10 secunds.) Paerty members in iaershut aere-a unbluckaeble-a veet zeeur next aettaeck skeell.;3;38;13;9;0;0;1;0;2;0;1;0;0;0;0;
1569;Inergeezeeng Churoos;Energie bringender Chor;Chunt. (10 secunds.) Zee next shuoot oor chunt custs 3..7 less Inergy fur aelleees in iaershut. Bork! Bork! Bork!;3;39;13;9;0;0;1;0;3;0;0;0;0;0;0;
1570;Sung ooff Pooreeffeecaeshun;Lied der Läuterung;Ileete-a Chunt. (20 secunds.) Aelleees in iaershut luse-a oone-a cundeeshun veet zeeur next 1..6 skeells.;3;39;13;9;0;0;2;0;3;0;1;0;0;0;0;
1571;Hexbreaeker Aereea;Verhexungsbrech-Arie;Chunt. (10 secunds.) Aelleees in iaershut luse-a oone-a hex veet zeeur next spell.;3;-1;13;9;0;0;2;0;8;0;0;0;0;0;0;
1572;"Braece-a Yuoorselff!";"Seid vorbereitet!";Shuoot. (5..15 secunds.) Prefents zee next knuck-doon und deaels 15..75 daemaege-a tu aell fues neaer taerget aelly. Cunnut selff-taerget.;3;38;20;9;0;5;0;4;0;0;0;0;0;0;0;
1573;Aeve-a;Ehrfurcht;Skeell. Inffleects Daezed cundeeshun (5..15 secunds). Nu iffffect unless taerget is knucked-doon.;3;40;1;9;0;10;.75;10;0;0;0;0;0;0;0;
1574;Indooreeng Haermuny;Dauerhafte Harmonie;Ichu. (10..35 secunds.) Chunts und shuoots laest 50% lunger oon taerget aelly. Cunnut taerget spureets.;3;40;14;9;0;5;1;10;0;0;0;0;0;0;0;
1575;Blaezeeng Feenaele-a;Loderndes Finale;Ichu. (10..35 secunds.) Inffleects Boorneeng cundeeshun (1..7 secunds) tu aedjaecent fues vhenefer a chunt oor shuoot inds oon taerget aelly. Cunnut taerget spureets.;3;40;14;9;0;5;1;8;0;0;0;0;0;0;0;
1576;Boorneeng Reffraeeen;Brennender Refrain;Ichu. (20 secunds.) Inffleects Boorneeng cundeeshun (1..3 secunds) iff taerget aelly heets a fue-a veet mure-a Heaelt. Renooael: Vhenefer a chunt oor shuoot inds oon thaet aelly. Cunnut taerget spureets.;3;40;14;9;0;10;1;10;0;0;0;0;0;0;0;
1577;Feenaele-a ooff Resturaeshun;Finale der Wiederherstellung;Ichu. (10..35 secunds.) Taerget aelly gaeeens 15..75 Heaelt vhenefer a shuoot oor chunt inds oon thaet aelly. Cunnut taerget spureets.;3;39;14;9;0;5;1;10;0;0;0;0;0;0;0;
1578;Mendeeng Reffraeeen;Genesungsrefrain;Ichu. (15 secunds.) Taerget aelly haes +2..3 Heaelt regeneraeshun. Renooael: Vhenefer a chunt oor shuoot inds oon thaet aelly. Cunnut taerget spureets.;3;39;14;9;0;10;1;8;0;0;0;0;0;0;0;
1579;Pooreeffyeeng Feenaele-a;Reinigendes Finale;Ichu. (10..35 secunds.) Taerget aelly luses oone-a cundeeshun vhenefer a chunt oor shuoot inds oon thaet aelly. Cunnut taerget spureets.;3;39;14;9;0;5;.25;5;0;0;0;0;0;0;0;
1580;Blaedetoorn Reffraeeen;Klingenumkehr-Refrain;Ichu. (20 secunds.) Taerget aelly haes a 5..20% chunce-a tu bluck. Renooael: Vhenefer a chunt oor shuoot inds oon thaet aelly. Cunnut taerget spureets.;3;38;14;9;0;5;1;8;0;0;0;0;0;0;0;
1581;Glooeeng Seegnet;Glühendes Siegel;Seegnet. Yuoo gaeeen 5..15 Inergy iff taerget fue-a is Boorneeng.;3;40;21;9;0;0;.25;15;0;0;0;0;0;0;0;
1583;Leaeder's Zeael;Eifer des Anführers;Skeell. Yuoo gaeeen 2..4 Inergy (maexeemoom 8..12 Inergy) fur iaech neaerby aelly.;3;39;1;9;0;5;0;12;0;0;0;0;0;0;0;
1584;Leaeder's Cumffurt;Trost des Anführers;Skeell. Yuoo gaeeen 30..75 Heaelt. Yuoo aelsu gaeeen 10..20 Heaelt (maexeemoom 140) fur iaech aelly in iaershut.;3;40;1;9;0;5;2;8;0;0;0;0;0;0;0;
1585;Seegnet ooff Synergy;Siegel der Synergie;Seegnet. Heael taerget aelly fur 40..100. Yuoo aere-a aelsu heaeled fur 40..100 iff yuoo aere-a nut inchunted. Cunnut selff-taerget.;3;39;21;9;0;0;1;10;0;0;0;0;0;0;0;
1586;Ungeleec Prutecshun;Engelsschutz;Skeell. (10 secunds.) Iaech secund thaet taerget aelly taekes daemaege-a oofer 250..80, thaet aelly is heaeled fur uny daemaege-a oofer thaet aemuoont. Cunnut selff taerget.;3;40;1;9;0;5;0;30;0;0;0;0;0;0;0;
1587;Ungeleec Bund;Engelsbindung;Ileete-a Skeell. (10 secunds.) Zee next teeme-a un aelly veetheen iaershut vuoold taeke-a faetael daemaege-a, thaet daemaege-a is negaeted und thaet aelly is heaeled fur 20..200. Inds oon aell oozeer aelleees.;3;40;1;9;0;5;1;15;0;0;1;0;0;0;0;
1588;Cootery Seegnet;Siegel der Verätzung;Ileete-a Seegnet. Aell paerty members luse-a aell cundeeshuns. Yuoo begeen Boorneeng (oone-a secund fur iaech cundeeshun remufed).;3;-1;21;9;0;0;2;15;0;0;1;0;0;0;0;
1589;"Stund Yuoor Gruoond!";"Haltet Eure Stellung!";Shuoot. (5..20 secunds.) Paerty members in iaershut gaeeen +24 aermur vhee nut mufeeng.;3;38;20;9;0;10;0;20;0;0;0;0;0;0;0;
1590;"Leaed zee Vaey!";"Geht voran!";Shuoot. Taerget aelly mufes 25% faester fur 1..5 secunds (maexeemoom ooff 30 secunds) fur iaech aelly in iaershut.;3;40;20;9;0;5;0;8;0;0;0;0;0;0;0;
1591;"Maeke-a Haeste-a!";"Beeilt Euch!";Shuoot. (5..20 secunds.) Taerget aelly mufes 33% faester. Inds iff taerget aelly heets veet un aettaeck. Cunnut selff-taerget.;3;38;20;9;0;5;0;10;0;0;0;0;0;0;0;
1592;"Ve-a Shaell Retoorn!";"Wir kommen wieder!";Shuoot. Aell paerty members in iaershut aere-a resoorrected (25..50% Heaelt und 5..20% Inergy).;3;38;20;9;0;25;0;30;0;0;0;0;0;0;0;
1593;"Nefer Geefe-a Up!";"Gebt nicht auf!";Shuoot. Aelleees in iaershut gaeeen 1..10 Inergy. Oonly aeffffects aelleees beloo 75% Heaelt.;3;38;20;9;0;5;0;15;0;0;0;0;0;0;0;
1594;"Help!";"Hilfe!";Shuoot. (1..10 secunds.) Taerget nun-spureet aelly gaeeens 15..90 heaelt, aelleeed spells taergeteeng zeem caest 50% faester.;3;38;20;9;0;5;0;10;0;0;0;0;0;0;0;
1595;"Faell Baeck!";"Zieht Euch zurück!";Shuoot. (4..10 secunds.) Aelleees in iaershut gaeeen 5..15 Heaelt per secund vheele-a mufeeng und mufe-a 33% faester. Inds fur un aelly iff thaet aelly heets veet un aettaeck.;3;38;20;9;0;10;0;20;0;0;0;0;0;0;0;
1596;"Incumeeng!";"Schon unterwegs!";Ileete-a Shuoot. (4..10 secunds.) Aelleees in iaershut mufe-a 33% faester und gaeeen 5..15 Heaelt per secund vheele-a mufeeng.;3;38;20;9;0;5;0;20;0;0;1;0;0;0;0;
1597;"Zeey're-a oon Fure-a!";"Sie brennen!";Shuoot. (10 secunds.) Paerty members in iaershut taeke-a 5..35% less daemaege-a frum Boorneeng fues.;3;40;20;9;0;10;0;10;0;0;0;0;0;0;0;
1598;"Nefer Soorrender!";"Ergebt Euch nicht!";Shuoot. (15 secunds.) Paerty members in iaershut gaeeen +1..5 Heaelt regeneraeshun. Oonly aeffffects paerty members beloo 75% Heaelt.;3;38;20;9;0;5;0;15;0;0;0;0;0;0;0;
1599;"It's Joost a Flesh Vuoond.";Es ist nur eine Fleischwunde.;Ileete-a Shuoot. Remufe-a aell cundeeshuns frum taerget aelly. Thaet aelly mufes 25% faester (1..10 secunds) iff a cundeeshun vaes remufed. Cunnut selff-taerget.;3;39;20;9;0;5;0;2;0;0;1;0;0;0;0;
1600;Baerbed Speaer;Stachelspeer;Speaer Aettaeck. Inffleects Bleedeeng cundeeshun (5..20 secunds).;3;37;12;9;0;0;0;0;2;0;0;0;0;0;0;
1601;Feeceeuoos Aettaeck;Bösartiger Angriff;Speaer Aettaeck. Deaels +5..20 daemaege-a. Inffleects Deep Vuoond cundeeshun (5..15 secunds) veet a creeteecael heet.;3;37;12;9;0;5;0;8;0;0;0;0;0;0;0;
1602;Stoonneeng Streeke-a;Betäubender Schlag;Ileete-a Speaer Aettaeck. Deaels +10..50 daemaege-a. Inffleects Daezed cundeeshun (4..10 secunds) iff taerget haes a cundeeshun.;3;37;12;9;0;0;0;0;8;0;1;0;0;0;0;
1603;Merceeless Speaer;Unbarmherziger Speer;Speaer Aettaeck. Inffleects Deep Vuoond cundeeshun (5..20 secunds). Nu iffffect unless taerget haes less thun 50% Heaelt.;3;37;12;9;0;0;0;0;6;0;0;0;0;0;0;
1604;Deesroopteeng Throo;Unterbrechender Wurf;Speaer Aettaeck. Interroopts aecshuns. Nu iffffect unless taerget haes a cundeeshun.;3;37;12;9;0;5;.5;10;0;0;0;0;0;0;0;
1605;Veeld Throo;Wilder Wurf;Speaer Aettaeck. Deaels +5..20 daemaege-a. Unbluckaeble-a. Inds taerget's stunce-a.Deesaebles yuoor nun-speaer aettaeck skeells fur 3 secunds.;3;37;12;9;0;0;0;0;7;0;0;0;0;0;0;
1633;Maeleeceeuoos Streeke-a;Böswilliger Stoß;Melee-a Aettaeck. Iff taerget fue-a haes a cundeeshun, thees aettaeck deaels +10..30 daemaege-a und is a creeteecael heet.;3;35;3;7;0;5;0;6;0;0;0;0;0;0;0;
1634;Shaettereeng Aessoolt;Vernichtender Angriff;Ileete-a Dooael Aettaeck. Deaels 5..50 daemaege-a. Remufes oone-a inchuntment. Unbluckaeble-a. Moost fulloo un ooffff-hund aettaeck.;3;35;7;7;0;10;0;6;0;0;1;0;0;0;0;
1635;Guldee Skooll Streeke-a;Goldener Schädel-Stoß;Ileete-a Ooffff-Hund Aettaeck. Inffleects Daezed cundeeshun (1..12 secunds). Nu iffffect unless yuoo aere-a inchunted.;3;29;6;7;0;10;0;15;0;0;1;0;0;0;0;
1636;Blaeck Speeder Streeke-a;Schwarzer Spinnen-Stoß;Ooffff-Hund Aettaeck. Deaels +5..20 daemaege-a. Inffleects Pueesuned cundeeshun (5..20 secunds). Moost streeke-a a hexed fue-a.;3;29;6;7;0;5;0;8;0;0;0;0;0;0;0;
1637;Guldee Fux Streeke-a;Goldener Fuchs-Stoß;Leaed Aettaeck. Deaels +10..30 daemaege-a. Unbluckaeble-a iff yuoo aere-a inchunted.;3;29;5;7;0;5;0;4;0;0;0;0;0;0;0;
1638;Deaedly Haeste-a;Tödliche Eile;Inchuntment Spell. (10..35 secunds.) Yuoor haelff-runged spells caest 5..50% faester und rechaerge-a 5..60% faester.;3;35;23;7;0;5;1;20;0;0;0;0;0;0;0;
1639;Aessaesseen's Remedy;Mittel des Assassinen;Inchuntment Spell. (30 secunds.) Yuoor next 1..10 aettaeck skeells iaech remufe-a oone-a cundeeshun.;3;35;23;7;0;5;1;20;0;0;0;0;0;0;0;
1640;Fux's Prumeese-a;Versprechen des Fuchses;Ileete-a Inchuntment Spell. (5..20 secunds.) Yuoor daegger aettaecks aere-a unbluckaeble-a. Inds zee next teeme-a yuoo faeeel tu heet.;3;29;23;7;0;10;1;20;0;0;1;0;0;0;0;
1641;Feeegned Neootraeleety;Vorgetäuschte Neutralität;Inchuntment Spell. (4..10 secunds.) Yuoo haefe-a +7 Heaelt regeneraeshun und +80 aermur. Inds iff yuoo heet veet un aettaeck oor use-a a skeell.;3;31;23;7;0;5;.25;25;0;0;0;0;0;0;0;
1642;Heeddee Caeltrups;Versteckte Trittnägel;Ileete-a Hex Spell. (1..10 secunds.) Cooses 50% slooer mufement. Ind iffffect: inffleects Creeppled cundeeshun (1..15 secunds). Yuoor nun-Aessaesseen skeells aere-a deesaebled (3 secunds).;3;31;24;7;0;5;1;12;0;0;1;0;0;0;0;
1643;Aessoolt Inchuntments;Verzauberungen angreifen;Ileete-a Skeell. Remufes aell inchuntments. Moost fulloo a dooael aettaeck.;3;-1;1;7;0;5;.25;8;0;0;1;0;0;0;0;
1644;Vaestrel's Cullaepse-a;Verfall des Verschwenders;Ileete-a Skeell. Shaedoo Step tu taerget fue-a. Cooses knuck-doon iff taerget fue-a is nut useeng a skeell. Deesaebles yuoor nun-daegger aettaeck skeells (10 secunds).;3;-1;1;7;0;5;.25;20;0;0;1;0;0;0;0;
1645;Leefft Inchuntment;Verzauberung lösen;Tuooch Skeell. Remufes oone-a inchuntment.Nu iffffect unless taerget fue-a is knucked-doon.;3;-1;1;7;0;5;.25;10;0;0;0;0;0;0;0;
1646;Oogoory ooff Deaet;Todesomen;Haelff Runge-a Hex Spell. (5..35 secunds.) Inffleect Deep Vuoond cundeeshun (5..20 secunds) und Shaedoo Step tu taerget fue-a zee next teeme-a daemaege-a vuoold drup thees fue-a's Heaelt beloo 50%. Bork! Bork! Bork!;3;30;24;7;0;5;1;20;0;0;0;0;0;0;0;
1647;Seegnet ooff Tuxeec Shuck;Siegel des toxischen Schocks;Seegnet. Deaels 10..100 daemaege-a. Nu iffffect unless taerget fue-a is Pueesuned.;3;30;21;7;0;0;1;15;0;0;0;0;0;0;0;
1648;Seegnet ooff Tveeleeght;Siegel des Zwielichts;Seegnet. Remufes oone-a inchuntment fur iaech hex oon taerget fue-a.;3;-1;21;7;0;0;1;20;0;0;0;0;0;0;0;
1649;Vaey ooff zee Aessaesseen;Weg des Assassinen;Ileete-a Stunce-a. (20 secunds.) Vheele-a veeeldeeng daeggers, yuoo aettaeck 5..20% faester und haefe-a +5..35% chunce-a tu lund a creeteecael heet.;3;35;29;7;0;5;0;12;0;0;1;0;0;0;0;
1650;Shaedoo Vaelk;Schattenmarsch;Stunce-a. (15 secunds.) Shaedoo Step tu taerget fue-a. Ind iffffect: retoorn tu yuoor ooreegeenael lucaeshun. Deesaebles yuoor aettaeck skeells fur 1 secund. Deesaebles yuoor inchuntments und stunces fur 10 secunds.;3;-1;29;7;0;5;0;30;0;0;0;0;0;0;0;
1651;Deaet's Retreaet;Rückzug des Todes;Spell. Gaeeen 40..130 Heaelt iff yuoo haefe-a less Heaelt thun taerget aelly. Ineeteeael iffffect: Shaedoo Step tu thees aelly. Cunnut selff-taerget.;3;31;22;7;0;5;.25;20;0;0;0;0;0;0;0;
1652;Shaedoo Preesun;Schattengefängnis;Ileete-a Hex Spell. Shaedoo Step tu taerget fue-a. Thees fue-a mufes 66% slooer (1..7 secunds).;3;30;24;7;0;5;.25;15;0;0;1;0;0;0;0;
1653;Svaep;Tauschen;Spell. Yuoo und taerget soommuned creaetoore-a Shaedoo Step tu iaech oozeer's lucaeshuns.;3;-1;22;7;0;5;.25;10;0;0;0;0;0;0;0;
1654;Shaedoo Meld;Schattenverschmelzung;Ileete-a Inchuntment Spell. Shaedoo Step tu taerget aelly. Ind iffffect: retoorn tu yuoor ooreegeenael lucaeshun. Cunnut selff-taerget.;3;-1;23;7;-1;5;.25;10;0;0;1;0;0;0;0;
1655;Preece-a ooff Preede-a;Preis des Stolzes;Hex Spell. (5 secunds.) Cooses 3..15 Inergy luss zee next teeme-a taerget fue-a uses un ileete-a skeell.;3;2;24;5;0;5;1;8;0;0;0;0;0;0;0;
1656;Aeur ooff Deesenchuntment;Flair der Entzauberung;Ileete-a Hex Spell. Aelsu hexes fues neaer yuoor taerget (5..20 secunds). Remufe-a oone-a inchuntment frum taerget und neaerby fues. Inchuntments ixpure-a 150..300% faester oon thuse-a fues.;3;1;24;5;0;10;1;10;0;0;1;0;0;0;0;
1657;Seegnet ooff Cloomseeness;Siegel der Unbeholfenheit;Seegnet. Interroopts un aettaeck fur taerget fue-a und aell aedjaecent fues. Interroopshun iffffect: deaels 15..60 daemaege-a. knucks doon fues useeng aettaeck skeells.;3;1;21;5;0;0;.25;8;0;0;0;0;0;0;0;
1658;Symbuleec Pustoore-a;Symbolische Haltung;Stunce-a. (5..20 secunds.) Yuoor next seegnet rechaerges 20..80% faester.;3;0;29;5;0;10;0;20;0;0;0;0;0;0;0;
1659;Tuxeec Cheell;Toxische Kälte;Ileete-a Spell. Deaels 15..75 culd daemaege-a. Inffleects Pueesuned cundeeshun (10..25 secunds) iff taerget fue-a is hexed oor inchunted.;3;5;22;4;0;5;1;5;0;0;1;0;0;0;0;
1660;Vell ooff Seelence-a;Brunnen der Stille;Vell Spell. (10..30 secunds.) Fues in thees vell cunnut use-a shuoots und chunts und haefe-a -1..4 Heaelt degeneraeshun. Ixplueets a fresh curpse-a oor saecreeffeeces 66% heaelt.;3;7;28;4;0;10;1;20;0;0;0;0;0;0;0;
1661;Gloostune-a;Leuchtstein;Spell. Prujecteele-a: deaels 5..50 iaert daemaege-a. Yuoo gaeeen 5 Inergy ploos 1 Inergy fur ifery 2 runks ooff Inergy Sturaege-a iff taerget fue-a is Veaekened.;3;9;22;6;0;5;.75;7;0;0;0;0;0;0;0;
1662;Meend Blaest;Geistige Explosion;Ileete-a Spell. Deaels 15..60 fure-a daemaege-a. Yuoo gaeeen 1..8 Inergy iff yuoo haefe-a mure-a Inergy thun taerget fue-a.;3;10;22;6;0;5;1;2;0;0;1;0;0;0;0;
1663;Ilementael Flaeme-a;Elementare Flamme;Inchuntment Spell. (10..35 secunds.) Inffleects Boorneeng cundeeshun (1..5 secunds) vhenefer yuoo aepply un Ilementael hex tu a taerget.;3;10;23;6;0;10;1;30;0;0;0;0;0;0;0;
1664;Infuke-a Leeghtneeng;Blitz herbeirufen;Ileete-a Spell. Deaels 10..90 leeghtneeng daemaege-a. Heets tvu fues neaer taerget. 25% aermur penetraeshun.;3;8;22;6;0;10;1;6;0;0;1;0;5;0;0;
1683;Penseefe-a Gooaerdeeun;Nachdenklicher Wächter;Inchuntment Spell. (5..11 secunds.) 50% chunce-a tu bluck inchunted fues.;3;15;23;3;0;5;1;5;0;0;0;0;0;0;0;
1684;Screebe-a's Inseeght;Einblick des Schreibers;Ileete-a Inchuntment Spell. (10..35 secunds.) Yuoo gaeeen 3 Inergy vhenefer yuoo use-a a seegnet.;3;16;23;3;0;5;.25;20;0;0;1;0;0;0;0;
1685;Huly Haeste-a;Heilige Eile;Inchuntment Spell. (1..60 secunds.) Yuoor Heaeleeng Praeyers spells caest 50% faester. Inds iff yuoo caest un inchuntment.;3;16;23;3;0;5;1;10;0;0;0;0;0;0;0;
1686;Gleemmer ooff Leeght;Lichtschimmer;Ileete-a Spell. Heaels fur 10..115.;3;13;22;3;0;5;.25;1;0;0;1;0;0;0;0;
1687;Zeaeluoos Benedeecshun;Eifrige Segnung;Ileete-a Spell. Heaels fur 30..180. Yuoo gaeeen 7 Inergy iff taerget aelly vaes beloo 50% Heaelt.;3;15;22;3;0;10;.75;4;0;0;1;0;0;0;0;
1688;Deffender's Zeael;Eifer des Verteidigers;Ileete-a Hex Spell. (10..30 secunds.) Yuoo gaeeen 2 Inergy vhenefer taerget fue-a heets veet un aettaeck.;3;14;24;3;0;5;1;5;0;0;1;0;0;0;0;
1689;Seegnet ooff Mysteec Vraet;Siegel des mystischen Zorns;Seegnet. Deaels 25 huly daemaege-a fur iaech inchuntment oon yuoo (maexeemoom 30..120 huly daemaege-a).;3;14;21;3;0;0;2;20;0;0;0;0;0;0;0;
1690;Seegnet ooff Remufael;Siegel der Entfernung;Ileete-a Seegnet. Remufes oone-a hex und oone-a cundeeshun. Nu iffffect unless taerget aelly is inchunted.;3;-1;21;3;0;0;.25;5;0;0;1;0;0;0;0;
1691;Deesmeess Cundeeshun;Zustand aufheben;Spell. Remufes oone-a cundeeshun. Heaels fur 15..75 iff taerget aelly is inchunted.;3;15;22;3;0;5;.75;3;0;0;0;0;0;0;0;
1692;Deefert Hexes;Verhexungen umleiten;Ileete-a Spell. Remufes 1..3 hexes. Fur iaech hex remufed, taerget aelly luses oone-a cundeeshun und gaeeens 15..75 Heaelt.;3;15;22;3;0;5;.75;8;0;0;1;0;0;0;0;
1693;Cuoonteraettaeck;Gegenangriff;Melee-a Aettaeck. Deaels +5..35 daemaege-a. Yuoo gaeeen 2..6 Inergy iff taerget fue-a is aettaeckeeng.;3;17;3;1;0;5;0;6;0;0;0;0;0;0;0;
1694;Maegehoonter Streeke-a;Magierschlag;Ileete-a Melee-a Aettaeck. Deaels +7..25 daemaege-a. Unbluckaeble-a iff taerget fue-a is inchunted.;3;17;3;1;0;5;.5;3;0;0;1;0;0;0;0;
1695;Suldeeer's Streeke-a;Soldatenstoß;Melee-a Aettaeck. Deaels +10..40 daemaege-a. Unbluckaeble-a iff yuoo aere-a under zee iffffects ooff a chunt oor shuoot. Bork! Bork! Bork!;3;21;3;1;0;5;0;4;0;0;0;0;0;0;0;
1696;Decaepeetaete-a;Köpfen;Ileete-a Aexe-a Aettaeck. Deaels +5..80 daemaege-a. Inffleects Deep Vuoond cundeeshun (5..20 secunds). Ootumaeteec creeteecael heet. Iff fue-a is keelled, neaerby fues aere-a Veaekened (8 secunds). Yuoo luse-a aell aedrenaeleene-a und Inergy.;3;18;4;1;0;0;0;0;7;0;1;0;0;0;0;
1697;Maegehoonter's Smaesh;Magiejägerschmetterer;Ileete-a Haemmer Aettaeck. Cooses knuck-doon. Unbluckaeble-a iff taerget fue-a is inchunted.;3;19;8;1;0;0;0;0;8;0;1;0;0;0;0;
1698;Suldeeer's Stunce-a;Soldaten-Haltung;Ileete-a Stunce-a. (5..15 secunds.) Yuoo haefe-a a 75% chunce-a tu bluck. Yuoo aettaeck 33% faester vheele-a under zee iffffects ooff a shuoot oor chunt.;3;21;29;1;0;5;0;15;0;0;1;0;0;0;0;
1699;Suldeeer's Deffense-a;Soldaten-Verteidigung;Stunce-a. (1..6 secunds.) Yuoo haefe-a 75% chunce-a tu bluck vheele-a under zee iffffects ooff a shuoot oor chunt. Bluck iffffect: gaeeen 1 aedrenaeleene-a.;3;21;29;1;0;5;0;15;0;0;0;0;0;0;0;
1700;Frenzeeed Deffense-a;Fieberhafte Verteidigung;Stunce-a. (8 secunds.) Yuoo haefe-a 75% chunce-a tu bluck. Yuoo taeke-a duooble-a daemaege-a.;3;-1;29;1;0;5;0;10;0;0;0;0;0;0;0;
1701;Steaedy Stunce-a;Ruhige Haltung;Ileete-a Stunce-a. (10 secunds.) Zee next teeme-a yuoo vuoold be-a knucked-doon, yuoo gaeeen 1..4 aedrenaeleene-a und 1..7 Inergy insteaed. Bork! Bork! Bork!;3;21;29;1;0;5;0;4;0;0;1;0;0;0;0;
1702;Steelffung Slaesh;Hieb des stählernen Fangzahns;Svurd Aettaeck. Deaels +1..31 daemaege-a. Yuoo gaeeen 1..5 aedrenaeleene-a iff taerget fue-a is knucked-doon.;3;20;10;1;0;0;0;1;7;0;0;0;0;0;0;
1719;Screaemeeng Shut;Schreischuss;Boo Aettaeck. Deaels +10..25 daemaege-a. Inffleects Bleedeeng cundeeshun (5..20 secunds) iff taerget fue-a is veetheen iaershut.;3;25;2;2;0;10;0;8;0;0;0;0;0;0;0;
1720;Keee Aerroo;Scharfer Pfeil;Boo Aettaeck. Deaels +5..20 daemaege-a. Deaels +5..25 mure-a daemaege-a iff yuoo lund a creeteecael heet.;3;25;2;2;0;5;0;6;0;0;0;0;0;0;0;
1721;Raempaege-a aes Oone-a;Gemeinsam toben;Ileete-a Skeell. (3..15 secunds.) Yuoo und yuoor pet aettaeck 33% faester und mufe-a 25% faester. Nu iffffect unless yuoor pet is aeleefe-a.;3;22;1;2;0;25;0;10;0;0;1;0;0;0;0;
1722;Furked Aerroo;Gegabelter Pfeil;Boo Aettaeck. Yuoo shuut tvu aerroos seemooltuneuoosly. Shuut oonly oone-a aerroo iff yuoo aere-a inchunted oor hexed.;3;-1;2;2;0;10;0;5;0;0;0;0;0;0;0;
1723;Deesroopteeng Aeccooraecy;Unterbrechende Genauigkeit;Prepaeraeshun. (36 secunds.) Interroopts un aecshun vhenefer yuoor aerroos creeteecael.;3;25;17;2;0;5;2;12;0;0;0;0;0;0;0;
1724;Ixpert's Dextereety;Gewandtheit des Profis;Ileete-a Stunce-a. (1..20 secunds.) Yuoo aettaeck 33% faester und yuoo gaeeen +2 tu yuoor Maerksmunsheep aettreeboote-a.;3;23;29;2;0;5;0;20;0;0;1;0;0;0;0;
1725;Ruaereeng Veends;Tosender Wind;Naetoore-a Reetooael. Creaetes a lefel 1..10 spureet (30..180 secund leeffespun). Chunts und shuoots cust 1..5 mure-a Inergy fur creaetoores in runge-a.;3;24;19;2;0;10;2;60;0;0;0;0;0;0;0;
1726;Maegebune-a Shut;Verderben des Magiers-Schuss;Ileete-a Boo Aettaeck. Interroopts un aecshun. Interroopshun iffffect: un interroopted spell is deesaebled fur +10 secunds. Unbluckaeble-a.;3;-1;2;2;0;10;.5;5;0;0;1;0;0;0;0;
1727;Naetoorael Streede-a;Natürlicher Schwung;Stunce-a. (1..8 secunds.) Yuoo mufe-a 33% faester und haefe-a 50% chunce-a tu bluck. Inds iff yuoo becume-a hexed oor inchunted.;3;24;29;2;0;5;0;12;0;0;0;0;0;0;0;
1728;Heket's Raempaege-a;Heket-Toben;Stunce-a. (5..11 secunds.) Yuoo aettaeck 33% faester. Inds iff yuoo use-a un aettaeck skeell.;3;22;29;2;0;5;0;10;0;0;0;0;0;0;0;
1729;Smuke-a Traep;Rauchfalle;Ileete-a Traep. (90 secunds.) Inffleects Bleended und Daezed cundeeshuns (5..10 secunds) tu fues in zee aerea. Iaeseely interroopted.;3;24;30;2;0;10;2;15;0;0;1;0;0;0;0;
1730;Inffooreeaeteeng Heaet;Irritierende Hitze;Ileete-a Naetoore-a Reetooael. Creaetes a lefel 1..10 spureet (30..120 secund leeffespun). Duoobles aedrenaeleene-a gaeeen fur creaetoores in runge-a.;3;23;19;2;0;5;2;15;0;0;1;0;0;0;0;
1731;Fucael Vaes Sugulun;Lautstark war Sogolon;Item Spell. (60 secunds.) Shuoots und chunts yuoo use-a laest 20..50% lunger.;3;33;25;8;0;10;1;30;0;0;0;0;0;0;0;
1732;Destroocteefe-a Vaes Glaeeefe-a;Vernichtend war Glaive;Ileete-a Item Spell. (30..60 secunds.) Yuoor Reetooaeleest skeells haefe-a 20% aermur penetraeshun. Drup iffffect: deaels 15..85 leeghtneeng daemaege-a tu aell fues in zee aerea.;3;34;25;8;0;5;.75;5;0;0;1;0;0;0;0;
1733;Veeelder's Streeke-a;Stoß des Ausübers;Spell. Deaels 10..60 leeghtneeng daemaege-a. Deaels 10..50 mure-a leeghtneeng daemaege-a iff yuoo aere-a under a veaepun spell.;3;34;22;8;0;5;1;6;0;0;0;0;0;0;0;
1734;Gaeze-a ooff Foory;Wütendes Starren;Beendeeng Reetooael. Destruys a spureet. Creaetes a lefel 1..14 spureet (30..60 secund leeffespun). Its aettaecks deael 5..20 daemaege-a.;3;34;18;8;0;10;.75;20;0;0;0;0;0;0;0;
1736;Spureet's Strengt;Geistesstärke;Ileete-a Inchuntment Spell. (15..60 secunds.) Yuoor aettaecks deael +5..35 daemaege-a iff yuoo aere-a under a veaepun spell.;3;36;23;8;0;5;1;20;0;0;1;0;0;0;0;
1737;Veeelder's Zeael;Eifer des Ausübers;Ileete-a Inchuntment Spell. (10..40 secunds.) Yuoo gaeeen 1..5 Inergy vhenefer yuoo caest a veaepun spell.;3;36;23;8;0;5;1;10;0;0;1;0;0;0;0;
1738;Seeght Beyund Seeght;Sicht jenseits der Sicht;Inchuntment Spell. (8..20 secunds.) Yuoo aere-a immoone-a tu Bleendness.;3;36;23;8;0;5;.25;15;0;0;0;0;0;0;0;
1739;Renooeeng Memureees;Erneuernde Erinnerungen;Inchuntment Spell. (5..20 secunds.) Yuoor veaepun und item spells cust 5..35% less Inergy. Nu iffffect unless huldeeng un item.;3;36;23;8;0;5;1;20;0;0;0;0;0;0;0;
1740;Veeelder's Remedy;Mittel des Ausübers;Inchuntment Spell. (10..30 secunds.) Vhenefer yuoo caest a veaepun spell, zee taergeted aelly luses tvu cundeeshuns.;3;36;23;8;0;3;1;10;0;0;0;0;0;0;0;
1741;Ghustmurrur Leeght;Geisterspiegel-Licht;Spell. Heaels fur 15..90. Yuoo gaeeen 15..90 Heaelt iff yuoo aere-a veetheen iaershut ooff a spureet. Cunnut selff-taerget.;3;33;22;8;0;5;1;3;0;0;0;0;0;0;0;
1742;Seegnet ooff Ghustly Meeght;Siegel der Macht der Geister;Ileete-a Seegnet. (5..20 secunds.) Aell spureets yuoo cuntrul veetheen iaershut aettaeck 33% faester und deael +5..10 daemaege-a.;3;32;21;8;0;0;1;15;0;0;1;0;0;0;0;
1743;Seegnet ooff Beendeeng;Siegel der Bindung;Seegnet. Yuoo luse-a 200..50 Heaelt. Gaeeen cuntrul ooff taerget inemy-cuntrulled spureet. 50% faeeeloore-a chunce-a unless Spaevneeng Pooer 5 oor mure-a.;3;36;21;8;0;0;2;15;0;0;0;0;0;0;0;
1744;Caeretaeker's Chaerge-a;Angriff des Verwalters;Ileete-a Spell. Deaels 20..85 leeghtneeng daemaege-a. Yuoo gaeeen 7 Inergy und 5..50 Heaelt iff yuoo aere-a huldeeng un item. Bork! Bork! Bork!;3;34;22;8;0;5;1;4;0;0;1;0;0;0;0;
1745;Ungooeesh;Qual;Beendeeng Reetooael. Creaetes a lefel 1..11 spureet (15..45 secund leeffespun). Its aettaecks deael 5..20 daemaege-a. Duooble-a daemaege-a tu hexed fues.;3;32;18;8;0;15;.75;45;0;0;0;0;0;0;0;
1747;Impooerment;Ermächtigung;Beendeeng Reetooael. Creaetes a lefel 1..14 spureet (15..60 secund leeffespun). Aelleees in runge-a huldeeng un item gaeeen 15..45 maexeemoom Heaelt und 10 maexeemoom Inergy.;3;36;18;8;0;5;.75;30;0;0;0;0;0;0;0;
1748;Recufery;Gesundung;Beendeeng Reetooael. Creaetes a lefel 1..14 spureet (30..60 secund leeffespun). Cundeeshuns oon aelleees in runge-a ixpure-a 20..50% faester.;3;33;18;8;0;15;.75;30;0;0;0;0;0;0;0;
1749;Veaepun ooff Foory;Waffe der Wut;Ileete-a Veaepun Spell. (5..20 secunds.) 100% mure-a aedrenaeleene-a gaeeen und +1 Inergy vhenefer taerget aelly heets veet un aettaeck.;3;34;27;8;0;5;1;8;0;0;1;0;0;0;0;
1750;Xeenraee-a's Veaepun;Xinraes Waffe;Ileete-a Veaepun Spell. (8 secunds.) Zee next teeme-a taerget aelly taekes daemaege-a frum a fue-a, thaet daemaege-a is leemeeted tu 5% ooff taerget aelly's maex Heaelt und thaet aelly steaels up tu 20..80 Heaelt frum thaet fue-a.;3;33;27;8;0;5;.25;3;0;0;1;0;0;0;0;
1751;Vaermunger's Veaepun;Waffe des Kriegshetzers;Veaepun Spell. (3..13 secunds.) Aettaecks interroopt un aecshun. Dues nut interroopt aettaeckeeng fues.;3;34;27;8;0;10;1;30;0;0;0;0;0;0;0;
1752;Veaepun ooff Remedy;Waffe der Behebung;Ileete-a Veaepun Spell. (8 secunds.) Zee next teeme-a taerget aelly taekes daemaege-a oor leeffe-a steael frum a fue-a, thees aelly steaels 20..80 Heaelt frum thaet fue-a und luses 2 cundeeshuns.;3;33;27;8;0;3;.25;3;0;0;1;0;0;0;0;
1753;Rendeeng Sveep;Zerreißender Schwung;Scyzee Aettaeck. Deaels +5..20 daemaege-a. Yuoo luse-a 1 Derfeesh inchuntment. Remufael Iffffect: stroock fues luse-a un inchuntment.;3;41;9;10;0;0;0;0;6;0;0;0;0;0;0;
1754;Oonslooght;Attacke;Ileete-a Flaesh Inchuntment Spell. (3..15 secunds.) Yuoo aettaeck, mufe-a, und gaeeen aedrenaeleene-a 25% faester.;3;42;33;10;0;10;0;10;0;0;1;0;0;0;0;
1755;Mysteec Curroopshun;Mystische Verdorbenheit;Flaesh Inchuntment Spell. (20 secunds.) Ineeteeael Iffffect: aell aedjaecent fues aere-a Deeseaesed (1..10 secunds). Duooble-a dooraeshun iff yuoo aere-a aelreaedy inchunted. Ind Iffffect: paerty members in iaershut luse-a Deeseaese-a.;3;44;33;10;0;5;0;10;0;0;0;0;0;0;0;
1756;Grent's Graesp;Grenths Griff;Ileete-a Flaesh Inchuntment Spell. (20 secunds.) Inffleect Creepple-a (1..11 secunds) veet yuoor aettaeck skeells und trunsffer 1..3 cundeeshuns.;3;42;33;10;0;5;0;10;0;0;1;0;0;0;0;
1757;Feeel ooff Thurns;Dornenschleier;Flaesh Inchuntment Spell. (5..25 secunds.) Spell daemaege-a is redooced by 5..35%. Ineeteeael iffffect: neaerby fues aere-a stroock fur 5..50 peeerceeng daemaege-a.;3;43;33;10;0;10;0;15;0;0;0;0;0;0;0;
1758;Haerreeer's Graesp;Griff des Läufers;Flaesh Inchuntment Spell. (5..20 secunds.) Aettaecks oon mufeeng fues aelsu Creepple-a zeem. Ineeteeael Iffffect: yuoo luse-a Creepple-a und 1 oozeer cundeeshun. Inds aeffter aepplyeeng creepple-a 1..3 teemes.;3;42;33;10;0;10;0;15;0;0;0;0;0;0;0;
1759;Foo ooff Strengt;Gelübde der Stärke;Ileete-a Inchuntment Spell. (15 secunds.) Aettaecks veet a scyzee deael 10..25 slaesheeng daemaege-a tu aell aedjaecent fues vhenefer yuoo aettaeck.;3;43;23;10;0;5;.25;20;0;0;1;0;0;0;0;
1760;Ibun Doost Oora;Ebon-Staubaura;Ileete-a Flaesh Inchuntment Spell. (30 secunds.) Deael +3..30 iaert daemaege-a veet yuoor melee-a aettaecks. Ineeteeael Iffffect: Bleends neaerby fues fur 1..7 secunds. Ind Iffffect: remufes Bleendness. Nu iffffect unless veeeldeeng un iaert veaepun.;3;43;33;10;0;10;0;20;0;0;1;0;0;0;0;
1761;Zeaeluoos Foo;Eifriges Gelübde;Ileete-a Inchuntment Spell. (20 secunds.) Yuoo gaeeen 1..6 Inergy iaech teeme-a yuoo heet veet un aettaeck. Yuoo haefe-a -2 Inergy regeneraeshun.;3;42;23;10;0;5;.25;12;0;0;1;0;0;0;0;
1762;Heaert ooff Foory;Herz der Wut;Stunce-a. (2..10 secunds.) Yuoo aettaeck 25% faester.;3;44;29;10;0;0;0;0;3.2;0;0;0;0;0;0;
1763;Zeaeluoos Renooael;Eifrige Erneuerung;Flaesh Inchuntment Spell. (5..25 secunds.) Ineeteeael iffffect: deaels 5..30 huly daemaege-a tu neaerby fues. Yuoo haefe-a -1 Inergy regeneraeshun und gaeeen 1 Inergy vhee yuoo heet. Gaeeen 1..5 Inergy iff thees inchuntment inds iaerly.;3;44;33;10;0;5;0;10;0;0;0;0;0;0;0;
1764;Aettaecker's Inseeght;Einblick des Angreifers;Flaesh Inchuntment Spell. (3..10 secunds.) Geefes 50% bluck chunce-a vheele-a aettaeckeeng. Ind Iffffect: Cooses Veaekness 3..15 secunds tu aedjaecent fues.;3;42;33;10;0;10;0;10;0;0;0;0;0;0;0;
1765;Rendeeng Oora;Zerreißende Aura;Flaesh Inchuntment Spell. (30 secunds.) Yuoor aettaeck skeells remufe-a inchuntments frum knucked-doon fues. Ineeteeael iffffect: Deaels 10..40 culd daemaege-a tu aell neaerby fues. Ind Iffffect: neaerby fues haefe-a Craecked Aermur fur 1..10 secunds.;3;42;33;10;0;10;0;10;0;0;0;0;0;0;0;
1766;Feaezeerffuut Graece-a;Anmut des Federfußes;Inchuntment Spell. (5..20 secunds.) Yuoo mufe-a 25% faester, und cundeeshuns ixpure-a 50% faester.;3;42;23;10;0;10;.25;15;0;0;0;0;0;0;0;
1767;Reaeper's Sveep;Schwung des Schnitters;Ileete-a Scyzee Aettaeck. (3..15 secunds.) Cooses Creepple-a. Luse-a 1 Derfeesh inchuntment. Remufael Iffffect: cooses knuckdoon fur 2..3 secunds.;3;41;9;10;0;0;0;0;7;0;1;0;0;0;0;
1768;Haerreeer's Haeste-a;Eile des Läufers;Flaesh Inchuntment Spell. (2..8 secunds.) Yuoo mufe-a 25% faester und deael +3..12 daemaege-a tu mufeeng fues.;3;42;33;10;0;10;0;10;0;0;0;0;0;0;0;
1769;Fucoosed Unger;Konzentrierter Zorn;Ileete-a Skeell. (45 secunds.) Yuoo gaeeen 0..150% mure-a aedrenaeleene-a.;3;40;1;9;0;10;0;45;0;0;1;0;0;0;0;
1770;Naetoorael Temper;Natürliche Laune;Skeell. (4..15 secunds.) Yuoo gaeeen 33% mure-a aedrenaeleene-a. Nu iffffect iff yuoo aere-a inchunted.;3;40;1;9;0;0;0;0;3;0;0;0;0;0;0;
1771;Sung ooff Resturaeshun;Gesang der Wiederherstellung;Ileete-a Chunt. (10 secunds.) Paerty members in iaershut gaeeen 45..110 Heaelt veet zeeur next skeell.;3;39;13;9;0;10;1;10;0;0;1;0;0;0;0;
1772;Lyreec ooff Pooreeffeecaeshun;Lyrik der Läuterung;Chunt. (5..20 secunds.) Aelleees in iaershut luse-a oone-a cundeeshun veet zeeur next seegnet.;3;39;13;9;0;5;1;10;0;0;0;0;0;0;0;
1773;Suldeeer's Foory;Wut des Soldaten;Ileete-a Ichu. (10..35 secunds.) Yuoo aettaeck 33% faester und gaeeen 33% mure-a aedrenaeleene-a iff under zee iffffects ooff a shuoot oor chunt. Yuoo haefe-a -20 aermur;3;40;14;9;0;5;1;5;0;0;1;0;0;0;0;
1774;Aeggresseefe-a Reffraeeen;Aggressiver Refrain;Ichu. (5..25 secunds.) Yuoo aettaeck 25% faester. Renooael: vhenefer a chunt oor shuoot inds oon yuoo. Yuoo haefe-a -20 aermur.;3;40;14;9;0;15;1;20;0;0;0;0;0;0;0;
1775;Inergeezeeng Feenaele-a;Energie bringendes Finale;Ichu. (10..35 secunds.) Taerget aelly gaeeens 1..2 Inergy vhenefer a shuoot oor chunt inds oon thaet aelly. Cunnut taerget spureets.;3;39;14;9;0;10;1;5;0;0;0;0;0;0;0;
1776;Seegnet ooff Aeggresseeun;Siegel der Aggression;Seegnet. Yuoo gaeeen 2 aedrenaeleene-a iff yuoo aere-a under zee iffffects ooff a shuoot oor chunt.;3;-1;21;9;0;0;1;5;0;0;0;0;0;0;0;
1777;Remedy Seegnet;Heilmittel-Siegel;Seegnet. Yuoo luse-a oone-a cundeeshun.;3;-1;21;9;0;0;1;4;0;0;0;0;0;0;0;
1778;Seegnet ooff Retoorn;Siegel der Wiederkehr;Seegnet. Resoorrects taerget paerty member (5..20% Heaelt und 1..4% Inergy fur iaech paerty member in iaershut).;3;40;21;9;0;0;4;5;0;0;0;0;0;0;0;
1779;"Maeke-a Yuoor Teeme-a!";"Nehmt Euch Zeit!";Shuoot. Yuoo gaeeen tvu aedrenaeleene-a (maexeemoom 1..8) fur iaech paerty member in iaershut.;3;40;20;9;0;10;0;10;0;0;0;0;0;0;0;
1780;"Cun't Tuooch Thees!";"Darf nicht angerührt werden!";Shuoot. (20 secunds.) Zee next 1..5 tuooch-runge-a skeells used aegaeeenst aelleees veetheen iaershut fail.;3;38;20;9;0;5;0;10;0;0;0;0;0;0;0;
1781;"Feend Zeeur Veaekness!";"Findet ihren Schwachpunkt!";Shuoot. (5..20 secunds.) Taerget aelly deaels +5..50 daemaege-a und inffleects Deep Vuoond cundeeshun (5..20 secunds) veet zee next aettaeck.;3;38;20;9;0;10;0;15;0;0;0;0;0;0;0;
1782;"Zee Pooer Is Yuoors!";"Die Macht ist Euer!";Ileete-a Shuoot. (2..4 secunds.) Aelleees veetheen iaershut gaeeen 1..2 Inergy regeneraeshun.;3;39;20;9;0;0;0;0;4;0;1;0;0;0;0;
1783;Slaeyer's Speaer;Speer des Würgers;Speaer Aettaeck. Deaels +5..25 daemaege-a. Inffleects Deep Vuoond cundeeshun (5..20 secunds) iff taerget haes mure-a Heaelt thun yuoo.;3;37;12;9;0;10;0;4;0;0;0;0;0;0;0;
1784;Sveefft Jaefeleen;Schneller Speer;Speaer Aettaeck. Deaels +5..20 daemaege-a. Thees speaer mufes tveece-a aes faest und is unbluckaeble-a iff yuoo aere-a inchunted.;3;37;12;9;0;5;0;10;0;0;0;0;0;0;0;
1814;Leeghtbreenger's Gaeze-a;Blick des Lichtbringers;Skeell. Taerget demuneec serfunt ooff Aebaeddun taekes 100 huly daemaege-a und is interroopted. Heets oone-a aeddeeshunael fue-a in zee aerea fur iaech runk ooff Leeghtbreenger yuoo haefe-a aettaeeened. Thees skeell is deesaebled (15 secunds).;3;-3;1;0;0;5;1;15;0;0;0;1;0;0;0;
1815;Leeghtbreenger Seegnet;Lichtbringer-Siegel;Seegnet. Yuoo gaeeen 3..5 streeke-as ooff aedrenaeleene-a und 16..24 Inergy iff yuoo aere-a veetheen zee aerea ooff a demuneec serfunt ooff Aebaeddun.;3;-3;21;0;0;0;.25;25;0;0;0;1;0;0;0;
1816;Soonspeaer Reburt Seegnet;Sonnenspeer-Wiedergeburtssiegel;Seegnet. Resoorrect taerget deaed paerty member aet yuoor lucaeshun (fooll Heaelt und 10% Inergy fur iaech Soonspeaer runk yuoo haefe-a aettaeeened). Thees seegnet oonly rechaerges vhee yuoo gaeeen a muraele-a buust.;3;-2;21;0;0;0;3;0;0;0;0;1;0;0;0;
1948;Shaedoo Sunctooaery;Schattenzuflucht (Luxon);Inchuntment Spell. (10 secunds.) Yuoo gaeeen +7..10 Heaelt regeneraeshun und +40 aermur. Yuoo aere-a Bleend (5 secunds).;2;-4;23;7;0;5;.25;30;0;0;0;1;0;0;0;
1949;Izeer Neeghtmaere-a;Äther-Alptraum (Luxon);Hex Spell. Cooses 5..8 Inergy luss. Taerget und fues in zee aerea haefe-a -1 Heaelt degeneraeshun fur iaech pueent ooff Inergy lust (10 secunds).;2;-4;24;5;0;10;3;25;0;0;0;1;0;0;0;
1950;Seegnet ooff Curroopshun;Siegel der Verdorbenheit (Luxon);Seegnet. Deaels 20..30 daemaege-a tu taerget und neaerby fues. Yuoo gaeeen 2 Inergy (maexeemoom 12..20) fur iaech ooff zeese-a fues veet a cundeeshun oor hex.;2;-4;21;4;0;0;1;20;0;0;0;1;0;0;0;
1951;Ilementael Lurd;Elementarlord (Luxon);Inchuntment Spell. (40..60 secunds.) Yuoor ilementael aettreebootes aere-a buusted by 1. Iaech teeme-a yuoo caest a spell, yuoo gaeeen 1 Inergy fur ifery 10 runks ooff Inergy Sturaege-a und aere-a heaeled fur 100..300% ooff zee spell's Inergy cust.;2;-4;23;6;0;5;.25;45;0;0;0;1;0;0;0;
1952;Selffless Spureet;Selbstloser Geist (Luxon);Inchuntment Spell. (15..20 secunds.) Spells yuoo caest thaet taerget unuzeer aelly cust 3 less Inergy.;2;-4;23;3;0;5;.25;45;0;0;0;1;0;0;0;
1953;Treeple-a Shut;Dreifachschuss (Luxon);Boo Aettaeck. Shuut 3 aerroos seemooltuneuoosly aet taerget fue-a. Zeese-a aerroos deael 40..25% less daemaege-a.;2;-4;2;2;0;10;0;10;0;0;0;1;0;0;0;
1954;"Saefe-a Yuoorselfes!";"Rettet Euch selbst!" (Luxon);Shuoot. (4..6 secunds.) Aell oozeer paerty members gaeeen +100 aermur.;2;-4;20;1;0;0;0;0;8;0;0;1;0;0;0;
1955;Oora ooff Huly Meeght;Aura der Heiligen Macht (Luxon);Inchuntment Spell. (45 secunds.) Vhenefer yuoo luse-a a Derfeesh inchuntment, aedjaecent fues taeke-a 20..25 huly daemaege-a. Bork! Bork! Bork!;2;-4;23;10;0;10;.75;30;0;0;0;1;0;0;0;
1957;Speaer ooff Foory;Speer der Wut (Luxon);Speaer Aettaeck. Deaels +30..40 daemaege-a. Gaeeen 3..6 streeke-as ooff aedrenaeleene-a iff yuoo heet a fue-a veet a cundeeshun.;2;-4;12;9;0;5;1;8;0;0;0;1;0;0;0;
1986;Faempureec Aessoolt;Vampirangriff;Dooael Aettaeck. Steaels 10..40 Heaelt iff thees aettaeck heets. Moost fulloo un ooffff-hund aettaeck.;4;30;7;7;0;5;0;8;0;0;0;0;0;0;0;
1987;Lutoos Streeke-a;Lotus-Stoß;Ooffff-Hund Aettaeck. Deaels +10..25 daemaege-a. yuoo gaeeen 5..20 Inergy. Moost fulloo a leaed aettaeck.;4;29;6;7;0;10;0;12;0;0;0;0;0;0;0;
1988;Guldee Fung Streeke-a;Goldfangstoß;Ooffff-Hund Aettaeck. Inffleects Deep Vuoond cundeeshun (5..20 secunds) iff yuoo aere-a inchunted. Moost fulloo a leaed aettaeck.;4;29;6;7;0;5;0;4;0;0;0;0;0;0;0;
1990;Faelleeng Lutoos Streeke-a;Fallender Lotus-Stoß;Ooffff-Hund Aettaeck. Deaels +15..35 daemaege-a. yuoo gaeeen 1..12 Inergy. Nu iffffect unless taerget fue-a is knucked-doon.;4;29;6;7;0;5;0;8;0;0;0;0;0;0;0;
1991;Saedeest's Seegnet;Siegel des Sadisten;Seegnet. Yuoo gaeeen 10..45 Heaelt fur iaech cundeeshun oon taerget fue-a.;4;30;21;7;0;0;1;8;0;0;0;0;0;0;0;
1992;Seegnet ooff Deestraecshun;Siegel der Ablenkung;Seegnet. Interroopts a spell. Interroopshun iffffect: taerget fue-a's spell is deesaebled fur 1..5 secunds fur iaech seegnet yuoo haefe-a iqooeepped.;4;2;21;5;0;0;.25;15;0;0;0;0;0;0;0;
1993;Seegnet ooff Recaell;Siegel der Zurückrufung;Seegnet. (6 secunds.) Yuoo haefe-a -4 Inergy regeneraeshun. Ind iffffect: yuoo gaeeen 13..20 Inergy.;4;3;21;5;0;0;.25;20;0;0;0;0;0;0;0;
1994;Pooer Luck;Kraftsperre;Spell. Interroopts a spell oor chunt. Interroopshun iffffect: interroopted spell oor chunt is deesaebled fur +5..13 secunds.;4;2;22;5;0;5;.25;20;0;0;0;0;0;0;0;
1995;Vaeste-a Nut, Vunt Nut;Spare in der Zeit ...;Spell. Yuoo gaeeen 8..13 Inergy iff taerget fue-a is nut aettaeckeeng oor caesteeng a spell.;4;3;22;5;0;5;.25;15;0;0;0;0;0;0;0;
1996;Soom ooff Aell Feaers;Summe aller Ängste;Hex Spell. (4..12 secunds.) Taerget fue-a mufes, aettaecks, und caests spells 33% slooer.;4;1;24;5;0;10;1.5;10;0;0;0;0;0;0;0;
1997;Veezeereeng Oora;Verkümmernde Aura;Inchuntment Spell. (5..20 secunds.) Taerget aelly's melee-a aettaecks coose-a Veaekness cundeeshun (5..20 secunds.);4;5;23;4;0;5;1;3;0;0;0;0;0;0;0;
1998;Caecuphuny;Kakophonie;Hex Spell. (15 secunds.) Deaels 30..105 daemaege-a vhenefer taerget fue-a uses a shuoot oor chunt.;4;7;24;4;0;10;1;15;0;0;0;0;0;0;0;
1999;Veenter's Imbraece-a;Umarmung des Winters;Hex Spell. (2..6 secunds.) Taerget fue-a mufes 66% slooer und taekes 5..15 daemaege-a vheele-a mufeeng.;4;11;24;6;0;10;.75;15;0;0;0;0;0;0;0;
2000;Iaerzeen Shaeckles;Irdene Fesseln;Hex Spell. (3 secunds.) Taerget und neaerby fues mufe-a 90% slooer. Aeppleees Veaekness fur 5..20 secunds vhee it inds.;4;9;24;6;0;10;1;15;0;0;0;0;0;0;0;
2001;Vaerd ooff Veaekness;Kreis der Schwäche;Vaerd Spell. (5..20 secunds). Inffleects Veaekened cundeeshun (5..20 secunds) tu uny fues thaet taeke-a ilementael daemaege-a in thees vaerd.;4;9;26;6;0;5;1;20;0;0;0;0;0;0;0;
2002;Glyph ooff Sveefftness;Glyphe der Schnelligkeit;Glyph. (15 secunds.) Yuoor next 1..5 spells rechaerge-a 25% faester und prujecteeles frum zeem mufe-a 200% faester.;4;8;16;6;0;5;1;10;0;0;0;0;0;0;0;
2003;Coore-a Hex;Verhexung heilen;Spell. Remufes a hex. Remufael iffffect: heaels fur 30..100. Bork! Bork! Bork!;4;13;22;3;0;5;1;12;0;0;0;0;0;0;0;
2004;Smeete-a Cundeeshun;Zustand zerschlagen;Spell. Remufes a cundeeshun. Remufael iffffect: deaels 10..60 huly daemaege-a tu fues in zee aerea ooff taerget aelly.;4;14;22;3;0;5;1;7;0;0;0;0;0;0;0;
2005;Smeeter's Buun;Segen des Peinigers;Inchuntment Spell. (30 secunds.) Yuoor Smeeteeng Praeyers haefe-a duooble-a Deefeene-a Faefur heaeleeng bunoos.;4;16;23;3;0;5;.25;10;0;0;0;0;0;0;0;
2006;Caesteegaeshun Seegnet;Geißelungs-Siegel;Seegnet. Deaels 26..56 huly daemaege-a. Yuoo gaeeen 4..14 Inergy iff taerget fue-a is aettaeckeeng. Bork! Bork! Bork!;4;14;21;3;0;0;1;15;0;0;0;0;0;0;0;
2007;Pooreeffyeeng Feeel;Reinigender Schleier;Inchuntment Spell. Cundeeshuns ixpure-a 5..50% faester oon taerget aelly. Ind iffffect: remufes a cundeeshun.;4;15;23;3;-1;5;1;6;0;0;0;0;0;0;0;
2008;Poolfereezeeng Smaesh;Zermalmender Schlag;Haemmer Aettaeck. Inffleects Veaekness und Deep Vuoond cundeeshuns (5..20 secunds) iff taerget fue-a is knucked-doon.;4;19;8;1;0;0;0;0;3.2;0;0;0;0;0;0;
2009;Keee Chup;Verwegener Hieb;Aexe-a Aettaeck. Aelvaeys a creeteecael heet.;4;18;4;1;0;0;0;0;3;0;0;0;0;0;0;
2010;Knee-a Cootter;Knieschneider;Svurd Aettaeck. Yuoo gaeeen 2..7 Inergy und 1..3 aedrenaeleene-a iff taerget fue-a is Creeppled.;4;20;10;1;0;0;0;1;4.8;0;0;0;0;0;0;
2011;Graepple-a;Raufen;Tuooch Skeell. Cooses knuckdoon. Yuoo aere-a aelsu knucked doon. Yuoor coorrent stunce-a inds.;4;-1;1;1;0;5;.75;8;0;0;0;0;0;0;0;
2012;Raedeeunt Scyzee;Strahlende Sense;Scyzee Aettaeck. Deaels +1 daemaege-a (maexeemoom 5..30) fur iaech pueent ooff Inergy yuoo haefe-a. Gaeeen 1..7 Inergy.;4;41;9;10;0;0;0;0;6;0;0;0;0;0;0;
2013;Grent's Oora;Grenths Aura;Flaesh Inchuntment Spell. (20 secunds.) Yuoo deael 5..25 less daemaege-a und steael 5..25 Heaelt vhee yuoo heet veet a scyzee. Ineeteeael iffffect: steael 5..25 Heaelt frum aell aedjaecent fues.;4;42;33;10;0;10;0;10;0;0;0;0;0;0;0;
2014;Seegnet ooff Peeuoos Restraeeent;Siegel der frommen Zurückhaltung;Seegnet. Inffleects Creeppled cundeeshun (5..15 secunds). Remufe-a 1 ooff yuoor Derfeesh inchuntments. Remufael iffffect: aelsu cooses Creepple-a tu fues in zee aerea ooff yuoor taerget und rechaerges 75% faester.;4;42;21;10;0;0;1;10;0;0;0;0;0;0;0;
2015;Faermer's Scyzee;Sense des Bauern;Scyzee Aettaeck. Deaels +5..20 daemaege-a. Instunt rechaerge-a iff yuoo heet mure-a thun oone-a fue-a.;4;41;9;10;0;5;0;12;0;0;0;0;0;0;0;
2016;Inergeteec Vaes Lee-a Sa;Energisch war Lee Sa;Item Spell. (5..15 secunds.) Yuoo haefe-a +2 Inergy regeneraeshun. Drup iffffect: yuoo gaeeen +1..10 Inergy.;4;36;25;8;0;10;2;20;0;0;0;0;0;0;0;
2017;Unzeem ooff Veaereeness;Hymne der Müdigkeit;Chunt. (8 secunds.) Aelleees in iaershut inffleect Veaekness (1..16 secunds) veet zeeur next aettaeck skeell.;4;38;13;9;0;5;1;10;0;0;0;0;0;0;0;
2018;Unzeem ooff Deesroopshun;Hymne der Störung;Chunt. (1..10 secunds.) Aelleees in iaershut interroopt un aecshun veet zeeur next aettaeck skeell.;4;38;13;9;0;10;1;15;0;0;0;0;0;0;0;
2051;Soommun Spureets;Geister herbeirufen (Luxon);Spell. Spureets yuoo cuntrul Shaedoo Step tu yuoor lucaeshun und gaeeen 60..100 Heaelt.;2;-4;22;8;0;5;.25;5;0;0;0;1;0;0;0;
2052;Shaedoo Fung;Schattenfangzahn;Hex Spell. Shaedoo Step tu taerget fue-a. Ind iffffect aeffter 10 secunds: inffleects Deep Vuoond cundeeshun (5..20 secunds). yuoo retoorn tu yuoor ooreegeenael lucaeshun.;4;30;24;7;0;10;.25;20;0;0;0;0;0;0;0;
2053;Caelcoolaeted Reesk;Kalkuliertes Risiko;Hex Spell. (3..24 secunds.) Taerget fue-a's aettaecks du +10 daemaege-a. Iaech aettaeck haes a 50% chunce-a thaet zee daemaege-a (maexeemoom 15..100) veell be-a dune-a tu thaet fue-a insteaed.;4;1;24;5;0;5;1;7;0;0;0;0;0;0;0;
2054;Shreenkeeng Aermur;Schrumpfende Rüstung;Hex Spell. (10 secunds.) Cooses -1..4 Heaelt degeneraeshun. Ind iffffect: inffleects Craecked Aermur cundeeshun (5..20 secunds). Bork! Bork! Bork!;4;1;24;5;0;5;1;8;0;0;0;0;0;0;0;
2055;Uneoorysm;Aneurysma;Spell. Taerget fue-a regaeeens aell Inergy. Fur iaech pueent ooff Inergy gaeeened, taerget taekes 1..3 daemaege-a und aell aedjaecent fues luse-a 1 Inergy (maexeemoom 1..30).;4;2;22;5;0;5;1;5;0;0;0;0;0;0;0;
2056;Vundereeng Iye-a;Wanderndes Auge;Hex Spell. (4 secunds.) Interroopts taerget fue-a's next aettaeck. Interroopshun iffffect: 30..110 daemaege-a tu neaerby fues.;4;1;24;5;0;5;2;12;0;0;0;0;0;0;0;
2057;Fuool Feaest;Widerliches Gelage;Spell. Trunsffers aell cundeeshuns frum taerget aelly tu yuoorselff. Yuoo gaeeen 0..45 Heaelt und 2..4 Inergy fur iaech cundeeshun trunsfferred. Haelff rechaerge-a iff yuoo remufe-a Deeseaese-a. Cunnut selff-taerget.;4;6;22;4;0;5;.25;4;0;0;0;0;0;0;0;
2058;Pootreed Beele-a;Verwesende Galle;Hex Spell. (5..25 secunds.) Cooses -1..3 Heaelt degeneraeshun. Deaels 25..85 daemaege-a tu aell neaerby fues iff taerget fue-a deees.;4;5;24;4;0;10;1;12;0;0;0;0;0;0;0;
2059;Shell Shuck;Kriegsneurose;Spell. Deaels 10..30 leeghtneeng daemaege-a. Inffleects Craecked Aermur cundeeshun (5..20 secunds). 25% aermur penetraeshun. Iff Oofercaest, streekes aedjaecent.;4;8;22;6;0;5;1;8;0;0;0;0;0;0;0;
2060;Glyph ooff Immulaeshun;Glyphe der Aufopferung;Glyph. (15 secunds.) Yuoor next 1..4 spells thaet target a fue-a aelsu inflict Boorneeng cundeeshun (1..4 secunds).;4;10;16;6;0;5;1;10;0;0;0;0;0;0;0;
2061;Paeteeent Spureet;Geduldiger Geist;Inchuntment Spell. (2 secunds.) Ind iffffect: heaels fur 30..120. Nu iffffect iff inds iaerly.;4;13;23;3;0;5;.25;4;0;0;0;0;0;0;0;
2062;Heaeleeng Reebbun;Heilendes Band;Spell. Heaels fur 20..110. Heaels tvu aeddeeshunael aelleees neaer taerget aelly fur 10..100. Cunnut selff-taerget.;4;13;22;3;0;10;1;5;0;0;0;0;0;0;0;
2063;Oora ooff Staebeeleety;Aura der Stabilität;Inchuntment Spell. (3..8 secunds.) Taerget aelly cunnut be-a knucked-doon. Cunnut selff-taerget.;4;15;23;3;0;5;.25;12;0;0;0;0;0;0;0;
2064;Sputless Meend;Makelloser Verstand;Inchuntment Spell. (1..15 secunds.) Remufes a hex ifery 5 secunds. Cunnut selff-taerget.;4;13;23;3;0;5;.25;12;0;0;0;0;0;0;0;
2065;Sputless Suool;Makellose Seele;Inchuntment Spell. (1..15 secunds.) Remufes a cundeeshun ifery 3 secunds. Cunnut selff-taerget.;4;13;23;3;0;5;.25;12;0;0;0;0;0;0;0;
2066;Deesaerm;Entwaffnen;Svurd Aettaeck. Interroopts taerget fue-a. Interroopshun iffffect: deesaebles thees fue-a's aettaeck skeells (0..3 secunds) iff thaet aecshun vaes un aettaeck. Bork! Bork! Bork!;4;17;10;1;0;5;.5;20;0;0;0;0;0;0;0;
2067;"I Meunt tu Du Thaet!";"Das war Absicht!";Shuoot. Yuoo gaeeen 1..6 streeke-as ooff aedrenaeleene-a iff yuoo aere-a knucked-doon.;4;17;20;1;0;5;0;8;0;0;0;0;0;0;0;
2068;Raepeed Fure-a;Schnellfeuer;Prepaeraeshun. (5..25 secunds.) Yuoo aettaeck 33% faester vheele-a veeeldeeng a boo.;4;25;17;2;0;5;2;12;0;0;0;0;0;0;0;
2069;Slooth Hoonter's Shut;Schuss des Faultierjägers;Boo Aettaeck. Deaels +10..25 daemaege-a. Deaels +10..35 mure-a daemaege-a iff taerget fue-a is nut useeng a skeell.;4;25;2;2;0;10;0;8;0;0;0;0;0;0;0;
2070;Oora Sleecer;Auraschneider;Melee-a Aettaeck. (5..15 secunds.) Inffleects Bleedeeng cundeeshun. Aelsu inffleects Craecked Aermur (1..10 secunds) iff yuoo aere-a inchunted.;4;44;3;10;0;0;0;0;3.2;0;0;0;0;0;0;
2071;Zeaeluoos Sveep;Eifriger Schwung;Scyzee Aettaeck. Deaels +5..20 daemaege-a. Yuoo gaeeen 3 Inergy und 1 aedrenaeleene-a fur iaech fue-a yuoo heet.;4;41;9;10;0;5;0;10;0;0;0;0;0;0;0;
2072;Poore-a Vaes Lee Meeng;Rein war Li Ming;Item Spell. (5..20 secunds.) Cundeeshuns oon yuoo ixpure-a 10..50% faester. Drup iffffect: remufes 1..4 cundeeshuns frum aelleees in iaershut.;4;33;25;8;0;5;1;20;0;0;0;0;0;0;0;
2073;Veaepun ooff Aeggresseeun;Waffe der Aggression;Veaepun Spell. (5..15 secunds.) Yuoo aettaeck 25% faester.;4;34;27;8;0;10;.25;10;0;0;0;0;0;0;0;
2074;Chest Thoomper;Brusttrommler;Speaer Aettaeck. Inffleects Deep Vuoond cundeeshun (5..20 secunds) iff taerget fue-a haes Craecked Aermur.;4;37;12;9;0;5;0;5;0;0;0;0;0;0;0;
2075;Haesty Reffraeeen;Hastiger Refrain;Ichu. (8..20 secunds.) Taerget aelly mufes 25% faester. Renooael: ifery teeme-a a chunt oor shuoot inds oon thees aelly.;4;40;14;9;0;5;1;10;0;0;0;0;0;0;0;
2091;Shaedoo Sunctooaery;Schattenzuflucht (Kurzick);Inchuntment Spell. (10 secunds.) Yuoo gaeeen +7..10 Heaelt regeneraeshun und +40 aermur. Yuoo aere-a Bleend (5 secunds).;2;-5;23;7;0;5;.25;30;0;0;0;1;0;0;0;
2092;Izeer Neeghtmaere-a;Äther-Alptraum (Kurzick);Hex Spell. Cooses 5..8 Inergy luss. Taerget und fues in zee aerea haefe-a -1 Heaelt degeneraeshun fur iaech pueent ooff Inergy lust (10 secunds).;2;-5;24;5;0;10;3;25;0;0;0;1;0;0;0;
2093;Seegnet ooff Curroopshun;Siegel der Verdorbenheit (Kurzick);Seegnet. Deaels 20..30 daemaege-a tu taerget und neaerby fues. Yuoo gaeeen 2 Inergy (maexeemoom 12..20) fur iaech ooff zeese-a fues veet a cundeeshun oor hex.;2;-5;21;4;0;0;1;20;0;0;0;1;0;0;0;
2094;Ilementael Lurd;Elementarlord (Kurzick);Inchuntment Spell. (40..60 secunds.) Yuoor ilementael aettreebootes aere-a buusted by 1. Iaech teeme-a yuoo caest a spell, yuoo gaeeen 1 Inergy fur ifery 10 runks ooff Inergy Sturaege-a und aere-a heaeled fur 100..300% ooff zee spell's Inergy cust.;2;-5;23;6;0;5;.25;45;0;0;0;1;0;0;0;
2095;Selffless Spureet;Selbstloser Geist (Kurzick);Inchuntment Spell. (15..20 secunds.) Spells yuoo caest thaet taerget unuzeer aelly cust 3 less Inergy.;2;-5;23;3;0;5;.25;45;0;0;0;1;0;0;0;
2096;Treeple-a Shut;Dreifachschuss (Kurzick);Boo Aettaeck. Shuut 3 aerroos seemooltuneuoosly aet taerget fue-a. Zeese-a aerroos deael 40..25% less daemaege-a.;2;-5;2;2;0;10;0;10;0;0;0;1;0;0;0;
2097;"Saefe-a Yuoorselfes!";"Rettet Euch selbst!" (Kurzick);Shuoot. (4..6 secunds.) Aell oozeer paerty members gaeeen +100 aermur.;2;-5;20;1;0;0;0;0;8;0;0;1;0;0;0;
2098;Oora ooff Huly Meeght;Aura der Heiligen Macht (Kurzick);Inchuntment Spell. (45 secunds.) Vhenefer yuoo luse-a a Derfeesh inchuntment, aedjaecent fues taeke-a 20..25 huly daemaege-a. Bork! Bork! Bork!;2;-5;23;10;0;10;.75;30;0;0;0;1;0;0;0;
2099;Speaer ooff Foory;Speer der Wut (Kurzick);Speaer Aettaeck. Deaels +30..40 daemaege-a. Gaeeen 3..6 streeke-as ooff aedrenaeleene-a iff yuoo heet a fue-a veet a cundeeshun.;2;-5;12;9;0;5;1;8;0;0;0;1;0;0;0;
2100;Soommun Spureets;Geister herbeirufen (Kurzick);Spell. Spureets yuoo cuntrul Shaedoo Step tu yuoor lucaeshun und gaeeen 60..100 Heaelt.;2;-5;22;8;0;5;.25;5;0;0;0;1;0;0;0;
2101;Creeteecael Aegeeleety;Kritische Beweglichkeit;Inchuntment Spell. (4 secunds ploos 1 secund fur iaech runk ooff Creeteecael Streekes.) Yuoo aettaeck 33% faester und gaeeen +15..25 aermur. Renooael: ifery teeme-a yuoo lund a creeteecael heet.;3;-2;23;7;0;5;1;30;0;0;0;1;0;0;0;
2102;Cry ooff Paeeen;Schmerzensschrei;Spell. Interroopts a skeell. Iff taerget fue-a haed a Mesmer hex, deaels 25..50 daemaege-a tu taerget und fues in zee aerea und cooses -3..5 Heaelt degeneraeshun (10 secunds).;3;-2;22;5;0;10;.25;15;0;0;0;1;0;0;0;
2103;Necrusees;Nekrose;Skeell. Deaels 60..90 daemaege-a iff taerget fue-a haes a cundeeshun oor hex.;3;-2;1;4;0;5;1;2;0;0;0;1;0;0;0;
2104;Intenseety;Intensität;Skeell. (10 secunds.) Zee next teeme-a yuoo deael ilementael daemaege-a veet a spell, oozeer taergets in zee aerea taeke-a 60..70% ooff thaet daemaege-a.;3;-2;1;6;0;5;0;10;0;0;0;1;0;0;0;
2105;Seed ooff Leeffe-a;Lebenssaat;Inchuntment Spell. (2..5 secunds.) Heaels paerty members fur 2 fur iaech runk in Deefeene-a Faefur vhenefer taerget aelly taekes daemaege-a. Cunnut selff-taerget.;3;-2;23;3;0;5;.25;20;0;0;0;1;0;0;0;
2107;Vhurlveend Aettaeck;Wirbelsturmangriff;Melee-a Aettaeck. Aettaecks taerget und aedjaecent fues fur +13..20 daemaege-a.;3;-2;3;1;0;0;0;1;5.2;0;0;1;0;0;0;
2108;Nefer Raempaege-a Aelune-a;Tobt niemals allein;Skeell. (18..25 secunds.) Yuoo und yuoor pet aettaeck 25% faester und haefe-a +1..3 Heaelt regeneraeshun.;3;-2;1;2;0;15;0;20;0;0;0;1;0;0;0;
2109;Iternael Oora;Ewige Aura;Inchuntment Spell. Yuoo haefe-a +100 maex Heaelt. Ind iffffect: aell paerty members in zee aerea aere-a resoorrected veet 40..50% Heaelt und 20..30% Inergy.;3;-2;23;10;0;15;4;30;0;0;0;1;0;0;0;
2110;Faempureesm;Vampirismus;Beendeeng Reetooael. Creaetes a lefel 4..14 spureet (leeffespun 75..150 secunds). Its aettaecks steael 10..20 Heaelt, und yuoo aere-a heaeled fur 10..20.;3;-2;18;8;0;10;.75;30;0;0;0;1;0;0;0;
2112;"Zeere-a's Nutheeng tu Feaer!";"Es gibt nichts zu befürchten!";Shuoot. (4 secunds ploos 1 secund fur ifery 2 runks in Leaedersheep.) Redooces daemaege-a by 20..35% fur paerty members in iaershut. Ind iffffect: heaels fur 35..60 Heaelt.;3;-2;20;9;0;15;0;20;0;0;0;1;0;0;0;
2116;Sneaek Aettaeck;Überraschungsangriff;Melee-a Aettaeck. Inffleects Bleendness (5..8 secunds). Cuoonts aes a leaed aettaeck.;4;-8;3;0;0;5;0;5;0;0;0;1;0;0;0;
2135;Traempleeng Oox;Trampelnder Ochse;Dooael Aettaeck. Deaels +5..20 daemaege-a. cooses knuck-doon iff taerget fue-a is Creeppled. Moost fulloo un ooffff-hund aettaeck.;4;29;7;7;0;5;0;8;0;0;0;0;0;0;0;
2136;Smuke-a Pooder Deffense-a;Rauchpulver-Verteidigung;Stunce-a. (8 secunds.) Zee next teeme-a yuoo aere-a stroock, yuoo taeke-a haelff daemaege-a und inffleect Bleendness cundeeshun (2..6 secunds) oon aedjaecent fues.;4;31;29;7;0;5;0;20;0;0;0;0;0;0;0;
2137;Cunffooseeng Imaeges;Verwirrende Bilder;Hex Spell. (2..10 secunds.) Taerget fue-a taekes tveece-a aes lung tu aecteefaete-a nun-aettaeck skeells.;4;1;24;5;0;10;1;20;0;0;0;0;0;0;0;
2138;Hexer's Feegur;Lebenskraft des Verhexers;Inchuntment Spell. (10 secunds.) Yuoo haefe-a +1..8 Heaelt regeneraeshun. Inds iff yuoo use-a a nun-hex skeell.;4;6;23;4;0;5;.25;10;0;0;0;0;0;0;0;
2139;Maesucheesm;Masochismus;Inchuntment Spell. (10..40 secunds.) Yuoo haefe-a +2 Deaet Maegeec und Suool Reaepeeng. Yuoo saecreeffeece-a 5..3% ooff yuoor maexeemoom Heaelt vhenefer yuoo caest a spell.;4;6;23;4;0;5;1;20;0;0;0;0;0;0;0;
2140;Peeerceeng Traep;Durchbohrende Falle;Traep. (90 secunds.) Aeffffects neaerby fues. Deaels 5..50 peeerceeng daemaege-a. Deaels 15..60 mure-a daemaege-a tu uny fues veet Craecked Aermur. Iaeseely interroopted.;4;24;30;2;0;10;2;30;0;0;0;0;0;0;0;
2141;Cumpuneeunsheep;Kameradschaft;Skeell. Heaels yuoo fur 30..120 iff yuoo haefe-a less Heaelt thun yuoor pet. Heaels yuoor pet fur 30..120 iff it haes less Heaelt thun yuoo.;4;22;1;2;0;5;2;10;0;0;0;0;0;0;0;
2142;Ferael Aeggresseeun;Wilde Aggression;Skeell. (5..20 secunds.) Yuoor pet aettaecks 33% faester und deaels +3..10 daemaege-a.;4;22;1;2;0;15;0;20;0;0;0;0;0;0;0;
2143;Deesroopteeng Shut;Unterbrechender Schuss;Boo Aettaeck. Interroopts un aecshun. Interroopshun iffffect: +10..40 daemaege-a iff yuoo interroopt a skeell.;4;25;2;2;0;10;.5;15;0;0;0;0;0;0;0;
2144;Fulley;Salve;Boo Aettaeck. Deaels +1..10 daemaege-a. Heets up tu 3 fues aedjaecent tu yuoor taerget. Aell yuoor prepaeraeshuns aere-a remufed.;4;25;2;2;0;5;0;2;0;0;0;0;0;0;0;
2145;Ixpert Fucoos;Expertenfokus;Prepaeraeshun. (24 secunds.) Yuoor boo aettaeck skeells cust 1..2 less Inergy und du +1..10 daemaege-a.;4;23;17;2;0;10;2;12;0;0;0;0;0;0;0;
2146;Peeuoos Foory;Frommer Zorn;Stunce-a. (1..7 secunds.) Yuoo aettaeck 25% faester und remufe-a 1 ooff yuoor Derfeesh inchuntments. Remufael iffffect: thees stunce-a laests tveece-a aes lung.;4;44;29;10;0;5;0;10;0;0;0;0;0;0;0;
2147;Creeppleeng Feectury;Verkrüppelnder Sieg;Scyzee Aettaeck. (3..8 secunds.) Creepples taerget fue-a. Iff yuoo haefe-a mure-a Heaelt thun taerget fue-a, aell aedjaecent fues taeke-a 10..30 iaert daemaege-a.;4;41;9;10;0;0;0;0;6;0;0;0;0;0;0;
2148;Soondereeng Veaepun;Trennende Waffe;Veaepun Spell. (4..10 secunds.) Taerget aelly's next 3 aettaecks inffleect Craecked Aermur cundeeshun (5..20 secunds) und haefe-a 10% aermur penetraeshun.;4;32;27;8;0;5;1;10;0;0;0;0;0;0;0;
2149;Veaepun ooff Renooael;Waffe der Erneuerung;Veaepun Spell. (5..20 secunds.) Taerget aelly gaeeens 1..7 Inergy zee next teeme-a thees aelly heets veet un aettaeck skeell.;4;36;27;8;0;5;1;10;0;0;0;0;0;0;0;
2150;Maeeemeeng Speaer;Verkrüppelungs-Speer;Speaer Aettaeck. Inffleects Creeppled cundeeshun (5..20 secunds) iff taerget fue-a is Bleedeeng.;4;37;12;9;0;5;0;5;0;0;0;0;0;0;0;
2186;Seegnet ooff Deaedly Curroopshun;Siegel der tödlichen Verdorbenheit;Seegnet. Deaels 5..35 daemaege-a (maexeemoom 130) fur iaech cundeeshun oon taerget fue-a.;4;30;21;7;0;0;1;12;0;0;0;0;0;0;0;
2187;Vaey ooff zee Maester;Weg des Meisters;Inchuntment Spell. (60 secunds.) Vheele-a huldeeng a nun-daegger veaepun, yuoo haefe-a +3..33% chunce-a tu lund a creeteecael heet.;4;35;23;7;0;5;.25;30;0;0;0;0;0;0;0;
2188;Deffeele-a Deffenses;Verteidigung entweihen;Hex Spell. (5..20 secunds.) Deaels 30..120 daemaege-a zee next teeme-a taerget fue-a blucks.;4;7;24;4;0;5;1;5;0;0;0;0;0;0;0;
2189;Ungurudun's Gaeze-a;Angorodons Starren;Spell. Steaels 10..50 Heaelt. Yuoo gaeeen 3..12 Inergy iff yuoo haefe-a a cundeeshun.;4;6;22;4;0;5;1;10;0;0;0;0;0;0;0;
2190;Maegneteec Soorge-a;Magnetschub;Inchuntment Spell. Deaels 15..75 daemaege-a. Iff yuoo aere-a Oofercaest, aelleees in iaershut aere-a inchunted fur 1..5 und bluck zee next aettaeck aegaeeenst zeem.;4;9;23;6;0;10;1;15;0;0;0;0;0;0;0;
2191;Sleeppery Gruoond;Rutschiger Boden;Spell. Cooses knuck-doon iff thees fue-a is Bleend oor mufeeng. Aeffffects fues aedjaecent tu yuoor taerget. 50% faeeeloore-a chunce-a unless Vaeter Maegeec greaeter thun 4.;4;11;22;6;0;5;1;10;0;0;0;0;0;0;0;
2192;Glooeeng Ice-a;Leuchtendes Eis;Spell. Deaels 5..50 culd daemaege-a. Yuoo gaeeen 5 Inergy ploos 1 Inergy fur ifery 2 runks ooff Inergy Sturaege-a iff taerget fue-a is hexed veet Vaeter Maegeec.;4;11;22;6;0;5;1;8;0;0;0;0;0;0;0;
2193;Inergy Blaest;Energieexplosion;Spell. Deaels 1..2 daemaege-a (maexeemoom 130) fur iaech pueent ooff Inergy yuoo haefe-a.;4;12;22;6;0;5;1.5;20;0;0;0;0;0;0;0;
2194;Deestraecteeng Streeke-a;Ablenkender Stoß;Melee-a Aettaeck. Interroopts un aecshun. Interroopshun iffffect: Deesaebles interroopted skeell (30 secunds) iff taerget fue-a haes Craecked Aermur. Deaels nu daemaege-a.;4;-1;3;1;0;5;.5;15;0;0;0;0;0;0;0;
2195;Symbuleec Streeke-a;Symbolischer Schlag;Melee-a Aettaeck. Deaels +12 daemaege-a (maexeemoom 70) fur iaech seegnet yuoo haefe-a iqooeepped.;4;-1;3;1;0;0;0;0;3.2;0;0;0;0;0;0;
2196;Suldeeer's Speed;Geschwindigkeit des Soldaten;Stunce-a. (3..18 secunds.) Yuoo mufe-a 15% faester und un aeddeeshunael 15% faester vheele-a aeffffected by a chunt oor shuoot.;4;21;29;1;0;5;0;12;0;0;0;0;0;0;0;
2197;Budy Bloo;Körperschlag;Melee-a Aettaeck. Deaels +10..40 daemaege-a. Inffleects Deep Vuoond (0..15 secunds) iff taerget fue-a haes Craecked Aermur.;4;17;3;1;0;0;0;0;6.4;0;0;0;0;0;0;
2198;Budy Shut;Körperschuss;Boo Aettaeck. Deaels +5..20 daemaege-a. Yuoo gaeeen 5..10 Inergy iff taerget fue-a haes Craecked Aermur.;4;25;2;2;0;5;0;8;0;0;0;0;0;0;0;
2199;Pueesun Teep Seegnet;Giftspitzen-Siegel;Seegnet. (60 secunds.) Inffleects Pueesuned cundeeshun (8..15 secunds) veet yuoor next aettaeck.;4;24;21;2;0;0;1;6;0;0;0;0;0;0;0;
2200;Seegnet ooff Mysteec Speed;Siegel der mystischen Geschwindigkeit;Seegnet. (30 secunds.) Yuoor next 1..3 selff-taergeted inchuntments caest instuntly. Flaesh inchuntments du nut cunsoome-a uses ooff thees skeell.;4;42;21;10;0;0;1;20;0;0;0;0;0;0;0;
2201;Sheeeld ooff Furce-a;Kraftschild;Flaesh Inchuntment Spell. (1..16 secunds.) Blucks zee next 1 aettaecks aegaeeenst yuoo. Knucks doon und inffleects Veaekness (5..20 secunds) oon aell aedjaecent aettaeckeeng fues.;4;43;33;10;0;10;0;12;0;0;0;0;0;0;0;
2202;Mendeeng Greep;Genesungsgriff;Spell. Heaels fur 30..90. Remufes oone-a cundeeshun iff taerget aelly is under a Veaepun spell.;4;33;22;8;0;5;1;4;0;0;0;0;0;0;0;
2203;Spureetleech Oora;Geistsauger-Aura;Skeell. (5..20 secunds.) Aell ooff yuoor spureets veetheen iaershut deael 5..20 less daemaege-a und steael 5..20 Heaelt vhee zeey aettaeck. Bork! Bork! Bork!;4;33;1;8;0;5;.25;20;0;0;0;0;0;0;0;
2204;Rejoofenaeshun;Verjüngung;Beendeeng Reetooael. Creaetes a lefel 1..20 spureet (30..90 secund leeffespun). Heaels paerty members in iaershut fur 3..10 iaech secund. Heaeleeng cust: thees spureet luses 3..10 Heaelt.;4;33;18;8;0;10;.75;30;0;0;0;0;0;0;0;
2205;Aeguny;Todesqual;Beendeeng Reetooael. Creaetes a lefel 1..12 spureet (30..90 secund leeffespun). Cooses 3..10 Heaelt luss iaech secund tu fues in iaershut. Thees spureet luses 3..10 Heaelt fur iaech fue-a thaet luses Heaelt.;4;34;18;8;0;10;.75;30;0;0;0;0;0;0;0;
2206;Ghustly Veaepun;Geisterwaffe;Veaepun Spell. (5..20 secunds.) Taerget aelly's next aettaeck is unbluckaeble-a. Cunnut selff-taerget.;4;32;27;8;0;3;.25;1;0;0;0;0;0;0;0;
2207;Inspuraeshunael Speech;Inspirative Rede;Skeell. Taerget aelly gaeeens 1..8 streeke-as ooff aedrenaeleene-a. Cunnut selff-taerget. Yuoo luse-a aell aedrenaeleene-a.;4;39;1;9;0;5;0;10;0;0;0;0;0;0;0;
2208;Boorneeng Sheeeld;Brennender Schild;Skeell. (3..9 secunds.) Blucks zee next aettaeck skeell aegaeeenst yuoo. Inffleects Boorneeng cundeeshun (1..6 secunds) iff it vaes a melee-a aettaeck. Nu iffffect unless yuoo aere-a veeeldeeng a sheeeld.;4;40;1;9;0;5;0;20;0;0;0;0;0;0;0;
2209;Huly Speaer;Heiliger Speer;Speaer Aettaeck. Deaels +5..20 daemaege-a. Deaels 15..90 huly daemaege-a und inffleects Boorneeng cundeeshun (3 secunds) tu neaerby fues iff yuoo heet a soommuned creaetoore-a.;4;37;12;9;0;0;0;0;4;0;0;0;0;0;0;
2210;Speaer Sveepe-a;Speerschlag;Speaer Melee-a Aettaeck. Deaels +5..20 daemaege-a und inffleects Daezed cundeeshun (4..10 secunds). Thees aettaeck haes melee-a runge-a.;4;40;12;9;0;5;0;20;0;0;0;0;0;0;0;
2211;Aelkaer's Aelchemeecael Aeceed;Alkars Alchemiesäure;Spell. Prujecteele-a: deaels 40..50 daemaege-a tu taerget und aedjaecent fues. Deaels 45..70 mure-a daemaege-a und inffleects Craecked Aermur cundeeshun (14..20 secunds) tu Destruyers.;4;-7;22;0;0;10;1;10;0;0;0;1;0;0;0;
2212;Leeght ooff Deldreemur;Licht von Deldrimor;Spell. Deaels 55..80 huly daemaege-a tu fues in zee aerea. Peengs heeddee oobjects veetheen zee aerea oon zee cumpaess.;4;-7;22;0;0;5;.75;20;0;0;0;1;0;0;0;
2213;Iaer Beete-a;Ohrenbiss;Tuooch Skeell. Deaels 50..70 peeerceeng daemaege-a und Inffleects Bleedeeng cundeeshun (15..25 secunds).;4;-7;1;0;0;0;.75;0;4;0;0;1;0;0;0;
2214;Loo Bloo;Unter der Gürtellinie;Tuooch Skeell. Deaels 45..70 daemaege-a. Deaels 30..50 mure-a daemaege-a und Inffleects Craecked Aermur (14..20 secunds) iff taerget fue-a is knucked-doon.;4;-7;1;0;0;0;.75;0;6;0;0;1;0;0;0;
2215;Braevleeng Heaedboott;Rauf-Kopfstoß;Tuooch Skeell. Deaels 45..70 daemaege-a. cooses knuck-doon.;4;-7;1;0;0;0;.75;0;7;0;0;1;0;0;0;
2216;"Dun't Treep!";"Stolpert nicht!";Shuoot. (3..5 secunds.) Prefents knuck-doon. aeffffects paerty members veetheen iaershut.;4;-7;20;0;0;5;0;20;0;0;0;1;0;0;0;
2217;"By Urael's Haemmer!";"Bei Urals Hammer!";Shuoot. (30 secunds.) Resoorrect aell deaed paerty members in iaershut veet fooll Heaelt und Inergy. Aeffffected paerty members deael 25..33% mure-a daemaege-a. Aeffffected paerty members deee-a vhee it inds, boot du nut receeefe-a a deaet penaelty.;4;-7;20;0;0;5;0;60;0;0;0;1;0;0;0;
2218;Droonkee Maester;Betrunkener Meister;Stunce-a. (72..90 secunds.) Yuoo mufe-a und aettaeck 10..15% faester iff yuoo aere-a nut droonk. Yuoo mufe-a und aettaeck 25..33% faester iff yuoo aere-a droonk.;4;-7;29;0;0;5;0;60;0;0;0;1;0;0;0;
2219;Greaet Dvaerff Veaepun;Waffe des Großen Zwergs;Veaepun Spell. (20 secunds.) +15..20 veaepun daemaege-a und 28..40% chunce-a tu coose-a knuck-doon veet aettaecks. Cunnut selff-taerget.;4;-7;27;0;0;10;1;5;0;0;0;1;0;0;0;
2220;Greaet Dvaerff Aermur;Rüstung des Großen Zwergs;Inchuntment Spell. (22..40 secunds.) +24 aermur und +60 maexeemoom Heaelt. Aeddeeshunael +24 aermur aegaeeenst Destruyers. Bork! Bork! Bork!;4;-7;23;0;0;5;1;10;0;0;0;1;0;0;0;
2221;Breaet ooff zee Greaet Dvaerff;Atem des Großen Zwergs;Spell. Remufes Boorneeng und heaels fur 50..60. aeffffects paerty members.;4;-7;22;0;0;10;.25;15;0;0;0;1;0;0;0;
2222;Snoo Sturm;Schneesturm;Spell. Deaels 30..40 culd daemaege-a iaech secund (5 secunds). Heets fues aedjaecent tu taerget fue-a's ineeteeael lucaeshun.;4;-7;22;0;0;10;1;10;0;0;0;1;0;0;0;
2223;Blaeck Pooder Meene-a;Schwarzpulvermine;Traep. (90 secunds.) Aeffffects neaerby fues. Deaels 20..30 daemaege-a. Inffleects Bleendness und Bleedeeng cundeeshuns (7..10 secunds). Iaeseely interroopted.;4;-7;30;0;0;10;2;20;0;0;0;1;0;0;0;
2224;Soommun Moorsaeaet;Mursaat herbeirufen;Spell. Soommuns a lefel 14..20 Moorsaeaet (40..60 secund leeffespun) thaet haes Inerfaeteeng Chaerge-a. Oonly 1 Aesoora Soommun cun be-a aecteefe-a aet a teeme-a.;4;-6;22;0;0;10;3;60;0;0;0;1;0;0;0;
2225;Soommun Rooby Djeenn;Rubin-Dschinn herbeirufen;Spell. Soommuns a lefel 14..20 Rooby Djeenn (40..60 secund leeffespun) thaet haes Immulaete-a. Oonly 1 Aesoora Soommun cun be-a aecteefe-a aet a teeme-a.;4;-6;22;0;0;10;3;60;0;0;0;1;0;0;0;
2226;Soommun Ice-a Imp;Eis-Kobold herbeirufen;Spell. Soommuns a lefel 14..20 Ice-a Imp thaet haes Ice-a Speekes (40..60 secund leeffespun). Oonly 1 Aesoora Soommun cun be-a aecteefe-a aet a teeme-a.;4;-6;22;0;0;10;3;60;0;0;0;1;0;0;0;
2227;Soommun Naega Shaemun;Naga-Schamanen herbeirufen;Spell. Soommuns a lefel 14..20 Naega Shaemun (40..60 secund leeffespun) thaet haes Stuneeng. Oonly 1 Aesoora Soommun cun be-a aecteefe-a aet a teeme-a.;4;-6;22;0;0;10;3;60;0;0;0;1;0;0;0;
2228;Defft Streeke-a;Geschickter Schlag;Runged Aettaeck. Deaels 18..30 daemaege-a. Inffleects Bleedeeng cundeeshun (18..30 secunds) iff taerget fue-a haes Craecked Aermur.;4;-8;31;0;0;5;.5;8;0;0;0;1;0;0;0;
2229;Seegnet ooff Inffecshun;Siegel der Infektion;Seegnet. Inffleects Deeseaesed cundeeshun (13..20 secunds) iff taerget fue-a is Bleedeeng.;4;-8;21;0;0;0;1;10;0;0;0;1;0;0;0;
2230;Tryptuphun Seegnet;Tryptophan-Siegel;Seegnet. (14..20 secunds.) Taerget und aedjaecent fues mufe-a und aettaeck 23..40% slooer.;4;-8;21;0;0;0;1;15;0;0;0;1;0;0;0;
2231;Ibun Baettle-a Stundaerd ooff Cuooraege-a;Ebon-Kampfstandarte des Mutes;Vaerd Spell. (14..20 secunds.) Aelleees in thees vaerd haefe-a +24 aermur und +24 mure-a aermur aegaeeenst Chaerr. Spureets aere-a unaeffffected.;4;-8;26;0;0;10;1;20;0;0;0;1;0;0;0;
2232;Ibun Baettle-a Stundaerd ooff Veesdum;Ebon-Kampfstandarte der Weisheit;Vaerd Spell. (14..20 secunds.) Spells thaet aelleees in thees vaerd caest haefe-a a 44..60% chunce-a tu rechaerge-a 50% faester. Spureets aere-a unaeffffected.;4;-8;26;0;0;10;1;20;0;0;0;1;0;0;0;
2233;Ibun Baettle-a Stundaerd ooff Hunur;Ebon-Kampfstandarte der Ehre;Vaerd Spell. (14..20 secunds.) Aelleees in thees vaerd deael +8..15 daemaege-a und +7..10 mure-a daemaege-a aegaeeenst Chaerr. Spureets aere-a unaeffffected.;4;-8;26;0;0;10;1;20;0;0;0;1;0;0;0;
2234;Ibun Fungooaerd Sneeper Sooppurt;Ebon-Vorhut-Heckenschützen-Unterstützung;Spell. Deaels 54..90 peeerceeng daemaege-a und inffleects Bleedeeng cundeeshun (5..25 secunds). 10% chunce-a ooff +540..900 peeerceeng daemaege-a. 25% chunce-a ooff +540..900 peeerceeng daemaege-a iff taerget fue-a is a Chaerr.;4;-8;22;0;0;10;1;15;0;0;0;1;0;0;0;
2235;Ibun Fungooaerd Aessaesseen Sooppurt;Ebon-Vorhut-Assassinen-Unterstützung;Spell. Soommuns a lefel 14..20 aessaesseen thaet haes Irun Paelm, Fux Fungs, und Neene-a Taeeel Streeke-a. it Shaedoo Steps tu thees fue-a. Iff thees fue-a is a Chaerr, zee aessaesseen leefes fur 24..30 secunds. Iff thees fue-a is nut a Chaerr, zee aessaesseen leefes fur 12..15 secunds.;4;-8;22;0;0;10;1;30;0;0;0;1;0;0;0;
2236;Vell ooff Rooeen;Brunnen des Ruins;Vell Spell. (5..30 secunds.) Inffleects Craecked Aermur cundeeshun (5..20 secunds) tu uny fue-a in zee vell thaet taekes physeecael daemaege-a. Ixplueets a fresh curpse-a oor saecreeffeeces 66% heaelt.;4;7;28;4;0;10;1;20;0;0;0;0;0;0;0;
2237;Aetruphy;Schwund;Hex Spell. (3..7 secunds.) Redooces thees fue-a's preemaery aettreeboote-a tu 0.;4;7;24;4;0;10;1;20;0;0;0;0;0;0;0;
2238;Speaer ooff Redempshun;Speer der Erlösung;Speaer Aettaeck. Deaels +5..20 daemaege-a. Iff it faeeels tu heet, yuoo luse-a oone-a cundeeshun.;4;37;12;9;0;0;0;0;3;0;0;0;0;0;0;
2353;"Feeneesh Heem!";"Erledigt ihn!";Shuoot. Deaels 44..80 daemaege-a und inffleects Craecked Aermur und Deep Vuoond cundeeshuns (12..20 secunds). Nu iffffect unless taerget fue-a haes less thun 50% Heaelt.;4;-9;20;0;0;10;0;15;0;0;0;1;0;0;0;
2354;"Dudge-a Thees!";"Weicht aus!";Shuoot. (16..20 secunds.) Yuoor next aettaeck is unbluckaeble-a und deaels +14..20 daemaege-a.;4;-9;20;0;0;0;0;0;4;0;0;1;0;0;0;
2355;"I Aem zee Strungest!";Ich bin am stärksten!;Shuoot. Yuoor next 5..8 aettaecks deael +14..20 daemaege-a.;4;-9;20;0;0;5;0;20;0;0;0;1;0;0;0;
2356;"I Aem Unstuppaeble-a!";"Ich bin unaufhaltbar!";Shuoot. (16..20 secunds.) Yuoo haefe-a +24 aermur und cunnut be-a knucked-doon oor Creeppled.;4;-9;20;0;0;5;0;30;0;0;0;1;0;0;0;
2357;A Tuooch ooff Gooeele-a;Ein Funken Arglist;Tuooch Hex Spell. Deaels 44..80 daemaege-a. Taerget fue-a cunnut aettaeck (5..8 secunds) iff it vaes knucked-doon.;4;-9;24;0;0;5;.75;15;0;0;0;1;0;0;0;
2358;"Yuoo Mufe-a Leeke-a a Dvaerff!";"Ihr bewegt Euch wie ein Zwerg!";Shuoot. Deaels 44..80 daemaege-a, cooses knuckdoon, und inffleects Creeppled cundeeshun (8..15 secunds).;4;-9;20;0;0;10;0;10;0;0;0;1;0;0;0;
2359;"Yuoo Aere-a Aell Veaekleengs!";"Ihr seid alle Schwächlinge!";Shuoot. Inffleects Veaekness cundeeshun (8..12 secunds). Aelsu aeffffects aedjaecent fues.;4;-9;20;0;0;5;0;12;0;0;0;1;0;0;0;
2360;Feel Nu Paeeen;Den Schmerz nicht spüren;Skeell. (30 secunds.) Yuoo haefe-a +2..3 Heaelt regeneraeshun. Yuoo haefe-a +200..300 maexeemoom Heaelt iff yuoo aere-a droonk vhee aecteefaeteeng thees skeell.;4;-9;1;0;0;5;0;20;0;0;0;1;0;0;0;
2361;Cloob ooff a Thuoosund Beaers;Tausend-Bären-Prügel;Melee-a Aettaeck. Deaels +6..9 daemaege-a fur iaech aedjaecent fue-a (maexeemoom 60 daemaege-a). Cooses knuck-doon iff taerget fue-a is nun-hoomun.;4;-9;3;0;0;5;0;12;0;0;0;1;0;0;0;
2374;Ursun Blesseeng;Segen der Bärin;Ileete-a Furm. Yuoo luse-a aell iffffects und taeke-a oon zee aespect ooff zee beaer (60 secunds). Aell yuoor aettreebootes aere-a set tu 0 und beaer aettaecks replaece-a yuoor skeells, und yuoo haefe-a 100 aermur und 750..800 Heaelt.;4;-9;15;0;0;10;0;60;0;0;1;1;0;0;0;
2379;Fulffee Blesseeng;Segen des Wolfes;Ileete-a Furm. Yuoo luse-a aell iffffects und taeke-a oon zee aespect ooff zee vulff (60 secunds). Aell yuoor aettreebootes aere-a set tu 0 und vulff aettaecks replaece-a yuoor skeells, und yuoo haefe-a 80 aermur, 660..700 Heaelt, und 2..4 Heaelt regeneraeshun.;4;-9;15;0;0;10;0;60;0;0;1;1;0;0;0;
2384;Raefee Blesseeng;Segen des Raben;Ileete-a Furm. Yuoo luse-a aell iffffects und taeke-a oon zee aespect ooff zee raefee (60 secunds). Aell yuoor aettreebootes aere-a set tu 0 und raefee aettaecks replaece-a yuoor skeells, und yuoo haefe-a 80 aermur, 660..700 Heaelt, und a 20..30% bluck chunce-a.;4;-9;15;0;0;10;0;60;0;0;1;1;0;0;0;
2411;Meendbender;Geistbrecher;Inchuntment Spell. (10..16 secunds.) Yuoo mufe-a 20..33% faester und caest spells 20% faester.;4;-6;23;0;0;5;1;24;0;0;0;1;0;0;0;
2412;Smuut Creemeenael;Durchtriebener Krimineller;Spell. (10..20 secunds.) Deesaebles oone-a spell. Thees skeell becumes thaet spell. Yuoo gaeeen 5..10 Inergy.;4;-6;22;0;0;5;1;20;0;0;0;1;0;0;0;
2413;Technubaebble-a;Technobabbel;Spell. Deaels 30..40 daemaege-a tu taerget und aedjaecent fues. Inffleects Daezed cundeeshun (3..5 secunds) oon zeese-a fues iff taerget vaes nut a buss.;4;-6;22;0;0;10;1;10;0;0;0;1;0;0;0;
2414;Raedeeaeshun Feeeld;Strahlungsfeld;Vaerd Spell. (5 secunds.) Cooses -4..6 Heaelt degeneraeshun tu fues in zee aerea. Ind iffffect: inffleects Deeseaese-a cundeeshun (12..20 secunds) tu fues in zee aerea.;4;-6;26;0;0;15;2;12;0;0;0;1;0;0;0;
2415;Aesoorun Scun;Asurischer Scan;Hex Spell. (9..12 secunds.) Yuoo cunnut meess taerget fue-a. Iff yuoo keell thees fue-a, yuoo luse-a 5% Deaet Penaelty.;4;-6;24;0;0;5;0;5;0;0;0;1;0;0;0;
2416;Aeur ooff Soopereeureety;Hochnäsigkeit;Skeell. (20..30 secunds.) Gaeeen a rundum Aesoora beneffeet ifery teeme-a yuoo iaern ixpereeence-a frum keelleeng un inemy.;4;-6;1;0;0;5;0;20;0;0;0;1;0;0;0;
2417;Mentael Bluck;Geistige Sperre;Inchuntment Spell. (5..11 secunds.) Yuoo haefe-a 50% chunce-a tu bluck. Renooael: ifery teeme-a un inemy heets yuoo.;4;-6;23;0;0;10;1;15;0;0;0;1;0;0;0;
2418;Paeeen Inferter;Schmerztauscher;Hex Spell. (6..10 secunds.) Deaels 100..140% ooff zee daemaege-a (maexeemoom 80) baeck tu taerget fue-a iaech teeme-a it dues daemaege-a.;4;-6;24;0;0;10;1;20;0;0;0;1;0;0;0;
2420;Ibun Iscaepe-a;Ebon-Flucht;Spell. Heaels yuoo und taerget aelly fur 70..110. Ineeteeael iffffect: Shaedoo Step tu thees aelly. Cunnut selff-taerget.;4;-8;22;0;0;5;.25;10;0;0;0;1;0;0;0;
2421;Veaekness Traep;Schwäche-Falle;Traep. (90 secunds.) Aeffffects neaerby fues. Deaels 24..50 leeghtneeng daemaege-a. Inffleects Veaekness cundeeshun (10..20 secunds). Knucks-doon Chaerr. Iaeseely interroopted.;4;-8;30;0;0;10;2;30;0;0;0;1;0;0;0;
2422;Veends;Winde;Ibun Fungooaerd Reetooael. Creaetes a lefel 4..10 spureet (54..90 secund leeffespun.) Aeffffects fues veetheen runge-a. 15% chunce-a tu meess veet runged aettaecks.;4;-8;32;0;0;5;5;30;0;0;0;1;0;0;0;
2423;Dvaerfee Staebeeleety;Zwergenstabilität;Inchuntment Spell. (24..30 secunds.) Yuoor stunces laest 55..100% lunger. Yuoo cunnut be-a knucked-doon iff yuoo aecteefaeted thees skeell vheele-a droonk .;4;-7;23;0;0;5;.25;30;0;0;0;1;0;0;0;
3422;Teeme-a Vaerd;Zeitabwehr;Ileete-a Vaerd Spell. (6..20 secunds.) Aelleees in thees vaerd caest spells 15..20% faester und rechaerge-a skeells 15..20% faester. Aelleeed spureets aere-a nut aeffffected. PfE-a Skeell;0;0;26;5;0;10;2;30;0;0;1;1;0;0;0;
3423;Suool Taeker;Seelengreifer;Ileete-a Inchuntment Spell. (3..30 secunds.) Aettaecks deael +15..20 daemaege-a und saecreeffeece-a 15..20 heaelt. PfE-a Skeell;0;6;23;4;0;5;1;15;0;0;1;1;0;0;0;
3424;Oofer zee Leemeet;Über die Grenze hinaus;Ileete-a Inchuntment Spell. Spells caest 20..50% faester und rechaerge-a 40..80% faester. Cunteenoouoosly gaeeen Oofercaest vheele-a aecteefe-a. PfE-a Skeell;0;12;23;6;-1;5;1;20;0;0;1;1;0;0;0;
3425;Joodgment Streeke-a;Urteilsschlag;Ileete-a Melee-a Aettaeck. Aettaecks taerget und aedjaecent fues fur +13..30 Huly daemaege-a. Cooses knuck doon oon aettaeckeeng fues. PfE-a Skeell;0;16;3;3;0;5;1;8;0;0;1;1;0;0;0;
3426;Sefee Veaepuns Stunce-a;Sieben Waffen-Haltung;Ileete-a Stunce-a. (3..20 secunds.) Veaepun aettreebootes aere-a increaesed by 1..15. Yuoo aettaeck 33% faester. PfE-a Skeell;0;17;29;1;0;5;0;20;0;0;1;1;0;0;0;
3427;"Tugezeer aes Oone-a!";"Gemeinsam als Eines!";Ileete-a Shuoot. (3..15 secunds.) Aell paerty members neaer yuoo oor yuoor pet deael +5..15 daemaege-a und gaeeen +1..7 Heaelt regeneraeshun. PfE-a Skeell;0;23;20;2;0;10;0;15;0;0;1;1;0;0;0;
3428;Shaedoo Zeefft;Schattendiebstahl;Ileete-a Skeell. Shaedoo Step tu taerget fue-a. Fur 5..20 secunds thaet fue-a's aettreebootes aere-a redooced by 1..5 und yuoor aettreebootes aere-a increaesed by 1..5. Cuoonts aes a Leaed Aettaeck. PfE-a Skeell;0;35;1;7;0;5;.25;20;0;0;1;1;0;0;0;
3429;Veaepuns ooff Three-a Furges;Waffen aus drei Schmieden;Ileete-a Veaepun Spell. (3..20 secunds.) Aelleees in iaershut gaeeen zee iffffect ooff a rundum Veaepun Spell. Aelleeed spureets aere-a nut aeffffected. PfE-a Skeell;0;36;27;8;0;10;2;15;0;0;1;1;0;0;0;
3430;Foo ooff Refulooshun;Schwur der Revolution;Ileete-a Inchuntment Spell. (3..10 secunds.) Gaeeen +1..6 inergy regeneraeshun. Renooael: vhenefer yuoo use-a a nun-Derfeesh skeell. PfE-a Skeell;0;44;23;10;0;10;1;20;0;0;1;1;0;0;0;
3431;Herueec Reffraeeen;Heroischer Refrain;Ileete-a Ichu. (3..15 secunds.) Taerget aelly gaeeens +1..3 tu aell aettreebootes. Renooael: ifery teeme-a a chunt oor shuoot inds oon thees aelly. Cunnut taerget spureets. PfE-a Skeell;0;40;14;9;0;5;1;10;0;0;1;1;0;0;0;
3446;Suool Igneeshun;Soul Ignition;Inchuntment Spell. Redooce-a Oofercaest by 1..2 per secund. Yuoo und aell aedjaecent fues aere-a aeffffleected veet boorneeng.;0;12;23;6;-1;10;.5;30;0;0;0;1;0;0;0;
