0;No Skill;No Skill;Empty skill slot;0;-1;0;0;0;0;0;0;0;0;0;0;0;0;0;
1;Siegel der Heilung;Healing Signet;Siegel. Ihr bekommt 82..172 Lebenspunkt[e]. Während Ihr diese Fertigkeit benutzt, habt Ihr -40 Rüstung.;0;21;21;1;0;0;2;4;0;0;0;0;0;0;0;
2;Siegel der Wiederbelebung;Resurrection Signet;Siegel. Das als Ziel ausgewählte Gruppenmitglied wird wiederbelebt. Dieses Gruppenmitglied kehrt mit 100% seiner Lebenspunkte und 25% seiner Energiepunkte ins Leben zurück. Dieses Siegel wird nur dann wieder aufgeladen, wenn Ihr einen Moralschub erhaltet.;0;-1;21;0;0;0;3;0;0;0;0;0;0;0;0;
3;Siegel der Erbeutung;Signet of Capture;Siegel. Wählt eine Fertigkeit von einem toten Boss Eurer Klasse in der Nähe. Siegel der Erbeutung wird dauerhaft mit dieser Fertigkeit ersetzt. Wenn es sich dabei um eine Elite-Fertigkeit handelt, erhaltet Ihr pro Stufe, die Ihr erlangt habt, 250 EP.;0;-1;21;0;0;0;2;2;0;0;0;1;0;0;0;
5;Kraftblock;Power Block;Elite-Zauber. Falls der Gegner einen Zauber oder Anfeuerungsruf wirkt, wird dieser unterbrochen und diese Fertigkeit und alle Fertigkeiten desselben Attributs 1..12 Sekunde[n] lang deaktiviert.;1;2;22;5;0;15;.25;20;0;0;1;0;0;0;0;
6;Mantra der Erde;Mantra of Earth;Haltung. Wann immer Ihr Erdschaden erleidet, ist der Schaden für einen Zeitraum von 30..90 Sekunde[n] um 26..50% reduziert und Ihr erhaltet 2 Energiepunkte.;0;3;29;5;0;10;0;20;0;0;0;0;0;0;0;
7;Mantra des Feuers;Mantra of Flame;Haltung. Wann immer Ihr Feuerschaden erleidet, ist der Schaden für einen Zeitraum von 30..90 Sekunde[n] um 26..50% reduziert und Ihr erhaltet 2 Energiepunkte.;0;3;29;5;0;10;0;20;0;0;0;0;0;0;0;
8;Mantra des Frosts;Mantra of Frost;Haltung. Wann immer Ihr Kälteschaden erleidet, ist der Schaden für einen Zeitraum von 30..90 Sekunde[n] um 26..50% reduziert und Ihr erhaltet 2 Energiepunkte.;0;3;29;5;0;10;0;20;0;0;0;0;0;0;0;
9;Mantra des Blitzes;Mantra of Lightning;Haltung. Wann immer Ihr Blitzschaden erleidet, ist der Schaden für einen Zeitraum von 30..90 Sekunde[n] um 26..50% reduziert und Ihr erhaltet 2 Energiepunkte.;0;3;29;5;0;10;0;20;0;0;0;0;0;0;0;
10;Gebrochene Verhexung;Hex Breaker;Haltung. Wenn Ihr innerhalb der nächsten 5..80 Sekunde[n] Ziel einer Verhexung seid, misslingt diese und der Wirker erleidet 10..46 Punkt[e] Schaden.;0;2;29;5;0;5;0;15;0;0;0;0;0;0;0;
11;Verzerrung;Distortion;Haltung. Ihr habt 1..5 Sekunde[n] lang eine 75%ige Chance, Angriffe zu blocken. Immer, wenn Ihr auf diese Weise einen Angriff blockt, verliert Ihr 2 Energiepunkt[e] oder Verzerrung endet.;1;1;29;5;0;5;0;8;0;0;0;0;0;0;0;
13;Mantra der Erholung;Mantra of Recovery;Elite-Haltung. Die von Euch gewirkten Zauber werden 5..20 Sekunde[n] lang um 33% schneller wieder aufgeladen.;0;0;29;5;0;5;0;15;0;0;1;0;0;0;0;
14;Mantra des Bestehens;Mantra of Persistence;Haltung. 5..25 Sekunde[n] lang halten sämtliche von Euch gewirkten Illusionsmagie-Verhexungen um 10..40% länger an.;0;3;29;5;0;5;0;15;0;0;0;0;0;0;0;
15;Mantra der Inschriften;Mantra of Inscriptions;Haltung. 5..25 Sekunde[n] lang werden Siegel, die Ihr erfolgreich aktiviert, während Ihr Euch in dieser Haltung befindet, um 10..40% schneller aufgeladen.;0;3;29;5;0;10;0;20;0;0;0;0;0;0;0;
16;Mantra der Konzentration;Mantra of Concentration;Haltung. 1..38 Sekunde[n] lang werdet Ihr das nächste Mal, wenn Ihr sonst unterbrochen würdet, nicht unterbrochen.;1;3;29;5;0;5;0;30;0;0;0;0;0;0;0;
17;Mantra des Abschlusses;Mantra of Resolve;Haltung. Ihr könnt 30..90 Sekunde[n] lang nicht unterbrochen werden, aber jedes Mal, wenn Ihr normalerweise unterbrochen würdet, verliert Ihr 10..4 Energiepunkt[e] oder Mantra des Abschlusses endet.;0;3;29;5;0;10;0;20;0;0;0;0;0;0;0;
18;Mantra der Siegel;Mantra of Signets;Haltung. 10..40 Sekunde[n] lang habt Ihr +3 Rüstung für jedes ausgerüstete Siegel. Wenn Ihr ein Siegel einsetzt, erhaltet Ihr 5..60 Lebenspunkt[e].;1;3;29;5;0;5;0;20;0;0;0;0;0;0;0;
19;Zerbrechlichkeit;Fragility;Verhexung. 8..20 Sekunde[n] lang erleiden Gegner und umstehende Feinde jedes Mal, wenn sie unter einem neuen Zustand leiden oder sich davon erholen, 5..20 Punkt[e] Schaden.;0;1;24;5;0;5;1;5;0;0;0;0;0;0;0;
21;Inspirierte Verzauberung;Inspired Enchantment;Zauber. Eine Verzauberung wird vom Gegner entfernt und Ihr und erhaltet 3..15 Energiepunkt[e]. Inspirierte Verzauberung wird 20 Sekunden lang durch die dem Gegner genommene Verzauberung ersetzt.;1;3;22;5;0;10;1;0;0;0;0;0;0;0;0;
22;Inspirierte Verhexung;Inspired Hex;Zauber. Eine Verhexung wird von einem Verbündeten (bzw. Euch selbst) entfernt und Ihr erhaltet 4..10 Energiepunkt[e]. Inspirierte Verhexung wird 20 Sekunden lang durch die entfernte Verhexung ersetzt.;1;3;22;5;0;5;1;0;0;0;0;0;0;0;0;
23;Kraftdorn;Power Spike;Zauber. Wenn der Gegner einen Zauber oder einen Anfeuerungsruf wirkt, wird dieser unterbrochen und der Gegner erleidet 30..120 Punkt[e] Schaden.;0;2;22;5;0;5;.25;12;0;0;0;0;0;0;0;
24;Kraftleck;Power Leak;Zauber. Wenn der Gegner einen Zauber oder Anfeuerungsruf wirkt, wird dieser unterbrochen und der Gegner verliert 3..17 Energiepunkt[e].;1;2;22;5;0;10;.25;20;0;0;0;0;0;0;0;
25;Kraftentzug;Power Drain;Zauber. Wenn der Gegner einen Zauber oder Anfeuerungsruf wirkt, wird dieser unterbrochen und Ihr erhaltet 1..31 Energiepunkt[e].;0;3;22;5;0;5;.25;20;0;0;0;0;0;0;0;
26;Empathie;Empathy;Verhexung. 5..15 Sekunde[n] lang erleidet der Gegner bei jedem seiner Angriffe 10..55 Punkt[e] Schaden und verursacht 1..15 Punkt[e] weniger Schaden.;0;2;24;5;0;10;2;10;0;0;0;0;0;0;0;
27;Täuschungen brechen;Shatter Delusions;Zauber. Entfernt eine Mesmer-Verhexung vom anvisierten Gegner. Dabei erleidet der Gegner 15..75 Schaden, und alle benachbarten Gegner erleiden 75 % dieses Schadens.;1;2;22;5;0;5;.25;6;0;0;0;0;0;0;0;
28;Rückschlag;Backfire;Verhexung. 10 Sekunden lang erleidet der Gegner für jeden gewirkten Zauber 35..140 Punkt[e] Schaden.;0;2;24;5;0;15;3;20;0;0;0;0;0;0;0;
29;Blackout;Blackout;Fertigkeit. 2..8 Sekunde[n] lang werden alle Fertigkeiten des berührten Gegners deaktiviert und alle Eure eigenen Fertigkeiten werden 5 Sekunden lang deaktiviert.;1;2;1;5;0;10;1;12;0;0;0;0;0;0;0;
30;Ablenkung;Diversion;Verhexung. 6 Sekunden lang, benötigt das Wiederaufladen dieser Fertigkeit zusätzlich 10..56 Sekunde[n], wenn der Gegner das nächste Mal eine Fertigkeit benutzt.;0;2;24;5;0;10;3;12;0;0;0;0;0;0;0;
31;Trugbild beschwören;Conjure Phantasm;Verhexung. 4..18 Sekunde[n] lang unterliegt der Gegner einer Lebenspunktdegeneration von -5.;0;1;24;5;0;10;1;5;0;0;0;0;0;0;0;
32;Illusion der Schwäche;Illusion of Weakness;Verzauberung. Ihr verliert 50..240 Lebenspunkt[e]. "Illusion der Schwäche" endet, wenn der Schaden Eure Lebenspunkte unter 25% Eurer maximalen Lebenspunkte bringt. Wenn "Illusion der Schwäche" endet, bekommt Ihr 50..240 Lebenspunkt[e].;1;1;23;5;0;10;2;30;0;0;0;0;0;0;0;
33;Illusion der Waffen;Illusionary Weaponry;Elite-Verzauberung. 30 Sekunden lang sind Eure Nahkampfangriffe weder erfolgreich noch erfolglos. Stattdessen verursacht Illusion der Waffen bei jedem Nahkampfangriff 20..60 Punkt[e] Schaden an Euren Gegnern. Ihr habt +5 Rüstung pro ausgerüsteter Illusionsmagie-Fertigkeit.;1;1;23;5;0;5;1;10;0;0;1;0;0;0;0;
34;Sympathisches Gesicht;Sympathetic Visage;Verzauberung. 4..10 Sekunde[n] lang verlieren alle umstehenden Feinde jedes Mal, wenn der Verbündete (bzw. Ihr selbst) im Nahkampf getroffen wird, sämtliches Adrenalin sowie drei Energiepunkte.;1;1;23;5;0;10;1;20;0;0;0;0;0;0;0;
35;Ignoranz;Ignorance;Verhexung. 8..20 Sekunde[n] lang kann der Gegner keine Siegel benutzen.;0;2;24;5;0;10;1;10;0;0;0;0;0;0;0;
36;Arkanes Rätsel;Arcane Conundrum;Verhexung. 5..15 Sekunde[n] lang brauchen der Gegner und alle umstehenden Feinde doppelt so lange, um ihre Zauber zu wirken. Wenn diese Verhexung endet, erhaltet Ihr 1..7 Energiepunkt[e].;0;1;24;5;0;10;2;30;0;0;0;0;0;0;0;
37;Illusion der Eile;Illusion of Haste;Verzauberung. 5..11 Sekunde[n] lang seid Ihr nicht mehr verkrüppelt und bewegt Euch um 33% schneller. Wenn Illusion der Eile endet, werdet Ihr 3 Sekunde[n] lang in den Zustand der Verkrüppelung versetzt.;0;1;23;5;0;5;1;5;0;0;0;0;0;0;0;
38;Kanalisieren;Channeling;Verzauberung. 8..56 Sekunde[n] lang erhaltet für jeden Gegner in dem Bereich jeweils einen Energiepunkt, wann immer Ihr einen Zauber wirkt.;1;3;23;5;0;5;1;10;0;0;0;0;0;0;0;
39;Energiewelle;Energy Surge;Elite-Zauber. Der anvisierte Gegner verliert 1..10 Energie. Für jeden verlorenen Energiepunkt nimmt er 7 Schaden, und alle Gegner in der Nähe erleiden 75 % dieses Schadens.;0;2;22;5;0;5;2;15;0;0;1;0;0;0;0;
40;Ätherschmaus;Ether Feast;Zauber. Der Gegner verliert 3 Punkte Energie. Für jeden verlorenen Energiepunkt erfahrt Ihr 20..65 Punkt[e] Heilung.;0;3;22;5;0;5;1;8;0;0;0;0;0;0;0;
41;Herr über den Äther;Ether Lord;Verhexung. Ihr verliert Eure gesamte Energie. 5..10 Sekunde[n] lang unterliegt der Gegner einer Energiedegeneration von -1..3 und Ihr erfreut Euch einer zusätzlichen Energieregeneration von 1..3.;1;3;24;5;0;5;2;20;0;0;0;0;0;0;0;
42;Energiebrand;Energy Burn;Zauber. Der Gegner verliert 1..10 Energiepunkt[e] und erleidet für jeden verlorenen Energiepunkt 9 Punkt[e] Schaden.;0;2;22;5;0;10;2;20;0;0;0;0;0;0;0;
43;Ungeschick;Clumsiness;Verhexung. 4 Sekunden lang werden der Gegner und umstehende Feinde mit Ungeschick verhext. Beim nächsten Angriff jedes Feindes wird der Angriff unterbrochen und der Feind erleidet 10..80 Punkt[e] Schaden.;0;1;24;5;0;10;2;12;0;0;0;0;0;0;0;
44;Phantomschmerz;Phantom Pain;Verhexung. 10 Sekunden lang unterliegt der Gegner einer Lebenspunktdegeneration von -1..4. Wenn Phantomschmerz endet, erleidet dieser Gegner eine Tiefe Wunde, die seine maximalen Lebenspunkte 5..20 Sekunde[n] lang um 20% reduziert.;1;1;24;5;0;5;2;10;0;0;0;0;0;0;0;
45;Ätherische Bürde;Ethereal Burden;Verhexung. 6..12 Sekunden lang bewegt sich der Gegner um 50% langsamer. Wenn Ätherische Bürde endet, erhaltet Ihr 10..18 Energiepunkt[e].;1;1;24;5;0;15;1.5;30;0;0;0;0;0;0;0;
46;Schuld;Guilt;Verhexung. 6 Sekunde[n] lang schlägt der nächste Zauber des Widersachers auf einen anderen Widersacher fehl und Ihr entzieht jenem Widersacher bis zu 5..14 Energiepunkt[e].;1;2;24;5;0;5;2;25;0;0;0;0;0;0;0;
47;Unbeholfenheit;Ineptitude;Elite-Verhexung. 4 Sekunde[n] lang erleiden der Gegner und alle umstehenden Gegner bei ihrem nächsten Angriff 30..135 Punkt[e] Schaden und werden 10 Sekunden lang geblendet.;1;1;24;5;0;10;1;15;0;0;1;0;0;0;0;
48;Geist des Versagens;Spirit of Failure;Verhexung. 30 Sekunden lang besteht eine 25%ige Wahrscheinlichkeit, dass der Gegner bei seinen Angriffen nicht trifft. Ihr erhaltet für jeden misslungenen Angriff 1..3 Energiepunkt[e].;1;3;24;5;0;15;3;20;0;0;0;0;0;0;0;
49;Geistiges Wrack;Mind Wrack;Verhexung. Ist der Gegner das Ziel einer Eurer Mesmer-Fertigkeiten, die keine Verhexung ist, verliert er 5..40 Sekunden lang 1 Energiepunkt und erleidet 5..25 Schadenspunkt[e] pro verlorenem Energiepunkt. Sinken die Energiepunkte des Gegners auf 0, erleidet er 15..100 Punkt[e] Schaden und Geistiges Wrack endet.;0;2;24;5;0;5;1;7;0;0;0;0;0;0;0;
50;Verschwendung;Wastrel's Worry;Verhexung. Nach 3 Sekunden erleidet der anvisierte Gegner 20..100 Schaden, und alle benachbarten Gegner erleiden 75 % dieses Schadens. Wenn dieser Gegner erfolgreich eine Fertigkeit anwendet, endet Verschwendung frühzeitig und richtet keinen Schaden an.;1;2;24;5;0;5;.25;2;0;0;0;0;0;0;0;
51;Schande;Shame;Verhexung. 6 Sekunde[n] lang schlägt der nächste Zauber des Gegners auf einen Verbündeten fehl und Ihr entzieht dem Widersacher bis zu 5..14 Energiepunkt[e].;1;2;24;5;0;10;2;30;0;0;0;0;0;0;0;
52;Panik;Panic;Elite-Verhexung. 1..10 Sekunde[n] lang wirkt die Verhexung "Panik" auf den Gegner und alle Gegner in der Nähe. Verwendet ein mit "Panik" verhexter Gegner eine Fertigkeit erfolgreich, werden alle Gegner in der Nähe unterbrochen.;1;2;24;5;0;10;1;15;0;0;1;0;0;0;0;
53;Migräne;Migraine;Elite-Verhexung. 5..20 Sekunde[n] lang unterliegt der Gegner einer Lebenspunktdegeneration von -1..8 und benötigt 100% länger, um Fertigkeiten zu aktivieren.;1;1;24;5;0;10;2;12;0;0;1;0;0;0;0;
54;Verkrüppelnde Qual;Crippling Anguish;Elite-Verhexung. 5..20 Sekunde[n] lang sind Bewegung und Angriffe des Ziels um 50% langsamer. Der Gegner unterliegt außerdem einer Lebenspunktdegeneration von -1..8.;0;1;24;5;0;5;1;12;0;0;1;0;0;0;0;
55;Fieberträume;Fevered Dreams;Elite-Verhexung. 10..25 Sekunde[n] lang leiden jedes Mal, wenn der Gegner unter einem neuen Zustand leidet, alle Feinde in dem Bereich ebenfalls unter diesem. Wenn der Gegner mit zwei oder mehr Zuständen belegt ist, wird er für 1..3 Sekunde[n] benommen sein.;1;1;24;5;0;5;1;10;0;0;1;0;0;0;0;
56;Beruhigende Bilder;Soothing Images;Verhexung. 8..20 Sekunde[n] lang können der Gegner und alle umstehenden Feinde kein Adrenalin bekommen.;0;1;24;5;0;15;2;8;0;0;0;0;0;0;0;
57;Schrei der Frustration;Cry of Frustration;Zauber. Wenn der anvisierte Gegner eine Fertigkeit verwendet, wird er dabei gestört, so wie auch alle anderen Gegner im Bereich. Er erleidet 15..75 Schaden, und die anderen Gegner jeweils 75 % dieses Schadens.;0;2;22;5;0;10;.25;20;0;0;0;0;0;0;0;
58;Siegel der Mitternacht;Signet of Midnight;Elite-Siegel. Ihr werdet gemeinsam mit dem berührten Gegner 15 Sekunden lang geblendet.;1;-1;21;5;0;0;2;10;0;0;1;0;0;0;0;
59;Siegel der Müdigkeit;Signet of Weariness;Siegel. Der Gegner und alle Feinde in der Nähe verlieren 3..8 Energiepunkt[e] und leiden 1..12 Sekunde[n] lang an Schwäche.;1;2;21;5;0;0;2;30;0;0;0;0;0;0;0;
61;Blutsauger-Siegel;Leech Signet;Siegel. Unterbricht die Aktion des Gegners. Falls diese Aktion ein Zauber war, bekommt Ihr 3..15 Energiepunkt[e].;0;3;21;5;0;0;.25;30;0;0;0;0;0;0;0;
62;Siegel der Demut;Signet of Humility;Siegel. Die Elite-Fertigkeit des Gegners wird 1..16 Sekunde[n] lang deaktiviert. Eure Nicht-Mesmer-Fertigkeiten werden 4 Sekunde[n] lang deaktiviert.;0;3;21;5;0;0;3;20;0;0;0;0;0;0;0;
63;Schlussstein-Siegel;Keystone Signet;Elite-Siegel. Alle Eure Siegel außer dem Schlussstein-Siegel werden wieder aufgeladen. Wenn Ihr in den nächsten 20 Sekunden die nächsten 0..6 Mal ein Siegel gegen einen Gegner einsetzt, erleiden alle anderen umstehenden Feinde 15..60 Punkt[e] Schaden und werden unterbrochen.;1;0;21;5;0;0;1;15;0;0;1;0;0;0;0;
65;Arkane Mimikry;Arcane Mimicry;Zauber. 20 Sekunden lang wird Arkane Mimikry die Elite-Fertigkeit des Verbündeten, mit der er sich nicht verwandelt.;0;-1;22;5;0;15;2;60;0;0;0;0;0;0;0;
66;Geistfesseln;Spirit Shackles;Verhexung. 5..20 Sekunde[n] lang verliert der Gegner bei jedem Angriff 5 Energiepunkte.;0;3;24;5;0;10;3;8;0;0;0;0;0;0;0;
67;Verhexung brechen;Shatter Hex;Zauber. Entfernt eine Verhexung vom Verbündeten (bzw. Euch selbst). Beim Entfernen einer Verhexung erleiden alle Gegner in der Nähe dieses Verbündeten 30..120 Punkt[e] Schaden.;0;2;22;5;0;10;1;10;0;0;0;0;0;0;0;
68;Verzauberung entziehen;Drain Enchantment;Zauber. Entfernt eine Verzauberung vom Gegner. Wenn eine Verzauberung entfernt wird, bekommt Ihr 8..17 Energiepunkt[e] und 40..120 Lebenspunkt[e].;0;3;22;5;0;5;2;20;0;0;0;0;0;0;0;
69;Verzauberung brechen;Shatter Enchantment;Zauber. Entfernt eine Verzauberung vom Gegner. Beim Entfernen einer Verzauberung erleidet dieser 14..100 Punkt[e] Schaden.;0;2;22;5;0;10;1;20;0;0;0;0;0;0;0;
72;Elementarwiderstand;Elemental Resistance;Haltung. 30..90 Sekunde[n] lang bekommt Ihr +40 Rüstung gegen Elementarschaden, verliert jedoch 24..12 Rüstung gegen physischen Schaden.;1;3;29;5;0;10;0;20;0;0;0;0;0;0;0;
73;Körperlicher Widerstand;Physical Resistance;Haltung. 30..90 Sekunde[n] lang bekommt Ihr +40 Rüstung gegen physischen Schaden, verliert jedoch 24..12 Rüstung gegen Elementarschaden.;1;3;29;5;0;10;0;20;0;0;0;0;0;0;0;
74;Echo;Echo;Elite-Verzauberung. 30 Sekunde[n] lang wird Echo durch die nächste von Euch benutzte Fertigkeit ersetzt. Echo wirkt 30 Sekunden lang wie diese Fertigkeit.;0;-1;23;5;0;5;1;10;0;0;1;0;0;0;0;
75;Arkanes Echo;Arcane Echo;Verzauberung. Falls Ihr in den nächsten 20 Sekunde[n] einen Zauber wirkt, wird Arkanes Echo 20 Sekunden lang durch diesen Zauber ersetzt. Arkanes Echo endet vorzeitig, wenn Ihr eine Fertigkeit benutzt, die kein Zauber ist.;0;-1;23;5;0;15;2;20;0;0;0;0;0;0;0;
76;Eingebildete Bürde;Imagined Burden;Verhexung. 8..20 Sekunde[n] lang bewegt sich der Gegner um 50% langsamer.;0;1;24;5;0;15;1;30;0;0;0;0;0;0;0;
77;Chaossturm;Chaos Storm;Zauber. An der Position des Gegners wird ein Chaossturm erzeugt, der 10 Sekunden lang anhält. Umstehende Feinde erleiden pro Sekunde 5..25 Punkt[e] Schaden und verlieren 0..2 Energiepunkt[e].;1;2;22;5;0;5;2;30;0;0;0;0;0;0;0;
78;Epidemie;Epidemic;Zauber. Verteilt alle negativen Zustände und ihre verbleibende Dauer vom Gegner auf alle ihn umstehenden Feinde.;0;-1;22;5;0;5;.25;5;0;0;0;0;0;0;0;
79;Energieentzug;Energy Drain;Elite-Zauber. Der Gegner verliert 2..9 Energiepunkt[e]. Ihr erhaltet für jeden verlorenen Energiepunkt 3 Energiepunkte.;0;3;22;5;0;5;1;20;0;0;1;0;0;0;0;
80;Energie abzapfen;Energy Tap;Zauber. Der Gegner verliert 4..7 Energiepunkt[e]. Ihr erhaltet für jeden verlorenen Energiepunkt 2 Energiepunkte.;0;3;22;5;0;5;2;30;0;0;0;0;0;0;0;
81;Arkaner Diebstahl;Arcane Thievery;Zauber. 5..35 Sekunde[n] lang wird ein zufällig gewählter Zauber des Gegners deaktiviert und Arkaner Diebstahl wird durch diesen Zauber ersetzt.;1;2;22;5;0;10;1;0;0;0;0;0;0;0;0;
82;Mantra der Zurückrufung;Mantra of Recall;Elite-Verzauberung. 20 Sekunde[n] lang erhaltet Ihr daraus keinen Vorteil. Allerdings erhaltet Ihr, wenn Mantra der Zurückrufung endet, 10..25 Energiepunkt[e].;1;3;23;5;0;10;1;30;0;0;1;0;0;0;0;
83;Knochenschreck beleben;Animate Bone Horror;Zauber. Der nächste Kadaver wird als Knochenschreck der Stufe 1..17 belebt.;1;5;22;4;0;5;1;5;0;0;0;0;0;0;0;
84;Knochenteufel beleben;Animate Bone Fiend;Zauber. Der nächste Kadaver wird als Knochenteufel der Stufe 1..17 belebt. Knochenteufel können aus der Ferne angreifen.;0;5;22;4;0;15;1;5;0;0;0;0;0;0;0;
85;Knochendiener beleben;Animate Bone Minions;Zauber. Der nächste Kadaver wird als zwei Knochendiener der Stufe 0..12 belebt.;0;5;22;4;0;10;1;5;0;0;0;0;0;0;0;
86;Grenths Ausgleich;Grenth's Balance;Elite-Zauber. Wenn der Gegner mehr Lebenspunkte als Ihr hat, erhaltet Ihr die Hälfte der Differenz (bis zu Euren maximalen Lebenspunkten) und der Gegner verliert die gleiche Punktzahl. Falls dieser Gegner weniger Lebenspunkte hat als Ihr, verliert Ihr die Hälfte der Differenz und er erhält die gleiche Menge.;0;-1;22;4;0;10;.25;10;0;0;1;0;0;0;0;
87;Veratas Starren;Verata's Gaze;Zauber. Hat der anvisierte feindliche belebte Untote einen Meister, so wird die Bindung an diesen Meister zerstört, und er reagiert auf alle anderen Kreaturen feindlich. Hat er keinen Meister, so werdet Ihr zu seinem Meister und heilt ihn um 60..80. (Bei Todesmagie von 4 oder darunter beträgt die Chance eines Fehlschlags 50 %.);1;5;22;4;0;5;1;5;0;0;0;0;0;0;0;
88;Veratas Aura;Verata's Aura;Verzauberung. Alle belebten feindlichen Untoten in dem Bereich werden an Euch gebunden. Nach 120..300 Sekunde[n] verliert Veratas Aura ihre Wirkung. Wenn Veratas Aura endet, verliert Ihr Eure Verbindung zu allen an Euch gebundenen Untoten. (Bei einer Todesmagie von 4 oder weniger besteht eine 50%ige Wahrscheinlichkeit für einen Misserfolg.);1;5;23;4;0;15;.75;30;0;33;0;0;0;0;0;
89;Tödliche Kühlung;Deathly Chill;Zauber. Der Gegner erleidet 5..50 Punkte Kälteschaden. Sind seine Lebenspunkte über 50%, verursacht Ihr zusätzlich 5..50 Punkt[e] Schattenschaden.;1;5;22;4;0;10;1;5;0;0;0;0;0;0;0;
90;Veratas Opfer;Verata's Sacrifice;Zauber. 5..10 Sekunde[n] lang erfahren Eure untoten Verbündeten eine Lebenspunktregeneration von +10. Alle Zustände werden von diesen Verbündeten entfernt und auf Euch übertragen. Wenn dieser Zauber erfolgreich ist und Ihr 3 oder weniger Diener kontrolliert, wird Veratas Opfer sofort wieder aufgeladen.;1;5;22;4;0;10;2;60;0;15;0;0;0;0;0;
91;Brunnen der Kraft;Well of Power;Elite-Brunnenzauber. Nutzt die nächstbeste Leiche oder opfert 66 % Eurer Lebenspunkte, um an ihrem Fundort einen Brunnen der Kraft zu erzeugen. Für 10..30 Sekunden erhalten Verbündete in Bereich des Brunnens +1..6 Lebenspunktregeneration und +2 Energieregeneration.;1;4;28;4;0;5;1;10;0;0;1;0;0;0;0;
92;Brunnen des Blutes;Well of Blood;Brunnenzauber. Nutzt die nächstbeste Leiche oder opfert 66 % Eurer Lebenspunkte, um an ihrem Fundort einen Brunnen des Blutes zu erzeugen. Für 8..20 Sekunden erhalten Verbündete in diesem Bereich +1..6 Lebenspunktregeneration.;0;4;28;4;0;10;1;2;0;0;0;0;0;0;0;
93;Brunnen des Leidens;Well of Suffering;Brunnenzauber. Nutzt die nächstbeste Leiche oder opfert 66 % Eurer Lebenspunkte, um an ihrem Fundort einen Brunnen des Leidens zu erzeugen. Für 10..30 Sekunden erleiden Gegner in diesem Bereich -1..6 Lebenspunktdegeneration.;1;5;28;4;0;10;1;10;0;0;0;0;0;0;0;
94;Gottloser Brunnen;Well of the Profane;Brunnenzauber. Nutzt die nächstbeste Leiche oder opfert 66 % Eurer Lebenspunkte, um an ihrem Fundort einen Brunnen des Profanen zu erzeugen. Für 8..20 Sekunden verlieren Gegner in diesem Bereich ihre sämtlichen Verzauberungen und können auch nicht mehr Ziel weiter verzaubert werden. (Bei Todesmagie von 4 oder darunter beträgt die Chance eines Fehlschlags 50 %.);0;5;28;4;0;25;3;10;0;0;0;0;0;0;0;
95;Explosion der Verwesung;Putrid Explosion;Zauber. Der Kadaver, der Eurem Ziel am nächsten ist, explodiert und sendet eine Schockwelle aus, die allen in der Nähe befindlichen Gegnern 24..120 Punkt[e] Schaden zufügt.;0;5;22;4;0;10;1;5;0;0;0;0;0;0;0;
96;Seelenschmaus;Soul Feast;Zauber. Benutzt den Kadaver, der Euch am nächsten ist, um 50..280 Lebenspunkt[e] zu erhalten.;0;5;22;4;0;10;1;0;0;0;0;0;0;0;0;
97;Nekrotische Verwechslung;Necrotic Traversal;Zauber. Nutzt eine zufällige Leiche oder opfert 30..20 % Lebenspunkte, um Euch an den Ort des Zielgegners zu teleportieren. Ihr seid 6 Sekunden lang erkrankt, und alle Gegner in der Nähe werden 5..20 Sekunden lang vergiftet.;1;5;22;4;0;5;.75;0;0;0;0;0;0;0;0;
98;Kadaver verzehren;Consume Corpse;Zauber. Benutzt einen willkürlichen Kadaver, um zu seiner Position zu teleportieren, und Ihr erhaltet 25..100 Lebenspunkt[e] und 5..20 Energiepunkt[e].;1;5;22;4;0;5;1;0;0;0;0;0;0;0;0;
99;Parasitäre Fesseln;Parasitic Bond;Verhexung. 20 Sekunden lang unterliegt der Gegner einer Lebenspunktdegeneration von -1. Wenn Parasitäre Fesseln endet, wird der Wirker um 30..120 Lebenspunkt[e] geheilt.;0;7;24;4;0;5;1;2;0;0;0;0;0;0;0;
100;Seelenwiderhaken;Soul Barbs;Verhexung. 30 Sekunden lang erleidet der Gegner immer dann 15..30 Punkt[e] Schaden, wenn er von einer Verzauberung oder einer Verhexung getroffen wird.;1;7;24;4;0;10;2;10;0;0;0;0;0;0;0;
101;Widerhaken;Barbs;Verhexung. Der Gegner erleidet 30 Sekunden lang 4..16 Punkt[e] mehr Schaden, wenn ihm physischer Schaden zugefügt wird.;0;7;24;4;0;10;1;5;0;0;0;0;0;0;0;
102;Schattenschlag;Shadow Strike;Zauber. Der Gegner erleidet 12..48 Punkt[e] Schattenschaden. Sind seine Lebenspunkte über 50%, entzieht Ihr ihm bis zu 12..48 Lebenspunkt[e].;1;4;22;4;0;10;2;15;0;0;0;0;0;0;0;
103;Preis des Versagens;Price of Failure;Verhexung. 30 Sekunden lang besteht eine 25%ige Wahrscheinlichkeit, dass die Angriffe des Gegners fehlschlagen. Für jeden Fehlschlag im Kampf erleidet er 1..46 Punkt[e] Schaden.;1;7;24;4;0;15;2;20;0;0;0;0;0;0;0;
104;Todesnova;Death Nova;Verzauberung. Falls der Verbündete (bzw. Ihr selbst) innerhalb der nächsten 30 Sekunden stirbt, erleiden alle umstehenden Feinde 26..100 Punkt[e] Schaden und werden 15 Sekunde[n] lang vergiftet.;0;5;23;4;0;5;2;0;0;0;0;0;0;0;0;
105;Tödlicher Schwarm;Deathly Swarm;Zauber. Tödlicher Schwarm breitet sich langsam aus und fügt bis zu drei Zielen in dem Bereich 30..90 Punkt[e] Kälteschaden zu.;0;5;22;4;0;10;2;6;0;0;0;0;0;0;0;
106;Verrottendes Fleisch;Rotting Flesh;Zauber. Der als Ziel ausgewählte Gegner aus Fleisch und Blut erkrankt 10..25 Sekunde[n] lang und verliert allmählich Lebenspunkte.;0;5;22;4;0;15;3;3;0;0;0;0;0;0;0;
107;Ansteckung;Virulence;Elite-Zauber. Falls der Gegner bereits an einem Zustand leidet, leidet er 3..15 Sekunde[n] lang unter Krankheit, Gift und Schwäche.;1;5;22;4;0;5;1;15;0;0;1;0;0;0;0;
108;Leiden;Suffering;Verhexung. 6..30 Sekunde[n] lang unterliegen der Gegner und alle in der Nähe befindlichen Feinde einer Lebenspunktdegeneration von -0..3.;0;7;24;4;0;15;1;10;0;0;0;0;0;0;0;
109;Leben abzapfen;Life Siphon;Verhexung. 12..24 Sekunde[n] lang unterliegt der Gegner einer Lebenspunktdegeneration von 1..3 und Ihr selbst erfreut Euch einer zusätzlichen Lebenspunktregeneration von 1..3.;0;4;24;4;0;10;1;5;0;0;0;0;0;0;0;
110;Unheiliger Schmaus;Unholy Feast;Zauber. Entzieht bis zu 1..4 Gegnern in dem Bereich bis zu 10..65 Lebenspunkt[e].;0;4;22;4;0;15;.75;8;0;0;0;0;0;0;0;
111;Das Blut erwecken;Awaken the Blood;Verzauberung. 20..44 Sekunde[n] lang erhöht sich Euer Blutmagie- und Flücheattribut um 2, aber jedes Mal, wenn Ihr Lebenspunkte opfert, opfert Ihr 50% mehr als normal.;1;4;23;4;0;10;1;45;0;0;0;0;0;0;0;
112;Verzauberungsschändung;Desecrate Enchantments;Zauber. Der Zielgegner und alle in seiner Nähe befindlichen Gegner erleiden 6..60 Punkt[e] Schattenschaden sowie zusätzlich 4..20 Punkt[e] Schattenschaden für jede auf ihnen liegende Verzauberung.;1;7;22;4;0;10;2;15;0;0;0;0;0;0;0;
113;Verdorbenes Fleisch;Tainted Flesh;Elite-Verzauberung. 20..44 Sekunden lang sind Verbündete in diesem Bereich immun gegen Krankheit, und jeder, der diese Verbündeten im Nahkampf trifft, erkrankt für 3..15 Sekunden.;0;5;23;4;0;5;1;0;0;0;1;0;0;0;0;
114;Aura des Lich;Aura of the Lich;Elite-Verzauberung. Alle Kadaver in Hörweite werden benutzt und Ihr belebt einen Knochenschreck der Stufe 1..17 sowie einen für jeden auf diese Weise benutzten Kadaver. 5..45 Sekunde[n] lang ist Euer Todesmagie-Attribut um +1 erhöht.;1;5;23;4;0;15;2;45;0;0;1;0;0;0;0;
115;Bluterneuerung;Blood Renewal;Verzauberung. 7 Sekunden lang erfreut Ihr Euch einer Lebenspunktregeneration von +3..6. Wenn Bluterneuerung endet, bekommt Ihr 40..190 Lebenspunkt[e].;1;4;23;4;0;1;1;7;0;15;0;0;0;0;0;
116;Dunkle Aura;Dark Aura;Verzauberung. 30 Sekunden lang fügt "Dunkle Aura" jedes Mal, wenn der Verbündete (bzw. Ihr selbst) Lebenspunkte opfert, allen umstehenden Feinden 5..50 Punkt[e] Schattenschaden zu. Außerdem verliert Ihr 5..20 Lebenspunkt[e].;0;5;23;4;0;10;1;10;0;0;0;0;0;0;0;
117;Schwächen;Enfeeble;Zauber. Das ausgewählte Ziel leidet 10..30 Sekunde[n] lang an Schwäche.;1;7;22;4;0;5;.25;5;0;0;0;0;0;0;0;
118;Schwächendes Blut;Enfeebling Blood;Zauber. Der Gegner und alle Feinde in der Nähe leiden 5..20 Sekunde[n] lang unter Schwäche.;0;7;22;4;0;1;1;8;0;10;0;0;0;0;0;
119;Blut ist Kraft;Blood is Power;Elite-Verzauberung. 10 Sekunden lang erhält der Verbündete +3..6 Energieregeneration.;0;4;23;4;0;1;.25;0;0;33;1;0;0;0;0;
120;Blut des Meisters;Blood of the Master;Zauber. Alle Eure untoten Verbündeten werden um 30..116 Lebenspunkt[e] geheilt. Ihr opfert pro Diener, der auf diese Weise geheilt wird, zusätzlich 2% maximale Lebenspunkte.;0;5;22;4;0;5;1;2;0;5;0;0;0;0;0;
121;Boshafter Geist;Spiteful Spirit;Elite-Verhexung. 10..25 Sekunde[n] lang fügt Boshafter Geist jedes Mal, wenn der Gegner angreift oder eine Fertigkeit benutzt, diesem und allen ihn umstehenden Verbündeten 15..45 Punkt[e] Schattenschaden zu.;1;7;24;4;0;15;2;10;0;0;1;0;0;0;0;
122;Unheilvoller Eingriff;Malign Intervention;Verhexung. 5..20 Sekunde[n] lang verschafft Heilung dem Gegner 20% weniger Vorteile. Wenn der Gegner stirbt, während er mit Unheilvoller Eingriff verhext ist, wird ein herrenloser Knochenschreck der Stufe 1..17 belebt.;1;5;24;4;0;10;1;5;0;0;0;0;0;0;0;
123;Heimtückischer Parasit;Insidious Parasite;Verhexung. 5..15 Sekunde[n] lang entzieht Ihr dem Gegner jedes Mal, wenn sein Angriff trifft, bis zu 15..45 Lebenspunkt[e].;1;7;24;4;0;10;1;8;0;0;0;0;0;0;0;
124;Rückenschauer;Spinal Shivers;Verhexung. 10..40 Sekunde[n] lang wird der Gegner jedes Mal, wenn er beim Anwenden einer Fertigkeit mit Kälteschaden getroffen wird, unterbrochen und Ihr verliert 8..3 Energiepunkt[e] oder Rückenschauer endet.;1;7;24;4;0;10;2;15;0;0;0;0;0;0;0;
125;Verwelken;Wither;Elite-Verhexung. 5..35 Sekunde[n] lang unterliegt der Gegner einer Lebenspunktdegeneration von -2..4 und einer Energiedegeneration von -1. Wenn die Energie des Gegners auf 0 gefallen ist, nimmt dieser Gegner 15..75 Punkt[e] Schaden und Verwelken endet.;1;7;24;4;0;10;1;5;0;0;1;0;0;0;0;
126;Lebensübertragung;Life Transfer;Elite-Verhexung. 6..12 Sekunde[n] lang unterliegen der Gegner und ihn umstehende Feinde einer Lebenspunktdegeneration von -3..8, die Euch als Lebenspunktregeneration zugute kommt.;1;4;24;4;0;5;1;20;0;0;1;0;0;0;0;
127;Zeichen der Subversion;Mark of Subversion;Verhexung. 6 Sekunde[n] lang schlägt der nächste Zauber des Gegners auf einen seiner Verbündeten fehl und Ihr entzieht dem Widersacher bis zu 10..92 Lebenspunkt[e].;1;4;24;4;0;10;2;30;0;0;0;0;0;0;0;
128;Seelenfresser;Soul Leech;Elite-Verhexung. 10 Sekunden lang entzieht Ihr dem Gegner jedes Mal, wenn er einen Zauber wirkt, bis zu 16..80 Lebenspunkt[e].;1;4;24;4;0;15;1;7;0;0;1;0;0;0;0;
129;Fleisch schänden;Defile Flesh;Verhexung. 5..35 Sekunde[n] lang erhält der Gegner bei einer Heilung nur zwei Drittel der Lebenspunkte.;0;7;24;4;0;10;1;10;0;10;0;0;0;0;0;
130;Dämonenfleisch;Demonic Flesh;Verzauberung. Während der nächsten 30..60 Sekunde[n] erleiden jedes Mal, wenn Ihr eine Fertigkeit auf einen Feind anwendet, alle umstehenden Feinde 5..20 Punkt[e] Schattenschaden.;0;4;23;4;0;5;1;30;0;0;0;0;0;0;0;
131;Siegel der Widerhaken;Barbed Signet;Siegel. Ihr fügt 3..15 Sekunde[n] lang Eurem Gegner und allen umstehenden Gegnern eine Blutung zu.;0;4;21;4;0;0;1;10;0;8;0;0;0;0;0;
132;Pest-Siegel;Plague Signet;Elite-Siegel. Alle negativen Zustände mit 100..200% ihrer verbleibenden Dauer werden von Euch auf den Gegner übertragen. (Bei Flüchen von 4 oder weniger besteht eine 50%ige Wahrscheinlichkeit für einen Misserfolg.);0;7;21;4;0;0;1;4;0;0;1;0;0;0;0;
133;Dunkler Pakt;Dark Pact;Zauber. Fügt dem Gegner 20..60 Punkt[e] Schattenschaden zu.;0;4;22;4;0;1;1;2;0;10;0;0;0;0;0;
134;Orden der Schmerzen;Order of Pain;Verzauberung. 5 Sekunden lang fügt ein Gruppenmitglied jedes Mal, wenn es einem Gegner physischen Schaden zufügt, +3..16 Punkt[e] Schaden zu.;0;4;23;4;0;10;2;0;0;17;0;0;0;0;0;
135;Mutlosigkeit;Faintheartedness;Verhexung. Während der nächsten 4..18 Sekunde[n] greift der Gegner um 50% langsamer an und er unterliegt einer Lebenspunktdegeneration von -1..3.;0;7;24;4;0;10;1;8;0;0;0;0;0;0;0;
136;Schatten der Angst;Shadow of Fear;Verhexung. Der Zielgegner und alle umstehenden Gegner greifen während der nächsten 5..30 Sekunde[n] 50% langsamer an.;1;7;24;4;0;10;2;5;0;0;0;0;0;0;0;
137;Totenstarre;Rigor Mortis;Verhexung. 8..20 Sekunde[n] lang kann der Gegner nicht blocken.;0;7;24;4;0;10;1;20;0;0;0;0;0;0;0;
138;Dunkles Band;Dark Bond;Verzauberung. Während der nächsten 30..60 Sekunde[n] erleidet der Diener, der Euch am nächsten ist, jedes Mal, wenn Ihr Schaden unterliegt, 75% dieses Schadens an Eurer Stelle.;0;4;23;4;0;5;2;20;0;0;0;0;0;0;0;
139;Zustand einflößen;Infuse Condition;Verzauberung. Während der nächsten 15..60 Sekunde[n] wird jeder Zustand, den Ihr erhaltet, stattdessen auf Euren nächsten Diener übertragen.;1;5;23;4;0;5;1;20;0;0;0;0;0;0;0;
140;Unwohlsein;Malaise;Verhexung. 5..35 Sekunde[n] lang unterliegt der Gegner einer Energiedegeneration von -1 und Ihr erleidet eine Lebenspunktdegeneration von -1. Wenn die Energie des Gegners auf 0 gefallen ist, erleidet er 5..50 Punkt[e] Schaden und Unwohlsein endet.;1;7;24;4;0;5;2;2;0;0;0;0;0;0;0;
141;Verzauberungen entreißen;Rend Enchantments;Zauber. Entfernt 5..9 Verzauberung[en] vom Gegner. Für jede entfernte Mönch-Verzauberung verliert Ihr 55..25 Lebenspunkt[e].;0;7;22;4;0;5;2;20;0;0;0;0;0;0;0;
142;Bleibender Fluch;Lingering Curse;Elite-Verhexung. 6..30 Sekunde[n] lang unterliegen der Gegner und alle in der Nähe befindlichen Feinde einer Lebenspunktdegeneration von -1..4 und Heilung verschafft ihnen um 25% weniger Vorteile.;0;7;24;4;0;15;1;10;0;0;1;0;0;0;0;
143;Verzauberung rauben;Strip Enchantment;Zauber. Entfernt 0..2 Verzauberung[en] vom Gegner. Beim Entfernen einer Verzauberung entzieht Ihr 5..65 Lebenspunkt[e].;0;4;22;4;0;10;1;20;0;0;0;0;0;0;0;
144;Frostbeulen;Chilblains;Zauber. Ihr werdet 10 Sekunden lang vergiftet. Gegner in dem Bereich Eures Gegners erleiden 10..44 Punkt[e] Kälteschaden und verlieren 1..2 Verzauberungen.;0;7;22;4;0;25;2;8;0;0;0;0;0;0;0;
145;Siegel der Qual;Signet of Agony;Siegel. Ihr leidet 25 Sekunden lang unter einer Blutung. Alle in der Nähe befindlichen Gegner erleiden 10..70 Punkt[e] Schaden.;0;4;21;4;0;0;.75;8;0;10;0;0;0;0;0;
146;Blutopfer;Offering of Blood;Elite-Zauber. Ihr erhaltet 8..20 Energiepunkt[e].;1;4;22;4;0;1;.25;15;0;20;1;0;0;0;0;
147;Dunkle Wut;Dark Fury;Verzauberung. 5 Sekunden lang erhält jedes Gruppenmitglied bei einem erfolgreichen Angriff einen Adrenalinstoß. (Bei einer Blutmagie von 4 oder weniger besteht eine 50%ige Wahrscheinlichkeit für einen Misserfolg.);1;4;23;4;0;10;.75;5;0;17;0;0;0;0;0;
148;Orden des Vampirs;Order of the Vampire;Elite-Verzauberung. 5 Sekunden lang entzieht ein Gruppenmitglied, das nicht mit einer anderen Nekromanten-Verzauberung belegt ist, jedes Mal, wenn es einem Gegner physischen Schaden zufügt, diesem Gegner bis zu 3..16 Lebenspunkt[e].;1;4;23;4;0;5;2;5;0;17;1;0;0;0;0;
149;Pest aussenden;Plague Sending;Zauber. Übertragt 1..3 negative Zustände und ihre verbleibende Dauer von Euch auf den Gegner und alle umstehenden Feinde.;1;7;22;4;0;1;1;5;0;10;0;0;0;0;0;
150;Zeichen des Schmerzes;Mark of Pain;Verhexung. 30 Sekunden lang fügt "Zeichen des Schmerzes" immer dann, wenn der Zielgegner physischen Schaden nimmt, umstehenden Feinden 10..40 Punkte Schattenschaden zu.;0;7;24;4;0;10;1;20;0;0;0;0;0;0;0;
151;Schmaus der Verdorbenheit;Feast of Corruption;Elite-Zauber. Der Gegner und alle umstehenden Feinde erleiden 16..80 Punkt[e] Schattenschaden. Ihr entzieht allen getroffenen Gegnern, die unter einer Verhexung leiden, bis zu 8..40 Lebenspunkt[e].;1;7;22;4;0;15;2;15;0;0;1;0;0;0;0;
152;Geschmack des Todes;Taste of Death;Zauber. Entzieht dem belebten untoten Verbündeten bis zu 100..400 Lebenspunkt[e].;0;5;22;4;0;5;.25;0;0;0;0;0;0;0;0;
153;Vampir-Starren;Vampiric Gaze;Zauber. Entzieht dem Gegner bis zu 18..60 Lebenspunkt[e].;0;4;22;4;0;10;1;8;0;0;0;0;0;0;0;
154;Pest-Berührung;Plague Touch;Fertigkeit. Übertragt 1..3 negative Zustände und ihre verbleibende Dauer von Euch auf den berührten Gegner.;0;7;1;4;0;5;.75;0;0;0;0;0;0;0;0;
155;Abscheuliche Berührung;Vile Touch;Fertigkeit. Der Gegner erleidet durch die Berührung 20..65 Punkt[e] Schaden.;0;5;1;4;0;10;.75;2;0;0;0;0;0;0;0;
156;Vampir-Berührung;Vampiric Touch;Fertigkeit. Entzieht dem Gegner durch die Berührung 29..74 Lebenspunkt[e].;1;4;1;4;0;15;.75;2;0;0;0;0;0;0;0;
157;Blutritual;Blood Ritual;Verzauberung. 8..14 Sekunde[n] lang erfreut sich der berührte Verbündete einer Energieregeneration von +3. Blutritual kann nicht auf den Wirker angewendet werden.;1;4;23;4;0;5;1;2;0;17;0;0;0;0;0;
158;Berührung der Qual;Touch of Agony;Fertigkeit. Der berührte Gegner erleidet 20..58 Punkt[e] Schattenschaden.;1;4;1;4;0;1;.75;3;0;10;0;0;0;0;0;
159;Rüstung schwächen;Weaken Armor;Zauber. Der Gegner und ihn umstehende Feinde leiden 5..20 Sekunde[n] lang an Beschädigter Rüstung.;0;7;22;4;0;5;.5;5;0;0;0;0;0;0;0;
160;Windgeschwindigkeit;Windborne Speed;Verzauberung. 5..13 Sekunde[n] lang bewegt sich der Verbündete (bzw. Ihr selbst) um 33% schneller.;1;8;23;6;0;10;.75;5;0;0;0;0;0;0;0;
162;Orkan;Gale;Zauber. Der Gegner wird 2 Sekunden lang zu Boden geworfen. (Bei Luftmagie von 4 oder weniger besteht eine 50%ige Wahrscheinlichkeit für einen Misserfolg.);0;8;22;6;0;10;1;5;0;0;0;0;10;0;0;
163;Wirbelsturm;Whirlwind;Zauber. Alle umstehenden Feinde erleiden 15..75 Punkte Kälteschaden. Angreifende Gegner werden von "Wirbelsturm" erfasst und zu Boden geworfen. Wenn Ihr Überzaubert seid, trifft dieser Zauber Feinde in der Nähe, anstatt umstehende Feinde.;1;8;22;6;0;5;.75;8;0;0;0;0;0;0;0;
164;Elementareinstimmung;Elemental Attunement;Elite-Verzauberung. 25..60 Sekunden lang seid Ihr auf Luft, Feuer, Wasser und Erde eingestimmt und erhaltet +1..2 auf diese Attribute. Ihr erhaltet jedes Mal 1 Energie plus 50 % der Grund-Energiekosten der Fertigkeit, wenn Ihr Magie einsetzt, die mit einem dieser Elemente verbunden ist.;0;12;23;6;0;10;1;20;0;0;1;0;0;0;0;
165;Erdrüstung;Armor of Earth;Verzauberung. 30 Sekunden lang erhaltet Ihr 24..60 Rüstung, bewegt Euch jedoch um 50..14% langsamer.;0;9;23;6;0;10;.75;15;0;0;0;0;0;0;0;
166;Kinetik-Rüstung;Kinetic Armor;Verzauberung. Ihr erhaltet für 12 Sekunden +20..80 Rüstung. Jedes Mal, wenn Ihr einen Zauber wirkt, wird Kinetische Rüstung für 12 Sekunden erneuert.;1;9;23;6;0;15;3;30;0;0;0;0;0;0;0;
167;Eruption;Eruption;Zauber. An der Position des Gegners wird eine Eruption erzeugt. 5 Sekunden lang erleiden Feinde in der Nähe dieser Position pro Sekunde 10..40 Punkt[e] Erdschaden und werden 10 Sekunden lang geblendet.;1;9;22;6;0;25;2;30;0;0;0;0;0;0;0;
168;Magnet-Aura;Magnetic Aura;Verzauberung. Für 1..8 Sekunden blockt Ihr den nächsten gegen Euch gerichteten Angriff und Euer Angreifer erleidet 10..50 Punkte Schaden. Wenn Ihr Überzaubert seid, werden alle Gruppenmitglieder in Hörweite ebenfalls verzaubert.;1;9;23;6;0;10;1;12;0;0;0;0;0;0;0;
169;Erdeinstimmung;Earth Attunement;Verzauberung. 36..60 Sekunde[n] lang seid Ihr auf Erde eingestimmt. Jedes Mal, wenn Ihr Erdmagie verwendet, erhaltet Ihr 1 Energiepunkt sowie 30% der Basisenergiekosten der Fertigkeit.;0;9;23;6;0;10;1;30;0;0;0;0;0;0;0;
170;Erdbeben;Earthquake;Zauber. An der Position des Gegners wird ein Erdbeben erzeugt. Alle Gegner in diesem Gebiet werden zu Boden geworfen und erleiden 26..100 Punkt[e] Erdschaden.;1;9;22;6;0;25;3;15;0;0;0;0;10;0;0;
171;Steinigung;Stoning;Zauber. Sendet einen großen Stein aus, der dem Gegner 45..105 Punkt[e] Erdschaden zufügt, falls er trifft. Wenn Steinigung einen Gegner trifft, der unter Schwäche leidet, wird er zu Boden geworfen.;0;9;22;6;0;15;1;5;0;0;0;0;0;0;0;
172;Steindolche;Stone Daggers;Zauber. Sendet zwei Steindolche aus. Jeder Steindolch fügt dem Gegner 8..33 Punkte Erdschaden zu, wenn er trifft. Wenn Ihr Überzaubert seid, verursacht jedes Geschoss für 1..5 Sekunden Blutung.;0;9;22;6;0;5;1;0;0;0;0;0;0;0;0;
173;Zupackende Erde;Grasping Earth;Verhexung. 5..20 Sekunde[n] lang bewegen sich alle Feinde in der Nähe um 50% langsamer.;1;9;24;6;0;10;.75;12;0;0;0;0;0;0;0;
174;Nachbeben;Aftershock;Zauber. Umstehende Feinde erleiden 15..85 Punkte Erdschaden. Zu Boden geworfene Feinde erleiden 15..85 Punkte zusätzlichen Erdschaden.;0;9;22;6;0;10;.75;10;0;0;0;0;0;0;0;
175;Abwehr gegen Elemente;Ward Against Elements;Abwehrzauber. Ihr erzeugt an Eurer aktuellen Position eine Abwehr gegen Elemente. 8..20 Sekunde[n] lang erhalten Verbündete, die keine Geister sind, in dem Bereich +24 Rüstung gegen Elementarschaden.;1;9;26;6;0;10;1;20;0;0;0;0;0;0;0;
176;Abwehr gegen Nahkampf;Ward Against Melee;Abwehrzauber. Ihr erzeugt an Eurer aktuellen Position eine Abwehr gegen Nahkampf. 5..20 Sekunde[n] lang haben Verbündete, die keine Geister sind, in diesem Bereich eine 50%ige Chance, Nahkampfangriffe zu blocken.;0;9;26;6;0;15;1;30;0;0;0;0;0;0;0;
177;Abwehr gegen Feinde;Ward Against Foes;Abwehrzauber. Ihr erzeugt an Eurer aktuellen Position eine Abwehr gegen Feinde. 8..20 Sekunde[n] lang bewegen sich Gegner, die keine Geister sind, in diesem Bereich um 50% langsamer.;0;9;26;6;0;15;1;20;0;0;0;0;0;0;0;
178;Ätherwunder;Ether Prodigy;Elite-Verzauberung. Alle Verzauberungen gehen verloren. 8..20 Sekunde[n] lang erhaltet Ihr eine Energieregeneration von +6. Wenn Ätherwunder endet, verliert Ihr für jeden Energiepunkt, den Ihr habt, 2 Lebenspunkt[e].;1;12;23;6;0;5;1;5;0;0;1;0;10;0;0;
179;Brandbänder;Incendiary Bonds;Verhexung. Nach 3 Sekunden erleiden der Gegner und alle Feinde in der Nähe 20..80 Punkte Feuerschaden und werden 1..3 Sekunden lang in Brand gesetzt. Wird früher aktiviert, wenn der anvisierte Gegner stirbt.;1;10;24;6;0;10;1;7;0;0;0;0;5;0;0;
180;Wiederherstellungs-Aura;Aura of Restoration;Verzauberung. 60 Sekunden lang gewinnt Ihr jedes Mal, wenn Ihr einen Zauber wirkt, 0..1 Energie und Heilung in Höhe von 200..500% der jeweiligen Energiekosten.;0;12;23;6;0;5;.25;20;0;0;0;0;0;0;0;
181;Äthererneuerung;Ether Renewal;Elite-Verzauberung. 5..20 Sekunde[n] lang bekommt Ihr jedes Mal, wenn Ihr einen Zauber wirkt, 1..4 Energiepunkt[e] und 5..20 Lebenspunkt[e] für jede Verzauberung, die auf Euch liegt.;1;12;23;6;0;10;1;30;0;0;1;0;0;0;0;
182;Flammenbeschwörung;Conjure Flame;Verzauberung. 60 Sekunden lang richten Eure Angriffe 5..20 Punkt[e] zusätzlichen Feuerschaden an, wenn Ihr eine Feuerwaffe führt.;0;10;23;6;0;10;1;30;0;0;0;0;0;0;0;
183;Inferno;Inferno;Zauber. Alle umstehenden Feinde erleiden 30..135 Punkt[e] Feuerschaden.;0;10;22;6;0;10;.75;10;0;0;0;0;0;0;0;
184;Feuereinstimmung;Fire Attunement;Verzauberung. 36..60 Sekunde[n] lang seid Ihr auf Feuer eingestimmt. Jedes Mal, wenn Ihr Feuermagie verwendet, erhaltet Ihr 1 Energiepunkt sowie 30% der Basisenergiekosten der Fertigkeit.;0;10;23;6;0;10;1;30;0;0;0;0;0;0;0;
185;Geistige Verbrennung;Mind Burn;Elite-Zauber. Gegner und umstehende Feinde erleiden 15..60 Punkt[e] Feuerschaden. Falls Ihr mehr Energie als der Gegner habt, erleiden er und alle umstehenden Feinde zusätzlich 15..60 Punkt[e] Feuerschaden und werden 1..10 Sekunde[n] lang in Brand gesetzt.;0;10;22;6;0;5;1;5;0;0;1;0;5;0;0;
186;Feuerball;Fireball;Zauber. Schleudert einen Feuerball, der anvisierte Gegner und alle Gegner in der Nähe für 7..112 Feuerschaden trifft.;0;10;22;6;0;10;1.5;7;0;0;0;0;0;0;0;
187;Meteor;Meteor;Zauber. Der Gegner und alle umstehenden Feinde erleiden 7..112 Punkt[e] Feuerschaden und werden zu Boden geworfen.;0;10;22;6;0;5;2;30;0;0;0;0;10;0;0;
188;Flammenstoß;Flame Burst;Zauber. Alle Feinde in der Nähe erleiden 15..120 Punkt[e] Feuerschaden.;1;10;22;6;0;15;.75;5;0;0;0;0;0;0;0;
189;Anrufung von Rodgort;Rodgort's Invocation;Zauber. Der Gegner und alle Feinde in der Nähe erleiden 15..120 Punkt[e] Feuerschaden und werden 1..3 Sekunde[n] lang in Brand gesetzt.;1;10;22;6;0;25;2;8;0;0;0;0;0;0;0;
190;Zeichen des Rodgort;Mark of Rodgort;Verhexung. Der Gegner und alle Feinde in der Nähe werden mit dem Zeichen des Rodgort verhext. 10..35 Sekunde[n] lang wird jeder Feind jedes Mal, wenn er Feuerschaden erleidet, 1..4 Sekunde[n] lang in Brand gesetzt.;1;10;24;6;0;15;1;15;0;0;0;0;0;0;0;
191;Feueropfer;Immolate;Zauber. Der Gegner erleidet 20..75 Punkt[e] Feuerschaden und wird für 1..3 Sekunde[n] in Brand gesetzt.;0;10;22;6;0;10;1;5;0;0;0;0;0;0;0;
192;Meteorschauer;Meteor Shower;Zauber. An der Position des Gegners wird ein Meteorschauer erzeugt. Während der nächsten 9 Sekunden erleiden umstehende Gegner 7..112 Punkt[e] Feuerschaden und werden alle 3 Sekunden zu Boden geworfen.;1;10;22;6;0;25;5;60;0;0;0;0;10;0;0;
193;Phönix;Phoenix;Zauber. An Eurer Position steigt ein feuriger Phönix empor, fliegt zu Eurem Ziel und explodiert, sobald er dort aufschlägt. Diese Explosion richtet beim Gegner und umstehenden Feinden 10..60 Punkte Feuerschaden an. Wenn Ihr Überzaubert seid, werden Verbündete im Explosionsradius für 20..80 Lebenspunkte geheilt.;1;10;22;6;0;10;1.5;7;0;0;0;0;0;0;0;
194;Feuergeschoss;Flare;Zauber. Sendet ein Feuergeschoss aus, das dem Gegner 20..65 Punkte Feuerschaden zufügt, falls es trifft. Wenn Ihr Überzaubert seid, trifft dieser Zauber umstehende Feinde ebenfalls.;0;10;22;6;0;5;1;0;0;0;0;0;0;0;0;
195;Lavabecken;Lava Font;Zauber. 5 Sekunden lang erleiden umstehende Gegner am Wirkungsort dieses Zaubers 5..50 Punkte Feuerschaden pro Sekunde. Wenn Ihr Überzaubert seid, trifft dieser Zauber Feinde in der Nähe, anstatt umstehende Feinde.;1;10;22;6;0;10;1.5;4;0;0;0;0;0;0;0;
196;Sengende Hitze;Searing Heat;Zauber. An der Position des Gegners wird Sengende Hitze erzeugt. 5 Sekunden lang erleiden Feinde in der Nähe pro Sekunde je 10..40 Punkt[e] Feuerschaden. Wenn Sengende Hitze endet, werden die im Wirkungsbereich befindlichen Feinde 3 Sekunden lang in Brand gesetzt.;1;10;22;6;0;15;2;25;0;0;0;0;0;0;0;
197;Feuersturm;Fire Storm;Zauber. An der Position des Gegners wird ein Feuersturm erzeugt. Während der nächsten 10 Sekunden erleiden umstehende Gegner 5..35 Punkt[e] Feuerschaden pro Sekunde.;0;10;22;6;0;10;2;20;0;0;0;0;0;0;0;
198;Glyphe der Elementarkraft;Glyph of Elemental Power;Glyphe. 25 Sekunden lang sind Eure Elementarattribute für Eure nächsten 10 Zauber um 2 erhöht.;0;-1;16;6;0;5;1;5;0;0;0;0;0;0;0;
199;Glyphe der Energie;Glyph of Energy;Elite-Glyphe. Eure nächsten 1..3 Zauber verursachen kein Überzaubern und kosten 10..25 Energiepunkte weniger. Eure Elementarattribute sind um 1..2 erhöht.;1;12;16;6;0;5;1;25;0;0;1;0;0;0;0;
200;Glyphe der geringeren Energie;Glyph of Lesser Energy;Glyphe. Während der nächsten 15 Sekunden kostet das Wirken Eurer nächsten 2 Zauber 10..18 Energiepunkte weniger.;0;12;16;6;0;5;1;30;0;0;0;0;0;0;0;
201;Glyphe der Konzentration;Glyph of Concentration;Glyphe. 15 Sekunden lang können Eure nächsten 1 Zauber nicht unterbrochen werden und berücksichtigen die Auswirkungen von Benommenheit nicht.;1;-1;16;6;0;5;1;10;0;0;0;0;0;0;0;
202;Glyphe der Opferung;Glyph of Sacrifice;Glyphe. 15 Sekunde[n] lang wirkt Euer nächster Zauber sofort, benötigt aber für die Wiederaufladung 30 Sekunde[n] länger. Endet vorzeitig, wenn Ihr eine Nicht-Zauber-Fertigkeit verwendet.;1;-1;16;6;0;5;1;15;0;0;0;0;0;0;0;
203;Glyphe der Erneuerung;Glyph of Renewal;Elite-Glyphe. 15 Sekunden lang wird Euer nächster Zauber sofort wieder aufgeladen.;1;-1;16;6;0;5;1;10;0;0;1;0;0;0;0;
204;Rost;Rust;Verhexung. Richtet beim Gegner und umstehenden Feinden 10..85 Punkte Kälteschaden an. 5..20 Sekunden lang benötigen der Gegner und alle umstehenden Feinden doppelt so lange, um Siegel zu aktivieren. Wenn Ihr Überzaubert seid, werden Siegel von Gegnern, die von Rost getroffen sind, unterbrochen und für 1..10 Sekunden deaktiviert.;0;11;24;6;0;10;1;8;0;0;0;0;0;0;0;
205;Blitzwelle;Lightning Surge;Elite-Verhexung. Nach 3 Sekunden wird der Gegner zu Boden geworfen, erleidet 14..100 Punkt[e] Blitzschaden und leidet 5..20 Sekunde[n] lang an Beschädigter Rüstung. Dieser Zauber hat eine Rüstungsdurchdringung von 25%.;0;8;24;6;0;10;1;10;0;0;1;0;0;0;0;
206;Frostrüstung;Armor of Frost;Verzauberung. 10..34 Sekunde[n] lang bekommt Ihr +40 Rüstung gegen physischen Schaden und Eure Wassermagie ist um +1 erhöht.;1;11;23;6;0;5;1;20;0;0;0;0;0;0;0;
207;Frost beschwören;Conjure Frost;Verzauberung. 60 Sekunden lang richten Eure Angriffe 5..20 Punkt[e] zusätzlichen Kälteschaden an, wenn Ihr eine Kältewaffe führt.;0;11;23;6;0;10;1;30;0;0;0;0;0;0;0;
208;Wassereinstimmung;Water Attunement;Verzauberung. 36..60 Sekunde[n] lang seid Ihr auf Wasser eingestimmt. Jedes Mal, wenn Ihr Wassermagie verwendet, erhaltet Ihr 1 Energiepunkt sowie 30% der Basisenergiekosten der Fertigkeit.;0;11;23;6;0;10;1;30;0;0;0;0;0;0;0;
209;Geistige Erfrierung;Mind Freeze;Elite-Verhexung. Der Gegner erleidet 10..60 Punkt[e] Kälteschaden. Wenn Ihr mehr Energie als der Gegner habt, erleidet dieser zusätzlich 10..60 Punkt[e] Kälteschaden und bewegt sich 1..5 Sekunde[n] lang um 90% langsamer. Dieser Zauber ruft Erschöpfung hervor.;0;11;24;6;0;5;1;5;0;0;1;0;5;0;0;
210;Eisgefängnis;Ice Prison;Verhexung. 8..20 Sekunde[n] lang werden die Beine des Gegners von Eis umschlossen, wodurch seine Bewegungen um 66% langsamer werden.;1;11;24;6;0;10;2;30;0;0;0;0;0;0;0;
211;Eisdornen;Ice Spikes;Verhexung. Der Gegner sowie umstehende Feinde erleiden 20..80 Punkt[e] Kälteschaden und bewegen sich 2..6 Sekunde[n] lang um 66% langsamer.;0;11;24;6;0;15;1.5;10;0;0;0;0;0;0;0;
212;Frostexplosion;Frozen Burst;Verhexung. Alle in der Nähe befindlichen Gegner erleiden 10..85 Punkt[e] Kälteschaden und bewegen sich 3..8 Sekunde[n] lang um 66% langsamer.;1;11;24;6;0;15;.75;8;0;0;0;0;0;0;0;
213;Scherbensturm;Shard Storm;Verhexung. Sendet eine Eisscherbe aus, die dem Gegner 10..85 Punkt[e] Kälteschaden zufügt, wenn sie trifft und dazu führt, dass er sich 2..6 Sekunde[n] lang um 66% langsamer bewegt.;1;11;24;6;0;10;1;10;0;0;0;0;0;0;0;
214;Eisspeer;Ice Spear;Verzauberung. Sendet einen Eisspeer aus, der dem Gegner 10..60 Punkte Kälteschaden zufügt, wenn er trifft. Wenn Ihr Überzaubert seid, habt Ihr 5 Sekunden lang +1..4 Lebenspunktregeneration.;0;11;23;6;0;5;1;0;0;0;0;0;0;0;0;
215;Strudel;Maelstrom;Zauber. An der Position des Gegners wird ein Strudel erzeugt. 10 Sekunden lang erleiden umstehende Feinde in diesem Bereich pro Sekunde 10..25 Punkt[e] Kälteschaden. Wenn Strudel trifft, wird dadurch das Wirken von Zaubern unterbrochen.;0;11;22;6;0;15;1.5;20;0;0;0;0;10;0;0;
216;Eisennebel;Iron Mist;Verzauberung. 8..15 Sekunden lang habt Ihr +15 Rüstung. Eure Luftmagie-Zauber, die einen Gegner als Ziel haben, werden 33 % schneller aktiviert und wiederaufgeladen, aber Ihr seid 2 Punkte überlastet.;1;9;23;6;0;10;1;20;0;0;0;0;0;0;0;
217;Kristallwelle;Crystal Wave;Zauber. Umstehende Gegner erleiden 10..70 Punkte Schaden, werden jedoch von sämtlichen negativen Zuständen geheilt. Jeder entfernte Zustand verursacht 5..15 Schaden.;1;9;22;6;0;15;.75;15;0;0;0;0;0;0;0;
218;Obsidianfleisch;Obsidian Flesh;Elite-Verzauberung. 8..20 Sekunde[n] lang erhaltet Ihr +20 Rüstung und könnt nicht zum Ziel von feindlichen Zaubern werden. Dafür könnt Ihr nicht angreifen und erleidet -2 Energiedegeneration.;0;9;23;6;0;25;1;30;0;0;1;0;0;0;0;
219;Obsidianflamme;Obsidian Flame;Zauber. Fügt dem Gegner 22..112 Punkt[e] Schaden zu. Dieser Zauber ignoriert Rüstung.;0;9;22;6;0;5;1.5;5;0;0;0;0;5;0;0;
220;Blitzblendung;Blinding Flash;Zauber. Der als Ziel ausgewählte Feind wird 3..8 Sekunde[n] lang geblendet.;0;8;22;6;0;10;.75;8;0;0;0;0;0;0;0;
221;Blitzbeschwörung;Conjure Lightning;Verzauberung. 60 Sekunden lang richten Eure Angriffe 5..20 Punkt[e] zusätzlichen Blitzschaden an, wenn Ihr eine Blitzwaffe führt.;0;8;23;6;0;10;1;30;0;0;0;0;0;0;0;
222;Blitzschlag;Lightning Strike;Verhexung. Fügt dem Gegner 10..60 Punkte Blitzschaden zu. Dieser Zauber hat eine Rüstungsdurchdringung von 25%. Wenn Ihr Überzaubert seid, wird dieser Gegner für 3 Sekunden mit Blitzschlag verhext. Wenn diese Verhexung endet, wird diesem Gegner noch einmal 20..40 Punkte Blitzschaden zugefügt.;0;8;24;6;0;5;1;5;0;0;0;0;0;0;0;
223;Kettenblitz;Chain Lightning;Zauber. Der Gegner und bis zu zwei andere in der Nähe befindliche Feinde erleiden 10..85 Punkt[e] Blitzschaden. Dieser Zauber hat eine Rüstungsdurchdringung von 25%.;1;8;22;6;0;10;2;6;0;0;0;0;5;0;0;
224;Schwächende Aufladung;Enervating Charge;Zauber. Der Gegner wird getroffen, erleidet 25..50 Punkt[e] Blitzschaden und leidet 5..20 Sekunde[n] lang an Schwäche. Dieser Zauber hat eine Rüstungsdurchdringung von 25%.;0;8;22;6;0;10;1;8;0;0;0;0;0;0;0;
225;Lufteinstimmung;Air Attunement;Verzauberung. 36..60 Sekunde[n] lang seid Ihr auf Luft eingestimmt. Jedes Mal, wenn Ihr Luftmagie verwendet, erhaltet Ihr 1 Energiepunkt sowie 30% der Basisenergiekosten der Fertigkeit.;0;8;23;6;0;10;1;30;0;0;0;0;0;0;0;
226;Geistiger Schock;Mind Shock;Elite-Zauber. Der Gegner erleidet 10..50 Punkt[e] Blitzschaden. Wenn Ihr mehr Energie als der Gegner habt, erleidet er 10..50 Punkt[e] zusätzlichen Blitzschaden und wird zu Boden geworfen. Dieser Zauber hat eine Rüstungsdurchdringung von 25%.;1;8;22;6;0;5;1;8;0;0;1;0;5;0;0;
227;Schimmerndes Zeichen;Glimmering Mark;Elite-Verhexung. 10 Sekunde[n] lang erleiden der Feind und alle umstehenden Gegner pro Sekunde 5..25 Punkt[e] Schaden. Gegner, die Angriffsfertigkeiten verwenden, werden 3 Sekunde[n] lang geblendet. Diese Verhexung endet, wenn Ihr eine Fertigkeit mit diesem Gegner als Ziel verwendet.;1;8;24;6;0;10;1;15;0;0;1;0;0;0;0;
228;Donnerschlag;Thunderclap;Elite-Zauber. Erzeugt eine massive Schockwelle am Standort des anvisierten Gegners. Fügt dem Ziel und allen Gegnern in der Nähe 10..50 Blitzschaden zu. Getroffene Gegner werden unterbrochen und erleiden für 5..20 Sekunden Zerborstene Rüstung und Schwäche. Dieser Zauber besitzt 25 % Rüstungspenetration.;1;8;22;6;0;10;1;8;0;0;1;0;0;0;0;
229;Kugelblitz;Lightning Orb;Zauber. Sendet einen Kugelblitz aus, der dem Gegner 10..100 Punkte Blitzschaden zufügt. Dieser Zauber hat eine Rüstungsdurchdringung von 25%.;0;8;22;6;0;10;2;5;0;0;0;0;0;0;0;
230;Blitzspeer;Lightning Javelin;Zauber. Schleudert einen Blitzspeer, der, falls er trifft, 15..50 Punkte Blitzschaden zufügt. Blitzspeer unterbricht angreifende Gegner. Dieser Zauber hat eine Rüstungsdurchdringung von 25% und trifft alle Feinde zwischen Euch und Eurem Ziel.;1;8;22;6;0;5;1;5;0;0;0;0;0;0;0;
231;Schock;Shock;Fertigkeit. Der berührte Gegner wird zu Boden geworfen und erleidet 10..60 Punkt[e] Blitzschaden. Diese Fertigkeit hat eine Rüstungsdurchdringung von 25%.;1;8;1;6;0;5;.75;10;0;0;0;0;10;0;0;
232;Blitz-Berührung;Lightning Touch;Fertigkeit. Der berührte Gegner und alle umstehenden Feinde erleiden 10..60 Punkte Blitzschaden, sind für 1..4 Sekunden geblendet und erleiden für 1..10 Sekunden Beschädigte Rüstung. Diese Fertigkeit hat eine Rüstungsdurchdringung von 25%.;0;8;1;6;0;5;.75;5;0;0;0;0;0;0;0;
233;Wirbelnde Aura;Swirling Aura;Verzauberung. Für 3..7 Sekunden seid Ihr mit Wirbelnde Aura verzaubert und habt 1..6 Lebenspunktregeneration und eine 50%ige Wahrscheinlichkeit, dass Geschosse geblockt werden. Wenn Ihr Überzaubert seid, wenn Ihr diesen zauber wirkt, werden alle Gruppenmitglieder in Hörweite ebenfalls verzaubert.;1;11;23;6;0;10;1;15;0;0;0;0;0;0;0;
234;Tiefgefrieren;Deep Freeze;Verhexung. Die Position des Gegners wird tiefgefroren. Alle Feinde in diesem Bereich erleiden 10..85 Punkt[e] Kälteschaden und bewegen sich 10 Sekunden lang um 66% langsamer.;0;11;24;6;0;25;2;15;0;0;0;0;0;0;0;
235;Verschwommene Sicht;Blurred Vision;Verhexung. 4..10 Sekunde[n] lang werden der Gegner und alle umstehenden Feinde mit Verschwommener Sicht verhext. Solange diese Verhexung wirkt, besteht eine 50%ige Chance, dass die Angriffe dieser Gegner fehlschlagen.;0;11;24;6;0;10;1;12;0;0;0;0;0;0;0;
236;Nebelform;Mist Form;Elite-Verzauberung. 10..45 Sekunde[n] lang erleidet Ihr 33% weniger Schaden von Feinden, die an den Auswirkungen einer Wassermagie-Verhexung leiden. Immer wenn Ihr einen Elementarzauber wirkt, werden alle Verbündete in Hörweite, die keine Geister sind, um 50..250% der Energiekosten dieses Zaubers geheilt.;1;11;23;6;0;5;1;20;0;0;1;0;0;0;0;
237;Wasserdreizack;Water Trident;Elite-Zauber. Sendet einen schnellen Wasserdreizack aus, der dem Gegner 10..90 Punkt[e] Kälteschaden zufügt, wenn er trifft. Trifft er einen Gegner, der sich bewegt, wird dieser zu Boden geworfen.;1;11;22;6;0;5;1;3;0;0;1;0;0;0;0;
238;Nebelrüstung;Armor of Mist;Verzauberung. 8..20 Sekunde[n] lang erhaltet Ihr +10..40 Rüstung und bewegt Euch um 33% schneller.;1;11;23;6;0;10;1;30;0;0;0;0;0;0;0;
239;Abwehr gegen Schaden;Ward Against Harm;Elite-Abwehrzauber. Errichtet an dieser Position eine Abwehr gegen Schaden. 5..15 Sekunde[n] lang erhalten in diesem Bereich befindliche Verbündete, die keine Geister sind, +1..3 Lebenspunktregeneration, +12..24 Rüstung und zusätzlich +12..24 Rüstung gegen Elementarschaden. Dieser Zauber wird 20 Sekunden lang deaktiviert.;1;11;26;6;0;15;1;20;0;0;1;0;0;0;0;
240;Peinigung;Smite;Zauber. Dieser Angriff fügt 10..55 Punkt[e] heiligen Schaden zu. Wenn Euer Ziel angreift, erleidet es zusätzlich 10..35 Punkt[e] heiligen Schaden.;1;14;22;3;0;10;1;10;0;0;0;0;0;0;0;
241;Lebensbindung;Life Bond;Verzauberung. Solange Ihr diese Verzauberung aufrechterhaltet, wird immer dann, wenn der Verbündete bei einem Angriff Schaden erleidet, die Hälfte dieses Schadens auf Euch weitergeleitet. Der dadurch von Euch erlittene Schaden wird um 3..30 Punkt[e] reduziert.;0;15;23;3;-1;10;2;0;0;0;0;0;0;0;0;
242;Balthasars Geist;Balthazar's Spirit;Verzauberung. Solange Ihr diese Verzauberung aufrechterhaltet, erhält der Verbündete (bzw. Ihr selbst), nachdem er Schaden erlitten hat, Adrenalin und Energiepunkte. (Die erhaltene Adrenalinmenge erhöht sich je nach Eurem Rang bei Peinigungsgebeten.);1;14;23;3;-1;10;2;0;0;0;0;0;0;0;0;
243;Stärke der Ehre;Strength of Honor;Verzauberung. Solange Ihr diese Verzauberung aufrechterhaltet, fügt der Verbündete (bzw. Ihr selbst) im Nahkampf zusätzlich 5..25 Punkt[e] Schaden zu.;0;14;23;3;-1;10;2;15;0;0;0;0;0;0;0;
244;Lebenseinstimmung;Life Attunement;Verzauberung. Solange Ihr diese Verzauberung aufrechterhaltet, fügt der Verbündete (bzw. Ihr selbst) mit seinen Angriffen 30% weniger Schaden zu, erhält aber bei der Heilung 14..50% mehr Lebenspunkte.;1;15;23;3;-1;10;2;0;0;0;0;0;0;0;0;
245;Schutzgeist;Protective Spirit;Verzauberung. 5..23 Sekunde[n] lang verliert der Verbündete (bzw. Ihr selbst) bei einem Schaden aus einem einzelnen Angriff oder Zauber höchstens 10% der maximalen Lebenspunkte.;0;15;23;3;0;10;.25;5;0;0;0;0;0;0;0;
246;Göttliche Intervention;Divine Intervention;Verzauberung. 10 Sekunden lang wird das nächste Mal, wenn der Verbündete (bzw. Ihr selbst) Schaden erleidet, der tödlich wäre, dieser Schaden aufgehoben und der Verbündete stattdessen für 26..240 Lebenspunkt[e] geheilt.;0;16;23;3;0;5;.25;30;0;0;0;0;0;0;0;
247;Symbol des Zorns;Symbol of Wrath;Zauber. Erzeugt ein Symbol des Zorns am Standort des anvisierten Gegners. Benachbarte Gegner werden 5 Sekunden lang von 10..40 heiligem Schaden getroffen.;1;14;22;3;0;5;1;20;0;0;0;0;0;0;0;
248;Vergeltung;Retribution;Verzauberung. Solange Ihr diese Verzauberung aufrechterhaltet, wirft dieser Zauber jedes Mal, wenn der Verbündete (bzw. Ihr selbst) Angriffsschaden erleidet, 33% des Schadens auf die Quelle zurück (maximal 5..20 Schadenspunkt[e]).;0;14;23;3;-1;10;2;0;0;0;0;0;0;0;0;
249;Heiliger Zorn;Holy Wrath;Verzauberung. Während der folgenden 10..30 Sekunde[n] wirft dieser Zauber die nächsten 1..10 Mal, wenn der Verbündete Angriffsschaden erleidet, 66% des Schadens auf den Verursacher zurück (maximal 5..50 Schadenspunkt[e]).;1;14;23;3;0;10;1;10;0;0;0;0;0;0;0;
250;Essenzbindung;Essence Bond;Verzauberung. Solange Ihr diese Verzauberung aufrechterhaltet, bekommt Ihr jedes Mal, wenn Euer Verbündeter (oder Ihr selbst) physischen oder Elementarschaden erleidet, 1 Energiepunkt.;1;-1;23;3;-1;10;2;0;0;0;0;0;0;0;0;
251;Geißelheilung;Scourge Healing;Verhexung. 30 Sekunden lang erleidet der Heiler jedes Mal, wenn er den Zielgegner heilt, 15..80 Punkt[e] heiligen Schaden.;0;14;24;3;0;10;2;5;0;0;0;0;0;0;0;
252;Verbannung;Banish;Zauber. Der Gegner erleidet 20..65 Punkt[e] heiligen Schaden. Dieser Zauber fügt herbeigerufenen Kreaturen doppelten Schaden zu.;0;14;22;3;0;5;1;10;0;0;0;0;0;0;0;
253;Geißelopfer;Scourge Sacrifice;Verhexung. 8..20 Sekunde[n] lang opfern der Gegner und umstehende Feinde jedes Mal, wenn sie Leben opfern, doppelt soviel wie normal.;1;14;24;3;0;5;1;5;0;0;0;0;0;0;0;
254;Energischer Geist;Vigorous Spirit;Verzauberung. 30 Sekunden lang wird der Verbündete (oder Ihr selbst) jedes Mal, wenn er angreift oder einen Zauber wirkt, um 5..20 Lebenspunkt[e] geheilt.;1;13;23;3;0;5;.25;4;0;0;0;0;0;0;0;
255;Wachsamer Geist;Watchful Spirit;Verzauberung. Solange Ihr diese Verzauberung aufrechterhaltet, erfreut sich der Verbündete (bzw. Ihr selbst) einer zusätzlichen Lebenspunktregeneration von 2. Wenn Wachsamer Geist endet, wird er für 30..180 Lebenspunk[e] geheilt.;1;16;23;3;-1;15;1;5;0;0;0;0;0;0;0;
256;Gesegnete Aura;Blessed Aura;Verzauberung. Solange Ihr diese Verzauberung aufrechterhaltet, halten von Euch gewirkte Mönch-Verzauberungen um 10..35% länger.;1;16;23;3;-1;10;2;2;0;0;0;0;0;0;0;
257;Aegis;Aegis;Verzauberung. 6..15 Sekunde[n] lang erhalten alle Gruppenmitglieder in Hörweite eine 50%ige Chance, Angriffe zu blocken.;0;15;23;3;0;10;2;30;0;0;0;0;0;0;0;
258;Wächter;Guardian;Verzauberung. 2..7 Sekunde[n] lang bekommt der Verbündete (bzw. Ihr selbst) eine 50%ige Chance, Angriffe zu blocken.;0;15;23;3;0;5;1;6;0;0;0;0;0;0;0;
259;Ablenkungsschild;Shield of Deflection;Elite-Verzauberung. 3..10 Sekunde[n] lang hat der Verbündete (bzw. Ihr selbst) eine 75%ige Chance Angriffe zu blocken und erhält 15..30 Rüstung.;1;15;23;3;0;10;.25;5;0;0;1;0;0;0;0;
260;Glaubensaura;Aura of Faith;Elite-Verzauberung. 3 Sekunde[n] lang erhält der Verbündete (bzw. Ihr selbst) bei seiner Heilung 50..100% mehr Lebenspunkte und erleidet 5..50% weniger Schaden.;1;15;23;3;0;5;.25;8;0;0;1;0;0;0;0;
261;Schild der Regeneration;Shield of Regeneration;Elite-Verzauberung. Für 5..13 Sekunden erhält der anvisierte Verbündete +3..10 Lebenspunktregeneration und 20..45 Rüstung.;0;15;23;3;0;10;.25;8;0;0;1;0;0;0;0;
262;Schild des Urteils;Shield of Judgment;Elite-Verzauberung. 8..20 Sekunde[n] lang wird jeder, der den Verbündeten (bzw. Euch selbst) angreift, zu Boden geworfen und erleidet 5..50 Punkt[e] heiligen Schaden.;1;14;23;3;0;15;1;45;0;0;1;0;0;0;0;
263;Band des Schutzes;Protective Bond;Verzauberung. Solange Ihr diese Verzauberung aufrechterhaltet, kann der Verbündete (bzw. Ihr selbst) nur 5% seiner maximalen Lebenspunkte durch Schaden von einem einzelnen Angriff oder Zauber auf einmal erleiden. Wenn Band des Schutzes Schaden verhindert, verliert Ihr 6..3 Energiepunkt[e] oder der Zauber endet.;1;15;23;3;-1;10;2;0;0;0;0;0;0;0;0;
264;Pazifismus;Pacifism;Verhexung. 4..8 Sekunde[n] lang kann der Gegner nicht angreifen. Diese Wirkung endet, wenn er Schaden erleidet.;1;15;24;3;0;10;2;15;0;0;0;0;0;0;0;
265;Freundschaft;Amity;Elite-Verhexung. 4..12 Sekunde[n] lang können umstehende Gegner nicht angreifen. Freundschaft endet für jeden Gegner, sobald er Schaden erleidet.;1;15;24;3;0;5;.25;20;0;0;1;0;0;0;0;
266;Frieden und Harmonie;Peace and Harmony;Elite-Verzauberung. Der Verbündete (bzw. Ihr selbst) verliert 0..9 Zustände und Verhexungen. 1..3 Sekunde[n] lang enden Zustände und Verhexungen bei diesem Verbündeten um 90% schneller. All Eure Peinigungsgebete werden 20 Sekunden lang deaktiviert.;1;16;23;3;0;5;.25;10;0;0;1;0;0;0;0;
267;Einblick des Richters;Judge's Insight;Verzauberung. 8..20 Sekunde[n] lang fügen Angriffe des Verbündeten (bzw. Eure eigenen) heiligen Schaden zu und haben eine um 20% erhöhte Rüstungsdurchdringung.;0;14;23;3;0;10;2;10;0;0;0;0;0;0;0;
268;Unnachgiebige Aura;Unyielding Aura;Elite-Verzauberung. Während Ihr diese Verzauberung aufrechterhaltet, heilen Eure Mönch-Zauber zusätzlich um +15..60% Lebenspunkt[e]. Wenn diese Verzauberung endet, wird nach dem Zufallsprinzip ein anderes Gruppenmitglied mit kompletten Lebens- und Energiepunkten wiederbelebt und an Eure Position teleportiert.;1;16;23;3;-1;5;.25;10;0;0;1;0;0;0;0;
269;Schutzzeichen;Mark of Protection;Elite-Verzauberung. 10 Sekunden lang wird der Verbündete (oder Ihr selbst) immer dann, wenn er Schaden erleiden müsste, stattdessen um diese Punktzahl, höchstens jedoch um 6..60 Punkt[e] geheilt. Alle Eure Schutzgebete werden 5 Sekunden lang deaktiviert.;1;15;23;3;0;10;.25;15;0;0;1;0;0;0;0;
270;Lebenssperre;Life Barrier;Elite-Verzauberung. Solange Ihr diese Verzauberung aufrechterhaltet, wird dem Verbündeten zugefügter Schaden um 20..50% reduziert. Sind Eure Lebenspunkte unter 50%, wenn der Verbündete Schaden erleidet, endet Lebenssperre.;1;15;23;3;-1;15;2;5;0;0;1;0;0;0;0;
271;Eifererfeuer;Zealot's Fire;Verzauberung. Während der nächsten 60 Sekunden erleiden jedes Mal, wenn Ihr eine Fertigkeit auf einen Verbündeten anwendet, alle diesen Verbündeten umstehenden Feinde Feuerschaden in Höhe von 5..35 Punkt[en] und Ihr verliert 1 Energiepunkte.;0;14;23;3;0;10;.25;30;0;0;0;0;0;0;0;
272;Balthasars Aura;Balthazar's Aura;Verzauberung. 8 Sekunden lang erleiden umstehende Gegner um den Verbündeten (bzw. Euch selbst) herum pro Sekunde 10..30 Punkt[e] heiligen Schaden.;0;14;23;3;0;15;1;20;0;0;0;0;0;0;0;
273;Zauberbrecher;Spell Breaker;Elite-Verzauberung. 5..17 Sekunde[n] lang kann der Verbündete nicht zum Ziel von feindlichen Zaubern werden.;0;16;23;3;0;15;1;45;0;0;1;0;0;0;0;
274;Heilender Samen;Healing Seed;Verzauberung. 10 Sekunde[n] lang erhalten der anvisierte Verbündete und alle umstehenden Verbündeten 3..30 Lebenspunkt[e], wenn der Verbündete Schaden erleidet.;0;13;23;3;0;10;2;25;0;0;0;0;0;0;0;
275;Zustand bessern;Mend Condition;Zauber. Entfernt einen Zustand (Gift, Krankheit, Blindheit, Benommenheit, Blutung, Verkrüppelung, Brennen, Schwäche, Beschädigte Rüstung oder Tiefe Wunde) von einem Verbündeten. Wenn ein Zustand entfernt wurde, wird der Verbündete um 5..70 Lebenspunkt[e] geheilt.;1;15;22;3;0;5;.75;2;0;0;0;0;0;0;0;
276;Zustand wiederherstellen;Restore Condition;Elite-Zauber. Entfernt alle Zustände (Gift, Krankheit, Blindheit, Benommenheit, Blutung, Verkrüppelung, Brennen, Schwäche, Beschädigte Rüstung und Tiefe Wunde) vom Verbündeten. Für jeden entfernten Zustand wird dieser Verbündete um 10..70 Lebenspunkt[e] geheilt.;1;15;22;3;0;5;.75;2;0;0;1;0;0;0;0;
277;Leiden heilen;Mend Ailment;Zauber. Entfernt einen Zustand (Gift, Krankheit, Blindheit, Benommenheit, Blutung, Verkrüppelung, Brennen, Schwäche, Beschädigte Rüstung oder Tiefe Wunde) vom Verbündeten (bzw. Euch selbst). Für jeden verbleibenden Zustand wird dieser Verbündete um 5..70 Lebenspunkt[e] geheilt.;0;15;22;3;0;5;.75;5;0;0;0;0;0;0;0;
278;Zustände reinigen;Purge Conditions;Zauber. Entfernt alle Zustände (Gift, Krankheit, Blindheit, Benommenheit, Blutung, Verkrüppelung, Brennen, Schwäche, Beschädigte Rüstung und Tiefe Wunde) von einem Verbündeten.;0;-1;22;3;0;5;.25;20;0;0;0;0;0;0;0;
279;Göttliche Heilung;Divine Healing;Zauber. Heilt Euch selbst und Gruppenmitglieder in Hörweite um 15..60 Punkt[e].;1;16;22;3;0;5;1;12;0;0;0;0;0;0;0;
280;Gebiet heilen;Heal Area;Zauber. Heilt Euch selbst und alle umstehenden Geschöpfe um 30..180 Punkt[e].;1;13;22;3;0;10;1;5;0;0;0;0;0;0;0;
281;Fürbitte der Heilung;Orison of Healing;Zauber. Heilt Verbündeten (bzw. Euch selbst) um 30..80 Lebenspunkt[e].;0;13;22;3;0;5;1;2;0;0;0;0;0;0;0;
282;Wort der Heilung;Word of Healing;Elite-Zauber. Heilt Verbündeten (bzw. Euch selbst) für 5..100 Lebenspunkt[e]. Er wird für zusätzliche 30..115 Lebenspunkt[e] geheilt, wenn seine Lebenspunkte unter 50% liegen.;0;13;22;3;0;5;.75;3;0;0;1;0;0;0;0;
283;Dwaynas Kuss;Dwayna's Kiss;Zauber. Heilt Verbündeten um 20..65 Lebenspunkt[e] und um zusätzlich 15..40 Lebenspunkt[e] für jede Verzauberung oder Verhexung, die auf diesem Verbündeten liegt.;1;13;22;3;0;5;1;3;0;0;0;0;0;0;0;
284;Göttlicher Segen;Divine Boon;Verzauberung. Solange Ihr diese Verzauberung aufrechterhaltet, wird jedes Mal, wenn Ihr ein Schutzgebet oder Gunst der Götter auf einen Verbündeten wirkt, dieser um 15..60 Lebenspunkt[e] geheilt und Ihr verliert 1 Energiepunkte.;0;16;23;3;-1;5;.25;10;0;0;0;0;0;0;0;
285;Heilende Hände;Healing Hands;Elite-Verzauberung. Während der nächsten 10 Sekunde[n] wird der Verbündete (bzw. Ihr selbst) jedes Mal, wenn er Schaden erleidet, um 5..35 Lebenspunkt[e] geheilt.;1;13;23;3;0;5;.25;15;0;0;1;0;0;0;0;
286;Anderen heilen;Heal Other;Zauber. Heilt Verbündeten für 35..180 Lebenspunkt[e].;1;13;22;3;0;10;.75;3;0;0;0;0;0;0;0;
287;Gruppe heilen;Heal Party;Zauber. Heilt die ganze Gruppe um 30..75 Lebenspunkt[e].;0;13;22;3;0;15;2;2;0;0;0;0;0;0;0;
288;Heilender Hauch;Healing Breeze;Verzauberung. 15 Sekunde[n] lang erfreut sich der Verbündete (bzw. Ihr selbst) einer Lebenspunktregeneration in Höhe von +4..9.;0;13;23;3;0;10;1;5;0;0;0;0;0;0;0;
289;Lebendige Segnung;Vital Blessing;Verzauberung. Solange Ihr diese Verzauberung aufrechterhaltet, erhält der Verbündete (bzw. Ihr selbst) +40..200 maximale Lebenspunkte.;1;15;23;3;-1;10;.75;2;0;0;0;0;0;0;0;
290;Genesung;Mending;Verzauberung. Verzauberung. Solange Ihr diese Verzauberung aufrechterhaltet, erfreut sich der Verbündete (bzw. Ihr selbst) einer zusätzlichen Lebenspunktregeneration von 1..4.;0;13;23;3;-1;10;2;0;0;0;0;0;0;0;0;
291;Ersatzleben;Live Vicariously;Verzauberung. Solange Ihr diese Verzauberung aufrechterhaltet, bekommt Ihr jedes Mal, wenn der Verbündete (bzw. Ihr selbst) einen Gegner trifft, 2..17 Lebenspunkt[e].;1;13;23;3;-1;5;2;0;0;0;0;0;0;0;0;
292;Leben einflößen;Infuse Health;Zauber. Ihr verliert die Hälfte Eurer aktuellen Lebenspunkte. Der Verbündete wird um 100..136% der Punkte geheilt, die Ihr verloren habt.;0;13;22;3;0;10;.25;0;0;0;0;0;0;0;0;
293;Siegel der Hingabe;Signet of Devotion;Siegel. Heilt Verbündeten (bzw. Euch selbst) um 20..120 Lebenspunkt[e].;0;16;21;3;0;0;2;5;0;0;0;0;0;0;0;
294;Siegel des Urteils;Signet of Judgment;Elite-Siegel. Der Gegner wird zu Boden geworfen. Er und alle umstehenden Feinde erleiden 15..75 Punkt[e] heiligen Schaden.;0;14;21;3;0;0;1;20;0;0;1;0;0;0;0;
295;Siegel der Reinigung;Purge Signet;Siegel. Entfernt alle Verhexungen und Zustände vom Verbündeten (bzw. Euch selbst). Für jede entfernte Verhexung und jeden entfernten Zustand verliert Ihr jeweils 10 Energiepunkte.;0;-1;21;3;0;0;2;20;0;0;0;0;0;0;0;
296;Siegel des Ruins;Bane Signet;Siegel. Gegner erleidet 30..60 Punkt[e] heiligen Schaden. Falls er gerade angreift, wird er zu Boden geworfen.;0;14;21;3;0;0;1;15;0;0;0;0;0;0;0;
297;Gesegnetes Siegel;Blessed Signet;Siegel. Für jede Verzauberung, die Ihr aufrechterhaltet, bekommt Ihr 3 Energiepunkte. Auf diese Weise bekommt Ihr höchstens 3..24 Energiepunkt[e].;0;16;21;3;0;0;2;10;0;0;0;0;0;0;0;
298;Märtyrer;Martyr;Elite-Zauber. Übertragt alle Zustände und ihre verbleibende Dauer von Euren Verbündeten auf Euch selbst.;0;-1;22;3;0;5;.25;10;0;0;1;0;0;0;0;
299;Schützende Hände;Shielding Hands;Verzauberung. 8 Sekunden lang werden der Schaden, den der Verbündete erleidet, und die Lebenspunkte, die diesem entzogen werden, um 3..18 Punkt[e] reduziert. Wenn Schützende Hände endet, wird der Verbündete um 5..50 Lebenspunkt[e] geheilt.;0;15;23;3;0;5;.25;15;0;0;0;0;0;0;0;
300;Gebot der Reinheit;Contemplation of Purity;Fertigkeit. Alle Verzauberungen gehen verloren. Für jede verlorene Verzauberung erhaltet Ihr 0..80 Lebenspunkt[e] und verliert eine Verhexung sowie einen Zustand (maximal 1..8 Verhexung[en] und Zustand[f:"Zustände"]).;1;16;1;3;0;5;.25;10;0;0;0;0;0;0;0;
301;Verhexung entfernen;Remove Hex;Zauber. Entfernt eine Verhexung vom Verbündeten (bzw. Euch selbst).;0;-1;22;3;0;5;1;8;0;0;0;0;0;0;0;
302;Verhexung zerschlagen;Smite Hex;Zauber. Entfernt eine Verhexung vom Verbündeten (bzw. Euch selbst). Beim Entfernen einer Verhexung erleiden Gegner in dem Bereich 10..85 Punkt[e] heiligen Schaden.;0;14;22;3;0;5;1;12;0;0;0;0;0;0;0;
303;Verhexungen umwandeln;Convert Hexes;Zauber. Entfernt alle Verhexungen vom Verbündeten. Er erhält 8..20 Sekunde[n] lang +10 Rüstung für jede entfernte Nekromanten-Verhexung.;0;15;22;3;0;15;1;12;0;0;0;0;0;0;0;
304;Licht von Dwayna;Light of Dwayna;Zauber. Alle toten Gruppenmitglieder in dem Bereich werden wieder belebt und kehren mit 25% ihrer Lebenspunkte und 0 Energiepunkten ins Leben zurück.;1;-1;22;3;0;25;4;20;0;0;0;0;0;0;0;
305;Wiederbeleben;Resurrect;Zauber. Das als Ziel ausgewählte Gruppenmitglied wird wieder belebt und kehrt mit 25% seiner Lebenspunkte und 0 Energiepunkten ins Leben zurück.;0;-1;22;3;0;10;5;8;0;0;0;0;0;0;0;
306;Wiedergeburt;Rebirth;Zauber. Das als Ziel ausgewählte Gruppenmitglied wird wieder belebt, kehrt mit 25% seiner Lebenspunkte und 0 Energiepunkten ins Leben zurück und wird zu Eurer aktuellen Position teleportiert. Alle seine Fertigkeiten werden 10..3 Sekunde[n] lang deaktiviert. Dieser Zauber verbraucht Eure gesamten verbliebenen Energiepunkte.;0;15;22;3;0;10;5;0;0;0;0;0;0;0;0;
307;Umkehrung des Schicksals;Reversal of Fortune;Verzauberung. 8 Sekunden lang erhält der Verbündete, wenn er das nächste Mal Schaden erleiden oder Lebenspunkte einbüßen würde, stattdessen den entsprechenden Wert als Lebenspunkte (maximal 15..80).;0;15;23;3;0;5;.25;2;0;0;0;0;0;0;0;
308;Beistand;Succor;Verzauberung. Solange Ihr diese Verzauberung aufrechterhaltet, erfreut sich der Verbündete einer Regeneration von je +1 Lebens- und Energiepunkt. Ihr verliert jedoch 1 Energiepunkt für jeden Zauber, den er wirkt.;1;-1;23;3;-1;5;1;10;0;0;0;0;0;0;0;
309;Heiliger Schleier;Holy Veil;Verzauberung. Solange Ihr diese Verzauberung aufrechterhaltet, dauert das Wirken von Verhexungen auf einen Verbündeten doppelt so lange. Wenn Heiliger Schleier endet, wird eine Verhexung vom Verbündeten (bzw. Euch selbst) entfernt.;0;-1;23;3;-1;5;1;12;0;0;0;0;0;0;0;
310;Göttlicher Geist;Divine Spirit;Verzauberung. 1..14 Sekunde[n] lang kostet Euch das Wirken von Mönch-Zaubern 5 Energiepunkte weniger. (Mindestkosten: 1 Energiepunkt).;1;16;23;3;0;10;.25;60;0;0;0;0;0;0;0;
311;Zustände entziehen;Draw Conditions;Zauber. Alle negativen Zustände werden vom Verbündeten auf Euch übertragen. Für jeden übertragenen Zustand erhaltet Ihr 6..26 Lebenspunkt[e].;0;15;22;3;0;5;.25;4;0;0;0;0;0;0;0;
312;Heiliger Schlag;Holy Strike;Fertigkeit. Der berührte Gegner erleidet 10..55 Punkt[e] heiligen Schaden. Wenn Euer Ziel zu Boden geworfen wurde, erleidet es zusätzlich 10..55 Punkt[e] heiligen Schaden.;1;14;1;3;0;5;.75;8;0;0;0;0;0;0;0;
313;Heilende Berührung;Healing Touch;Zauber. Berührt einen Verbündeten und heilt ihn für 20..80 Lebenspunkt[e]. Lebenspunktgewinn durch Gunst der Götter wird bei diesem Zauber verdoppelt.;0;13;22;3;0;5;.75;5;0;0;0;0;0;0;0;
314;Leben erneuern;Restore Life;Zauber. Berührt den Körper eines gefallenen Gruppenmitglieds. Dieses wird mit 20..65% seines Lebens und 42..90% seiner Energie wiederbelebt.;1;13;22;3;0;10;4;8;0;0;0;0;0;0;0;
315;Rache;Vengeance;Verzauberung. Das tote Gruppenmitglied wird mit allen Lebenspunkten und voller Energie wiederbelebt. 30 Sekunden lang fügt dieses Gruppenmitglied 25% mehr Schaden zu. Wenn diese Verzauberung endet, stirbt es. Beim Tod unter dem Einfluss dieser Verzauberung gibt es keinen Sterbemalus.;1;-1;23;3;0;10;4;30;0;0;0;0;0;0;0;
316;Bis ans Limit!;"To the Limit!";Schrei. Für jeden Feind in Hörweite (höchstens 1..6) erhaltet Ihr einen Adrenalinstoß. 10..20 Sekunde[n] lang werden Eure maximalen Lebenspunkte um 10..60 erhöht.;1;21;20;1;0;5;0;10;0;0;0;0;0;0;0;
317;Kampfwut;Battle Rage;Elite-Haltung. 5..20 Sekunde[n] lang bewegt Ihr Euch um 33% schneller und Ihr erhaltet die doppelte Menge Adrenalin aus Angriffen. Kampfwut endet, wenn Ihr eine Nicht-Adrenalinfertigkeit verwendet.;0;17;29;1;0;0;0;0;3.2;0;1;0;0;0;0;
318;Schmerz trotzen;Defy Pain;Elite-Fertigkeit. 20 Sekunde[n] lang habt Ihr zusätzlich 90..300 Lebenspunkt[e], zusätzliche 20 Punkte Rüstung und Ihr erleidet 1..10 Punkt[e] weniger Schaden.;1;17;1;1;0;0;0;0;4.8;0;1;0;0;0;0;
319;Ansturm;Rush;Haltung. 8..20 Sekunde[n] lang bewegt Ihr Euch um 25% schneller als normal.;1;17;29;1;0;0;0;0;3.2;0;0;0;0;0;0;
320;Lähmung;Hamstring;Schwertangriff. Wenn dieser Angriff trifft, erleidet Euer Ziel 3..15 Sekunde[n] lang eine Verkrüppelung, was seine Bewegungen verlangsamt.;0;20;10;1;0;5;0;10;0;0;0;0;0;0;0;
321;Rundumschlag;Wild Blow;Nahkampfangriff. Alles Adrenalin geht verloren. Wenn dieser Angriff erfolgreich ist, dann erfolgt ein kritischer Treffer und jegliche Haltung, die von Eurem Gegner eingenommen wird, endet. Ein Blocken ist bei diesem Angriff nicht möglich.;0;-1;3;1;0;5;0;8;0;0;0;0;0;0;0;
322;Kraftangriff;Power Attack;Nahkampfangriff. Wenn dieser Angriff erfolgreich ist, fügt Ihr 10..40 Punkt[e] zusätzlichen Schaden zu.;0;17;3;1;0;5;0;3;0;0;0;0;0;0;0;
323;Verzweiflungsschlag;Desperation Blow;Nahkampfangriff. Wenn dieser Angriff trifft, fügt Ihr +10..40 Punkt[e] Schaden zu und Euer Ziel leidet unter einem der folgenden Zustände: Tiefe Wunde (20 Sekunden lang), Schwäche (20 Sekunden lang), Blutung (25 Sekunden lang) oder Verkrüppelung (15 Sekunden lang). Nachdem Ihr einen Verzweiflungsschlag ausgeführt habt, werdet Ihr zu Boden geworfen.;1;21;3;1;0;5;0;7;0;0;0;0;0;0;0;
324;Rausch des Sieges;Thrill of Victory;Nahkampfangriff. Wenn dieser Schlag trifft, verursacht Ihr +20..40 Punkt[e] Schaden. Wenn Ihr mehr Lebenspunkte als der Gegner habt, erhaltet Ihr 1..2 Adrenalinstöße.;0;21;3;1;0;5;0;8;0;0;0;0;0;0;0;
325;Ablenkungsschlag;Distracting Blow;Nahkampfangriff. Richtet Eure Waffen auf das Ziel. Dadurch fügt Ihr keinen Schaden zu, unterbrecht aber die aktuelle Aktion des Ziels (und die Aktionen von umstehenden Gegnern bei Eurem Ziel).;0;-1;3;1;0;5;.5;10;0;0;0;0;0;0;0;
326;Schlag des Beschützers;Protector's Strike;Nahkampfangriff. Trifft dieser Schlag einen Gegner in der Bewegung, fügt Ihr 10..40 Punkt[e] zusätzlichen Schaden zu.;1;17;3;1;0;5;.5;3;0;0;0;0;0;0;0;
327;Greifenschlag;Griffon's Sweep;Nahkampfangriff. Wenn dieser Angriff erfolgreich ist, fügt Ihr +5..20 Punkt[e] Schaden zu. Wenn dieser Angriff geblockt wird, wird Euer Ziel zu Boden geworfen und erleidet 10..34 Punkt[e] Schaden.;1;17;3;1;0;5;0;8;0;0;0;0;0;0;0;
328;Reiner Schlag;Pure Strike;Schwertangriff. Wenn Reiner Schlag trifft, fügt Ihr +1..30 Punkt[e] Schaden zu. Wenn Ihr keine Haltung einnehmt, ist ein Blocken bei Reinem Schlag nicht möglich.;1;20;10;1;0;5;0;8;0;0;0;0;0;0;0;
329;Schädel spalten;Skull Crack;Elite-Nahkampfangriff. Bei einem Treffer unterbricht dieser Angriff die aktuelle Aktion des Ziels. Wenn dieser Gegner einen Zauber gewirkt hat, ist der Gegner 15 Sekunden lang benommen.;1;-1;3;1;0;0;.25;0;6;0;1;0;0;0;0;
330;Zyklonaxt;Cyclone Axe;Axtangriff. Führt mit kreisender Axt einen Angriff gegen alle umstehenden Gegner für 4..12 Punkt[e] zusätzlichen Schaden aus.;0;18;4;1;0;5;0;4;0;0;0;0;0;0;0;
331;Hammerstreich;Hammer Bash;Hammerangriff. Alles Adrenalin geht verloren. Trifft Hammerstreich, wird Euer Ziel zu Boden geworfen.;0;19;8;1;0;0;0;0;5.2;0;0;0;0;0;0;
332;Bullenstoß;Bull's Strike;Nahkampfangriff. Trifft dieser Angriff einen Gegner, der sich bewegt, fügt Ihr 5..30 Punkt[e] zusätzlichen Schaden zu und Euer Ziel wird zu Boden geworfen.;0;17;3;1;0;5;0;10;0;0;0;0;0;0;0;
333;Ich werde Euch rächen!;"I Will Avenge You!";Schrei. Für jeden toten Verbündeten erhaltet Ihr 10 Sekunden lang eine Lebenspunktregeneration von +3..7 und Eure Angriffsgeschwindigkeit erhöht sich um 25%.;1;17;20;1;0;5;0;45;0;0;0;0;0;0;0;
334;Harkenaxt;Axe Rake;Axtangriff. Wenn dieser Angriff einen Gegner trifft, der an einer tiefen Wunde leidet, fügt Ihr 4..16 Punkt[e] zusätzlichen Schaden zu und dieser Gegner erleidet 15 Sekunden lang eine Verkrüppelung.;0;18;4;1;0;0;0;0;4.8;0;0;0;0;0;0;
335;Spalten;Cleave;Elite-Axtangriff. Beim Zuschlagen mit diesem Angriff verursacht Ihr +10..40 Schaden und trefft 1..2 benachbarte Gegner mit 10..40 Hiebschaden.;0;18;4;1;0;0;0;0;3.2;0;1;0;0;0;0;
336;Henkerschlag;Executioner's Strike;Axtangriff. Wenn dieser Angriff erfolgreich ist, fügt Ihr 15..45 Punkt[e] zusätzlichen Schaden zu.;0;18;4;1;0;0;0;0;7;0;0;0;0;0;0;
337;Zerstückeln;Dismember;Axtangriff. Wenn dieser Axtschlag trifft, fügt er dem Gegner eine Tiefe Wunde zu, die seine maximalen Lebenspunkte 5..20 Sekunde[n] lang um 20% verringert.;0;18;4;1;0;0;0;0;4.8;0;0;0;0;0;0;
338;Ausweiden;Eviscerate;Elite-Axtangriff. Wenn Ausweiden trifft, fügt Ihr 10..45 Punkt[e] zusätzlichen Schaden und eine Tiefe Wunde zu. Dadurch werden die maximalen Lebenspunkte Eures Ziels 5..20 Sekunde[n] lang um 20% verringert.;1;18;4;1;0;0;0;0;8;0;1;0;0;0;0;
339;Durchdringender Schlag;Penetrating Blow;Axtangriff. Wenn dieser Angriff erfolgreich ist, trefft Ihr für 10..25 Punkt[e] zusätzlichen Schaden. Dieser Axtangriff hat eine Rüstungsdurchdringung von 20%.;1;18;4;1;0;0;0;0;4.8;0;0;0;0;0;0;
340;Unterbrechender Hieb;Disrupting Chop;Axtangriff. Wenn dieser Angriff erfolgreich ist, unterbricht er die aktuelle Aktion des Ziels. Beruhte diese Aktion auf einer Fertigkeit, wird diese Fertigkeit für weitere 20 Sekunden deaktiviert.;0;18;4;1;0;0;0;0;5;0;0;0;0;0;0;
341;Schneller Hieb;Swift Chop;Axtangriff. Wenn dieser Angriff erfolgreich ist, fügt Ihr +1..20 Punkt[e] Schaden zu. Wird Schneller Hieb geblockt, erleidet Euer Ziel 1..20 Punkt[e] Schaden und erleidet 20 Sekunden lang eine Tiefe Wunde.;0;18;4;1;0;5;0;4;0;0;0;0;0;0;0;
342;Axtdrehung;Axe Twist;Axtangriff. Wenn dieser Angriff einen Gegner trifft, der an einer tiefen Wunde leidet, fügt Ihr 5..25 Punkt[e] mehr Schaden zu und dieser Gegner leidet 20 Sekunden lang unter Schwäche.;1;18;4;1;0;0;0;0;4.8;0;0;0;0;0;0;
343;Für höhere Gerechtigkeit!;"For Great Justice!";Schrei. 20 Sekunden lang erhaltet Ihr jedes Mal, wenn Ihr Adrenalin bekommt, um 100% mehr.;0;-1;20;1;0;5;0;45;0;0;0;0;0;0;0;
344;Schauer;Flurry;Haltung. 5 Sekunden lang ist Eure Angriffsrate um 33% erhöht, aber Ihr fügt 25% weniger Schaden zu.;1;-1;29;1;0;5;0;5;0;0;0;0;0;0;0;
345;Verteidigungshaltung;Defensive Stance;Haltung. 1..5 Sekunde[n] lang habt Ihr eine 75%ige Chance, Nahkampf- und Geschossangriffe zu blocken. Wenn Verteidigungshaltung endet, erhaltet Ihr für jede Nahkampfangriffsfertigkeit, die Ihr besitzt, einen Adrenalinstoß (maximal 0..4).;0;21;29;1;0;0;0;8;4.8;0;0;0;0;0;0;
346;Raserei;Frenzy;Haltung. Ihr greift 8 Sekunden lang 33 % schneller an, erleidet aber 175..125 % Schaden.;0;17;29;1;0;5;0;4;0;0;0;0;0;0;0;
347;Schmerz ertragen;Endure Pain;Fertigkeit. 7..18 Sekunde[n] lang habt Ihr zusätzlich 90..300 Lebenspunkt[e].;0;17;1;1;0;5;0;30;0;0;0;0;0;0;0;
348;Passt auf Euch auf!;"Watch Yourself!";Schrei. Gruppenmitglieder in Hörweite erhalten 10 Sekunde[n] lang +5..25 Rüstung. Dieser Schrei endet nach 10 Angriff[en].;0;21;20;1;0;0;0;4;3.2;0;0;0;0;0;0;
349;Sprinten;Sprint;Haltung. 8..14 Sekunde[n] lang bewegt Ihr Euch um 25% schneller als normal.;0;17;29;1;0;5;0;15;0;0;0;0;0;0;0;
350;Bauchklatscher;Belly Smash;Hammerangriff. Wenn dieser Angriff einen zu Boden geworfenen Gegner trifft, führt die entstehende Staubwolke bei umstehenden Feinden 3..7 Sekunde[n] lang zu Blindheit.;1;19;8;1;0;5;1;10;0;0;0;0;0;0;0;
351;Mächtiger Schlag;Mighty Blow;Hammerangriff. Bei einem Treffer fügt dieser Angriff 10..40 Punkt[e] zusätzlichen Schaden zu.;0;19;8;1;0;0;0;0;6.4;0;0;0;0;0;0;
352;Vernichtender Schlag;Crushing Blow;Hammerangriff. Wenn dieser Angriff erfolgreich ist, fügt Ihr 1..20 Punkt[e] zusätzlichen Schaden zu. Wenn Ihr einen Feind am Boden trefft, fügt Ihr eine Tiefe Wunde zu. Dadurch werden die maximalen Lebenspunkte Eures Ziels 5..20 Sekunde[n] lang um 20% verringert.;1;19;8;1;0;5;0;10;0;0;0;0;0;0;0;
353;Grober Schwung;Crude Swing;Hammerangriff. Greift alle umstehenden Feinde an. Jeder getroffene Gegner erleidet +1..20 Punkt[e] Schaden.;1;19;8;1;0;5;0;5;0;0;0;0;0;0;0;
354;Erdrüttler;Earth Shaker;Elite-Hammerangriff. Der Gegner und alle umstehenden Feinde werden zu Boden geworfen. (Bei einer Hammerbeherrschung von 4 oder weniger besteht eine 50%ige Chance für einen Misserfolg.);1;19;8;1;0;0;0;0;8;0;1;0;0;0;0;
355;Verheerender Hammer;Devastating Hammer;Elite-Hammerangriff. Trifft Verheerender Hammer, wird Euer Ziel zu Boden geworfen und leidet 5..20 Sekunde[n] lang unter Schwäche.;0;19;8;1;0;0;0;0;6.4;0;1;0;0;0;0;
356;Brutaler Schlag;Irresistible Blow;Hammerangriff. Wenn dieser Angriff erfolgreich ist, fügt Ihr +5..20 Punkt[e] Schaden zu. Wenn Brutaler Schlag geblockt wird, wird Eurer Ziel zu Boden geworfen und erleidet 5..20 Punkt[e] Schaden.;0;19;8;1;0;5;0;6;0;0;0;0;0;0;0;
357;Gegenschlag;Counter Blow;Hammerangriff. Trifft dieser Angriff einen angreifenden Gegner, wird dieser Gegner zu Boden geworfen.;0;19;8;1;0;0;0;0;4;0;0;0;0;0;0;
358;Rückenbrecher;Backbreaker;Elite-Hammerangriff. Wenn Rückenbrecher trifft, verursacht Ihr 1..20 Punkt[e] Schaden und Euer Ziel wird zu Boden geworfen. Wenn Ihr mindestens 8 Stärke habt, dauert dieser Effekt 4 Sekunden.;1;19;8;1;0;0;0;0;8.8;0;1;0;0;0;0;
359;Heftiger Schlag;Heavy Blow;Hammerangriff. Alles Adrenalin geht verloren. Trifft dieser Angriff einen Gegner, der unter Schwäche leidet, wird er zu Boden geworfen und Ihr fügt 1..30 Punkt[e] zusätzlichen Schaden zu.;0;19;8;1;0;0;0;0;4.8;0;0;0;0;0;0;
360;Umwerfender Schlag;Staggering Blow;Hammerangriff. Wenn dieser Hammerschlag trifft, leidet Euer Ziel 5..20 Sekunde[n] lang unter Schwäche.;0;19;8;1;0;0;1;0;3.2;0;0;0;0;0;0;
361;Dolyak-Siegel;Dolyak Signet;Siegel. 8..20 Sekunde[n] lang habt Ihr +10..40 Rüstung und könnt nicht zu Boden geworfen werden, aber Eure Bewegungen sind um 75% verlangsamt.;1;17;21;1;0;0;0;20;0;0;0;0;0;0;0;
362;Verschlagenheit des Kriegers;Warrior's Cunning;Fertigkeit. 5..11 Sekunde[n] lang ist ein Blocken bei Euren Nahkampfangriffen nicht möglich.;0;17;1;1;0;10;0;60;0;0;0;0;0;0;0;
363;Heftiger Schildschlag;Shield Bash;Fertigkeit. Die nächsten 5..11 Sekunden wird, solange Ihr ein Schild benutzt, die nächste Nahkampfangriff-Fertigkeit geblockt, die gegen Euch eingesetzt wird, der Angreifer wird niedergeschlagen, und die geblockte Fertigkeit kann 15 Sekunden länger nicht eingesetzt werden.;0;17;1;1;0;5;0;20;0;0;0;0;0;0;0;
364;Angriff!;"Charge!";Elite-Schrei. Alle Verbündeten in Hörweite verlieren den Zustand Verkrüppelung. 5..13 Sekunde[n] lang bewegen sich diese Verbündeten um 33% schneller als normal.;0;21;20;1;0;5;0;20;0;0;1;0;0;0;0;
365;Der Sieg ist mein!;"Victory Is Mine!";Elite-Schrei. Ihr erhaltet für jeden Zustand, unter dem der Gegner leidet, 10..68 Lebenspunkt[e] und 3..7 Energiepunkt[e].;1;21;20;1;0;5;0;10;0;0;1;0;0;0;0;
366;Fürchtet mich!;"Fear Me!";Schrei. Alle Gegner in der Nähe verlieren 2..6 Energiepunkt[e]. 1..15 Sekunde[n] lang erhöht sich Eure Chance auf kritische Treffer durch Nahkampfangriffe auf stationäre Feinde um +5..30%.;1;21;20;1;0;0;0;4;3.2;0;0;0;0;0;0;
367;Schilde hoch!;"Shields Up!";Schrei. 5..11 Sekunde[n] lang erhaltet Ihr und alle Gruppenmitglieder in Hörweite +60 Rüstung gegen Geschosse.;0;21;20;1;0;10;0;30;0;0;0;0;0;0;0;
368;Ich überlebe!;"I Will Survive!";Schrei. Für jeden Zustand, unter dem Ihr leidet, erfreut Ihr Euch einer zusätzlichen Lebenspunktregeneration von 3. Diese Regeneration endet nach 5..11 Sekunde[n].;1;17;20;1;0;5;0;30;0;0;0;0;0;0;0;
370;Berserkerhaltung;Berserker Stance;Haltung. Für 8..14 Sekunden greift Ihr um 33 % schneller an und erhaltet 100 % mehr Adrenalin. Die Berserkerhaltung endet, wenn Ihr eine Fertigkeit verwendet.;0;17;29;1;0;10;0;10;0;0;0;0;0;0;0;
371;Ausgeglichene Haltung;Balanced Stance;Haltung. 8..20 Sekunde[n] lang könnt Ihr nicht zu Boden geworfen werden und erleidet keinen zusätzlichen Schaden durch kritische Angriffe.;0;21;29;1;0;5;0;30;0;0;0;0;0;0;0;
372;Gladiatoren-Verteidigung;Gladiator's Defense;Elite-Haltung. 5..11 Sekunde[n] lang habt Ihr eine 75%ige Chance, Angriffe zu blocken. Immer, wenn Ihr einen Nahkampfangriff auf diese Weise blockt, erleidet der Angreifer 5..35 Punkt[e] Schaden.;1;21;29;1;0;5;0;20;0;0;1;0;0;0;0;
373;Pfeilablenkung;Deflect Arrows;Haltung. 1..6 Sekunde[n] lang habt Ihr eine Chance von 75%, Angriffe zu blocken. Wenn Ihr einen Geschossangriff blockt, leiden umstehende Feinde 5..15 Sekunde[n] lang unter einer Blutung.;1;21;29;1;0;0;0;12;4.8;0;0;0;0;0;0;
374;Ausdauer des Kriegers;Warrior's Endurance;Elite-Fertigkeit. 5..35 Sekunde[n] lang erhaltet Ihr 3 Energiepunkte für jeden Treffer den Ihr mit einem Nahkampfangriff erzielt. Ausdauer des Kriegers kann Eure Energiepunkte höchstens auf 10..25 erhöhen.;1;17;1;1;0;5;0;30;0;0;1;0;0;0;0;
375;Zwergen-Kampfhaltung;Dwarven Battle Stance;Elite-Haltung. 5..11 Sekunde[n] lang gilt Folgendes, falls Ihr einen Hammer schwingt: Ihr greift um 33% schneller an, Ihr erhaltet +40 Rüstung, und wenn Ihr einen Gegner mit einer Angriffsfertigkeit trefft, wird dessen Aktion unterbrochen.;1;17;29;1;0;5;0;20;0;0;1;0;0;0;0;
376;Disziplinierte Haltung;Disciplined Stance;Haltung. 1..4 Sekunde[n] lang gewinnt Ihr +10 Rüstung und habt eine 75%ige Chance Angriffe zu blocken. Disziplinierte Haltung endet, sobald Ihr eine Adrenalin-Fertigkeit verwendet.;1;21;29;1;0;5;0;15;0;0;0;0;0;0;0;
377;Wachsame Haltung;Wary Stance;Haltung. 1..6 Sekunde[n] lang blockt Ihr jede gegen Euch gerichtete Angriffsfertigkeit. Für jedes erfolgreiche Blocken erhaltet Ihr Adrenalin und 5 Energiepunkte. Wachsame Haltung endet, sobald Ihr eine Fertigkeit verwendet.;1;21;29;1;0;10;0;10;0;0;0;0;0;0;0;
378;Schildhaltung;Shield Stance;Haltung. 1..6 Sekunde[n] lang habt Ihr, solange Ihr einen Schild benutzt, eine 75%ige Chance, Angriffe zu blocken. Für jeden Rang in Stärke wird der erlittene Schaden um 2 Punkte reduziert (maximal 15 Lebenspunkte Schadensreduzierung).;1;21;29;1;0;5;0;15;0;0;0;0;0;0;0;
379;Angriff des Bullen;Bull's Charge;Elite-Haltung. Für 1..7 Sekunden bewegt Ihr Euch um 50 % schneller. Wenn Ihr im Nahkampf einen sich bewegenden Gegner trefft, wird er niedergeschlagen. Der Angriff des Bullen endet, wenn Ihr eine Fertigkeit verwendet.;1;17;29;1;0;5;0;12;0;0;1;0;0;0;0;
380;Bonettis Verteidigung;Bonetti's Defense;Haltung. 5..11 Sekunde[n] lang habt Ihr eine 75%ige Chance, Nahkampf- und Geschossangriffe zu blocken. Für jeden erfolgreichen Block eines Nahkampfangriffs erhaltet Ihr 5 Energiepunkte. Bonettis Verteidigung endet, sobald Ihr eine Fertigkeit verwendet.;1;21;29;1;0;0;0;0;8;0;0;0;0;0;0;
381;Hundert Klingen;Hundred Blades;Elite-Fertigkeit. 15 Sekunde[n] lang erleiden alle umstehenden Feinde jedes Mal, wenn Ihr mit einem Schwert angreift, 10..35 Punkt[e] Hiebschaden.;0;20;1;1;0;5;0;20;0;0;1;0;0;0;0;
382;Arterienabtrennung;Sever Artery;Schwertangriff. Wenn dieser Angriff erfolgreich ist, leidet der Gegner 5..25 Sekunde[n] lang unter einer Blutung und verliert Lebenspunkte über Zeit.;0;20;10;1;0;0;0;0;3;0;0;0;0;0;0;
383;Galrath-Hieb;Galrath Slash;Schwertangriff. Bei einem Treffer fügt dieser Angriff 1..40 Punkte Schaden zu.;1;20;10;1;0;0;0;0;7;0;0;0;0;0;0;
384;Schnittwunde;Gash;Schwertangriff. Wenn dieser Angriff einen Gegner mit einer Blutung trifft, fügt Ihr 5..20 Punkt[e] zusätzlichen Schaden zu und dieser Gegner erleidet eine Tiefe Wunde, die seine maximalen Lebenspunkte 5..20 Sekunde[n] lang um 20% verringert.;0;20;10;1;0;0;0;0;5;0;0;0;0;0;0;
385;Endstoß;Final Thrust;Schwertangriff. Alles Adrenalin geht verloren. Wenn Endstoß trifft, fügt Ihr 5..40 Punkt[e] mehr Schaden zu. Dieser Schaden wird verdoppelt, wenn die Lebenspunkte Eures Ziels unter 50% lagen.;0;20;10;1;0;0;0;0;8;0;0;0;0;0;0;
386;Suchende Klinge;Seeking Blade;Schwertangriff. Wenn dieser Angriff erfolgreich ist, fügt Ihr +1..20 Punkt[e] Schaden zu. Wenn Suchende Klinge geblockt wird, blutet das Ziel 25 Sekunden lang und erleidet 1..20 Punkt[e] Schaden.;0;20;10;1;0;5;0;4;0;0;0;0;0;0;0;
387;Entgegnung;Riposte;Fertigkeit. 8 Sekunden lang blockt Ihr, solange Ihr ein Schwert führt, den nächsten gegen Euch gerichteten Nahkampfangriff und Euer Angreifer wird mit 20..80 Punkt[en] Schaden getroffen.;1;21;1;1;0;0;0;0;3.2;0;0;0;0;0;0;
388;Tödliche Entgegnung;Deadly Riposte;Fertigkeit. 8 Sekunden lang blockt Ihr, solange Ihr ein Schwert führt, den nächsten gegen Euch gerichteten Nahkampfangriff, Euer Angreifer wird mit 15..90 Punkt[en] Schaden getroffen und blutet 3..25 Sekunde[n] lang.;1;21;1;1;0;5;0;10;0;0;0;0;0;0;0;
389;Blütezeit;Flourish;Elite-Fertigkeit. Alle Eure Angriffsfertigkeiten werden wieder aufgeladen. Für jede mithilfe von "Blütezeit" wieder aufgeladene Fertigkeit erhaltet Ihr 2..7 Energiepunkt[e].;1;17;1;1;0;5;1;8;0;0;1;0;0;0;0;
390;Wilder Hieb;Savage Slash;Schwertangriff. Wenn dieser Angriff erfolgreich ist, unterbricht er die Aktion des Feindes. Wenn es sich dabei um einen Zauber gehandelt hat, verursacht Ihr 1..40 Punkt[e] zusätzlichen Schaden.;0;20;10;1;0;5;.5;10;0;0;0;0;0;0;0;
391;Jägerschuss;Hunter's Shot;Bogenangriff. Wenn der Jägerschuss trifft, leidet Euer Gegner 3..25 Sekunde[n] lang an einer Blutung.;0;25;2;2;0;5;1;10;0;0;0;0;0;0;0;
392;Festnageln;Pin Down;Bogenangriff. Wenn Festnageln trifft, leidet Euer Ziel 3..15 Sekunde[n] lang an einer Verkrüppelung.;0;25;2;2;0;15;0;8;0;0;0;0;0;0;0;
393;Verkrüppelungs-Schuss;Crippling Shot;Elite-Bogenangriff. Wenn Verkrüppelungs-Schuss trifft, leidet Euer Ziel 4..14 Sekunde[n] lang an einer Verkrüppelung. Dieser Angriff kann nicht geblockt werden.;1;25;2;2;0;5;0;2;0;0;1;0;0;0;0;
394;Kraftschuss;Power Shot;Bogenangriff. Wenn Kraftschuss trifft, erleidet der Gegner 25..50 Schaden.;0;25;2;2;0;10;0;3;0;0;0;0;0;0;0;
395;Sperrfeuer;Barrage;Elite-Bogenangriff. Entfernt alle Eure Vorbereitungen. Schießt Pfeile auf Euren Zielgegner und bis zu 5 um ihn herum stehende Feinde. Bei Treffern verursachen diese Pfeile 5..20 Punkt[e] Schaden.;0;25;2;2;0;5;0;1;0;0;1;0;0;0;0;
396;Doppelschuss;Dual Shot;Bogenangriff. Zwei Pfeile werden gleichzeitig auf den Gegner abgefeuert. Diese Pfeile fügen 25% weniger Schaden zu.;0;-1;2;2;0;10;0;10;0;0;0;0;0;0;0;
397;Schnellschuss;Quick Shot;Elite-Bogenangriff. Schießt einen Pfeil ab, der sich doppelt so schnell bewegt.;0;-1;2;2;0;5;.5;1;0;0;1;0;0;0;0;
398;Durchbohr-Angriff;Penetrating Attack;Bogenangriff. Wenn "Durchbohr-Angriff" trifft, fügt Ihr fügt Ihr 5..25 Punkt[e] zusätzlichen Schaden zu. Dieser Angriff hat eine Rüstungsdurchdringung von 10%.;1;25;2;2;0;10;.75;4;0;0;0;0;0;0;0;
399;Ablenk-Schuss;Distracting Shot;Bogenangriff. Wenn "Ablenk-Schuss" trifft, unterbricht er die Aktion des Gegners, fügt aber nur 1..16 Punkt[e] Schaden zu. Beruhte die unterbrochene Aktion auf einer Fertigkeit, wird diese Fertigkeit für weitere 20 Sekunden deaktiviert.;0;23;2;2;0;5;.5;10;0;0;0;0;0;0;0;
400;Präzisionsschuss;Precision Shot;Bogenangriff. Wenn Präzisionsschuss trifft, fügt Ihr +3..10 Punkt[e] Schaden zu. Bei Präzisionsschuss ist ein Blocken nicht möglich. Diese Aktion kann leicht unterbrochen werden.;0;25;2;2;0;10;1;6;0;0;0;0;0;0;0;
402;Entschlossener Schuss;Determined Shot;Bogenangriff. Wenn "Entschlossener Schuss" trifft, fügt Ihr 5..20 Punkt[e] zusätzlichen Schaden zu. Wenn dieser Angriff fehlschlägt, werden alle Eure Angriffsfertigkeiten wieder aufgeladen.;0;25;2;2;0;5;0;10;0;0;0;0;0;0;0;
403;Ankündigungs-Schuss;Called Shot;Bogenangriff. Schießt einen Pfeil ab, der sich dreimal so schnell bewegt und nicht geblockt werden kann.;0;-1;2;2;0;5;0;3;0;0;0;0;0;0;0;
404;Giftpfeil;Poison Arrow;Elite-Bogenangriff. Wenn Giftpfeil trifft, wird Euer Ziel 5..20 Sekunde[n] lang vergiftet.;1;24;2;2;0;5;0;1;0;0;1;0;0;0;0;
405;Eidschuss;Oath Shot;Elite-Bogenangriff. Wenn der Eidschuss trifft, werden alle Fertigkeiten außer Eidschuss wieder aufgeladen. Wenn er verfehlt, werden alle Eure Fertigkeiten 10..4 Sekunden lang deaktiviert. (Bei einer Fachkenntnis von 7 oder weniger besteht eine 50%ige Wahrscheinlichkeit für einen Misserfolg.);1;23;2;2;0;10;0;25;0;0;1;0;0;0;0;
406;Entkräftungs-Schuss;Debilitating Shot;Bogenangriff. Wenn Entkräftungs-Schuss trifft, verliert Euer Ziel 1..10 Energiepunkt[e].;0;25;2;2;0;10;0;10;0;0;0;0;0;0;0;
407;Kurzdistanzschuss;Point Blank Shot;Bogenangriff. Ein Pfeil wird abgeschossen, der nur die halbe Reichweite zurücklegt, aber dafür +10..40 Punkt[e] Schaden zufügt.;1;23;2;2;0;5;0;3;0;0;0;0;0;0;0;
408;Erschütterungsschuss;Concussion Shot;Bogenangriff. Trifft Erschütterungsschuss, während der Gegner einen Zauber wirkt, wird dieser Zauber unterbrochen und Euer Ziel leidet 5..20 Sekunde[n] lang an Benommenheit. Dieser Angriff fügt nur 1..16 Punkt[e] Schaden zu.;0;25;2;2;0;25;.5;5;0;0;0;0;0;0;0;
409;Bestrafungs-Schuss;Punishing Shot;Elite-Bogenangriff. Trifft "Bestrafungs-Schuss", fügt Ihr +10..20 Punkt[e] Schaden zu und Euer Ziel wird unterbrochen.;1;25;2;2;0;10;.5;5;0;0;1;0;0;0;0;
411;Tier zähmen;Charm Animal;Fertigkeit. Das Tier wird gezähmt. Einmal gezähmt, reist Euer Tiergefährte mit Euch, wann immer Ihr die Fertigkeit "Tier zähmen" benutzt. Tiere, die mehr als 4 Stufen höher als Ihr stehen, können nicht gezähmt werden.;0;22;1;2;0;10;10;0;0;0;0;0;0;0;0;
412;Ruf des Schutzes;Call of Protection;Schrei. 120 Sekunden lang erhält Euer Tiergefährte eine Basisschadens-Reduzierung von 5..20.;1;22;20;2;0;5;0;90;0;0;0;0;0;0;0;
415;Ruf der Eile;Call of Haste;Schrei. 30 Sekunden lang erhöht sich die Angriffsgeschwindigkeit Eures Tiergefährten um 33% und er bewegt sich um 33% schneller.;0;22;20;2;0;10;0;25;0;0;0;0;0;0;0;
422;Tier wiederbeleben;Revive Animal;Fertigkeit. Belebt alle verbündeten Tiergefährten im Bereich wieder, und zwar mit 10..94 % Lebenspunkten.;1;22;1;2;0;5;.25;5;0;0;0;0;0;0;0;
423;Symbiotisches Band;Symbiotic Bond;Schrei. 120..300 Sekunde[n] lang erfreut sich Eurer Tiergefährte einer Lebenspunktregeneration von 1..3 und die Hälfte jeglichen Schadens, der Eurem Tiergefährten zugefügt wird, wird auf Euch umgeleitet.;1;22;20;2;0;10;0;55;0;0;0;0;0;0;0;
424;Dreck werfen;Throw Dirt;Fertigkeit. Der berührte Gegner und umstehende Feinde werden 3..15 Sekunde[n] lang geblendet.;0;23;1;2;0;5;1;30;0;0;0;0;0;0;0;
425;Abducken;Dodge;Haltung. 5..11 Sekunde[n] lang bewegt Ihr Euch um 33% schneller und habt eine 27..75%ige Chance, Geschosse zu blocken. Abducken endet, wenn Ihr angreift.;1;23;29;2;0;5;0;30;0;0;0;0;0;0;0;
426;Wilder Schuss;Savage Shot;Bogenangriff. Trifft Wilder Schuss, wird die Aktion Eures Ziels unterbrochen. Wenn diese Aktion ein Zauber war, fügt Ihr +13..28 Punkt[e] Schaden zu.;0;25;2;2;0;10;.5;5;0;0;0;0;0;0;0;
427;Gegengift-Siegel;Antidote Signet;Siegel. Reinigt Euch von Gift, Krankheit, Blindheit und einem weiteren Zustand.;0;-1;21;2;0;0;1;4;0;0;0;0;0;0;0;
428;Flammenpfeile;Incendiary Arrows;Elite-Bogenangriff. Schießt Pfeile auf den Gegner und bis zu 2 Feinde in seiner Nähe. Diese Feinde werden 1..3 Sekunde[n] lang in Brand gesetzt.;1;24;2;2;0;5;0;5;0;0;1;0;0;0;0;
429;Melandrus Pfeile;Melandru's Arrows;Elite-Vorbereitung. 18 Sekunden lang verursachen Eure Pfeiltreffer eine Blutung, die 3..25 Sekunde[n] lang anhält und 8..28 Punkt[e] zusätzlichen Schaden anrichtet, sofern das Ziel einer Verzauberung unterliegt.;1;24;17;2;0;5;2;12;0;0;1;0;0;0;0;
430;Schützenwette;Marksman's Wager;Elite-Vorbereitung. 18 Sekunde[n] lang erhaltet Ihr für jeden Eurer Pfeiltreffer 5..10 Energiepunkt[e], aber Ihr verliert jedes Mal 10 Energiepunkte, wenn Eure Pfeile ihr Ziel verfehlen.;1;23;17;2;0;5;1;24;0;0;1;0;0;0;0;
431;Brandpfeile;Ignite Arrows;Vorbereitung. 24 Sekunden lang explodieren Eure Pfeile beim Aufschlag und fügen dem Gegner und allen umstehenden Feinden 3..18 Punkt[e] Feuerschaden zu.;1;24;17;2;0;10;2;12;0;0;0;0;0;0;0;
432;Wind lesen;Read the Wind;Vorbereitung. 24 Sekunden lang bewegen sich Eure Pfeile doppelt so schnell wie normal und fügen zusätzlich 3..10 Punkt[e] Schaden zu.;0;25;17;2;0;5;2;12;0;0;0;0;0;0;0;
433;Zündelpfeile;Kindle Arrows;Vorbereitung. 24 Sekunden lang richten Eure Pfeile Feuerschaden an und fügen zusätzlich 3..24 Punkt[e] Feuerschaden zu.;0;24;17;2;0;5;2;12;0;0;0;0;0;0;0;
434;Würgegas;Choking Gas;Vorbereitung. 1..12 Sekunde[n] lang richten Eure Pfeile 1..8 Punkt[e] mehr Schaden an und verbreiten beim Aufschlag Würgegas unter allen umstehenden Gegnern. Würgegas unterbricht Gegner beim Wirken von Zaubern.;0;24;17;2;0;15;2;24;0;0;0;0;0;0;0;
435;Gift auftragen;Apply Poison;Vorbereitung. 24 Sekunden lang werden Gegner, die von Eurem physischen Angriff getroffen werden, 3..15 Sekunde[n] lang vergiftet.;0;24;17;2;0;15;2;12;0;0;0;0;0;0;0;
436;Tier erquicken;Comfort Animal;Fertigkeit. Ihr heilt Euren Tiergefährten um 40..120 Lebenspunkt[e]. Ist Euer Gefährte tot, wird er mit 10..58% der Lebenspunkte wiederbelebt. Wenn Ihr die Fertigkeit 'Tier erquicken' benutzt, reist Euer Tiergefährte mit Euch.;0;22;1;2;0;5;1;1;0;0;0;0;0;0;0;
437;Bestiensprung;Bestial Pounce;Tiergefährtenangriff. Euer Tiergefährte führt einen Bestiensprung aus, der 5..20 Punkt[e] zusätzlichen Schaden zufügt. Trifft dieser Angriff einen Gegner, der einen Zauber wirkt, wird er zu Boden geworfen.;1;22;11;2;0;5;0;10;0;0;0;0;0;0;0;
438;Verkrüppelungs-Schlag;Maiming Strike;Tiergefährtenangriff. Euer Tiergefährte versucht einen Verstümmelnden Schlag, der +5..20 Schaden verursacht. Wenn der Angriff trifft, wird der Gegner für 3..15 Sekunden verkrüppelt.;0;22;11;2;0;10;0;5;0;0;0;0;0;0;0;
439;Wilder Ausfall;Feral Lunge;Tiergefährtenangriff. Euer Tiergefährte greift mit einem Wilden Ausfall an, der +5..35 Punkt[e] Schaden zufügt. Trifft dieser Angriff einen angreifenden Gegner, leidet dieser 5..25 Sekunde[n] lang an einer Blutung.;1;22;11;2;0;5;0;10;0;0;0;0;0;0;0;
440;Aasfresser-Schlag;Scavenger Strike;Tiergefährtenangriff. Euer Tiergefährte greift mit Aasfresser-Schlag an und fügt +10..25 Punkte Schaden zu. Wenn dieser Angriff einen Gegner trifft, der unter einem Zustand leidet, erhaltet Ihr 3..15 Energiepunkt[e].;0;22;11;2;0;5;0;10;0;0;0;0;0;0;0;
441;Melandrus Angriff;Melandru's Assault;Tiergefährtenangriff. Euer Tiergefährte greift mit Melandrus Angriff an und fügt allen Feinden in der Nähe +5..20 Punkt[e] Schaden zu.;1;22;11;2;0;10;0;5;0;0;0;0;0;0;0;
442;Wilder Schlag;Ferocious Strike;Elite-Tiergefährtenangriff. Euer Tiergefährte greift mit Wilder Schlag an und fügt +13..28 Punkte Schaden zu. Wenn dieser Angriff trifft, erhaltet Ihr Adrenalin und 3..10 Energiepunkt[e].;0;22;11;2;0;5;0;8;0;0;1;0;0;0;0;
443;Raubtier-Sprung;Predator's Pounce;Tiergefährtenangriff. Euer Tiergefährte greift mit einem Raubtier-Sprung an und fügt +5..35 Punkte Schaden zu. Wenn dieser Angriff trifft, erhält Euer Tiergefährte 5..50 Lebenspunkt[e].;1;22;11;2;0;5;0;5;0;0;0;0;0;0;0;
444;Schonungsloser Schlag;Brutal Strike;Tiergefährtenangriff. Euer Tiergefährte greift mit Schonungsloser Schlag an und fügt +5..35 Punkte Schaden zu. Wenn dieser Angriff einen Gegner trifft, dessen Lebenspunkte unter 50% sind, erleidet er zusätzlich 5..35 Punkt[e] Schaden.;1;22;11;2;0;10;0;5;0;0;0;0;0;0;0;
445;Unterbrechender Ausfall;Disrupting Lunge;Tiergefährtenangriff. Euer Tiergefährte greift mit Unterbrechender Ausfall an und fügt +1..12 Punkte Schaden zu. Wenn dieser Angriff einen Gegner trifft, der eine Fertigkeit verwendet, wird diese unterbrochen und für weitere 20 Sekunde[n] deaktiviert.;0;22;11;2;0;5;0;10;0;0;0;0;0;0;0;
446;Trollsalbe;Troll Unguent;Fertigkeit. 13 Sekunden lang erfreut Ihr Euch einer Lebenspunktregeneration von +3..10.;0;24;1;2;0;5;3;10;0;0;0;0;0;0;0;
447;Otyughs Schrei;Otyugh's Cry;Schrei. 10..25 Sekunde[n] lang erhält Euer Tiergefährte +24 Rüstung und kann nicht geblockt werden.;1;22;20;2;0;5;0;30;0;0;0;0;0;0;0;
448;Flucht;Escape;Elite-Haltung. 1..8 Sekunde[n] lang bewegt Ihr Euch um 33% schneller und habt eine 75%ige Chance Angriffe zu blocken.;0;23;29;2;0;5;0;12;0;0;1;0;0;0;0;
449;Geübte Haltung;Practiced Stance;Elite-Haltung. 20..35 Sekunde[n] lang laden sich Eure Vorbereitungen um 50% schneller auf und halten um 30..300% länger an.;1;23;29;2;0;5;0;15;0;0;1;0;0;0;0;
450;Wirbelverteidigung;Whirling Defense;Haltung. 8..20 Sekunde[n] lang habt Ihr eine 75%ige Chance, Angriffe zu blocken. Beim Blocken eines Geschosses auf diese Weise erleiden umstehende Gegner 5..11 Punkt[e] Schaden.;0;23;29;2;0;10;0;60;0;0;0;0;0;0;0;
451;Melandrus Belastbarkeit;Melandru's Resilience;Elite-Haltung. 8..20 Sekunde[n] lang erfreut Ihr Euch für jeden Zustand und jede Verhexung, unter denen Ihr leidet, einer zusätzlichen Lebenspunktregeneration von +4 und einer zusätzlichen Energieregeneration von +1.;1;24;29;2;0;5;0;15;0;0;1;0;0;0;0;
452;Dryders Verteidigungen;Dryder's Defenses;Haltung. 5..11 Sekunde[n] lang habt Ihr eine 75%ige Chance Angriffe zu blocken und erhaltet 34..60 Rüstung gegen Elementarschaden.;1;24;29;2;0;5;0;60;0;0;0;0;0;0;0;
453;Blitzreflexe;Lightning Reflexes;Haltung. 5..11 Sekunde[n] lang habt Ihr eine 75%ige Chance, Nahkampf- und Geschossangriffe zu blocken, außerdem ist Eure Angriffsgeschwindigkeit um 33% höher.;0;23;29;2;0;10;0;30;0;0;0;0;0;0;0;
454;Wut des Tigers;Tiger's Fury;Haltung. Alle Eure Nicht-Angriffsfertigkeiten werden 5 Sekunden lang deaktiviert. 5..11 Sekunde[n] lang greift Ihr um 25% schneller an.;1;22;29;2;0;10;0;10;0;0;0;0;0;0;0;
455;Sturmjäger;Storm Chaser;Haltung. 8..20 Sekunde[n] bewegt Ihr Euch um 25% schneller und Ihr erhaltet jedes Mal, wenn Ihr Elementarschaden erleidet, 1..5 Energiepunkt[e].;0;24;29;2;0;10;0;20;0;0;0;0;0;0;0;
456;Schlangen-Schnelligkeit;Serpent's Quickness;Haltung. 15..30 Sekunde[n] lang ist die Wiederaufladezeit für Eure Fertigkeiten um 33% reduziert. Schlangen-Schnelligkeit endet, wenn Eure Lebenspunkte unter 50% sinken.;1;24;29;2;0;5;0;45;0;0;0;0;0;0;0;
457;Staubfalle;Dust Trap;Falle. Wird Staubfalle aktiviert, fügt sie 5 Sekunden lang allen Gegner in der Nähe 3..8 Sekunde[n] Blindheit und 10..25 Punkt[e] rüstungsignorierenden Erdschaden zu. Bei der Aktivierung dieser Fertigkeit könnt Ihr leicht unterbrochen werden. Staubfalle endet nach 90 Sekunden.;1;24;30;2;0;25;2;30;0;0;0;0;0;0;0;
458;Stachelfalle;Barbed Trap;Falle. Wird Stachelfalle aktiviert, erleiden alle Gegner in der Nähe 7..23 Punkt[e] Stichschaden, werden verkrüppelt und leiden 3..25 Sekunde[n] lang unter einer Blutung. Stachelfalle endet nach 90 Sekunden. Bei der Aktivierung dieser Fertigkeit könnt Ihr leicht unterbrochen werden.;0;24;30;2;0;10;2;20;0;0;0;0;0;0;0;
459;Flammenfalle;Flame Trap;Falle. Wird Flammenfalle aktiviert, erleiden alle Gegner in der Nähe pro Sekunde (insgesamt 3 Sekunden lang) 5..20 Punkt[e] Flammenschaden und werden 1..3 Sekunde[n] lang in Brand gesetzt. Flammenfalle endet nach 90 Sekunden. Bei der Aktivierung dieser Fertigkeit könnt Ihr leicht unterbrochen werden.;0;24;30;2;0;10;2;20;0;0;0;0;0;0;0;
460;Heilquelle;Healing Spring;Falle. 10 Sekunden lang werden alle umstehenden Verbündeten alle 2 Sekunden um 15..60 Punkt[e] geheilt. Bei der Aktivierung dieser Fertigkeit könnt Ihr leicht unterbrochen werden.;1;24;30;2;0;10;2;20;0;0;0;0;0;0;0;
461;Dornenfalle;Spike Trap;Elite-Falle. Wird Dornenfalle aktiviert, erleiden alle Gegner in der Nähe pro Sekunde (insgesamt 2 Sekunden lang) 10..40 Punkt[e] Stichschaden, werden 3..25 Sekunde[n] lang verkrüppelt und zu Boden geworfen. Dornenfalle endet nach 90 Sekunde[n]. Bei der Aktivierung dieser Fertigkeit könnt Ihr leicht unterbrochen werden.;0;24;30;2;0;10;2;20;0;0;1;0;0;0;0;
462;Winter;Winter;Naturritual. Erstellt einen Geist der Stufe 1..10. Alle Kreaturen in seiner Reichweite erleiden Kälteschaden anstelle von Elementarschaden. Dieser Geist stirbt nach 30..240 Sekunde[n].;1;24;19;2;0;5;2;60;0;0;0;0;0;0;0;
463;Trennung;Winnowing;Naturritual. Erstellt einen Geist der Stufe 1..10. Kreaturen in Reichweite, die keine Geister sind, erleiden, wenn sie physischen Schaden nehmen, 4 Punkte zusätzlichen Schaden. Dieser Geist stirbt nach 30..240 Sekunde[n].;0;24;19;2;0;5;2;60;0;0;0;0;0;0;0;
464;Rand der Auslöschung;Edge of Extinction;Naturritual. Erstellt einen Geist der Stufe 1..10. Wenn eine Kreatur in Reichweite, die kein Geist ist, stirbt, fügt Rand der Auslöschung allen Kreaturen derselben Gattung, deren Lebenspunkte unter 90% liegen und die sich in Reichweite des Geistes befinden, 14..50 Punkt[e] Schaden zu. Dieser Geist stirbt nach 30..240 Sekunde[n].;1;22;19;2;0;5;2;60;0;0;0;0;0;0;0;
465;Großflächenbrand;Greater Conflagration;Elite-Naturritual. Erstellt einen Geist der Stufe 1..10. Alle Kreaturen in seiner Reichweite, die keine Geister sind, erleiden Feuerschaden anstelle von physischem Schaden. Dieser Geist stirbt nach 30..240 Sekunde[n].;1;24;19;2;0;5;2;15;0;0;1;0;0;0;0;
466;Feuersbrunst;Conflagration;Naturritual. Erstellt einen Geist der Stufe 1..10. Alle Pfeiltreffer fügen Kreaturen in seiner Reichweite, die keine Geister sind, Feuerschaden zu. Dieser Geist stirbt nach 30..240 Sekunde[n].;2;24;19;2;0;5;2;60;0;0;0;0;0;0;0;
467;Fruchtbare Jahreszeit;Fertile Season;Naturritual. Erstellt einen Geist der Stufe 1..10. Kreaturen in Reichweite, die keine Geister sind, haben +50..150 maximale Lebenspunkte und erhalten +8 Rüstung. Dieser Geist stirbt nach 15..90 Sekunde[n].;1;22;19;2;0;15;2;60;0;0;0;0;0;0;0;
468;Symbiose;Symbiosis;Naturritual. Erstellt einen Geist der Stufe 1..10. Für jede Verzauberung auf eine Kreatur in Reichweite, die kein Geist ist, hat diese Kreatur +27..150 maximale Lebenspunkte . Dieser Geist stirbt nach 30..240 Sekunde[n].;1;22;19;2;0;5;2;60;0;0;0;0;0;0;0;
469;Urechos;Primal Echoes;Naturritual. Erstellt einen Geist der Stufe 1..10. Die Verwendung von Siegeln kostet Kreaturen in seiner Reichweite, die keine Geister sind, 10 Energiepunkte. Dieser Geist stirbt nach 30..240 Sekunde[n].;0;22;19;2;0;5;2;60;0;0;0;0;0;0;0;
470;Jagdsaison;Predatory Season;Naturritual. Erstellt einen Geist der Stufe 1..10. Die Heilung aller Kreaturen in seiner Reichweite, die keine Geister sind, ist um 20% reduziert. Wenn Euer Angriff trifft, erhaltet Ihr 5 Lebenspunkte. Dieser Geist stirbt nach 30..240 Sekunde[n].;1;22;19;2;0;5;2;60;0;0;0;0;0;0;0;
471;Eisboden;Frozen Soil;Naturritual. Erstellt einen Geist der Stufe 1..10. Kreaturen in seiner Reichweite, die keine Geister sind, können keine Wiederbelebungsfertigkeiten aktivieren. Dieser Geist stirbt nach 30..180 Sekunde[n].;1;24;19;2;0;10;2;30;0;0;0;0;0;0;0;
472;Günstige Winde;Favorable Winds;Naturritual. Erstellt einen Geist der Stufe 1..10. Für Kreaturen in seiner Reichweite, die keine Geister sind, bewegen sich Pfeile doppelt so schnell und fügen +6 Punkte Schaden zu. Dieser Geist stirbt nach 30..240 Sekunde[n].;0;25;19;2;0;5;2;60;0;0;0;0;0;0;0;
474;Treibwind;Energizing Wind;Naturritual. Erstellt einen Geist der Stufe 15. Für Kreaturen in seiner Reichweite, die keine Geister sind, kosten alle Fertigkeiten 15 Energiepunkte weniger (minimale Kosten von 10 Energiepunkten) und die Wiederaufladezeit ist um 25% langsamer. Dieser Geist stirbt nach 1..60 Sekunde[n].;0;22;19;2;0;15;2;60;0;0;0;0;0;0;0;
475;Beschleunigender Zephyr;Quickening Zephyr;Naturritual. Erstellt einen Geist der Stufe 1..10. Für Kreaturen in seiner Reichweite, die keine Geister sind, werden alle Fertigkeiten doppelt so schnell wieder aufgeladen und benötigen 30% mehr Basisenergie beim Wirken. Dieser Geist stirbt nach 15..90 Sekunde[n].;0;24;19;2;0;25;2;60;0;0;0;0;0;0;0;
476;Erneuerung der Natur;Nature's Renewal;Naturritual. Erstellt einen Geist der Stufe 1..10. 30..240 Sekunde[n] lang dauert das Wirken von Verzauberungen und Verhexungen durch Kreaturen, die keine Geister sind, doppelt so lange und das Aufrechterhalten von Verzauberungen benötigt doppelt so viel Energie. Dieser Geist stirbt nach 30..240 Sekunde[n].;0;24;19;2;0;5;2;60;0;0;0;0;0;0;0;
477;Schlammiges Terrain;Muddy Terrain;Naturritual. Erstellt einen Geist der Stufe 1..10. Kreaturen in seiner Reichweite, die keine Geister sind, bewegen sich um 10% langsamer und Geschwindigkeitsschübe bleiben wirkungslos. Dieser Geist stirbt nach 30..180 Sekunde[n].;1;24;19;2;0;5;2;30;0;0;0;0;0;0;0;
570;Zeichen der Unsicherheit;Mark of Insecurity;Elite-Verhexung. 5..25 Sekunden lang erleidet der Zielgegner, -1..5 Lebenspunktdegeneration, und Verzauberungen und Haltungen auf diesem Gegner vergehen 20..60 % schneller. Eure Nicht-Assassinen-Fertigkeiten sind 5 Sekunden lang deaktiviert.;3;30;24;7;0;5;1;10;0;0;1;0;0;0;0;
571;Unterbrechender Dolch;Disrupting Dagger;Zauber. Ein Unterbrechender Dolch fliegt auf den Gegner zu und fügt 10..35 Punkt[e] Erdschaden zu. Wenn dieser Gegner eine Fertigkeit aktiviert hat, wird diese unterbrochen. Dieser Zauber hat nur die halbe Reichweite.;3;30;22;7;0;5;.25;10;0;0;0;0;0;0;0;
572;Tödliches Paradoxon;Deadly Paradox;Haltung. Alle Eure Angriffsfertigkeiten werden 10 Sekunde[n] lang deaktiviert. 5..15 Sekunde[n] lang werden Eure Assassinen-Fertigkeiten um 33% schneller aktiviert und aufgeladen.;3;30;29;7;0;15;0;10;0;0;0;0;0;0;0;
763;Neidvoller Blick;Jaundiced Gaze;Verzauberung. Entfernt eine Verzauberung vom Gegner. Beim Entfernen einer Verzauberung wird 1..20 Sekunde[n] lang Eure nächste Verzauberung 0..1 Sekunde[n] schneller gewirkt und kostet 1..10 Energiepunkt[e] weniger.;2;4;23;4;0;5;1;15;0;0;0;0;0;0;0;
764;Schicksalsklage;Wail of Doom;Elite-Verhexung. 2..6 Sekunde[n] lang werden alle Attribute des Gegners auf 0 gesetzt.;2;6;24;4;0;1;.25;15;0;10;1;0;0;0;0;
766;Verächtlicher Blick;Gaze of Contempt;Zauber. Wenn der Gegner mehr als 50% seiner Lebenspunkte hat, verliert er alle Verzauberungen.;2;-1;22;4;0;10;2;10;0;0;0;0;0;0;0;
769;Verteidigung der Viper;Viper's Defense;Zauber. Alle umstehenden Feinde leiden 5..20 Sekunde[n] lang an Vergiftung. Schattenschritt zu einer Position in der Nähe, weg vom Gegner.;2;31;22;7;0;5;.25;10;0;0;0;0;0;0;0;
770;Rückkehr;Return;Zauber. Alle umstehenden Gegner werden 3..8 Sekunde[n] lang verkrüppelt. Unternehmt Schattenschritt zur Position des ausgewählten Verbündeten.;2;31;22;7;0;5;.25;15;0;0;0;0;0;0;0;
771;Aura der Verschiebung;Aura of Displacement;Elite-Verzauberung. Wenn Ihr Aura der Verschiebung wirkt, macht Ihr einen Schattenschritt zum anvisierten Gegner. Wenn Ihr Aura der Verschiebung nicht länger aufrechterhaltet, kehrt Ihr an Euren ursprünglichen Ort zurück.;2;-1;23;7;-1;5;.25;20;0;0;1;0;0;0;0;
772;Großzügig war Tsungrai;Generous Was Tsungrai;Gegenstandszauber. Haltet Tsungrais Asche bis zu 15..60 Sekunde[n] lang und erhaltet +50..140 Punkt[e] maximale Lebenspunkte. Wenn Ihr seine Asche fallen lasst, erhaltet Ihr 100..280 Lebenspunkt[e].;2;33;25;8;0;5;1;15;0;10;0;0;0;0;0;
773;Mächtig war Vorizun;Mighty Was Vorizun;Gegenstandszauber. Haltet Vorizuns Asche bis zu 15..60 Sekunde[n] lang. Während Ihr seine Asche haltet, erhaltet Ihr +15 Rüstung und +30 Punkte maximale Energie.;2;32;25;8;0;5;2;30;0;0;0;0;0;0;0;
775;Todesblüte;Death Blossom;Doppelangriff. Muss einem Begleithandangriff folgen. Wenn Todesblüte erfolgreich ist, erleidet der Gegner +20..45 Punkt[e] Schaden und alle umstehenden Feinde 20..45 Punkt[e] Schaden.;2;29;7;7;0;5;0;2;0;0;0;0;0;0;0;
776;Schlangenzähne;Twisting Fangs;Doppelangriff. Muss einem Begleithandangriff folgen. Wenn Schlangenzähne erfolgreich ist, fügt dieser Angriff +10..20 Punkt[e] Schaden zu und getroffene Feinde leiden 5..20 Sekunde[n] lang unter Blutung und Tiefer Wunde.;2;35;7;7;0;10;0;15;0;0;0;0;0;0;0;
777;Hörner des Ochsen;Horns of the Ox;Doppelangriff. Muss einem Begleithandangriff folgen. Wenn Hörner des Ochsen erfolgreich ist, fügt dieser Angriff +1..11 Punkt[e] Schaden zu. Falls keine Verbündeten um den getroffenen Feind herumstehen, wird der Feind zu Boden geworfen.;2;29;7;7;0;5;0;12;0;0;0;0;0;0;0;
778;Fallende Spinne;Falling Spider;Begleithandangriff. Muss einen zu Boden geworfenen Feind treffen. Wenn Fallende Spinne trifft, fügt dieser Angriff +15..35 Punkt[e] Schaden zu und der Feind wird 5..20 Sekunde[n] lang vergiftet.;2;29;6;7;0;5;0;8;0;0;0;0;0;0;0;
779;Schwarzer Lotus-Stoß;Black Lotus Strike;Leithandangriff. Wenn Schwarzer Lotus-Stoß erfolgreich ist, fügt er +10..31 Punkt[e] Schaden zu. Wenn der Gegner unter einer Verhexung leidet, erhaltet Ihr 5..13 Energiepunkt[e].;2;35;5;7;0;5;0;6;0;0;0;0;0;0;0;
780;Reißzähne des Fuchses;Fox Fangs;Begleithandangriff. Muss einem Leithandangriff folgen. Reißzähne des Fuchses kann nicht geblockt werden und fügt bei einem Treffer +10..35 Punkt[e] Schaden zu.;2;29;6;7;0;5;.5;3;0;0;0;0;0;0;0;
781;Möbiusstoß;Moebius Strike;Elite-Begleithandangriff. Muss einem Doppelangriff folgen. Wenn Möbiusstoß erfolgreich ist, fügt dieser Angriff +10..35 Punkt[e] Schaden zu. Falls Ihr einen Feind trefft, dessen Lebenspunkte unter 50% sind, werden alle Eure anderen Angriffsfertigkeiten wieder aufgeladen.;2;29;6;7;0;5;0;2;0;0;1;0;0;0;0;
782;Gezackter Stoß;Jagged Strike;Leithandangriff. Wenn Gezackter Stoß erfolgreich ist, leidet Euer Ziel 5..20 Sekunde[n] lang unter einer Blutung.;2;29;5;7;0;5;.5;2;0;0;0;0;0;0;0;
783;Unvermuteter Stoß;Unsuspecting Strike;Leithandangriff. Wenn dieser Angriff erfolgreich ist, fügt Ihr +19..31 Punkt[e] Schaden zu. Falls die Lebenspunkte Eures Ziels höher als 90% sind, fügt Ihr zusätzlich 15..75 Punkt[e] Schaden zu.;2;35;5;7;0;10;0;2;0;0;0;0;0;0;0;
784;Schlingnatter;Entangling Asp;Zauber. Schlingnatter muss einem Leithandangriff folgen. Der Gegner wird zu Boden geworfen und leidet 5..20 Sekunde[n] lang unter Vergiftung.;2;30;22;7;0;10;1;20;0;0;0;0;0;0;0;
785;Zeichen des Todes;Mark of Death;Verhexung. 4..10 Sekunde[n] lang erfährt der Gegner um 50% weniger Heilung.;2;30;24;7;0;10;.25;20;0;0;0;0;0;0;0;
786;Eiserne Handfläche;Iron Palm;Fertigkeit. Der berührte Gegner erleidet 5..50 Punkt[e] Schaden und wird zu Boden geworfen, wenn er unter einer Verhexung oder einem Zustand leidet. Eiserne Handfläche zählt als Leithandangriff.;2;30;1;7;0;5;.75;20;0;0;0;0;0;0;0;
787;Unverwüstliche Waffe;Resilient Weapon;Waffenzauber. 3..12 Sekunde[n] lang bekommt der Verbündete (bzw. Ihr selbst) eine Unverwüstliche Waffe. Während er unter einer Verhexung oder einem Zustand leidet, erhält er eine Lebenspunktregeneration von +1..6 und +24 Rüstung.;2;33;27;8;0;10;1;6;0;0;0;0;0;0;0;
788;Blind war Mingson;Blind Was Mingson;Gegenstandszauber. Haltet Mingsons Asche bis zu 15..60 Sekunde[n] lang. Wenn Ihr seine Asche fallen lasst, werden alle Feinde in der Nähe 3..8 Sekunde[n] lang geblendet.;2;33;25;8;0;5;1;20;0;0;0;0;0;0;0;
789;Erfassend war Kuurong;Grasping Was Kuurong;Elite-Gegenstandszauber. Ihr haltet Kuurongs Asche bis zu 15..60 Sekunden lang empor. Wenn Ihr sie fallen lasst, erleiden alle Gegner im Bereich 15..75 Schaden, und sie werden niedergeschlagen.;2;34;25;8;0;15;1.5;25;0;0;1;0;0;0;0;
790;Nachtragend war Khanhei;Vengeful Was Khanhei;Elite-Gegenstandszauber. Haltet Khanheis Asche bis zu 5..11 Sekunde[n] lang. Jedes Mal, wenn ein Feind Euch im Kampf trifft, während Ihr Khanheis Asche haltet, entzieht Ihr diesem Feind 10..45 Lebenspunkt[e].;2;33;25;8;0;5;.75;15;0;0;1;0;0;0;0;
791;Fleisch von meinem Fleisch;Flesh of My Flesh;Zauber. Verliert die Hälfte Eurer Lebenspunkte. Belebt das Gruppenmitglied mit Euren aktuellen Lebenspunkten und 5..20% der Energiepunkte wieder.;2;33;22;8;0;5;4;0;0;0;0;0;0;0;0;
792;Splitterwaffe;Splinter Weapon;Waffenzauber. Ein verbündetes Ziel erhält für eine Dauer von 20 Sekunde[n] eine Splitterwaffe. Die nächsten 1..5 Angriffe des Verbündeten (bzw. Eure eigenen) fügen bis zu 4 umstehenden Feinden 5..50 Punkt[e] Schaden zu.;2;34;27;8;0;5;1;5;0;0;0;0;0;0;0;
793;Waffe der Abwehr;Weapon of Warding;Waffenzauber. 3..8 Sekunde[n] lang hat der Verbündete (bzw. Ihr selbst) eine Waffe der Abwehr, die ihm eine Lebenspunktregeneration von +2..4 und eine 50%ige Chance zum Blocken gewährt.;2;33;27;8;0;10;1;5;0;0;0;0;0;0;0;
794;Klagende Waffe;Wailing Weapon;Waffenzauber. 3..14 Sekunde[n] lang hat der Verbündete (bzw. Ihr selbst) eine Klagende Waffe. Jedes Mal, wenn diese einen angreifenden Feind trifft, wird dieser unterbrochen.;2;34;27;8;0;5;1;15;0;0;0;0;0;0;0;
795;Alptraumwaffe;Nightmare Weapon;Waffenzauber. Während der nächsten 12 Sekunde[n] hat der Verbündete (bzw. Ihr selbst) eine Alptraumwaffe. Die nächsten 3 Angriffe des Verbündeten (bzw. Eure eigenen) werden um 10..50 Schadenspunkt[e] reduziert und entziehen bis zu 10..50 Lebenspunkt[e].;2;34;27;8;0;5;1;10;0;0;0;0;0;0;0;
799;Verführerischer Dunst;Beguiling Haze;Elite-Zauber. Ihr unternehmt einen Schattenschritt zum Gegner hin. Dieser leidet 3..9 Sekunde[n] lang unter Benommenheit.;2;31;22;7;0;10;.25;20;0;0;1;0;0;0;0;
800;Dauerhaftes Toxin;Enduring Toxin;Verhexung. 5 Sekunden lang leidet der Gegner unter einer Lebenspunktdegeneration von -1..5. Falls sich der Gegner bewegt, wenn Dauerhaftes Toxin enden sollte, wird es um 5 zusätzliche Sekunden verlängert.;2;30;24;7;0;5;.25;10;0;0;0;0;0;0;0;
801;Schleier des Schweigens;Shroud of Silence;Elite-Verhexung. Alle Eure Zauber werden 15 Sekunden lang deaktiviert. Der berührte Gegner kann 1..6 Sekunde[n] lang keine Zauber wirken.;2;30;24;7;0;10;.75;30;0;0;1;0;0;0;0;
802;Verteidigungen aufdecken;Expose Defenses;Verhexung. 1..11 Sekunde[n] lang kann der Gegner Eure Angriffe nicht blocken.;2;30;24;7;0;5;1;25;0;0;0;0;0;0;0;
803;Kraftfresser;Power Leech;Elite-Verhexung. Falls der Gegner einen Zauber oder Anfeuerungsruf wirkt, wird diese Fertigkeit unterbrochen und Ihr entzieht dem Gegner immer, wenn er innerhalb der nächsten 10 Sekunde[n] einen Zauber wirkt, bis zu 5..15 Energiepunkt[e].;2;3;24;5;0;5;.25;20;0;0;1;0;0;0;0;
804;Arkane Schwäche;Arcane Languor;Elite-Verhexung. 1..10 Sekunden lang führen alle vom Gegner gewirkten Zauber zu 10 Überzaubern.;2;0;24;5;0;10;2;15;0;0;1;0;0;0;0;
805;Vampirschreck beleben;Animate Vampiric Horror;Zauber. Der nächste Kadaver wird als Vampirschreck der Stufe 1..17 belebt. Jedes Mal, wenn ein Vampirschreck, den Ihr kontrolliert, Schaden zufügt, erhaltet Ihr dieselbe Menge Lebenspunkte.;2;5;22;4;0;10;1;15;0;0;0;0;0;0;0;
806;Eifer des Sektierers;Cultist's Fervor;Elite-Verzauberung. Für 5 Sekunde[n] plus 3 Sekunden pro Rang in Seelensammlung kostet das Wirken Eurer Nekromanten-Zauber 1..6 Energiepunkt[e] weniger, aber Ihr leidet beim Wirken jedes Nekromanten-Zaubers 10 Sekunde[n] lang an einer Blutung.;2;4;23;4;0;5;1;15;0;0;1;0;0;0;0;
808;Zeichen des Schnitters;Reaper's Mark;Elite-Verhexung. 30 Sekunde[n] lang unterliegt der Gegner einer Lebenspunktdegeneration von -1..5. Wenn er stirbt, während er mit Zeichen des Schnitters verhext ist, erhaltet Ihr 5..15 Energiepunkt[e].;3;6;24;4;0;5;1;10;0;0;1;0;0;0;0;
809;Trümmerstein;Shatterstone;Elite-Verhexung. Der Zielgegner erleidet 25..100 Kälteschaden, bewegt sich 66 % langsamer und ist 3 Sekunden lang mit "Schmetterstein" verhext. Wenn "Schmetterstein" endet, erleiden dieser Gegner und alle Gegner in der Nähe 25..100 Kälteschaden.;2;11;24;6;0;10;2;8;0;0;1;0;0;0;0;
810;Verteidigung des Beschützers;Protector's Defense;Fertigkeit. 5..11 Sekunde[n] lang haben Euch umstehende Verbündete eine 75%ige Chance, Angriffe zu blocken. Verteidigung des Beschützers endet, wenn Ihr Euch bewegt.;2;21;1;1;0;5;0;30;0;0;0;0;0;0;0;
811;Gemeinsam rennen;Run as One;Haltung. 5..15 Sekunde[n] lang rennt Ihr und Euer Tiergefährte 25% schneller.;2;22;29;2;0;5;0;15;0;0;0;0;0;0;0;
812;Trotzig war Xinrae;Defiant Was Xinrae;Elite-Gegenstandszauber. Haltet Xinraes Asche bis zu 15..60 Sekunde[n] lang. Während Ihr ihre Asche haltet, könnt Ihr durch einen einzelnen Treffer nicht mehr als 20% Eurer maximalen Lebenspunkte verlieren. Wenn Ihr ihre Asche fallen lasst, entzieht Ihr allen Feinden in der Nähe 5..50 Lebenspunkt[e].;2;33;25;8;0;5;1;20;0;0;1;0;0;0;0;
813;Lyssas Aura;Lyssa's Aura;Elite-Verzauberung. 10 Sekunde[n] lang habt Ihr +0..5 Energieregeneration. Diese Verzauberung wird jedes Mal, wenn Ihr einen Zauber auf einen Feind wirkt, neu aufgetragen.;2;3;23;5;0;5;1;30;0;0;1;0;0;0;0;
814;Schattenzuflucht;Shadow Refuge;Verzauberung. 6 Sekunde[n] lang erfreut Ihr Euch einer Lebenspunktregeneration von 5..10. Wenn Schattenzuflucht endet, erhaltet Ihr 40..100 Lebenspunkt[e], wenn Ihr angreift.;2;31;23;7;0;5;1;8;0;0;0;0;0;0;0;
815;Skorpiondraht;Scorpion Wire;Verhexung. Beim nächsten Mal, dass binnen 8..20 Sekunden Ihr und der Zielgegner mehr als 23m voneinander entfernt seid, führt Ihr einen Schattenschritt hin zu diesem Gegner aus, der niedergeschlagen wird. Dieser Zauber hat die halbe normale Reichweite.;2;30;24;7;0;5;1;10;0;0;0;0;0;0;0;
816;Gespiegelte Haltung;Mirrored Stance;Verhexung. Während der nächsten 10..35 Sekunde[n] nehmt Ihr jedes Mal, wenn der Gegner eine Haltung einnimmt, die gleiche Haltung ein.;2;31;24;7;0;5;.25;15;0;0;0;0;0;0;0;
817;Zwietracht;Discord;Elite-Zauber. Wenn der Gegner unter einem Zustand und den Auswirkungen einer Verhexung oder einer Verzauberung steht, erleidet er 30..110 Punkt[e] Schaden.;2;5;22;4;0;5;1;2;0;0;1;0;0;0;0;
818;Brunnen der Müdigkeit;Well of Weariness;Brunnenzauber. Nutzt die anvisierte Leiche oder opfert 66 % Eurer Lebenspunkte, um für 10..55 Sekunden einen Brunnen der Erschöpfung zu erzeugen. Gegner innerhalb des Brunnens erleiden -1 Energiedegeneration.;2;7;28;4;0;5;1;5;0;0;0;0;0;0;0;
819;Vampirgeist;Vampiric Spirit;Elite-Verzauberung. Entzieht dem Gegner bis zu 15..60 Lebenspunkt[e]. 10 Sekunde[n] lang habt Ihr +5..10 Lebenspunktregeneration.;2;4;23;4;0;5;1;8;0;0;1;0;0;0;0;
820;Verderbtheit;Depravity;Elite-Verhexung. Während der nächsten 5..20 Sekunde[n] verlieren immer, wenn der Gegner einen Zauber wirkt, dieser und ein Feind in der Nähe 1..5 Punkt[e] Energie.;3;7;24;4;0;10;1;15;0;0;1;0;0;0;0;
821;Eisadern;Icy Veins;Elite-Verhexung. Der Gegner erleidet 10..90 Punkt[e] Kälteschaden. Wenn er innerhalb der nächsten 10..35 Sekunde[n] stirbt, erleiden alle Feinde in der Nähe 20..110 Punkt[e] Kälteschaden.;2;6;24;4;0;10;1;5;0;0;1;0;0;0;0;
822;Weiche Knie;Weaken Knees;Elite-Verhexung. 1..16 Sekunde[n] lang unterliegt der Gegner einer Lebenspunktdegeneration von -1..4 und nimmt 5..20 Punkte Schaden, während er in Bewegung ist.;2;7;24;4;0;5;1;5;0;0;1;0;0;0;0;
823;Brennende Eile;Burning Speed;Verzauberung. 7 Sekunden lang werdet Ihr in Brand gesetzt und bewegt Euch um 30..45% schneller. Wenn Brennende Eile endet, werden alle umstehenden Gegner 3..9 Sekunden lang in Brand gesetzt.;2;10;23;6;0;10;.25;0;0;0;0;0;0;0;0;
824;Lavapfeile;Lava Arrows;Zauber. Lavapfeile fliegen auf bis zu drei Gegner in der Nähe Eures Zieles zu und verursachen bei einem Treffer 20..65 Punkt[e] Feuerschaden.;2;10;22;6;0;5;1;2;0;0;0;0;0;0;0;
825;Kohlenbett;Bed of Coals;Zauber. An der Position des Gegners wird ein Kohlenbett erzeugt. Während der nächsten 5 Sekunden erleiden umstehende Gegner 5..29 Punkte Feuerschaden pro Sekunde. Alle Feinde, die auf dem Kohlenbett zu Boden geworfen werden, werden 3..7 Sekunden lang in Brand gesetzt.;2;10;22;6;0;10;1;15;0;0;0;0;0;0;0;
826;Schattenform;Shadow Form;Elite-Verzauberung. 5..21 Sekunde[n] lang könnt Ihr nicht zum Ziel von feindlichen Zaubern werden, und Ihr erhaltet eine Schadensreduzierung von 5 Lebenspunkt[en] für jede Assassinen-Verzauberung, die auf Euch liegt. Mit einem einzigen Angriff bzw. einer einzigen Fertigkeit könnt Ihr nicht mehr als 5..25 Punkt[e] Schaden anrichten.;2;31;23;7;0;5;1;30;0;0;1;0;0;0;0;
827;Kraft abzapfen;Siphon Strength;Elite-Verhexung. 5..20 Sekunde[n] lang verursacht der Gegner mit seinen Angriffen -5..50 Schaden und alle Eure Angriffe auf diesen Gegner haben zusätzlich eine 50%ige Wahrscheinlichkeit, kritische Treffer zu sein.;2;30;24;7;0;10;1;10;0;0;1;0;0;0;0;
828;Fauler Gestank;Vile Miasma;Verhexung. Der Gegner erleidet 10..65 Punkt[e] Kälteschaden. Wenn er an einem Zustand leidet, wird er mit Faulem Gestank verhext und leidet 10 Sekunde[n] lang unter einer Lebenspunktdegeneration von -1..5.;2;5;24;4;0;10;1;15;0;0;0;0;0;0;0;
830;Strahl des Urteils;Ray of Judgment;Elite-Zauber. An der aktuellen Position des Gegners wird ein Strahl des Urteils erzeugt. 5 Sekunde[n] erleiden umstehende Feinde um diesen Bereich 10..50 Punkt[e] heiligen Schaden und beginnen für 1..3 Sekunden pro Sekunde zu brennen.;2;14;22;3;0;10;1;15;0;0;1;0;0;0;0;
831;Urzorn;Primal Rage;Elite-Haltung. 1..9 Sekunden lang greift Ihr 33 % schneller an, und Ihr bewegt Euch 33 % schneller, aber Ihr erleidet 150..125 % Schaden.;2;17;29;1;0;5;0;4;0;0;1;0;0;0;0;
832;Fleischgolem beleben;Animate Flesh Golem;Elite-Zauber. Nutzt die nächstbeste Leiche, um einen Fleischgolem der Stufe 3..25 zu animieren. Der Fleischgolem hinterlässt 1..4 nutzbare Leichen. Ihr könnt immer nur einen Fleischgolem gleichzeitig haben.;2;5;22;4;0;10;1;30;0;0;1;0;0;0;0;
834;Rücksichtslose Hast;Reckless Haste;Verhexung. 6..12 Sekunde[n] lang werden der Gegner und alle umstehenden Feinde mit Rücksichtsloser Hast verhext. Während dieser Zeit greifen sie um 25% schneller an, es besteht jedoch eine 50%ige Chance, dass ihre Angriffe nicht treffen.;2;7;24;4;0;15;1;12;0;0;0;0;0;0;0;
835;Blutsbande;Blood Bond;Verhexung. 3..12 Sekunde[n] lang werden der Gegner und alle umstehenden Feinde mit Blutsbande verhext. Wenn ein Verbündeter einen dieser Feinde mit einem Angriff trifft, erhält dieser Verbündete 5..20 Lebenspunkt[e]. Wenn einer dieser verhexten Feinde stirbt, werden alle umstehenden Verbündeten für 20..100 Lebenspunkt[e] geheilt.;2;4;24;4;0;5;1;8;0;0;0;0;0;0;0;
836;Den Blitz reiten;Ride the Lightning;Elite-Zauber. Der Blitz bringt Euch zum Ziel. Alle umstehenden Feinde werden 1..5 Sekunde[n] lang geblendet. Wenn Euer Ziel ein Gegner ist, erleidet er 10..70 Punkt[e] Blitzschaden. Dieser Zauber hat eine Rüstungsdurchdringung von 25%.;2;8;22;6;0;5;1;5;0;0;1;0;5;0;0;
837;Energiesegen;Energy Boon;Elite-Verzauberung. 36..60 Sekunde[n] lang erhöht Energiesegen Eure maximale Gesundheit und die Eures verbündeten Ziels um 1..3 für jeden Punkt Eurer entsprechenden maximalen Energie. Beim Anwenden dieser Verzauberung erhaltet Ihr und Euer Ziel 1..12 Energiepunkt[e]. Ihr erhaltet zudem 1 Energiepunkt pro 2 Punkte, die Ihr in Energiespeicherung habt.;2;12;23;6;0;10;1;12;0;0;1;0;0;0;0;
838;Dwaynas Leid;Dwayna's Sorrow;Verzauberung. Während der nächsten 30 Sekunde[n] werden der Verbündete (bzw. Ihr selbst) und alle Verbündeten in der Nähe mit Dwaynas Leid verzaubert. Wenn ein Verbündeter stirbt, während er mit Dwaynas Leid verzaubert ist, wird Eure Gruppe um 5..50 Punkt[e] geheilt.;2;13;23;3;0;5;1;5;0;0;0;0;0;0;0;
839;"Rückzug!";"Retreat!";Schrei. Wenn sich in Hörweite tote Verbündete befinden, bewegt sich Eure Gruppe 5..11 Sekunde[n] lang um 33% schneller.;2;21;20;1;0;5;0;20;0;0;0;0;0;0;0;
840;Vergiftetes Herz;Poisoned Heart;Zauber. Ihr und alle umstehenden Feinde leiden 5..15 Sekunden lang an Vergiftung.;3;7;22;4;0;5;.25;12;0;0;0;0;0;0;0;
841;Stinkender Boden;Fetid Ground;Zauber. Der Gegner erleidet 15..65 Punkt[e] Kälteschaden. Wenn er am Boden liegt, wird er außerdem 5..20 Sekunde[n] lang vergiftet.;2;5;22;4;0;5;.75;10;0;0;0;0;0;0;0;
842;Blitzbogen;Arc Lightning;Zauber. Der Gegner erleidet 5..40 Punkte Blitzschaden. Wenn Ihr Überzaubert seid, erleidet der Gegner und bis zu zwei andere in der Nähe befindliche Feinde 15..85 Punkte Blitzschaden. Durch Blitzbogen zugefügter Schaden hat eine Rüstungsdurchdringung von 25%.;2;8;22;6;0;5;1.5;8;0;0;0;0;0;0;0;
843;Böe;Gust;Elite-Verzauberung. Für 5..11 Sekunden bewegt ihr Euch um 33 % schneller, und der anvisierte Verbündete ebenfalls. Wenn Ihr diesen Zauber wirkt, erleiden alle Gegner um Euch und Euer Ziel herum 15..70 Kälteschaden. Gegner, die von der Böe getroffen werden, während sie angreifen oder sich bewegen, werden niedergeschlagen.;2;8;23;6;0;10;.75;15;0;0;1;0;0;0;0;
844;Aufgeworfene Erde;Churning Earth;Zauber. Am Standort des Feindes wird Aufgeworfene Erde erzeugt. In den nächsten 5 Sekunden bewirkt Aufgeworfene Erde pro Sekunde 10..40 Punkt[e] Erdschaden. Jeder Feind, der sich schneller als normal bewegt, wenn er von Aufgeworfene Erde getroffen wird, wird zu Boden geworfen.;2;9;22;6;0;15;2;30;0;0;0;0;0;0;0;
845;Flüssige Flamme;Liquid Flame;Zauber. Der Gegner erleidet 7..112 Punkt[e] Feuerschaden. Wenn er angreift oder einen Zauber wirkt, erleiden Feinde in der Nähe ebenfalls 7..112 Punkt[e] Feuerschaden.;3;10;22;6;0;10;1;15;0;0;0;0;0;0;0;
846;Dampf;Steam;Zauber. Der Zielgegner erleidet 20..60 Kälteschaden. Wenn der Zielgegner in Flammen steht, blendet Dampf diesen Gegner 5..10 Sekunden lang, und er erleidet zusätzlich 20..60 Feuerschaden.;3;11;22;6;0;5;1;8;0;0;0;0;0;0;0;
847;Siegel des Segens;Boon Signet;Elite-Siegel. Heilt den Verbündeten (bzw. Euch selbst) um 20..80 Lebenspunkt[e]. Euer nächster auf einen Verbündeten gerichteter Heil- oder Schutzgebet-Zauber heilt zusätzlich um 20..100 Lebenspunkt[e].;2;16;21;3;0;0;1;6;0;0;1;0;0;0;0;
848;Verhexung umkehren;Reverse Hex;Verzauberung. Entfernt eine Verhexung vom Verbündeten. Wenn eine Verhexung auf diese Weise entfernt wurde, wird 5..10 Sekunde[n] lang der nächste Schaden, den der Verbündete erleiden würde, um 5..50 Punkt[e] verringert.;2;15;23;3;0;10;.25;10;0;0;0;0;0;0;0;
849;Zerfetzender Hieb;Lacerating Chop;Axtangriff. Wenn Zerfetzender Hieb erfolgreich ist, fügt Ihr +5..20 Punkt[e] Schaden zu. Wenn Ihr einen Feind am Boden trefft, leidet er 5..20 Sekunde[n] lang unter einer Blutung.;2;18;4;1;0;0;0;0;4.8;0;0;0;0;0;0;
850;Erbitterter Schlag;Fierce Blow;Hammerangriff. Wenn Erbitterter Schlag trifft, fügt Ihr +5..20 Punkt[e] Schaden zu. Wenn der Gegner an Schwäche leidet, erleidet er außerdem 1..8 Sekunde[n] lang eine Tiefe Wunde.;2;19;8;1;0;0;0;0;5.6;0;0;0;0;0;0;
851;Sonne-Mond-Hieb;Sun and Moon Slash;Schwertangriff. Ihr greift den Gegner zweimal an. Diese Angriffe können nicht geblockt werden.;2;20;10;1;0;0;0;0;8;0;0;0;0;0;0;
852;Splitterschuss;Splinter Shot;Bogenangriff. Wenn der Splitterschuss trifft, verursacht Ihr +3..15 Schaden. Wird der Splitterschuss abgeblockt, erleiden alle Gegner im Umkreis Eures Ziels 5..65 Schaden.;2;25;2;2;0;10;0;5;0;0;0;0;0;0;0;
853;Melandrus Schuss;Melandru's Shot;Elite-Bogenangriff. Wenn Melandrus Schuss trifft, leidet Euer Gegner 5..25 Sekunde[n] lang an einer Blutung. Wenn er einen Gegner trifft, der sich bewegt oder zu Boden geworfen wurde, erleidet dieser +10..25 Punkt[e] Schaden und leidet 5..15 Sekunde[n] lang an Verkrüppelung.;2;25;2;2;0;5;1;8;0;0;1;0;0;0;0;
854;Schlinge;Snare;Falle. Wird Schlinge aktiviert, werden alle Gegner in der Nähe 3..15 Sekunde[n] lang verkrüppelt. Schlinge endet nach 90 Sekunden. Bei der Aktivierung dieser Fertigkeit könnt Ihr leicht unterbrochen werden.;2;24;30;2;0;5;1.5;15;0;0;0;0;0;0;0;
858;Tanzende Dolche;Dancing Daggers;Zauber. Drei Tanzende Dolche fliegen auf den Gegner zu. Jeder einzelne fügt bei einem Treffer 5..35 Punkt[e] Erdschaden zu. Tanzende Dolche hat nur die halbe Reichweite. Diese Fertigkeit zählt als Leithandangriff;2;30;22;7;0;5;1;5;0;0;0;0;0;0;0;
859;Alptraum beschwören;Conjure Nightmare;Verhexung. 2..16 Sekunde[n] lang unterliegt der Gegner einer Lebenspunktdegeneration von -8.;2;1;24;5;0;15;1;5;0;0;0;0;0;0;0;
860;Siegel der Unterbrechung;Signet of Disruption;Siegel. Wenn der Gegner einen Zauber wirkt, wird dieser unterbrochen und der Gegner erleidet 10..51 Punkt[e] Schaden. Ist dieser Gegner verhext, kann Siegel der Unterbrechung beliebige Fertigkeiten unterbrechen, die keine Zauber sind.;2;2;21;5;0;0;.25;15;0;0;0;0;0;0;0;
862;Heißhungriger Blick;Ravenous Gaze;Elite-Zauber. Fügt dem Gegner und in der Nähe befindlichen Feinden 20..40 Punkt[e] Schaden zu und entzieht diesen 20..40 Lebenspunkt[e].;3;4;22;4;0;1;1;10;0;8;1;0;0;0;0;
863;Orden der Abtrünnigkeit;Order of Apostasy;Elite-Verzauberung. 5 Sekunden lang verliert der Gegner jedes Mal, wenn er von einem Gruppenmitglied mit physischem Schaden getroffen wird, eine Verzauberung. Für jede entfernte Mönch-Verzauberung verliert Ihr 10..3% Eurer maximalen Lebenspunkte.;2;7;23;4;0;25;2;0;0;0;1;0;0;0;0;
864;Repressiver Blick;Oppressive Gaze;Zauber. Gegner und umstehende Feinde erleiden +10..30 Punkt[e] Schattenschaden. Feinde, die bereits unter einem Zustand leiden, werden 3..12 Sekunde[n] lang vergiftet und geschwächt.;2;4;22;4;0;10;1;10;0;0;0;0;0;0;0;
865;Blitzhammer;Lightning Hammer;Zauber. Der Gegner erleidet 10..100 Punkte Blitzschaden und leidet 5..20 Sekunden lang an Beschädigter Rüstung. Blitzhammer hat eine Rüstungsdurchdringung von 25%.;2;8;22;6;0;25;2;4;0;0;0;0;0;0;0;
866;Dunstklinge;Vapor Blade;Zauber. Der Gegner erleidet 15..135 Punkt[e] Kälteschaden. Dunstklinge verursacht nur die halbe Schadensmenge, wenn dieser Gegner mit Verzauberungen belegt ist.;2;11;22;6;0;5;1.5;7;0;0;0;0;5;0;0;
867;Heilendes Licht;Healing Light;Elite-Zauber. Heilt den Verbündeten (bzw. Euch selbst) um 40..120 Lebenspunkt[e]. Wenn Euer Ziel einer Verzauberung unterliegt, erhaltet Ihr 1..3 Energiepunkt[e].;2;13;22;3;0;5;.75;4;0;0;1;0;0;0;0;
869;"Feigling!";"Coward!";Elite-Schrei. Wenn sich der Gegner bewegt, wird er zu Boden geworfen.;2;-1;20;1;0;0;0;2;4;0;1;0;0;0;0;
870;Pestilenz;Pestilence;Naturritual. Erstellt einen Geist der Stufe 1..10. Wenn eine Kreatur, die kein Geist ist, in seiner Reichweite stirbt, werden alle Zustände, mit denen sie belegt ist, auf alle Kreaturen in dem Bereich verteilt, die bereits an einem Zustand leiden. Dieser Geist stirbt nach 30..180 Sekunde[n].;3;24;19;2;0;5;2;60;0;0;0;0;0;0;0;
871;Schattengesang;Shadowsong;Binderitual. Erstellt einen Geist der Stufe 1..10. Die Angriffe dieses Geistes fügen 5..20 Punkte Schaden zu und führen 1..6 Sekunden lang zu Blindheit. Dieser Geist stirbt nach 30 Sekunden.;2;32;18;8;0;15;1;30;0;0;0;0;0;0;0;
876;Siegel der Schatten;Signet of Shadows;Siegel. Der Gegner erleidet 5..35 Punkt[e] Schaden. Wenn Euer Ziel geblendet wurde, erleidet es zusätzlich 15..60 Punkt[e] Schaden.;2;30;21;7;0;0;1;15;0;0;0;0;0;0;0;
877;Lyssas Ausgleich;Lyssa's Balance;Zauber. Der Gegner verliert 1 Verzauberung. Wenn Ihr mehr Verzauberungen als der Gegner habt, hat diese Fertigkeit keine Wirkung.;2;-1;22;5;0;5;1;15;0;0;0;0;0;0;0;
878;Visionen des Bedauerns;Visions of Regret;Elite-Verhexung. 10 Sekunde[n] lang erleiden der Gegner und umstehende Feinde jedes Mal, wenn sie eine Fertigkeit verwenden, 15..45 Punkt[e] Schaden und 5..50 Punkt[e] zusätzlichen Schaden, sofern sie unter keiner weiteren Mesmer-Verhexung leiden.;3;2;24;5;0;10;2;20;0;0;1;0;0;0;0;
879;Illusion der Schmerzen;Illusion of Pain;Verhexung. 8 Sekunden lang unterliegt der Gegner einer Lebenspunktdegeneration von -3..10 und nimmt jede Sekunde 3..10 Punkte Schaden. Wenn Illusion der Schmerzen endet, wird der Gegner für 36..120 Lebenspunkt[e] geheilt.;2;1;24;5;0;10;2;5;0;0;0;0;0;0;0;
880;Gestohlene Eile;Stolen Speed;Elite-Verhexung. 1..10 Sekunde[n] lang brauchen der Gegner und alle umstehenden Feinde um 100% länger, um ihre Zauber zu wirken. Das Wirken von Zaubern auf diese Gegner durch Euch oder Eure Verbündeten benötigt um 50% weniger Zeit.;2;0;24;5;0;5;1;12;0;0;1;0;0;0;0;
881;Äther-Siegel;Ether Signet;Siegel. Wenn Eure Energie unter 5..10 Punkt[en] liegt, erhaltet Ihr 10..20 Energiepunkt[e].;2;3;21;5;0;0;1;45;0;0;0;0;0;0;0;
882;Siegel der Entzauberung;Signet of Disenchantment;Siegel. Ihr verliert Eure gesamte Energie. Der Gegner verliert eine Verzauberung.;2;-1;21;5;0;0;1;15;0;0;0;0;0;0;0;
883;Stimmminderheit;Vocal Minority;Verhexung. 5..20 Sekunde[n] lang können der Gegner und alle Feinde in der Nähe keine Schreie oder Anfeuerungsrufe verwenden.;3;7;24;4;0;10;1;20;0;0;0;0;0;0;0;
884;Versengende Flammen;Searing Flames;Elite-Zauber. Der Gegner und alle Feinde in der Nähe werden von Versengenden Flammen getroffen. Feinde, die bereits brennen, wenn diese Fertigkeit gewirkt wird, erleiden 10..100 Punkt[e] Feuerschaden. Feinde, die noch nicht in Brand gesetzt sind, brennen 1..7 Sekunde[n] lang.;3;10;22;6;0;15;1;2;0;0;1;0;0;0;0;
885;Schildwächter;Shield Guardian;Verzauberung. 2..6 Sekunde[n] lang erhalten alle Gruppenmitglieder in Hörweite eine 75%ige Chance, Angriffe zu blocken. Jedes Mal, wenn ein Angriff geblockt wird, werden alle Verbündeten in Hörweite um 10..40 Lebenspunkt[e] geheilt und Schildwächter endet.;2;15;23;3;0;5;1.5;20;0;0;0;0;0;0;0;
886;Beruhigender Hauch;Restful Breeze;Verzauberung. 8..18 Sekunde[n] lang erfreut sich der Verbündete (bzw. Ihr selbst) einer Lebenspunktregeneration von +10. Diese Verzauberung endet, wenn der Verbündete angreift oder eine Fertigkeit benutzt.;3;13;23;3;0;5;1;8;0;0;0;0;0;0;0;
887;Siegel der Verjüngung;Signet of Rejuvenation;Siegel. Heilt Verbündeten (bzw. Euch selbst) um 15..75 Punkt[e] Wenn der Verbündete (bzw. Ihr selbst) einen Zauber wirkt oder angreift, wird er um zusätzlich 15..75 Lebenspunkt[e] geheilt.;2;13;21;3;0;0;1;8;0;0;0;0;0;0;0;
888;Wirbelnde Axt;Whirling Axe;Elite-Axtangriff. Wenn Wirbelnde Axt erfolgreich ist, fügt Ihr +5..20 Punkt[e] Schaden zu und jegliche Haltung, die von Eurem Gegner eingenommen wird, endet. Dieser Angriff kann nicht geblockt werden.;2;18;4;1;0;0;0;0;4;0;1;0;0;0;0;
889;Energischer Schlag;Forceful Blow;Elite-Hammerangriff. Wenn Energischer Schlag trifft, fügt er +10..30 Punkt[e] Schaden zu und jede Haltung, die der Gegner einsetzt, endet. Der Gegner leidet 5..20 Sekunde[n] lang an Schwäche. Dieser Angriff kann nicht geblockt werden.;2;19;8;1;0;0;0;0;4.8;0;1;0;0;0;0;
891;"Niemand darf vorbei!";"None Shall Pass!";Schrei. Alle Gegner in der Nähe, die sich bewegen, werden zu Boden geworfen. Diese Fertigkeit wird für jeden zu Boden geworfenen Feind um 1..8 Sekunde[n] schneller wieder aufgeladen (maximal 25 Sekunden).;2;21;20;1;0;5;0;45;0;0;0;0;0;0;0;
892;Zitternde Klinge;Quivering Blade;Elite-Schwertangriff. Wenn Zitternde Klinge erfolgreich ist, fügt Ihr +10..40 Punkt[e] Schaden zu. Wenn dieser Angriff einen sich bewegenden Feind trifft, leidet dieser 10 Sekunde[n] lang an Benommenheit.;2;20;10;1;0;0;0;0;4;0;1;0;0;0;0;
893;Suchende Pfeile;Seeking Arrows;Vorbereitung. 3..14 Sekunde[n] lang können Eure Pfeile nicht geblockt werden. Suchende Pfeile endet, wenn Ihr nicht trefft.;2;25;17;2;0;10;2;15;0;0;0;0;0;0;0;
898;Überlastung;Overload;Verhexung. Für 5 Sekunden erleidet der anvisierte Gegner-1..3 Lebenspunktdegeneration. Wenn er eine Fertigkeit verwendet, erleidet er 15..75 Schaden durch Überlastung, und alle benachbarten Gegner erleiden 75 % dieses Schadens.;2;2;24;5;0;5;.25;5;0;0;0;0;0;0;0;
899;Bilder der Reue;Images of Remorse;Verhexung. 5..10 Sekunde[n] lang unterliegt der Gegner einer Lebenspunktdegeneration von -1..3. Wenn er mitten im Angriff war, erleidet er 10..52 Punkt[e] Schaden.;2;1;24;5;0;5;1;5;0;0;0;0;0;0;0;
900;Geteilte Bürde;Shared Burden;Elite-Verhexung. Der anvisierte Gegner und alle Gegner im Bereich sind für 5..20 Sekunde[n] um 50 % langsamer, wenn sie angreifen, Zauber wirken und sich bewegen.;2;1;24;5;0;5;2;15;0;0;1;0;0;0;0;
901;Seelenfessel;Soul Bind;Elite-Verhexung. 30 Sekunde[n] lang erleidet der Heiler des Gegners jedes Mal, wenn er den Gegner heilt, 20..80 Punkt[e] Schaden. Diese Verhexung endet, wenn der Gegner mit Peinigungsgebeten belegt ist.;2;7;24;4;0;10;1;5;0;0;1;0;0;0;0;
902;Blut des Aggressoren;Blood of the Aggressor;Zauber. Entzieht dem Gegner bis zu 5..45 Lebenspunkt[e]. Wenn der Gegner angegriffen hat, leidet er 3..12 Sekunde[n] lang unter Schwäche.;3;4;22;4;0;5;1;5;0;0;0;0;0;0;0;
903;Eisprisma;Icy Prism;Zauber. Der Gegner erleidet 15..75 Punkte Kälteschaden. Wenn der Gegner unter einer Wassermagie-Verhexung leidet, fügt Eisprisma allen Feinden in der Nähe +15..75 Punkte Kälteschaden zu.;2;11;22;6;0;5;1;5;0;0;0;0;5;0;0;
904;Zornige Axt;Furious Axe;Axtangriff. Wenn Zornige Axt erfolgreich ist, fügt Ihr +5..35 Punkt[e] Schaden zu. Wenn dieser Angriff geblockt wird, erhaltet Ihr 3 Adrenalinstöße.;2;18;4;1;0;5;0;6;0;0;0;0;0;0;0;
905;Günstiger Schlag;Auspicious Blow;Hammerangriff. Wenn Günstiger Schlag trifft, fügt Ihr +5..20 Punkt[e] Schaden zu und erhaltet 3..8 Energiepunkt[e]. Wenn der Gegner unter Schwäche leidet, kann dieser Angriff nicht geblockt werden.;2;19;8;1;0;0;0;0;4.8;0;0;0;0;0;0;
906;"Auf Eure Knie!";"On Your Knees!";Schrei. Alles Adrenalin geht verloren. Wenn ein umstehender Gegner zu Boden geworfen wird, werden alle Eure Haltungen wieder aufgeladen.;2;-1;20;1;0;0;0;0;6;0;0;0;0;0;0;
907;Drachenhieb;Dragon Slash;Elite-Schwertangriff. Wenn Drachenhieb erfolgreich ist, fügt Ihr +10..40 Punkt[e] Schaden zu und erhaltet 1..5 Adrenalinstöße.;2;20;10;1;0;0;0;0;7;0;1;0;0;0;0;
908;Plünderer-Schuss;Marauder's Shot;Bogenangriff. Wenn Plünderer-Schuss erfolgreich ist, fügt Ihr +25..55 Punkt[e] Schaden zu und alle Eure Nichtangriffs-Fertigkeiten werden 5 Sekunde[n] lang deaktiviert.;2;25;2;2;0;5;0;6;0;0;0;0;0;0;0;
909;Scharfschuss;Focused Shot;Bogenangriff. This shot moves three times faster, cannot be blocked, and strikes for +10..40 damage but all of your other attack skills are disabled for 8..4 seconds.;2;25;2;2;0;5;0;8;0;0;0;0;0;0;0;
910;Geisterriss;Spirit Rift;Zauber. Öffnet an der Position des Gegners einen Geisterriss. Nach 3 Sekunde[n] erleiden alle umstehenden Feinde 25..125 Punkt[e] Blitzschaden und leiden 1..20 Sekunde[n] lang an Beschädigter Rüstung.;2;34;22;8;0;10;2;5;0;0;0;0;0;0;0;
911;Vereinigung;Union;Binderitual. Erstellt einen Geist der Stufe 1..12. Jedes Mal, wenn ein Verbündeter in seiner Reichweite, der kein Geist ist, Schaden erleidet oder Lebenspunkte entzogen bekommt, wird dies um 15 Punkt[e] reduziert und der Geist erleidet 15 Punkt[e] Schaden. Dieser Geist stirbt nach 30..60 Sekunde[n].;2;32;18;8;0;15;.75;45;0;0;0;0;0;0;0;
913;Ruhig war Tanasen;Tranquil Was Tanasen;Elite-Gegenstandszauber. Haltet Tanasens Asche bis zu 5..20 Sekunde[n] lang. Während Ihr seine Asche haltet, habt Ihr +10..25 Rüstung und könnt nicht unterbrochen werden.;2;33;25;8;0;5;1;15;0;0;1;0;0;0;0;
914;Seele verzehren;Consume Soul;Elite-Zauber. Ihr stehlt dem anvisierten Gegner 5..70 Lebenspunkte. Alle feindlichen herbeigerufenen Kreaturen in Hörweite dieses Gegners erleiden 25..125 Schaden.;2;36;22;8;0;5;1;5;0;0;1;0;0;0;0;
915;Geisterlicht;Spirit Light;Zauber. Der Verbündete (bzw. Ihr selbst) wird um 60..180 Punkt[e] geheilt. Wenn sich Geister in Hörweite befinden, opfert Ihr keine Lebenspunkte.;2;33;22;8;0;5;1;4;0;17;0;0;0;0;0;
916;Wehklage;Lamentation;Verhexung. 5..20 Sekunden lang unterliegen der Gegner und alle in der Nähe befindlichen Feinde einer Lebenspunktdegeneration von -0..3. Wenn Ihr Euch beim Wirken dieser Verhexung in Hörweite eines Geistes oder Kadavers befindet, erleiden betroffene Feinde 10..50 Punkt[e] Schaden.;2;34;24;8;0;10;1;15;0;0;0;0;0;0;0;
917;Seele zerreißen;Rupture Soul;Zauber. Der anvisierte verbündete Geist wird vernichtet. Alle Feinde in dessen Nähe erleiden 50..140 Punkt[e] Blitzschaden und werden 3..12 Sekunde[n] lang geblendet.;2;36;22;8;0;10;.75;5;0;0;0;0;0;0;0;
918;Geist zu Fleisch;Spirit to Flesh;Zauber. Der berührte Geistverbündete wird vernichtet. Alle Verbündeten in der Nähe werden um 30..240 Lebenspunkt[e] geheilt.;2;36;22;8;0;10;.75;15;0;0;0;0;0;0;0;
919;Geisterbrand;Spirit Burn;Zauber. Der Gegner erleidet 5..50 Punkt[e] Blitzschaden. Wenn sich Geister in Hörweite befinden, führt Geisterbrand 1..5 Sekunde[n] lang zu Brennen.;2;34;22;8;0;5;1;6;0;0;0;0;0;0;0;
920;Vernichtung;Destruction;Binderitual. Erstellt einen Geist der Stufe 1..14, der nach 30 Sekunden stirbt. Wenn dieser Geist stirbt, erleiden alle in dem Bereich befindlichen Gegner für jede Sekunde, die der Geist am Leben war, 5..25 Punkt[e] Schaden (maximal 150 Punkte).;2;34;18;8;0;10;.75;20;0;0;0;0;0;0;0;
921;Missklang;Dissonance;Binderitual. Erstellt einen Geist der Stufe 1..12. Dieser Geist fügt 5..20 Punkt[e] Schaden zu und all jene, die von einem seiner Angriffe getroffen werden, werden unterbrochen. Dieser Geist stirbt nach 10..25 Sekunde[n].;2;32;18;8;0;25;1;45;0;0;0;0;0;0;0;
923;Entzauberung;Disenchantment;Binderitual. Erstellt einen Geist der Stufe 1..12. Dieser Geist fügt 5..20 Punkt[e] Schaden zu und all jene, die von einem seiner Angriffe getroffen werden, verlieren eine Verzauberung. Dieser Geist stirbt nach 10..35 Sekunde[n].;2;32;18;8;0;15;1;30;0;0;0;0;0;0;0;
925;Rückruf;Recall;Verzauberung. Solange Rückruf aufrecht erhalten wird, passiert nichts. Wenn Rückruf endet, unternehmt Ihr einen Schattenschritt zu dem Verbündeten, den Ihr beim Aktivieren dieser Fertigkeit ausgewählt hattet, und alle Eure Fertigkeiten sind 3 Sekunde[n] lang deaktivert.;2;-1;23;7;-1;10;1;10;0;0;0;0;0;0;0;
926;Dolche wetzen;Sharpen Daggers;Verzauberung. Während der nächsten 5..30 Sekunde[n] führen Eure Dolchangriffe zu einer 5..15 Sekunde[n] langen Blutung.;2;35;23;7;0;5;.5;20;0;0;0;0;0;0;0;
927;Schändliche Angst;Shameful Fear;Verhexung. 10 Sekunde[n] lang bewegt sich der Gegner um 10% schneller als normal. Pro Sekunde, die sich der Gegner bewegt, erleidet er 5..20 Punkt[e] Schaden.;2;30;24;7;0;10;1;10;0;0;0;0;0;0;0;
928;Schattenschleier;Shadow Shroud;Elite-Verhexung. 3..9 Sekunde[n] lang kann der Gegner nicht zum Ziel von Verzauberungen werden.;2;31;24;7;0;5;.25;20;0;0;1;0;0;0;0;
929;Schatten der Eile;Shadow of Haste;Haltung. 10..40 Sekunde[n] lang bewegt Ihr Euch um 15% schneller als normal. Wenn Schatten der Eile endet, kehrt Ihr per Schattenschritt zu Eurer ursprünglichen Position zurück.;2;31;29;7;0;5;0;45;0;0;0;0;0;0;0;
930;Günstige Beschwörung;Auspicious Incantation;Verzauberung. Während der nächsten 20 Sekunde[n] wird der nächste von Euch gewirkte Zauber zusätzlich 10..5 Sekunde[n] lang deaktiviert und Ihr erhaltet 110..200% der Energiekosten dieses Zaubers.;2;3;23;5;0;5;1;20;0;0;0;0;0;0;0;
931;Kraftrevanche;Power Return;Zauber. Wenn der Gegner einen Zauber oder Anfeuerungsruf wirkt, wird dieser unterbrochen und der Gegner gewinnt 10..5 Energiepunkt[e].;2;0;22;5;0;5;.25;7;0;0;0;0;0;0;0;
932;Erschweren;Complicate;Zauber. Falls der Gegner eine Fertigkeit aktiviert hat, wird diese unterbrochen und zusätzlich bei diesem und allen Feinden im Bereich 5..12 Sekunde[n] lang deaktiviert.;2;2;22;5;0;10;.25;20;0;0;0;0;0;0;0;
933;Sturm zerschlagen;Shatter Storm;Elite-Zauber. Der Gegner verliert alle Verzauberungen. Für jede Verzauberung, die auf diese Art entfernt wird, wird Sturm zerschlagen zusätzlich 7 Sekunde[n] lang deaktiviert.;2;-1;22;5;0;10;1;0;0;0;1;0;0;0;0;
934;Unnatürliches Siegel;Unnatural Signet;Siegel. Der Gegner erleidet 15..75 Punkt[e] Schaden. Unterliegt der Gegner einer Verzauberung oder Verhexung, erleiden umstehende Feinde 5..50 Punkt[e] Schaden.;2;2;21;5;0;0;1;10;0;0;0;0;0;0;0;
935;Hochkommende Galle;Rising Bile;Verhexung. 20 Sekunden lang bewirkt diese Verhexung gar nichts. Wenn Hochkommende Galle endet, erleiden der Gegner und alle Feinde in dem Bereich für jede Sekunde, die Hochkommende Galle aktiv war, 1..6 Punkt[e] Schaden.;2;5;24;4;0;10;1;20;0;0;0;0;0;0;0;
936;Verzauberungen vergiften;Envenom Enchantments;Zauber. Der Gegner verliert eine Verzauberung. Für jede verbleibende Verzauberung wird der Gegner 3..10 Sekunde[n] lang vergiftet.;3;7;22;4;0;5;1;15;0;0;0;0;0;0;0;
937;Stoßwelle;Shockwave;Elite-Zauber. Alle Feinde im Bereich erleiden 15..60 Punkt[e] Erdschaden und sind 1..10 Sekunde[n] lang geschwächt. In der Nähe befindliche Feinde erleiden ebenfalls +15..60 Punkt[e] Erdschaden und leiden 1..10 Sekunde[n] lang an Beschädigter Rüstung. Umstehende Feinde, die bereits unter diesen Effekten leiden, erleiden +15..60 Punkt[e] Erdschaden und werden 1..10 Sekunde[n] lang geblendet.;2;9;22;6;0;10;1;15;0;0;1;0;0;0;0;
938;Kreis der Stabilität;Ward of Stability;Abwehrzauber. Erstellt an Eurer aktuellen Position einen Kreis der Stabilität. 10..25 Sekunde[n] lang können Verbündete, die keine Geister sind, nicht zu Boden geworfen werden.;2;9;26;6;0;10;1;30;0;0;0;0;0;0;0;
939;Eisfesseln;Icy Shackles;Elite-Verhexung. 1..10 Sekunde[n] lang ist die Bewegungsgeschwindigkeit des Gegners um 66% reduziert. Wenn er unter den Auswirkungen einer Verzauberung steht, sind die Bewegungen dieses Gegners um 90% reduziert.;3;11;24;6;0;10;1;12;0;0;1;0;0;0;0;
941;Gesegnetes Licht;Blessed Light;Elite-Zauber. Heilt den Verbündeten (bzw. Euch selbst) um 10..120 Lebenspunkt[e] und entfernt einen Zustand und eine Verhexung.;2;16;22;3;0;5;.75;5;0;0;1;0;0;0;0;
942;Verhexungen zurücknehmen;Withdraw Hexes;Elite-Zauber. Entfernt alle Verhexungen vom Zielverbündeten und allen benachbarten Verbündeten. Dieser Zauber braucht 2 Sekunden länger, um aufzuladen, für jede Verhexung, die so entfernt wurde. (50 % Chance auf Fehlschlag, wenn Gunst der Götter 4 oder weniger.);2;16;22;3;0;5;1;5;0;0;1;0;0;0;0;
943;Löschen;Extinguish;Zauber. Entfernt einen Zustand von jedem Gruppenmitglied. Gruppenmitglieder, von denen Brennen entfernt wurde, werden um 10..100 Lebenspunkt[e] geheilt.;2;15;22;3;0;15;1;12;0;0;0;0;0;0;0;
944;Siegel der Stärke;Signet of Strength;Siegel. Eure nächsten 1..16 Angriffe fügen +5 Punkt[e] Schaden zu.;2;17;21;1;0;0;1;45;0;0;0;0;0;0;0;
946;Fokus des Fallenstellers;Trapper's Focus;Elite-Vorbereitung. 12..36 Sekunde[n] lang können Eure Fallen-Fertigkeiten nicht leicht unterbrochen werden und Euer Attribut Überleben in der Wildnis ist um 0..4 erhöht.;2;23;17;2;0;5;2;12;0;0;1;0;0;0;0;
947;Dornenranken;Brambles;Naturritual. Erstellt einen Geist der Stufe 1..10. Kreaturen, die keine Geister sind und in seiner Reichweite zu Boden geworfen werden, erleiden 5 Schadenspunkte und leiden 5..20 Sekunde[n] lang an einer Blutung. Dieser Geist stirbt nach 30..240 Sekunde[n].;2;24;19;2;0;10;2;60;0;0;0;0;0;0;0;
948;Verzweifelter Stoß;Desperate Strike;Leithandangriff. Wenn Ihr weniger als 50..80% Eurer Lebenspunkte habt, fügt Ihr +15..60 Punkt[e] Schaden zu.;2;29;5;7;0;5;0;6;0;0;0;0;0;0;0;
949;Weg des Fuchses;Way of the Fox;Verzauberung. 10..35 Sekunde[n] lang ist ein Blocken bei Euren nächsten 1..6 Angriffen nicht möglich.;2;31;23;7;0;5;.25;30;0;0;0;0;0;0;0;
950;Schattenbürde;Shadowy Burden;Verhexung. 3..15 Sekunde[n] lang bewegt sich der Gegner um 25% langsamer und während er keine anderen Verhexungen hat, hat er 20..30 weniger Rüstung gegen Eure Angriffe.;2;31;24;7;0;10;.25;15;0;0;0;0;0;0;0;
951;Geschwindigkeitsentzug;Siphon Speed;Verhexung. 5..15 Sekunden lang bewegt sich der Zielgegner 33 % langsamer, und Ihr bewegt Euch 33 % schneller. Dieser Zauber lädt sich 50 % schneller auf, wenn er auf einen Gegner gewirkt wird, der sich bewegt.;2;30;24;7;0;5;1;30;0;0;0;0;0;0;0;
952;Angriff des Todes;Death's Charge;Zauber. Schattenschritt, um den Gegner auszuwählen. Wenn dieser Gegner mehr Lebenspunkte als Ihr hat, werdet Ihr um 65..200 Punkt[e] geheilt.;2;31;22;7;0;5;.25;30;0;0;0;0;0;0;0;
953;Kraftfluss;Power Flux;Elite-Verhexung. Falls der Gegner einen Zauber oder Anfeuerungsruf wirkt, wird diese Fertigkeit unterbrochen und der Gegner unterliegt 4..10 Sekunde[n] lang einer Energiedegeneration von -2.;3;2;24;5;0;10;.25;15;0;0;1;0;0;0;0;
954;Verhexungen vertreiben;Expel Hexes;Elite-Zauber. Entfernt bis zu 2 Verhexungen vom Verbündeten (bzw. Euch selbst).;2;-1;22;5;0;5;1;8;0;0;1;0;0;0;0;
955;Verzauberung zerreißen;Rip Enchantment;Zauber. Entfernt 1 Verzauberung[en] vom Gegner. Wenn eine Verzauberung entfernt wurde, leidet er 5..25 Sekunde[n] lang an einer Blutung.;3;7;22;4;0;5;1;15;0;0;0;0;0;0;0;
957;Zauberschild;Spell Shield;Verzauberung. 5..20 Sekunde[n] lang könnt Ihr beim Wirken von Zaubern nicht zum Ziel von Zaubern Eurer Gegner werden. Wenn Zauberschild endet, werden alle Eure Fertigkeiten 8..4 Sekunde[n] lang deaktiviert.;2;16;23;3;0;10;1;30;0;0;0;0;0;0;0;
958;Heilendes Geflüster;Healing Whisper;Zauber. Der Verbündete wird um 40..100 Punkt[e] geheilt. Dieser Zauber hat nur die Hälfte der normalen Reichweite.;2;13;22;3;0;5;1;1;0;0;0;0;0;0;0;
959;Ätherisches Licht;Ethereal Light;Zauber. Der Verbündete (bzw. Ihr selbst) wird um 25..100 Punkt[e] geheilt. Dieser Zauber kann leicht unterbrochen werden.;2;13;22;3;0;5;1;5;0;0;0;0;0;0;0;
960;Verzauberungen freisetzen;Release Enchantments;Zauber. Alle Verzauberungen gehen verloren. Jedes Gruppenmitglied wird pro verlorene Mönchs-Verzauberung um 5..35 Lebenspunkt[e] geheilt.;2;16;22;3;0;5;.25;5;0;0;0;0;0;0;0;
961;Zerfetzen;Lacerate;Elite-Naturritual. Erstellt einen Geist der Stufe 1..10. Blutende Kreaturen in seiner Reichweite erleiden eine Lebenspunktdegeneration von -2. Wenn dieser Geist stirbt, leiden alle Kreaturen in seiner Reichweite, die keine Geister sind, und deren Lebenspunkte unter 90% liegen, 5..25 Sekunde[n] lang an einer Blutung. Dieser Geist stirbt nach 30..240 Sekunde[n].;2;22;19;2;0;10;2;15;0;0;1;0;0;0;0;
962;Geistübertragung;Spirit Transfer;Zauber. Der Geist, der Euch am nächsten ist, verliert 5..50 Lebenspunkt[e]. Der Verbündete (bzw. Ihr selbst) wird für jeden verlorenen Lebenspunkt um 5 Punkt[e] geheilt.;2;33;22;8;0;10;.25;5;0;0;0;0;0;0;0;
963;Wiederherstellung;Restoration;Binderitual. Erstellt einen Geist der Stufe 1..14. Wenn dieser Geist stirbt, werden alle Gruppenmitglieder in dem Bereich mit 5..50% ihrer Lebenspunkte und 0 Energiepunkten wieder belebt. Dieser Geist stirbt nach 30 Sekunden.;2;32;18;8;0;10;1;30;0;0;0;0;0;0;0;
964;Rachsüchtige Waffe;Vengeful Weapon;Waffenzauber. Wenn der Verbündete innerhalb der nächsten 8 Sekunde[n] das nächste Mal durch einen Gegner Schaden erleidet oder Lebenspunkte entzogen bekommt, entzieht er diesem Gegner bis zu 15..60 Lebenspunkt[e].;2;33;27;8;0;5;.25;3;0;0;0;0;0;0;0;
973;Blendpulver;Blinding Powder;Zauber. Muss einem Begleithandangriff folgen. Der Gegner und alle umstehenden Feinde werden 3..15 Sekunde[n] lang geblendet.;2;31;22;7;0;5;.25;20;0;0;0;0;0;0;0;
974;Berührung der Fangschrecke;Mantis Touch;Fertigkeit. Der Zielgegner wird 5..20 Sekunden lang verkrüppelt. Diese Fertigkeit zählt als Begleithandangriff.;2;30;1;7;0;5;.75;10;0;0;0;0;0;0;0;
975;Ermüdender Angriff;Exhausting Assault;Doppelangriff. Muss einem Leithandangriff folgen. Die Aktion des Gegners wurde unterbrochen. Wenn diese Aktion ein Zauber war, dann erleidet der Gegner 10 Überzaubern.;2;29;7;7;0;5;.5;8;0;0;0;0;0;0;0;
976;Wiederholender Schlag;Repeating Strike;Begleithandangriff. Muss einem Begleithandangriff folgen. Wenn dieser Angriff erfolgreich ist, fügt er +10..30 Punkt[e] Schaden zu. Wenn er sein Ziel verfehlt, benötigt er zusätzlich 15 Sekunden zum Wiederaufladen.;2;29;6;7;0;5;0;0;0;0;0;0;0;0;0;
977;Weg des Lotus;Way of the Lotus;Verzauberung. Wenn Ihr innerhalb der nächsten 20 Sekunde[n] das nächste Mal mit einer Doppelangriff-Fertigkeit trefft, erhaltet Ihr 5..20 Energiepunkt[e].;2;31;23;7;0;5;.25;20;0;0;0;0;0;0;0;
978;Zeichen der Unbeständigkeit;Mark of Instability;Verhexung. Während der nächsten 20 Sekunde[n] wird der Feind das nächste Mal, wenn Ihr ihn mit einer Doppelangriffs-Fertigkeit trefft, zu Boden geworfen.;2;-1;24;7;0;10;.25;20;0;0;0;0;0;0;0;
979;Argwohn;Mistrust;Verhexung. Für 6 Sekunden schlägt der nächste Zauber, den der anvisierte Gegner auf einen Eurer Verbündeten wirkt, fehl und verursacht bei diesem Gegner 10..80 Schaden, sowie 75 % dieses Schadens bei allen benachbarten Gegnern.;3;2;24;5;0;10;2;12;0;0;0;0;0;0;0;
980;Schmaus der Seelen;Feast of Souls;Zauber. Vernichtet die Geister aller Verbündeten in der Nähe. Für jeden Geist, der auf diese Art vernichtet wurde, werden alle Gruppenmitglieder um 50..100 Lebenspunkt[e] geheilt.;2;36;22;8;0;5;.25;10;0;0;0;0;0;0;0;
981;Erholung;Recuperation;Binderitual. Erstellt einen Geist der Stufe 1..14. Verbündete in seiner Reichweite, die keine Geister sind, erfreuen sich einer Lebenspunktregeneration von +1..3. Dieser Geist stirbt nach 15..45 Sekunde[n].;2;33;18;8;0;25;.75;45;0;0;0;0;0;0;0;
982;Unterschlupf;Shelter;Binderitual. Erstellt einen Geist der Stufe 1..12. Verbündete in seiner Reichweite, die keine Geister sind, können bei einem einzelnen Angriff nicht mehr als maximal 10% ihrer Lebenspunkte verlieren. Wenn dieser Geist Schaden verhindert, verliert er 75..45 Lebenspunkt[e]. Dieser Geist besteht 30..60 Sekunde[n] lang.;2;32;18;8;0;25;1;45;0;0;0;0;0;0;0;
983;Schattenwaffe;Weapon of Shadow;Waffenzauber. Ein verbündetes Ziel erhält für eine Dauer von 1..7 Sekunde[n] eine Schattenwaffe. Jedes Mal, wenn der Verbündete getroffen wird, wird der Angreifer für 1..7 Sekunde[n] geblendet. Die nächsten 1..3 Mal, wenn ein Angriff dieses Verbündeten trifft, wird sein Ziel 5 Sekunde[n] lang geblendet.;2;33;27;8;0;10;1;20;0;0;0;0;0;0;0;
985;Trittnägel;Caltrops;Zauber. Target foe and all foes adjacent to your target are Crippled and Bleeding for 5..15 seconds. Caltrops has half the normal range.;2;31;22;7;0;5;.25;10;0;0;0;0;0;0;0;
986;Neunschwänziger Stoß;Nine Tail Strike;Doppelangriff. Muss einem Begleithandangriff folgen. Neunschwänziger Stoß kann nicht geblockt werden und fügt bei einem Treffer +15..40 Punkt[e] Schaden zu.;2;29;7;7;0;5;0;8;0;0;0;0;0;0;0;
987;Weg der leeren Handfläche;Way of the Empty Palm;Elite-Verzauberung. Für 5..15 Sekunden kosten Begleithand- und Doppelangriffe keine Energie und werden um 25..50 % schneller aufgeladen.;2;30;23;7;0;5;.25;10;0;0;1;0;0;0;0;
988;Schläfenstoß;Temple Strike;Elite-Begleithandangriff. Muss einem Leithandangriff folgen. Wenn dieser Angriff erfolgreich ist, leidet der Gegner 1..10 Sekunde[n] lang unter Benommenheit und Blindheit und wenn er einen Zauber wirkt, wird er dabei unterbrochen.;2;29;6;7;0;15;0;20;0;0;1;0;0;0;0;
989;Goldener Phönix-Stoß;Golden Phoenix Strike;Begleithandangriff. Wenn Ihr nicht verzaubert seid, trifft diese Fertigkeit nicht. Wenn Goldener Phönix-Stoß erfolgreich ist, fügt er dem Gegner +10..30 Punkt[e] Schaden und allen umstehenden Feinden 10..30 Punkt[e] Schaden zu.;2;29;6;7;0;5;0;8;0;0;0;0;0;0;0;
990;Verzauberungen ausmerzen;Expunge Enchantments;Fertigkeit. Der Gegner verliert 1 Verzauberung. Alle anderen Nicht-Angriffsfertigkeiten werden 8..4 Sekunde[n] lang deaktiviert. Für jede Fertigkeit, die auf diese Weise deaktiviert wird, verliert der berührte Gegner 1 weitere Verzauberung.;2;30;1;7;0;10;.75;30;0;0;0;0;0;0;0;
991;Verhexungen zurückweisen;Deny Hexes;Zauber. Entfernt eine Verhexung vom Verbündeten und eine weitere für jede wieder aufladende Gunst-der-Götter-Fertigkeit, die Ihr habt.;2;16;22;3;0;5;1;12;0;0;0;0;0;0;0;
992;Dreifachhieb;Triple Chop;Elite-Axtangriff. Greift den Gegner und umstehende Feinde an. Jeder erfolgreiche Angriff fügt +10..40 Punkt[e] Schaden zu.;2;18;4;1;0;5;0;10;0;0;1;0;0;0;0;
993;Erzürnter Schlag;Enraged Smash;Elite-Hammerangriff. Wenn Erzürnter Schlag erfolgreich ist, erhaltet Ihr 1..4 Adrenalinstöße. Wenn Ihr einen sich bewegenden Feind trefft, erleidet dieser +10..40 Schaden und wird zu Boden geworfen.;2;19;8;1;0;5;0;5;0;0;1;0;0;0;0;
994;Erneuernder Schlag;Renewing Smash;Hammerangriff. Wenn Erneuernder Schlag trifft, fügt er +10..40 Punkt[e] Schaden zu. Wenn Ihr einen zu Boden geworfenen Feind trefft, erhaltet Ihr 3 Energiepunkt[e] und dieser Angriff wird sofort wieder aufgeladen.;2;19;8;1;0;5;1;30;0;0;0;0;0;0;0;
995;Tigerhaltung;Tiger Stance;Haltung. 4..10 Sekunde[n] lang sind Eure Angriffe um 33% schneller. Tigerhaltung endet, sobald einer Eurer Angriffe nicht trifft.;2;17;29;1;0;5;0;20;0;0;0;0;0;0;0;
996;Stehender Hieb;Standing Slash;Schwertangriff. Wenn Stehender Hieb erfolgreich ist, fügt Ihr +5..20 Punkt[e] Schaden zu sowie zusätzlich 5..20 Punkt[e] Schaden, wenn Ihr eine Haltung einnehmt.;2;20;10;1;0;0;0;0;5.6;0;0;0;0;0;0;
997;Hungersnot;Famine;Elite-Naturritual. Erstellt einen Geist der Stufe 1..10. Jedes Mal, wenn die Energiepunkte eine Kreatur in seiner Reichweite, die kein Geist ist, auf 0 sinken, erleidet diese Kreatur 20..70 Punkt[e] Schaden. Dieser Geist stirbt nach 30..180 Sekunde[n].;2;24;19;2;0;10;2;15;0;0;1;0;0;0;0;
1018;Kritisches Auge;Critical Eye;Fertigkeit. 10..35 Sekunde[n] lang habt Ihr zusätzlich eine 3..15% höhere Chance, bei einem Angriff einen kritischen Treffer zu erzielen. Ihr erhaltet 1 Energiepunkt[e] für jeden kritischen Treffer.;2;35;1;7;0;5;0;30;0;0;0;0;0;0;0;
1019;Kritischer Stoß;Critical Strike;Doppelangriff. Muss einem Begleithandangriff folgen. Wenn dieser Angriff erfolgreich ist, fügt er +10..30 Punkt[e] Schaden zu, führt zu einem kritischen Treffer und Ihr erhaltet 1..3 Energiepunkt[e].;2;35;7;7;0;5;0;6;0;0;0;0;0;0;0;
1020;Stahlklingen;Blades of Steel;Doppelangriff. Muss einem Begleithandangriff folgen. Wenn dieser Angriff erfolgreich ist, fügt er für jeden wieder aufzuladenden Dolchangriff +5..16 Punkt[e] Schaden (maximaler Bonus 60) zu.;2;29;7;7;0;5;0;8;0;0;0;0;0;0;0;
1021;Dschungelschlag;Jungle Strike;Begleithandangriff. Muss auf einen Startangriff folgen. Wenn er trifft, verursacht dieser Angriff +10..25 Schaden. Trifft er einen verkrüppelten Gegner, so nehmen dieser und alle benachbarten Gegner 1..31 Schaden.;2;29;6;7;0;5;.5;6;0;0;0;0;0;0;0;
1022;Wilder Stoß;Wild Strike;Begleithandangriff. Muss einem Leithandangriff folgen. Wenn dieser Angriff erfolgreich ist, fügt er +10..35 Punkt[e] Schaden zu und jede Haltung, die der Gegner einsetzt, endet. Dieser Angriff kann nicht geblockt werden.;2;29;6;7;0;5;0;4;0;0;0;0;0;0;0;
1023;Stich der springenden Mantis;Leaping Mantis Sting;Leithandangriff. Wenn Stich der Mantis erfolgreich ist, erleidet der Gegner +5..15 Punkt[e] Schaden. Wenn dieser Angriff einen sich bewegenden Gegner trifft, wird dieser 3..15 Sekunde[n] lang verkrüppelt.;2;29;5;7;0;5;.5;8;0;0;0;0;0;0;0;
1024;Stoß der schwarzen Mantis;Black Mantis Thrust;Leithandangriff. Wenn dieser Angriff erfolgreich ist, fügt Ihr +8..20 Punkt[e] Schaden zu. Wenn Euer Gegner unter einer Verhexung leidet, wird er 3..15 Sekunde[n] lang verkrüppelt.;2;29;5;7;0;5;1;6;0;0;0;0;0;0;0;
1025;Unterbrechender Dolchstoß;Disrupting Stab;Leithandangriff. Wenn dieser Angriff erfolgreich ist, unterbricht er die Aktion des Gegners. Wenn diese Aktion ein Zauber war, wird er 3..10 Sekunden[n] lang deaktiviert.;2;29;5;7;0;5;0;10;0;0;0;0;0;0;0;
1026;Goldener Lotus-Stoß;Golden Lotus Strike;Leithandangriff. Wenn dieser Angriff erfolgreich ist, fügt er +5..20 Punkt[e] Schaden zu. Wenn Ihr unter den Auswirkungen einer Verzauberung leidet, erhaltet Ihr 5..8 Energiepunkt[e].;2;29;5;7;0;5;0;5;0;0;0;0;0;0;0;
1027;Kritische Verteidigungen;Critical Defenses;Verzauberung. 4..10 Sekunde[n] lang habt Ihr eine 75%ige Chance zum Blocken. Kritische Verteidigungen wird bei jedem kritischen Treffer, den Ihr landet, aktualisiert.;2;35;23;7;0;10;1;30;0;0;0;0;0;0;0;
1028;Weg der Perfektion;Way of Perfection;Verzauberung. Während der nächsten 60 Sekunde[n] erhaltet Ihr jedes Mal, wenn Ihr erfolgreich einen kritischen Treffer landet, 10..40 Lebenspunkt[e].;2;31;23;7;0;5;.25;30;0;0;0;0;0;0;0;
1029;Dunkle Abtrünnigkeit;Dark Apostasy;Elite-Verzauberung. Während der nächsten 3..17 Sekunde[n] entfernt Ihr jedes Mal, wenn Ihr erfolgreich einen kritischen Treffer landet, eine Verzauberung von Eurem Ziel. Wenn Ihr eine Verzauberung auf diese Weise entfernt, verliert Ihr 10..3 Energiepunkt[e] oder Dunkle Abtrünnigkeit endet.;2;35;23;7;0;10;.25;15;0;0;1;0;0;0;0;
1030;Wut der Heuschrecke;Locust's Fury;Elite-Verzauberung. 10..35 Sekunde[n] lang habt Ihr zusätzlich eine 50%ige Chance auf einen Doppeltreffer, wenn Ihr Dolche verwendet.;2;35;23;7;0;10;.5;10;0;0;1;0;0;0;0;
1031;Schleier des Kummers;Shroud of Distress;Verzauberung. 30..60 Sekunden lang habt Ihr +3..8 Lebenspunktregeneration und eine 75%ige Chance Angriffe zu blocken, wenn Eure Lebenspunkte unter 50% liegen.;2;31;23;7;0;10;1;45;0;0;0;0;0;0;0;
1032;Herz der Schatten;Heart of Shadow;Zauber. Ihr werdet um 30..150 Lebenspunkt[e] geheilt. Schattenschritt zu einer Position in der Nähe, weg vom Gegner.;2;31;22;7;0;5;.25;15;0;0;0;0;0;0;0;
1033;Aufspießen;Impale;Fertigkeit. Muss einem Doppelangriff folgen. Der Gegner erleidet 25..100 Punkt[e] Erdschaden und leidet 5..20 Sekunde[n] lang an einer Tiefe Wunde.;2;30;1;7;0;5;1;15;0;0;0;0;0;0;0;
1034;Eiternde Wunde;Seeping Wound;Elite-Verhexung. For 1..7 seconds, target foe moves 33% slower. That foe takes 5..25 damage each second while suffering from a condition.;2;35;24;7;0;10;.25;10;0;0;1;0;0;0;0;
1035;Versprechen des Assassinen;Assassin's Promise;Elite-Verhexung. Wenn der Gegner innerhalb der nächsten 5..15 Sekunde[n] stirbt, erhaltet Ihr 5..20 Energiepunkt[e], und alle Eure Fertigkeiten werden wieder aufgeladen.;2;30;24;7;0;5;.75;45;0;0;1;0;0;0;0;
1036;Siegel der Bosheit;Signet of Malice;Siegel. Für jeden Zustand unter dem der Gegner leidet, verliert Ihr einen Zustand.;2;-1;21;7;0;0;.25;5;0;0;0;0;0;0;0;
1037;Dunkle Flucht;Dark Escape;Haltung. 5..15 Sekunde[n] lang bewegt Ihr Euch um 25% schneller und erleidet nur den halben Schaden. Dunkle Flucht endet, wenn Ihr mit einem Angriff erfolgreich trefft.;2;31;29;7;0;5;0;30;0;0;0;0;0;0;0;
1038;Verkrüppelnder Dolch;Crippling Dagger;Zauber. Ein Verkrüppelnder Dolch fliegt auf den Gegner zu. Verkrüppelnder Dolch fügt bei einem Treffer 15..60 Punkt[e] Erdschaden zu und verkrüppelt sich bewegende Feinde 3..15 Sekunde[n] lang. Dieser Zauber hat nur die halbe Reichweite.;2;30;22;7;0;5;1;5;0;0;0;0;0;0;0;
1040;Geistermarsch;Spirit Walk;Zauber. Schattenschritt zu Zielgeist.;2;-1;22;7;0;5;.25;8;0;0;0;0;0;0;0;
1041;Unsichtbare Wut;Unseen Fury;Haltung. Alle umstehenden Feinde werden 3..10 Sekunden lang geblendet. Während der nächsten 10..30 Sekunden könnt Ihr von geblendeten Gegnern nicht geblockt werden.;2;31;29;7;0;5;0;20;0;0;0;0;0;0;0;
1042;Blitzende Klingen;Flashing Blades;Elite-Haltung. 5..30 Sekunde[n] lang habt Ihr eine 75%ige Chance, Angriffe zu blocken, während Ihr selbst angreift. Wenn Ihr einen Angriff auf diese Weise blockt, erleidet Euer Angreifer 5..20 Punkt[e] Schaden.;2;29;29;7;0;10;0;30;0;0;1;0;0;0;0;
1043;Preschen;Dash;Haltung. 3 Sekunde[n] lang lauft Ihr um 50% schneller.;2;31;29;7;0;5;0;8;0;0;0;0;0;0;0;
1044;Dunkles Gefängnis;Dark Prison;Verhexung. Schattenschritt zum Gegner. 1..6 Sekunde[n] lang bewegt sich dieser Gegner um 33% langsamer.;2;30;24;7;0;10;.25;30;0;0;0;0;0;0;0;
1045;Handflächenschlag;Palm Strike;Elite-Fertigkeit. Der berührte Gegner erleidet 10..65 Punkt[e] Schaden und wird 1..5 Sekunde[n] lang verkrüppelt. Diese Fertigkeit zählt als Begleithandangriff.;2;35;1;7;0;5;.75;7;0;0;1;0;0;0;0;
1048;Enthüllte Verzauberung;Revealed Enchantment;Zauber. Eine Verzauberung wird vom Gegner entfernt und Ihr und erhaltet 3..15 Energiepunkt[e]. Enthüllte Verzauberung wird 20 Sekunden lang durch die dem Gegner genommene Verzauberung ersetzt.;2;3;22;5;0;10;1;0;0;0;0;0;0;0;0;
1049;Enthüllte Verhexung;Revealed Hex;Zauber. Eine Verhexung wird von einem Verbündeten (bzw. Euch selbst) entfernt und Ihr erhaltet 4..10 Energiepunkt[e]. Enthüllte Verhexung wird 20 Sekunden lang durch die entfernte Verhexung ersetzt.;2;3;22;5;0;5;1;0;0;0;0;0;0;0;0;
1052;Angehäufter Schmerz;Accumulated Pain;Zauber. Der Gegner erleidet 15..75 Punkt[e] Schaden. Wenn der Gegner unter 2 oder mehr Verhexungen leidet, erleidet er 5..20 Sekunde[n] lang eine Tiefe Wunde.;2;1;22;5;0;5;2;12;0;0;0;0;0;0;0;
1053;Übernatürliche Ablenkung;Psychic Distraction;Elite-Zauber. Alle anderen Eurer Fertigkeiten werden 8 Sekunde[n] lang deaktiviert. Falls der Gegner eine Fertigkeit aktiviert, wird diese unterbrochen und zusätzlich 5..12 Sekunde[n] lang deaktiviert.;2;2;22;5;0;10;.25;2;0;0;1;0;0;0;0;
1054;Antlitz des Ahnen;Ancestor's Visage;Verzauberung. 4..10 Sekunde[n] lang verlieren alle umstehenden Feinde jedes Mal, wenn der Verbündete (bzw. Ihr selbst) im Nahkampf getroffen wird, sämtliches Adrenalin sowie drei Energiepunkte.;2;1;23;5;0;10;1;20;0;0;0;0;0;0;0;
1055;Wiederkehrende Unsicherheit;Recurring Insecurity;Elite-Verhexung. 5 Sekunde[n] lang unterliegt der Gegner einer Lebenspunktdegeneration von -1..6. Hat dieser Gegner eine weitere Verhexung, wenn Wiederkehrende Unsicherheit enden würde, wird sie erneut angewendet.;2;1;24;5;0;10;1;3;0;0;1;0;0;0;0;
1056;Kitahs Bürde;Kitah's Burden;Verhexung. 6..12 Sekunden lang bewegt sich der Gegner um 50% langsamer. Wenn Kitahs Bürde endet, erhaltet Ihr 10..18 Energiepunkt[e].;2;1;24;5;0;15;1.5;30;0;0;0;0;0;0;0;
1057;Übernatürliche Labilität;Psychic Instability;Elite-Zauber. Unterbricht die Aktion des Gegners. Handelt es sich bei der Aktion um eine Fertigkeit, werden der Gegner und alle Gegner in der Nähe 2..4 Sekunden lang zu Boden geworfen. (Bei Schnellwirkung von 4 oder weniger besteht eine 50%ige Wahrscheinlichkeit für einen Misserfolg.);2;0;22;5;0;5;.25;20;0;0;1;0;0;0;0;
1059;Verhexungsfresser-Siegel;Hex Eater Signet;Siegel. Der berührte Verbündete und bis zu 2..5 umstehende Verbündete verlieren jeweils eine Verhexung. Ihr erhaltet für jede Verhexung, die auf diese Art entfernt wird, 1..4 Energiepunkt[e].;2;3;21;5;0;0;1;15;0;0;0;0;0;0;0;
1061;Reaktion;Feedback;Zauber. Der Gegner verliert eine Verzauberung. Wenn eine Verzauberung auf diese Art entfernt wird, verliert der Gegner 4..10 Energiepunkt[e].;2;3;22;5;0;10;1;30;0;0;0;0;0;0;0;
1062;Arkane Entwendung;Arcane Larceny;Zauber. 5..35 Sekunde[n] lang wird ein zufällig gewählter Zauber des Gegners deaktiviert und Arkane Entwendung wird durch diesen Zauber ersetzt.;2;2;22;5;0;10;1;0;0;0;0;0;0;0;0;
1066;Sieger plündern;Spoil Victor;Elite-Verhexung. Während der nächsten 3..15 Sekunde[n] verliert der Gegner jedes Mal, wenn er eine Kreatur mit weniger Lebenspunkten angreift oder einen Zauber auf sie wirkt, 25..100 Lebenspunkt[e].;2;4;24;4;0;10;1;10;0;0;1;0;0;0;0;
1067;Lebensfluchstoß;Lifebane Strike;Zauber. Der Gegner erleidet 12..48 Punkt[e] Schattenschaden. Sind seine Lebenspunkte über 50%, entzieht Ihr ihm bis zu 12..48 Lebenspunkt[e].;2;4;22;4;0;10;2;15;0;0;0;0;0;0;0;
1068;Bitterkalt;Bitter Chill;Zauber. Der Gegner erleidet 15..60 Punkt[e] Kälteschaden. Wenn dieser Gegner mehr Lebenspunkte als Ihr hat, wird Bitterkalt sofort wieder aufgeladen.;2;5;22;4;0;5;1;10;0;0;0;0;0;0;0;
1069;Geschmack der Schmerzen;Taste of Pain;Zauber. Wenn die Lebenspunkte des Gegners unter 50% liegen, erhaltet Ihr 30..150 Lebenspunkt[e].;2;5;22;4;0;5;.25;10;0;0;0;0;0;0;0;
1070;Verzauberungen schänden;Defile Enchantments;Zauber. Der Zielgegner und alle in seiner Nähe befindlichen Gegner erleiden 6..60 Punkt[e] Schattenschaden sowie zusätzlich 4..20 Punkt[e] Schattenschaden für jede auf ihnen liegende Verzauberung.;2;7;22;4;0;10;2;15;0;0;0;0;0;0;0;
1071;Angstschauer;Shivers of Dread;Verhexung. 10..40 Sekunde[n] lang wird der Gegner jedes Mal, wenn er beim Anwenden einer Fertigkeit mit Kälteschaden getroffen wird, unterbrochen und Ihr verliert 8..3 Energiepunkt[e] oder Angstschauer endet.;2;7;24;4;0;10;2;15;0;0;0;0;0;0;0;
1075;Vampirschwarm;Vampiric Swarm;Zauber. Vampirschwarm entzieht bis zu drei Gegnern in dem Bereich bis zu 15..60 Lebenspunkt[e].;2;4;22;4;0;15;2;8;0;0;0;0;0;0;0;
1076;Bluttrinker;Blood Drinker;Zauber. Wenn Eure Lebenspunkte über 90% liegen, leidet Ihr 6 Sekunde[n] lang an einer Blutung. Entzieht dem Gegner bis zu 20..65 Lebenspunkt[e].;2;4;22;4;0;5;2;8;0;0;0;0;0;0;0;
1077;Vampirbiss;Vampiric Bite;Fertigkeit. Entzieht dem Gegner durch die Berührung 29..74 Lebenspunkt[e].;2;4;1;4;0;15;.75;2;0;0;0;0;0;0;0;
1078;Suhlerbiss;Wallow's Bite;Fertigkeit. Der berührte Gegner erleidet 20..58 Punkt[e] Schattenschaden.;2;4;1;4;0;1;.75;3;0;10;0;0;0;0;0;
1079;Schwächende Berührung;Enfeebling Touch;Fertigkeit. Der berührte Gegner verliert 5..65 Lebenspunkt[e] und leidet 5..20 Sekunde[n] lang an Schwäche.;2;7;1;4;0;5;.75;3;0;0;0;0;0;0;0;
1081;Teinais Wind;Teinai's Wind;Zauber. Gegner und umstehende Feinde erleiden 10..40 Punkte Kälteschaden. Brennende Feinde, die durch Teinais Wind getroffen werden, erleiden zusätzlich 40..80 Punkte Schaden und werden unterbrochen.;2;8;22;6;0;10;1;8;0;0;0;0;0;0;0;
1082;Schockpfeil;Shock Arrow;Zauber. Sendet einen Schockpfeil aus, der schnell auf den Gegner zufliegt und ihm 5..50 Punkte Blitzschaden zufügt. Wenn Schockpfeil einen Gegner mit Beschädigter Rüstung trifft, erhaltet Ihr 5 Energiepunkte sowie 1 Energiepunkt pro 2 Ränge in Energiespeicherung. Schockpfeil hat eine Rüstungsdurchdringung von 25%.;2;8;22;6;0;5;1;8;0;0;0;0;0;0;0;
1083;Schwankender Boden;Unsteady Ground;Elite-Zauber. Am Standort des Feindes wird ein Schwankender Boden erzeugt. In den nächsten 5 Sekunde[n] erleiden Gegner in der Nähe 10..40 Punkt[e] Erdschaden pro Sekunde. Angreifende Gegner, die von Schwankender Boden getroffen werden, werden zu Boden geworfen.;2;9;22;6;0;10;2;15;0;0;1;0;0;0;0;
1084;Splitter-Rüstung;Sliver Armor;Verzauberung. 5..11 Sekunde[n] lang habt Ihr eine 25..50%ige Chance, Angriffe zu blocken, und jedes Mal, wenn Ihr das Ziel eines feindlichen Zaubers oder Angriffs seid, erleidet ein Gegner in der Nähe 5..35 Punkt[e] Erdschaden.;2;9;23;6;0;10;1;30;0;0;0;0;0;0;0;
1085;Aschenexplosion;Ash Blast;Verhexung. Umstehende Feinde erleiden 35..65 Punkte Erdschaden. Brennende Feinde, die durch Aschenexplosion getroffen werden, werden für 5 Sekunden verhext und haben eine 20..75%ige Wahrscheinlichkeit, ihr Ziel zu verfehlen.;2;9;24;6;0;5;1;10;0;0;0;0;0;0;0;
1086;Drachenstampfer;Dragon's Stomp;Zauber. An der Position des Gegners wird ein Drachenstampfer beschworen. Alle Gegner in diesem Gebiet werden zu Boden geworfen und erleiden 26..100 Punkt[e] Erdschaden.;2;9;22;6;0;25;3;15;0;0;0;0;10;0;0;
1088;Zweite Chance;Second Wind;Elite-Zauber. Ihr erhaltet für jeden Eurer Energiepunkte, der durch Überzaubern eingeschränkt ist, 1 Energiepunkte und 5 Punkte Gesundheit. Ihr verliert alle Verzauberungen.;2;-1;22;6;0;5;1;5;0;0;1;0;5;0;0;
1090;Glühende Kohle;Smoldering Embers;Verhexung. Der Gegner erleidet 10..70 Punkte Feuerschaden. Wenn Ihr Überzaubert seid, wird dieser Gegner für 3 Sekunden mit Glühenden Kohlen verhext und erleidet zusätzlich jede Sekunde 5..25 Feuerschaden.;2;10;24;6;0;10;1.5;7;0;0;0;0;0;0;0;
1091;Doppeldrache;Double Dragon;Elite-Verzauberung. Ihr beschwört die Macht des Drachen. 8 Sekunde[n] lang werden ein Verbündeter und Ihr mit Doppeldrache verzaubert. Umstehende Feinde erleiden pro Sekunde 10..40 Punkt[e] Feuerschaden. Wenn Ihr oder Euer Verbündeter Fertigkeiten auf einen Feind anwenden, wird dieser Feind zudem 1..4 Sekunde[n] lang in Brand gesetzt.;2;10;23;6;0;10;1;15;0;0;1;0;0;0;0;
1093;Teinais Hitze;Teinai's Heat;Abwehrzauber. Erstellt für 10..15 Sekunden eine Abwehr von Teinais Hitze an Eurer Position Feinde im Bereich haben 2..5 Lebenspunktdegeneration. Die Angriffe geschwächter Feinde sind um 33% verlangsamt. Diese Fertigkeit wird 20 Sekunden lang deaktiviert.;2;10;26;6;0;15;1;20;0;0;0;0;0;0;0;
1094;Feueratem;Breath of Fire;Zauber. An der aktuellen Position des Gegners wird Feueratem erzeugt. Während der nächsten 5 Sekunde[n] erleiden umstehende Gegner 10..40 Punkt[e] Feuerschaden pro Sekunde.;2;10;22;6;0;5;2;10;0;0;0;0;10;0;0;
1095;Sternenexplosion;Star Burst;Elite-Zauber. Der berührte Gegner und alle Feinde im Bereich erleiden 7..112 Punkt[e] Feuerschaden und werden 1..4 Sekunde[n] lang in Brand gesetzt. Ihr erhaltet für jeden getroffenen Feind 2 Energiepunkte.;2;10;22;6;0;5;.75;7;0;0;1;0;0;0;0;
1096;Glyphe der Essenz;Glyph of Essence;Glyphe. 15 Sekunde[n] lang wird Euer nächster Zauber sofort gewirkt, führt aber dazu, dass Ihr Eure gesamte Energie verliert.;2;-1;16;6;0;5;1;20;0;0;0;0;0;0;0;
1097;Teinais Gefängnis;Teinai's Prison;Verhexung. 1..8 Sekunden lang werden die Beine des Gegners von Eis umschlossen, wodurch seine Bewegungen um 66% langsamer werden. Wenn der Gegner an Beschädigter Rüstung leidet, sickert die Kälte durch und verursacht 5..9 Lebenspunktdegeneration.;2;11;24;6;0;10;1;15;0;0;0;0;0;0;0;
1098;Eisspiegel;Mirror of Ice;Elite-Verhexung. Zerbricht einen Eisspiegel. Alle Feinde in Eurer Nähe und das verbündete Ziel erleiden 15..70 Punkt[e] Kälteschaden und bewegen sich 2..6 Sekunde[n] lang um 66% langsamer. Wenn Ihr einen Gegner trefft, der mit Wassermagie verhext ist, lädt Eisspiegel um 50% schneller wieder auf.;2;11;24;6;0;10;.75;15;0;0;1;0;0;0;0;
1099;Teinais Kristalle;Teinai's Crystals;Zauber. Der Gegner erleidet 20..40 Punkte Schaden. Wenn der Gegner unter einer Wassermagie-Verhexung leidet, richtet dieser Zauber beim Gegner und Feinden in der Nähe zusätzlich 20..40 Punkte Schaden an, und Feinde in der Nähe erleiden Beschädigte Rüstung für 5..15 Sekunden.;2;9;22;6;0;5;1;8;0;0;0;0;0;0;0;
1113;Kirins Zorn;Kirin's Wrath;Zauber. 5 Sekunden lang erleiden umstehende Gegner am Wirkungsort des Zaubers 8..32 Punkt[e] heiligen Schaden pro Sekunde.;2;14;22;3;0;5;1;10;0;0;0;0;0;0;0;
1114;Geisterbindung;Spirit Bond;Verzauberung. Während der nächsten 8 Sekunde[n] wird der Verbündete (bzw. Ihr selbst), immer, wenn er mehr als 50 Punkt[e] Schaden durch die nächsten 10 Angriffe oder Zauber erleidet, um 30..90 Lebenspunkt[e] geheilt.;2;15;23;3;0;10;.25;2;0;0;0;0;0;0;0;
1115;Flair der Verzauberung;Air of Enchantment;Elite-Verzauberung. 4..10 Sekunde[n] lang kosten Verzauberungen, die auf diesen Verbündeten gewirkt werden, 10 Energiepunkt[e] weniger (mindestens 1 Energiepunkt[e]).;2;15;23;3;0;5;.25;8;0;0;1;0;0;0;0;
1117;Himmlische Wonne;Heaven's Delight;Zauber. Heilt Euch und Gruppenmitglieder in Hörweite um 15..60 Punkt[e].;2;16;22;3;0;5;1;12;0;0;0;0;0;0;0;
1118;Heilsalve;Healing Burst;Elite-Zauber. Der Verbündete (bzw. Ihr selbst) wird um 20..120 Lebenspunkt[e] geheilt. Alle Gruppenmitglieder in Hörweite Eures Ziels erhalten Lebenspunkte entsprechend dem mit diesem Zauber verbundenen Gunst-der-Götter-Bonus. Eure Peinigungsgebete werden 20 Sekunden lang deaktiviert.;2;13;22;3;0;5;.75;6;0;0;1;0;0;0;0;
1119;Kareis Heilkreis;Karei's Healing Circle;Zauber. Heilt Euch selbst und alle umstehenden Geschöpfe um 30..180 Punkt[e].;2;13;22;3;0;10;1;5;0;0;0;0;0;0;0;
1120;Jameis Starren;Jamei's Gaze;Zauber. Heilt Verbündeten für 35..180 Lebenspunkt[e].;2;13;22;3;0;10;.75;3;0;0;0;0;0;0;0;
1121;Geschenk des Lebens;Gift of Health;Zauber. Alle Eure anderen Heilgebete werden 10..5 Sekunde[n] lang deaktiviert. Der Verbündete wird um 15..150 Lebenspunkt[e] geheilt.;2;13;22;3;0;5;.75;5;0;0;0;0;0;0;0;
1123;Lebensmantel;Life Sheath;Elite-Verzauberung. Entfernt beim Verbündeten 0..2 Zustände. 8 Sekunde[n] lang erhält der Verbündete, wenn er das nächste Mal Schaden erleiden oder Lebenspunkte entzogen bekommen würde, stattdessen den entsprechenden Wert als Lebenspunkte (maximal 20..100).;2;15;23;3;0;5;.25;2;0;0;1;0;0;0;0;
1126;Ausdrückliche Entfernung;Empathic Removal;Elite-Zauber. Ihr und der Verbündete verlieren 1 Zustand und 1 Verhexung und werden um 50 Lebenspunkt[e] geheilt.;2;-1;22;3;0;5;1;7;0;0;1;0;0;0;0;
1128;Gesang der Wiederbelebung;Resurrection Chant;Zauber. Ein Gruppenmitglied wird mit höchstens der Anzahl Eurer Lebenspunkte und 5..35% der Energiepunkte wiederbelebt. Die Reichweite dieses Zaubers ist nur halb so groß wie gewöhnlich.;2;13;22;3;0;10;6;15;0;0;0;0;0;0;0;
1129;Wort des Tadels;Word of Censure;Elite-Zauber. Der anvisierte Gegner nimmt 30..130 heiligen Schaden. Falls Euer Ziel weniger als 50 % Lebenspunkte hatte, braucht "Wort der Zensur" 20 zusätzliche Sekunde[n] zur Wiederaufladung.;2;14;22;3;0;10;1;2;0;0;1;0;0;0;0;
1130;Speer des Lichts;Spear of Light;Zauber. Speer des Lichts fliegt auf den Gegner zu und fügt ihm, falls er trifft, 26..56 Punkt[e] heiligen Schaden zu. Speer des Lichts fügt +15..60 Punkt[e] Schaden zu, wenn er einen angreifenden Gegner trifft.;2;14;22;3;0;5;1;15;0;0;0;0;0;0;0;
1131;Steinseelenschlag;Stonesoul Strike;Fertigkeit. Der berührte Gegner erleidet 10..55 Punkt[e] heiligen Schaden. Wenn Euer Ziel zu Boden geworfen wurde, erleidet es zusätzlich 10..55 Punkt[e] heiligen Schaden.;2;14;1;3;0;5;.75;8;0;0;0;0;0;0;0;
1133;Betrunkener Schlag;Drunken Blow;Nahkampfangriff. Wenn dieser Angriff trifft, fügt Ihr +10..40 Punkt[e] Schaden zu und Euer Ziel leidet unter einem der folgenden Zustände: Tiefe Wunde (20 Sekunden lang), Schwäche (20 Sekunden lang), Blutung (25 Sekunden lang) oder Verkrüppelung (15 Sekunden lang). Nachdem Ihr einen Betrunkenen Schlag ausgeführt habt, werdet Ihr zu Boden geworfen.;2;21;3;1;0;5;0;7;0;0;0;0;0;0;0;
1134;Leviathanschlag;Leviathan's Sweep;Nahkampfangriff. Wenn dieser Angriff erfolgreich ist, fügt Ihr +5..20 Punkt[e] Schaden zu. Wenn dieser Angriff geblockt wird, wird Euer Ziel zu Boden geworfen und erleidet 10..34 Punkt[e] Schaden.;2;17;3;1;0;5;0;8;0;0;0;0;0;0;0;
1135;Jaizhenjuschlag;Jaizhenju Strike;Schwertangriff. Wenn Jaizhenjuschlag trifft, fügt Ihr +1..30 Punkt[e] Schaden zu. Wenn Ihr keine Haltung einnehmt, ist ein Blocken bei Jaizhenjuschlag nicht möglich.;2;20;10;1;0;5;0;8;0;0;0;0;0;0;0;
1136;Durchdringender Hieb;Penetrating Chop;Axtangriff. Wenn dieser Angriff erfolgreich ist, trefft Ihr für 10..25 Punkt[e] zusätzlichen Schaden. Dieser Axtangriff hat eine Rüstungsdurchdringung von 20%.;2;18;4;1;0;0;0;0;4.8;0;0;0;0;0;0;
1137;Yetischlag;Yeti Smash;Hammerangriff. Alles Adrenalin geht verloren. Greift alle umstehenden Feinde an. Wenn dieser Angriff einen Gegner trifft, der unter einem Zustand leidet, wird dieser zu Boden geworfen. (Bei einer Hammerbeherrschung von 4 oder weniger besteht eine 50%ige Wahrscheinlichkeit für einen Misserfolg.);2;19;8;1;0;0;0;0;6;0;0;0;0;0;0;
1141;"Ihr werdet sterben!";"You Will Die!";Schrei. Sind die Lebenspunkte des anvisierten Gegners unter 90 %, so erhaltet Ihr 1..3 Adrenalinschläge.;2;17;20;1;0;5;0;15;0;0;0;0;0;0;0;
1142;Günstige Abwehr;Auspicious Parry;Elite-Haltung. 8 Sekunde[n] lang wird der nächste Angriff gegen Euch geblockt. Ihr erhaltet 1..4 Adrenalinstöße, wenn diese Haltung endet.;2;21;29;1;0;0;0;2;1;0;1;0;0;0;0;
1144;Silberflügel-Hieb;Silverwing Slash;Schwertangriff. Bei einem Treffer fügt dieser Angriff +1..40 Punkte Schaden zu.;2;20;10;1;0;0;0;0;7;0;0;0;0;0;0;
1146;Schubs;Shove;Elite-Fertigkeit. Der berührte Zielgegner erleidet 15..75 Schaden, seine Haltung endet, und er wird niedergeschlagen.;2;21;1;1;0;5;.75;10;0;0;1;0;0;0;0;
1191;Trennender Angriff;Sundering Attack;Bogenangriff. Wenn Trennender Angriff trifft, fügt Ihr fügt Ihr +5..25 Punkt[e] Schaden zu. Dieser Angriff hat eine Rüstungsdurchdringung von 10%.;2;25;2;2;0;10;.75;4;0;0;0;0;0;0;0;
1192;Zojuns Schuss;Zojun's Shot;Bogenangriff. Ein Pfeil wird abgeschossen, der nur die halbe Reichweite zurücklegt, aber dafür +10..40 Punkt[e] Schaden zufügt.;2;23;2;2;0;5;0;3;0;0;0;0;0;0;0;
1194;Raubtierverbindung;Predatory Bond;Schrei. Während der nächsten 5..20 Sekunde[n] greift Euer Tiergefährte um 25% schneller an und Ihr werdet bei jedem erfolgreichen Angriff um 1..31 Punkt[e] geheilt.;2;22;20;2;0;10;0;30;0;0;0;0;0;0;0;
1195;Gemeinsame Heilung;Heal as One;Elite-Fertigkeit. Euer Tiergefährte entzieht 15 Sekunde[n] lang jedes Mal 1..20 Lebenspunkt[e], wenn er mit einem Angriff trifft. Sowohl Ihr als auch Euer Tiergefährte werdet für 20..104 Lebenspunkt[e] geheilt. Wenn Euer Gefährte tot ist, wird er mit 50% der Lebenspunkte wiederbelebt. Wenn Ihr diese Fertigkeit benutzt, reist Euer Tiergefährte mit Euch.;2;22;1;2;0;5;1;5;0;0;1;0;0;0;0;
1196;Zojuns Eile;Zojun's Haste;Haltung. 5..11 Sekunde[n] lang bewegt Ihr Euch um 33% schneller und habt eine 27..75%ige Chance, Geschosse zu blocken. Zojuns Eile endet, wenn Ihr angreift.;2;23;29;2;0;5;0;30;0;0;0;0;0;0;0;
1197;Nadelschuss;Needling Shot;Bogenangriff. Wenn Nadelschuss erfolgreich ist, fügt er nur 10..30 Schaden zu. Der Pfeil bewegt sich schneller als normal. Wenn Nadelschuss einen Feind trifft, dessen Lebenspunkte unter 50% sind, wird er sofort wieder aufgeladen. Eure anderen Angriffs-Fertigkeiten werden 2 Sekunden lang deaktiviert.;2;25;2;2;0;5;.75;4;0;0;0;0;0;0;0;
1198;Stahlspitzenpfeil;Broad Head Arrow;Elite-Bogenangriff. Ihr schießt einen Stahlspitzenpfeil ab, der sich langsamer als normal bewegt. Wenn er trifft, leidet der Gegner 5..20 Sekunde[n] lang unter Benommenheit und falls er einen Zauber wirkt, wird dieser unterbrochen.;2;25;2;2;0;10;0;10;0;0;1;0;0;0;0;
1199;Glaspfeile;Glass Arrows;Elite-Vorbereitung. Während der nächsten 10..35 Sekunde[n] fügen Eure Pfeile bei einem Treffer +6..20 Punkt[e] Schaden zu, und führen 10..20 Sekunde[n] lang zu einer Blutung, wenn sie geblockt werden.;2;23;17;2;0;5;2;12;0;0;1;0;0;0;0;
1200;Siegel des Bogenschützen;Archer's Signet;Elite-Siegel. 1..24 Sekunde[n] lang dauern alle von Euch zugefügten Zustände, während Ihr einen Bogen führt, um 150% länger an.;2;23;21;2;0;0;1;12;0;0;1;0;0;0;0;
1201;Wilder Sprung;Savage Pounce;Tiergefährtenangriff. Euer Tiergefährte führt einen Wilden Sprung aus, der +5..20 Punkt[e] Schaden zufügt. Trifft dieser Angriff einen Gegner, der einen Zauber wirkt, wird er zu Boden geworfen.;2;22;11;2;0;5;0;10;0;0;0;0;0;0;0;
1202;Erzürnter Ausfall;Enraged Lunge;Elite-Tiergefährtenangriff. Euer Tiergefährte greift mit einem Erzürnten Ausfall an, der dem Gegner 5..20 Sekunden lang eine Tiefe Wunde und +10..50 Punkt[e] Schaden zufügt.;2;22;11;2;0;5;0;5;0;0;1;0;0;0;0;
1203;Bestienattacke;Bestial Mauling;Tiergefährtenangriff. Euer Tiergefährte greift mit einer Bestienattacke an, die +5..20 Punkt[e] Schaden zufügt. Trifft dieser Angriff einen Gegner am Boden, leidet dieser 4..10 Sekunde[n] lang an Benommenheit.;2;22;11;2;0;5;0;10;0;0;0;0;0;0;0;
1205;Giftbiss;Poisonous Bite;Tiergefährtenangriff. Euer Tiergefährte greift mit einem Giftbiss an, der den Gegner 5..20 Sekunde[n] lang vergiftet.;2;22;11;2;0;5;0;7;0;0;0;0;0;0;0;
1206;Sprung;Pounce;Tiergefährtenangriff. Der nächste Angriff Eures Tiergefährten ist ein Sprung, der +5..20 Punkt[e] Schaden zufügt. Trifft dieser Angriff einen Gegner, der sich bewegt, wird dieser zu Boden geworfen.;2;22;11;2;0;5;0;10;0;0;0;0;0;0;0;
1209;Bestienwut;Bestial Fury;Haltung. Alle Eure Nicht-Angriffsfertigkeiten werden 5 Sekunden lang deaktiviert. 5..11 Sekunde[n] lang greift Ihr um 25% schneller an.;2;22;29;2;0;10;0;10;0;0;0;0;0;0;0;
1211;Vipernnest;Viper's Nest;Falle. Erzeugt ein Vipernnest. Wenn es ausgelöst wird, erleiden alle getroffenen Gegner in der Nähe 5..35 Punkt[e] Stichschaden und werden 5..20 Sekunde[n] lang vergiftet. Vipernnest endet nach 90 Sekunde[n]. Diese Falle kann leicht unterbrochen werden.;2;22;30;2;0;10;2;20;0;0;0;0;0;0;0;
1212;Tagundnachtgleiche;Equinox;Elite-Naturritual. Erstellt einen Geist der Stufe 1..10. In seiner Reichweite gewirkte Zauber, die Überzaubern hervorrufen, verursachen zusätzlich 10 Überzaubern. Dieser Geist stirbt nach 30..240 Sekunden.;2;24;19;2;0;10;2;15;0;0;1;0;0;0;0;
1213;Ruhe;Tranquility;Naturritual. Erstellt einen Geist der Stufe 1..10. Von Kreaturen in seiner Reichweite, die keine Geister sind, gewirkte Verzauberungen enden 20..50% schneller. Dieser Geist stirbt nach 15..120 Sekunde[n].;2;24;19;2;0;15;2;60;0;0;0;0;0;0;0;
1215;Gezeter der Seelen;Clamor of Souls;Elite-Zauber. Der Gegner und alle Feinde in der Nähe erleiden 10..65 Punkt[e] Blitzschaden. Wenn Ihr Euch in Hörweite eines Geistes befindet oder einen gebündelten Gegenstand haltet, erhaltet Ihr 10 Energiepunkt[e].;2;34;22;8;0;10;1;8;0;0;1;0;0;0;0;
1217;Herr der Rituale;Ritual Lord;Elite-Fertigkeit. 5..35 Sekunde[n] lang erhalten Eure Ritualisten-Attribute einen Schub von 2..4 für Eure nächste Fertigkeit. Wenn diese Fertigkeit ein Binderitual ist, wird sie um 10..60% schneller wieder aufgeladen und Herr der Rituale lädt sich sofort wieder auf.;2;36;1;8;0;0;0;45;0;2;1;0;0;0;0;
1218;Grausam war Daoshen;Cruel Was Daoshen;Gegenstandszauber. Haltet Daoshens Asche bis zu 15..60 Sekunde[n] lang. Während Ihr seine Asche haltet, haben alle Ritualisten-Fertigkeiten eine Rüstungsdurchdringung von 10%. Wenn Ihr seine Asche fallen lasst, erleiden alle Feinde in der Nähe 15..85 Punkt[e] Blitzschaden.;2;34;25;8;0;15;2;30;0;0;0;0;0;0;0;
1219;Schützend war Kaolai;Protective Was Kaolai;Gegenstandszauber. Haltet Kaolais Asche bis zu 15..60 Sekunde[n] lang. Während Ihr seine Asche haltet, erhaltet Ihr 20 Rüstung. Wenn Ihr seine Asche fallen lasst, werden alle Gruppenmitglieder um 20..95 Lebenspunkt[e] geheilt.;2;33;25;8;0;10;1;20;0;0;0;0;0;0;0;
1220;Eingestimmt war Songkai;Attuned Was Songkai;Elite-Gegenstandszauber. Haltet Songkais Asche bis zu 45 Sekunde[n] lang. Während Ihr ihre Asche haltet, kostet das Wirken Eurer Zauber und Binderituale bis zu -5..50% weniger Basisenergie.;2;36;25;8;0;10;1.5;30;0;0;1;0;0;0;0;
1221;Unverwüstlich war Xiko;Resilient Was Xiko;Gegenstandszauber. Haltet Xikos Asche bis zu 5..20 Sekunde[n] lang. Für jede Verhexung und jeden Zustand, unter der bzw. dem Ihr leidet, solange Ihr die Asche haltet, erhaltet Ihr +3 Lebenspunktregeneration. Wenn Ihr die Asche fallen lasst, verliert Ihr 1..4 Zustände.;2;33;25;8;0;5;1;10;0;0;0;0;0;0;0;
1222;Lebhaft war Naomei;Lively Was Naomei;Gegenstandszauber. Haltet Naomeis Asche bis zu 45 Sekunde[n] lang. Wenn Ihr ihre Asche fallen lasst, werden alle Gruppenmitglieder in dem Bereich mit 15..75% ihrer Lebenspunkte und 0 Energie wiederbelebt.;2;33;25;8;0;15;6;20;0;0;0;0;0;0;0;
1223;Gequält war Lingwah;Anguished Was Lingwah;Gegenstandszauber. Haltet Lingwahs Asche bis zu 10..60 Sekunde[n] lang. Während Ihr ihre Asche haltet, kosten Eure Ritualisten-Verhexungen 1..5 weniger Energiepunkt[e] und halten um 50% länger an. Wenn Ihr ihre Asche fallen lasst, werden alle Eure Ritualisten-Verhexungen wieder aufgeladen.;2;36;25;8;0;5;1.5;30;0;0;0;0;0;0;0;
1224;Geist entziehen;Draw Spirit;Zauber. Teleportiert den verbündeten Geist an Eure Position.;2;-1;22;8;0;5;.25;5;0;0;0;0;0;0;0;
1225;Gelenkter Schlag;Channeled Strike;Zauber. Der Gegner erleidet 5..95 Punkt[e] Blitzschaden. Dieser Gegner erleidet zusätzlich 5..35 Punkt[e] Blitzschaden, wenn Ihr einen Gegenstand haltet.;2;34;22;8;0;10;2;4;0;0;0;0;0;0;0;
1226;Geistersegenstoß;Spirit Boon Strike;Zauber. Der Gegner erleidet 20..65 Punkt[e] Blitzschaden und alle von Euch kontrollierten Geister in Hörweite erhalten 20..65 Lebenspunkt[e].;2;34;22;8;0;5;1;3;0;0;0;0;0;0;0;
1227;Essenzschlag;Essence Strike;Zauber. Der Gegner erleidet 15..60 Punkt[e] Blitzschaden. Wenn sich Geister in Hörweite befinden, erhaltet Ihr 1..9 Energiepunkt[e].;2;34;22;8;0;5;1;8;0;0;0;0;0;0;0;
1228;Geist abzapfen;Spirit Siphon;Zauber. Der Euch am nächsten stehende Geist verliert seine gesamte Energie. Ihr erhaltet 30..60% dieser Energie.;2;34;22;8;0;5;.25;3;0;0;0;0;0;0;0;
1229;Explosives Wachstum;Explosive Growth;Verzauberung. Während der nächsten 15..60 Sekunde[n] erleiden jedes Mal, wenn Ihr eine Kreatur erschafft, bis zu 5 Gegner neben dieser Kreatur 20..65 Punkt[e] Blitzschaden.;2;36;23;8;0;5;2;45;0;0;0;0;0;0;0;
1230;Segen der Schöpfung;Boon of Creation;Verzauberung. 15..60 Sekunde[n] lang erhaltet Ihr jedes Mal, wenn Ihr eine Kreatur erschafft, 5..50 Lebenspunkt[e] und 1..6 Energiepunkt[e].;2;36;23;8;0;10;2;45;0;0;0;0;0;0;0;
1231;Geisterlenkung;Spirit Channeling;Elite-Verzauberung. 12 Sekunde[n] lang habt Ihr +1..6 Energieregeneration. Wenn Ihr Euch beim Wirken dieses Zaubers in Hörweite eines Geistes befindet, erhaltet Ihr 3..12 Energiepunkt[e].;2;36;23;8;0;5;1;30;0;0;1;0;0;0;0;
1232;Rüstung der Gefühllosigkeit;Armor of Unfeeling;Fertigkeit. 10..35 Sekunde[n] lang verringert sich der von Euren Geistern in Hörweite erlittene Schaden um 50% und sie sind gegen kritische Treffer gefeit.;2;32;1;8;0;5;1;20;0;0;0;0;0;0;0;
1233;Beruhigende Erinnerungen;Soothing Memories;Zauber. Der Verbündete (bzw. Ihr selbst) wird um 10..100 Lebenspunkt[e] geheilt. Wenn Ihr einen Gegenstand haltet, erhaltet Ihr 3 Energiepunkt[e].;2;33;22;8;0;5;.75;4;0;0;0;0;0;0;0;
1234;Körper und Seele heilen;Mend Body and Soul;Zauber. Heilt Verbündeten (bzw. Euch selbst) um 20..115 Lebenspunkt[e]. Der betreffende Verbündete verliert für jeden verbündten Geist in Hörweite einen Zustand.;2;33;22;8;0;5;.75;3;0;0;0;0;0;0;0;
1235;Stumpfe Waffe;Dulled Weapon;Verhexung. 5..20 Sekunde[n] lang können der Gegner und alle umstehenden Feinde in der Nähe keine kritischen Treffer landen und verursachen 3..20 Punkt[e] weniger Schaden.;2;32;24;8;0;15;1;20;0;0;0;0;0;0;0;
1236;Fesselnde Ketten;Binding Chains;Verhexung. Während der nächsten 3 Sekunde[n] bewegen sich der Gegner und alle umstehenden Feinde um 90% langsamer und erleiden 1..30 Punkt[e] Schaden pro Sekunde, solange sie in Bewegung sind.;2;32;24;8;0;10;1;15;0;0;0;0;0;0;0;
1237;Schmerzhafte Bindung;Painful Bond;Verhexung. 10..20 Sekunde[n] lang werden der Gegner und alle Feinde in der Nähe mit Schmerzhafte Bindung verhext und erleiden jedes Mal, wenn sie von einem Geisterangriff getroffen werden, 8..20 Punkt[e] Schaden.;2;34;24;8;0;15;1;12;0;0;0;0;0;0;0;
1238;Siegel der Schöpfung;Signet of Creation;Siegel. Ihr erhaltet 4 Energiepunkt[e] für jede von Euch kontrollierte herbeigerufene Kreatur in Hörweite (maximal 3..12 Energiepunkte).;2;36;21;8;0;0;1;20;0;0;0;0;0;0;0;
1239;Siegel der Geister;Signet of Spirits;Elite-Siegel. Erstellt 3 Geister der Stufe 1..12. Diese Geister fügen mit Angriffen 5..20 Punkt[e] Schaden zu und sterben nach 60 Sekunde[n].;2;34;21;8;0;0;1;30;0;0;1;0;0;0;0;
1240;Seelenverflechtung;Soul Twisting;Elite-Fertigkeit. 5..45 Sekunde[n] lang kosten Eure Binderituale 15 weniger Energiepunkte (mindestens 5) und laden sich sofort wieder auf. Seelenverflechtung endet nach 1..3 Binderitual[en].;2;36;1;8;0;5;0;15;0;0;1;0;0;0;0;
1244;Geisterhafte Eile;Ghostly Haste;Verzauberung. Während der nächsten 5..30 Sekunde[n] werden in Hörweite eines Geistes von Euch gewirkte Zauber um 25% schneller wieder aufgeladen.;2;36;23;8;0;10;1;20;0;0;0;0;0;0;0;
1245;Blick aus dem Jenseits;Gaze from Beyond;Zauber. Der Gegner erleidet 20..65 Punkte Blitzschaden. Wenn Ihr Euch in Hörweite eines Geistes befindet, wird der Gegner 2..6 Sekunde[n] lang geblendet.;2;34;22;8;0;5;1;10;0;0;0;0;0;0;0;
1246;Wut der Vorfahren;Ancestors' Rage;Fertigkeit. 1 Sekunde[n] lang geschieht nichts. Wenn diese Fertigkeit endet, erleiden alle den Verbündeten (bzw. Euch selbst) umstehenden Feinde 5..110 Punkt[e] Blitzschaden.;2;34;1;8;0;5;.25;10;0;0;0;0;0;0;0;
1247;Schmerzen;Pain;Binderitual. Erstellt einen Geist der Stufe 1..12. Die Angriffe dieses Geistes fügen 5..30 Punkt[e] Schaden zu. Dieser Geist stirbt nach 30..150 Sekunde[n].;2;32;18;8;0;5;.75;30;0;0;0;0;0;0;0;
1249;Verschiebung;Displacement;Binderitual. Erstellt einen Geist der Stufe 1..14. Alle Verbündeten in seiner Reichweite, die keine Geister sind, haben eine 75%ige Chance, Angriffe zu blocken. Jedes Mal, wenn ein Angriff auf diese Weise geblockt wird, erleidet dieser Geist 60 Punkt[e] Schaden. Dieser Geist stirbt nach 30..60 Sekunde[n].;2;32;18;8;0;15;.75;45;0;0;0;0;0;0;0;
1250;Erhaltung;Preservation;Elite-Binderitual. Erstellt einen Geist der Stufe 1..14. Dieser Geist heilt alle 4 Sekunden einen Verbündeten in dem Bereich, der kein Geist ist, um 10..115 Lebenspunkt[e]. Dieser Geist stirbt nach 90 Sekunde[n].;2;33;18;8;0;5;.75;20;0;0;1;0;0;0;0;
1251;Leben;Life;Binderitual. Erstellt einen Geist der Stufe 1..14. Wenn dieser Geist stirbt, werden alle Verbündeten in seiner Reichweite, die keine Geister sind, pro Sekunde, die der Geist am Leben war, um 1..7 Lebenspunkt[e] geheilt. Dieser Geist stirbt nach 20 Sekunde[n].;2;33;18;8;0;10;.75;20;0;0;0;0;0;0;0;
1252;Erdbindung;Earthbind;Binderitual. Erstellt einen Geist der Stufe 1..14. Alle Gegner, die keine Geister sind, die in seiner Reichweite zu Boden geworfen werden, bleiben mindestens 3 Sekunden lang am Boden. Jedes Mal, wenn dies geschieht, verliert der Geist 50..25 Lebenspunkt[e]. Dieser Geist stirbt nach 15..45 Sekunde[n].;2;32;18;8;0;15;1;30;0;0;0;0;0;0;0;
1253;Blutgesang;Bloodsong;Binderitual. Erstellt einen Geist der Stufe 1..12, der nach 30..150 Sekunde[n] stirbt. Angriffe durch diesen Geist entziehen bis zu 5..25 Lebenspunkt[e];2;34;18;8;0;5;.75;30;0;0;0;0;0;0;0;
1255;Fernweh;Wanderlust;Elite-Binderitual. Erstellt einen Geist der Stufe 1..12. Jedes Mal, wenn ein Angriff dieses Geistes einen Gegner trifft, der sich nicht bewegt, wird dieser zu Boden geworfen und der Geist verliert 70..50 Lebenspunkt[e]. Dieser Geist stirbt nach 30..60 Sekunde[n].;2;32;18;8;0;10;1;45;0;0;1;0;0;0;0;
1257;Geisterlichtwaffe;Spirit Light Weapon;Elite-Waffenzauber. Während der nächsten 10 Sekunde[n] erhält der Verbündete (bzw. Ihr selbst) pro Sekunde 5..25 Lebenspunkt[e] sowie zusätzlich 5..25 Lebenspunkt[e] pro Sekunde, wenn dieser Verbündete sich in Hörweite eines Geistes befindet.;2;33;27;8;0;5;1;5;0;0;1;0;0;0;0;
1258;Grausame Waffe;Brutal Weapon;Waffenzauber. Gebt dem Verbündeten (bzw. Euch selbst) 10..40 Sekunde[n] lang eine Grausame Waffe. Solange der Träger mit keiner Verzauberung belegt ist, fügt die Waffe +5..15 Punkt[e] Schaden zu.;2;32;27;8;0;10;1;15;0;0;0;0;0;0;0;
1259;Gelenkte Waffe;Guided Weapon;Waffenzauber. 4..10 Sekunde[n] lang können die Angriffe des Verbündeten (bzw. Eure eigenen) nicht geblockt werden.;2;32;27;8;0;5;2;5;0;0;0;0;0;0;0;
1260;Sanftmut;Meekness;Verhexung. Während der nächsten 5..30 Sekunde[n] greifen der Gegner und alle Feinde in dem Bereich um 50% langsamer an.;3;7;24;4;0;15;1;20;0;17;0;0;0;0;0;
1261;Kalte Rüstung;Frigid Armor;Verzauberung. 10..25 Sekunde[n] lang habt Ihr +10..40 Rüstung gegen physischen Schaden und könnt nicht in Brand gesetzt werden.;3;11;23;6;0;5;1;20;0;0;0;0;0;0;0;
1262;Heilring;Healing Ring;Zauber. Heilt umstehende Kreaturen um 30..180 Lebenspunkt[e]. Der Wirker wird nicht geheilt.;3;13;22;3;0;5;1;10;0;0;0;0;0;0;0;
1263;Leben verlängern;Renew Life;Zauber. Belebt das berührte tote Gruppenmitglied mit 50% seiner Lebenspunkte und 5..20% seiner Energie wieder. Das Gruppenmitglied und alle Verbündeten in Hörweite werden um 55..130 Lebenspunkt[e] geheilt.;3;13;22;3;0;15;4;5;0;0;0;0;0;0;0;
1264;Untergang;Doom;Zauber. Der Gegner erleidet für jedes Binderitual, das Ihr habt und das wieder aufgeladen wird, 10..60 Punkt[e] Blitzschaden (maximal 135).;2;36;22;8;0;10;1;8;0;0;0;0;0;0;0;
1265;Segen des Ausübers;Wielder's Boon;Zauber. Heilt Verbündeten (bzw. Euch selbst) um 15..60 Punkt[e]. Wenn dieser Verbündete unter den Auswirkungen eines Waffenzaubers leidet, heilt ihn Segen des Ausübers zusätzlich für 15..75 Lebenspunkt[e].;2;33;22;8;0;5;.25;4;0;0;0;0;0;0;0;
1266;Beruhigung;Soothing;Binderitual. Erstellt einen Geist der Stufe 1..12. Alle Feinde in seiner Reichweite benötigen doppelt so lange, um Adrenalin aufzuladen. Dieser Geist stirbt nach 15..45 Sekunde[n].;2;32;18;8;0;15;1;45;0;0;0;0;0;0;0;
1267;Wesentliche Waffe;Vital Weapon;Waffenzauber. 5..30 Sekunde[n] lang hat der Verbündete (bzw. Ihr selbst) eine Wesentliche Waffe und +40..175 maximale Lebenspunkte.;2;32;27;8;0;5;1;2;0;0;0;0;0;0;0;
1268;Waffe der Beschleunigung;Weapon of Quickening;Elite-Waffenzauber. 5..25 Sekunde[n] lang hat der Verbündete (bzw. Ihr selbst) eine Waffe der Beschleunigung und Zauber und Binderituale werden um 33% schneller wieder aufgeladen.;2;32;27;8;0;5;1;5;0;0;1;0;0;0;0;
1269;Siegel der Wut;Signet of Rage;Siegel. Der Gegner erleidet 5..50 Punkt[e] heiligen Schaden und +5..10 Punkt[e] heiligen Schaden für jede Adrenalinfertigkeit des Gegners.;2;14;21;3;0;0;1;20;0;0;0;0;0;0;0;
1333;Zustände ausweiten;Extend Conditions;Elite-Zauber. Verteilt alle Zustände vom Gegner auf alle Feinde in der Nähe Eures Gegners. Die Dauer der Zustände ist um 5..100% verlängert (maximal 30 Sekunden).;3;3;22;5;0;5;.25;5;0;0;1;0;0;0;0;
1334;Hypochondrie;Hypochondria;Zauber. Alle Zustände von allen Gegnern im Bereich werden auf den Zielgegner übertragen.;3;-1;22;5;0;5;.25;7;0;0;0;0;0;0;0;
1335;Ableben des Verschwenders;Wastrel's Demise;Verhexung. 5 Sekunde[n] lang wird der Gegner mit Ableben des Verschwenders verhext. Jede Sekunde unter der Verhexung erleidet der Gegner und alle umstehenden Gegner 1..10 Punkte Schaden und zusätzlich für jede Sekunde der aktiven Zeit des Spruchs 1..10 Punkte Schaden. Diese Verhexung endet vorzeitig, wenn der Gegner eine Fertigkeit einsetzt.;3;2;24;5;0;5;.25;4;0;0;0;0;0;0;0;
1336;Geisterschmerz;Spiritual Pain;Zauber. Der Gegner erleidet 15..75 Punkt[e] Schaden. Alle gegnerischen herbeigerufenen Kreaturen im Bereich des Gegners erleiden 25..125 Punkt[e] Schaden.;3;2;22;5;0;5;1;7;0;0;0;0;0;0;0;
1337;Täuschungen entziehen;Drain Delusions;Zauber. Entfernt eine Mesmer-Verhexung vom Gegner. Wenn eine Verhexung auf diese Weise entfernt wurde, verliert der Gegner 1..5 Energiepunkt[e] und Ihr erhaltet für jeden verlorenen Punkt 4 Energiepunkt[e].;3;3;22;5;0;5;.25;12;0;0;0;0;0;0;0;
1338;Beharrliche Erinnerungen;Persistence of Memory;Verzauberung. Während der nächsten 5..20 Sekunde[n] wird jeder von Euch gewirkte Zauber, der unterbrochen wird, sofort wieder aufgeladen.;3;0;23;5;0;5;1;20;0;0;0;0;0;0;0;
1339;Symbole der Inspiration;Symbols of Inspiration;Elite-Fertigkeit. 6..40 Sekunden lang wird diese Fertigkeit zur Elite-Fertigkeit eines Zielgegners. Elite-Fertigkeiten, die Ihr wirkt, verwenden Euer Wirken-Attribut anstelle ihrer eigentlichen Attribute.;3;0;1;5;0;5;1;10;0;0;1;0;0;0;0;
1340;Symbolische Schnelligkeit;Symbolic Celerity;Verzauberung. 36..60 Sekunde[n] lang verwenden alle Eure Siegel Euer Attribut "Schnellwirkung" statt der normalen Attribute.;3;0;23;5;0;15;1;30;0;0;0;0;0;0;0;
1341;Frustration;Frustration;Verhexung. Während der nächsten 5..20 Sekunde[n] wirkt der Gegner seine Zauber um 50% langsamer und erleidet jedes Mal, wenn er unterbrochen wird, 5..50 Punkt[e] Schaden. Wird eine Fertigkeit unterbrochen, richtet Frustration doppelten Schaden an.;3;1;24;5;0;10;1;7;0;0;0;0;0;0;0;
1342;Reizen;Tease;Elite-Zauber. Falls der Gegner eine Fertigkeit verwendet, werden er selbst sowie alle Gegner im Bereich unterbrochen und Ihr entzieht allen unterbrochenen Gegnern im Bereich 0..5 Energiepunkt[e].;3;3;22;5;0;5;.25;15;0;0;1;0;0;0;0;
1343;Äther-Phantom;Ether Phantom;Verhexung. 10 Sekunden lang unterliegt der Gegner einer Energiedegeneration von -1. Wenn diese Verhexung vorzeitig entfernt wird, verliert dieser Gegner 1..5 Energiepunkt[e].;3;3;24;5;0;5;1;10;0;0;0;0;0;0;0;
1344;Netz der Störung;Web of Disruption;Verhexung. Unterbrecht den Gegner. 10 Sekunde[n] lang ist der Gegner mit Netz der Störung verhext. Wenn diese Verhexung endet, wird der Gegner wieder unterbrochen.;3;-1;24;5;0;5;.25;15;0;0;0;0;0;0;0;
1345;Rätsel des Verzauberers;Enchanter's Conundrum;Elite-Verhexung. Für 10 Sekunden wirkt der anvisierte Gegner Verzauberungen um 100..200 % langsamer. Steht der anvisierte Gegner nicht unter dem Einfluss einer Verzauberung, wenn ihm diese Verhexung zugefügt wird, nimmt er 10..100 Schaden, und alle benachbarten Gegner erleiden 75 % dieses Schadens.;3;2;24;5;0;10;2;10;0;0;1;0;0;0;0;
1346;Siegel der Illusionen;Signet of Illusions;Elite-Siegel. Eure nächsten 1..3 Nicht-Illusionszauber verwenden Euer Illusions-Attribut anstelle seiner normalen Attribute.;3;1;21;5;0;0;2;5;0;0;1;0;0;0;0;
1347;Verzauberung entlassen;Discharge Enchantment;Zauber. Entfernt eine Verzauberung vom Gegner. Wenn der Gegner verhext ist, wird diese Fertigkeit um 20..50% schneller wieder aufgeladen.;3;3;22;5;0;10;1;15;0;0;0;0;0;0;0;
1348;Verhexungsfresser-Strudel;Hex Eater Vortex;Elite-Zauber. Entfernt eine Verhexung vom anvisierten Verbündeten. Gleichzeitig erleiden Gegner in Reichweite des Verbündeten 30..90 Schaden und verlieren eine Verzauberung.;3;2;22;5;0;5;.25;15;0;0;1;0;0;0;0;
1349;Spiegel der Entzauberung;Mirror of Disenchantment;Zauber. Entfernt eine Verzauberung vom Gegner. Alle Mitglieder in der Gruppe dieses Gegner verlieren ebenfalls eine Verzauberung.;3;-1;22;5;0;5;1;15;0;0;0;0;0;0;0;
1350;Simpler Diebstahl;Simple Thievery;Elite-Zauber. Unterbricht die Aktion des Gegners. Falls diese Aktion eine Fertigkeit war, wird diese 5..20 Sekunde[n] lang deaktiviert und Simpler Diebstahl durch die Fertigkeit ersetzt.;3;2;22;5;0;10;.25;10;0;0;1;0;0;0;0;
1351;Schlurfschreck beleben;Animate Shambling Horror;Zauber. Der nächste Kadaver wird als Schlurfschreck der Stufe 1..17 belebt. Wenn der Schlurfschreck stirbt, wird er durch einen Splitterschreck der Stufe 0..15 ersetzt, der bei jedem seiner Angriffe eine Blutung hervorruft.;3;5;22;4;0;10;1;25;0;0;0;0;0;0;0;
1352;Orden der Untoten;Order of Undeath;Elite-Zauber. 5 Sekunde[n] lang richten Eure Diener +3..16 Punkt[e] Schaden an, Ihr verliert jedoch jedes Mal, wenn einer Eurer Diener einen erfolgreichen Angriff durchführt, 2% Eurer maximalen Lebenspunkte.;3;5;22;4;0;10;1;5;0;0;1;0;0;0;0;
1353;Verwesendes Fleisch;Putrid Flesh;Zauber. Vernichtet einen Eurer anvisierten belebten untoten Diener. Alle Feinde in der Nähe dieser Kreatur erkranken 5..15 Sekunde[n] lang.;3;5;22;4;0;10;.25;0;0;0;0;0;0;0;0;
1354;Fest für die Toten;Feast for the Dead;Zauber. Vernichtet den anvisierten belebten untoten Verbündeten. Alle Eure anderen belebten untoten Verbündeten werden um 10..100 Lebenspunkt[e] geheilt.;3;5;22;4;0;5;.25;10;0;0;0;0;0;0;0;
1355;Versplitterte Knochen;Jagged Bones;Elite-Verzauberung. 60 Sekunde[n] lang wird jedes Mal, wenn der von Euch anvisierte untote Diener stirbt, dieser durch einen Splitterschreck der Stufe 0..15 ersetzt, der bei jedem seiner Angriffe eine Blutung hervorruft.;3;5;23;4;0;5;1;10;0;0;1;0;0;0;0;
1356;Erkrankung;Contagion;Elite-Verzauberung. 60 Sekunde[n] lang leiden jedes Mal, wenn Ihr unter einem neuen Zustand leidet, alle Gegner in dem Bereich unter demselben Zustand und Ihr opfert 10..5% maximale Lebenspunkte.;3;5;23;4;0;5;1;10;0;0;1;0;0;0;0;
1358;Geschwürige Lungen;Ulcerous Lungs;Verhexung. 10..30 Sekunde[n] lang unterliegen der Gegner und alle in der Nähe befindlichen Feinde einer Lebenspunktdegeneration von -4, wenn sie bluten und erleiden jedes Mal, wenn sie einen Schrei oder Anfeuerungsruf anwenden, 5..20 Sekunde[n] lang eine Blutung.;3;7;24;4;0;10;1;10;0;0;0;0;0;0;0;
1359;Schmerz der Entzauberung;Pain of Disenchantment;Elite-Zauber. Der Gegner verliert 1..3 Verzauberung[en]. Wenn eine Verzauberung auf diese Art entfernt wird, verlieren der Gegner und alle umstehenden Feinde 10..100 Lebenspunkt[e].;3;7;22;4;0;10;1;15;0;0;1;0;0;0;0;
1360;Zeichen der Wut;Mark of Fury;Verhexung. 5 Sekunde[n] lang erhalten Verbündete, die den Gegner treffen, 0..2 Adrenalinstöße. Wenn diese Verhexung endet, leidet der Gegner 1..15 Sekunde[n] lang an Beschädigter Rüstung.;3;4;24;4;0;5;.75;10;0;0;0;0;0;0;0;
1362;Verzauberung verderben;Corrupt Enchantment;Elite-Verhexung. Entfernt eine Verzauberung vom Gegner. Beim Entfernen einer Verzauberung auf diese Weise erleidet der Gegner 10 Sekunden lang eine Lebenspunktdegeneration von -1..8.;3;7;24;4;0;5;.75;5;0;0;1;0;0;0;0;
1363;Siegel des Kummers;Signet of Sorrow;Siegel. Der Gegner erleidet 15..75 Punkt[e] Schaden. Wenn dieser Gegner sich in der Nähe eines Kadavers befindet oder einen toten Tiergefährten hat, wird diese Fertigkeit sofort wieder aufgeladen.;3;6;21;4;0;0;1;30;0;0;0;0;0;0;0;
1364;Siegel des Leidens;Signet of Suffering;Elite-Siegel. Ihr leidet 6 Sekunde[n] lang unter einer Blutung. Die nächste Nekromanten-Fertigkeit, die einen Gegner trifft, verursacht 2..16 Sekunde[n] lang eine Blutung.;3;4;21;4;0;0;0;4;0;0;1;0;0;0;0;
1365;Siegel der verlorenen Seelen;Signet of Lost Souls;Siegel. Wenn die Lebenspunkte des Gegners unter 50% liegen, erhaltet Ihr 10..100 Lebenspunkt[e] und 1..10 Energiepunkt[e].;3;6;21;4;0;0;.25;8;0;0;0;0;0;0;0;
1366;Brunnen der Dunkelheit;Well of Darkness;Brunnenzauber. Nutzt die nächstbeste Leiche oder opfert 66 % Eurer Lebenspunkte, um für 5..50 Sekunden einen Brunnen der Dunkelheit zu erzeugen. Verhexte Gegner innerhalb des Brunnens verfehlen 50 % der Zeit ihr Ziel.;3;7;28;4;0;10;1;20;0;0;0;0;0;0;0;
1367;Blendende Welle;Blinding Surge;Elite-Zauber. Der Gegner erleidet 5..50 Punkt[e] Blitzschaden. Der Gegner und alle umstehenden Feinde werden 3..8 Sekunde[n] lang geblendet. Dieser Zauber hat eine Rüstungsdurchdringung von 25%. Wenn dieser Zauber einen angreifenden Gegner trifft, werden alle umstehenden Feinde ebenfalls getroffen und dieser Zauber richtet 50% mehr Schaden an.;3;8;22;6;0;10;.75;6;0;0;1;0;0;0;0;
1368;Kühle Winde;Chilling Winds;Verhexung. Der anvisierte Gegner erleidet gemeinsam mit allen umstehenden Feinden 30..60 Punkte Kälteschaden. Für 10 Sekunden hält die nächste auf den verhexten Gegner gerichtete Wassermagie-Verhexung um 25..100% länger an.;3;8;24;6;0;5;1;8;0;0;0;0;0;0;0;
1369;Blitzstrahl;Lightning Bolt;Zauber. Sendet einen Blitzstrahl aus, der, falls er trifft, 5..50 Punkt[e] Blitzschaden zufügt. Falls Blitzstrahl einen angreifenden Gegner trifft, erleidet dieser 5..50 Punkt[e] zusätzlichen Blitzschaden. Dieser Zauber hat eine Rüstungsdurchdringung von 25%.;3;8;22;6;0;5;1;8;0;0;0;0;0;0;0;
1370;Eile des Sturm-Dschinn;Storm Djinn's Haste;Verzauberung. 10..25 Sekunde[n] lang bewegt Ihr Euch um 25% schneller. Ihr verliert pro Sekunde, die Ihr Euch bewegt, 1 Energiepunkt[e].;3;8;23;6;0;5;.25;10;0;0;0;0;0;0;0;
1371;Steinschläger;Stone Striker;Verzauberung. Während der nächsten 5..30 Sekunde[n] wird jeder Elementar- oder physische Schaden, den Ihr nehmt oder zufügt, in Erdschaden umgewandelt.;3;9;23;6;0;5;.25;20;0;0;0;0;0;0;0;
1372;Sandsturm;Sandstorm;Elite-Zauber. An der Position des Gegners wird ein Sandsturm erzeugt. In den nächsten 10 Sekunde[n] werden Gegner in der Nähe mit 20..40 Punkt[en] Erdschaden pro Sekunde getroffen. Angreifende Feinde werden pro Sekunde zusätzlich mit 10..30 Punkt[en] Erdschaden getroffen.;3;9;22;6;0;15;2;20;0;0;1;0;0;0;0;
1373;Steinmantel;Stone Sheath;Elite-Verzauberung. 5..20 Sekunde[n] lang habt Ihr und ein Verbündeter +1..30 Rüstung und seid gegen kritische Treffer immun. Wenn Ihr diesen Zauber wirkt, erleiden alle Feinde in Eurer Nähe und in der Nähe Eures Ziels 15..70 Punkt[e] Erdschaden und sind 5..20 Sekunde[n] lang geschwächt.;3;9;23;6;0;10;1;15;0;0;1;0;0;0;0;
1374;Ebonfalke;Ebon Hawk;Zauber. Sendet ein Geschoss aus, das dem Gegner 10..85 Punkt[e] Erdschaden zufügt und 5..15 Sekunde[n] lang Schwäche verursacht, wenn es trifft.;3;9;22;6;0;10;1;5;0;0;0;0;0;0;0;
1375;Steinfleisch-Aura;Stoneflesh Aura;Verzauberung. 5..15 Sekunde[n] lang wird der Schaden, den Ihr erleidet um 1..31 Punkt[e] reduziert und Ihr seid immun gegen kritische Angriffe.;3;9;23;6;0;10;2;15;0;0;0;0;0;0;0;
1376;Glyphe der Wiederherstellung;Glyph of Restoration;Glyphe. 15 Sekunden lang heilen Euch Eure nächsten 2 Zauber um 30..105 Lebenspunkt[e] und Ihr erfahrt Heilung in Höhe von 150..400% der Energiekosten dieser Zauber.;3;12;16;6;0;5;1;8;0;0;0;0;0;0;0;
1377;Ätherprisma;Ether Prism;Elite-Fertigkeit. 3 Sekunde[n] lang wird der Schaden, den Ihr erleidet, um 75% reduziert. Wenn Ätherprisma endet, erhaltet Ihr 5..20 Energiepunkt[e].;3;12;1;6;0;5;0;20;0;0;1;0;0;0;0;
1378;Meister der Magie;Master of Magic;Elite-Verzauberung. 1..61 Sekunden lang werden alle Eure Elementarattribute auf 8..14 gesetzt, und Eure Elementarzauber geben 1 Energie plus 30 % ihrer Kosten zurück.;3;12;23;6;0;5;1;10;0;0;1;0;0;0;0;
1379;Glühender Blick;Glowing Gaze;Zauber. Der Gegner erleidet 5..50 Punkt[e] Feuerschaden. Wenn er in Flammen steht, erhaltet Ihr 5 Energiepunkt[e] sowie 1 Energiepunkt pro 2 Ränge in Energiespeicherung.;3;10;22;6;0;5;1;8;0;0;0;0;0;0;0;
1380;Hitze der Savanne;Savannah Heat;Elite-Zauber. An der Position des Gegners wird Hitze der Savanne erzeugt. In den nächsten 5 Sekunde[n] erleiden alle Gegner in der Nähe 5..20 Punkt[e] Feuerschaden pro Sekunde der Wirkzeit des Zaubers.;3;10;22;6;0;5;2;25;0;0;1;0;0;0;0;
1381;Eile des Flammen-Dschinn;Flame Djinn's Haste;Verzauberung. Alle umstehenden Feinde erleiden 15..120 Punkt[e] Feuerschaden. Ihr bewegt Euch 8..14 Sekunde[n] lang um 25% schneller. Eile des Flammen-Dschinn wird um 50% schneller wieder aufgeladen, wenn ein Gegner von einem Zauber getroffen wird.;3;10;23;6;0;10;.75;20;0;0;0;0;0;0;0;
1382;Gefrierende Böe;Freezing Gust;Verhexung. Wenn der Gegner an den Auswirkungen einer Wassermagie-Verhexung leidet, erleidet er 20..80 Punkt[e] Kälteschaden. Ansonsten bewegt er sich 1..5 Sekunde[n] lang um 66% langsamer.;3;11;24;6;0;10;1;8;0;0;0;0;0;0;0;
1390;Intervention des Richters;Judge's Intervention;Verzauberung. 10 Sekunden lang wird das nächste Mal, wenn der Verbündete (oder Ihr selbst) Schaden erleidet, der tödlich wäre, dieser Schaden aufgehoben und ein Feind in der Nähe erleidet 30..180 Punkt[e] heiligen Schaden.;3;14;23;3;0;5;.25;8;0;0;0;0;0;0;0;
1391;Unterstützender Geist;Supportive Spirit;Verzauberung. 5..23 Sekunde[n] lang wird der Verbündete (bzw. Ihr selbst) jedes Mal, wenn er Schaden erleidet, während er am Boden liegt, um 5..50 Lebenspunkt[e] geheilt.;3;13;23;3;0;10;.75;8;0;0;0;0;0;0;0;
1392;Wachsame Heilung;Watchful Healing;Verzauberung. 10 Sekunden lang erhält der Verbündete (bzw. Ihr selbst) eine Lebenspunktregeneration von +1..4. Wenn diese Fertigkeit vorzeitig endet, erhält dieser Verbündete 30..120 Lebenspunkt[e].;3;16;23;3;0;5;1;10;0;0;0;0;0;0;0;
1393;Segen des Heilers;Healer's Boon;Elite-Verzauberung. 10..55 Sekunde[n] lang werden Heilgebet-Zauber um 50% schneller gewirkt und heilen um 50% mehr Lebenspunkte.;3;16;23;3;0;5;.25;10;0;0;1;0;0;0;0;
1394;Verpflichtung des Heilers;Healer's Covenant;Elite-Verzauberung. Während Ihr diese Verzauberung aufrechterhaltet, heilen Eure Heilgebet-Zauber um 20% weniger Lebenspunkte, kosten dafür aber -1..4 Energiepunkt[e].;3;13;23;3;-1;5;.25;5;0;0;1;0;0;0;0;
1395;Balthasars Pendel;Balthazar's Pendulum;Elite-Verzauberung. 5..25 Sekunde[n] lang wird das nächste Mal, wenn der Verbündete (bzw. Ihr selbst) durch einen Gegner zu Boden geworfen würde, stattdessen dieser Gegner zu Boden geworfen.;3;14;23;3;0;5;.25;5;0;0;1;0;0;0;0;
1396;Tröstende Worte;Words of Comfort;Zauber. Der Verbündete wird um 20..65 Lebenspunkt[e] geheilt und zusätzlich um 20..50 Lebenspunkt[e], wenn er unter einem Zustand leidet.;3;13;22;3;0;5;1;4;0;0;0;0;0;0;0;
1397;Licht der Erlösung;Light of Deliverance;Elite-Zauber. Alle Gruppenmitglieder werden um 5..70 Lebenspunkt[e] geheilt.;3;13;22;3;0;5;1;6;0;0;1;0;0;0;0;
1398;Geißelverzauberung;Scourge Enchantment;Verhexung. 30 Sekunde[n] lang erleidet der Wirker dieser Verzauberung jedes Mal, wenn der Gegner Ziel einer Verzauberung ist, 15..75 Punkt[e] Schaden.;3;14;24;3;0;10;1.5;5;0;0;0;0;0;0;0;
1399;Schild der Absorption;Shield of Absorption;Verzauberung. 3..7 Sekunde[n] lang ist Schaden, den der Verbündete (bzw. Ihr selbst) erleidet, für jeden Treffer, den dieser Verbündete erleidet, während er unter dieser Verzauberung steht, um 5 Punkt[e] reduziert.;3;15;23;3;0;5;1;10;0;0;0;0;0;0;0;
1400;Umkehrung des Schadens;Reversal of Damage;Verzauberung. 8 Sekunden lang erleidet das nächste Mal, wenn der Verbündete (bzw. Ihr selbst) Schaden erleiden würde, der Feind, der den Schaden zufügt, ihn stattdessen selbst (maximal 5..75 Punkt[e].;3;14;23;3;0;5;.25;3;0;0;0;0;0;0;0;
1401;Genesungsberührung;Mending Touch;Zauber. Der berührte Verbündete verliert zwei Zustände und wird für jeden Zustand, der auf diese Weise entfernt wird, um 15..60 Lebenspunkt[e] geheilt.;3;15;22;3;0;5;.75;6;0;0;0;0;0;0;0;
1402;Kritischer Hieb;Critical Chop;Axtangriff. Wenn dieser Angriff erfolgreich ist, fügt Ihr +5..20 Punkt[e] Schaden zu. Wenn dieser Angriff zu einen kritischen Treffer führt, wird der Gegner unterbrochen.;3;18;4;1;0;5;1;15;0;0;0;0;0;0;0;
1403;Qualvoller Hieb;Agonizing Chop;Axtangriff. Wenn dieser Angriff erfolgreich ist, fügt Ihr +5..20 Punkt[e] Schaden zu. Wenn Euer Gegner an einer Tiefen Wunde leidet, unterbrecht Ihr seine Aktion.;3;18;4;1;0;0;1;0;6;0;0;0;0;0;0;
1404;Dreschen;Flail;Haltung. 1..15 Sekunde[n] lang greift Ihr um 33% schneller an, bewegt Euch aber um 33% langsamer.;3;17;29;1;0;0;0;0;4;0;0;0;0;0;0;
1405;Angreifender Schlag;Charging Strike;Elite-Haltung. 1..10 Sekunde[n] lang lauft Ihr um 33% schneller. Euer nächster erfolgreicher Nahkampftreffer fügt +10..90 Punkt[e] Schaden zu und diese Haltung endet. Diese Haltung endet, wenn Ihr eine Fertigkeit verwendet.;3;17;29;1;0;5;0;5;0;0;1;0;0;0;0;
1406;Kopfstoß;Headbutt;Elite-Fertigkeit. Der berührte Gegner erleidet 40..100 Punkt[e] Schaden. Ihr leidet 10 Sekunde[n] lang unter Benommenheit.;3;17;1;1;0;10;.75;10;0;0;1;0;0;0;0;
1407;Trost des Löwen;Lion's Comfort;Fertigkeit. Alle Eure Siegel werden 12 Sekunden lang deaktiviert. Ihr werdet um 50..110 Lebenspunkt[e] geheilt und erhaltet 0..3 Adrenalinstöße.;3;17;1;1;0;0;1;1;3.2;0;0;0;0;0;0;
1408;Wut des Ntouka;Rage of the Ntouka;Elite-Fertigkeit. Erhaltet 1..7 Adrenalinstöße. Während der nächsten 8 Sekunde[n] wird jedes Mal, wenn Ihr eine Adrenalinfertigkeit verwendet, diese 3 Sekunde[n] lang wieder aufgeladen.;3;17;1;1;0;5;0;15;0;0;1;0;0;0;0;
1409;Mokele-Schlag;Mokele Smash;Hammerangriff. Wenn dieser Angriff erfolgreich ist, fügt Ihr +5..20 Punkt[e] Schaden zu und erhaltet 2 Adrenalinstöße.;3;19;8;1;0;5;0;12;0;0;0;0;0;0;0;
1410;Anmaßender Schlag;Overbearing Smash;Hammerangriff. Wenn dieser Angriff erfolgreich ist, verursacht Ihr +1..20 Punkt[e] Schaden. Wenn der Gegner zu Boden geworfen wird, leidet er 1..8 Sekunde[n] lang an Benommenheit.;3;19;8;1;0;5;0;20;0;0;0;0;0;0;0;
1411;Siegel der Ausdauer;Signet of Stamina;Siegel. Ihr verfügt über +50..300 Lebenspunkt[e]. Dieses Siegel endet, wenn Ihr einen erfolgreichen Angriff durchführt.;3;17;21;1;0;0;.25;20;0;0;0;0;0;0;0;
1412;"Ihr seid ganz allein!";"You're All Alone!";Elite-Schrei. Wenn sich der Gegner nicht in der Nähe eines Verbündeten befindet, leidet er 8 Sekunde[n] lang an einer Verkrüppelung und an Schwäche.;3;-1;20;1;0;5;0;10;0;0;1;0;0;0;0;
1413;Aggressiver Ausbruch;Burst of Aggression;Haltung. 2..10 Sekunde[n] lang greift Ihr um 33% schneller an. Wenn diese Haltung endet, verliert Ihr Euer gesamtes Adrenalin.;3;17;29;1;0;5;0;12;0;0;0;0;0;0;0;
1414;Wütender Angriff;Enraging Charge;Haltung. 5..15 Sekunde[n] lang bewegt Ihr Euch um 25% schneller. Wütender Angriff endet, wenn Ihr ein Ziel erfolgreich trefft. Dabei erhaltet Ihr 0..3 Adrenalinstöße, sofern Ihr mit einem Nahkampfangriff trefft.;3;17;29;1;0;5;0;20;0;0;0;0;0;0;0;
1415;Verkrüppelnder Hieb;Crippling Slash;Elite-Schwertangriff. Wenn dieser Angriff erfolgreich ist, wird der Gegner 5..15 Sekunde[n] lang verkrüppelt und leidet 10..25 Sekunde[n] lang an einer Blutung.;3;20;10;1;0;0;0;0;5;0;1;0;0;0;0;
1416;Barbarischer Schnitt;Barbarous Slice;Schwertangriff. Wenn dieser Angriff erfolgreich ist, fügt Ihr +5..30 Punkt[e] Schaden zu. Wenn Ihr gegenwärtig keine Haltung einnehmt, fügt Ihr auch 5..15 Sekunde[n] lang eine Blutung zu.;3;20;10;1;0;0;0;0;6;0;0;0;0;0;0;
1465;Vorbereiteter Schuss;Prepared Shot;Elite-Bogenangriff. Wenn dieser Angriff erfolgreich ist, fügt Ihr +10..25 Punkt[e] Schaden zu. Wenn Ihr unter den Auswirkungen einer Vorbereitung steht, erhaltet Ihr 1..9 Energiepunkt[e].;3;25;2;2;0;5;0;6;0;0;1;0;0;0;0;
1466;Brennender Pfeil;Burning Arrow;Elite-Bogenangriff. Wenn dieser Angriff erfolgreich ist, fügt Ihr +10..30 Punkt[e] Schaden zu und verursacht 2..8 Sekunde[n] lang Brennen.;3;25;2;2;0;10;0;5;0;0;1;0;0;0;0;
1467;Bogenschuss;Arcing Shot;Bogenangriff. Wenn dieser Pfeil trifft, fügt er +10..35 Punkt[e] Schaden zu. Dieser Pfeil kann nicht geblockt werden, doch er bewegt sich um 50% langsamer.;3;25;2;2;0;5;0;3;0;0;0;0;0;0;0;
1468;Gemeinsam zuschlagen;Strike as One;Elite-Schrei. Euer Tiergefährte bewegt sich sofort zu Eurem Ziel hin und verursacht 5..15 Sekunde[n] lang mit seinem nächsten Angriff eine Blutung. Wenn Ihr das nächste Mal mit einem Eurer Angriffe trefft, wird der Gegner 5..15 Sekunde[n] lang verkrüppelt.;3;22;20;2;0;5;0;10;0;0;1;0;0;0;0;
1469;Kreuzfeuer;Crossfire;Bogenangriff. Wenn dieser Angriff den Gegner trifft, fügt er +5..20 Punkt[e] Schaden zu. Wenn dieser Gegner sich in der Nähe Eurer Verbündeten befindet, kann dieser Angriff nicht geblockt werden.;3;25;2;2;0;5;0;4;0;0;0;0;0;0;0;
1470;Stachelpfeile;Barbed Arrows;Vorbereitung. 24 Sekunde[n] lang führen Eure Pfeile zu einer Blutung, die 3..15 Sekunde[n] lang anhält. Beim Aktivieren dieser Fertigkeit habt Ihr -40 Rüstung.;3;24;17;2;0;10;2;12;0;0;0;0;0;0;0;
1471;Fokus des Plünderers;Scavenger's Focus;Elite-Fertigkeit. 10 Sekunde[n] lang erhaltet Ihr jedes Mal, wenn Ihr einen Feind trefft, der an einem Zustand leidet, 3..12 Energiepunkt[e].;3;24;1;2;0;5;0;12;0;0;1;0;0;0;0;
1472;Giftigkeit;Toxicity;Naturritual. Erstellt einen Geist der Stufe 1..10. Vergiftete oder erkrankte Kreaturen in seiner Reichweite erleiden eine Lebenspunktdegeneration von -2. Dieser Geist stirbt nach 30..180 Sekunde[n].;3;22;19;2;0;15;2;60;0;0;0;0;0;0;0;
1473;Treibsand;Quicksand;Elite-Naturritual. Erstellt einen Geist der Stufe 1..10. Alle Kreaturen in seiner Reichweite, die keine Geister sind, verlieren jedes Mal, wenn sie angreifen oder eine Fertigkeit verwenden, 1 Energiepunkt. Dieser Geist stirbt nach 30..180 Sekunde[n].;3;24;19;2;0;10;2;30;0;0;1;0;0;0;0;
1474;Umarmung des Sturms;Storm's Embrace;Haltung. 10 Sekunden lang bewegt Ihr Euch um 25% schneller. Diese Haltung wird jedes Mal, wenn Ihr Elementarschaden erleidet, erneuert.;3;-1;29;2;0;5;0;30;0;0;0;0;0;0;0;
1475;Geschwindigkeit des Fallenstellers;Trapper's Speed;Haltung. 5..30 Sekunde[n] lang werden Eure Fallen um 25% schneller aufgeladen und um 25% schneller aktiviert. Diese Haltung endet, wenn einer Eurer Angriffe trifft.;3;23;29;2;0;5;0;20;0;0;0;0;0;0;0;
1476;Stolperdraht;Tripwire;Falle. Wird Stolperdraht aktiviert, erleiden alle Feinde in der Nähe 5..20 Punkt[e] Stichschaden. Alle verkrüppelten Feinde werden zu Boden geworfen. Stolperdraht endet nach 90 Sekunden. Bei der Aktivierung dieser Fertigkeit könnt Ihr leicht unterbrochen werden.;3;24;30;2;0;10;2;30;0;0;0;0;0;0;0;
1478;Erneuernde Welle;Renewing Surge;Verhexung. 8 Sekunde[n] lang erleidet der Gegner 2..12 Punkt[e] Schaden pro Sekunde. Wenn diese Verhexung endet, erhaltet Ihr 1..8 Energiepunkt[e].;3;34;24;8;0;5;1;15;0;0;0;0;0;0;0;
1479;Opfer des Geistes;Offering of Spirit;Elite-Zauber. Erhaltet 8..17 Energiepunkt[e]. Wenn sich Geister in Hörweite befinden, opfert Ihr keine Lebenspunkte.;3;34;22;8;0;3;.25;15;0;17;1;0;0;0;0;
1480;Geschenk des Geistes;Spirit's Gift;Verzauberung. Jedes Mal, wenn Ihr während der nächsten 60 Sekunde[n] eine Kreatur erschafft, erhalten alle Verbündeten in der Nähe dieser Kreatur 5..50 Lebenspunkt[e] und verlieren 1 Zustand.;3;36;23;8;0;10;1;45;0;0;0;0;0;0;0;
1481;Todespakt-Siegel;Death Pact Signet;Siegel. Belebt das Gruppenmitglied mit Euren aktuellen Lebenspunkten und 15..100% maximaler Energie wieder. Wenn dieser Verbündete das nächste Mal innerhalb von 120 Sekunde[n] stirbt, sterbt Ihr auch.;3;33;21;8;0;0;3;12;0;0;0;0;0;0;0;
1482;Essenz zurückfordern;Reclaim Essence;Elite-Zauber. All Eure Geister sterben. Ihr erhaltet 5..20 Energiepunkt[e] und all Eure Binderituale werden wieder aufgeladen, wenn ein Geist auf diese Weise stirbt.;3;36;22;8;0;5;1;30;0;0;1;0;0;0;0;
1483;Bannstoß;Banishing Strike;Nahkampfangriff. Wenn der Angriff erfolgreich ist, fügt er 10..60 Punkt[e] heiligen Schaden zu. Fügt herbeigerufenen Kreaturen doppelten Schaden zu.;3;44;3;10;0;5;1;3;0;0;0;0;0;0;0;
1484;Mystischer Schwung;Mystic Sweep;Nahkampfangriff. Wenn dieser Angriff erfolgreich ist, verursacht Ihr +3..12 Punkt[e] Schaden. Wenn Ihr verzaubert seid, fügt dieser Angriff zusätzlich +3..12 Punkt[e] Schaden zu.;3;44;3;10;0;5;1;6;0;0;0;0;0;0;0;
1485;Angriff des Eremiten;Eremite's Attack;Sensenangriff. Wenn der Angriff erfolgreich ist, fügt er +1..10 Punkt[e] Schaden zu und entfernt eine Derwisch-Verzauberung. Wenn eine Verzauberung entfernt wird, fügt Ihr zusätzlich +1..10 Punkt[e] Schaden zu und trefft alle umstehenden Feinde.;3;41;9;10;0;5;0;6;0;0;0;0;0;0;0;
1486;Unreinheiten ausnutzen;Reap Impurities;Nahkampfangriff. Wenn dieser Angriff erfolgreich ist, verursacht Ihr +3..15 Punkt[e] Schaden. Jeder getroffene Feind verliert 1 Zustand. Für jeden Feind, der einen Zustand verliert, erleiden alle in der Nähe des Gegners befindlichen Feinde 10..40 Punkt[e] heiligen Schaden.;3;41;3;10;0;0;0;0;4.8;0;0;0;0;0;0;
1487;Doppelter Mondschwung;Twin Moon Sweep;Nahkampfangriff. Ihr verliert 1 Derwisch-Verzauberung und erhaltet 10..50 Lebenspunkt[e]. Wenn eine Verzauberung auf diese Weise entfernt wird, könnt Ihr nicht geblockt werden, trefft zweimal und erhaltet zusätzlich 10..70 Lebenspunkt[e].;3;41;3;10;0;0;0;0;6.4;0;0;0;0;0;0;
1488;Siegreicher Schwung;Victorious Sweep;Nahkampfangriff. Wenn dieser Angriff erfolgreich ist, verursacht Ihr +5..25 Punkt[e] Schaden. Wenn der Gegner weniger Lebenspunkte hat als Ihr, erhaltet Ihr 30..80 Lebenspunkt[e].;3;41;3;10;0;5;0;4;0;0;0;0;0;0;0;
1489;Unwiderstehlicher Schwung;Irresistible Sweep;Sensenangriff. Richtet +3..15 Punkt[e] Schaden an und verliert 1 Derwisch-Verzauberung. Wenn Ihr eine Verzauberung auf diese Weise verliert, kann Unwiderstehlicher Schwung nicht geblockt werden, eine Haltung wird entfernt und der Angriff richtet zusätzlich +3..15 Punkt[e] Schaden an.;3;41;9;10;0;5;0;6;0;0;0;0;0;0;0;
1490;Frommer Angriff;Pious Assault;Nahkampfangriff. Wenn der Angriff erfolgreich ist, fügt er +10..20 Punkt[e] Schaden zu und entfernt 1 Derwisch-Verzauberung. Wenn eine Derwisch-Verzauberung entfernt wurde, lädt diese Fertigkeit 75% schneller wieder auf und alle umstehenden Feinde erleiden 15..40 Punkt[e] Schaden,;3;41;3;10;0;5;0;12;0;0;0;0;0;0;0;
1491;Mystischer Wirbelsturm;Mystic Twister;Zauber. Richtet bei allen Feinden in der Nähe 10..60 Punkt[e] Kälteschaden an. Wenn Ihr verzaubert seid, verursacht dieser Zauber zusätzlich 10..60 Punkt[e] Kälteschaden.;3;42;22;10;0;0;.5;4;4.8;0;0;0;0;0;0;
1493;Grenths Finger;Grenth's Fingers;Blitzverzauberung. Alle in der Nähe befindlichen Feinde erleiden 10..40 Punkt[e] Kälteschaden. 30 Sekunde[n] lang fügen Eure Angriffe Kälteschaden zu. Wenn diese Verzauberung endet, übertragt Ihr 1..2 Zustände an alle umstehenden Feinde.;3;42;33;10;0;5;0;10;0;0;0;0;0;0;0;
1495;Dornenaura;Aura of Thorns;Blitzverzauberung. Alle Feinde in der Nähe leiden 5..15 Sekunde[n] an einer Blutung. 30 Sekunde[n] lang bewirkt diese Verzauberung nichts. Wenn diese Verzauberung endet, werden alle in der Nähe befindliche Feinde 3..8 Sekunde[n] lang verkrüppelt.;3;43;33;10;0;5;0;10;0;0;0;0;0;0;0;
1496;Balthasars Wut;Balthazar's Rage;Blitzverzauberung. Alle in der Nähe befindliche Feinde werden 1..3 Sekunde[n] lang in Brand gesetzt. 20 Sekunde[n] danach bewirkt diese Verzauberung nichts Wenn diese Verzauberung endet, erhaltet Ihr 1..2 Adrenalinstöße, wenn sich Feinde in Hörweite befinden.;3;44;33;10;0;10;0;10;0;0;0;0;0;0;0;
1497;Staubdecke;Dust Cloak;Blitzverzauberung. Alle in der Nähe befindlichen Feinde erleiden 10..40 Punkt[e] Erdschaden. 30 Sekunde[n] lang fügen Eure Angriffe Erdschaden zu. Wenn diese Verzauberung endet, werden alle in der Nähe befindliche Feinde 1..4 Sekunde[n] lang geblendet.;3;43;33;10;0;10;0;6;0;0;0;0;0;0;0;
1498;Umwerfende Gewalt;Staggering Force;Blitzverzauberung. Alle in der Nähe befindlichen Feinde erleiden 10..40 Punkt[e] Erdschaden. 30 Sekunde[n] lang fügen Eure Angriffe Erdschaden zu. Wenn diese Verzauberung endet, leiden alle in der Nähe befindlichen Feinde 1..10 Sekunde[n] unter "Beschädigte Rüstung".;3;43;33;10;0;10;0;6;0;0;0;0;0;0;0;
1499;Fromme Erneuerung;Pious Renewal;Elite-Blitzverzauberung. 8 Sekunde[n] lang geschieht nichts. Wenn diese Verzauberung endet, wird Fromme Erneuerung wieder aufgeladen und Ihr erhaltet 0..5 Energiepunkt[e] und 0..30 Lebenspunkt[e].;3;44;33;10;0;5;0;8;0;0;1;0;0;0;0;
1500;Trugbild-Umhang;Mirage Cloak;Blitzverzauberung. 20 Sekunden lang habt Ihr eine Chance von 40 %, zu blocken plus 4..10 % für jede zusätzliche Verzauberung (max. 80 %). Alle Gegner in der Nähe erleiden jedes Mal 10..40 Erdschaden, wenn eine Derwisch-Verzauberung von Euch entfernt wird.;3;43;33;10;0;15;0;24;0;0;0;0;0;0;0;
1502;Arkaner Eifer;Arcane Zeal;Elite-Verzauberung. 10 Sekunde[n] lang bekommt Ihr jedes Mal, wenn Ihr einen Zauber wirkt, für jede Verzauberung, die auf Euch liegt, 2 Energiepunkt[e] (maximal 2..7 Energiepunkt[e]).;3;44;23;10;0;10;1;5;0;0;1;0;0;0;0;
1503;Mystische Vitalität;Mystic Vigor;Verzauberung. 20 Sekunde[n] lang erhaltet Ihr jedes Mal, wenn einer Eurer Angriffe erfolgreich ist, für jede Verzauberung, die auf Euch liegt, 3..15 Lebenspunkt[e] (maximal 25 Lebenspunkt[e]).;3;44;23;10;0;5;.25;15;0;0;0;0;0;0;0;
1504;Wachsame Intervention;Watchful Intervention;Verzauberung. 60 Sekunde[n] lang wird der Verbündete (bzw. Ihr selbst) das nächste Mal, wenn er Schaden erleidet und seine Lebenspunkte dadurch unter 25% sinken, um 50..200 Lebenspunkt[e] geheilt.;3;44;23;10;0;10;1;15;0;0;0;0;0;0;0;
1505;Gelübde der Frömmigkeit;Vow of Piety;Verzauberung. 20 Sekunde[n] lang habt Ihr +24 Rüstung und eine Lebenspunktregeneration von +1..4. Das Gelübde der Frömmigkeit erneuert sich jedes Mal, wenn eine Verzauberung, mit der Ihr belegt seid, endet.;3;42;23;10;0;15;.25;45;0;0;0;0;0;0;0;
1506;Wesentliche Wohltat;Vital Boon;Verzauberung. 20 Sekunde[n] lang habt Ihr +40..100 maximale Lebenspunk[e]. Wenn diese Verzauberung endet, werdet Ihr um 75..200 Lebenspunkt[e] geheilt.;3;43;23;10;0;5;1;8;0;0;0;0;0;0;0;
1507;Herz der heiligen Flamme;Heart of Holy Flame;Blitzverzauberung. Alle in der Nähe befindlichen Gegner erleiden 5..30 Punkt[e] heiligen Schaden. 30 Sekunde[n] danach fügen Eure Angriffe heiligen Schaden zu. Wenn diese Verzauberung endet, werden alle in der Nähe befindliche Feinde 2..5 Sekunde[n] lang in Brand gesetzt.;3;44;33;10;0;10;0;10;0;0;0;0;0;0;0;
1508;Verzauberungen ausweiten;Extend Enchantments;Fertigkeit. 10 Sekunde[n] lang wirkt Eure nächste Derwisch-Verzauberung 10..150% länger.;3;44;1;10;0;5;0;10;0;0;0;0;0;0;0;
1509;Vertrauensvolle Intervention;Faithful Intervention;Verzauberung. Wenn Schaden Eure Lebenspunkte auf unter 50% fallen lässt, endet Vertrauensvolle Intervention. Wenn Vertrauensvolle Intervention endet, werdet Ihr um 30..150 Lebenspunkt[e] geheilt.;3;44;23;10;0;5;2;20;0;0;0;0;0;0;0;
1510;Sandscherben;Sand Shards;Blitzverzauberung. 30 Sekunden lang erleiden bei Euren nächsten 1..5 Treffern mit der Sense alle Gegner 10..60 Erdschaden.;3;43;33;10;0;10;0;10;0;0;0;0;0;0;0;
1512;Lyssas Eile;Lyssa's Haste;Blitzverzauberung. 3..15 Sekunde[n] lang werden Eure Derwisch-Verzauberungen um 33% schneller wieder aufgeladen. Wenn Ihr diese Verzauberung aktiviert, werden alle Aktionen umstehender Feinde unterbrochen. Wenn diese Verzauberung endet, werden alle Aktionen umstehender Feinde unterbrochen. Bei Windgebeten von 5 oder höher, sonst besteht eine 50%ige Wahrscheinlichkeit für einen Misserfolg.;3;42;33;10;0;10;0;15;0;0;0;0;0;0;0;
1513;Lenkende Hände;Guiding Hands;Verzauberung. 20 Sekunde[n] lang ist ein Blocken bei Euren nächsten 0..3 Angriffen nicht möglich. Bei Aktivierung entfernt diese Fertigkeit den Zustand "Blindheit".;3;42;23;10;0;10;.25;10;0;0;0;0;0;0;0;
1514;Flüchtige Stabilität;Fleeting Stability;Blitzverzauberung. Während der nächsten 4..10 Sekunde[n] könnt Ihr nicht zu Boden geworfen werden und bewegt Euch um 25% schneller. Diese Verzauberung endet vorzeitig, wenn sie verhindert, dass Ihr zu Boden geworfen werdet.;3;43;33;10;0;5;0;10;0;0;0;0;0;0;0;
1515;Rüstung der Heiligkeit;Armor of Sanctity;Verzauberung. Alle umstehenden Feinde leiden 5..15 Sekunde[n] lang am Zustand Schwäche. 15 Sekunde[n] lang erleidet Ihr 5..20 Punkt[e] weniger Schaden von Feinden, die an einem Zustand leiden.;3;43;23;10;0;5;.25;15;0;0;0;0;0;0;0;
1516;Mystische Regeneration;Mystic Regeneration;Verzauberung. 5..20 Sekunde[n] lang habt Ihr für jede Verzauberung auf Euch (maximal 8) +1..4 Lebenspunktregeneration.;3;43;23;10;0;15;.25;10;0;0;0;0;0;0;0;
1517;Schweigegelübde;Vow of Silence;Elite-Verzauberung. 5..10 Sekunde[n] lang könnt Ihr nicht zum Ziel von Zaubern werden und selbst keine Zauber wirken.;3;44;23;10;0;5;.25;10;0;0;1;0;0;0;0;
1518;Balthasars Avatar;Avatar of Balthazar;Elite-Form. 10..90 Sekunde[n] lang erhaltet Ihr +20 Rüstung gegen körperlichen Schaden, gewinnt Adrenalin um 25% schneller, Eure Angriffe fügen heiligen Schaden zu und immer wenn Ihr eine Derwisch-Verzauberung verliert, werden Feinde in der Nähe 1..3 Sekunden lang in Brand gesetzt. Diese Fertigkeit wird 45 Sekunden lang deaktiviert.;3;44;15;10;0;5;2;20;0;0;1;0;0;0;0;
1519;Dwaynas Avatar;Avatar of Dwayna;Elite-Form. 10..90 Sekunden lang fügen Eure Angriffe heiligen Schaden zu. Immer wenn Ihr eine Derwisch-Angriffsfähigkeit einsetzt, verliert Ihr 1 Verhexung. Immer wenn Ihr eine Derwisch-Verzauberung verliert, werden alle Verbündeten in Hörweite um 5..50 Lebenspunkte geheilt. Diese Fertigkeit wird 45 Sekunden lang deaktiviert.;3;44;15;10;0;5;2;20;0;0;1;0;0;0;0;
1520;Grenths Avatar;Avatar of Grenth;Elite-Form. 10..90 Sekunde[n] lang fügen Eure Sensenangriffe Dunkelschaden zu und stehlen 0..12 Lebenspunkt[e]. Ihr seid immun gegen Krankheit und fügt allen umstehenden Feinden 3 Sekunde[n] lang Krankheit zu, wenn Ihr eine Derwisch-Verzauberung verliert. Diese Fertigkeit wird 45 Sekunden lang deaktiviert.;3;44;15;10;0;5;2;20;0;0;1;0;0;0;0;
1521;Lyssas Avatar;Avatar of Lyssa;Elite-Form. 10..90 Sekunde[n] lang werden Eure Derwisch-Verzauberungen um 50% schneller wieder aufgeladen und Eure Angriffe fügen Chaosschaden zu. Immer wenn Ihr eine Derwisch-Verzauberung verliert, entzieht Ihr allen umstehenden Feinden 1 Energiepunkt[e]. Diese Fertigkeit wird 45 Sekunden lang deaktiviert.;3;44;15;10;0;5;2;20;0;0;1;0;0;0;0;
1522;Melandrus Avatar;Avatar of Melandru;Elite-Form. 10..90 Sekunde[n] lang habt Ihr +150 Lebenspunkt[e], +30 Elementarrüstung und Eure Angriffe fügen Erdschaden zu. Immer wenn Ihr eine Derwisch-Verzauberung verliert, verlieren alle Gruppenmitglieder in Hörweite 1 Zustand. Diese Fertigkeit wird 45 Sekunden lang deaktiviert.;3;44;15;10;0;5;2;20;0;0;1;0;0;0;0;
1523;Meditation;Meditation;Verzauberung. Alles Adrenalin geht verloren. 20 Sekunde[n] lang erhaltet Ihr jedes Mal, wenn eine auf Euch wirkende Verzauberung endet, 1..4 Energiepunkt[e].;3;44;23;10;0;10;.25;15;0;0;0;0;0;0;0;
1524;Eifer des Eremiten;Eremite's Zeal;Verzauberung. Ihr erhaltet für jeden Feind in der Nähe 1..3 Energiepunkt[e] (maximal 8 Energiepunkte). 10 Sekunde[n] danach bewirkt diese Verzauberung nichts Wenn diese Verzauberung endet, erhaltet Ihr 1..3 Energiepunkt[e] für jeden umstehenden Gegner (maximal 8 Energiepunkt[e]).;3;44;23;10;0;5;.25;15;0;0;0;0;0;0;0;
1525;Natürliche Heilung;Natural Healing;Zauber. Ihr werdet um 50..170 Lebenspunkt[e] geheilt. Wenn Ihr nicht verzaubert seid, wird dieser Zauber 50% schneller aktiviert.;3;42;22;10;0;5;1;6;0;0;0;0;0;0;0;
1526;Mit Leben durchdringen;Imbue Health;Zauber. Der Verbündete wird um 5..50% Eurer aktuellen Lebenspunkte (maximal 300 Lebenspunkt[e]) geheilt.;3;44;22;10;0;10;.25;10;0;0;0;0;0;0;0;
1527;Mystische Heilung;Mystic Healing;Zauber. Ihr werdet um 5..65 Lebenspunkt[e] geheilt. Heilt zudem alle verzauberten Gruppenmitglieder um 5..65 Lebenspunkt[e].;3;42;22;10;0;5;1;4;0;0;0;0;0;0;0;
1528;Dwaynas Berührung;Dwayna's Touch;Zauber. Der berührte Verbündete wird pro Verzauberung, mit der Ihr belegt seid (maximal 60..240), um 60 Lebenspunkt[e] geheilt.;3;42;22;10;0;5;.75;5;0;0;0;0;0;0;0;
1529;Fromme Wiederherstellung;Pious Restoration;Zauber. Ihr erhaltet 80..150 Lebenspunkt[e] und entfernt 1 Derwisch-Verzauberung. Wenn eine Verzauberung auf diese Weise entfernt wurde, verliert Ihr außerdem 1..3 Verhexungen.;3;42;22;10;0;5;1;8;0;0;0;0;0;0;0;
1530;Siegel des frommen Lichts;Signet of Pious Light;Siegel. Entfernt 1 Derwisch-Verzauberung. Heilt Verbündeten (bzw. Euch selbst) um 30..150 Lebenspunkt[e]. Wenn eine Verzauberung auf diese Weise entfernt wird, lädt dieses Siegel 75% schneller wieder auf.;3;43;21;10;0;0;1;20;0;0;0;0;0;0;0;
1531;Einschüchternde Aura;Intimidating Aura;Verzauberung. 60 Sekunde[n] lang habt Ihr zusätzlich +40..100 Lebenspunkt[e] und erleidet 1..10 Punkt[e] weniger Schaden von Feinden mit weniger Lebenspunkten als Ihr.;3;44;23;10;0;10;.75;20;0;0;0;0;0;0;0;
1532;Mystischer Sandsturm;Mystic Sandstorm;Zauber. An der Eurer Position wird ein Sandsturm erzeugt, der 3 Sekunde[n] lang anhält. Feinde in der Nähe Eurer ursprünglichen Position erleiden pro Sekunde 10..40 Punkt[e] Erdschaden. Angreifende Feinde erleiden zusätzlich 10..20 Punkt[e] Schaden. Wenn Ihr beim Wirken dieses Zaubers verzaubert seid, hält die Wirkung doppelt so lange an.;3;43;22;10;0;0;1;8;4.8;0;0;0;0;0;0;
1533;Wind der Entzauberung;Winds of Disenchantment;Zauber. Entfernt 1 Eurer Derwisch-Verzauberungen. Wird eine Verzauberung entfernt, verlieren alle Feinde in der Nähe 1 Verzauberung und erleiden 20..80 Punkt[e] Kälteschaden.;3;42;22;10;0;5;.75;15;0;0;0;0;0;0;0;
1534;Zerfetzende Berührung;Rending Touch;Zauber. Fügt dem Zielgegner 15..65 Kälteschaden zu. Ihr verliert 1 Derwisch-Verzauberung. Wenn eine Verzauberung entfernt wurde, verliert der Zielgegner 1 Verzauberung und Ihr erhaltet 2 Adrenalinschlag(pl:"Adrenalinschläge").;3;44;22;10;0;5;.75;12;0;0;0;0;0;0;0;
1535;Verkrüppelnder Schwung;Crippling Sweep;Sensenangriff. Trifft dieser Angriff einen Gegner, wird dieser 3..12 Sekunde[n] lang verkrüppelt. Diese Fertigkeit verursacht +3..15 Punkt[e] Schaden zusätzlich, wenn der Feind sich bewegt.;3;41;9;10;0;5;0;6;0;0;0;0;0;0;0;
1536;Verwundender Schlag;Wounding Strike;Elite-Sensenangriff. Wenn dieser Angriff erfolgreich ist, fügt Ihr +5..20 Punkt[e] Schaden zu, der Gegner leidet 5..20 Sekunde[n] lang an einer Blutung und Ihr verliert 1 Derwisch-Verzauberung. Wenn eine Verzauberung entfernt wurde, erleidet der Gegner außerdem 5..20 Sekunde[n] lang eine Tiefe Wunde.;3;41;9;10;0;5;0;3;0;0;1;0;0;0;0;
1537;Ermüdender Schlag;Wearying Strike;Sensenangriff. Ihr entfernt 1 Derwisch-Verzauberung. Wenn eine Verzauberung entfernt wurde, erleidet der Gegner 3..10 Sekunde[n] lang eine Tiefe Wunde. Wenn keine Verzauberung entfernt, leidet Ihr 10 Sekunden lang unter "Schwäche".;3;41;9;10;0;0;0;0;6;0;0;0;0;0;0;
1538;Lyssas Angriff;Lyssa's Assault;Sensenangriff. Wenn dieser Angriff trifft, unterbricht er eine Aktion. Falls Ihr verzaubert seid, wird jeder von Euch unterbrochene Zauber zudem 1..10 Sekunde[n] lang deaktiviert. Dieser Angriff fügt 50% des normalem Schadens zu.;3;41;9;10;0;5;.5;15;0;0;0;0;0;0;0;
1539;Kühler Sieg;Chilling Victory;Sensenangriff. Wenn dieser Angriff erfolgreich ist, werden dem Gegner +3..15 Punkt[e] Schaden zugefügt. Wenn Ihr einen Feind trefft, dessen Lebenspunkte niedriger als Eure eigenen sind, erleiden der Gegner und alle umstehenden Feinde 10..30 Punkt[e] Kälteschaden.;3;41;9;10;0;0;0;0;6;0;0;0;0;0;0;
1540;Überzeugung;Conviction;Blitzverzauberung. Wenn Ihr unter einem Zustand leidet, erhaltet Ihr 10 Sekunde[n] lang +10 Rüstung und 1..3 Lebenspunktregeneration für jeden Zustand, unter dem Ihr leidet. Wenn diese Verzauberung endet, werdet Ihr von 1..2 Zuständen geheilt.;3;43;33;10;0;5;0;10;0;0;0;0;0;0;0;
1541;Verzauberte Eile;Enchanted Haste;Blitzverzauberung. 7 Sekunde[n] lang bewegt Ihr Euch um 25% schneller. Wenn diese Verzauberung vorzeitig endet, verliert Ihr 1 Zustände.;3;-1;33;10;0;10;0;15;0;0;0;0;0;0;0;
1542;Fromme Konzentration;Pious Concentration;Haltung. Ihr könnt 5..20 Sekunde[n] lang nicht unterbrochen werden, aber jedes Mal, wenn Ihr normalerweise unterbrochen würdet, verliert Ihr 1 Derwisch-Verzauberung oder Fromme Konzentration endet.;3;43;29;10;0;10;0;10;0;0;0;0;0;0;0;
1543;Fromme Eile;Pious Haste;Haltung. Ihr entfernt 1 Derwisch-Verzauberung und bewegt Euch 1..7 Sekunde[n] lang 25% schneller. Wenn eine Verzauberung entfernt wird, rennt Ihr stattdessen 50% schneller.;3;44;29;10;0;5;0;12;0;0;0;0;0;0;0;
1544;Wirbelangriff;Whirling Charge;Blitzverzauberung. 1..6 Sekunde[n] lang bewegt Ihr Euch um 33% schneller als gewöhnlich. Das nächste Mal, wenn Ihr einen Feind trefft, erleiden alle anderen Feinde in der Nähe 10..60 Kälteschaden und diese Verzauberung endet.;3;42;33;10;0;5;0;8;0;0;0;0;0;0;0;
1545;Glaubensprüfung;Test of Faith;Zauber. Fügt 15..75 Punkt[e] Kälteschaden zu und entfernt 1 Verzauberung vom Gegner. Wenn der Gegner nicht verzaubert war, leidet er 2..6 Sekunde[n] lang unter Benommenheit.;3;42;22;10;0;0;.5;5;5;0;0;0;0;0;0;
1546;Lodernder Speer;Blazing Spear;Speerangriff. Wenn dieser Angriff erfolgreich ist, fügt er +5..25 Punkt[e] Schaden zu und setzt den Gegner 1..3 Sekunde[n] lang in Brand.;3;37;12;9;0;0;0;0;6;0;0;0;0;0;0;
1547;Mächtiger Wurf;Mighty Throw;Speerangriff. Euer Speer bewegt sich dreimal so schnell. Wenn er trifft, fügt Ihr +10..40 Punkt[e] Schaden zu.;3;37;12;9;0;0;1;0;4;0;0;0;0;0;0;
1548;Grausamer Speer;Cruel Spear;Elite-Speerangriff. Wenn dieser Angriff erfolgreich ist, fügt Ihr +10..50 Punkt[e] Schaden zu. Wenn Ihr ein Ziel trefft, das sich nicht bewegt, fügt Ihr 5..20 Sekunde[n] lang eine Tiefe Wunde zu.;3;37;12;9;0;0;0;0;6;0;1;0;0;0;0;
1549;Wurf des Läufers;Harrier's Toss;Speerangriff. Wenn dieser Angriff erfolgreich ist, fügt Ihr +5..20 Punkt[e] Schaden zu. Wenn dieser Angriff einen sich bewegenden Feind trifft, fügt Ihr zusätzlich 5..40 Punkt[e] Schaden zu.;3;37;12;9;0;10;.5;10;0;0;0;0;0;0;0;
1550;Unblockbarer Wurf;Unblockable Throw;Speerangriff. Wenn dieser Angriff erfolgreich ist, fügt Ihr +10..40 Punkt[e] Schaden zu. Dieser Angriff kann nicht geblockt werden.;3;37;12;9;0;0;1;1;6;0;0;0;0;0;0;
1551;Speer des Blitzes;Spear of Lightning;Speerangriff. Greift alle Gegner zwischen Euch und Eurem Ziel an. Wenn dieser Angriff trifft, verursacht er +10..20 Blitzschaden. Dieser Angriff hat 25 % Rüstungsdurchdringung.;3;37;12;9;0;5;0;6;0;0;0;0;0;0;0;
1552;Ermüdender Speer;Wearying Spear;Speerangriff. Wenn dieser Angriff erfolgreich ist, fügt Ihr +10..40 Punkt[e] Schaden zu. Ihr seid 5 Sekunde[n] lang geschwächt.;3;37;12;9;0;0;0;0;3;0;0;0;0;0;0;
1553;Hymne der Wut;Anthem of Fury;Elite-Anfeuerungsruf. 10 Sekunde[n] erhalten alle Gruppenmitglieder in Hörweite bei der nächsten Verwendung einer Angriffsfertigkeit 2..5 Adrenalinstöße.;3;40;13;9;0;5;1;10;0;0;1;0;0;0;0;
1554;Verkrüppelungs-Hymne;Crippling Anthem;Elite-Anfeuerungsruf. 10 Sekunde[n] lang führt die nächste Angriffsfertigkeit von jedem Verbündeten in Hörweite 5..15 Sekunde[n] lang zu Verkrüppelung.;3;38;13;9;0;0;1;0;3;0;1;0;0;0;0;
1555;Verteidigungshymne;Defensive Anthem;Elite-Anfeuerungsruf. 4..10 Sekunde[n] lang hat jedes Gruppenmitglied in Hörweite eine 50%ige Chance, Angriffe zu blocken. Dieser Anfeuerungsruf endet, wenn das Gruppenmitglied mit einer Angriffsfertigkeit trifft.;3;40;13;9;0;10;1;15;0;0;1;0;0;0;0;
1556;Gute Reise;Godspeed;Schrei. 5..20 Sekunde[n] bewegen sich alle Verbündeten in Hörweite um 25% schneller, wenn sie verzaubert sind.;3;38;20;9;0;10;0;30;0;0;0;0;0;0;0;
1557;Hymne der Flamme;Anthem of Flame;Anfeuerungsruf. 10 Sekunde[n] lang führt die nächste Angriffsfertigkeit von jedem Gruppenmitglied in Hörweite auch 1..5 Sekunde[n] lang zu Brennen.;3;40;13;9;0;5;1;10;0;0;0;0;0;0;0;
1558;"Zielt auf die Augen!";"Go for the Eyes!";Schrei. 10 Sekunde[n] lang hat der nächste Angriff jedes Verbündeten in Hörweite zusätzlich eine 30..100%ige Chance, ein kritischen Treffer zu sein.;3;38;20;9;0;0;0;0;4;0;0;0;0;0;0;
1559;Hymne des Neids;Anthem of Envy;Anfeuerungsruf. 10 Sekunde[n] lang führt die nächste Angriffsfertigkeit von jedem Verbündeten in Hörweite bei Feinden mit mehr als 50% Lebenspunkten zu +10..25 Punkt[en] Schaden.;3;38;13;9;0;0;1;0;6;0;0;0;0;0;0;
1560;Machtgesang;Song of Power;Anfeuerungsruf. 5..20 Sekunde[n] lang erfreut sich jeder Verbündete in Hörweite einer Energieregeneration von 4, bis er eine Fertigkeit verwendet.;3;39;13;9;0;15;1;30;0;0;0;0;0;0;0;
1561;Eifrige Hymne;Zealous Anthem;Anfeuerungsruf. 10 Sekunde[n] lang erhält jeder Verbündete in Hörweite, wenn er das nächste Mal eine Angriffsfertigkeit verwendet, 1..8 Energiepunkt[e].;3;39;13;9;0;10;1;10;0;0;0;0;0;0;0;
1562;Arie des Eifers;Aria of Zeal;Anfeuerungsruf. 10 Sekunde[n] lang erhält jeder Verbündete in Hörweite bei der nächsten Verwendung einer Fertigkeit 1..6 Energiepunkt[e].;3;39;13;9;0;5;1;10;0;0;0;0;0;0;0;
1563;Lyrik des Eifers;Lyric of Zeal;Anfeuerungsruf. 10 Sekunde[n] lang erhält jeder Verbündete in Hörweite bei der nächsten Verwendung eines Siegels 1..8 Energiepunkt[e].;3;39;13;9;0;0;1;0;6;0;0;0;0;0;0;
1564;Ballade der Wiederherstellung;Ballad of Restoration;Anfeuerungsruf. 10 Sekunde[n] lang erhält jedes Gruppenmitglied in Hörweite, wenn es das nächste Mal Schaden erleidet, 15..75 Lebenspunkt[e].;3;39;13;9;0;10;1;10;0;0;0;0;0;0;0;
1565;Chor der Wiederherstellung;Chorus of Restoration;Anfeuerungsruf. 10 Sekunde[n] lang wird jeder Verbündete in Hörweite, wenn er das nächste Mal einen Schrei oder Anfeuerungsruf verwendet, um 30..90 Lebenspunkt[e] geheilt.;3;39;13;9;0;0;1;5;4;0;0;0;0;0;0;
1566;Arie der Wiederherstellung;Aria of Restoration;Anfeuerungsruf. 10 Sekunde[n] lang erhält jedes Gruppenmitglied in Hörweite, wenn es das nächste Mal einen Zauber wirkt, 30..90 Lebenspunkt[e].;3;39;13;9;0;10;1;10;0;0;0;0;0;0;0;
1567;Lied der Konzentration;Song of Concentration;Anfeuerungsruf. 10 Sekunde[n] lang kann der nächste potenzielle Treffer mittels einer Angriffsfertigkeit eines Verbündeten in Hörweite nicht unterbrochen werden.;3;-1;13;9;0;0;2;5;8;0;0;0;0;0;0;
1568;Hymne der Führung;Anthem of Guidance;Elite-Anfeuerungsruf. 10 Sekunde[n] lang kann die nächste Fertigkeit, die jedes Gruppenmitglied in Hörweite verwendet, nicht geblockt werden.;3;38;13;9;0;0;1;0;2;0;1;0;0;0;0;
1569;Energie bringender Chor;Energizing Chorus;Anfeuerungsruf. 10 Sekunde[n] lang kostet der nächste Schrei oder Anfeuerungsruf von jedem Verbündeten in Hörweite 3..7 Energiepunkt[e] weniger.;3;39;13;9;0;0;1;0;3;0;0;0;0;0;0;
1570;Lied der Läuterung;Song of Purification;Elite-Anfeuerungsruf. 20 Sekunde[n] lang entfernen die nächsten 1..6 Fertigkeiten, die jeder Verbündete in Hörweite verwendet, 1 Zustand von diesem Verbündeten.;3;39;13;9;0;0;2;0;3;0;1;0;0;0;0;
1571;Verhexungsbrech-Arie;Hexbreaker Aria;Anfeuerungsruf. 10 Sekunde[n] lang verliert jeder Verbündete in Hörweite beim nächsten Wirken eines Zaubers 1 Verhexung.;3;-1;13;9;0;0;2;0;8;0;0;0;0;0;0;
1572;"Seid vorbereitet!";"Brace Yourself!";Schrei. 5..15 Sekunde[n] lang erleiden das nächste Mal, wenn der Verbündete zu Boden geworfen würde, alle Feinde in der Nähe stattdessen 15..75 Punkt[e] Schaden.;3;38;20;9;0;5;0;4;0;0;0;0;0;0;0;
1573;Ehrfurcht;Awe;Fertigkeit. Wenn diese Fertigkeit einen niedergeschlagenen Gegner trifft, macht es ihn 5..15 Sekunden lang benommen.;3;40;1;9;0;10;.75;10;0;0;0;0;0;0;0;
1574;Dauerhafte Harmonie;Enduring Harmony;Echo. 10..35 Sekunde[n] lang dauern Anfeuerungsrufe und Schreie, die auf den Nicht-Geister-Verbündeten (bzw. Euch selbst) gerichtet sind, um 50% länger.;3;40;14;9;0;5;1;10;0;0;0;0;0;0;0;
1575;Loderndes Finale;Blazing Finale;Echo. 10..35 Sekunde[n] lang werden jedes Mal, wenn ein auf einen Nicht-Geister-Verbündeten gerichteter Anfeuerungsruf oder Schrei endet, alle diesen Verbündeten umstehenden Feinde 1..7 Sekunde[n] lang in Brand gesetzt.;3;40;14;9;0;5;1;8;0;0;0;0;0;0;0;
1576;Brennender Refrain;Burning Refrain;Echo. Wenn der Nicht-Geister-Verbündete während der nächsten 20 Sekunde[n] einen Feind trifft, der über mehr Lebenspunkte als er selbst verfügt, wird dieser Feind 1..3 Sekunde[n] lang in Brand gesetzt. Dieses Echo wird jedes Mal wiederholt, wenn ein auf diesen Verbündeten gerichteter Anfeuerungsruf oder Schrei endet.;3;40;14;9;0;10;1;10;0;0;0;0;0;0;0;
1577;Finale der Wiederherstellung;Finale of Restoration;Echo. 10..35 Sekunde[n] lang wird der Nicht-Geister-Verbündete jedes Mal, wenn ein auf ihn gerichteter Anfeuerungsruf oder Schrei endet, um 15..75 Lebenspunkt[e] geheilt.;3;39;14;9;0;5;1;10;0;0;0;0;0;0;0;
1578;Genesungsrefrain;Mending Refrain;Echo. 15 Sekunde[n] lang erfreut sich der Nicht-Geister-Verbündete einer Lebenspunktregeneration von +2..3. Dieses Echo wird jedes Mal wiederholt, wenn ein auf diesen Verbündeten gerichteter Anfeuerungsruf oder Schrei endet.;3;39;14;9;0;10;1;8;0;0;0;0;0;0;0;
1579;Reinigendes Finale;Purifying Finale;Echo. 10..35 Sekunde[n] lang verliert der Nicht-Geister-Verbündete jedes Mal, wenn ein auf ihn gerichteter Anfeuerungsruf oder Schrei endet, 1 Zustand.;3;39;14;9;0;5;.25;5;0;0;0;0;0;0;0;
1580;Klingenumkehr-Refrain;Bladeturn Refrain;Echo. 20 Sekunde[n] lang hat der Verbündete (bzw. Ihr selbst), der kein Geist ist, eine 5..20%ige Chance, Angriffe zu blocken. Dieses Echo wird jedes Mal wiederholt, wenn ein auf diesen Verbündeten gerichteter Anfeuerungsruf oder Schrei endet.;3;38;14;9;0;5;1;8;0;0;0;0;0;0;0;
1581;Glühendes Siegel;Glowing Signet;Siegel. Wenn der Gegner brennt, erhaltet Ihr 5..15 Energiepunkt[e].;3;40;21;9;0;0;.25;15;0;0;0;0;0;0;0;
1583;Eifer des Anführers;Leader's Zeal;Fertigkeit. Ihr erhaltet für jeden Verbündeten in der Nähe 2..4 Energiepunkt[e] (maximal 8..12 Energiepunkt[e]).;3;39;1;9;0;5;0;12;0;0;0;0;0;0;0;
1584;Trost des Anführers;Leader's Comfort;Fertigkeit. Ihr erhaltet 30..75 Lebenspunkt[e]. Ihr erhaltet auch für jeden Verbündeten in Hörweite +10..20 Lebenspunkt[e] (maximal 140 Punkte).;3;40;1;9;0;5;2;8;0;0;0;0;0;0;0;
1585;Siegel der Synergie;Signet of Synergy;Siegel. Der Verbündete wird um 40..100 Lebenspunkt[e] geheilt. Wenn Ihr nicht unter den Auswirkungen einer Verzauberung leidet, werdet Ihr um 40..100 Lebenspunkt[e] geheilt.;3;39;21;9;0;0;1;10;0;0;0;0;0;0;0;
1586;Engelsschutz;Angelic Protection;Fertigkeit. 10 Sekunde[n] lang wird der Verbündete jedes Mal, wenn er mehr als 250..80 Punkt[e] Schaden pro Sekunde erleidet, um die Schadensmenge über diesem Betrag geheilt.;3;40;1;9;0;5;0;30;0;0;0;0;0;0;0;
1587;Engelsbindung;Angelic Bond;Elite-Fertigkeit. 10 Sekunde[n] lang wird das nächste Mal, wenn ein Verbündeter in Hörweite tödlichen Schaden erleiden würde, dieser Schaden aufgehoben und der Verbündete um 20..200 Lebenspunkt[e] geheilt. Engelsbindung endet bei allen anderen Verbündeten.;3;40;1;9;0;5;1;15;0;0;1;0;0;0;0;
1588;Siegel der Verätzung;Cautery Signet;Elite-Siegel. Alle Gruppenmitglieder verlieren alle Zustände. Ihr werdet für jeden Zustand, der auf diese Weise entfernt wird, 1 Sekunde lang in Brand gesetzt.;3;-1;21;9;0;0;2;15;0;0;1;0;0;0;0;
1589;"Haltet Eure Stellung!";"Stand Your Ground!";Schrei. 5..20 Sekunde[n] lang erhalten alle Gruppenmitglieder in Hörweite +24 Rüstung, wenn sie sich nicht bewegen.;3;38;20;9;0;10;0;20;0;0;0;0;0;0;0;
1590;"Geht voran!";"Lead the Way!";Schrei. Der Verbündete (bzw. Ihr selbst) bewegt sich pro Verbündeten in Hörweite 1..5 Sekunde[n] lang um 25% schneller (maximal 30 Sekunde[n] lang).;3;40;20;9;0;5;0;8;0;0;0;0;0;0;0;
1591;"Beeilt Euch!";"Make Haste!";Schrei. 5..20 Sekunde[n] lang bewegt sich der Verbündete um 33% schneller. Diese Fertigkeit endet, wenn der Verbündete erfolgreich angreift.;3;38;20;9;0;5;0;10;0;0;0;0;0;0;0;
1592;"Wir kommen wieder!";"We Shall Return!";Schrei. Alle Gruppenmitglieder in Hörweite werden mit 25..50% Lebenspunkten und 5..20% Energiepunkten wiederbelebt.;3;38;20;9;0;25;0;30;0;0;0;0;0;0;0;
1593;"Gebt nicht auf!";"Never Give Up!";Schrei. alle Verbündeten in Hörweite, deren Lebenspunkte unter 75% liegen, erhalten 1..10 Energiepunkt[e].;3;38;20;9;0;5;0;15;0;0;0;0;0;0;0;
1594;"Hilfe!";"Help!";Schrei. Der Zielverbündete, der kein Geist ist, erhält 15..90 Lebenspunkte. 1..10 Sekunden werden Zauber anderer Verbündeter, die diesen Verbündeten zum Ziel haben, 50 % schneller gewirkt.;3;38;20;9;0;5;0;10;0;0;0;0;0;0;0;
1595;"Zieht Euch zurück!";"Fall Back!";Schrei. 4..10 Sekunde[n] erhalten alle Verbündeten in Hörweite 5..15 Lebenspunkt[e] pro Sekunde, wenn sie sich bewegen und bewegen sich um 33% schneller. "Zurückweichen!" endet bei einem Verbündeten, der von diesem Schrei betroffen ist, wenn er erfolgreich angreift.;3;38;20;9;0;10;0;20;0;0;0;0;0;0;0;
1596;"Schon unterwegs!";"Incoming!";Elite-Schrei. 4..10 Sekunden lang bewegen sich alle Verbündeten in Hörweite um 33% schneller und gewinnen 5..15 Lebenspunkte pro Sekunde, während sie in Bewegung sind.;3;38;20;9;0;5;0;20;0;0;1;0;0;0;0;
1597;"Sie brennen!";"They're on Fire!";Schrei. 10 Sekunde[n] lang erleiden Gruppenmitglieder in Hörweite 5..35% weniger Schaden von Feinden, die brennen.;3;40;20;9;0;10;0;10;0;0;0;0;0;0;0;
1598;"Ergebt Euch nicht!";"Never Surrender!";Schrei. 15 Sekunde[n] lang erfreuen sich alle Gruppenmitglieder in Hörweite, deren Lebenspunkte unter 75% liegen, einer Lebenspunktregeneration von +1..5.;3;38;20;9;0;5;0;15;0;0;0;0;0;0;0;
1599;Es ist nur eine Fleischwunde.;"It's Just a Flesh Wound.";Elite-Schrei. Der Verbündete verliert alle Zustände. Wenn ein Zustand auf diese Weise entfernt wird, bewegt sich dieser Verbündete 1..10 Sekunde[n] lang um 25% schneller.;3;39;20;9;0;5;0;2;0;0;1;0;0;0;0;
1600;Stachelspeer;Barbed Spear;Speerangriff. Wenn dieser Angriff erfolgreich ist, leidet Euer Gegner 5..20 Sekunde[n] lang an einer Blutung.;3;37;12;9;0;0;0;0;2;0;0;0;0;0;0;
1601;Bösartiger Angriff;Vicious Attack;Speerangriff. Wenn dieser Angriff erfolgreich ist, fügt Ihr +5..20 Punkt[e] Schaden zu. Wenn Ihr mit diesem Angriff einen kritischen Treffer landet, leidet der Gegner 5..15 Sekunde[n] lang an einer Tiefen Wunde.;3;37;12;9;0;5;0;8;0;0;0;0;0;0;0;
1602;Betäubender Schlag;Stunning Strike;Elite-Speerangriff. Wenn dieser Angriff erfolgreich ist, fügt Ihr +10..50 Punkt[e] Schaden zu. Wenn er einen Feind trifft, der unter einem Zustand leidet, wird dieser 4..10 Sekunde[n] lang betäubt.;3;37;12;9;0;0;0;0;8;0;1;0;0;0;0;
1603;Unbarmherziger Speer;Merciless Spear;Speerangriff. Wenn dieser Angriff einen Gegner trifft, dessen Lebenspunkte unter 50% liegen, leidet dieser 5..20 Sekunde[n] lang an einer Tiefen Wunde.;3;37;12;9;0;0;0;0;6;0;0;0;0;0;0;
1604;Unterbrechender Wurf;Disrupting Throw;Speerangriff. Wenn dieser Angriff einen Gegner trifft, der unter einem Zustand leidet, wird er unterbrochen.;3;37;12;9;0;5;.5;10;0;0;0;0;0;0;0;
1605;Wilder Wurf;Wild Throw;Speerangriff. Wenn dieser Angriff erfolgreich ist, fügt er +5..20 Punkt[e] Schaden zu und jegliche Haltung, die von Eurem Gegner eingenommen wird, endet. Dieser Angriff kann nicht geblockt werden. Alle Eure Angriffsfertigkeiten, die nicht auf Speeren beruhen, werden 3 Sekunde[n] lang deaktiviert.;3;37;12;9;0;0;0;0;7;0;0;0;0;0;0;
1633;Böswilliger Stoß;Malicious Strike;Nahkampfangriff. Wenn dieser Angriff einen Gegner trifft, der an einem Zustand leidet, fügt Ihr +10..30 Punkt[e] Schaden zu und der Angriff führt zu einem kritischen Treffer.;3;35;3;7;0;5;0;6;0;0;0;0;0;0;0;
1634;Vernichtender Angriff;Shattering Assault;Elite-Doppelangriff. Muss einem Begleithandangriff folgen. Wenn dieser Angriff erfolgreich ist, fügt Ihr 5..50 Punkt[e] Schaden zu und der Gegner verliert eine Verzauberung. Dieser Angriff kann nicht geblockt werden.;3;35;7;7;0;10;0;6;0;0;1;0;0;0;0;
1635;Goldener Schädel-Stoß;Golden Skull Strike;Elite-Begleithandangriff. Wenn Ihr mit einer Verzauberung belegt seid und dieser Angriff trifft, leidet der Gegner 1..12 Sekunde[n] lang an Benommenheit.;3;29;6;7;0;10;0;15;0;0;1;0;0;0;0;
1636;Schwarzer Spinnen-Stoß;Black Spider Strike;Begleithandangriff. Muss einen verhexten Feind treffen. Wenn er trifft, fügt dieser Angriff +5..20 Punkt[e] Schaden zu und der Feind wird 5..20 Sekunde[n] lang vergiftet.;3;29;6;7;0;5;0;8;0;0;0;0;0;0;0;
1637;Goldener Fuchs-Stoß;Golden Fox Strike;Leithandangriff. Wenn dieser Angriff erfolgreich ist, erleidet der Gegner +10..30 Punkt[e] Schaden. Wenn Ihr unter dem Einfluss einer Verzauberung steht, kann der Angriff nicht geblockt werden.;3;29;5;7;0;5;0;4;0;0;0;0;0;0;0;
1638;Tödliche Eile;Deadly Haste;Verzauberung. 10..35 Sekunde[n] lang werden Zauber mit halber Reichweite um 5..50% schneller gewirkt und um 5..60% schneller wieder aufgeladen.;3;35;23;7;0;5;1;20;0;0;0;0;0;0;0;
1639;Mittel des Assassinen;Assassin's Remedy;Verzauberung. Während der nächsten 30 Sekunde[n] entfernen Eure nächsten 1..10 Angriffsfertigkeiten einen Zustand.;3;35;23;7;0;5;1;20;0;0;0;0;0;0;0;
1640;Versprechen des Fuchses;Fox's Promise;Elite-Verzauberung. 5..20 Sekunde[n] lang können Eure Dolchangriffe nicht geblockt werden. Diese Verzauberung endet, wenn Ihr das nächste Mal nicht trefft.;3;29;23;7;0;10;1;20;0;0;1;0;0;0;0;
1641;Vorgetäuschte Neutralität;Feigned Neutrality;Verzauberung. 4..10 Sekunde[n] lang erfreut Ihr Euch einer Lebenspunktregeneration von +7 und +80 Rüstung. Diese Verzauberung endet, wenn Ihr mit einem Angriff erfolgreich trefft oder eine Fertigkeit verwendet.;3;31;23;7;0;5;.25;25;0;0;0;0;0;0;0;
1642;Versteckte Trittnägel;Hidden Caltrops;Elite-Verhexung. Eure Nicht-Assassinen-Fertigkeiten sind 3 Sekunden lang deaktiviert. Für 1..10 Sekunden bewegt sich der anvisierte Gegner um 50 % langsamer. Wenn die Verhexung endet, wird dieser Gegner für 1..15 Sekunden verkrüppelt.;3;31;24;7;0;5;1;12;0;0;1;0;0;0;0;
1643;Verzauberungen angreifen;Assault Enchantments;Elite-Fertigkeit. Muss einem Doppelangriff folgen. Der Gegner verliert alle Verzauberungen.;3;-1;1;7;0;5;.25;8;0;0;1;0;0;0;0;
1644;Verfall des Verschwenders;Wastrel's Collapse;Elite-Fertigkeit. Ihr unternehmt einen Schattenschritt zum Gegner hin. Wenn dieser keine Fertigkeit benutzt, wird er zu Boden geworfen. Alle Eure Angriffsfertigkeiten, die nicht auf Dolchen beruhen, sind 10 Sekunde[n] lang deaktiviert.;3;-1;1;7;0;5;.25;20;0;0;1;0;0;0;0;
1645;Verzauberung lösen;Lift Enchantment;Fertigkeit. Wenn der berührte Gegner am Boden liegt, verliert er eine Verzauberung.;3;-1;1;7;0;5;.25;10;0;0;0;0;0;0;0;
1646;Todesomen;Augury of Death;Verhexung. Während der nächsten 5..35 Sekunde[n] fügt Ihr das nächste Mal, wenn die Lebenspunkte des Gegners durch hinzugefügten Schaden auf weniger als 50% fallen, 5..20 Sekunde[n] lang eine Tiefe Wunde zu und unternehmt einen Schattenschritt zu diesem Gegner hin. Dieser Zauber hat nur die halbe Reichweite.;3;30;24;7;0;5;1;20;0;0;0;0;0;0;0;
1647;Siegel des toxischen Schocks;Signet of Toxic Shock;Siegel. Wenn der Gegner vergiftet ist, erleidet er 10..100 Punkt[e] Schaden.;3;30;21;7;0;0;1;15;0;0;0;0;0;0;0;
1648;Siegel des Zwielichts;Signet of Twilight;Siegel. Pro Verhexung, mit der der Gegner belegt ist, verliert dieser eine Verzauberung.;3;-1;21;7;0;0;1;20;0;0;0;0;0;0;0;
1649;Weg des Assassinen;Way of the Assassin;Elite-Haltung. 20 Sekunde[n] lang greift Ihr, während Ihr Dolche führt, um 5..20% schneller an und habt eine +5..35%ige Chance, ein kritischen Treffer zu erzielen.;3;35;29;7;0;5;0;12;0;0;1;0;0;0;0;
1650;Schattenmarsch;Shadow Walk;Haltung. Schattenschritt zum Gegner. 15 Sekunde[n] lang geschieht nichts. Eure Angriffsfertigkeiten sind 1 Sekunde lang deaktiviert und Eure Haltungen und Verzauberungen sind 10 Sekunden lang deaktiviert. Wenn diese Haltung endet, kehrt Ihr zu Eurem Ausgangsort zurück.;3;-1;29;7;0;5;0;30;0;0;0;0;0;0;0;
1651;Rückzug des Todes;Death's Retreat;Zauber. Schattenschritt zum Verbündeten. Wenn Ihr weniger Lebenspunkte als dieser Verbündete habt, erhaltet Ihr 40..130 Lebenspunkt[e].;3;31;22;7;0;5;.25;20;0;0;0;0;0;0;0;
1652;Schattengefängnis;Shadow Prison;Elite-Verhexung. Schattenschritt zum Gegner. 1..7 Sekunde[n] lang bewegt sich dieser Gegner um 66% langsamer.;3;30;24;7;0;5;.25;15;0;0;1;0;0;0;0;
1653;Tauschen;Swap;Zauber. Ihr und die herbeigerufene Kreatur macht einen Schattenschritt zum Standort des jeweils anderen.;3;-1;22;7;0;5;.25;10;0;0;0;0;0;0;0;
1654;Schattenverschmelzung;Shadow Meld;Elite-Verzauberung. Ihr unternehmt einen Schattenschritt zum Verbündeten hin. Wenn Ihr diese Verzauberung nicht länger aufrechterhaltet, kehrt Ihr an Euren ursprünglichen Ort zurück.;3;-1;23;7;-1;5;.25;10;0;0;1;0;0;0;0;
1655;Preis des Stolzes;Price of Pride;Verhexung. Während der nächsten 5 Sekunde[n] verliert der Gegner bei der nächsten Verwendung einer Elite-Fertigkeit 3..15 Energiepunkt[e].;3;2;24;5;0;5;1;8;0;0;0;0;0;0;0;
1656;Flair der Entzauberung;Air of Disenchantment;Elite-Verhexung. Entfernt eine Verzauberung vom Gegner und allen Feinden in der Nähe. 5..20 Sekunde[n] lang enden Verzauberungen auf diesen Feinden um 150..300% schneller.;3;1;24;5;0;10;1;10;0;0;1;0;0;0;0;
1657;Siegel der Unbeholfenheit;Signet of Clumsiness;Siegel. Wenn der Gegner angreift, werden er und alle umstehenden Feinde unterbrochen und erleiden 15..60 Punkt[e] Schaden. Gegner, die Angriffsfertigkeiten verwenden, werden zu Boden geworfen.;3;1;21;5;0;0;.25;8;0;0;0;0;0;0;0;
1658;Symbolische Haltung;Symbolic Posture;Haltung. 5..20 Sekunde[n] lang wird das nächste Siegel, das Ihr aktiviert, um 20..80% schneller aufgeladen.;3;0;29;5;0;10;0;20;0;0;0;0;0;0;0;
1659;Toxische Kälte;Toxic Chill;Elite-Zauber. Der Gegner erleidet 15..75 Punkt[e] Kälteschaden. Falls er mit einer Verhexung oder Verzauberung belegt ist, leidet er 10..25 Sekunde[n] lang an einer Vergiftung.;3;5;22;4;0;5;1;5;0;0;1;0;0;0;0;
1660;Brunnen der Stille;Well of Silence;Brunnenzauber. Nutzt die anvisierte Leiche oder opfert 66 % Eurer Lebenspunkte, um für 10..30 Sekunden einen Brunnen der Stille zu erzeugen. Gegner innerhalb des Brunnens können keine Kampfschreie oder Gesänge verwenden und erleiden -1..4 Lebenspunktdegeneration.;3;7;28;4;0;10;1;20;0;0;0;0;0;0;0;
1661;Leuchtstein;Glowstone;Zauber. Sendet ein Geschoss aus, das dem Gegner 5..50 Punkt[e] Erdschaden zufügt, wenn es trifft. Wenn dieser Zauber einen geschwächten Gegner trifft, erhaltet Ihr 5 Energiepunkt[e] sowie 1 Energiepunkt pro 2 Ränge in Energiespeicherung.;3;9;22;6;0;5;.75;7;0;0;0;0;0;0;0;
1662;Geistige Explosion;Mind Blast;Elite-Zauber. Der Gegner erleidet 15..60 Punkt[e] Feuerschaden. Wenn Ihr mehr Energie als dieser Gegner habt, erhaltet Ihr 1..8 Energiepunkt[e].;3;10;22;6;0;5;1;2;0;0;1;0;0;0;0;
1663;Elementare Flamme;Elemental Flame;Verzauberung. Während der nächsten 10..35 Sekunden wird der Gegner jedes Mal, wenn auf ihn eine Elementar-Verhexung gerichtet wird, 1..5 Sekunden lang in Brand gesetzt.;3;10;23;6;0;10;1;30;0;0;0;0;0;0;0;
1664;Blitz herbeirufen;Invoke Lightning;Elite-Zauber. Der Gegner und bis zu zwei andere in der Nähe befindliche Feinde erleiden 10..90 Punkt[e] Blitzschaden. Dieser Zauber hat eine Rüstungsdurchdringung von 25%.;3;8;22;6;0;10;1;6;0;0;1;0;5;0;0;
1683;Nachdenklicher Wächter;Pensive Guardian;Verzauberung. 5..11 Sekunde[n] lang hat der Verbündete (bzw. Ihr selbst) eine 50%ige Chance Angriffe von verzauberten Gegnern zu blocken.;3;15;23;3;0;5;1;5;0;0;0;0;0;0;0;
1684;Einblick des Schreibers;Scribe's Insight;Elite-Verzauberung. Während der nächsten 10..35 Sekunde[n] lang erhaltet Ihr jedes Mal, wenn Ihr ein Siegel benutzt, 3 Energiepunkt[e].;3;16;23;3;0;5;.25;20;0;0;1;0;0;0;0;
1685;Heilige Eile;Holy Haste;Verzauberung. 1..60 Sekunde[n] lang werden Eure Heilgebet-Zauber um 50% schneller gewirkt. Diese Verzauberung endet, wenn Ihr eine andere Verzauberung wirkt.;3;16;23;3;0;5;1;10;0;0;0;0;0;0;0;
1686;Lichtschimmer;Glimmer of Light;Elite-Zauber. Heilt Verbündeten (bzw. Euch selbst) um 10..115 Lebenspunkt[e].;3;13;22;3;0;5;.25;1;0;0;1;0;0;0;0;
1687;Eifrige Segnung;Zealous Benediction;Elite-Zauber. Heilt den Verbündeten (bzw. Euch selbst) um 30..180 Lebenspunkt[e]. Wenn seine Lebenspunkte unter 50% lagen, erhaltet Ihr 7 Energiepunkt[e].;3;15;22;3;0;10;.75;4;0;0;1;0;0;0;0;
1688; Eifer des Verteidigers;Defender's Zeal;Elite-Verhexung. 10..30 Sekunde[n] lang erhaltet Ihr jedes Mal, wenn der Gegner einen erfolgreichen Angriff landet, 2 Energiepunkt[e].;3;14;24;3;0;5;1;5;0;0;1;0;0;0;0;
1689;Siegel des mystischen Zorns;Signet of Mystic Wrath;Siegel. Der Gegner erleidet für jede Verzauberung, mit der Ihr belegt seid, 25 Punkt[e] heiligen Schaden (maximal 30..120 Punkt[e] heiligen Schaden).;3;14;21;3;0;0;2;20;0;0;0;0;0;0;0;
1690;Siegel der Entfernung;Signet of Removal;Elite-Siegel. Wenn der Verbündete (bzw. Ihr selbst) unter dem Einfluss einer Verzauberung steht, verliert er eine Verhexung und einen Zustand.;3;-1;21;3;0;0;.25;5;0;0;1;0;0;0;0;
1691;Zustand aufheben;Dismiss Condition;Zauber. Entfernt einen Zustand vom Verbündeten (bzw. Euch selbst). Wenn dieser Verbündete unter den den Auswirkungen einer Verzauberung leidet, wird er um 15..75 Lebenspunkt[e] geheilt.;3;15;22;3;0;5;.75;3;0;0;0;0;0;0;0;
1692;Verhexungen umleiten;Divert Hexes;Elite-Zauber. Entfernt bis zu 1..3 Verhexung[en] vom Verbündeten. Für jede Verhexung, die auf diese Weise entfernt wird, verliert der Verbündete einen Zustand und erhält 15..75 Lebenspunkt[e].;3;15;22;3;0;5;.75;8;0;0;1;0;0;0;0;
1693;Gegenangriff;Counterattack;Nahkampfangriff. Wenn dieser Angriff erfolgreich ist, fügt Ihr +5..35 Punkt[e] Schaden zu. Wenn Ihr einen angreifenden Gegner trefft, erhaltet Ihr 2..6 Energiepunkt[e].;3;17;3;1;0;5;0;6;0;0;0;0;0;0;0;
1694;Magierschlag;Magehunter Strike;Elite-Nahkampfangriff. Wenn dieser Angriff erfolgreich ist, fügt er +7..25 Punkt[e] Schaden zu. Wenn Euer Gegner unter dem Einfluss einer Verzauberung steht, kann der Angriff nicht geblockt werden.;3;17;3;1;0;5;.5;3;0;0;1;0;0;0;0;
1695;Soldatenstoß;Soldier's Strike;Nahkampfangriff. Wenn dieser Angriff erfolgreich ist, fügt Ihr +10..40 Punkt[e] mehr Schaden zu. Wenn Ihr mit einem Anfeuerungsruf oder Schrei belegt seid, kann dieser Angriff nicht geblockt werden.;3;21;3;1;0;5;0;4;0;0;0;0;0;0;0;
1696;Köpfen;Decapitate;Elite-Axtangriff. You lose all adrenaline and all Energy. This attack is unblockable, you deal +5..80 damage, and cause a Deep Wound for 5..20 seconds. This attack is always critical and if foe is killed, nearby foes are Weakened for 8 seconds.;3;18;4;1;0;0;0;0;7;0;1;0;0;0;0;
1697;Magiejägerschmetterer;Magehunter's Smash;Elite-Hammerangriff. Wenn dieser Angriff erfolgreich ist, wird der Gegner zu Boden geworfen. Wenn Euer Gegner unter dem Einfluss einer Verzauberung steht, kann der Angriff nicht geblockt werden.;3;19;8;1;0;0;0;0;8;0;1;0;0;0;0;
1698;Soldaten-Haltung;Soldier's Stance;Elite-Haltung. 5..15 Sekunde[n] lang habt Ihr eine 75%ige Chance zu blocken. Ihr greift um 33% schneller an, wenn Ihr unter dem Einfluss eines Anfeuerungsrufs oder Schreis steht.;3;21;29;1;0;5;0;15;0;0;1;0;0;0;0;
1699;Soldaten-Verteidigung;Soldier's Defense;Haltung. 1..6 Sekunde[n] lang habt Ihr eine 75%ige Chance, Angriffe zu blocken, wenn Ihr unter dem Einfluss eines Anfeuerungsrufs oder Schreis steht. Für jeden geblockten Angriff erhaltet Ihr 1 Adrenalinstoß.;3;21;29;1;0;5;0;15;0;0;0;0;0;0;0;
1700;Fieberhafte Verteidigung;Frenzied Defense;Haltung. 8 Sekunde[n] lang habt Ihr eine 75%ige Chance Angriffe zu blocken, dafür erleidet Ihr aber doppelten Schaden.;3;-1;29;1;0;5;0;10;0;0;0;0;0;0;0;
1701;Ruhige Haltung;Steady Stance;Elite-Haltung. 10 Sekunde[n] lang erhaltet Ihr das nächste Mal, wenn Ihr zu Boden geworfen würdet, stattdessen 1..4 Adrenalinstöße und 1..7 Energiepunkt[e].;3;21;29;1;0;5;0;4;0;0;1;0;0;0;0;
1702;Hieb des stählernen Fangzahns;Steelfang Slash;Schwertangriff. Wenn dieser Angriff erfolgreich ist, fügt Ihr +1..31 Punkt[e] Schaden zu. Wenn Ihr einen Gegner trefft, der zu Boden geworfen wurde, erhaltet Ihr 1..5 Adrenalin.;3;20;10;1;0;0;0;1;7;0;0;0;0;0;0;
1719;Schreischuss;Screaming Shot;Bogenangriff. Wenn dieser Angriff erfolgreich ist, fügt Ihr +10..25 Punkt[e] Schaden zu. Wenn Euer Gegner in Hörweite ist, leidet er 5..20 Sekunde[n] lang an einer Blutung.;3;25;2;2;0;10;0;8;0;0;0;0;0;0;0;
1720;Scharfer Pfeil;Keen Arrow;Bogenangriff. Wenn dieser Angriff erfolgreich ist, fügt Ihr +5..20 Punkt[e] Schaden zu. Falls Ihr einen kritischen Treffer landet, fügt Ihr zusätzlich 5..25 Punkt[e] Schaden zu.;3;25;2;2;0;5;0;6;0;0;0;0;0;0;0;
1721;Gemeinsam toben;Rampage as One;Elite-Fertigkeit. 3..15 Sekunde[n] lang greift Ihr und Euer Tiergefährte um 33% schneller an und lauft um 25% schneller.;3;22;1;2;0;25;0;10;0;0;1;0;0;0;0;
1722;Gegabelter Pfeil;Forked Arrow;Bogenangriff. Schießt zwei Pfeile gleichzeitig auf den Gegner ab. Wenn Ihr mit einer Verzauberung oder Verhexung belegt seid, schießt Ihr nur einen Pfeil ab.;3;-1;2;2;0;10;0;5;0;0;0;0;0;0;0;
1723;Unterbrechende Genauigkeit;Disrupting Accuracy;Vorbereitung. Während der nächsten 36 Sekunde[n] unterbrechen Eure Pfeile bei jedem kritischen Treffer auch Euer Ziel.;3;25;17;2;0;5;2;12;0;0;0;0;0;0;0;
1724;Gewandtheit des Profis;Expert's Dexterity;Elite-Haltung. 1..20 Sekunde[n] lang greift Ihr um 33% schneller an und Euer Attribut Treffsicherheit ist um 2 erhöht.;3;23;29;2;0;5;0;20;0;0;1;0;0;0;0;
1725;Tosender Wind;Roaring Winds;Naturritual. Erstellt einen Geist der Stufe 1..10. Anfeuerungsrufe und Schreie kosten 1..5 Punkt[e] mehr Energie. Dieser Geist stirbt nach 30..180 Sekunde[n].;3;24;19;2;0;10;2;60;0;0;0;0;0;0;0;
1726;Verderben des Magiers-Schuss;Magebane Shot;Elite-Bogenangriff. Wenn dieser Angriff erfolgreich ist, unterbricht er die Aktion des Gegners. Wenn diese Aktion ein Zauber war, wird er zusätzlich 10 Sekunden[n] lang deaktiviert. Dieser Angriff kann nicht geblockt werden.;3;-1;2;2;0;10;.5;5;0;0;1;0;0;0;0;
1727;Natürlicher Schwung;Natural Stride;Haltung. 1..8 Sekunde[n] lang lauft Ihr um 33% schneller und habt eine 50%ige Chance, Angriffe zu blocken. Natürlicher Schwung endet, wenn Ihr verhext oder verzaubert werdet.;3;24;29;2;0;5;0;12;0;0;0;0;0;0;0;
1728;Heket-Toben;Heket's Rampage;Haltung. 5..11 Sekunde[n] lang sind Eure Angriffe um 33% schneller. Diese Haltung endet, sobald Ihr eine Angriffsfertigkeit verwendet.;3;22;29;2;0;5;0;10;0;0;0;0;0;0;0;
1729;Rauchfalle;Smoke Trap;Elite-Falle. Wenn die Rauchfalle ausgelöst wird, werden Gegner im Bereich 5..10 Sekunden lang geblendet und benommen. Die Rauchfalle endet nach 90 Sekunden. Beim Aktivieren dieser Fertigkeit könnt Ihr leicht unterbrochen werden.;3;24;30;2;0;10;2;15;0;0;1;0;0;0;0;
1730;Irritierende Hitze;Infuriating Heat;Elite-Naturritual. Erstellt einen Geist der Stufe 1..10. Kreaturen in seiner Reichweite, die keine Geister sind, erhalten Adrenalin doppelt so schnell. Dieser Geist stirbt nach 30..120 Sekunde[n].;3;23;19;2;0;5;2;15;0;0;1;0;0;0;0;
1731;Lautstark war Sogolon;Vocal Was Sogolon;Gegenstandszauber. 60 Sekunde[n] lang dauern alle von Euch verwendeten Schreie und Anfeuerungsrufe um 20..50% länger an.;3;33;25;8;0;10;1;30;0;0;0;0;0;0;0;
1732;Vernichtend war Glaive;Destructive Was Glaive;Elite-Gegenstandszauber. Haltet Glaives Asche bis zu 30..60 Sekunde[n] lang. Während Ihr ihre Asche haltet, haben alle Ritualisten-Fertigkeiten eine Rüstungsdurchdringung von 20%. Wenn Ihr ihre Asche fallen lasst, erleiden alle Feinde in dem Bereich 15..85 Punkt[e] Blitzschaden.;3;34;25;8;0;5;.75;5;0;0;1;0;0;0;0;
1733;Stoß des Ausübers;Wielder's Strike;Zauber. Der Gegner erleidet 10..60 Punkte Blitzschaden. Wenn Ihr unter dem Einfluss eines Waffenzaubers steht, fügt Ihr zusätzlich 10..50 Punkt[e] Blitzschaden zu.;3;34;22;8;0;5;1;6;0;0;0;0;0;0;0;
1734;Wütendes Starren;Gaze of Fury;Binderitual. Vernichtet den anvisierten Geist und erstellt einen Geist der Wut der Stufe 1..14. Die Angriffe dieses Geistes fügen 5..20 Punkt[e] Schaden zu. Dieser Geist stirbt nach 30..60 Sekunde[n].;3;34;18;8;0;10;.75;20;0;0;0;0;0;0;0;
1736;Geistesstärke;Spirit's Strength;Elite-Verzauberung. 15..60 Sekunde[n] lang fügen Eure Angriffe 5..35 Punkt[e] mehr Schaden zu, wenn Ihr unter den Auswirkungen eines Waffenzaubers steht.;3;36;23;8;0;5;1;20;0;0;1;0;0;0;0;
1737;Eifer des Ausübers;Wielder's Zeal;Elite-Verzauberung. 10..40 Sekunde[n] lang erhaltet Ihr jedes Mal, wenn Ihr einen Waffenzauber auf einen Verbündeten wirkt, 1..5 Energiepunkt[e].;3;36;23;8;0;5;1;10;0;0;1;0;0;0;0;
1738;Sicht jenseits der Sicht;Sight Beyond Sight;Verzauberung. Ihr könnt 8..20 Sekunde[n] lang nicht geblendet werden.;3;36;23;8;0;5;.25;15;0;0;0;0;0;0;0;
1739;Erneuernde Erinnerungen;Renewing Memories;Verzauberung. 5..20 Sekunde[n] lang kostet Euch beim Halten eines Gegenstandes das Wirken aller Waffen- und Gegenstandszauber um 5..35% weniger Energie.;3;36;23;8;0;5;1;20;0;0;0;0;0;0;0;
1740;Mittel des Ausübers;Wielder's Remedy;Verzauberung. 10..30 Sekunden lang verliert ein Verbündeter jedes Mal 2 Zustände, wenn Ihr einen Waffenzauber auf ihn wirkt.;3;36;23;8;0;3;1;10;0;0;0;0;0;0;0;
1741;Geisterspiegel-Licht;Ghostmirror Light;Zauber. Der Verbündete wird um 15..90 Lebenspunkt[e] geheilt. Wenn Ihr Euch in Hörweite eines Geistes befindet, werdet Ihr ebenfalls um 15..90 Lebenspunkt[e] geheilt.;3;33;22;8;0;5;1;3;0;0;0;0;0;0;0;
1742;Siegel der Macht der Geister;Signet of Ghostly Might;Elite-Siegel. 5..20 Sekunde[n] lang greifen alle von Euch kontrollierten Geister in Hörweite um 33% schneller an und richten um +5..10 Punkte mehr Schaden an.;3;32;21;8;0;0;1;15;0;0;1;0;0;0;0;
1743;Siegel der Bindung;Signet of Binding;Siegel. Ihr verliert 200..50 Lebenspunkt[e] und übernehmt die Kontrolle über den vom Gegner kontrollierten Geist. (Bei einer Macht des Herbeirufens von 4 oder weniger besteht eine 50%ige Wahrscheinlichkeit für einen Misserfolg.);3;36;21;8;0;0;2;15;0;0;0;0;0;0;0;
1744;Angriff des Verwalters;Caretaker's Charge;Elite-Zauber. Der Gegner erleidet 20..85 Punkt[e] Blitzschaden. Wenn Ihr einen Gegenstand haltet, erhaltet Ihr 7 Energiepunkte und 5..50 Lebenspunkt[e].;3;34;22;8;0;5;1;4;0;0;1;0;0;0;0;
1745;Qual;Anguish;Binderitual. Erstellt einen Geist der Stufe 1..11. Die Angriffe dieses Geistes fügen 5..20 Punkt[e] Schaden zu und verursachen bei verhexten Feinden doppelten Schaden. Dieser Geist stirbt nach 15..45 Sekunde[n].;3;32;18;8;0;15;.75;45;0;0;0;0;0;0;0;
1747;Ermächtigung;Empowerment;Binderitual. Erstellt einen Geist der Stufe 1..14. Alle Verbündeten in seiner Reichweite, die einen Gegenstand halten, erhalten 15..45 maximale Lebenspunkt[e] und 10 maximale Energiepunkte. Dieser Geist stirbt nach 15..60 Sekunde[n].;3;36;18;8;0;5;.75;30;0;0;0;0;0;0;0;
1748;Gesundung;Recovery;Binderitual. Erstellt einen Geist der Stufe 1..14. Zustände, mit denen Verbündeten in Reichweite dieses Geistes belegt sind, enden um 20..50% schneller. Dieser Geist stirbt nach 30..60 Sekunde[n].;3;33;18;8;0;15;.75;30;0;0;0;0;0;0;0;
1749;Waffe der Wut;Weapon of Fury;Elite-Waffenzauber. 5..20 Sekunde[n] lang erhält der Verbündete (bzw. Ihr selbst) bei jedem erfolgreichen Treffer mit einem Angriff um 100% mehr Adrenalin und 1 Energiepunkt.;3;34;27;8;0;5;1;8;0;0;1;0;0;0;0;
1750;Xinraes Waffe;Xinrae's Weapon;Elite-Waffenzauber. Wenn der Verbündete (bzw. Ihr selbst) innerhalb der nächsten 8 Sekunde[n] das nächste Mal Schaden durch einen Feind erleidet, ist dieser Schaden auf 5% der maximalen Lebenspunkte des Verbündeten begrenzt und er entzieht dem Gegner bis zu 20..80 Lebenspunkt[e].;3;33;27;8;0;5;.25;3;0;0;1;0;0;0;0;
1751;Waffe des Kriegshetzers;Warmonger's Weapon;Waffenzauber. Während der nächsten 3..13 Sekunde[n] wird jedes Mal, wenn der Verbündete einen Feind angreift, der selbst nicht angreift, dieser Feind unterbrochen.;3;34;27;8;0;10;1;30;0;0;0;0;0;0;0;
1752;Waffe der Behebung;Weapon of Remedy;Elite-Waffenzauber. 8 Sekunden lang stiehlt der Zielverbündete das nächste Mal, wenn ein Gegner ihm Schaden oder Lebensentzug zufügt, diesem Gegner bis zu 20..80 Lebenspunkte, und er verliert 2 Zustände.;3;33;27;8;0;3;.25;3;0;0;1;0;0;0;0;
1753;Zerreißender Schwung;Rending Sweep;Sensenangriff. Ihr richtet +5..20 Punkt[e] Schaden an und verliert 1 Derwisch-Verzauberung. Wenn eine Verzauberung entfernt wird, entfernt Ihr eine Verzauberung von jedem Feind, den Ihr trefft.;3;41;9;10;0;0;0;0;6;0;0;0;0;0;0;
1754;Attacke;Onslaught;Elite-Blitzverzauberung. 3..15 Sekunde[n] lang erfolgen Eure Angriffe, Bewegungen und Euer Adrenalingewinn um 25% schneller.;3;42;33;10;0;10;0;10;0;0;1;0;0;0;0;
1755;Mystische Verdorbenheit;Mystic Corruption;Blitzverzauberung. Alle umstehenden Feinde leiden 1..10 Sekunde[n] lang an Krankheit. 20 Sekunde[n] lang geschieht nichts. Wenn Ihr verzaubert seid, während Ihr diese Fertigkeit aktiviert, wird die Dauer von Krankheit verdoppelt. Wenn diese Verzauberung endet, werden alle Gruppenmitglieder in Hörweite von Krankheit geheilt.;3;44;33;10;0;5;0;10;0;0;0;0;0;0;0;
1756;Grenths Griff;Grenth's Grasp;Elite-Blitzverzauberung. For 20 seconds, your attack skills also Cripple that foe for 1..11 seconds and you transfer 1..3 conditions from yourself to that foe.;3;42;33;10;0;5;0;10;0;0;1;0;0;0;0;
1757;Dornenschleier;Veil of Thorns;Blitzverzauberung. Wenn Ihr Verzauberung wirkt, erleiden alle Feinde in der Nähe 5..50 Punkt[e] Stichschaden. 5..25 Sekunde[n] lang erleidet Ihr von Zaubern 5..35% weniger Schaden.;3;43;33;10;0;10;0;15;0;0;0;0;0;0;0;
1758;Griff des Läufers;Harrier's Grasp;Blitzverzauberung. Während der nächsten 5..20 Sekunde[n] fügen Angriffe gegen Feinde, die sich bewegen, dem Feind 2..9 Sekunde[n] "Verkrüppelung" zu. Wenn Ihr diese Verzauberung wirkt, werden Verkrüppelung und 1 weiterer Zustand von Euch entfernt. Diese Verzauberung endet, wenn Ihr 1..3 Mal Verkrüppelung zugefügt habt.;3;42;33;10;0;10;0;15;0;0;0;0;0;0;0;
1759;Gelübde der Stärke;Vow of Strength;Elite-Verzauberung. Wenn Ihr einen Gegner mit Eurer Sense angreift, fügt Ihr 15 Sekunde[n] lang allen umstehenden Gegnern 10..25 Punkt[e] Hiebschaden zu.;3;43;23;10;0;5;.25;20;0;0;1;0;0;0;0;
1760;Ebon-Staubaura;Ebon Dust Aura;Elite-Blitzverzauberung. Wenn Ihr diese Verzauberung wirkt, werden alle Feinde in der Nähe 1..7 Sekunde[n] lang geblendet. 30 Sekunde[n] fügen Eure Nahkampfangriffe +3..30 Punkt[e] Erdschaden zu, wenn Ihr eine Erdwaffe führt. Wenn diese Verzauberung endet, werdet Ihr von Blindheit geheilt.;3;43;33;10;0;10;0;20;0;0;1;0;0;0;0;
1761;Eifriges Gelübde;Zealous Vow;Elite-Verzauberung. 20 Sekunde[n] lang beträgt Eure Energieregeneration -2 und Ihr bekommt jedes Mal, wenn einer Eurer Angriffe trifft, 1..6 Energiepunkt[e].;3;42;23;10;0;5;.25;12;0;0;1;0;0;0;0;
1762;Herz der Wut;Heart of Fury;Haltung. 2..10 Sekunde[n] lang sind Eure Angriffe um 25% schneller.;3;44;29;10;0;0;0;0;3.2;0;0;0;0;0;0;
1763;Eifrige Erneuerung;Zealous Renewal;Blitzverzauberung. Alle in der Nähe befindlichen Gegner erleiden 5..30 Punkt[e] heiligen Schaden. 5..25 Sekunde[n] lang beträgt Eure Energieregeneration -1 und Ihr bekommt jedes Mal, wenn einer Eurer Angriffe trifft, 1 Energiepunkt. Wenn diese Verzauberung vorzeitig endet, erhaltet Ihr 1..5 Energiepunkt[e].;3;44;33;10;0;5;0;10;0;0;0;0;0;0;0;
1764;Einblick des Angreifers;Attacker's Insight;Blitzverzauberung. 3..10 Sekunde[n] lang habt Ihr eine Chance von 50%, beim Angreifen zu blocken. Wenn diese Verzauberung endet, fügt Ihr allen umstehenden Feinden 3..15 Sekunde[n] lang Schwäche zu.;3;42;33;10;0;10;0;10;0;0;0;0;0;0;0;
1765;Zerreißende Aura;Rending Aura;Blitzverzauberung. Wenn Ihr diese Verzauberung wirkt, erleiden alle Feinde in der Nähe 10..40 Punkt[e] Kälteschaden. 30 Sekunde[n] lang entfernen Eure Angriffsfertigkeiten Verzauberungen von zu Boden geworfenen Feinden. Wenn diese Verzauberung endet, leiden in der Nähe befindliche Feinde 1..10 Sekunde[n] unter "Beschädigte Rüstung".;3;42;33;10;0;10;0;10;0;0;0;0;0;0;0;
1766;Anmut des Federfußes;Featherfoot Grace;Verzauberung. 5..20 Sekunde[n] lang bewegt Ihr Euch um 25% schneller und Zustände enden um 50% schneller.;3;42;23;10;0;10;.25;15;0;0;0;0;0;0;0;
1767;Schwung des Schnitters;Reaper's Sweep;Elite-Sensenangriff. Wenn dieser Angriff erfolgreich ist, leidet Euer Gegner 3..15 Sekunde[n] lang an Verkrüppelung. Ihr verliert 1 Derwisch-Verzauberung. Wenn eine Verzauberung entfernt wurde, wirft dieser Angriff 2..3 Sekunde[n] lang zu Boden,;3;41;9;10;0;0;0;0;7;0;1;0;0;0;0;
1768;Eile des Läufers;Harrier's Haste;Blitzverzauberung. 2..8 Sekunde[n] lang bewegt Ihr Euch um 25% schneller und fügt Feinden, die sich bewegen, +3..12 Punkt[e] mehr Schaden zu.;3;42;33;10;0;10;0;10;0;0;0;0;0;0;0;
1769;Konzentrierter Zorn;Focused Anger;Elite-Fertigkeit. 45 Sekunde[n] lang erhaltet Ihr um 0..150% mehr Adrenalin.;3;40;1;9;0;10;0;45;0;0;1;0;0;0;0;
1770;Natürliche Laune;Natural Temper;Fertigkeit. 4..15 Sekunde[n] lang erhaltet Ihr um 33% mehr Adrenalin, wenn Ihr nicht mit einer Verzauberung belegt seid.;3;40;1;9;0;0;0;0;3;0;0;0;0;0;0;
1771;Gesang der Wiederherstellung;Song of Restoration;Elite-Anfeuerungsruf. 10 Sekunde[n] lang erhält jedes Gruppenmitglied in Hörweite, wenn es das nächste Mal eine Fertigkeit einsetzt, 45..110 Lebenspunkt[e].;3;39;13;9;0;10;1;10;0;0;1;0;0;0;0;
1772;Lyrik der Läuterung;Lyric of Purification;Anfeuerungsruf. Während der nächsten 5..20 Sekunde[n] lang verliert jeder Verbündete in Hörweite bei der nächsten Verwendung eines Siegels 1 Zustand.;3;39;13;9;0;5;1;10;0;0;0;0;0;0;0;
1773;Wut des Soldaten;Soldier's Fury;Elite-Echo. 10..35 Sekunde[n] lang greift Ihr um 33% schneller an und erhaltet um 33% mehr Adrenalin, wenn Ihr mit einem Anfeuerungsruf oder Schrei belegt seid, allerdings habt Ihr -20 Rüstung.;3;40;14;9;0;5;1;5;0;0;1;0;0;0;0;
1774;Aggressiver Refrain;Aggressive Refrain;Echo. 5..25 Sekunde[n] lang sind Eure Angriffe um 25% schneller, aber Ihr habt -20 Rüstung. Dieses Echo wird jedes Mal wiederholt, wenn ein auf Euch gerichteter Anfeuerungsruf oder Schrei endet.;3;40;14;9;0;15;1;20;0;0;0;0;0;0;0;
1775;Energie bringendes Finale;Energizing Finale;Echo. 10..35 Sekunde[n] lang erhält der Nicht-Geister-Verbündete jedes Mal, wenn ein auf ihn gerichteter Anfeuerungsruf oder Schrei endet, 1..2 Energiepunkt[e].;3;39;14;9;0;10;1;5;0;0;0;0;0;0;0;
1776;Siegel der Aggression;Signet of Aggression;Siegel. Wenn Ihr mit einem Schrei oder Anfeuerungsruf belegt seid, erhaltet Ihr 2 Adrenalinstöße.;3;-1;21;9;0;0;1;5;0;0;0;0;0;0;0;
1777;Heilmittel-Siegel;Remedy Signet;Siegel. Ihr verliert 1 Zustand.;3;-1;21;9;0;0;1;4;0;0;0;0;0;0;0;
1778;Siegel der Wiederkehr;Signet of Return;Siegel. Belebt das ausgewählte Gruppenmitglied mit 5..20% seiner Lebens- und 1..4% seiner Energiepunkte pro Gruppenmitglied in Hörweite.;3;40;21;9;0;0;4;5;0;0;0;0;0;0;0;
1779;"Nehmt Euch Zeit!";"Make Your Time!";Schrei. Ihr erhaltet 2 Adrenalinschläge für jedes Gruppenmitglied in Hörweite (maximal 1..8 Adrenalin).;3;40;20;9;0;10;0;10;0;0;0;0;0;0;0;
1780;"Darf nicht angerührt werden!";"Can't Touch This!";Schrei. Während der nächsten 20 Sekunde[n] scheitern der nächste[n] gegen Verbündete in Hörweite gerichtete[n] 1..5 Berührungs-Fertigkeit[en].;3;38;20;9;0;5;0;10;0;0;0;0;0;0;0;
1781;"Findet ihren Schwachpunkt!";"Find Their Weakness!";Schrei. 5..20 Sekunden[n] lang verursacht der nächste Angriff des Verbündeten +5..50 Schaden sowie 5..20 Sekunde[n] lang eine Tiefe Wunde.;3;38;20;9;0;10;0;15;0;0;0;0;0;0;0;
1782;"Die Macht ist Euer!";"The Power Is Yours!";Elite-Schrei. 2..4 Sekunde[n] lang erhalten alle Verbündeten in Hörweite 1..2 Energieregeneration.;3;39;20;9;0;0;0;0;4;0;1;0;0;0;0;
1783;Speer des Würgers;Slayer's Spear;Speerangriff. Wenn dieser Angriff erfolgreich ist, fügt Ihr +5..25 Punkt[e] Schaden zu. Wenn der Gegner mehr Lebenspunkte als Ihr hat, leidet er 5..20 Sekunde[n] lang an einer Tiefen Wunde.;3;37;12;9;0;10;0;4;0;0;0;0;0;0;0;
1784;Schneller Speer;Swift Javelin;Speerangriff. Wenn dieser Angriff erfolgreich ist, fügt Ihr +5..20 Punkt[e] Schaden zu. Wenn Ihr mit einer Verzauberung belegt seid, fliegt dieser Speer doppelt so schnell und kann nicht geblockt werden.;3;37;12;9;0;5;0;10;0;0;0;0;0;0;0;
1814;Blick des Lichtbringers;Lightbringer's Gaze;Fertigkeit. Der ausgewählte dämonische Diener Abaddons erleidet 100 Punkt[e] heiligen Schaden und wird unterbrochen. Diese Fertigkeit trifft pro Rang, den Ihr bei Lichtbringer erworben habt, einen zusätzlichen Feind in dem Bereich. Diese Fertigkeit wird nach ihrer Verwendung 15 Sekunden lang deaktiviert.;3;-3;1;0;0;5;1;15;0;0;0;1;0;0;0;
1815;Lichtbringer-Siegel;Lightbringer Signet;Siegel. Wenn Ihr Euch im Bereich eines dämonischen Dieners Abaddons befindet, erhaltet Ihr 3..5 Adrenalinstöße und 16..24 Energiepunkt[e].;3;-3;21;0;0;0;.25;25;0;0;0;1;0;0;0;
1816;Sonnenspeer-Wiedergeburtssiegel;Sunspear Rebirth Signet;Siegel. Das tote Gruppenmitglied wird an Eurer Position mit vollen Lebenspunkten und 10% Energiepunkte pro Sonnenspeer-Rang, den Ihr erreicht habt, wiederbelebt. Das Siegel kann nur einmal pro Mission verwendet werden, es sei denn, es wird durch einen Moralschub aufgeladen.;3;-2;21;0;0;0;3;0;0;0;0;1;0;0;0;
1948;Schattenzuflucht;Shadow Sanctuary;Verzauberung. Ihr seid 5 Sekunde[n] lang geblendet. 10 Sekunde[n] lang erhaltet Ihr +7..10 Lebenspunktregeneration und +40 Rüstung.;2;-4;23;7;0;5;.25;30;0;0;0;1;0;0;0;
1949;Äther-Alptraum;Ether Nightmare;Verhexung. Der Gegner verliert 5..8 Energiepunkt[e]. Der Gegner und alle Feinde in dem Bereich erleiden 10 Sekunde[n] lang eine Lebenspunktdegeneration in Höhe der verlorenen Energiepunkte.;2;-4;24;5;0;10;3;25;0;0;0;1;0;0;0;
1950;Siegel der Verdorbenheit;Signet of Corruption;Siegel. Der Gegner und alle Feinde in der Nähe erleiden 20..30 Punkte Schaden. Pro betroffenen Feind, der unter einem Zustand oder einer Verhexung leidet, erhaltet Ihr 2 Punkt[e] Energie (maximal 12..20 Punkt[e]).;2;-4;21;4;0;0;1;20;0;0;0;1;0;0;0;
1951;Elementarlord;Elemental Lord;Verzauberung. 40..60 Sekunde[n] lang erhalten Eure Elementarattribute einen Schub von 1. Jedes Mal, wenn Ihr einen Zauber wirkt, erhaltet Ihr 1 Energiepunkt pro 10 Ränge in Energiespeicherung und werdet um 100..300% der Energiekosten dieses Zaubers geheilt.;2;-4;23;6;0;5;.25;45;0;0;0;1;0;0;0;
1952;Selbstloser Geist;Selfless Spirit;Verzauberung. 15..20 Sekunde[n] lang kosten von Euch auf einen weiteren Verbündeten gewirkte Zauber 3 Punkt[e] weniger Energie.;2;-4;23;3;0;5;.25;45;0;0;0;1;0;0;0;
1953;Dreifachschuss;Triple Shot;Bogenangriff. 3 Pfeile werden gleichzeitig auf den Gegner abgefeuert. Diese Pfeile fügen 40..25% weniger Schaden zu.;2;-4;2;2;0;10;0;10;0;0;0;1;0;0;0;
1954;"Rettet Euch selbst!";"Save Yourselves!";Schrei. 4..6 Sekunden lang erhalten alle anderen Gruppenmitglieder +100 Rüstung.;2;-4;20;1;0;0;0;0;8;0;0;1;0;0;0;
1955;Aura der Heiligen Macht;Aura of Holy Might;Verzauberung. Wenn Ihr eine Derwisch-Verzauberung verliert, fügt Ihr 45 Sekunde[n] lang allen umstehenden Feinden 20..25 Punkt[e] heiligen Schaden zu.;2;-4;23;10;0;10;.75;30;0;0;0;1;0;0;0;
1957;Speer der Wut;Spear of Fury;Speerangriff. Dieser Angriff fügt +30..40 Punkt[e] Schaden zu. Wenn er einen Feind trifft, der an einem Zustand leidet, erhaltet Ihr 3..6 Adrenalinstöße.;2;-4;12;9;0;5;1;8;0;0;0;1;0;0;0;
1986;Vampirangriff;Vampiric Assault;Doppelangriff. Muss einem Begleithandangriff folgen. Wenn dieser Angriff erfolgreich ist, entzieht Ihr 10..40 Lebenspunkt[e].;4;30;7;7;0;5;0;8;0;0;0;0;0;0;0;
1987;Lotus-Stoß;Lotus Strike;Begleithandangriff. Muss einem Leithandangriff folgen. Wenn dieser Angriff erfolgreich ist, fügt er +10..25 Punkt[e] Schaden zu und Ihr erhaltet 5..20 Energiepunkt[e].;4;29;6;7;0;10;0;12;0;0;0;0;0;0;0;
1988;Goldfangstoß;Golden Fang Strike;Begleithandangriff. Muss einem Leithandangriff folgen. Wenn Ihr verzaubert seid und dieser Angriff einen Treffer landet, leidet der Gegner 5..20 Sekunde[n] lang an einer Tiefen Wunde.;4;29;6;7;0;5;0;4;0;0;0;0;0;0;0;
1990;Fallender Lotus-Stoß;Falling Lotus Strike;Begleithandangriff. Muss einen zu Boden geworfenen Gegner treffen. Wenn Ihr erfolgreich seid, fügt Ihr +15..35 Punkt[e] Schaden zu und erhaltet 1..12 Energiepunkt[e].;4;29;6;7;0;5;0;8;0;0;0;0;0;0;0;
1991;Siegel des Sadisten;Sadist's Signet;Siegel. Ihr erhaltet pro Zustand auf dem Gegner 10..45 Lebenspunkt[e].;4;30;21;7;0;0;1;8;0;0;0;0;0;0;0;
1992;Siegel der Ablenkung;Signet of Distraction;Siegel. Falls der Gegner einen Zauber wirkt, wird dieser unterbrochen und pro Siegel, das Ihr ausgerüstet habt, 1..5 Sekunde[n] lang deaktiviert.;4;2;21;5;0;0;.25;15;0;0;0;0;0;0;0;
1993;Siegel der Zurückrufung;Signet of Recall;Siegel. 6 Sekunde[n] lang beträgt Eure Energieregeneration -4. Wenn dieser Effekt endet, erhaltet Ihr 13..20 Energiepunkt[e].;4;3;21;5;0;0;.25;20;0;0;0;0;0;0;0;
1994;Kraftsperre;Power Lock;Zauber. Falls der Gegner einen Zauber oder Anfeuerungsruf wirkt, wird dieser unterbrochen und zusätzlich 5..13 Sekunde[n] lang deaktiviert.;4;2;22;5;0;5;.25;20;0;0;0;0;0;0;0;
1995;Spare in der Zeit ...;Waste Not, Want Not;Zauber. Wenn der Gegner keinen Zauber wirkt oder angreift, erhaltet Ihr 8..13 Energiepunkt[e].;4;3;22;5;0;5;.25;15;0;0;0;0;0;0;0;
1996;Summe aller Ängste;Sum of All Fears;Verhexung. 4..12 Sekunde[n] lang sind die Bewegungen, Angriffe und Wirkgeschwindigkeit von Zaubern des Gegners um 33% langsamer.;4;1;24;5;0;10;1.5;10;0;0;0;0;0;0;0;
1997;Verkümmernde Aura;Withering Aura;Verzauberung. 5..20 Sekunde[n] lang verursachen die Nahkampfangriffe des Verbündeten (bzw. Eure eigenen) 5..20 Sekunde[n] lang Schwäche.;4;5;23;4;0;5;1;3;0;0;0;0;0;0;0;
1998;Kakophonie;Cacophony;Verhexung. 15 Sekunde[n] lang erleidet der Gegner jedes Mal, wenn er einen Schrei oder Anfeuerungsruf benutzt, 30..105 Punkt[e] Schaden.;4;7;24;4;0;10;1;15;0;0;0;0;0;0;0;
1999;Umarmung des Winters;Winter's Embrace;Verhexung. Während der nächsten 2..6 Sekunde[n] bewegt sich der Gegner um 66% langsamer und erleidet 5..15 Punkt[e] Schaden, während er sich bewegt.;4;11;24;6;0;10;.75;15;0;0;0;0;0;0;0;
2000;Irdene Fesseln;Earthen Shackles;Verhexung. 3 Sekunden lang bewegen sich der Gegner und alle Feinde in der Nähe um 90% langsamer. Wenn Irdene Fesseln endet, verursacht es Schwäche für 5..20 Sekunden;4;9;24;6;0;10;1;15;0;0;0;0;0;0;0;
2001;Kreis der Schwäche;Ward of Weakness;Abwehrzauber. Erzeugt an Eurer gegenwärtigen Position einen Kreis der Schwäche. 5..20 Sekunde[n] lang werden Feinde in diesem Bereich jedes Mal, wenn sie Elementarschaden erleiden, für 5..20 Sekunde[n] geschwächt.;4;9;26;6;0;5;1;20;0;0;0;0;0;0;0;
2002;Glyphe der Schnelligkeit;Glyph of Swiftness;Glyphe. 15 Sekunde[n] lang werden Eure nächsten 1..5 Zauber um 25% schneller wieder aufgeladen und Geschosse von ihnen bewegen sich um 200% schneller.;4;8;16;6;0;5;1;10;0;0;0;0;0;0;0;
2003;Verhexung heilen;Cure Hex;Zauber. Entfernt eine Verhexung vom Verbündeten (bzw. Euch selbst). Wenn eine Verhexung entfernt wurde, wird der Verbündete um 30..100 Lebenspunkt[e] geheilt.;4;13;22;3;0;5;1;12;0;0;0;0;0;0;0;
2004;Zustand zerschlagen;Smite Condition;Zauber. Entfernt einen Zustand vom Verbündeten (bzw. Euch selbst). Wenn ein Zustand entfernt wurde, erleiden Gegner in dem Bereich 10..60 Punkt[e] heiligen Schaden.;4;14;22;3;0;5;1;7;0;0;0;0;0;0;0;
2005;Segen des Peinigers;Smiter's Boon;Verzauberung. 30 Sekunde[n] lang haben Eure Peinigungsgebete den doppelten Gunst-der-Götter-Bonus.;4;16;23;3;0;5;.25;10;0;0;0;0;0;0;0;
2006;Geißelungs-Siegel;Castigation Signet;Siegel. Der Gegner erleidet 26..56 Punkt[e] heiligen Schaden. Falls er angegriffen hat, erhaltet Ihr 4..14 Energiepunkt[e].;4;14;21;3;0;0;1;15;0;0;0;0;0;0;0;
2007;Reinigender Schleier;Purifying Veil;Verzauberung. Während Ihr diese Verzauberung aufrechterhaltet, enden Zustände auf den Verbündeten (bzw. Euch selbst) um 5..50% schneller. Wenn diese Verzauberung endet, wird ein Zustand vom Verbündeten entfernt.;4;15;23;3;-1;5;1;6;0;0;0;0;0;0;0;
2008;Zermalmender Schlag;Pulverizing Smash;Hammerangriff. Wenn Ihr einen Gegner trefft, der zu Boden geworfen wurde, leidet dieser 5..20 Sekunde[n] lang an Schwäche und an einer Tiefen Wunde.;4;19;8;1;0;0;0;0;3.2;0;0;0;0;0;0;
2009;Verwegener Hieb;Keen Chop;Axtangriff. Wenn er erfolgreich ist, führt dieser Angriff immer zu einem kritischen Treffer.;4;18;4;1;0;0;0;0;3;0;0;0;0;0;0;
2010;Knieschneider;Knee Cutter;Schwertangriff. Wenn dieser Angriff einen verkrüppelten Feind trifft, erhaltet Ihr 2..7 Energiepunkt[e] und 1..3 Adrenalinstöße.;4;20;10;1;0;0;0;1;4.8;0;0;0;0;0;0;
2011;Raufen;Grapple;Fertigkeit. Der berührte Gegner und Ihr werden zu Boden geworfen. Ihr verliert Eure aktuelle Haltung.;4;-1;1;1;0;5;.75;8;0;0;0;0;0;0;0;
2012;Strahlende Sense;Radiant Scythe;Sensenangriff. Dieser Angriff verursacht pro Energiepunkt, den Ihr momentan habt, +1 Punkt Schaden (maximal 5..30 Punkt[e] Schaden). Wenn dieser Angriff trifft, erhaltet Ihr 1..7 Energiepunkt[e].;4;41;9;10;0;0;0;0;6;0;0;0;0;0;0;
2013;Grenths Aura;Grenth's Aura;Blitzverzauberung. 20 Sekunde[n] lang fügt Ihr 5..25 Punkt[e] weniger Schaden zu und stehlt 5..25 Lebenspunkt[e], wenn Ihr mit einer Sense trefft. Wenn Ihr Verzauberung wirkt, stehlt Ihr 5..25 Lebenspunkt[e] von allen umstehenden Feinden.;4;42;33;10;0;10;0;10;0;0;0;0;0;0;0;
2014;Siegel der frommen Zurückhaltung;Signet of Pious Restraint;Siegel. Entfernt 1 Derwisch-Verzauberung. Der anvisierte Gegner erhält 5..15 Sekunde[n] lang Verkrüppelung. Wenn eine Verzauberung entfernt wurde, erhalten alle Gegner im Umkreis Eures Ziels ebenfalls Verkrüppelung, und dieses Siegel wird um 75 % schneller wieder aufgeladen.;4;42;21;10;0;0;1;10;0;0;0;0;0;0;0;
2015;Sense des Bauern;Farmer's Scythe;Sensenangriff. Wenn dieser Angriff erfolgreich ist, fügt Ihr +5..20 Punkt[e] Schaden zu. Wenn Ihr mehr als einen Feind trefft, wird dieser Angriff sofort wieder aufgeladen.;4;41;9;10;0;5;0;12;0;0;0;0;0;0;0;
2016;Energisch war Lee Sa;Energetic Was Lee Sa;Gegenstandszauber. Haltet Lee Sas Asche 5..15 Sekunde[n] lang. Während Ihr ihre Asche haltet, erhaltet Ihr +2 Energieregeneration. Wenn Ihr ihre Asche fallen lasst, erhaltet Ihr +1..10 Energiepunkt[e].;4;36;25;8;0;10;2;20;0;0;0;0;0;0;0;
2017;Hymne der Müdigkeit;Anthem of Weariness;Anfeuerungsruf. 8 Sekunde[n] lang führt die nächste Angriffsfertigkeit von jedem Verbündeten in Hörweite auch 1..16 Sekunde[n] lang zu Schwäche.;4;38;13;9;0;5;1;10;0;0;0;0;0;0;0;
2018;Hymne der Störung;Anthem of Disruption;Anfeuerungsruf. 1..10 Sekunde[n] lang unterbricht die nächste Angriffsfertigkeit jedes Verbündeten in Hörweite außerdem eine Aktion.;4;38;13;9;0;10;1;15;0;0;0;0;0;0;0;
2051;Geister herbeirufen;Summon Spirits;Zauber. Alle von Euch kontrollierten Geister unternehmen einen Schattenschritt zu Eurer Position und erhalten 60..100 Lebenspunkte.;2;-4;22;8;0;5;.25;5;0;0;0;1;0;0;0;
2052;Schattenfangzahn;Shadow Fang;Verhexung. Ihr unternehmt einen Schattenschritt zum Gegner hin. 10 Sekunde[n] lang macht diese Verhexung nichts. Wenn sie endet, kehrt Ihr zu Eurer ursprünglichen Position zurück und der Gegner leidet 5..20 Sekunde[n] lang an einer Tiefen Wunde.;4;30;24;7;0;10;.25;20;0;0;0;0;0;0;0;
2053;Kalkuliertes Risiko;Calculated Risk;Verhexung. 3..24 Sekunde[n] lang fügen Angriffe des Gegners +10 Punkte Schaden zu, aber es gibt bei jedem Angriff eine Chance von 50%, dass der Schaden stattdessen dem Gegner zugefügt wird. (Maximal 15..100 Punkt[e] Schaden);4;1;24;5;0;5;1;7;0;0;0;0;0;0;0;
2054;Schrumpfende Rüstung;Shrinking Armor;Verhexung. 10 Sekunde[n] lang leidet der Gegner an einer Lebenspunktdegeneration von -1..4. Wenn diese Verhexung endet, hat der Gegner 5..20 Sekunde[n] lang eine Beschädigte Rüstung.;4;1;24;5;0;5;1;8;0;0;0;0;0;0;0;
2055;Aneurysma;Aneurysm;Zauber. Gegner erhält alle Energiepunkte zurück. Pro Energiepunkt, der auf diese Weise gewonnen wurde, erleidet der Gegner 1..3 Punkt[e] Schaden und alle umstehenden Gegner verlieren einen Energiepunkt. (Maximalverlust: 1..30 Energiepunkt[e]);4;2;22;5;0;5;1;5;0;0;0;0;0;0;0;
2056;Wanderndes Auge;Wandering Eye;Verhexung. 4 Sekunde[n] lang wird der nächste Angriff des Gegners, falls dieser anzugreifen versucht, unterbrochen und alle Feinde in der Nähe erleiden 30..110 Punkt[e] Schaden.;4;1;24;5;0;5;2;12;0;0;0;0;0;0;0;
2057;Widerliches Gelage;Foul Feast;Zauber. Alle Zustände werden vom Verbündeten auf Euch übertragen. Für jeden auf diese Weise erhaltenen Zustand erhaltet Ihr 0..45 Lebenspunkte und 2..4 Energiepunkte. Diese Fertigkeit lädt doppelt so schnell auf, wenn Ihr "Krankheit" von Eurem Ziel entfernt.;4;6;22;4;0;5;.25;4;0;0;0;0;0;0;0;
2058;Verwesende Galle;Putrid Bile;Verhexung. 5..25 Sekunde[n] lang unterliegt der Gegner einer Lebenspunktdegeneration von -1..3. Wenn er stirbt, während er mit dieser Verhexung belegt ist, erleiden alle Feinde in der Nähe 25..85 Punkt[e] Schaden.;4;5;24;4;0;10;1;12;0;0;0;0;0;0;0;
2059;Kriegsneurose;Shell Shock;Zauber. Der Gegner erleidet 10..30 Punkte Blitzschaden und leidet 5..20 Sekunden lang an Beschädigter Rüstung. Dieser Zauber hat eine Rüstungsdurchdringung von 25%. Wenn Ihr Überzaubert seid, trifft dieser Zauber umstehende Feinde.;4;8;22;6;0;5;1;8;0;0;0;0;0;0;0;
2060;Glyphe der Aufopferung;Glyph of Immolation;Glyphe. 15 Sekunde[n] lang führen Eure nächsten 1..4 Zauber, die einen Gegner anvisieren, außerdem 1..4 Sekunde[n] lang zu Brennen.;4;10;16;6;0;5;1;10;0;0;0;0;0;0;0;
2061;Geduldiger Geist;Patient Spirit;Verzauberung. 2 Sekunde[n] lang wird ein Verbündeter mit Geduldiger Geist verzaubert. Sofern diese Verzauberung nicht vorzeitig beendet wird, wird dieser Verbündete um 30..120 Lebenspunkt[e] geheilt, wenn diese Verzauberung endet.;4;13;23;3;0;5;.25;4;0;0;0;0;0;0;0;
2062;Heilendes Band;Healing Ribbon;Zauber. Der Verbündete wird um 20..110 Lebenspunkt[e] geheilt. Bis zu 2 zusätzliche Verbündete in der Nähe des Ziels werden um 10..100 Lebenspunkt[e] geheilt.;4;13;22;3;0;10;1;5;0;0;0;0;0;0;0;
2063;Aura der Stabilität;Aura of Stability;Verzauberung. 3..8 Sekunde[n] lang kann der Verbündete nicht zu Boden geworfen werden.;4;15;23;3;0;5;.25;12;0;0;0;0;0;0;0;
2064;Makelloser Verstand;Spotless Mind;Verzauberung. 1..15 Sekunde[n] lang verliert der Verbündete alle 5 Sekunde[n] lang eine Verhexung.;4;13;23;3;0;5;.25;12;0;0;0;0;0;0;0;
2065;Makellose Seele;Spotless Soul;Verzauberung. 1..15 Sekunde[n] lang verliert der Verbündete alle 3 Sekunde[n] lang einen Zustand.;4;13;23;3;0;5;.25;12;0;0;0;0;0;0;0;
2066;Entwaffnen;Disarm;Schwertangriff. Unterbricht die Aktion des Gegners. Falls diese Aktion ein Angriff war, werden alle Angriffsfertigkeiten des Gegners 0..3 Sekunde[n] lang deaktiviert.;4;17;10;1;0;5;.5;20;0;0;0;0;0;0;0;
2067;"Das war Absicht!";"I Meant to Do That!";Schrei. Wenn Ihr zu Boden geworfen wurdet, erhaltet Ihr 1..6 Adrenalinstöße.;4;17;20;1;0;5;0;8;0;0;0;0;0;0;0;
2068;Schnellfeuer;Rapid Fire;Vorbereitung. 5..25 Sekunde[n] lang sind Eure Angriffe um 33% schneller, wenn Ihr einen Bogen einsetzt.;4;25;17;2;0;5;2;12;0;0;0;0;0;0;0;
2069;Schuss des Faultierjägers;Sloth Hunter's Shot;Bogenangriff. Wenn dieser Angriff erfolgreich ist, erleidet der Gegner +10..25 Punkt[e] Schaden. Wenn er keine Fertigkeit verwendet, fügt Schuss des Faultierjägers zusätzlich 10..35 Punkt[e] Schaden zu.;4;25;2;2;0;10;0;8;0;0;0;0;0;0;0;
2070;Auraschneider;Aura Slicer;Nahkampfangriff. Wenn dieser Angriff erfolgreich ist, leidet Euer Gegner 5..15 Sekunde[n] lang an einer Blutung. Falls Ihr verzaubert seid, fügt Ihr außerdem 1..10 Sekunde[n] lang Beschädigte Rüstung zu.;4;44;3;10;0;0;0;0;3.2;0;0;0;0;0;0;
2071;Eifriger Schwung;Zealous Sweep;Sensenangriff. Wenn dieser Angriff erfolgreich ist, verursacht Ihr +5..20 Punkt[e] Schaden. Ihr erhaltet für jeden getroffenen Feind 3 Energiepunkt[e] und 1 Adrenalinstoß.;4;41;9;10;0;5;0;10;0;0;0;0;0;0;0;
2072;Rein war Li Ming;Pure Was Li Ming;Gegenstandszauber. Haltet Li Mings Asche 5..20 Sekunde[n] lang. Während Ihr ihre Asche haltet, enden Zustände, mit denen Ihr belegt seid, um 10..50% schneller. Wenn Ihr ihre Asche fallen lasst, verlieren alle Verbündeten in Hörweite 1..4 Zustände.;4;33;25;8;0;5;1;20;0;0;0;0;0;0;0;
2073;Waffe der Aggression;Weapon of Aggression;Waffenzauber. 5..15 Sekunde[n] lang sind Eure Angriffe um 25% schneller.;4;34;27;8;0;10;.25;10;0;0;0;0;0;0;0;
2074;Brusttrommler;Chest Thumper;Speerangriff. Wenn dieser Angriff einen Feind mit Beschädigter Rüstung trifft, leidet dieser 5..20 Sekunde[n] lang an einer Tiefen Wunde.;4;37;12;9;0;5;0;5;0;0;0;0;0;0;0;
2075;Hastiger Refrain;Hasty Refrain;Echo. 8..20 Sekunde[n] lang bewegt sich der Verbündete (bzw. Ihr selbst) um 25% schneller. Dieses Echo wird jedes Mal wiederholt, wenn ein auf diesen Verbündeten gerichteter Anfeuerungsruf oder Schrei endet.;4;40;14;9;0;5;1;10;0;0;0;0;0;0;0;
2091;Schattenzuflucht;Shadow Sanctuary;Verzauberung. Ihr seid 5 Sekunde[n] lang geblendet. 10 Sekunde[n] lang erhaltet Ihr +7..10 Lebenspunktregeneration und +40 Rüstung.;2;-5;23;7;0;5;.25;30;0;0;0;1;0;0;0;
2092;Äther-Alptraum;Ether Nightmare;Verhexung. Der Gegner verliert 5..8 Energiepunkt[e]. Der Gegner und alle Feinde in dem Bereich erleiden 10 Sekunde[n] lang eine Lebenspunktdegeneration in Höhe der verlorenen Energiepunkte.;2;-5;24;5;0;10;3;25;0;0;0;1;0;0;0;
2093;Siegel der Verdorbenheit;Signet of Corruption;Siegel. Der Gegner und alle Feinde in der Nähe erleiden 20..30 Punkte Schaden. Pro betroffenen Feind, der unter einem Zustand oder einer Verhexung leidet, erhaltet Ihr 2 Punkt[e] Energie (maximal 12..20 Punkt[e]).;2;-5;21;4;0;0;1;20;0;0;0;1;0;0;0;
2094;Elementarlord;Elemental Lord;Verzauberung. 40..60 Sekunde[n] lang erhalten Eure Elementarattribute einen Schub von 1. Jedes Mal, wenn Ihr einen Zauber wirkt, erhaltet Ihr 1 Energiepunkt pro 10 Ränge in Energiespeicherung und werdet um 100..300% der Energiekosten dieses Zaubers geheilt.;2;-5;23;6;0;5;.25;45;0;0;0;1;0;0;0;
2095;Selbstloser Geist;Selfless Spirit;Verzauberung. 15..20 Sekunde[n] lang kosten von Euch auf einen weiteren Verbündeten gewirkte Zauber 3 Punkt[e] weniger Energie.;2;-5;23;3;0;5;.25;45;0;0;0;1;0;0;0;
2096;Dreifachschuss;Triple Shot;Bogenangriff. 3 Pfeile werden gleichzeitig auf den Gegner abgefeuert. Diese Pfeile fügen 40..25% weniger Schaden zu.;2;-5;2;2;0;10;0;10;0;0;0;1;0;0;0;
2097;"Rettet Euch selbst!";"Save Yourselves!";Schrei. 4..6 Sekunde[n] lang erhalten alle anderen Gruppenmitglieder +100 Rüstung.;2;-5;20;1;0;0;0;0;8;0;0;1;0;0;0;
2098;Aura der Heiligen Macht;Aura of Holy Might;Verzauberung. Wenn Ihr eine Derwisch-Verzauberung verliert, fügt Ihr 45 Sekunde[n] lang allen umstehenden Feinden 20..25 Punkt[e] heiligen Schaden zu.;2;-5;23;10;0;10;.75;30;0;0;0;1;0;0;0;
2099;Speer der Wut;Spear of Fury;Speerangriff. Dieser Angriff fügt +30..40 Punkt[e] Schaden zu. Wenn er einen Feind trifft, der an einem Zustand leidet, erhaltet Ihr 3..6 Adrenalinstöße.;2;-5;12;9;0;5;1;8;0;0;0;1;0;0;0;
2100;Geister herbeirufen;Summon Spirits;Zauber. Alle von Euch kontrollierten Geister unternehmen einen Schattenschritt zu Eurer Position und erhalten 60..100 Lebenspunkte.;2;-5;22;8;0;5;.25;5;0;0;0;1;0;0;0;
2101;Kritische Beweglichkeit;Critical Agility;Verzauberung. 4 Sekunde[n] und 1 extra Sekunde pro Rang bei Kritischen Stößen lang greift Ihr um 33% schneller an und erhaltet +15..25 Rüstung. Diese Fertigkeit wiederholt sich jedes Mal, wenn Ihr einen kritischen Treffer landet.;3;-2;23;7;0;5;1;30;0;0;0;1;0;0;0;
2102;Schmerzensschrei;Cry of Pain;Zauber. Unterbrecht die Fertigkeit des Gegners. Wenn dieser Gegner unter einer Mesmer-Verhexung gelitten hat, nehmen dieser Gegner und alle Feinde in dem Bereich 25..50 Punkt[e] Schaden und 10 Sekunden lang eine Lebenspunktedegeneration von 3..5.;3;-2;22;5;0;10;.25;15;0;0;0;1;0;0;0;
2103;Nekrose;Necrosis;Fertigkeit. Wenn der Gegner unter einem Zustand oder einer Verhexung leidet, erleidet er 60..90 Punkt[e] Schaden.;3;-2;1;4;0;5;1;2;0;0;0;1;0;0;0;
2104;Intensität;Intensity;Fertigkeit. 10 Sekunden lang fügt Ihr das nächste Mal, wenn Ihr einem Gegner mit einem Zauber Elementarschaden zufügt, 60..70% dieses Schadens allen Feinden in dem Bereich zu.;3;-2;1;6;0;5;0;10;0;0;0;1;0;0;0;
2105;Lebenssaat;Seed of Life;Verzauberung. Während der nächsten 2..5 Sekunden werden jedes Mal, wenn der Verbündete Schaden erleidet, alle Gruppenmitglieder pro Rang in Gunst der Götter um 2 Lebenspunkt[e] geheilt.;3;-2;23;3;0;5;.25;20;0;0;0;1;0;0;0;
2107;Wirbelsturmangriff;Whirlwind Attack;Nahkampfangriff. Greift den Gegner und umstehende Feinde an. Jeder erfolgreiche Angriff fügt +13..20 Punkt[e] Schaden zu.;3;-2;3;1;0;0;0;1;5.2;0;0;1;0;0;0;
2108;Tobt niemals allein;Never Rampage Alone;Fertigkeit. 18..25 Sekunde[n] lang greifen Ihr und Euer Tiergefährte um 25% schneller und erfreuen sich einer Lebenspunktregeneration von +1..3.;3;-2;1;2;0;15;0;20;0;0;0;1;0;0;0;
2109;Ewige Aura;Eternal Aura;Verzauberung. Ihr habt +100 maximale Lebenspunkte. Wenn diese Verzauberung endet werden alle Gruppenmitglieder im Bereich mit 40..50% Lebenspunkt[en] und 20..30% Energiepunkt[en] wiederbelebt.;3;-2;23;10;0;15;4;30;0;0;0;1;0;0;0;
2110;Vampirismus;Vampirism;Binderitual. Erstellt einen Geist der Stufe 4..14, der nach 75..150 Sekunde[n] stirbt. Angriffe durch diesen Geist entziehen bis zu 10..20 Lebenspunkt[e] und Ihr werdet um 10..20 Lebenspunkt[e] geheilt.;3;-2;18;8;0;10;.75;30;0;0;0;1;0;0;0;
2112;"Es gibt nichts zu befürchten!";"There's Nothing to Fear!";Schrei. 4 Sekunde[n] und 1 Sekunde pro 2 Ränge bei Führung lang erleiden alle Gruppenmitglieder in Hörweite um 20..35% weniger Schaden. Betroffene Gruppenmitglieder werden um 35..60 Lebenspunkt[e] geheilt, wenn dieser Schrei endet.;3;-2;20;9;0;15;0;20;0;0;0;1;0;0;0;
2116;Überraschungsangriff;Sneak Attack;Nahkampfangriff. Wenn dieser Angriff erfolgreich ist, wird der Gegner 5..8 Sekunde[n] lang geblendet. Dieser Angriff zählt als Leithandangriff.;4;-8;3;0;0;5;0;5;0;0;0;1;0;0;0;
2135;Trampelnder Ochse;Trampling Ox;Doppelangriff. Muss einem Begleithandangriff folgen. Wenn Ihr erfolgreich seid, fügt Ihr +5..20 Punkt[e] Schaden zu. Wenn Ihr einen verkrüppelten Feind trefft, wird dieser zu Boden geworfen.;4;29;7;7;0;5;0;8;0;0;0;0;0;0;0;
2136;Rauchpulver-Verteidigung;Smoke Powder Defense;Haltung. 8 Sekunde[n] lang erleidet Ihr beim nächsten Treffer nur den halben Schaden und alle umstehenden Feinde werden 2..6 Sekunde[n] lang geblendet.;4;31;29;7;0;5;0;20;0;0;0;0;0;0;0;
2137;Verwirrende Bilder;Confusing Images;Verhexung. 2..10 Sekunden lang benötigt der Gegner doppelt so lange, um Nicht-Angriffsfertigkeiten zu aktivieren.;4;1;24;5;0;10;1;20;0;0;0;0;0;0;0;
2138;Lebenskraft des Verhexers;Hexer's Vigor;Verzauberung. 10 Sekunde[n] lang habt Ihr +1..8 Lebenspunktregeneration. Lebenskraft des Verhexers endet, wenn Ihr eine Fertigkeit benutzt, die keine Verhexung ist.;4;6;23;4;0;5;.25;10;0;0;0;0;0;0;0;
2139;Masochismus;Masochism;Verzauberung. 10..40 Sekunden lang sind Eure Todesmagie- und Seelensammlungsattribute um +2 erhöht und Ihr opfert 5..3% Eurer maximalen Lebenspunkte, wenn Ihr einen Zauber wirkt.;4;6;23;4;0;5;1;20;0;0;0;0;0;0;0;
2140;Durchbohrende Falle;Piercing Trap;Falle. Wird Durchbohrende Falle aktiviert, erleiden alle Feinde in der Nähe 5..50 Punkt[e] Stichschaden. Alle Feinde mit Beschädigter Rüstung erleiden zusätzlich 15..60 Punkt[e] Schaden. Durchbohrende Falle endet nach 90 Sekunden. Bei der Aktivierung dieser Fertigkeit könnt Ihr leicht unterbrochen werden.;4;24;30;2;0;10;2;30;0;0;0;0;0;0;0;
2141;Kameradschaft;Companionship;Fertigkeit. Wenn Eure Lebenspunkte niedriger als die Eures Tiergefährten sind, werdet Ihr um 30..120 Lebenspunkt[e] geheilt. Wenn die Lebenspunkte Eures Tiergefährten niedriger als Eure eigenen sind, wird er um 30..120 Lebenspunkt[e] geheilt.;4;22;1;2;0;5;2;10;0;0;0;0;0;0;0;
2142;Wilde Aggression;Feral Aggression;Fertigkeit. 5..20 Sekunde[n] lang greift Euer Tiergefährte um 33% schneller and und fügt 3..10 Punkt[e] zusätzlichen Schaden zu.;4;22;1;2;0;15;0;20;0;0;0;0;0;0;0;
2143;Unterbrechender Schuss;Disrupting Shot;Bogenangriff. Wenn dieser Angriff erfolgreich ist, wird die Aktion des Gegners unterbrochen. Wenn diese Aktion eine Fertigkeit war, fügt Ihr +10..40 Punkt[e] Schaden zu.;4;25;2;2;0;10;.5;15;0;0;0;0;0;0;0;
2144;Salve;Volley;Bogenangriff. Entfernt alle Eure Vorbereitungen. Schießt Pfeile auf Euren Zielgegner und bis zu 3 um ihn herum stehende Feinde. Diese Pfeile fügen +1..10 Punkt[e] Schaden zu, wenn sie treffen.;4;25;2;2;0;5;0;2;0;0;0;0;0;0;0;
2145;Expertenfokus;Expert Focus;Vorbereitung. 24 Sekunde[n] lang kosten Eure Bogen-Angriffsfertigkeiten 1..2 weniger Energiepunkt[e] und fügen 1..10 Punkt[e] zusätzlichen Schaden zu.;4;23;17;2;0;10;2;12;0;0;0;0;0;0;0;
2146;Frommer Zorn;Pious Fury;Haltung. Entfernt 1 Derwisch-Verzauberung. 1..7 Sekunde[n] lang sind Eure Angriffe um 25% schneller. Wenn eine Verzauberung entfernt wurde, dauert diese Haltung doppelt so lange an.;4;44;29;10;0;5;0;10;0;0;0;0;0;0;0;
2147;Verkrüppelnder Sieg;Crippling Victory;Sensenangriff. Trifft dieser Angriff einen Gegner, wird dieser 3..8 Sekunde[n] lang verkrüppelt. Falls Ihr mehr Lebenspunkte habt als der Gegner, werden erleiden alle umstehenden Feinde 10..30 Punkt[e] Erdschaden.;4;41;9;10;0;0;0;0;6;0;0;0;0;0;0;
2148;Trennende Waffe;Sundering Weapon;Waffenzauber. 4..10 Sekunde[n] lang haben die nächsten 3 Angriffe des Verbündeten (bzw. Eure eigenen) eine Rüstungsdurchdringung von 10% und führen 5..20 Sekunde[n] lang zu Beschädigter Rüstung.;4;32;27;8;0;5;1;10;0;0;0;0;0;0;0;
2149;Waffe der Erneuerung;Weapon of Renewal;Waffenzauber. 5..20 Sekunde[n] lang erhält der Verbündete das nächste Mal, wenn er mit einer Angriffsfertigkeit trifft, 1..7 Energiepunkt[e].;4;36;27;8;0;5;1;10;0;0;0;0;0;0;0;
2150;Verkrüppelungs-Speer;Maiming Spear;Speerangriff. Wenn Euer Angriff einen blutenden Feind trifft, wird dieser 5..20 Sekunde[n] lang verkrüppelt.;4;37;12;9;0;5;0;5;0;0;0;0;0;0;0;
2186;Siegel der tödlichen Verdorbenheit;Signet of Deadly Corruption;Siegel. Der Gegner erleidet pro aktivem Zustand 5..35 Punkt[e] Schaden (maximal 130 Punkt[e]).;4;30;21;7;0;0;1;12;0;0;0;0;0;0;0;
2187;Weg des Meisters;Way of the Master;Verzauberung. 60 Sekunde[n] lang habt Ihr zusätzlich eine 3..33%ige Chance, einen kritischen Treffer zu erzielen, während Ihr eine Waffe führt, die kein Dolch ist.;4;35;23;7;0;5;.25;30;0;0;0;0;0;0;0;
2188;Verteidigung entweihen;Defile Defenses;Verhexung. 5..20 Sekunde[n] lang erleidet der Gegner, wenn er das nächste Mal blockt, 30..120 Punkt[e] Schaden.;4;7;24;4;0;5;1;5;0;0;0;0;0;0;0;
2189;Angorodons Starren;Angorodon's Gaze;Zauber. Entzieht dem Gegner 10..50 Lebenspunkt[e]. Wenn Ihr an einem Zustand leidet, erhaltet Ihr 3..12 Energiepunkt[e].;4;6;22;4;0;5;1;10;0;0;0;0;0;0;0;
2190;Magnetschub;Magnetic Surge;Verzauberung. Der Gegner erleidet 15..75 Punkte Schaden. Wenn Ihr Überzaubert seid, verzaubert Magnetschub alle Verbündeten in Hörweite 1..5 Sekunden, sodass sie den nächsten gegen sie gerichteten Angriff blocken.;4;9;23;6;0;10;1;15;0;0;0;0;0;0;0;
2191;Rutschiger Boden;Slippery Ground;Zauber. Wenn der Gegner und die umstehenden Feinde Blind sind, oder sich bewegen, werden sie zu Boden geworfen. Bei einer Wassermagie von 5 oder weniger besteht eine 50%ige Wahrscheinlichkeit eines Misserfolges.;4;11;22;6;0;5;1;10;0;0;0;0;0;0;0;
2192;Leuchtendes Eis;Glowing Ice;Zauber. Der Gegner erleidet 5..50 Punkt[e] Kälteschaden. Wenn er mit einer Wassermagie-Verhexung belegt ist, erhaltet Ihr 5 Energiepunkt[e] sowie 1 Energiepunkt pro 2 Ränge in Energiespeicherung.;4;11;22;6;0;5;1;8;0;0;0;0;0;0;0;
2193;Energieexplosion;Energy Blast;Zauber. Der Gegner erleidet pro Energiepunkt, den Ihr habt, 1..2 Punkt[e] Schaden (maximal 130 Punkt[e]).;4;12;22;6;0;5;1.5;20;0;0;0;0;0;0;0;
2194;Ablenkender Stoß;Distracting Strike;Nahkampfangriff. Wenn der Ablenkende Stoß erfolgreich ist, fügt er keinen Schaden zu und unterbricht die Aktion des Feindes. Wenn Gegner Beschädigte Rüstung aufweist, ist diese Fertigkeit 30 Sekunde[n] lang deaktiviert.;4;-1;3;1;0;5;.5;15;0;0;0;0;0;0;0;
2195;Symbolischer Schlag;Symbolic Strike;Nahkampfangriff. Wenn dieser Angriff erfolgreich ist, fügt Ihr pro ausgerüstetem Siegel +12 Punkt[e] Schaden zu (maximal 70 Punkt[e] Schaden).;4;-1;3;1;0;0;0;0;3.2;0;0;0;0;0;0;
2196;Geschwindigkeit des Soldaten;Soldier's Speed;Haltung. 3..18 Sekunde[n] lang bewegt Ihr Euch um 15% schneller. Ihr bewegt Euch um weitere 15% schneller, wenn Ihr unter dem Einfluss eines Anfeuerungsrufs oder Schreis steht.;4;21;29;1;0;5;0;12;0;0;0;0;0;0;0;
2197;Körperschlag;Body Blow;Nahkampfangriff. Wenn dieser Angriff erfolgreich ist, erleidet der Gegner +10..40 Punkt[e] Schaden. Wenn er an Beschädigter Rüstung leidet, hat er 0..15 Sekunde[n] lang eine Tiefe Wunde.;4;17;3;1;0;0;0;0;6.4;0;0;0;0;0;0;
2198;Körperschuss;Body Shot;Bogenangriff. Wenn dieser Angriff erfolgreich ist, fügt Ihr +5..20 Punkt[e] Schaden zu. Wenn Ihr einen Gegner mit Beschädigter Rüstung trefft, erhaltet Ihr 5..10 Energiepunkt[e].;4;25;2;2;0;5;0;8;0;0;0;0;0;0;0;
2199;Giftspitzen-Siegel;Poison Tip Signet;Siegel. 60 Sekunde[n] lang führt Euer nächster Angriff außerdem 8..15 Sekunde[n] lang zu Vergiftung.;4;24;21;2;0;0;1;6;0;0;0;0;0;0;0;
2200;Siegel der mystischen Geschwindigkeit;Signet of Mystic Speed;Siegel. 30 Sekunde[n] lang wirken Eure nächste[n] 1..3 auf Euch gewirkte[n] Verzauberung[en] sofort. Blitzverzauberungen verbrauchen diese Fertigkeit nicht.;4;42;21;10;0;0;1;20;0;0;0;0;0;0;0;
2201;Kraftschild;Shield of Force;Blitzverzauberung. 1..16 Sekunde[n] lang werden die nächsten 1 Angriff[e] gegen Euch geblockt. Wenn ein Angriff geblockt wird, werden alle umstehenden angreifenden Feinde zu Boden geworfen und leiden 5..20 Sekunde[n] lang an "Schwäche".;4;43;33;10;0;10;0;12;0;0;0;0;0;0;0;
2202;Genesungsgriff;Mending Grip;Zauber. Der Verbündete (bzw. Ihr selbst) wird um 30..90 Lebenspunkt[e] geheilt. Wenn dieser Verbündete unter den Auswirkungen eines Waffenzaubers leidet, verliert er einen Zustand.;4;33;22;8;0;5;1;4;0;0;0;0;0;0;0;
2203;Geistsauger-Aura;Spiritleech Aura;Fertigkeit. Für eine Dauer von 5..20 Sekunde[n] fügen alle Eure Geister in Hörweite 5..20 weniger Schaden zu aber stehlen 5..20 Lebenspunkte, wenn sie angreifen.;4;33;1;8;0;5;.25;20;0;0;0;0;0;0;0;
2204;Verjüngung;Rejuvenation;Binderitual. Erstellt einen Geist der Stufe 1..20. Dieser Geist heilt alle Gruppenmitglieder in Hörweite pro Sekunde um 3..10 Lebenspunkt[e]. Der Geist verliert pro Gruppenmitglied, das auf diese Weise geheilt wird, 3..10 Lebenspunkt[e]. Dieser Geist stirbt nach 30..90 Sekunde[n].;4;33;18;8;0;10;.75;30;0;0;0;0;0;0;0;
2205;Todesqual;Agony;Binderitual. Erstellt einen Geist der Stufe 1..12. Dieser Geist entzieht Feinden in Hörweite pro Sekunde 3..10 Lebenspunkt[e]. Der Geist verliert pro Feind, der auf diese Weise beeinträchtigt wird, 3..10 Lebenspunkt[e]. Dieser Geist stirbt nach 30..90 Sekunde[n].;4;34;18;8;0;10;.75;30;0;0;0;0;0;0;0;
2206;Geisterwaffe;Ghostly Weapon;Waffenzauber. 5..20 Sekunde[n] lang kann der nächste Angriff des Verbündeten nicht geblockt werden.;4;32;27;8;0;3;.25;1;0;0;0;0;0;0;0;
2207;Inspirative Rede;Inspirational Speech;Fertigkeit. Ihr verliert Euer gesamtes Adrenalin und der Verbündete erhält 1..8 Adrenalinstöße.;4;39;1;9;0;5;0;10;0;0;0;0;0;0;0;
2208;Brennender Schild;Burning Shield;Fertigkeit. 3..9 Sekunde[n] lang wird, wenn Ihr einen Schild benutzt, die nächste Angriffsfertigkeit gegen Euch geblockt. Falls es sich dabei um einen Nahkampfangriff gehandelt hat, wird Euer Angreifer 1..6 Sekunde[n] lang in Brand gesetzt.;4;40;1;9;0;5;0;20;0;0;0;0;0;0;0;
2209;Heiliger Speer;Holy Spear;Speerangriff. Wenn dieser Angriff erfolgreich ist, fügt Ihr +5..20 Punkt[e] Schaden zu. Wenn dieser Angriff eine herbeigerufene Kreatur trifft, erleiden alle Feinde in der Nähe 15..90 Punkt[e] heiligen Schaden und werden 3 Sekunde[n] lang in Brand gesetzt.;4;37;12;9;0;0;0;0;4;0;0;0;0;0;0;
2210;Speerschlag;Spear Swipe;Speerangriff. Wenn dieser Angriff erfolgreich ist, fügt Ihr +5..20 Punkt[e] Schaden zu und der Gegner leidet 4..10 Sekunde[n] lang an Benommenheit. Dieser Angriff hat Nahkampfreichweite.;4;40;12;9;0;5;0;20;0;0;0;0;0;0;0;
2211;Alkars Alchemiesäure;Alkar's Alchemical Acid;Zauber. Bewerft den Gegner mit Alkars Alchemiesäure. Der Gegner und umstehende Feinde erleiden 40..50 Punkt[e] Schaden. Zerstörer erleiden zusätzlich 45..70 Punkt[e] Schaden und haben 14..20 Sekunde[n] lang Beschädigte Rüstung.;4;-7;22;0;0;10;1;10;0;0;0;1;0;0;0;
2212;Licht von Deldrimor;Light of Deldrimor;Zauber. Alle Feinde in dem Bereich erleiden 55..80 Punkt[e] heiligen Schaden. Versteckte Gegenstände werden kurz auf Eurem Kompass angezeigt. Alle versteckten Gegenstände in dem Bereich werden enthüllt.;4;-7;22;0;0;5;.75;20;0;0;0;1;0;0;0;
2213;Ohrenbiss;Ear Bite;Fertigkeit. Der berührte Gegner erleidet 50..70 Punkt[e] Stichschaden und leidet 15..25 Sekunde[n] lang an einer Blutung.;4;-7;1;0;0;0;.75;0;4;0;0;1;0;0;0;
2214;Unter der Gürtellinie;Low Blow;Fertigkeit. Fügt dem Gegner 45..70 Punkt[e] Schaden zu. Liegt er am Boden, erleidet er zusätzlich 30..50 Punkt[e] Schaden und leidet 14..20 Sekunde[n] lang an Beschädigter Rüstung.;4;-7;1;0;0;0;.75;0;6;0;0;1;0;0;0;
2215;Rauf-Kopfstoß;Brawling Headbutt;Fertigkeit. Ihr gebt dem berührten Gegner einen Kopfstoß, fügt ihm 45..70 Punkt[e] Schaden zu und werft ihn zu Boden, wenn Ihr trefft.;4;-7;1;0;0;0;.75;0;7;0;0;1;0;0;0;
2216;"Stolpert nicht!";"Don't Trip!";Schrei. 3..5 Sekunde[n] lang können Gruppenmitglieder in Hörweite nicht zu Boden geworfen werden.;4;-7;20;0;0;5;0;20;0;0;0;1;0;0;0;
2217;"Bei Urals Hammer!";"By Ural's Hammer!";Schrei. 30 Sekunde[n] lang werden alle Gruppenmitglieder in Hörweite mit vollen Lebens- und Energiepunkten wiederbelebt. Wiederbelebte Gruppenmitglieder fügen zusätzlich 25..33% Schaden zu. Wenn dieser Effekt endet, sterben alle betroffenen Gruppenmitglieder. Diese Fertigkeit verursacht keinen Sterbemalus.;4;-7;20;0;0;5;0;60;0;0;0;1;0;0;0;
2218;Betrunkener Meister;Drunken Master;Haltung. 72..90 Sekunde[n] lang sind Eure Bewegungs- und Angriffsgeschwindigkeit um 10..15% erhöht. Wenn Ihr beim Aktivieren dieser Fertigkeit betrunken seid, sind Eure Bewegungs- und Angriffsgeschwindigkeit stattdessen um 25..33% erhöht.;4;-7;29;0;0;5;0;60;0;0;0;1;0;0;0;
2219;Waffe des Großen Zwergs;Great Dwarf Weapon;Waffenzauber. 20 Sekunde[n] lang fügt die Waffe des Verbündeten +15..20 Punkt[e] Schaden zu und hat eine 28..40%ige Chance Feinde zu Boden zu werfen.;4;-7;27;0;0;10;1;5;0;0;0;1;0;0;0;
2220;Rüstung des Großen Zwergs;Great Dwarf Armor;Verzauberung. 22..40 Sekunde[n] lang hat der Verbündete (bzw. Ihr selbst) +24 Rüstung, +60 maximale Lebenspunkte und zusätzlich +24 Rüstung gegen Zerstörer.;4;-7;23;0;0;5;1;10;0;0;0;1;0;0;0;
2221;Atem des Großen Zwergs;Breath of the Great Dwarf;Zauber. Alle Gruppenmitglieder werden von Brennen befreit und um 50..60 Lebenspunkt[e] geheilt.;4;-7;22;0;0;10;.25;15;0;0;0;1;0;0;0;
2222;Schneesturm;Snow Storm;Zauber. An der aktuellen Position des Gegners wird ein Schneesturm erzeugt. 5 Sekunde[n] erleiden umstehende Feinde um diesen Bereich 30..40 Punkt[e] Kälteschaden pro Sekunde.;4;-7;22;0;0;10;1;10;0;0;0;1;0;0;0;
2223;Schwarzpulvermine;Black Powder Mine;Falle. Wird Schwarzpulvermine aktiviert, erleiden alle Gegner in der Nähe 20..30 Punkt[e] Schaden, werden geblendet und leiden 7..10 Sekunde[n] lang an einer Blutung. Schwarzpulvermine endet nach 90 Sekunde[n]. Bei der Aktivierung dieser Fertigkeit könnt Ihr leicht unterbrochen werden.;4;-7;30;0;0;10;2;20;0;0;0;1;0;0;0;
2224;Mursaat herbeirufen;Summon Mursaat;Zauber. Ruft einen Mursaat der Stufe 14..20 herbei, der 40..60 Sekunde[n] lang lebt und über Schwächende Aufladung verfügt. Es kann jeweils nur 1 Asura-Beschwörung aktiv sein.;4;-6;22;0;0;10;3;60;0;0;0;1;0;0;0;
2225;Rubin-Dschinn herbeirufen;Summon Ruby Djinn;Zauber. Ruft einen Rubin-Dschinn der Stufe 14..20 herbei, der 40..60 Sekunde[n] lang lebt und über Feueropfer verfügt. Es kann jeweils nur 1 Asura-Beschwörung aktiv sein.;4;-6;22;0;0;10;3;60;0;0;0;1;0;0;0;
2226;Eis-Kobold herbeirufen;Summon Ice Imp;Zauber. Ruft einen Eis-Kobold der Stufe 14..20 herbei, der 40..60 Sekunde[n] lang lebt und über Eisdornen verfügt. Es kann jeweils nur 1 Asura-Beschwörung aktiv sein.;4;-6;22;0;0;10;3;60;0;0;0;1;0;0;0;
2227;Naga-Schamanen herbeirufen;Summon Naga Shaman;Zauber. Ruft einen Naga-Schamanen der Stufe 14..20 herbei, der 40..60 Sekunde[n] lang lebt und über Steinigung verfügt. Es kann jeweils nur 1 Asura-Beschwörung aktiv sein.;4;-6;22;0;0;10;3;60;0;0;0;1;0;0;0;
2228;Geschickter Schlag;Deft Strike;Distanzangriff. Wenn dieser Angriff erfolgreich ist, erleidet der Gegner 18..30 Punkt[e] Schaden. Wenn er an Beschädigter Rüstung leidet, blutet er 18..30 Sekunde[n] lang.;4;-8;31;0;0;5;.5;8;0;0;0;1;0;0;0;
2229;Siegel der Infektion;Signet of Infection;Siegel. Wenn der Gegner blutet, leidet er zusätzlich 13..20 Sekunde[n] lang an Krankheit.;4;-8;21;0;0;0;1;10;0;0;0;1;0;0;0;
2230;Tryptophan-Siegel;Tryptophan Signet;Siegel. 14..20 Sekunde[n] lang greifen der Gegner und alle umstehenden Feinde um 23..40% langsamer an.;4;-8;21;0;0;0;1;15;0;0;0;1;0;0;0;
2231;Ebon-Kampfstandarte des Mutes;Ebon Battle Standard of Courage;Abwehrzauber. Ihr setzt eine Ebon-Kampfstandarte des Mutes an Eurer aktuellen Position. 14..20 Sekunde[n] lang erhalten Verbündete, die keine Geister sind, in dem Bereich +24 Rüstung und zusätzlich +24 Rüstung gegen Charr.;4;-8;26;0;0;10;1;20;0;0;0;1;0;0;0;
2232;Ebon-Kampfstandarte der Weisheit;Ebon Battle Standard of Wisdom;Abwehrzauber. Ihr setzt eine Ebon-Kampfstandarte der Weisheit an Eurer aktuellen Position. 14..20 Sekunde[n] lang haben Verbündete, die keine Geister sind, in dem Bereich eine 44..60%ige Chance, die Wiederaufladezeit des Zaubers, den sie wirken, zu halbieren.;4;-8;26;0;0;10;1;20;0;0;0;1;0;0;0;
2233;Ebon-Kampfstandarte der Ehre;Ebon Battle Standard of Honor;Abwehrzauber. Ihr setzt eine Ebon-Kampfstandarte der Ehre an Eurer aktuellen Position. 14..20 Sekunde[n] lang verursachen Verbündete, die keine Geister sind, in dem Bereich +8..15 Punkt[e] Schaden und zusätzlich +7..10 Punkt[e] Schaden gegen Charr.;4;-8;26;0;0;10;1;20;0;0;0;1;0;0;0;
2234;Ebon-Vorhut-Heckenschützen-Unterstützung;Ebon Vanguard Sniper Support;Zauber. Der Gegner erleidet 54..90 Punkt[e] Stichschaden und leidet 5..25 Sekunde[n] lang an einer Blutung. Bei diesem Angriff besteht eine 10%ige Chance, zusätzlich 540..900 Punkt[e] Stichschaden zuzufügen. Wenn dieser Angriff einen Charr trifft, besteht eine 25%ige Chance auf zusätzlich 540..900 Punkt[e] Stichschaden.;4;-8;22;0;0;10;1;15;0;0;0;1;0;0;0;
2235;Ebon-Vorhut-Assassinen-Unterstützung;Ebon Vanguard Assassin Support;Zauber. Ruft einen Ebon-Vorhut-Assassinen der Stufe 14..20 mit Eiserne Handfläche, Reißzähne des Fuchses und Neunschwänziger Stoß herbei. Dieser herbeigerufene Assassine unternimmt einen Schattenschritt zum Gegner hin. Wenn es sich beim Gegner um einen Charr handelt, lebt der Assassine 24..30 Sekunde[n] lang. Wenn er kein Charr ist, lebt der Assassine 12..15 Sekunde[n] lang.;4;-8;22;0;0;10;1;30;0;0;0;1;0;0;0;
2236;Brunnen des Ruins;Well of Ruin;Brunnenzauber. Verwertet die nächstgelegene Leiche oder opfert 66 % Lebenspunkte, um an ihrem Standort einen Brunnen des Verderbens zu erschaffen. Für 5..30 Sekunden hat jeder Gegner im Brunnen, der physischen Schaden erleidet, 5..20 Sekunden lang Zerborstene Rüstung.;4;7;28;4;0;10;1;20;0;0;0;0;0;0;0;
2237;Schwund;Atrophy;Verhexung. 3..7 Sekunde[n] lang ist das Primärattribut des Gegners auf 0 reduziert.;4;7;24;4;0;10;1;20;0;0;0;0;0;0;0;
2238;Speer der Erlösung;Spear of Redemption;Speerangriff. Wenn dieser Angriff erfolgreich ist, fügt Ihr +5..20 Punkt[e] Schaden zu. Wenn er nicht trifft, verliert Ihr einen Zustand.;4;37;12;9;0;0;0;0;3;0;0;0;0;0;0;
2353;"Erledigt ihn!";"Finish Him!";Schrei. Wenn die Lebenspunkte des Gegners weniger als 50% betragen, erleidet er 44..80 Punkt[e] Schaden und leidet 12..20 Sekunde[n] lang an Beschädigter Rüstung und Tiefer Wunde.;4;-9;20;0;0;10;0;15;0;0;0;1;0;0;0;
2354;"Weicht aus!";"Dodge This!";Schrei. Während der nächsten 16..20 Sekunde[n] kann Euer nächster Angriff nicht geblockt werden und fügt +14..20 Punkt[e] Schaden zu.;4;-9;20;0;0;0;0;0;4;0;0;1;0;0;0;
2355;Ich bin am stärksten!;"I Am the Strongest!";Schrei. Eure nächsten 5..8 Angriffe fügen zusätzlich +14..20 Punkt[e] Schaden zu.;4;-9;20;0;0;5;0;20;0;0;0;1;0;0;0;
2356;"Ich bin unaufhaltbar!";"I Am Unstoppable!";Schrei. 16..20 Sekunde[n] habt Ihr +24 Rüstung und könnt weder zu Boden geworfen noch verkrüppelt werden.;4;-9;20;0;0;5;0;30;0;0;0;1;0;0;0;
2357;Ein Funken Arglist;A Touch of Guile;Verhexung. Der berührte Gegner erleidet 44..80 Punkt[e] Schaden. Wenn er zu Boden geworfen wurde, kann er 5..8 Sekunde[n] lang nicht angreifen.;4;-9;24;0;0;5;.75;15;0;0;0;1;0;0;0;
2358;"Ihr bewegt Euch wie ein Zwerg!";"You Move Like a Dwarf!";Schrei. Der Zielgegner wird zu Boden geworfen und erleidet 44..80 Punkt[e] Schaden. Der Gegner leidet außerdem 8..15 Sekunde[n] lang an Verkrüppelung.;4;-9;20;0;0;10;0;10;0;0;0;1;0;0;0;
2359;"Ihr seid alle Schwächlinge!";"You Are All Weaklings!";Schrei. Der berührte Gegner und ihn umstehende Feinde werden 8..12 Sekunde[n] lang geschwächt.;4;-9;20;0;0;5;0;12;0;0;0;1;0;0;0;
2360;Den Schmerz nicht spüren;Feel No Pain;Fertigkeit. 30 Sekunde[n] lang erfreut Ihr Euch einer Lebenspunktregeneration von +2..3. Wenn Ihr beim Aktivieren dieser Fertigkeit betrunken seid, habt Ihr außerdem +200..300 maximale Lebenspunkte.;4;-9;1;0;0;5;0;20;0;0;0;1;0;0;0;
2361;Tausend-Bären-Prügel;Club of a Thousand Bears;Nahkampfangriff. Wenn dieser Angriff erfolgreich ist, fügt er jedem umstehenden Feind +6..9 Punkt[e] Schaden zu (maximal 60 Punkte). Wenn der Feind kein Mensch ist, wird er zu Boden geworfen.;4;-9;3;0;0;5;0;12;0;0;0;1;0;0;0;
2374;Segen der Bärin;Ursan Blessing;Elite-Form. Ihr verliert sämtliches Eigentum und nehmt das Erscheinungsbild der Bärin an. 60 Sekunde[n] lang habt Ihr 100 Rüstung und 750..800 Lebenspunkt[e]. Eure Attribute werden auf 0 gesetzt und Eure Fertigkeiten werden durch Bärenangriffe ersetzt.;4;-9;15;0;0;10;0;60;0;0;1;1;0;0;0;
2379;Segen des Wolfes;Volfen Blessing;Elite-Form. Ihr verliert sämtliches Eigentum und nehmt das Erscheinungsbild des Wolfes an. 60 Sekunde[n] lang habt Ihr 80 Rüstung, 660..700 Lebenspunkt[e] und 2..4 Lebenspunktregeneration. Eure Attribute werden auf 0 gesetzt und Eure Fertigkeiten werden durch Wolfsangriffe ersetzt.;4;-9;15;0;0;10;0;60;0;0;1;1;0;0;0;
2384;Segen des Raben;Raven Blessing;Elite-Form. Ihr verliert sämtliches Eigentum und nehmt das Erscheinungsbild des Raben an. 60 Sekunde[n] lang habt Ihr 80 Rüstung, 660..700 Lebenspunkt[e] und eine 20..30%ige Chance zu blocken. Eure Attribute werden auf 0 gesetzt und Eure Fertigkeiten werden durch Rabenangriffe ersetzt.;4;-9;15;0;0;10;0;60;0;0;1;1;0;0;0;
2411;Geistbrecher;Mindbender;Verzauberung. 10..16 Sekunde[n] lang bewegt Ihr Euch um 20..33% schneller und die Wirkzeit Eurer Zauber ist um 20% kürzer.;4;-6;23;0;0;5;1;24;0;0;0;1;0;0;0;
2412;Durchtriebener Krimineller;Smooth Criminal;Zauber. 10..20 Sekunde[n] lang wird ein zufällig gewählter Zauber des Gegners deaktiviert und Durchtriebener Krimineller wird durch diesen Zauber ersetzt. Ihr erhaltet 5..10 Energiepunkt[e].;4;-6;22;0;0;5;1;20;0;0;0;1;0;0;0;
2413;Technobabbel;Technobabble;Zauber. Der Gegner und alle umstehenden Feinde erleiden 30..40 Punkt[e] Schaden. Wenn er kein Boss ist, leiden der Gegner und alle umstehenden Feinde 3..5 Sekunde[n] lang an Benommenheit.;4;-6;22;0;0;10;1;10;0;0;0;1;0;0;0;
2414;Strahlungsfeld;Radiation Field;Abwehrzauber. 5 Sekunden lang unterliegen Feinde in dem Bereich einer Lebenspunktdegeneration von -4..6. Wenn das Portal endet, leiden alle Gegner in dem Bereich 12..20 Sekunde[n] lang an Krankheit.;4;-6;26;0;0;15;2;12;0;0;0;1;0;0;0;
2415;Asurischer Scan;Asuran Scan;Verhexung. 9..12 Sekunde[n] lang können Eure Angriffe den Gegner nicht verfehlen. Das Töten eines mit "Asurischer Scan" verhexten Feinds entfernt 5% Sterbemalus.;4;-6;24;0;0;5;0;5;0;0;0;1;0;0;0;
2416;Hochnäsigkeit;Air of Superiority;Fertigkeit. 20..30 Sekunde[n] lang erhaltet Ihr jedes Mal, wenn Ihr durch das Töten eines Feindes Erfahrung sammelt, einen willkürlichen asurischen Vorteil.;4;-6;1;0;0;5;0;20;0;0;0;1;0;0;0;
2417;Geistige Sperre;Mental Block;Verzauberung. 5..11 Sekunde[n] lang habt Ihr eine 50%ige Chance Angriffe zu blocken. Diese Verzauberung wird jedes Mal, wenn Ihr von einem Feind getroffen werdet, neu aufgetragen.;4;-6;23;0;0;10;1;15;0;0;0;1;0;0;0;
2418;Schmerztauscher;Pain Inverter;Verhexung. 6..10 Sekunde[n] lang erleidet der Gegner jedes Mal, wenn er Schaden zufügt, 100..140% des Schadens, den er zufügt (maximal 80 Punkte).;4;-6;24;0;0;10;1;20;0;0;0;1;0;0;0;
2420;Ebon-Flucht;Ebon Escape;Zauber. Unternehmt einen Schattenschritt zum ausgewählten Verbündeten hin. Ihr und der Verbündete werden um 70..110 Lebenspunkt[e] geheilt.;4;-8;22;0;0;5;.25;10;0;0;0;1;0;0;0;
2421;Schwäche-Falle;Weakness Trap;Falle. Wird Schwäche-Falle aktiviert, werden alle Feinde in der Nähe 10..20 Sekunde[n] lang geschwächt und erleiden 24..50 Punkt[e] Blitzschaden. Alle Charr werden zu Boden geworfen. Schwäche-Falle endet nach 90 Sekunden. Bei der Aktivierung dieser Fertigkeit könnt Ihr leicht unterbrochen werden.;4;-8;30;0;0;10;2;30;0;0;0;1;0;0;0;
2422;Winde;Winds;Ebon-Vorhut-Ritual. Erstellt einen Geist der Stufe 4..10. Alle Feinde in seiner Reichweite haben eine 15%ige Chance, dass ihre Distanzangriffe fehlschlagen. Dieser Geist stirbt nach 54..90 Sekunde[n].;4;-8;32;0;0;5;5;30;0;0;0;1;0;0;0;
2423;Zwergenstabilität;Dwarven Stability;Verzauberung. 24..30 Sekunde[n] lang dauern Eure Haltungen um 55..100% länger an. Wenn Ihr diese Fertigkeit aktiviert, während Ihr betrunken seid, könnt Ihr nicht zu Boden geworfen werden.;4;-7;23;0;0;5;.25;30;0;0;0;1;0;0;0;
3422;Zeitabwehr;Time Ward;Elite-Abwehrzauber. Ihr erschafft eine Zeitabwehr an Eurem aktuellen Standort. Für 6..20 Sekunden wirken verbündete Nicht-Geister Zauber in diesem Gebiet um 15..20 % schneller und Fertigkeiten laden um 15..20 % schneller auf. PvE-Fertigkeit;0;0;26;5;0;10;2;30;0;0;1;1;0;0;0;
3423;Seelengreifer;Soul Taker;Elite-Verzauberung. Für 3..30 Sekunden opfern Eure Angriffe 15..20 Lebenspunkte und verursachen 15..20 Punkte mehr Schaden. PvE-Fertigkeit;0;6;23;4;0;5;1;15;0;0;1;1;0;0;0;
3424;Über die Grenze hinaus;Over the Limit;Elite-Verzauberung. Während dieser Verzauberung wirken Eure Zauber um 20..50 % schneller und laden sich 40..80 % schneller auf, aber verursachen zunehmend Überzaubern. PvE-Fertigkeit;0;12;23;6;-1;5;1;20;0;0;1;1;0;0;0;
3425;Urteilsschlag;Judgment Strike;Elite-Nahkampfangriff. Attackiert das Ziel und umstehende Feinde. Jeder treffende Angriff verursacht +13..30 Punkte heiliger Schaden und wirft angreifende Feinde zu Boden. PvE-Fertigkeit;0;16;3;3;0;5;1;8;0;0;1;1;0;0;0;
3426;Sieben Waffen-Haltung;Seven Weapons Stance;Elite-Haltung. Für 3..20 Sekunden werden Eure Waffenwerte um 1..15 erhöht und Euer Angriff ist 33 % schneller. PvE-Fertigkeit;0;17;29;1;0;5;0;20;0;0;1;1;0;0;0;
3427;"Gemeinsam als Eines!";"Together as One!";Elite-Schrei. Für 3..15 Sekunden verursachen alle Gruppenmitglieder in der Nähe von Euch oder Eurem Tiergefährten +5..15 Punkte zusätzlichen Schaden bei Angriffen und erhalten +1..7 Lebenspunkte-Wiederherstellung. PvE-Fertigkeit;0;23;20;2;0;10;0;15;0;0;1;1;0;0;0;
3428;Schattendiebstahl;Shadow Theft;Elite-Fertigkeit. Macht einen Schattenschritt zum feindlichen Ziel. Für 5..20 Sekunden sind die Werte dieses Feindes um 1..5 reduziert und Eure Werte um 1..5 erhöht. Diese Fertigkeit zählt als Leithandangriff. PvE-Fertigkeit;0;35;1;7;0;5;.25;20;0;0;1;1;0;0;0;
3429;Waffen aus drei Schmieden;Weapons of Three Forges;Elite-Waffenzauber. Für 3..20 Sekunden erhält jeder verbündete Nicht-Geist in Hörweite den Effekt eines zufälligen Waffenzaubers. PvE-Fertigkeit;0;36;27;8;0;10;2;15;0;0;1;1;0;0;0;
3430;Schwur der Revolution;Vow of Revolution;Elite-Verzauberung. Für 3..10 Sekunden erhaltet Ihr +1..6 Energieregeneration. Diese Fertigkeit erneuert sich jedesmal, wenn Ihr keine Derwisch-Fertigkeit anwendet . PvE-Fertigkeit;0;44;23;10;0;10;1;20;0;0;1;1;0;0;0;
3431;Heroischer Refrain;Heroic Refrain;Elite-Echo. Für 3..15 Sekunden erhält ein gezielter, verbündeter Nicht-Geist +1..3 zu allen Werten. Dieses Echo erneuert sich jedes Mal, wenn ein Anfeuerungsruf oder Schrei bei diesem Verbündeten endet. PvE-Fertigkeit;0;40;14;9;0;5;1;10;0;0;1;1;0;0;0;
3446;Soul Ignition;Soul Ignition;Verzauberung. While you maintain this enchantment, reduce Overcast at a rate of 1..2 per second. You and all adjacent foes are afflicted with burning while this enchantment is active.;0;12;23;6;-1;10;.5;30;0;0;0;1;0;0;0;
