0;No Skill;Keine Fertigkeit;Empty slot;0;-1;0;0;0;0;0;0;0;0;0;0;0;0;0;
1;Siegel der Heilung;Siegel der Heilung;Siegel. Ihr erhaltet 82..172 Lebenspunkt[e]. Während Ihr diese Fertigkeit benutzt, habt Ihr -40 Rüstung.;0;21;21;1;0;0;2;4;0;0;0;0;0;0;0;
2;Siegel der Wiederbelebung;Siegel der Wiederbelebung;Siegel. Das Gruppenmitglied wird wiederbelebt (100% Lebenspunkte, 25% Energiepunkte). Dieses Siegel wird nur dann wieder aufgeladen, wenn Ihr einen Moralschub erhaltet.;0;-1;21;0;0;0;3;0;0;0;0;0;0;0;0;
3;Siegel der Erbeutung;Siegel der Erbeutung;Siegel. Wählt eine Fertigkeit von einem toten Boss Eurer Klasse in der Nähe. Siegel der Erbeutung wird dauerhaft durch diese Fertigkeit ersetzt. Handelt es sich um eine Elite-Fertigkeit, erhaltet Ihr pro Stufe, die Ihr erlangt habt, 250 EP.;0;-1;21;0;0;0;2;2;0;0;0;1;0;0;0;
5;Kraftblock;Kraftblock;Elite-Zauber. Falls der Gegner einen Zauber oder Anfeuerungsruf wirkt, wird dieser unterbrochen und diese Fertigkeit und alle Fertigkeiten desselben Attributs 1..12 Sekunde[n] lang deaktiviert.;1;2;22;5;0;15;.25;20;0;0;1;0;0;0;0;
6;Mantra der Erde;Mantra der Erde;Haltung. 30..90 Sekunde[n]: Reduziert den von Euch erlittenen Erdschaden um 26..50%. Ihr erhaltet 2 Energiepunkte, wenn Ihr Erdschaden erleidet.;0;3;29;5;0;10;0;20;0;0;0;0;0;0;0;
7;Mantra des Feuers;Mantra des Feuers;Haltung. 30..90 Sekunde[n]: Reduziert den von Euch erlittenen Feuerschaden um 26..50%. Ihr erhaltet 2 Energiepunkte, wenn Ihr Feuerschaden erleidet.;0;3;29;5;0;10;0;20;0;0;0;0;0;0;0;
8;Mantra des Frosts;Mantra des Frosts;Haltung. 30..90 Sekunde[n]: Reduziert den von Euch erlittenen Kälteschaden um 26..50%. Ihr erhaltet 2 Energiepunkte, wenn Ihr Kälteschaden erleidet.;0;3;29;5;0;10;0;20;0;0;0;0;0;0;0;
9;Mantra des Blitzes;Mantra des Blitzes;Haltung. 30..90 Sekunde[n]: Reduziert den von Euch erlittenen Blitzschaden um 26..50%. Ihr erhaltet 2 Energiepunkte, wenn Ihr Blitzschaden erleidet.;0;3;29;5;0;10;0;20;0;0;0;0;0;0;0;
10;Gebrochene Verhexung;Gebrochene Verhexung;Haltung. 5..80 Sekunde[n]: Die nächste Verhexung gegen Euch misslingt und der Wirker erleidet 10..46 Punkt[e] Schaden.;0;2;29;5;0;5;0;15;0;0;0;0;0;0;0;
11;Verzerrung;Verzerrung;Haltung. 1..5 Sekunde[n]: Ihr habt eine 75%ige Chance zu blocken. Blockkosten: Ihr verliert 2 Energiepunkt[e] oder Verzerrung endet.;1;1;29;5;0;5;0;8;0;0;0;0;0;0;0;
13;Mantra der Erholung;Mantra der Erholung;Elite-Haltung. (5..20 Sekunde[n].) Eure Zauber werden um 33% schneller wieder aufgeladen.;0;0;29;5;0;5;0;15;0;0;1;0;0;0;0;
14;Mantra des Bestehens;Mantra des Bestehens;Haltung. 5..25 Sekunde[n]: Von Euch gewirkte Illusions-Verhexungen halten um 10..40% länger an.;0;3;29;5;0;5;0;15;0;0;0;0;0;0;0;
15;Mantra der Inschriften;Mantra der Inschriften;Haltung. 5..25 Sekunde[n]: Erfolgreich in dieser Haltung aktivierte Siegel werden um 10..40% schneller aufgeladen.;0;3;29;5;0;10;0;20;0;0;0;0;0;0;0;
16;Mantra der Konzentration;Mantra der Konzentration;Haltung. 1..38 Sekunde[n]: Das nächste Mal, wenn Ihr sonst unterbrochen würdet, werdet Ihr nicht unterbrochen.;1;3;29;5;0;5;0;30;0;0;0;0;0;0;0;
17;Mantra des Abschlusses;Mantra des Abschlusses;Haltung. 30..90 Sekunde[n]: Verhindert Unterbrechungen gegen Euch. Verhinderungskosten: Ihr verliert 10..4 Energiepunkt[e] oder Mantra des Abschlusses endet.;0;3;29;5;0;10;0;20;0;0;0;0;0;0;0;
18;Mantra der Siegel;Mantra der Siegel;Haltung. (10..40 Sekunde[n].) Ihr habt +3 Rüstung für jedes Siegel. Ihr erhaltet jedesmal, wenn Ihr ein Siegel einsetzt, 5..60 Lebenspunkt[e].;1;3;29;5;0;5;0;20;0;0;0;0;0;0;0;
19;Zerbrechlichkeit;Zerbrechlichkeit;Verhexung. Verhext außerdem den Gegner und umstehende Feinde (8..20 Sekunde[n]). Diese Gegner erleiden jedes Mal, wenn sie unter einem neuen Zustand leiden oder sich davon erholen, 5..20 Punkt[e] Schaden.;0;1;24;5;0;5;1;5;0;0;0;0;0;0;0;
21;Inspirierte Verzauberung;Inspirierte Verzauberung;Zauber. Entfernt beim Gegner eine Verzauberung. Entfernungswirkungen: Ihr erhaltet 3..15 Energiepunkt[e]. dieser Zauber wird durch die entfernte Verzauberung ersetzt (20 Sekunden).;1;3;22;5;0;10;1;0;0;0;0;0;0;0;0;
22;Inspirierte Verhexung;Inspirierte Verhexung;Zauber. Entfernt beim Verbündeten (bzw. Euch selbst) eine Verhexung. Entfernungswirkungen: Ihr erhaltet 4..10 Energiepunkt[e]. dieser Zauber wird durch die entfernte Verhexung ersetzt (20 Sekunden).;1;3;22;5;0;5;1;0;0;0;0;0;0;0;0;
23;Kraftdorn;Kraftdorn;Zauber. Unterbricht einen Zauber oder Anfeuerungsruf. Unterbrechungswirkung: Richtet 30..120 Punkt[e] Schaden an.;0;2;22;5;0;5;.25;12;0;0;0;0;0;0;0;
24;Kraftleck;Kraftleck;Zauber. Unterbricht einen Zauber oder Anfeuerungsruf. Unterbrechungswirkung: Gegner verliert 3..17 Energiepunkt[e].;1;2;22;5;0;10;.25;20;0;0;0;0;0;0;0;
25;Kraftentzug;Kraftentzug;Zauber. Unterbricht einen Zauber oder Anfeuerungsruf. Unterbrechungswirkung: Ihr erhaltet 1..31 Energiepunkt[e].;0;3;22;5;0;5;.25;20;0;0;0;0;0;0;0;
26;Empathie;Empathie;Verhexung. (5..15 Sekunde[n].) Gegner erleidet bei jedem seiner Angriffe 10..55 Punkt[e] Schaden und fügt 1..15 Punkt[e] weniger Schaden zu.;0;2;24;5;0;10;2;10;0;0;0;0;0;0;0;
27;Täuschungen brechen;Täuschungen brechen;Zauber. Entfernt eine Mesmer-Verhexung vom anvisierten Gegner. Dabei erleidet der Gegner 15..75 Schaden, und alle benachbarten Gegner erleiden 75 % dieses Schadens.;1;2;22;5;0;5;.25;6;0;0;0;0;0;0;0;
28;Rückschlag;Rückschlag;Verhexung. 10 Sekunden: Gegner erleidet bei jedem seiner Zauber 35..140 Punkt[e] Schaden.;0;2;24;5;0;15;3;20;0;0;0;0;0;0;0;
29;Blackout;Blackout;Berührungs-Fertigkeit. 2..8 Sekunde[n]: Deaktiviert Fertigkeiten. Eure Fertigkeiten werden deaktiviert (5 Sekunden).;1;2;1;5;0;10;1;12;0;0;0;0;0;0;0;
30;Ablenkung;Ablenkung;Verhexung. 6 Sekunden: Nächste benutzte Fertigkeit des Gegners benötigt +10..56 Sekunde[n] zum Wiederaufladen.;0;2;24;5;0;10;3;12;0;0;0;0;0;0;0;
31;Trugbild beschwören;Trugbild beschwören;Verhexung. 4..18 Sekunde[n]: Verursacht -5 Lebenspunktdegeneration.;0;1;24;5;0;10;1;5;0;0;0;0;0;0;0;
32;Illusion der Schwäche;Illusion der Schwäche;Verzauberung. Ihr verliert 50..240 Lebenspunkt[e]. Wirkung am Ende: Ihr erhaltet 50..240 Lebenspunkt[e]. Endet, wenn Eure Lebenspunkte durch Schaden unter 25% Eurer maximalen Lebenspunkte gebracht werden.;1;1;23;5;0;10;2;30;0;0;0;0;0;0;0;
33;Illusion der Waffen;Illusion der Waffen;Elite-Verzauberung. (30 Sekunden.) Richtet anstatt von Schaden oder Effekten aus Nahkampfangriffen 20..60 Punkt[e] Schaden bei Gegnern an. Ihr habt +5 Rüstung pro ausgerüsteter Illusionsmagie-Fertigkeit. Eure Nahkampfangriffe sind weder erfolgreich noch erfolglos.;1;1;23;5;0;5;1;10;0;0;1;0;0;0;0;
34;Sympathisches Gesicht;Sympathisches Gesicht;Verzauberung. 4..10 Sekunde[n]: Alle umstehenden Feinde verlieren jedes Mal sämtliches Adrenalin und 3 Energiepunkte, wenn ein Nahkampfangriff den Verbündeten (bzw. Euch selbst) trifft.;1;1;23;5;0;10;1;20;0;0;0;0;0;0;0;
35;Ignoranz;Ignoranz;Verhexung. 8..20 Sekunde[n]: Gegner kann keine Siegel benutzen.;0;2;24;5;0;10;1;10;0;0;0;0;0;0;0;
36;Arkanes Rätsel;Arkanes Rätsel;Verhexung. Verhext den Gegner und umstehende Feinde (5..15 Sekunde[n]). Verdoppelt die Wirkzeit von Zaubern. Wirkung am Ende: Ihr erhaltet 1..7 Energiepunkt[e].;0;1;24;5;0;10;2;30;0;0;0;0;0;0;0;
37;Illusion der Eile;Illusion der Eile;Verzauberung. (5..11 Sekunde[n].) Ihr bewegt Euch um 33% schneller. Anfangswirkung: Beseitigt Zustand der Verkrüppelung. Wirkung am Ende: Ihr werdet (3 Sekunde[n]) lang in den Zustand der Verkrüppelung versetzt.;0;1;23;5;0;5;1;5;0;0;0;0;0;0;0;
38;Kanalisieren;Kanalisieren;Verzauberung. 8..56 Sekunde[n]: Ihr erhaltet jedes Mal 1 Energiepunkt pro Gegner im Bereich, wenn Ihr einen Zauber wirkt.;1;3;23;5;0;5;1;10;0;0;0;0;0;0;0;
39;Energiewelle;Energiewelle;Elite-Zauber. Verursacht 1..10 Energieverlust. Fügt dem Ziel für jeden verlorenen Energiepunkt 7 Schaden zu, und Gegnern in der Nähe 75 % dieses Schadens.;0;2;22;5;0;5;2;15;0;0;1;0;0;0;0;
40;Ätherschmaus;Ätherschmaus;Zauber. Lässt 3 Energiepunkte verlieren. Ihr erhaltet pro verlorenem Energiepunkt 20..65 Lebenspunkt[e].;0;3;22;5;0;5;1;8;0;0;0;0;0;0;0;
41;Herr über den Äther;Herr über den Äther;Verhexung. Ihr verliert alle Energiepunkte. Gegner hat -1..3 Energiedegeneration und Ihr habt +1..3 Energieregeneration (5..10 Sekunde[n]).;1;3;24;5;0;5;2;20;0;0;0;0;0;0;0;
42;Energiebrand;Energiebrand;Zauber. Lässt 1..10 Energiepunkt[e] verlieren. Richtet pro verlorenem Energiepunkt 9 Punkt[e] Schaden an.;0;2;22;5;0;10;2;20;0;0;0;0;0;0;0;
43;Ungeschick;Ungeschick;Verhexung. 4 Sekunde[n]: Verhext auch umstehende Feinde. Unterbricht nächsten Angriff. Unterbrechungswirkung: Richtet 10..80 Punkt[e] Schaden an.;0;1;24;5;0;10;2;12;0;0;0;0;0;0;0;
44;Phantomschmerz;Phantomschmerz;Verhexung. 10 Sekunden: Verursacht -1..4 Lebenspunktdegeneration. Wirkung am Ende: Verursacht Zustand Tiefe Wunde (5..20 Sekunde[n]).;1;1;24;5;0;5;2;10;0;0;0;0;0;0;0;
45;Ätherische Bürde;Ätherische Bürde;Verhexung. 6..12 Sekunden: Gegner bewegt sich um 50% langsamer. Wirkung am Ende: Ihr erhaltet 10..18 Energiepunkt[e].;1;1;24;5;0;15;1.5;30;0;0;0;0;0;0;0;
46;Schuld;Schuld;Verhexung. 6 Sekunde[n]: Nächster Zauber des Gegners schlägt fehl und Ihr entzieht ihm 5..14 Energiepunkt[e]. Zauber des Gegners muss auf einen Eurer Verbündeten gerichtet sein, sonst keine Wirkung.;1;2;24;5;0;5;2;25;0;0;0;0;0;0;0;
47;Unbeholfenheit;Unbeholfenheit;Elite-Verhexung. (4 Sekunde[n].) Außerdem werden alle umstehenden Feinde verhext. Richtet 30..135 Punkt[e] Schaden an. Verursacht Zustand "Blindheit" (10 Sekunden). Kein Effekt, wenn der verhexte Gegner nicht angreift.;1;1;24;5;0;10;1;15;0;0;1;0;0;0;0;
48;Geist des Versagens;Geist des Versagens;Verhexung. 30 Sekunden: Die Angriffe des Gegners gehen mit 25%iger Wahrscheinlichkeit daneben. Ihr erhaltet für jeden misslungenen Angriff des Gegners 1..3 Energiepunkt[e].;1;3;24;5;0;15;3;20;0;0;0;0;0;0;0;
49;Geistiges Wrack;Geistiges Wrack;Verhexung. (5..40 Sekunden.) Der Gegner verliert 1 Energiepunkt, wenn er Ziel Eurer Mesmer-Fertigkeiten (keine Verhexung) ist. Fügt 5..25 Punkt[e] Schaden pro verlorenem Energiepunkt zu. Sinken die Energiepunkte des Gegners auf 0, erleidet er 15..100 Punkt[e] Schaden und Geistiges Wrack endet.;0;2;24;5;0;5;1;7;0;0;0;0;0;0;0;
50;Verschwendung;Verschwendung;Verhexung. (3 Sekunden.) Effekt endet: Richtet beim Ziel 20..100 Schaden und bei benachbarten Gegnern 75 % dieses Schadens an. Kein Effekt und vorzeitiges Ende, wenn der anvisierte Gegner eine Fertigkeit verwendet.;1;2;24;5;0;5;.25;2;0;0;0;0;0;0;0;
51;Schande;Schande;Verhexung. 6 Sekunde[n]: Nächster Zauber des Gegners schlägt fehl und Ihr entzieht ihm 5..14 Energiepunkt[e]. Zauber des Gegners muss auf einen seiner Verbündeten gerichtet sein, sonst keine Wirkung.;1;2;24;5;0;10;2;30;0;0;0;0;0;0;0;
52;Panik;Panik;Elite-Verhexung. Verhext außerdem Feinde in der Nähe des Gegners (1..10 Sekunde[n]). Unterbricht alle Gegner in der Nähe, wenn ein verhexter Gegner eine Fertigkeit erfolgreich aktiviert.;1;2;24;5;0;10;1;15;0;0;1;0;0;0;0;
53;Migräne;Migräne;Elite-Verhexung. (5..20 Sekunde[n].) Verursacht -1..8 Lebenspunktdegeneration und verdoppelt die Aktivierungszeit von Fertigkeiten.;1;1;24;5;0;10;2;12;0;0;1;0;0;0;0;
54;Verkrüppelnde Qual;Verkrüppelnde Qual;Elite-Verhexung. (5..20 Sekunde[n].) Bewegung und Angriffe des Gegners sind um 50% langsamer und er hat -1..8 Lebenspunktdegeneration.;0;1;24;5;0;5;1;12;0;0;1;0;0;0;0;
55;Fieberträume;Fieberträume;Elite-Verhexung. 10..25 Sekunde[n]: Alle neuen Zustände, die der Gegner erhält, gehen auch auf Feinde im Bereich über. Wenn der Gegner mit zwei oder mehr Zuständen belegt ist, wird er für 1..3 Sekunde[n] benommen sein.;1;1;24;5;0;5;1;10;0;0;1;0;0;0;0;
56;Beruhigende Bilder;Beruhigende Bilder;Verhexung. Verhext den Gegner und umstehende Feinde (8..20 Sekunde[n]). Diese Gegner erhalten kein Adrenalin.;0;1;24;5;0;15;2;8;0;0;0;0;0;0;0;
57;Schrei der Frustration;Schrei der Frustration;Zauber. Wenn der anvisierte Gegner eine Fertigkeit verwendet, wird er dabei gestört, so wie auch alle anderen Gegner im Bereich. Er erleidet 15..75 Schaden, und die anderen Gegner jeweils 75 % dieses Schadens.;0;2;22;5;0;10;.25;20;0;0;0;0;0;0;0;
58;Siegel der Mitternacht;Siegel der Mitternacht;Elite-Berührungs-Siegel. 15 Sekunden: Verursacht Zustand Blindheit. Ihr leidet an Blindheit (15 Sekunden).;1;-1;21;5;0;0;2;10;0;0;1;0;0;0;0;
59;Siegel der Müdigkeit;Siegel der Müdigkeit;Siegel. Wirkt auch auf Feinde in der Nähe des Gegners. Verursacht einen Verlust von 3..8 Energiepunkt[en] und den Zustand "Schwäche" (1..12 Sekunde[n]).;1;2;21;5;0;0;2;30;0;0;0;0;0;0;0;
61;Blutsauger-Siegel;Blutsauger-Siegel;Siegel. Unterbricht eine Aktion. Unterbrechungswirkung: Ihr erhaltet 3..15 Energiepunkt[e], falls die Aktion ein Zauber war.;0;3;21;5;0;0;.25;30;0;0;0;0;0;0;0;
62;Siegel der Demut;Siegel der Demut;Siegel. Deaktiviert Elite-Fertigkeit (1..16 Sekunde[n]). Deaktiviert Eure Nicht-Mesmer-Fertigkeiten. (4 Sekunde[n]).;0;3;21;5;0;0;3;20;0;0;0;0;0;0;0;
63;Schlussstein-Siegel;Schlussstein-Siegel;Elite-Siegel. (20 Sekunden.) Eure nächsten 0..6 Siegel unterbrechen den Gegner und alle umstehende Feinde und fügen ihnen 15..60 Punkt[e] Schaden zu. Anfangswirkung: lädt Eure anderen Siegel wieder auf.;1;0;21;5;0;0;1;15;0;0;1;0;0;0;0;
65;Arkane Mimikry;Arkane Mimikry;Zauber. Diese Fertigkeit wird zur Elite-Fertigkeit des Verbündeten (20 Sekunden). Sich selbst als Ziel wählen nicht möglich. Keine Wirkung, wenn Elite-Fertigkeit des Verbündeten eine Verwandlung ist.;0;-1;22;5;0;15;2;60;0;0;0;0;0;0;0;
66;Geistfesseln;Geistfesseln;Verhexung. 5..20 Sekunde[n]: Gegner verliert bei jedem seiner Angriffe 5 Energiepunkte.;0;3;24;5;0;10;3;8;0;0;0;0;0;0;0;
67;Verhexung brechen;Verhexung brechen;Zauber. Entfernt beim Verbündeten (bzw. Euch selbst) eine Verhexung. Entfernungswirkung: Richtet bei Feinden in der Nähe 30..120 Punkt[e] Schaden an.;0;2;22;5;0;10;1;10;0;0;0;0;0;0;0;
68;Verzauberung entziehen;Verzauberung entziehen;Zauber. Entfernt beim Gegner eine Verzauberung. Entfernungswirkung: Ihr erhaltet 8..17 Energiepunkt[e] und 40..120 Lebenspunkt[e].;0;3;22;5;0;5;2;20;0;0;0;0;0;0;0;
69;Verzauberung brechen;Verzauberung brechen;Zauber. Entfernt beim Gegner eine Verzauberung. Entfernungswirkung: Richtet 14..100 Punkt[e] Schaden an.;0;2;22;5;0;10;1;20;0;0;0;0;0;0;0;
72;Elementarwiderstand;Elementarwiderstand;Haltung. 30..90 Sekunde[n]: Ihr habt +40 Rüstung gegen Elementarschaden. Ihr habt -24..12 Rüstung gegen physischen Schaden.;1;3;29;5;0;10;0;20;0;0;0;0;0;0;0;
73;Körperlicher Widerstand;Körperlicher Widerstand;Haltung. 30..90 Sekunde[n]: Ihr habt +40 Rüstung gegen physischen Schaden. Ihr habt -24..12 Rüstung gegen Elementarschaden.;1;3;29;5;0;10;0;20;0;0;0;0;0;0;0;
74;Echo;Echo;Elite-Verzauberung. 30 Sekunde[n]: Echo wird zur nächsten von Euch benutzten Fertigkeit (30 Sekunden).;0;-1;23;5;0;5;1;10;0;0;1;0;0;0;0;
75;Arkanes Echo;Arkanes Echo;Verzauberung. 20 Sekunde[n]: Arkanes Echo wird zum nächsten von Euch benutzten Zauber (20 Sekunden). Diese Verzauberung endet, wenn Ihr eine Fertigkeit benutzt, die kein Zauber ist.;0;-1;23;5;0;15;2;20;0;0;0;0;0;0;0;
76;Eingebildete Bürde;Eingebildete Bürde;Verhexung. (8..20 Sekunde[n].) Gegner bewegt sich um 50% langsamer.;0;1;24;5;0;15;1;30;0;0;0;0;0;0;0;
77;Chaossturm;Chaossturm;Zauber. Fügt pro Sekunde 5..25 Punkt[e] Schaden zu und verursacht einen Verlust von 0..2 Energiepunkt[en] (10 Sekunde[n]). Trifft umstehende Feinde um anfängliche Position des Ziels.;1;2;22;5;0;5;2;30;0;0;0;0;0;0;0;
78;Epidemie;Epidemie;Zauber. Zustände des Gegners übertragen sich auf umstehende Feinde.;0;-1;22;5;0;5;.25;5;0;0;0;0;0;0;0;
79;Energieentzug;Energieentzug;Elite-Zauber. Lässt 2..9 Energiepunkt[e] verlieren. Ihr erhaltet pro verlorenem Energiepunkt 3 Energiepunkte.;0;3;22;5;0;5;1;20;0;0;1;0;0;0;0;
80;Energie abzapfen;Energie abzapfen;Zauber. Lässt 4..7 Energiepunkt[e] verlieren. Ihr erhaltet pro verlorenem Energiepunkt 2 Energiepunkte.;0;3;22;5;0;5;2;30;0;0;0;0;0;0;0;
81;Arkaner Diebstahl;Arkaner Diebstahl;Zauber. 5..35 Sekunde[n]: Deaktiviert einen willkürlichen Zauber. Diese Fertigkeit wird zum betreffenden Zauber.;1;2;22;5;0;10;1;0;0;0;0;0;0;0;0;
82;Mantra der Zurückrufung;Mantra der Zurückrufung;Elite-Verzauberung. 20 Sekunde[n]: Wirkung am Ende: Ihr erhaltet 10..25 Energiepunkt[e].;1;3;23;5;0;10;1;30;0;0;1;0;0;0;0;
83;Knochenschreck beleben;Knochenschreck beleben;Zauber. Erstellt einen Knochenschreck der Stufe 1..17. Benutzt frischen Kadaver.;1;5;22;4;0;5;1;5;0;0;0;0;0;0;0;
84;Knochenteufel beleben;Knochenteufel beleben;Zauber. Erstellt einen Knochenteufel der Stufe 1..17, der aus der Ferne angreifen kann. Benutzt frischen Kadaver.;0;5;22;4;0;15;1;5;0;0;0;0;0;0;0;
85;Knochendiener beleben;Knochendiener beleben;Zauber. Erstellt zwei Knochendiener der Stufe 0..12. Benutzt frischen Kadaver.;0;5;22;4;0;10;1;5;0;0;0;0;0;0;0;
86;Grenths Ausgleich;Grenths Ausgleich;Elite-Zauber. Ihr erhaltet die Hälfte der Differenz zwischen den Lebenspunkten des Gegners und Euren Lebenspunkten. Der Gegner verliert dieselbe Punktzahl. Falls der Gegner weniger Lebenspunkte hat als Ihr, verliert Ihr die Hälfte der Differenz und er erhält die gleiche Menge.;0;-1;22;4;0;10;.25;10;0;0;1;0;0;0;0;
87;Veratas Starren;Veratas Starren;Zauber. Macht den anvisierten untoten Diener herrenlos. Ist er bereits herrenlos, so werdet Ihr zu seinem Meister und heilt ihn um 60..80. Chance eines Fehlschlags 50 %, sofern Todesmagie nicht mindestens 5 beträgt.;1;5;22;4;0;5;1;5;0;0;0;0;0;0;0;
88;Veratas Aura;Veratas Aura;Verzauberung. 120..300 Sekunde[n]: Ihr werdet zum Meister aller feindlichen untoten Diener im Bereich. Wirkung am Ende: Eure untoten Diener werden herrenlos. Mindestens Todesmagie 5, sonst 50%ige Chance auf Misserfolg.;1;5;23;4;0;15;.75;30;0;33;0;0;0;0;0;
89;Tödliche Kühlung;Tödliche Kühlung;Zauber. Richtet 5..50 Punkt[e] Kälteschaden an. Richtet zusätzlich 5..50 Punkt[e] Schaden an, falls der Gegner mehr als 50% seiner maximalen Lebenspunkte hatte.;1;5;22;4;0;10;1;5;0;0;0;0;0;0;0;
90;Veratas Opfer;Veratas Opfer;Zauber. 5..10 Sekunde[n]: 10 verbündete untote Diener erhalten +10 Lebenspunktregeneration. Wird sofort wieder aufgeladen, falls Ihr 3 oder weniger Diener kontrolliert. Überträgt alle Zustände der betroffenen Diener auf Euch.;1;5;22;4;0;10;2;60;0;15;0;0;0;0;0;
91;Brunnen der Kraft;Brunnen der Kraft;Elite-Brunnenzauber. (10..30 Sekunden). Verbündete in diesem Brunnen erhalten +1..6 Lebenspunktregeneration und +2 Energieregeneration. Verwertet eine frische Leiche oder opfert 66 % Lebenspunkte.;1;4;28;4;0;5;1;10;0;0;1;0;0;0;0;
92;Brunnen des Blutes;Brunnen des Blutes;Brunnenzauber. (8..20 Sekunden). Verbündete in diesem Brunnen erhalten +1..6 Lebenspunktregeneration. Verwertet eine frische Leiche oder opfert 66 % Lebenspunkte.;0;4;28;4;0;10;1;2;0;0;0;0;0;0;0;
93;Brunnen des Leidens;Brunnen des Leidens;Brunnenzauber. (10..30 Sekunden). Gegner in diesem Brunnen haben -1..6 Lebenspunktdegeneration. Verwertet eine frische Leiche oder opfert 66 % Lebenspunkte.;1;5;28;4;0;10;1;10;0;0;0;0;0;0;0;
94;Gottloser Brunnen;Gottloser Brunnen;Brunnenzauber. (8..20 Sekunden). Gegner in diesem Brunnen verlieren alle Verzauberungen und können nicht Ziel späterer Verzauberungen werden. Verwertet eine frische Leiche oder opfert 66 % Lebenspunkte. 50 % Chance auf Fehlschlag, wenn Todesmagie nicht mindestens 5 beträgt.;0;5;28;4;0;25;3;10;0;0;0;0;0;0;0;
95;Explosion der Verwesung;Explosion der Verwesung;Zauber. Lässt einen Kadaver explodieren und richtet bei Gegnern in der Nähe 24..120 Punkt[e] Schaden an. Benutzt frischen Kadaver.;0;5;22;4;0;10;1;5;0;0;0;0;0;0;0;
96;Seelenschmaus;Seelenschmaus;Zauber. Ihr erhaltet 50..280 Lebenspunkt[e]. Benutzt frischen Kadaver.;0;5;22;4;0;10;1;0;0;0;0;0;0;0;0;
97;Nekrotische Verwechslung;Nekrotische Verwechslung;Zauber. Nutzt eine zufällige Leiche oder opfert 30..20 % Lebenspunkte, um Euch an den Ort des Zielgegners zu teleportieren. Ihr seid 6 Sekunden lang erkrankt, und alle Gegner in der Nähe werden 5..20 Sekunden lang vergiftet.;1;5;22;4;0;5;.75;0;0;0;0;0;0;0;0;
98;Kadaver verzehren;Kadaver verzehren;Zauber. Teleportiert zur Position eines Kadavers. Ihr erhaltet 25..100 Lebenspunkt[e] und 5..20 Energiepunkt[e]. Benutzt frischen Kadaver.;1;5;22;4;0;5;1;0;0;0;0;0;0;0;0;
99;Parasitäre Fesseln;Parasitäre Fesseln;Verhexung. (20 Sekunden.) Verursacht -1 Lebenspunktdegeneration. Wirkung am Ende: Ihr werdet um 30..120 Lebenspunkt[e] geheilt.;0;7;24;4;0;5;1;2;0;0;0;0;0;0;0;
100;Seelenwiderhaken;Seelenwiderhaken;Verhexung. 30 Sekunden: Richtet 15..30 Punkt[e] Schaden an, wenn eine Verzauberung oder Verhexung auf den Gegner gewirkt wird.;1;7;24;4;0;10;2;10;0;0;0;0;0;0;0;
101;Widerhaken;Widerhaken;Verhexung. 30 Sekunden: Gegner erleidet jedes Mal 4..16 Punkt[e] Schaden, wenn er physischen Schaden erhält.;0;7;24;4;0;10;1;5;0;0;0;0;0;0;0;
102;Schattenschlag;Schattenschlag;Zauber. Richtet 12..48 Punkt[e] Schaden an. Entzieht bis zu 12..48 Lebenspunkt[e], falls der Gegner mehr als 50% seiner maximalen Lebenspunkte hatte.;1;4;22;4;0;10;2;15;0;0;0;0;0;0;0;
103;Preis des Versagens;Preis des Versagens;Verhexung. 30 Sekunden: Die Angriffe des Gegners gehen mit 25%iger Wahrscheinlichkeit daneben. Gegner erleidet für jeden misslungenen Angriff 1..46 Punkt[e] Schaden.;1;7;24;4;0;15;2;20;0;0;0;0;0;0;0;
104;Todesnova;Todesnova;Verzauberung. 30 Sekunden: Falls der Verbündete (bzw. Ihr selbst) stirbt, erhalten umstehende Feinde 26..100 Punkt[e] Schaden und Zustand Gift (15 Sekunde[n]).;0;5;23;4;0;5;2;0;0;0;0;0;0;0;0;
105;Tödlicher Schwarm;Tödlicher Schwarm;Zauber. Tödlicher Schwarm breitet sich langsam aus und richtet 30..90 Punkt[e] Kälteschaden an. Trifft zwei weitere Feinde im Bereich.;0;5;22;4;0;10;2;6;0;0;0;0;0;0;0;
106;Verrottendes Fleisch;Verrottendes Fleisch;Zauber. Verursacht Zustand Krankheit (10..25 Sekunde[n]).;0;5;22;4;0;15;3;3;0;0;0;0;0;0;0;
107;Ansteckung;Ansteckung;Elite-Zauber. Verursacht Zustände Krankheit, Gift und Schwäche (3..15 Sekunde[n]). Gegner muss bereits einen Zustand haben, sonst keine Wirkung.;1;5;22;4;0;5;1;15;0;0;1;0;0;0;0;
108;Leiden;Leiden;Verhexung. Verhext den Gegner und Feinde in der Nähe (6..30 Sekunde[n]). Die Betroffenen haben -0..3 Lebenspunktdegeneration.;0;7;24;4;0;15;1;10;0;0;0;0;0;0;0;
109;Leben abzapfen;Leben abzapfen;Verhexung. 12..24 Sekunde[n]: Gegner hat -1..3 Lebenspunktdegeneration. Ihr habt +1..3 Lebenspunktregeneration.;0;4;24;4;0;10;1;5;0;0;0;0;0;0;0;
110;Unheiliger Schmaus;Unheiliger Schmaus;Zauber. Entzieht 1..4 Feind[en] im Bereich um Euch 10..65 Lebenspunkt[e].;0;4;22;4;0;15;.75;8;0;0;0;0;0;0;0;
111;Das Blut erwecken;Das Blut erwecken;Verzauberung. 20..44 Sekunde[n]: Ihr habt +2 Blutmagie und Flüche. Ihr opfert 50% mehr Lebenspunkte als normal.;1;4;23;4;0;10;1;45;0;0;0;0;0;0;0;
112;Verzauberungsschändung;Verzauberungsschändung;Zauber. Richtet beim Gegner und Feinden in der Nähe 6..60 Punkt[e] Schaden an. Richtet zusätzlich 4..20 Punkt[e] Schaden für jede auf ihnen liegende Verzauberung an.;1;7;22;4;0;10;2;15;0;0;0;0;0;0;0;
113;Verdorbenes Fleisch;Verdorbenes Fleisch;Elite-Verzauberung. (20..44 Sekunden.) Gegner, die Verbündete im Bereich im Nahkampf treffen, werden Erkrankt (3..15 Sekunden lang). dieser Verbündete ist immun gegen Krankheit.;0;5;23;4;0;5;1;0;0;0;1;0;0;0;0;
114;Aura des Lich;Aura des Lich;Elite-Verzauberung. Benutzt alle Kadaver in Hörweite. Belebt einen Knochenschreck der Stufe 1..17 sowie einen für jeden benutzten Kadaver. Ihr habt +1 Todesmagie (5..45 Sekunde[n]).;1;5;23;4;0;15;2;45;0;0;1;0;0;0;0;
115;Bluterneuerung;Bluterneuerung;Verzauberung. (7 Sekunden.) Ihr habt +3..6 Lebenspunktregeneration. Wirkung am Ende: Heilt Euch für 40..190 Lebenspunkt[e].;1;4;23;4;0;1;1;7;0;15;0;0;0;0;0;
116;Dunkle Aura;Dunkle Aura;Verzauberung. 30 Sekunden: Richtet bei umstehenden Gegnern jedes Mal 5..50 Punkt[e] Schaden an, wenn der Verbündete (bzw. Ihr selbst) Lebenspunkte opfert. Schadenskosten: Ihr verliert 5..20 Lebenspunkt[e].;0;5;23;4;0;10;1;10;0;0;0;0;0;0;0;
117;Schwächen;Schwächen;Zauber. Verursacht Zustand Schwäche (10..30 Sekunde[n]).;1;7;22;4;0;5;.25;5;0;0;0;0;0;0;0;
118;Schwächendes Blut;Schwächendes Blut;Zauber. Verursacht beim Gegner und Feinden in der Nähe Zustand Schwäche (5..20 Sekunde[n]).;0;7;22;4;0;1;1;8;0;10;0;0;0;0;0;
119;Blut ist Kraft;Blut ist Kraft;Elite-Verzauberung. 10 Sekunden: +3..6 Energieregeneration. Sich selbst als Ziel wählen nicht möglich.;0;4;23;4;0;1;.25;0;0;33;1;0;0;0;0;
120;Blut des Meisters;Blut des Meisters;Zauber. Heilt Eure untoten Diener um 30..116 Lebenspunkt[e]. Heilkosten: +2% Lebenspunktopfer pro geheiltem Diener.;0;5;22;4;0;5;1;2;0;5;0;0;0;0;0;
121;Boshafter Geist;Boshafter Geist;Elite-Verhexung. 10..25 Sekunde[n]: Richtet beim Gegner und umstehenden Feinden jedes Mal 15..45 Punkt[e] Schaden an, wenn der Gegner angreift oder eine Fertigkeit benutzt.;1;7;24;4;0;15;2;10;0;0;1;0;0;0;0;
122;Unheilvoller Eingriff;Unheilvoller Eingriff;Verhexung. 5..20 Sekunde[n]: Verringert die Wirkung von Heilungen beim Gegner um 20%. Stirbt der Gegner, während er verhext ist, wird ein herrenloser Knochenschreck der Stufe 1..17 belebt.;1;5;24;4;0;10;1;5;0;0;0;0;0;0;0;
123;Heimtückischer Parasit;Heimtückischer Parasit;Verhexung. 5..15 Sekunde[n]: Entzieht jedes Mal 15..45 Lebenspunkt[e], wenn ein Angriff des Gegners trifft.;1;7;24;4;0;10;1;8;0;0;0;0;0;0;0;
124;Rückenschauer;Rückenschauer;Verhexung. 10..40 Sekunde[n]: Kälteschaden unterbricht die Fertigkeiten des Gegners. Unterbrechungskosten: Ihr verliert 8..3 Energiepunkt[e] oder Rückenschauer endet.;1;7;24;4;0;10;2;15;0;0;0;0;0;0;0;
125;Verwelken;Verwelken;Elite-Verhexung. 5..35 Sekunde[n]: Verursacht -2..4 Lebenspunktdegeneration und -1 Energiedegeneration. Richtet 15..75 Punkt[e] Schaden an, wenn die Energiepunkte des Gegners auf 0 sinken. Endet, wenn die Energiepunkte des Gegners auf 0 sinken.;1;7;24;4;0;10;1;5;0;0;1;0;0;0;0;
126;Lebensübertragung;Lebensübertragung;Elite-Verhexung. Verhext auch den Gegner umstehende Feinde (6..12 Sekunde[n]). Verursacht -3..8 Lebenspunktdegeneration. Ihr habt +3..8 Lebenspunktregeneration.;1;4;24;4;0;5;1;20;0;0;1;0;0;0;0;
127;Zeichen der Subversion;Zeichen der Subversion;Verhexung. 6 Sekunde[n]: Nächster Zauber des Gegners schlägt fehl und Ihr entzieht ihm 10..92 Lebenspunkt[e]. Zauber des Gegners muss auf einen seiner Verbündeten gerichtet sein, sonst keine Wirkung.;1;4;24;4;0;10;2;30;0;0;0;0;0;0;0;
128;Seelenfresser;Seelenfresser;Elite-Verhexung. 10 Sekunden: Entzieht jedes Mal 16..80 Lebenspunkt[e], wenn der Gegner einen Zauber wirkt.;1;4;24;4;0;15;1;7;0;0;1;0;0;0;0;
129;Fleisch schänden;Fleisch schänden;Verhexung. 5..35 Sekunde[n]: Verringert die Wirkung von Heilungen beim Gegner um 33%. Nur Fertigkeiten mit dem Wort "heilen" in der Beschreibung sind betroffen.;0;7;24;4;0;10;1;10;0;10;0;0;0;0;0;
130;Dämonenfleisch;Dämonenfleisch;Verzauberung. (30..60 Sekunde[n].) Jedes Mal, wenn Ihr eine Fertigkeit auf einen Feind anwendet, erleiden alle umstehenden Feinde 5..20 Punkt[e] Schattenschaden.;0;4;23;4;0;5;1;30;0;0;0;0;0;0;0;
131;Siegel der Widerhaken;Siegel der Widerhaken;Siegel. Der Gegner und umstehende Feinde leiden an einer Blutung (3..15 Sekunde[n]).;0;4;21;4;0;0;1;10;0;8;0;0;0;0;0;
132;Pest-Siegel;Pest-Siegel;Elite-Siegel. Alle Zustände mit 100..200% ihrer verbleibenden Dauer werden von Euch auf den Gegner übertragen. Mindestens Flüche 5, sonst 50%ige Chance auf Misserfolg.;0;7;21;4;0;0;1;4;0;0;1;0;0;0;0;
133;Dunkler Pakt;Dunkler Pakt;Zauber. Richtet 20..60 Punkt[e] Schaden an.;0;4;22;4;0;1;1;2;0;10;0;0;0;0;0;
134;Orden der Schmerzen;Orden der Schmerzen;Verzauberung. Verzaubert alle Gruppenmitglieder (5 Sekunden). +3..16 Punkt[e] Schaden, wenn diese Gruppenmitglieder physischen Schaden anrichten.;0;4;23;4;0;10;2;0;0;17;0;0;0;0;0;
135;Mutlosigkeit;Mutlosigkeit;Verhexung. 4..18 Sekunde[n]: Gegner greift um 50% langsamer an und hat -1..3 Lebenspunktdegeneration.;0;7;24;4;0;10;1;8;0;0;0;0;0;0;0;
136;Schatten der Angst;Schatten der Angst;Verhexung. Verhext den Gegner und umstehende Feinde (5..30 Sekunde[n]). Sie greifen um 50% langsamer an.;1;7;24;4;0;10;2;5;0;0;0;0;0;0;0;
137;Totenstarre;Totenstarre;Verhexung. 8..20 Sekunde[n]: Gegner kann nicht blocken.;0;7;24;4;0;10;1;20;0;0;0;0;0;0;0;
138;Dunkles Band;Dunkles Band;Verzauberung. 30..60 Sekunde[n]: Überträgt 75% des erlittenen Schadens von Euch auf Euren am nächsten befindlichen Diener.;0;4;23;4;0;5;2;20;0;0;0;0;0;0;0;
139;Zustand einflößen;Zustand einflößen;Verzauberung. 15..60 Sekunde[n]: Überträgt jeden Zustand, den Ihr erhaltet, von Euch auf Euren am nächsten befindlichen untoten Diener.;1;5;23;4;0;5;1;20;0;0;0;0;0;0;0;
140;Unwohlsein;Unwohlsein;Verhexung. 5..35 Sekunde[n]: Verursacht -1 Energiedegeneration. Richtet 5..50 Punkt[e] Schaden an, wenn die Energiepunkte des Gegners auf 0 sinken. Ihr habt -1 Lebenspunktdegeneration. Endet, wenn die Energiepunkte des Gegners auf 0 sinken.;1;7;24;4;0;5;2;2;0;0;0;0;0;0;0;
141;Verzauberungen entreißen;Verzauberungen entreißen;Zauber. Entfernt 5..9 Verzauberung[en] beim Gegner. Entfernungskosten: Ihr verliert für jede entfernte Mönch-Verzauberung 55..25 Lebenspunkt[e].;0;7;22;4;0;5;2;20;0;0;0;0;0;0;0;
142;Bleibender Fluch;Bleibender Fluch;Elite-Verhexung. 6..30 Sekunde[n]: Gegner und Feinde in der Nähe haben -1..4 Lebenspunktdegeneration. Heilung verschafft ihnen um 25% weniger Vorteile.;0;7;24;4;0;15;1;10;0;0;1;0;0;0;0;
143;Verzauberung rauben;Verzauberung rauben;Zauber. Entfernt 0..2 Verzauberung[en] beim Gegner. Entfernungswirkung: Ihr entzieht 5..65 Lebenspunkt[e].;0;4;22;4;0;10;1;20;0;0;0;0;0;0;0;
144;Frostbeulen;Frostbeulen;Zauber. Richtet bei Feinden im Bereich um das Ziel 10..44 Punkt[e] Kälteschaden an. entfernt 1..2 Verzauberungen bei den Betroffenen. Ihr werdet vergiftet (10 Sekunden).;0;7;22;4;0;25;2;8;0;0;0;0;0;0;0;
145;Siegel der Qual;Siegel der Qual;Siegel. Richtet bei Feinden in Eurer Nähe 10..70 Punkt[e] Schaden an. Ihr beginnt zu bluten (25 Sekunden).;0;4;21;4;0;0;.75;8;0;10;0;0;0;0;0;
146;Blutopfer;Blutopfer;Elite-Zauber. Ihr erhaltet 8..20 Energiepunkt[e].;1;4;22;4;0;1;.25;15;0;20;1;0;0;0;0;
147;Dunkle Wut;Dunkle Wut;Verzauberung. Verzaubert Gruppenmitglieder (5 Sekunden). Die Betroffenen erhalten jedes Mal einen Adrenalinstoß, wenn sie mit einem Angriff einen Treffer landen. Mindestens Blutmagie 5, sonst 50%ige Chance auf Misserfolg.;1;4;23;4;0;10;.75;5;0;17;0;0;0;0;0;
148;Orden des Vampirs;Orden des Vampirs;Elite-Verzauberung. Verzaubert alle Gruppenmitglieder (5 Sekunden). Die Betroffenen entziehen mit jedem Angriff, der physischen Schaden anrichtet, 3..16 Lebenspunkt[e]. Gruppenmitglieder, die unter dem Einfluss einer anderen Nekromanten-Verzauberung stehen, sind nicht betroffen.;1;4;23;4;0;5;2;5;0;17;1;0;0;0;0;
149;Pest aussenden;Pest aussenden;Zauber. Übertragt 1..3 Zustände und ihre verbleibende Dauer von Euch auf den Gegner und alle umstehenden Feinde.;1;7;22;4;0;1;1;5;0;10;0;0;0;0;0;
150;Zeichen des Schmerzes;Zeichen des Schmerzes;Verhexung. 30 Sekunden: Richtet bei umstehenden Feinden jedes Mal 10..40 Punkt[e] Schaden an, wenn der Gegner physischen Schaden erleidet.;0;7;24;4;0;10;1;20;0;0;0;0;0;0;0;
151;Schmaus der Verdorbenheit;Schmaus der Verdorbenheit;Elite-Zauber. Richtet beim Gegner und umstehenden Feinden 16..80 Punkt[e] Schaden an. Entzieht jedem verhexten Feind 8..40 Lebenspunkt[e].;1;7;22;4;0;15;2;15;0;0;1;0;0;0;0;
152;Geschmack des Todes;Geschmack des Todes;Zauber. Entzieht verbündetem untotem Diener 100..400 Lebenspunkt[e].;0;5;22;4;0;5;.25;0;0;0;0;0;0;0;0;
153;Vampir-Starren;Vampir-Starren;Zauber. Entzieht 18..60 Lebenspunkt[e].;0;4;22;4;0;10;1;8;0;0;0;0;0;0;0;
154;Pest-Berührung;Pest-Berührung;Berührungs-Fertigkeit. Überträgt 1..3 Zustände von Euch auf den Gegner.;0;7;1;4;0;5;.75;0;0;0;0;0;0;0;0;
155;Abscheuliche Berührung;Abscheuliche Berührung;Berührungs-Fertigkeit. Richtet 20..65 Punkt[e] Schaden an.;0;5;1;4;0;10;.75;2;0;0;0;0;0;0;0;
156;Vampir-Berührung;Vampir-Berührung;Berührungs-Fertigkeit. Entzieht 29..74 Lebenspunkt[e].;1;4;1;4;0;15;.75;2;0;0;0;0;0;0;0;
157;Blutritual;Blutritual;Verzauberung. 8..14 Sekunde[n]: +3 Energieregeneration. Sich selbst als Ziel wählen nicht möglich.;1;4;23;4;0;5;1;2;0;17;0;0;0;0;0;
158;Berührung der Qual;Berührung der Qual;Berührungs-Fertigkeit. Richtet 20..58 Punkt[e] Schaden an.;1;4;1;4;0;1;.75;3;0;10;0;0;0;0;0;
159;Rüstung schwächen;Rüstung schwächen;Zauber. Betrifft auch umstehende Feinde. Verursacht Zustand Beschädigte Rüstung (5..20 Sekunde[n]).;0;7;22;4;0;5;.5;5;0;0;0;0;0;0;0;
160;Windgeschwindigkeit;Windgeschwindigkeit;Verzauberung. (5..13 Sekunde[n].) Der Verbündete (bzw. Ihr selbst) bewegt sich um 33% schneller.;1;8;23;6;0;10;.75;5;0;0;0;0;0;0;0;
162;Orkan;Orkan;Zauber. Wirft zu Boden. Mindestens Luftmagie 5, sonst 50%ige Chance auf Misserfolg.;0;8;22;6;0;10;1;5;0;0;0;0;10;0;0;
163;Wirbelsturm;Wirbelsturm;Zauber. Trifft umstehende Feinde. Richtet 15..75 Punkte Kälteschaden an. Wirft angreifende Feinde zu Boden. Trifft Feinde in der Nähe, anstatt umstehende Feinde, wenn Überzaubert.;1;8;22;6;0;5;.75;8;0;0;0;0;0;0;0;
164;Elementareinstimmung;Elementareinstimmung;Elite-Verzauberung. (25..60 Sekunden.) Eure Elementarattribute werden um 1..2 erhöht. Ihr erhaltet 1 plus 50 % der Grund-Energiekosten aller Luft-, Feuer-, Wasser- und Erd-Magiefertigkeiten, die Ihr benutzt.;0;12;23;6;0;10;1;20;0;0;1;0;0;0;0;
165;Erdrüstung;Erdrüstung;Verzauberung. (30 Sekunden.) Ihr habt +24..60 Rüstung. Ihr bewegt Euch um 50..14% langsamer.;0;9;23;6;0;10;.75;15;0;0;0;0;0;0;0;
166;Kinetik-Rüstung;Kinetik-Rüstung;Verzauberung. (12 Sekunden.) Ihr habt +20..80 Rüstung. Erneuerungsbonus: Wirkt einen Zauber.;1;9;23;6;0;15;3;30;0;0;0;0;0;0;0;
167;Eruption;Eruption;Zauber. Richtet 10..40 Punkt[e] Erdschaden pro Sekunde an (5 Sekunden). Trifft Feinde in der Nähe der ursprünglichen Position des Ziels. Verursacht Zustand "Blindheit" (10 Sekunden).;1;9;22;6;0;25;2;30;0;0;0;0;0;0;0;
168;Magnet-Aura;Magnet-Aura;Verzauberung. (1..8 Sekunden.) Blockt den nächsten gegen Euch gerichteten Angriff und reflektiert 10..50 Schaden zum Angreifer. Wenn Ihr Überzaubert seid, werden alle Gruppenmitglieder in Hörweite ebenfalls verzaubert.;1;9;23;6;0;10;1;12;0;0;0;0;0;0;0;
169;Erdeinstimmung;Erdeinstimmung;Verzauberung. (36..60 Sekunde[n].) Ihr erhaltet 1 Energiepunkt plus 30% der Energiekosten zurück, wenn Ihr Erdmagie-Fertigkeiten benutzt.;0;9;23;6;0;10;1;30;0;0;0;0;0;0;0;
170;Erdbeben;Erdbeben;Zauber. Richtet 26..100 Punkt[e] Erdschaden an. Trifft auch Feinde in der Nähe des Ziels. Wirft zu Boden.;1;9;22;6;0;25;3;15;0;0;0;0;10;0;0;
171;Steinigung;Steinigung;Zauber. Geschoss: Richtet 45..105 Punkt[e] Erdschaden an. Wirft Gegner zu Boden, falls dieser geschwächt ist.;0;9;22;6;0;15;1;5;0;0;0;0;0;0;0;
172;Steindolche;Steindolche;Zauber. Zwei Geschosse: Richten je 8..33 Punkte Erdschaden an. Der Gegner leidet 1..5 Sekunden lang an einer Blutung.;0;9;22;6;0;5;1;0;0;0;0;0;0;0;0;
173;Zupackende Erde;Zupackende Erde;Verhexung. Verhext Feinde in Eurer Nähe (5..20 Sekunde[n]). Diese Feinde bewegen sich um 50% langsamer.;1;9;24;6;0;10;.75;12;0;0;0;0;0;0;0;
174;Nachbeben;Nachbeben;Zauber. Richtet bei in der Nähe befindlichen Feinden 15..85 Punkte Erdschaden an. Zu Boden geworfene Feinde erleiden zusätzlich 15..85 Punkte Erdschaden.;0;9;22;6;0;10;.75;10;0;0;0;0;0;0;0;
175;Abwehr gegen Elemente;Abwehr gegen Elemente;Abwehrzauber. (8..20 Sekunde[n].) Verbündete in dieser Abwehr haben +24 Rüstung gegen Elementarschaden. Geister sind nicht betroffen.;1;9;26;6;0;10;1;20;0;0;0;0;0;0;0;
176;Abwehr gegen Nahkampf;Abwehr gegen Nahkampf;Abwehrzauber. (5..20 Sekunde[n].) Verbündete in dieser Abwehr können Nahkampfangriffe mit 50%iger Wahrscheinlichkeit blocken. Verbündete Geister sind nicht betroffen.;0;9;26;6;0;15;1;30;0;0;0;0;0;0;0;
177;Abwehr gegen Feinde;Abwehr gegen Feinde;Abwehrzauber. (8..20 Sekunde[n].) Feinde in dieser Abwehr bewegen sich um 50% langsamer.;0;9;26;6;0;15;1;20;0;0;0;0;0;0;0;
178;Ätherwunder;Ätherwunder;Elite-Verzauberung. (8..20 Sekunde[n].) Ihr habt +6 Energieregeneration. Wirkung am Ende: Ihr verliert für jeden Energiepunkt, den Ihr habt, 2 Lebenspunkt[e]. Alle Verzauberungen gehen verloren.;1;12;23;6;0;5;1;5;0;0;1;0;10;0;0;
179;Brandbänder;Brandbänder;Verhexung. (3 Sekunden.) Richtet bei Feinden in der Nähe des Ziels 20..80 Punkte Feuerschaden an und verursacht den Zustand Brennen (1..3 Sekunden). Wird auch aktiviert, wenn der anvisierte Gegner stirbt.;1;10;24;6;0;10;1;7;0;0;0;0;5;0;0;
180;Wiederherstellungs-Aura;Wiederherstellungs-Aura;Verzauberung. (60 Sekunden.) Ihr gewinnt jedes Mal, wenn Ihr einen Zauber wirkt, 0..1 Energie und Heilung in Höhe von 200..500% der jeweiligen Energiekosten.;0;12;23;6;0;5;.25;20;0;0;0;0;0;0;0;
181;Äthererneuerung;Äthererneuerung;Elite-Verzauberung. (5..20 Sekunde[n].) Jedes Mal, wenn Ihr einen Zauber wirkt, erhaltet Ihr für jede Verzauberung auf Euch 1..4 Energiepunkt[e] und 5..20 Lebenspunkt[e].;1;12;23;6;0;10;1;30;0;0;1;0;0;0;0;
182;Flammenbeschwörung;Flammenbeschwörung;Verzauberung. (60 Sekunden.) Eure Angriffe richten +5..20 Punkt[e] Feuerschaden an. Keine Wirkung, falls Eure Waffe keinen Feuerschaden verursacht.;0;10;23;6;0;10;1;30;0;0;0;0;0;0;0;
183;Inferno;Inferno;Zauber. Richtet bei umstehenden Feinden 30..135 Punkt[e] Feuerschaden an.;0;10;22;6;0;10;.75;10;0;0;0;0;0;0;0;
184;Feuereinstimmung;Feuereinstimmung;Verzauberung. (36..60 Sekunde[n].) Ihr erhaltet 1 Energiepunkt plus 30% der Energiekosten zurück, wenn Ihr Feuermagie-Fertigkeiten benutzt.;0;10;23;6;0;10;1;30;0;0;0;0;0;0;0;
185;Geistige Verbrennung;Geistige Verbrennung;Elite-Zauber. Richtet 15..60 Punkt[e] Feuerschaden an. Falls Ihr mehr Energie habt als der Gegner, erhält er zusätzlich 15..60 Punkt[e] Feuerschaden und Zustand Brennen (1..10 Sekunde[n]). Trifft den Gegner und umstehende Feinde.;0;10;22;6;0;5;1;5;0;0;1;0;5;0;0;
186;Feuerball;Feuerball;Zauber. Projektil: Fügt dem Ziel und Gegnern in der Nähe 7..112 Feuerschaden zu.;0;10;22;6;0;10;1.5;7;0;0;0;0;0;0;0;
187;Meteor;Meteor;Zauber. Richtet 7..112 Punkt[e] Feuerschaden an und wirft zu Boden. Trifft auch umstehende Feinde um den Gegner.;0;10;22;6;0;5;2;30;0;0;0;0;10;0;0;
188;Flammenstoß;Flammenstoß;Zauber. Richtet bei allen Feinden in Eurer Nähe 15..120 Punkt[e] Feuerschaden an.;1;10;22;6;0;15;.75;5;0;0;0;0;0;0;0;
189;Anrufung von Rodgort;Anrufung von Rodgort;Zauber. Richtet 15..120 Punkt[e] Feuerschaden an. Wirkt auch auf Feinde in der Nähe des Gegners. Verursacht Zustand Brennen (1..3 Sekunde[n]).;1;10;22;6;0;25;2;8;0;0;0;0;0;0;0;
190;Zeichen des Rodgort;Zeichen des Rodgort;Verhexung. Verhext außerdem den Gegner umstehende Feinde (10..35 Sekunde[n]). Verursacht Zustand Brennen (1..4 Sekunde[n]), wenn die Betroffenen Feuerschaden erleiden.;1;10;24;6;0;15;1;15;0;0;0;0;0;0;0;
191;Feueropfer;Feueropfer;Zauber. Richtet 20..75 Punkt[e] Feuerschaden an. Verursacht Zustand Brennen (1..3 Sekunde[n]).;0;10;22;6;0;10;1;5;0;0;0;0;0;0;0;
192;Meteorschauer;Meteorschauer;Zauber. Richtet 7..112 Punkt[e] Feuerschaden an und wirft alle 3 Sekunden zu Boden (9 Sekunden). Trifft umstehende Feinde um anfängliche Position des Ziels.;1;10;22;6;0;25;5;60;0;0;0;0;10;0;0;
193;Phönix;Phönix;Zauber. Geschoss: Richtet beim Gegner und umstehenden Feinden 10..60 Punkte Feuerschaden an. Heilt Verbündete für 20..80, wenn Ihr Überzaubert seid.;1;10;22;6;0;10;1.5;7;0;0;0;0;0;0;0;
194;Feuergeschoss;Feuergeschoss;Zauber. Geschoss: Richtet 20..65 Punkte Feuerschaden an. Wenn Überzaubert, werden auch umstehende Gegner getroffen.;0;10;22;6;0;5;1;0;0;0;0;0;0;0;0;
195;Lavabecken;Lavabecken;Zauber. Richtet 5..50 Punkte Feuerschaden pro Sekunde an (5 Sekunden). Trifft Feinde in der Nähe Eurer ursprünglichen Position. Wenn Überzaubert, dann wird die Reichweite zu In der Nähe erhöht.;1;10;22;6;0;10;1.5;4;0;0;0;0;0;0;0;
196;Sengende Hitze;Sengende Hitze;Zauber. Richtet 10..40 Punkt[e] Feuerschaden pro Sekunde an (5 Sekunden). Trifft Feinde in der Nähe der ursprünglichen Position des Ziels. Wirkung am Ende: Verursacht Zustand Brennen (3 Sekunden).;1;10;22;6;0;15;2;25;0;0;0;0;0;0;0;
197;Feuersturm;Feuersturm;Zauber. Richtet 5..35 Punkt[e] Feuerschaden pro Sekunde an (10 Sekunden). Trifft umstehende Feinde um anfängliche Position des Ziels.;0;10;22;6;0;10;2;20;0;0;0;0;0;0;0;
198;Glyphe der Elementarkraft;Glyphe der Elementarkraft;Glyphe. (25 Sekunden.) Erhöht Eure Elementarattribute für Eure nächsten 10 Zauber um +2.;0;-1;16;6;0;5;1;5;0;0;0;0;0;0;0;
199;Glyphe der Energie;Glyphe der Energie;Elite-Glyphe. Eure nächsten 1..3 Zauber verursachen kein Überzaubern und kosten 10..25 Energiepunkte weniger. Ihr erhaltet 1..2 aus alle Elementarattribute.;1;12;16;6;0;5;1;25;0;0;1;0;0;0;0;
200;Glyphe der geringeren Energie;Glyphe der geringeren Energie;Glyphe. (15 Sekunden.) Eure nächsten 2 Zauber kosten 10..18 Energiepunkt[e] weniger.;0;12;16;6;0;5;1;30;0;0;0;0;0;0;0;
201;Glyphe der Konzentration;Glyphe der Konzentration;Glyphe. (15 Sekunden.) Eure nächsten 1 Zauber können nicht unterbrochen werden. Sie bleiben vom Zustand Benommenheit unbeeinflusst.;1;-1;16;6;0;5;1;10;0;0;0;0;0;0;0;
202;Glyphe der Opferung;Glyphe der Opferung;Glyphe. (15 Sekunden.) Euer nächster wirkt Zauber sofort, benötigt aber für die Wiederaufladung 30 Sekunde[n] länger. Endet, wenn Ihr eine Nicht-Zauber-Fertigkeit verwendet.;1;-1;16;6;0;5;1;15;0;0;0;0;0;0;0;
203;Glyphe der Erneuerung;Glyphe der Erneuerung;Elite-Glyphe. (15 Sekunden.) Euer nächster Zauber wird sofort wieder aufgeladen.;1;-1;16;6;0;5;1;10;0;0;1;0;0;0;0;
204;Rost;Rost;Verhexung. Richtet beim Gegner und umstehenden Feinden 10..85 Punkte Kälteschaden an. Verhext den Gegner und umstehende Feinde (5..20 Sekunden). Verdoppelt die Aktivierungszeit von Siegeln. Unterbricht und deaktiviert Siegel für 1..10 Sekunden, wenn Ihr Überzaubert seid.;0;11;24;6;0;10;1;8;0;0;0;0;0;0;0;
205;Blitzwelle;Blitzwelle;Elite-Verhexung. (3 Sekunden.) Wirkung am Ende: Richtet 14..100 Punkt[e] Blitzschaden an, wirft zu Boden und verursacht Beschädigte Rüstung (5..20 Sekunde[n]). 25% Rüstungsdurchdringung.;0;8;24;6;0;10;1;10;0;0;1;0;0;0;0;
206;Frostrüstung;Frostrüstung;Verzauberung. (10..34 Sekunde[n].) Ihr bekommt +40 Rüstung gegen physischen Schaden und Eure Wassermagie ist um +1 erhöht.;1;11;23;6;0;5;1;20;0;0;0;0;0;0;0;
207;Frost beschwören;Frost beschwören;Verzauberung. (60 Sekunden.) Eure Angriffe richten +5..20 Punkt[e] Kälteschaden an. Keine Wirkung, falls Eure Waffe keinen Kälteschaden verursacht.;0;11;23;6;0;10;1;30;0;0;0;0;0;0;0;
208;Wassereinstimmung;Wassereinstimmung;Verzauberung. (36..60 Sekunde[n].) Ihr erhaltet 1 Energiepunkt plus 30% der Energiekosten zurück, wenn Ihr Wassermagie-Fertigkeiten benutzt.;0;11;23;6;0;10;1;30;0;0;0;0;0;0;0;
209;Geistige Erfrierung;Geistige Erfrierung;Elite-Verhexung. Richtet 10..60 Punkt[e] Kälteschaden an. Falls Ihr mehr Energie habt als der Gegner, erhält er zusätzlich +10..60 Punkt[e] Kälteschaden und bewegt sich um 90% langsamer (1..5 Sekunde[n]).;0;11;24;6;0;5;1;5;0;0;1;0;5;0;0;
210;Eisgefängnis;Eisgefängnis;Verhexung. (8..20 Sekunde[n].) Gegner bewegt sich um 66% langsamer.;1;11;24;6;0;10;2;30;0;0;0;0;0;0;0;
211;Eisdornen;Eisdornen;Verhexung. Verhext den Gegner und umstehende Feinde (2..6 Sekunde[n]). Diese Feinde bewegen sich um 66% langsamer. Anfangswirkung: Richtet 20..80 Punkt[e] Kälteschaden an.;0;11;24;6;0;15;1.5;10;0;0;0;0;0;0;0;
212;Frostexplosion;Frostexplosion;Verhexung. Verhext Feinde in Eurer Nähe. Diese Feinde bewegen sich um 66% langsamer (3..8 Sekunde[n]). Anfangswirkung: Richtet bei Feinden in Eurer Nähe 10..85 Punkt[e] Kälteschaden an.;1;11;24;6;0;15;.75;8;0;0;0;0;0;0;0;
213;Scherbensturm;Scherbensturm;Verhexung. Geschoss: Richtet 10..85 Punkt[e] Kälteschaden an. Gegner bewegt sich um 66% langsamer (2..6 Sekunde[n]).;1;11;24;6;0;10;1;10;0;0;0;0;0;0;0;
214;Eisspeer;Eisspeer;Verzauberung. Geschoss: Richtet 10..60 Punkte Kälteschaden an. Wenn Ihr Überzaubert seid, erhaltet Ihr für 5 Sekunden +1..4 Lebenspunktregeneration.;0;11;23;6;0;5;1;0;0;0;0;0;0;0;0;
215;Strudel;Strudel;Zauber. Richtet jede Sekunde 10..25 Punkt[e] Kälteschaden an und unterbricht Zauber (10 Sekunden). Trifft umstehende Feinde um anfängliche Position des Ziels.;0;11;22;6;0;15;1.5;20;0;0;0;0;10;0;0;
216;Eisennebel;Eisennebel;Verzauberung. (8..15 Sekunden) Ihr erhaltet +15 Rüstung. Eure Luftmagie-Zauber, die einen Gegner als Ziel haben, werden 33 % schneller aktiviert und wiederaufgeladen, aber Ihr seid 2 Punkte überlastet.;1;9;23;6;0;10;1;20;0;0;0;0;0;0;0;
217;Kristallwelle;Kristallwelle;Zauber. Richtet bei allen umstehenden Feinden 10..70 Punkte Schaden an. Diese Gegner verlieren alle Zustände und erleiden für jeden entfernten Zustand 5..15 Schaden.;1;9;22;6;0;15;.75;15;0;0;0;0;0;0;0;
218;Obsidianfleisch;Obsidianfleisch;Elite-Verzauberung. (8..20 Sekunde[n].) Ihr erhaltet +20 Rüstung und könnt nicht zum Ziel von feindlichen Zaubern werden. Ihr könnt nicht angreifen und erleidet -2 Energiedegeneration.;0;9;23;6;0;25;1;30;0;0;1;0;0;0;0;
219;Obsidianflamme;Obsidianflamme;Zauber. Richtet 22..112 Punkt[e] Schaden an.;0;9;22;6;0;5;1.5;5;0;0;0;0;5;0;0;
220;Blitzblendung;Blitzblendung;Zauber. Verursacht Zustand Blindheit (3..8 Sekunde[n]).;0;8;22;6;0;10;.75;8;0;0;0;0;0;0;0;
221;Blitzbeschwörung;Blitzbeschwörung;Verzauberung. (60 Sekunden.) Eure Angriffe richten +5..20 Punkt[e] Blitzschaden an. Keine Wirkung, falls Eure Waffe keinen Blitzschaden verursacht.;0;8;23;6;0;10;1;30;0;0;0;0;0;0;0;
222;Blitzschlag;Blitzschlag;Verhexung. Richtet 10..60 Punkte Blitzschaden an. 25% Rüstungsdurchdringung. Verhext für 3 Sekunden, wenn Überzaubert. Wirkung am Ende: Richtet 20..40 Punkte Blitzschaden an.;0;8;24;6;0;5;1;5;0;0;0;0;0;0;0;
223;Kettenblitz;Kettenblitz;Zauber. Richtet 10..85 Punkt[e] Blitzschaden an. Trifft den Gegner und zwei Feinde in seiner Nähe. 25% Rüstungsdurchdringung.;1;8;22;6;0;10;2;6;0;0;0;0;5;0;0;
224;Schwächende Aufladung;Schwächende Aufladung;Zauber. Richtet 25..50 Punkt[e] Blitzschaden an. Verursacht Zustand Schwäche (5..20 Sekunde[n]). 25% Rüstungsdurchdringung.;0;8;22;6;0;10;1;8;0;0;0;0;0;0;0;
225;Lufteinstimmung;Lufteinstimmung;Verzauberung. (36..60 Sekunde[n].) Ihr erhaltet 1 Energiepunkt plus 30% der Energiekosten zurück, wenn Ihr Luftmagie-Fertigkeiten benutzt.;0;8;23;6;0;10;1;30;0;0;0;0;0;0;0;
226;Geistiger Schock;Geistiger Schock;Elite-Zauber. Richtet 10..50 Punkt[e] Blitzschaden an. Wenn Ihr mehr Energie als der Gegner habt, erleidet er +10..50 Punkt[e] Blitzschaden und wird zu Boden geworfen. 25% Rüstungsdurchdringung.;1;8;22;6;0;5;1;8;0;0;1;0;5;0;0;
227;Schimmerndes Zeichen;Schimmerndes Zeichen;Elite-Verhexung. (10 Sekunde[n].) Richtet beim Gegner und umstehenden Feinden pro Sekunde 5..25 Punkt[e] Schaden an. Blendet Gegner, die Angriffsfertigkeiten verwenden. Endet, wenn Ihr eine Fertigkeit mit diesem Gegner als Ziel verwendet.;1;8;24;6;0;10;1;15;0;0;1;0;0;0;0;
228;Donnerschlag;Donnerschlag;Elite-Zauber. Teilt 10..50 Blitzschaden aus. Trifft auch Gegner in der Nähe. Fügt Zerborstene Rüstung und Schwäche zu (5..20 Sekunden). Verursacht Unterbrechung. 25 % Rüstungspenetration.;1;8;22;6;0;10;1;8;0;0;1;0;0;0;0;
229;Kugelblitz;Kugelblitz;Zauber. Geschoss: Richtet 10..100 Punkte Blitzschaden an. 25% Rüstungsdurchdringung.;0;8;22;6;0;10;2;5;0;0;0;0;0;0;0;
230;Blitzspeer;Blitzspeer;Zauber. Geschoss: Richtet 15..50 Punkte Blitzschaden an. Unterbricht, wenn Euch Euer Ziel angreift. 25% Rüstungsdurchdringung. Trifft alle Feinde zwischen Euch und Eurem Ziel.;1;8;22;6;0;5;1;5;0;0;0;0;0;0;0;
231;Schock;Schock;Berührungs-Fertigkeit. Richtet 10..60 Punkt[e] Blitzschaden an. Wirft zu Boden. 25% Rüstungsdurchdringung.;1;8;1;6;0;5;.75;10;0;0;0;0;10;0;0;
232;Blitz-Berührung;Blitz-Berührung;Berührungs-Fertigkeit. Richtet 10..60 Punkte Blitzschaden an. Trifft auch umstehende Feinde um den Gegner. Verursacht für 1..4 Sekunden Blind und für 1..10 Sekunden Beschädigte Rüstung bei allen getroffenen Gegnern. 25% Rüstungsdurchdringung.;0;8;1;6;0;5;.75;5;0;0;0;0;0;0;0;
233;Wirbelnde Aura;Wirbelnde Aura;Verzauberung. (3..7 Sekunden.) Ihr habt +1..6 Lebenspunktregeneration und eine 50%ige Chance, zu blocken. Wenn Überzaubert, werden alle Gruppenmitglieder in Hörweite ebenfalls verzaubert.;1;11;23;6;0;10;1;15;0;0;0;0;0;0;0;
234;Tiefgefrieren;Tiefgefrieren;Verhexung. Verhext auch Feinde im Bereich Eures Gegners (10 Sekunden). Diese Feinde bewegen sich um 66% langsamer. Anfangswirkung: Richtet 10..85 Punkt[e] Kälteschaden an.;0;11;24;6;0;25;2;15;0;0;0;0;0;0;0;
235;Verschwommene Sicht;Verschwommene Sicht;Verhexung. Verhext den Gegner und umstehende Feinde (4..10 Sekunde[n]). Die Angriffe der Betroffenen gehen mit 50%iger Wahrscheinlichkeit daneben.;0;11;24;6;0;10;1;12;0;0;0;0;0;0;0;
236;Nebelform;Nebelform;Elite-Verzauberung. (10..45 Sekunde[n].) Ihr erleidet 33% weniger Schaden von Feinden, die an den Auswirkungen einer Wassermagie-Verhexung leiden. Verbündete in Hörweite, die keine Geister sind, werden um 50..250% der Energiekosten Eurer Elementarzauber geheilt.;1;11;23;6;0;5;1;20;0;0;1;0;0;0;0;
237;Wasserdreizack;Wasserdreizack;Elite-Zauber. Schnelles Geschoss: Richtet 10..90 Punkt[e] Kälteschaden an und wirft Feinde, die sich bewegen, zu Boden. Schleudert 2 zusätzliche Geschosse auf umstehende Feinde.;1;11;22;6;0;5;1;3;0;0;1;0;0;0;0;
238;Nebelrüstung;Nebelrüstung;Verzauberung. (8..20 Sekunde[n].) Ihr habt +10..40 Rüstung und bewegt Euch um 33% schneller.;1;11;23;6;0;10;1;30;0;0;0;0;0;0;0;
239;Abwehr gegen Schaden;Abwehr gegen Schaden;Elite-Abwehrzauber. (5..15 Sekunde[n].) Verbündete in dieser Abwehr haben +1..3 Lebenspunktregeneration, +12..24 Rüstung und zusätzlich +12..24 Rüstung gegen Elementarschaden. Geister sind nicht betroffen. Dieser Zauber wird 20 Sekunden lang deaktiviert.;1;11;26;6;0;15;1;20;0;0;1;0;0;0;0;
240;Peinigung;Peinigung;Zauber. Richtet 10..55 Punkt[e] heiligen Schaden an. Richtet zusätzlich 10..35 Punkt[e] heiligen Schaden an, falls der Gegner gerade angreift.;1;14;22;3;0;10;1;10;0;0;0;0;0;0;0;
241;Lebensbindung;Lebensbindung;Verzauberung. Die Hälfte des Schadens, den der Verbündete durch Angriffe erleidet, wird auf Euch weitergeleitet. Der weitergeleitete Schaden wird um 3..30 Punkt[e] reduziert. Sich selbst als Ziel wählen nicht möglich.;0;15;23;3;-1;10;2;0;0;0;0;0;0;0;0;
242;Balthasars Geist;Balthasars Geist;Verzauberung. Der Verbündete (bzw. Ihr selbst) erhält Adrenalin und 1 Energiepunkt, wenn er Schaden erleidet.;1;14;23;3;-1;10;2;0;0;0;0;0;0;0;0;
243;Stärke der Ehre;Stärke der Ehre;Verzauberung. Der Verbündete (bzw. Ihr selbst) richtet im Nahkampf zusätzlich 5..25 Punkt[e] Schaden an.;0;14;23;3;-1;10;2;15;0;0;0;0;0;0;0;
244;Lebenseinstimmung;Lebenseinstimmung;Verzauberung. Verbündeter (bzw. Ihr selbst) erhält bei Heilung um 14..50% mehr Lebenspunkte. Er richtet mit Angriffen 30% weniger Schaden an.;1;15;23;3;-1;10;2;0;0;0;0;0;0;0;0;
245;Schutzgeist;Schutzgeist;Verzauberung. 5..23 Sekunde[n]: Erlittener Schaden wird auf 10% der maximalen Lebenspunkte des Verbündeten (bzw. von Euch selbst) reduziert.;0;15;23;3;0;10;.25;5;0;0;0;0;0;0;0;
246;Göttliche Intervention;Göttliche Intervention;Verzauberung. 10 Sekunden: Hebt den nächsten Schaden auf, der zum Tod des Verbündeten (bzw. von Euch selbst) führen würde. Aufhebungswirkung: Heilt um 26..240 Lebenspunkt[e].;0;16;23;3;0;5;.25;30;0;0;0;0;0;0;0;
247;Symbol des Zorns;Symbol des Zorns;Zauber. Teilt jede Sekunde 10..40 heiligen Schaden aus (5 Sekunden). Trifft Gegner um den ursprünglichen Standort des anvisierten Gegners herum.;1;14;22;3;0;5;1;20;0;0;0;0;0;0;0;
248;Vergeltung;Vergeltung;Verzauberung. Wirft 33% des Schadens durch Angriffe (maximal 5..20 Punkt[e]) auf den Verursacher zurück.;0;14;23;3;-1;10;2;0;0;0;0;0;0;0;0;
249;Heiliger Zorn;Heiliger Zorn;Verzauberung. (10..30 Sekunde[n].) Wirft 66% des Schadens durch Angriffe (maximal 5..50 Punkt[e]) auf den Verursacher zurück. Endet nach 1..10 Schadenszufügung[en]. Sich selbst als Ziel wählen nicht möglich.;1;14;23;3;0;10;1;10;0;0;0;0;0;0;0;
250;Essenzbindung;Essenzbindung;Verzauberung. Ihr erhaltet jedes Mal 1 Energiepunkt, wenn der Verbündete (bzw. Ihr selbst) physischen oder Elementarschaden erleidet.;1;-1;23;3;-1;10;2;0;0;0;0;0;0;0;0;
251;Geißelheilung;Geißelheilung;Verhexung. 30 Sekunden: Wenn der Gegner geheilt wird, erleidet der Heiler 15..80 Punkt[e] heiligen Schaden.;0;14;24;3;0;10;2;5;0;0;0;0;0;0;0;
252;Verbannung;Verbannung;Zauber. Richtet 20..65 Punkt[e] heiligen Schaden an. Fügt herbeigerufenen Kreaturen doppelten Schaden zu.;0;14;22;3;0;5;1;10;0;0;0;0;0;0;0;
253;Geißelopfer;Geißelopfer;Verhexung. Verhext den Gegner und umstehende Feinde (8..20 Sekunde[n]). Verdoppelt Lebenspunktopfer.;1;14;24;3;0;5;1;5;0;0;0;0;0;0;0;
254;Energischer Geist;Energischer Geist;Verzauberung. 30 Sekunden: Heilt jedes Mal um 5..20 Lebenspunkt[e], wenn der Verbündete (bzw. Ihr selbst) angreift oder einen Zauber wirkt.;1;13;23;3;0;5;.25;4;0;0;0;0;0;0;0;
255;Wachsamer Geist;Wachsamer Geist;Verzauberung. +2 Lebenspunktregeneration. Wirkung am Ende: Heilt um 30..180 Lebenspunkt[e].;1;16;23;3;-1;15;1;5;0;0;0;0;0;0;0;
256;Gesegnete Aura;Gesegnete Aura;Verzauberung. Von Euch gewirkte Mönch-Verzauberungen halten um 10..35% länger an.;1;16;23;3;-1;10;2;2;0;0;0;0;0;0;0;
257;Aegis;Aegis;Verzauberung. Verzaubert alle Gruppenmitglieder in Hörweite (6..15 Sekunden). 50%ige Chance zu blocken.;0;15;23;3;0;10;2;30;0;0;0;0;0;0;0;
258;Wächter;Wächter;Verzauberung. 2..7 Sekunde[n]: 50%ige Chance, Angriffe zu blocken.;0;15;23;3;0;5;1;6;0;0;0;0;0;0;0;
259;Ablenkungsschild;Ablenkungsschild;Elite-Verzauberung. 3..10 Sekunde[n]: 75%ige Chance zu blocken. +15..30 Rüstung.;1;15;23;3;0;10;.25;5;0;0;1;0;0;0;0;
260;Glaubensaura;Glaubensaura;Elite-Verzauberung. 3 Sekunde[n]: Der Verbündete (bzw. Ihr selbst) erhält bei seiner Heilung 50..100% mehr Lebenspunkte und erleidet 5..50% weniger Schaden.;1;15;23;3;0;5;.25;8;0;0;1;0;0;0;0;
261;Schild der Regeneration;Schild der Regeneration;Elite-Verzauberung. (5..13 Sekunden). +3..10 Lebenspunktregeneration und +20..45 Rüstung.;0;15;23;3;0;10;.25;8;0;0;1;0;0;0;0;
262;Schild des Urteils;Schild des Urteils;Elite-Verzauberung. 8..20 Sekunde[n]: Richtet bei den Verbündeten (bzw. Euch selbst) angreifenden Feinden 5..50 Punkt[e] heiligen Schaden an. Wirft zu Boden.;1;14;23;3;0;15;1;45;0;0;1;0;0;0;0;
263;Band des Schutzes;Band des Schutzes;Verzauberung. Verbündeter (bzw. Ihr selbst) kann durch einen einzelnen Angriff oder Zauber nicht mehr als 5% seiner maximalen Lebenspunkte verlieren. Jedes Mal, wenn Schaden reduziert wird, verliert Ihr 6..3 Energiepunkt[e] oder dieser Zauber endet.;1;15;23;3;-1;10;2;0;0;0;0;0;0;0;0;
264;Pazifismus;Pazifismus;Verhexung. 4..8 Sekunde[n]: Gegner kann nicht angreifen. Endet, wenn der Gegner Schaden erleidet.;1;15;24;3;0;10;2;15;0;0;0;0;0;0;0;
265;Freundschaft;Freundschaft;Elite-Verhexung. 4..12 Sekunde[n]: Umstehende Feinde können nicht angreifen. Endet bei Feinden, die Schaden erleiden.;1;15;24;3;0;5;.25;20;0;0;1;0;0;0;0;
266;Frieden und Harmonie;Frieden und Harmonie;Elite-Verzauberung. Der Verbündete (bzw. Ihr selbst) verliert 0..9 Zustände und Verhexungen. Zustände und Verhexungen beim Verbündeten enden um 90% schneller (1..3 Sekunde[n]). Deaktiviert Eure Peinigungsgebete (20 Sekunde[n]).;1;16;23;3;0;5;.25;10;0;0;1;0;0;0;0;
267;Einblick des Richters;Einblick des Richters;Verzauberung. 8..20 Sekunde[n]: Wandelt Angriffe des Verbündeten (bzw. von Euch selbst) in heiligen Schaden um und fügt +20% Rüstungsdurchdringung hinzu.;0;14;23;3;0;10;2;10;0;0;0;0;0;0;0;
268;Unnachgiebige Aura;Unnachgiebige Aura;Elite-Verzauberung. Eure Mönch-Zauber heilen zusätzlich um +15..60% Lebenspunkt[e]. Wirkung am Ende: Ein nach dem Zufallsprinzip mit kompletten Lebens- und Energiepunkten wiederbelebtes anderes Gruppenmitglied wird an Eure Position teleportiert.;1;16;23;3;-1;5;.25;10;0;0;1;0;0;0;0;
269;Schutzzeichen;Schutzzeichen;Elite-Verzauberung. 10 Sekunden: Wandelt erlittenen Schaden in Heilung um (maximal 6..60 Lebenspunkt[e]). Alle Eure Schutzgebete werden deaktiviert (5 Sekunden).;1;15;23;3;0;10;.25;15;0;0;1;0;0;0;0;
270;Lebenssperre;Lebenssperre;Elite-Verzauberung. Reduziert Schaden um 20..50%. Sich selbst als Ziel wählen nicht möglich. Habt Ihr weniger als 50% Eurer maximalen Lebenspunkte, wenn der Verbündete Schaden erleidet, endet Lebenssperre.;1;15;23;3;-1;15;2;5;0;0;1;0;0;0;0;
271;Eifererfeuer;Eifererfeuer;Verzauberung. 60 Sekunden: Jedes Mal, wenn Ihr eine Fertigkeit auf einen Verbündeten anwendet, erleiden alle umstehenden Feinde um diesen Verbündeten 5..35 Punkt[e] Feuerschaden. Schadenskosten: Ihr verliert 1 Energiepunkt[e].;0;14;23;3;0;10;.25;30;0;0;0;0;0;0;0;
272;Balthasars Aura;Balthasars Aura;Verzauberung. 8 Sekunden: Richtet pro Sekunde 10..30 Punkt[e] heiligen Schaden bei umstehenden Feinden um den Verbündeten (bzw. Euch selbst) an.;0;14;23;3;0;15;1;20;0;0;0;0;0;0;0;
273;Zauberbrecher;Zauberbrecher;Elite-Verzauberung. (5..17 Sekunde[n].) Der Verbündete kann nicht zum Ziel von feindlichen Zaubern werden.;0;16;23;3;0;15;1;45;0;0;1;0;0;0;0;
274;Heilender Samen;Heilender Samen;Verzauberung. 10 Sekunde[n]: Der Verbündete und umstehende Verbündete erhalten jedes Mal 3..30 Lebenspunkt[e], wenn dieser Verbündete Schaden erleidet. Sich selbst als Ziel wählen nicht möglich.;0;13;23;3;0;10;2;25;0;0;0;0;0;0;0;
275;Zustand bessern;Zustand bessern;Zauber. Entfernt einen Zustand. Entfernungswirkung: Heilt um 5..70 Lebenspunkt[e]. Sich selbst als Ziel wählen nicht möglich.;1;15;22;3;0;5;.75;2;0;0;0;0;0;0;0;
276;Zustand wiederherstellen;Zustand wiederherstellen;Elite-Zauber. Entfernt alle Zustände. Entfernungswirkung: Heilt für jeden entfernten Zustand um 10..70 Lebenspunkt[e]. Sich selbst als Ziel wählen nicht möglich.;1;15;22;3;0;5;.75;2;0;0;1;0;0;0;0;
277;Leiden heilen;Leiden heilen;Zauber. Entfernt einen Zustand. Entfernungswirkung: Heilt um 5..70 Lebenspunkt[e] pro verbleibendem Zustand.;0;15;22;3;0;5;.75;5;0;0;0;0;0;0;0;
278;Zustände reinigen;Zustände reinigen;Zauber. Entfernt alle Zustände.;0;-1;22;3;0;5;.25;20;0;0;0;0;0;0;0;
279;Göttliche Heilung;Göttliche Heilung;Zauber. Heilt Euch selbst und Gruppenmitglieder in Hörweite um 15..60 Punkt[e].;1;16;22;3;0;5;1;12;0;0;0;0;0;0;0;
280;Gebiet heilen;Gebiet heilen;Zauber. Heilt Euch und umstehende Verbündete und Feinde um 30..180 Lebenspunkt[e].;1;13;22;3;0;10;1;5;0;0;0;0;0;0;0;
281;Fürbitte der Heilung;Fürbitte der Heilung;Zauber. Heilt um 30..80 Lebenspunkt[e].;0;13;22;3;0;5;1;2;0;0;0;0;0;0;0;
282;Wort der Heilung;Wort der Heilung;Elite-Zauber. Heilt um 5..100 Lebenspunkt[e]. Heilt um weitere 30..115 Lebenspunkt[e], falls der Verbündete (bzw. Ihr selbst) weniger als 50% seiner maximalen Lebenspunkte hat.;0;13;22;3;0;5;.75;3;0;0;1;0;0;0;0;
283;Dwaynas Kuss;Dwaynas Kuss;Zauber. Heilt um 20..65 Lebenspunkt[e]. Heilt für jede Verzauberung und Verhexung auf dem Verbündeten um weitere 15..40 Lebenspunkt[e]. Sich selbst als Ziel wählen nicht möglich.;1;13;22;3;0;5;1;3;0;0;0;0;0;0;0;
284;Göttlicher Segen;Göttlicher Segen;Verzauberung. Wenn Ihr ein Schutzgebet oder Gunst der Götter auf einen Verbündeten wirkt, wird dieser um 15..60 Lebenspunkt[e] geheilt. Heilkosten: Ihr verliert 1 Energiepunkt.;0;16;23;3;-1;5;.25;10;0;0;0;0;0;0;0;
285;Heilende Hände;Heilende Hände;Elite-Verzauberung. 10 Sekunde[n]: Heilt jedes Mal um 5..35 Lebenspunkt[e], wenn das Ziel Schaden erleidet.;1;13;23;3;0;5;.25;15;0;0;1;0;0;0;0;
286;Anderen heilen;Anderen heilen;Zauber. Heilt um 35..180 Lebenspunkt[e]. Sich selbst als Ziel wählen nicht möglich.;1;13;22;3;0;10;.75;3;0;0;0;0;0;0;0;
287;Gruppe heilen;Gruppe heilen;Zauber. Heilt die gesamte Gruppe um 30..75 Lebenspunkt[e].;0;13;22;3;0;15;2;2;0;0;0;0;0;0;0;
288;Heilender Hauch;Heilender Hauch;Verzauberung. 15 Sekunde[n]: +4..9 Lebenspunktregeneration.;0;13;23;3;0;10;1;5;0;0;0;0;0;0;0;
289;Lebendige Segnung;Lebendige Segnung;Verzauberung. +40..200 maximale Lebenspunkte.;1;15;23;3;-1;10;.75;2;0;0;0;0;0;0;0;
290;Genesung;Genesung;Verzauberung. +1..4 Lebenspunktregeneration.;0;13;23;3;-1;10;2;0;0;0;0;0;0;0;0;
291;Ersatzleben;Ersatzleben;Verzauberung. Ihr erhaltet jedes Mal 2..17 Lebenspunkt[e], wenn der Verbündete (bzw. Ihr selbst) einen Gegner trifft.;1;13;23;3;-1;5;2;0;0;0;0;0;0;0;0;
292;Leben einflößen;Leben einflößen;Zauber. Heilt um 100..136% der Hälfte Eurer aktuellen Lebenspunkte. Ihr verliert die Hälfte Eurer aktuellen Lebenspunkte. Sich selbst als Ziel wählen nicht möglich.;0;13;22;3;0;10;.25;0;0;0;0;0;0;0;0;
293;Siegel der Hingabe;Siegel der Hingabe;Siegel. Heilt um 20..120 Lebenspunkt[e].;0;16;21;3;0;0;2;5;0;0;0;0;0;0;0;
294;Siegel des Urteils;Siegel des Urteils;Elite-Siegel. Wirft Gegner zu Boden. Richtet beim Gegner und umstehenden Feinden 15..75 Punkt[e] heiligen Schaden an.;0;14;21;3;0;0;1;20;0;0;1;0;0;0;0;
295;Siegel der Reinigung;Siegel der Reinigung;Siegel. Entfernt alle Verhexungen und Zustände. Entfernungskosten: Je 10 Energiepunkte.;0;-1;21;3;0;0;2;20;0;0;0;0;0;0;0;
296;Siegel des Ruins;Siegel des Ruins;Siegel. Richtet 30..60 Punkt[e] heiligen Schaden an. Wirft den Gegner zu Boden, falls dieser gerade angreift.;0;14;21;3;0;0;1;15;0;0;0;0;0;0;0;
297;Gesegnetes Siegel;Gesegnetes Siegel;Siegel. Ihr bekommt 3 Energiepunkte für jede Verzauberung, die Ihr aufrechterhaltet. Auf diese Weise bekommt Ihr höchstens 3..24 Energiepunkt[e].;0;16;21;3;0;0;2;10;0;0;0;0;0;0;0;
298;Märtyrer;Märtyrer;Elite-Zauber. Überträgt alle Zustände aller Verbündeten auf Euch.;0;-1;22;3;0;5;.25;10;0;0;1;0;0;0;0;
299;Schützende Hände;Schützende Hände;Verzauberung. (8 Sekunde[n].) Reduziert erlittenen Schaden und entzogene Lebenspunkte um 3..18 Punkt[e]. Wirkung am Ende: Heilt um 5..50 Lebenspunkt[e].;0;15;23;3;0;5;.25;15;0;0;0;0;0;0;0;
300;Gebot der Reinheit;Gebot der Reinheit;Fertigkeit. Für jede Verzauberung auf Euch erhaltet Ihr 0..80 Lebenspunkt[e] und verliert eine Verhexung sowie einen Zustand (maximal 1..8 Verhexungen und Zustände). Ihr verliert alle Verzauberungen.;1;16;1;3;0;5;.25;10;0;0;0;0;0;0;0;
301;Verhexung entfernen;Verhexung entfernen;Zauber. Entfernt beim Verbündeten (bzw. Euch selbst) eine Verhexung.;0;-1;22;3;0;5;1;8;0;0;0;0;0;0;0;
302;Verhexung zerschlagen;Verhexung zerschlagen;Zauber. Entfernt beim Verbündeten (bzw. Euch selbst) eine Verhexung. Entfernungswirkung: Richtet bei Feinden im Bereich des Verbündeten (bzw. von Euch selbst) 10..85 Punkt[e] heiligen Schaden an.;0;14;22;3;0;5;1;12;0;0;0;0;0;0;0;
303;Verhexungen umwandeln;Verhexungen umwandeln;Zauber. Entfernt alle Verhexungen. +10 Rüstung für jede entfernte Nekromanten-Verhexung (8..20 Sekunde[n]). Sich selbst als Ziel wählen nicht möglich.;0;15;22;3;0;15;1;12;0;0;0;0;0;0;0;
304;Licht von Dwayna;Licht von Dwayna;Zauber. Alle toten Gruppenmitglieder im Bereich werden wiederbelebt (25% Lebenspunkte, 0 Energiepunkte).;1;-1;22;3;0;25;4;20;0;0;0;0;0;0;0;
305;Wiederbeleben;Wiederbeleben;Zauber. Das Gruppenmitglied wird wiederbelebt (25% Lebenspunkte, 0 Energiepunkte).;0;-1;22;3;0;10;5;8;0;0;0;0;0;0;0;
306;Wiedergeburt;Wiedergeburt;Zauber. Das Gruppenmitglied wird wiederbelebt (25% Lebenspunkte, 0 Energiepunkte). Teleportiert das Ziel zu Euch. Deaktiviert die Fertigkeiten des Ziels (10..3 Sekunde[n]). Ihr verliert alle Energiepunkte.;0;15;22;3;0;10;5;0;0;0;0;0;0;0;0;
307;Umkehrung des Schicksals;Umkehrung des Schicksals;Verzauberung. (8 Sekunde[n].) Wandelt den nächsten erlittenen Schaden bzw. die nächsten entzogenen Lebenspunkte (maximal 15..80 Punkt[e]) in Heilung um.;0;15;23;3;0;5;.25;2;0;0;0;0;0;0;0;
308;Beistand;Beistand;Verzauberung. +1 Lebenspunktregeneration und +1 Energieregeneration. Sich selbst als Ziel wählen nicht möglich. Ihr verliert jedes Mal 1 Energiepunkt, wenn der Verbündete einen Zauber wirkt.;1;-1;23;3;-1;5;1;10;0;0;0;0;0;0;0;
309;Heiliger Schleier;Heiliger Schleier;Verzauberung. Verdoppelt die Wirkzeit von Verhexungen, die auf den Verbündeten (bzw. Euch selbst) angewendet werden. Wirkung am Ende: Entfernt eine Verhexung.;0;-1;23;3;-1;5;1;12;0;0;0;0;0;0;0;
310;Göttlicher Geist;Göttlicher Geist;Verzauberung. 1..14 Sekunde[n]: Mönch-Zauber kosten Euch 5 Energiepunkte weniger. Mindestkosten: 1 Energiepunkt.;1;16;23;3;0;10;.25;60;0;0;0;0;0;0;0;
311;Zustände entziehen;Zustände entziehen;Zauber. Überträgt alle Zustände des Verbündeten auf Euch. Übertragungswirkung: Ihr erhaltet für jeden Zustand 6..26 Lebenspunkt[e]. Sich selbst als Ziel wählen nicht möglich.;0;15;22;3;0;5;.25;4;0;0;0;0;0;0;0;
312;Heiliger Schlag;Heiliger Schlag;Berührungs-Fertigkeit. Richtet 10..55 Punkt[e] heiligen Schaden an. Richtet zusätzlich 10..55 Punkt[e] heiligen Schaden an, falls der Gegner zu Boden geworfen ist.;1;14;1;3;0;5;.75;8;0;0;0;0;0;0;0;
313;Heilende Berührung;Heilende Berührung;Berührungs-Zauber. Heilt um 20..80 Lebenspunkt[e]. Lebenspunktgewinn durch Gunst der Götter wird bei diesem Zauber verdoppelt.;0;13;22;3;0;5;.75;5;0;0;0;0;0;0;0;
314;Leben erneuern;Leben erneuern;Berührungs-Zauber. Das Gruppenmitglied wird wiederbelebt (20..65% Lebenspunkte, 42..90% Energiepunkte).;1;13;22;3;0;10;4;8;0;0;0;0;0;0;0;
315;Rache;Rache;Verzauberung. 30 Sekunden: Das Gruppenmitglied wird wiederbelebt (volle Lebenspunkte, volle Energiepunkte). Der Verbündete richtet 25% mehr Schaden an und erhält keinen Sterbemalus. Wirkung am Ende: Der Verbündete stirbt.;1;-1;23;3;0;10;4;30;0;0;0;0;0;0;0;
316;Bis ans Limit!;Bis ans Limit!;Schrei. (10..20 Sekunde[n].) Ihr erhaltet +10..60 maximale Lebenspunkte. Anfangswirkung: Ihr erhaltet für jeden Feind in Hörweite einen Adrenalinstoß (maximal 1..6).;1;21;20;1;0;5;0;10;0;0;0;0;0;0;0;
317;Kampfwut;Kampfwut;Elite-Haltung. 5..20 Sekunde[n]: Ihr bewegt Euch um 33% schneller und erhaltet die doppelte Menge Adrenalin aus Euren Angriffen. Endet, wenn Ihr eine Nicht-Adrenalinfertigkeit verwendet.;0;17;29;1;0;0;0;0;3.2;0;1;0;0;0;0;
318;Schmerz trotzen;Schmerz trotzen;Elite-Fertigkeit. 20 Sekunde[n]: Ihr habt +90..300 maximale Lebenspunkte, +20 Rüstung und erleidet -1..10 Punkt[e] weniger Schaden.;1;17;1;1;0;0;0;0;4.8;0;1;0;0;0;0;
319;Ansturm;Ansturm;Haltung. 8..20 Sekunde[n]: Ihr bewegt Euch um 25% schneller.;1;17;29;1;0;0;0;0;3.2;0;0;0;0;0;0;
320;Lähmung;Lähmung;Schwertangriff. Verursacht Zustand Verkrüppelung (3..15 Sekunde[n]).;0;20;10;1;0;5;0;10;0;0;0;0;0;0;0;
321;Rundumschlag;Rundumschlag;Nahkampfangriff. Immer ein kritischer Treffer. Entfernt eine Haltung. Kann nicht geblockt werden. Ihr verliert alles Adrenalin.;0;-1;3;1;0;5;0;8;0;0;0;0;0;0;0;
322;Kraftangriff;Kraftangriff;Nahkampfangriff. Richtet +10..40 Punkt[e] Schaden an.;0;17;3;1;0;5;0;3;0;0;0;0;0;0;0;
323;Verzweiflungsschlag;Verzweiflungsschlag;Nahkampfangriff. Richtet +10..40 Punkt[e] Schaden an. Verursacht willkürlich einen der folgenden Zustände: Tiefe Wunde (20 Sekunden), Schwäche (20 Sekunden), Blutung (25 Sekunden) oder Verkrüppelung (15 Sekunden). Ihr werdet zu Boden geworfen.;1;21;3;1;0;5;0;7;0;0;0;0;0;0;0;
324;Rausch des Sieges;Rausch des Sieges;Nahkampfangriff. Richtet +20..40 Punkt[e] Schaden an. Wenn Ihr mehr Lebenspunkte als der Gegner habt, erhaltet Ihr 1..2 Punkte Adrenalin.;0;21;3;1;0;5;0;8;0;0;0;0;0;0;0;
325;Ablenkungsschlag;Ablenkungsschlag;Nahkampfangriff. Greift den Gegner und umstehende Feinde an. Unterbricht eine Aktion. Treffer verursachen keinen Schaden.;0;-1;3;1;0;5;.5;10;0;0;0;0;0;0;0;
326;Schlag des Beschützers;Schlag des Beschützers;Nahkampfangriff. Richtet +10..40 Punkt[e] Schaden an, falls der Gegner sich bewegt.;1;17;3;1;0;5;.5;3;0;0;0;0;0;0;0;
327;Greifenschlag;Greifenschlag;Nahkampfangriff. Richtet +5..20 Punkt[e] Schaden an. Wirft zu Boden und richtet 10..34 Punkt[e] Schaden an, falls geblockt.;1;17;3;1;0;5;0;8;0;0;0;0;0;0;0;
328;Reiner Schlag;Reiner Schlag;Schwertangriff. Richtet +1..30 Punkt[e] Schaden an. Kann nicht geblockt werden, es sei denn, Ihr nehmt eine Haltung ein.;1;20;10;1;0;5;0;8;0;0;0;0;0;0;0;
329;Schädel spalten;Schädel spalten;Elite-Nahkampfangriff. Unterbricht eine Aktion. Fügt dem Ziel den Zustand Benommen (15 Sekunden) zu, falls es einen Zauber wirkt.;1;-1;3;1;0;0;.25;0;6;0;1;0;0;0;0;
330;Zyklonaxt;Zyklonaxt;Axtangriff. Richtet bei allen umstehenden Feinden +4..12 Punkt[e] Schaden an.;0;18;4;1;0;5;0;4;0;0;0;0;0;0;0;
331;Hammerstreich;Hammerstreich;Hammerangriff. Wirft zu Boden. Ihr verliert alles Adrenalin.;0;19;8;1;0;0;0;0;5.2;0;0;0;0;0;0;
332;Bullenstoß;Bullenstoß;Nahkampfangriff. Richtet +5..30 Punkt[e] Schaden an und wirft zu Boden, falls der Gegner sich bewegt.;0;17;3;1;0;5;0;10;0;0;0;0;0;0;0;
333;Ich werde Euch rächen!;Ich werde Euch rächen!;Schrei. Ihr habt +3..7 Lebenspunktregeneration und greift um 25% schneller an (10 Sekunden pro totem Verbündetem).;1;17;20;1;0;5;0;45;0;0;0;0;0;0;0;
334;Harkenaxt;Harkenaxt;Axtangriff. Richtet +4..16 Punkt[e] Schaden an und verursacht Zustand Verkrüppelung (15 Sekunden), falls Gegner eine Tiefe Wunde hat.;0;18;4;1;0;0;0;0;4.8;0;0;0;0;0;0;
335;Spalten;Spalten;Elite-Axtangriff. Verursacht +10..40 Schaden und trifft 1..2 benachbarte Gegner mit 10..40 Hiebschaden.;0;18;4;1;0;0;0;0;3.2;0;1;0;0;0;0;
336;Henkerschlag;Henkerschlag;Axtangriff. Richtet +15..45 Punkt[e] Schaden an.;0;18;4;1;0;0;0;0;7;0;0;0;0;0;0;
337;Zerstückeln;Zerstückeln;Axtangriff. Verursacht Zustand Tiefe Wunde (5..20 Sekunde[n]).;0;18;4;1;0;0;0;0;4.8;0;0;0;0;0;0;
338;Ausweiden;Ausweiden;Elite-Axtangriff. Richtet +10..45 Punkt[e] Schaden an. Verursacht Zustand Tiefe Wunde (5..20 Sekunde[n]).;1;18;4;1;0;0;0;0;8;0;1;0;0;0;0;
339;Durchdringender Schlag;Durchdringender Schlag;Axtangriff. Richtet +10..25 Punkt[e] Schaden an. 20% Rüstungsdurchdringung.;1;18;4;1;0;0;0;0;4.8;0;0;0;0;0;0;
340;Unterbrechender Hieb;Unterbrechender Hieb;Axtangriff. Unterbricht eine Aktion. Unterbrechungswirkung: Unterbrochene Fertigkeit wird +20 Sekunden lang deaktiviert.;0;18;4;1;0;0;0;0;5;0;0;0;0;0;0;
341;Schneller Hieb;Schneller Hieb;Axtangriff. Richtet +1..20 Punkt[e] Schaden an. Richtet 1..20 Punkt[e] Schaden an und verursacht Zustand Tiefe Wunde (20 Sekunden), falls geblockt.;0;18;4;1;0;5;0;4;0;0;0;0;0;0;0;
342;Axtdrehung;Axtdrehung;Axtangriff. Richtet +5..25 Punkt[e] Schaden an und verursacht Zustand Schwäche (20 Sekunden), falls Gegner eine Tiefe Wunde hat.;1;18;4;1;0;0;0;0;4.8;0;0;0;0;0;0;
343;Für höhere Gerechtigkeit!;Für höhere Gerechtigkeit!;Schrei. 20 Sekunden: Ihr erhaltet 100% mehr Adrenalin.;0;-1;20;1;0;5;0;45;0;0;0;0;0;0;0;
344;Schauer;Schauer;Haltung. 5 Sekunden: Ihr greift um 33% schneller an. Ihr richtet 25% weniger Schaden an.;1;-1;29;1;0;5;0;5;0;0;0;0;0;0;0;
345;Verteidigungshaltung;Verteidigungshaltung;Haltung. (1..5 Sekunde[n].) Ihr habt eine 75%ige Chance zu blocken. Wirkung am Ende: Ihr erhaltet für jede Nahkampfangriffsfertigkeit, die Ihr besitzt, einen Adrenalinstoß (maximal 0..4).;0;21;29;1;0;0;0;8;4.8;0;0;0;0;0;0;
346;Raserei;Raserei;Haltung. (8 Sekunden) Ihr greift 33 % schneller an. Ihr erleidet 175..125 % Schaden.;0;17;29;1;0;5;0;4;0;0;0;0;0;0;0;
347;Schmerz ertragen;Schmerz ertragen;Fertigkeit. 7..18 Sekunde[n]: Ihr habt +90..300 maximale Lebenspunkte.;0;17;1;1;0;5;0;30;0;0;0;0;0;0;0;
348;Passt auf Euch auf!;Passt auf Euch auf!;Schrei. 10 Sekunde[n]: Gruppenmitglieder in Hörweite haben +5..25 Rüstung. Endet nach 10 erhaltenen Angriff[en].;0;21;20;1;0;0;0;4;3.2;0;0;0;0;0;0;
349;Sprinten;Sprinten;Haltung. 8..14 Sekunde[n]: Ihr bewegt Euch um 25% schneller.;0;17;29;1;0;5;0;15;0;0;0;0;0;0;0;
350;Bauchklatscher;Bauchklatscher;Hammerangriff. Verursacht bei umstehenden Feinden den Zustand Blindheit (3..7 Sekunde[n]), falls der Gegner zu Boden geworfen wurde.;1;19;8;1;0;5;1;10;0;0;0;0;0;0;0;
351;Mächtiger Schlag;Mächtiger Schlag;Hammerangriff. Richtet +10..40 Punkt[e] Schaden an.;0;19;8;1;0;0;0;0;6.4;0;0;0;0;0;0;
352;Vernichtender Schlag;Vernichtender Schlag;Hammerangriff. Richtet +1..20 Punkt[e] Schaden an. Verursacht Zustand Tiefe Wunde (5..20 Sekunde[n]), falls Gegner zu Boden geworfen ist.;1;19;8;1;0;5;0;10;0;0;0;0;0;0;0;
353;Grober Schwung;Grober Schwung;Hammerangriff. Ihr greift alle umstehenden Feinde an und verursacht +1..20 Punkt[e] Schaden.;1;19;8;1;0;5;0;5;0;0;0;0;0;0;0;
354;Erdrüttler;Erdrüttler;Elite-Hammerangriff. Wirft Gegner und umstehende Feinde zu Boden. Mindestens Hammerbeherrschung 5, sonst 50%ige Chance auf Misserfolg.;1;19;8;1;0;0;0;0;8;0;1;0;0;0;0;
355;Verheerender Hammer;Verheerender Hammer;Elite-Hammerangriff. Wirft zu Boden. Verursacht Zustand Schwäche (5..20 Sekunde[n]).;0;19;8;1;0;0;0;0;6.4;0;1;0;0;0;0;
356;Brutaler Schlag;Brutaler Schlag;Hammerangriff. Richtet +5..20 Punkt[e] Schaden an. Richtet 5..20 Punkt[e] Schaden an und wirft zu Boden, falls geblockt.;0;19;8;1;0;5;0;6;0;0;0;0;0;0;0;
357;Gegenschlag;Gegenschlag;Hammerangriff. Wirft den Gegner zu Boden, falls dieser gerade angreift.;0;19;8;1;0;0;0;0;4;0;0;0;0;0;0;
358;Rückenbrecher;Rückenbrecher;Elite-Hammerangriff. Richtet +1..20 Punkt[e] Schaden an. Wirft den Gegner zu Boden. Dieser Effekt wirkt bei Stärke 8 oder höher 4 Sekunden lang.;1;19;8;1;0;0;0;0;8.8;0;1;0;0;0;0;
359;Heftiger Schlag;Heftiger Schlag;Hammerangriff. Richtet +1..30 Punkt[e] Schaden an und wirft den Gegner zu Boden, falls dieser geschwächt ist. Ihr verliert alles Adrenalin.;0;19;8;1;0;0;0;0;4.8;0;0;0;0;0;0;
360;Umwerfender Schlag;Umwerfender Schlag;Hammerangriff. Verursacht Zustand Schwäche (5..20 Sekunde[n]).;0;19;8;1;0;0;1;0;3.2;0;0;0;0;0;0;
361;Dolyak-Siegel;Dolyak-Siegel;Siegel. 8..20 Sekunde[n]: Ihr habt +10..40 Rüstung und könnt nicht zu Boden geworfen werden. Ihr bewegt Euch um 75% langsamer.;1;17;21;1;0;0;0;20;0;0;0;0;0;0;0;
362;Verschlagenheit des Kriegers;Verschlagenheit des Kriegers;Fertigkeit. 5..11 Sekunde[n]: Eure Nahkampfangriffe können nicht geblockt werden.;0;17;1;1;0;10;0;60;0;0;0;0;0;0;0;
363;Heftiger Schildschlag;Heftiger Schildschlag;Fertigkeit. (5..11 Sekunden.) Ihr blockt die nächste Nahkampfangriff-Fertigkeit. Verursacht Niederschlag und +15 Sekunden Wiederaufladung. Kein Effekt, sofern Ihr keinen Schild benutzt.;0;17;1;1;0;5;0;20;0;0;0;0;0;0;0;
364;Angriff!;Angriff!;Elite-Schrei. (5..13 Sekunde[n].) Verbündete in Hörweite bewegen sich um 33% schneller. Anfangswirkung: Diese Verbündeten verlieren den Zustand Verkrüppelung.;0;21;20;1;0;5;0;20;0;0;1;0;0;0;0;
365;Der Sieg ist mein!;Der Sieg ist mein!;Elite-Schrei. Ihr erhaltet für jeden Zustand des Gegners 10..68 Lebenspunkt[e] und 3..7 Energiepunkt[e].;1;21;20;1;0;5;0;10;0;0;1;0;0;0;0;
366;Fürchtet mich!;Fürchtet mich!;Schrei. (1..15 Sekunde[n].) Eure Chance auf kritische Treffer durch Nahkampfangriffe auf stationäre Feinde erhöht sich um +5..30%. Anfangswirkung: Feinde in der Nähe verlieren 2..6 Energiepunkt[e].;1;21;20;1;0;0;0;4;3.2;0;0;0;0;0;0;
367;Schilde hoch!;Schilde hoch!;Schrei. 5..11 Sekunde[n]: Gruppenmitglieder in Hörweite haben +60 Rüstung gegen Geschossangriffe.;0;21;20;1;0;10;0;30;0;0;0;0;0;0;0;
368;Ich überlebe!;Ich überlebe!;Schrei. 5..11 Sekunde[n]: Ihr habt für jeden Zustand auf Euch +3 Lebenspunktregeneration.;1;17;20;1;0;5;0;30;0;0;0;0;0;0;0;
370;Berserkerhaltung;Berserkerhaltung;Haltung. (8..14 Sekunden). Ihr greift um 33 % schneller an und erhaltet 100 % mehr Adrenalin. Endet, wenn Ihr eine Fertigkeit verwendet.;0;17;29;1;0;10;0;10;0;0;0;0;0;0;0;
371;Ausgeglichene Haltung;Ausgeglichene Haltung;Haltung. 8..20 Sekunde[n]: Ihr könnt nicht zu Boden geworfen werden und erleidet keinen zusätzlichen Schaden durch kritische Treffer.;0;21;29;1;0;5;0;30;0;0;0;0;0;0;0;
372;Gladiatoren-Verteidigung;Gladiatoren-Verteidigung;Elite-Haltung. 5..11 Sekunde[n]: Ihr habt eine 75%ige Chance zu blocken. Angreifer erleidet jedes Mal 5..35 Punkt[e] Schaden, wenn Ihr einen Nahkampfangriff auf diese Weise blockt.;1;21;29;1;0;5;0;20;0;0;1;0;0;0;0;
373;Pfeilablenkung;Pfeilablenkung;Haltung. (1..6 Sekunde[n].) Ihr habt eine 75%ige Chance, Angriffe zu blocken. Wenn Ihr einen Geschossangriff blockt, erleiden umstehende Feinde eine Blutung (5..15 Sekunde[n]).;1;21;29;1;0;0;0;12;4.8;0;0;0;0;0;0;
374;Ausdauer des Kriegers;Ausdauer des Kriegers;Elite-Fertigkeit. 5..35 Sekunde[n]: Ihr erhaltet jedes Mal 3 Energiepunkte, wenn Ihr mit einem Nahkampfangriff trefft. Kein Energieerhalt wenn Ihr mehr als 10..25 Energiepunkt[e] habt.;1;17;1;1;0;5;0;30;0;0;1;0;0;0;0;
375;Zwergen-Kampfhaltung;Zwergen-Kampfhaltung;Elite-Haltung. (5..11 Sekunde[n].) Ihr greift um 33% schneller an, Ihr erhaltet +40 Rüstung und Eure Angriffsfertigkeiten unterbrechen Aktionen. Keine Wirkung, falls Ihr keinen Hammer besitzt.;1;17;29;1;0;5;0;20;0;0;1;0;0;0;0;
376;Disziplinierte Haltung;Disziplinierte Haltung;Haltung. (1..4 Sekunde[n].) Ihr habt eine 75% Chance zu blocken und +10 Rüstung. Endet, sobald Ihr eine Adrenalin-Fertigkeit verwendet.;1;21;29;1;0;5;0;15;0;0;0;0;0;0;0;
377;Wachsame Haltung;Wachsame Haltung;Haltung. 1..6 Sekunde[n]: Ihr blockt Angriffsfertigkeiten. Für jedes Blocken erhaltet Ihr Adrenalin und 5 Energiepunkte. Endet, sobald Ihr eine Fertigkeit verwendet.;1;21;29;1;0;10;0;10;0;0;0;0;0;0;0;
378;Schildhaltung;Schildhaltung;Haltung. (1..6 Sekunde[n].) Ihr habt eine 75%ige Chance zu blocken. Für jeden Rang in Stärke wird der erlittene Schaden um 2 Punkte reduziert (maximal 15 Lebenspunkte Schadensreduzierung). Keine Wirkung, falls Ihr keinen Schild mitführt.;1;21;29;1;0;5;0;15;0;0;0;0;0;0;0;
379;Angriff des Bullen;Angriff des Bullen;Elite-Haltung. (1..7 Sekunden). Ihr bewegt Euch um 50 % schneller. Verursacht Niederschlagen, wenn Ihr einen sich bewegenden Gegner im Nahkampf trefft.Endet, wenn Ihr eine Fertigkeit verwendet.;1;17;29;1;0;5;0;12;0;0;1;0;0;0;0;
380;Bonettis Verteidigung;Bonettis Verteidigung;Haltung. 5..11 Sekunde[n]: Ihr habt eine 75%ige Chance zu blocken. Für jeden geblockten Nahkampfangriff erhaltet Ihr 5 Energiepunkte. Endet, sobald Ihr eine Fertigkeit verwendet.;1;21;29;1;0;0;0;0;8;0;0;0;0;0;0;
381;Hundert Klingen;Hundert Klingen;Elite-Fertigkeit. (15 Sekunde[n].) Richtet jedes Mal, wenn Ihr mit einem Schwert angreift, bei allen umstehenden Feinden 10..35 Punkt[e] Hiebschaden an.;0;20;1;1;0;5;0;20;0;0;1;0;0;0;0;
382;Arterienabtrennung;Arterienabtrennung;Schwertangriff. Verursacht Zustand Blutung (5..25 Sekunde[n]).;0;20;10;1;0;0;0;0;3;0;0;0;0;0;0;
383;Galrath-Hieb;Galrath-Hieb;Schwertangriff. Richtet +1..40 Punkt[e] Schaden an.;1;20;10;1;0;0;0;0;7;0;0;0;0;0;0;
384;Schnittwunde;Schnittwunde;Schwertangriff. Richtet +5..20 Punkt[e] Schaden an und verursacht Zustand Tiefe Wunde (5..20 Sekunde[n]), falls der Gegner blutet.;0;20;10;1;0;0;0;0;5;0;0;0;0;0;0;
385;Endstoß;Endstoß;Schwertangriff. Richtet +5..40 Punkt[e] Schaden an. Richtet zusätzlich +5..40 Punkt[e] Schaden an, falls der Gegner weniger als 50% seiner maximalen Lebenspunkte hat. Ihr verliert alles Adrenalin.;0;20;10;1;0;0;0;0;8;0;0;0;0;0;0;
386;Suchende Klinge;Suchende Klinge;Schwertangriff. Richtet 1..20 Punkt[e] Schaden an. Richtet 1..20 Punkt[e] Schaden an und verursacht Zustand Blutung (25 Sekunden), falls geblockt.;0;20;10;1;0;5;0;4;0;0;0;0;0;0;0;
387;Entgegnung;Entgegnung;Fertigkeit. 8 Sekunden: Ihr blockt den nächsten Nahkampfangriff. der Angreifer erleidet 20..80 Punkt[e] Schaden. Keine Wirkung, falls Ihr kein Schwert benutzt.;1;21;1;1;0;0;0;0;3.2;0;0;0;0;0;0;
388;Tödliche Entgegnung;Tödliche Entgegnung;Fertigkeit. 8 Sekunden: Ihr blockt den nächsten Nahkampfangriff. der Angreifer erleidet 15..90 Punkt[e] Schaden. Verursacht Zustand Blutung (3..25 Sekunde[n]). Keine Wirkung, falls Ihr kein Schwert benutzt.;1;21;1;1;0;5;0;10;0;0;0;0;0;0;0;
389;Blütezeit;Blütezeit;Elite-Fertigkeit. Lädt Eure Angriffsfertigkeiten wieder auf. Ihr erhaltet für jede wieder aufgeladene Fertigkeit 2..7 Energiepunkt[e].;1;17;1;1;0;5;1;8;0;0;1;0;0;0;0;
390;Wilder Hieb;Wilder Hieb;Schwertangriff. Unterbricht eine Aktion. Unterbrechungswirkung: Richtet +1..40 Punkt[e] Schaden an, falls die Aktion ein Zauber war.;0;20;10;1;0;5;.5;10;0;0;0;0;0;0;0;
391;Jägerschuss;Jägerschuss;Bogenangriff. Verursacht Zustand Blutung (3..25 Sekunde[n]).;0;25;2;2;0;5;1;10;0;0;0;0;0;0;0;
392;Festnageln;Festnageln;Bogenangriff. Verursacht Zustand Verkrüppelung (3..15 Sekunde[n]).;0;25;2;2;0;15;0;8;0;0;0;0;0;0;0;
393;Verkrüppelungs-Schuss;Verkrüppelungs-Schuss;Elite-Bogenangriff. Kann nicht geblockt werden. Verursacht Zustand Verkrüppelung (4..14 Sekunde[n]).;1;25;2;2;0;5;0;2;0;0;1;0;0;0;0;
394;Kraftschuss;Kraftschuss;Bogenangriff. Der Gegner erleidet 25..50 Punkt[e] Schaden.;0;25;2;2;0;10;0;3;0;0;0;0;0;0;0;
395;Sperrfeuer;Sperrfeuer;Elite-Bogenangriff. Verursacht +5..20 Punkt[e] Schaden. Trifft 5 um Euren Zielgegner herum stehende Feinde. Entfernt alle Eure Vorbereitungen.;0;25;2;2;0;5;0;1;0;0;1;0;0;0;0;
396;Doppelschuss;Doppelschuss;Bogenangriff. Ihr feuert zwei Pfeile gleichzeitig auf den Gegner ab. Diese Pfeile richten 25% weniger Schaden an.;0;-1;2;2;0;10;0;10;0;0;0;0;0;0;0;
397;Schnellschuss;Schnellschuss;Elite-Bogenangriff. Ihr feuert einen Pfeil ab, der mit doppelter Geschwindigkeit fliegt.;0;-1;2;2;0;5;.5;1;0;0;1;0;0;0;0;
398;Durchbohr-Angriff;Durchbohr-Angriff;Bogenangriff. Richtet +5..25 Punkt[e] Schaden an. 10% Rüstungsdurchdringung.;1;25;2;2;0;10;.75;4;0;0;0;0;0;0;0;
399;Ablenk-Schuss;Ablenk-Schuss;Bogenangriff. Unterbricht eine Aktion. Unterbrechungswirkung: Unterbrochene Fertigeit wird +20 Sekunde[n] lang deaktiviert. Treffer richten nur 1..16 Punkt[e] Schaden an.;0;23;2;2;0;5;.5;10;0;0;0;0;0;0;0;
400;Präzisionsschuss;Präzisionsschuss;Bogenangriff. Richtet +3..10 Punkt[e] Schaden an. Kann nicht geblockt werden. Leicht zu unterbrechen.;0;25;2;2;0;10;1;6;0;0;0;0;0;0;0;
402;Entschlossener Schuss;Entschlossener Schuss;Bogenangriff. Richtet +5..20 Punkt[e] Schaden an. Lädt Eure Angriffsfertigkeiten auf, falls der Angriff nicht trifft.;0;25;2;2;0;5;0;10;0;0;0;0;0;0;0;
403;Ankündigungs-Schuss;Ankündigungs-Schuss;Bogenangriff. Ihr feuert einen Pfeil ab, der mit dreifacher Geschwindigkeit fliegt. Kann nicht geblockt werden.;0;-1;2;2;0;5;0;3;0;0;0;0;0;0;0;
404;Giftpfeil;Giftpfeil;Elite-Bogenangriff. Verursacht Zustand Gift (5..20 Sekunde[n]).;1;24;2;2;0;5;0;1;0;0;1;0;0;0;0;
405;Eidschuss;Eidschuss;Elite-Bogenangriff. Lädt bei einem Treffer alle Fertigkeiten außer Eidschuss wieder auf. Deaktiviert alle Fertigkeiten (10..4 Sekunden), falls der Angriff verfehlt. Bei einer Fachkenntnis von 8 oder weniger besteht eine 50%ige Wahrscheinlichkeit für einen Misserfolg.;1;23;2;2;0;10;0;25;0;0;1;0;0;0;0;
406;Entkräftungs-Schuss;Entkräftungs-Schuss;Bogenangriff. Lässt 1..10 Energiepunkt[e] verlieren.;0;25;2;2;0;10;0;10;0;0;0;0;0;0;0;
407;Kurzdistanzschuss;Kurzdistanzschuss;Mitteldistanz-Bogenangriff. Richtet +10..40 Punkt[e] Schaden an.;1;23;2;2;0;5;0;3;0;0;0;0;0;0;0;
408;Erschütterungsschuss;Erschütterungsschuss;Bogenangriff. Unterbricht einen Zauber. Unterbrechungswirkung: Verursacht Zustand Benommenheit (5..20 Sekunde[n]). Treffer richten nur 1..16 Punkt[e] Schaden an.;0;25;2;2;0;25;.5;5;0;0;0;0;0;0;0;
409;Bestrafungs-Schuss;Bestrafungs-Schuss;Elite-Bogenangriff. Richtet +10..20 Punkt[e] Schaden an. Unterbricht eine Aktion.;1;25;2;2;0;10;.5;5;0;0;1;0;0;0;0;
411;Tier zähmen;Tier zähmen;Fertigkeit. Das Tier wird gezähmt. Einmal gezähmt, reist Euer Tiergefährte mit Euch, wann immer Ihr die Fertigkeit "Tier zähmen" benutzt. Tiere, die mehr als 4 Stufen höher als Ihr stehen, können nicht gezähmt werden.;0;22;1;2;0;10;10;0;0;0;0;0;0;0;0;
412;Ruf des Schutzes;Ruf des Schutzes;Schrei. 120 Sekunden: Euer Tiergefährte hat 5..20 Punkt[e] Schadensreduzierung.;1;22;20;2;0;5;0;90;0;0;0;0;0;0;0;
415;Ruf der Eile;Ruf der Eile;Schrei. (30 Sekunden.) Bewegung und Angriff Eures Tiergefährten sind 33% schneller.;0;22;20;2;0;10;0;25;0;0;0;0;0;0;0;
422;Tier wiederbeleben;Tier wiederbeleben;Fertigkeit. Belebt alle verbündeten Tiergefährten im Bereich wieder (10..94 % Lebenspunkte).;1;22;1;2;0;5;.25;5;0;0;0;0;0;0;0;
423;Symbiotisches Band;Symbiotisches Band;Schrei. 120..300 Sekunde[n]: Euer Tiergefährte hat +1..3 Lebenspunktregeneration. Die Hälfte des Eurem Tiergefährten zugefügten Schadens wird auf Euch umgeleitet.;1;22;20;2;0;10;0;55;0;0;0;0;0;0;0;
424;Dreck werfen;Dreck werfen;Berührungs-Fertigkeit. Verursacht Zustand Blindheit (3..15 Sekunde[n]). Betrifft den Gegner und umstehende Feinde.;0;23;1;2;0;5;1;30;0;0;0;0;0;0;0;
425;Abducken;Abducken;Haltung. 5..11 Sekunde[n]: Ihr bewegt Euch um 33% schneller und habt eine 27..75%ige Chance, Geschossangriffe zu blocken. Endet, sobald Ihr angreift.;1;23;29;2;0;5;0;30;0;0;0;0;0;0;0;
426;Wilder Schuss;Wilder Schuss;Bogenangriff. Unterbricht eine Aktion. Unterbrechungswirkung: Richtet +13..28 Punkt[e] Schaden an, falls die Aktion ein Zauber war.;0;25;2;2;0;10;.5;5;0;0;0;0;0;0;0;
427;Gegengift-Siegel;Gegengift-Siegel;Siegel. Entfernt Gift, Krankheit, Blindheit und einen weiteren Zustand von Euch.;0;-1;21;2;0;0;1;4;0;0;0;0;0;0;0;
428;Flammenpfeile;Flammenpfeile;Elite-Bogenangriff. Trifft 2 Feind[e] in der Nähe Eures Gegners und verursacht Brennen (1..3 Sekunde[n]).;1;24;2;2;0;5;0;5;0;0;1;0;0;0;0;
429;Melandrus Pfeile;Melandrus Pfeile;Elite-Vorbereitung. 18 Sekunden: Eure Pfeile verursachen den Zustand Blutung (3..25 Sekunde[n]) und richten bei verzauberten Feinden +8..28 Punkt[e] Schaden an.;1;24;17;2;0;5;2;12;0;0;1;0;0;0;0;
430;Schützenwette;Schützenwette;Elite-Vorbereitung. 18 Sekunde[n]: Ihr erhaltet jedes Mal 5..10 Energiepunkt[e], wenn einer Eurer Pfeile trifft. Ihr verliert bei Fehlschüssen 10 Energiepunkte.;1;23;17;2;0;5;1;24;0;0;1;0;0;0;0;
431;Brandpfeile;Brandpfeile;Vorbereitung. 24 Sekunden: Eure Pfeile richten beim Gegner und umstehenden Feinden 3..18 Punkt[e] Feuerschaden an.;1;24;17;2;0;10;2;12;0;0;0;0;0;0;0;
432;Wind lesen;Wind lesen;Vorbereitung. 24 Sekunden: +3..10 Punkt[e] Schaden. Eure Pfeile fliegen mit doppelter Geschwindigkeit.;0;25;17;2;0;5;2;12;0;0;0;0;0;0;0;
433;Zündelpfeile;Zündelpfeile;Vorbereitung. 24 Sekunden: +3..24 Punkt[e] Feuerschaden. Eure Pfeile richten Feuerschaden an.;0;24;17;2;0;5;2;12;0;0;0;0;0;0;0;
434;Würgegas;Würgegas;Vorbereitung. 1..12 Sekunde[n]: +1..8 Punkt[e] Schaden. Verbreitet Würgegas unter umstehenden Feinden um den Gegner. Würgegas unterbricht Zauber.;0;24;17;2;0;15;2;24;0;0;0;0;0;0;0;
435;Gift auftragen;Gift auftragen;Vorbereitung. 24 Sekunden: Eure physischen Angriffe verursachen den Zustand Gift (3..15 Sekunde[n]).;0;24;17;2;0;15;2;12;0;0;0;0;0;0;0;
436;Tier erquicken;Tier erquicken;Fertigkeit. Euer Tiergefährte gewinnt 40..120 Lebenspunkt[e]. Euer Tiergefährte wird wiederbelebt (10..58% Lebenspunkte). Wenn Ihr die Fertigkeit 'Tier erquicken' benutzt, reist Euer Tiergefährte mit Euch.;0;22;1;2;0;5;1;1;0;0;0;0;0;0;0;
437;Bestiensprung;Bestiensprung;Tiergefährtenangriff. Richtet +5..20 Punkt[e] Schaden an. Wirft zu Boden, falls der Gegner einen Zauber wirkt.;1;22;11;2;0;5;0;10;0;0;0;0;0;0;0;
438;Verkrüppelungs-Schlag;Verkrüppelungs-Schlag;Tiergefährtenangriff. Verursacht +5..20 Schaden. Fügt bei Treffer den Zustand Verkrüppelt zu (3..15 Sekunden).;0;22;11;2;0;10;0;5;0;0;0;0;0;0;0;
439;Wilder Ausfall;Wilder Ausfall;Tiergefährtenangriff. Richtet +5..35 Punkt[e] Schaden an. Verursacht Zustand Blutung (5..25 Sekunde[n]), falls der Gegner gerade angreift.;1;22;11;2;0;5;0;10;0;0;0;0;0;0;0;
440;Aasfresser-Schlag;Aasfresser-Schlag;Tiergefährtenangriff. Richtet +10..25 Punkt[e] Schaden an. Ihr erhaltet 3..15 Energiepunkt[e], falls Gegner einen Zustand hat.;0;22;11;2;0;5;0;10;0;0;0;0;0;0;0;
441;Melandrus Angriff;Melandrus Angriff;Tiergefährtenangriff. Richtet bei Feinden in der Nähe +5..20 Punkt[e] Schaden an.;1;22;11;2;0;10;0;5;0;0;0;0;0;0;0;
442;Wilder Schlag;Wilder Schlag;Elite-Tiergefährtenangriff. Richtet +13..28 Punkt[e] Schaden an. Ihr erhaltet Adrenalin und 3..10 Energiepunkt[e].;0;22;11;2;0;5;0;8;0;0;1;0;0;0;0;
443;Raubtier-Sprung;Raubtier-Sprung;Tiergefährtenangriff. Richtet +5..35 Punkt[e] Schaden an. Euer Tiergefährte erhält 5..50 Lebenspunkt[e], falls dieser Angriff trifft.;1;22;11;2;0;5;0;5;0;0;0;0;0;0;0;
444;Schonungsloser Schlag;Schonungsloser Schlag;Tiergefährtenangriff. Richtet +5..35 Punkt[e] Schaden an. Richtet zusätzlich +5..35 Punkt[e] Schaden an, falls der Gegner weniger als 50% seiner maximalen Lebenspunkte hat.;1;22;11;2;0;10;0;5;0;0;0;0;0;0;0;
445;Unterbrechender Ausfall;Unterbrechender Ausfall;Tiergefährtenangriff. Richtet +1..12 Punkt[e] Schaden an. Unterbricht eine Fertigkeit. Unterbrechungswirkung: Unterbrochene Fertigkeit wird 20 Sekunde[n] lang deaktiviert.;0;22;11;2;0;5;0;10;0;0;0;0;0;0;0;
446;Trollsalbe;Trollsalbe;Fertigkeit. 13 Sekunden: Ihr habt +3..10 Lebenspunktregeneration.;0;24;1;2;0;5;3;10;0;0;0;0;0;0;0;
447;Otyughs Schrei;Otyughs Schrei;Schrei. 10..25 Sekunde[n]: Euer Tiergefährte hat +24 Rüstung und seine Angriffe können nicht geblockt werden.;1;22;20;2;0;5;0;30;0;0;0;0;0;0;0;
448;Flucht;Flucht;Elite-Haltung. 1..8 Sekunde[n]: Ihr bewegt Euch um 33% schneller und habt eine 75%ige Chance zu blocken.;0;23;29;2;0;5;0;12;0;0;1;0;0;0;0;
449;Geübte Haltung;Geübte Haltung;Elite-Haltung. 20..35 Sekunde[n]: Eure Vorbereitungen laden sich um 50% schneller auf und halten um 30..300% länger an.;1;23;29;2;0;5;0;15;0;0;1;0;0;0;0;
450;Wirbelverteidigung;Wirbelverteidigung;Haltung. 8..20 Sekunde[n]: Ihr habt eine 75%ige Chance zu blocken. Richtet jedes Mal 5..11 Punkt[e] Schaden bei umstehenden Feinden an, wenn Ihr einen Geschossangriff blockt.;0;23;29;2;0;10;0;60;0;0;0;0;0;0;0;
451;Melandrus Belastbarkeit;Melandrus Belastbarkeit;Elite-Haltung. 8..20 Sekunde[n]: Ihr habt für jeden Zustand und jede Verhexung auf Euch +4 Lebenspunktregeneration und +1 Energieregeneration.;1;24;29;2;0;5;0;15;0;0;1;0;0;0;0;
452;Dryders Verteidigungen;Dryders Verteidigungen;Haltung. 5..11 Sekunde[n]: Ihr habt eine 75%ige Chance zu blocken und +34..60 Rüstung gegen Elementarschaden.;1;24;29;2;0;5;0;60;0;0;0;0;0;0;0;
453;Blitzreflexe;Blitzreflexe;Haltung. 5..11 Sekunde[n]: Ihr greift um 33% schneller an und habt eine 75%ige Chance zu blocken.;0;23;29;2;0;10;0;30;0;0;0;0;0;0;0;
454;Wut des Tigers;Wut des Tigers;Haltung. 5..11 Sekunde[n]: Ihr greift um 25% schneller an. Deaktiviert Eure Nicht-Angriffsfertigkeiten (5 Sekunden).;1;22;29;2;0;10;0;10;0;0;0;0;0;0;0;
455;Sturmjäger;Sturmjäger;Haltung. 8..20 Sekunde[n]: Ihr bewegt Euch um 25% schneller und gewinnt jedes Mal 1..5 Energiepunkt[e], wenn Ihr Elementarschaden erleidet.;0;24;29;2;0;10;0;20;0;0;0;0;0;0;0;
456;Schlangen-Schnelligkeit;Schlangen-Schnelligkeit;Haltung. 15..30 Sekunde[n]: Eure Fertigkeiten laden sich um 33% schneller auf. Endet, wenn Eure Lebenspunkte unter 50% Eurer maximalen Lebenspunkte sinken.;1;24;29;2;0;5;0;45;0;0;0;0;0;0;0;
457;Staubfalle;Staubfalle;Falle. 90 Sekunden: Betrifft Feinde in der Nähe. Richtet jede Sekunde 10..25 Punkt[e] Schaden an (5 Sekunden). Verursacht jede Sekunde (5 Sekunden) Zustand Blindheit (3..8 Sekunde[n]). Leicht zu unterbrechen.;1;24;30;2;0;25;2;30;0;0;0;0;0;0;0;
458;Stachelfalle;Stachelfalle;Falle. 90 Sekunden: Betrifft Feinde in der Nähe. Richtet 7..23 Punkt[e] Stichschaden an. Verursacht Zustände Verkrüppelung und Blutung (3..25 Sekunde[n]). Leicht zu unterbrechen.;0;24;30;2;0;10;2;20;0;0;0;0;0;0;0;
459;Flammenfalle;Flammenfalle;Falle. 90 Sekunden: Betrifft Feinde in der Nähe. Richtet jede Sekunde 5..20 Punkt[e] Feuerschaden an (3 Sekunden). Verursacht Zustand Brennen (1..3 Sekunde[n]). Leicht zu unterbrechen.;0;24;30;2;0;10;2;20;0;0;0;0;0;0;0;
460;Heilquelle;Heilquelle;Falle. 10 Sekunden: Betrifft umstehende Verbündete. Heilt alle 2 Sekunden um 15..60 Lebenspunkt[e]. Leicht zu unterbrechen.;1;24;30;2;0;10;2;20;0;0;0;0;0;0;0;
461;Dornenfalle;Dornenfalle;Elite-Falle. 90 Sekunde[n]: Betrifft Feinde in der Nähe. Diese Falle richtet pro Sekunde (2 Sekunden lang) 10..40 Punkt[e] Stichschaden an, wirft zu Boden und verursacht Zustand Verkrüppelung (3..25 Sekunde[n]). Leicht zu unterbrechen.;0;24;30;2;0;10;2;20;0;0;1;0;0;0;0;
462;Winter;Winter;Naturritual. Erstellt einen Geist der Stufe 1..10 (30..240 Sekunde[n] Lebensdauer). Wandelt Elementarschaden bei allen Kreaturen in Reichweite in Kälteschaden um. Keine Wirkung auf Geister.;1;24;19;2;0;5;2;60;0;0;0;0;0;0;0;
463;Trennung;Trennung;Naturritual. Erstellt einen Geist der Stufe 1..10 (30..240 Sekunde[n] Lebensdauer). Erhöht physischen Schaden bei Kreaturen in Reichweite um +4 Punkte. Keine Wirkung auf Geister.;0;24;19;2;0;5;2;60;0;0;0;0;0;0;0;
464;Rand der Auslöschung;Rand der Auslöschung;Naturritual. Erstellt einen Geist der Stufe 1..10 (30..240 Sekunde[n] Lebensdauer). Richtet bei Kreaturen in Reichweite jedes Mal 14..50 Punkt[e] Schaden an, wenn eine Kreatur derselben Gattung stirbt. Keine Wirkung auf Geister. Kein Schaden bei Kreaturen, die mehr als 90% ihrer maximalen Lebenspunkte haben.;1;22;19;2;0;5;2;60;0;0;0;0;0;0;0;
465;Großflächenbrand;Großflächenbrand;Elite-Naturritual. Erstellt einen Geist der Stufe 1..10 (30..240 Sekunde[n] Lebensdauer). Wandelt physischen Schaden bei allen Kreaturen in Reichweite in Feuerschaden um. Keine Wirkung auf Geister.;1;24;19;2;0;5;2;15;0;0;1;0;0;0;0;
466;Feuersbrunst;Feuersbrunst;Naturritual. Erstellt einen Geist der Stufe 1..10 (30..240 Sekunde[n] Lebensdauer). Für Kreaturen in Reichweite richten alle Pfeile Feuerschaden an. Keine Wirkung auf Geister.;2;24;19;2;0;5;2;60;0;0;0;0;0;0;0;
467;Fruchtbare Jahreszeit;Fruchtbare Jahreszeit;Naturritual. Erstellt einen Geist der Stufe 1..10 (15..90 Sekunde[n] Lebensdauer). Kreaturen in Reichweite haben +50..150 maximale Lebenspunkte und +8 Rüstung. Keine Wirkung auf Geister.;1;22;19;2;0;15;2;60;0;0;0;0;0;0;0;
468;Symbiose;Symbiose;Naturritual. Erstellt einen Geist der Stufe 1..10 (30..240 Sekunde[n] Lebensdauer). Kreaturen in Reichweite haben für jede Verzauberung auf ihnen +27..150 maximale Lebenspunkte. Keine Wirkung auf Geister.;1;22;19;2;0;5;2;60;0;0;0;0;0;0;0;
469;Urechos;Urechos;Naturritual. Erstellt einen Geist der Stufe 1..10 (30..240 Sekunde[n] Lebensdauer). Siegel kosten Kreaturen in Reichweite 10 Energiepunkte. Keine Wirkung auf Geister.;0;22;19;2;0;5;2;60;0;0;0;0;0;0;0;
470;Jagdsaison;Jagdsaison;Naturritual. Erstellt einen Geist der Stufe 1..10 (30..240 Sekunde[n] Lebensdauer). Verringert die Wirkung von Heilungen bei Kreaturen in Reichweite um 20%. Kreaturen erhalten für jeden Treffer, den sie mit einem Angriff landen, 5 Lebenspunkte. Keine Wirkung auf Geister.;1;22;19;2;0;5;2;60;0;0;0;0;0;0;0;
471;Eisboden;Eisboden;Naturritual. Erstellt einen Geist der Stufe 1..10 (30..180 Sekunde[n] Lebensdauer). Kreaturen in Reichweite können keine Wiederbelebungsfertigkeiten aktivieren. Keine Wirkung auf Geister.;1;24;19;2;0;10;2;30;0;0;0;0;0;0;0;
472;Günstige Winde;Günstige Winde;Naturritual. Erstellt einen Geist der Stufe 1..10 (30..240 Sekunde[n] Lebensdauer). Bei Kreaturen in Reichweite fliegen Pfeile mit doppelter Geschwindigkeit und richten bei Treffern +6 Punkte Schaden an. Keine Wirkung auf Geister.;0;25;19;2;0;5;2;60;0;0;0;0;0;0;0;
474;Treibwind;Treibwind;Naturritual. Erstellt einen Geist der Stufe 1..6 (1..60 Sekunde[n] Lebensdauer). Fertigkeiten kosten Kreaturen in Reichweite 15 Energiepunkte weniger (Mindestkosten 10 Energiepunkte) und laden sich um 25% langsamer auf. Keine Wirkung auf Geister.;0;22;19;2;0;15;2;60;0;0;0;0;0;0;0;
475;Beschleunigender Zephyr;Beschleunigender Zephyr;Naturritual. Erstellt einen Geist der Stufe 1..10 (15..90 Sekunde[n] Lebensdauer). Fertigkeiten kosten Kreaturen in Reichweite 30% Energiepunkte mehr und laden sich doppelt so schnell auf. Keine Wirkung auf Geister.;0;24;19;2;0;25;2;60;0;0;0;0;0;0;0;
476;Erneuerung der Natur;Erneuerung der Natur;Naturritual. Erstellt einen Geist der Stufe 1..10 (30..240 Sekunde[n] Lebensdauer). Die Wirkzeit von Verzauberungen und Verhexungen wird bei Kreaturen in Reichweite verdoppelt und es kostet doppelt so viele Energiepunkte, Verzauberungen aufrechtzuerhalten. Keine Wirkung auf Geister.;0;24;19;2;0;5;2;60;0;0;0;0;0;0;0;
477;Schlammiges Terrain;Schlammiges Terrain;Naturritual. Erstellt einen Geist der Stufe 1..10 (30..180 Sekunde[n] Lebensdauer). Kreaturen in Reichweite bewegen sich um 10% langsamer. Geschwindigkeitsschübe bleiben wirkungslos. Keine Wirkung auf Geister.;1;24;19;2;0;5;2;30;0;0;0;0;0;0;0;
570;Zeichen der Unsicherheit;Zeichen der Unsicherheit;Elite-Verhexung. (5..25 Sekunden). Bewirkt -1..5 Lebenspunktdegeneration. Verzauberungen und Haltungen laufen beim anvisierten Gegner um 20..60 % schneller ab. Deaktiviert Eure Nicht-Assassinen-Fertigkeiten (5 Sekunden).;3;30;24;7;0;5;1;10;0;0;1;0;0;0;0;
571;Unterbrechender Dolch;Unterbrechender Dolch;Mitteldistanz-Zauber. Geschoss: Richtet 10..35 Punkt[e] Erdschaden an. Unterbricht eine Fertigkeit.;3;30;22;7;0;5;.25;10;0;0;0;0;0;0;0;
572;Tödliches Paradoxon;Tödliches Paradoxon;Haltung. 5..15 Sekunde[n]: Eure Assassinen-Fertigkeiten werden um 33% schneller aktiviert und aufgeladen. Deaktiviert Eure Angriffsfertigkeiten (10 Sekunde[n]).;3;30;29;7;0;15;0;10;0;0;0;0;0;0;0;
763;Neidvoller Blick;Neidvoller Blick;Verzauberung. Entfernt eine Verzauberung vom Gegner. Entfernungseffekt: Eure nächste Verzauberung wird 0..1 Sekunde[n] schneller gewirkt und kostet 1..10 Energiepunkt[e] weniger. (1..20 Sekunde[n].);2;4;23;4;0;5;1;15;0;0;0;0;0;0;0;
764;Schicksalsklage;Schicksalsklage;Elite-Verhexung. 2..6 Sekunde[n]: Attribute des Gegners sind 0.;2;6;24;4;0;1;.25;15;0;10;1;0;0;0;0;
766;Verächtlicher Blick;Verächtlicher Blick;Zauber. Entfernt Verzauberungen des Gegners. Gegner muss mehr als 50% seiner maximalen Lebenspunkte haben, sonst keine Wirkung.;2;-1;22;4;0;10;2;10;0;0;0;0;0;0;0;
769;Verteidigung der Viper;Verteidigung der Viper;Zauber. Verursacht Zustand Gift (5..20 Sekunde[n]) bei allen umstehenden Feinden und Ihr unternehmt einen Schattenschritt an eine nahegelegene Position, direkt weg vom Gegner.;2;31;22;7;0;5;.25;10;0;0;0;0;0;0;0;
770;Rückkehr;Rückkehr;Zauber. Verursacht bei allen umstehenden Feinden um Euch Zustand Verkrüppelung (3..8 Sekunde[n]). Ihr unternehmt einen Schattenschritt zur Position des Verbündeten. Sich selbst als Ziel wählen nicht möglich.;2;31;22;7;0;5;.25;15;0;0;0;0;0;0;0;
771;Aura der Verschiebung;Aura der Verschiebung;Elite-Verzauberung. Unternehmt einen Schattenschritt zum Gegner. Wirkung am Ende: Ihr kehrt zur anfänglichen Position zurück.;2;-1;23;7;-1;5;.25;20;0;0;1;0;0;0;0;
772;Großzügig war Tsungrai;Großzügig war Tsungrai;Gegenstandszauber. 15..60 Sekunde[n]: Ihr habt +50..140 maximale Lebenspunkte. Fallwirkung: Ihr erhaltet 100..280 Lebenspunkt[e].;2;33;25;8;0;5;1;15;0;10;0;0;0;0;0;
773;Mächtig war Vorizun;Mächtig war Vorizun;Gegenstandszauber. 15..60 Sekunde[n]: Ihr habt +15 Rüstung und +30 maximale Energiepunkte.;2;32;25;8;0;5;2;30;0;0;0;0;0;0;0;
775;Todesblüte;Todesblüte;Doppelangriff. Richtet beim Gegner +20..45 Punkt[e] und bei umstehenden Feinden 20..45 Punkt[e] Schaden an. Muss einem Begleithandangriff folgen.;2;29;7;7;0;5;0;2;0;0;0;0;0;0;0;
776;Schlangenzähne;Schlangenzähne;Doppelangriff. Richtet +10..20 Punkt[e] Schaden an. Verursacht Zustände Blutung und Tiefe Wunde (5..20 Sekunde[n]). Muss einem Begleithandangriff folgen.;2;35;7;7;0;10;0;15;0;0;0;0;0;0;0;
777;Hörner des Ochsen;Hörner des Ochsen;Doppelangriff. Richtet +1..11 Punkt[e] Schaden an. Wirft zu Boden, falls kein Verbündeter des Gegners um ihn herumsteht. Muss einem Begleithandangriff folgen.;2;29;7;7;0;5;0;12;0;0;0;0;0;0;0;
778;Fallende Spinne;Fallende Spinne;Begleithandangriff. Richtet +15..35 Punkt[e] Schaden an. Verursacht Zustand Gift (5..20 Sekunde[n]). Gegner muss zu Boden geworfen sein, sonst keine Wirkung.;2;29;6;7;0;5;0;8;0;0;0;0;0;0;0;
779;Schwarzer Lotus-Stoß;Schwarzer Lotus-Stoß;Leithandangriff. Richtet +10..31 Punkt[e] Schaden an. Ihr erhaltet 5..13 Energiepunkt[e], falls Gegner verhext ist.;2;35;5;7;0;5;0;6;0;0;0;0;0;0;0;
780;Reißzähne des Fuchses;Reißzähne des Fuchses;Begleithandangriff. Richtet +10..35 Punkt[e] Schaden an. Kann nicht geblockt werden. Muss einem Leithandangriff folgen.;2;29;6;7;0;5;.5;3;0;0;0;0;0;0;0;
781;Möbiusstoß;Möbiusstoß;Elite-Begleithandangriff. Richtet +10..35 Punkt[e] Schaden an. Lädt Eure anderen Angriffsfertigkeiten auf, falls der Gegner weniger als 50% seiner maximalen Lebenspunkte hat. Muss einem Doppelangriff folgen.;2;29;6;7;0;5;0;2;0;0;1;0;0;0;0;
782;Gezackter Stoß;Gezackter Stoß;Leithandangriff. Verursacht Zustand Blutung (5..20 Sekunde[n]).;2;29;5;7;0;5;.5;2;0;0;0;0;0;0;0;
783;Unvermuteter Stoß;Unvermuteter Stoß;Leithandangriff. Richtet +19..31 Punkt[e] Schaden an. Richtet zusätzlich 15..75 Punkt[e] Schaden an, falls der Gegner mehr als 90% seiner maximalen Lebenspunkte hat.;2;35;5;7;0;10;0;2;0;0;0;0;0;0;0;
784;Schlingnatter;Schlingnatter;Zauber. Wirft zu Boden. Verursacht Zustand Gift (5..20 Sekunde[n]). Muss einem Leithandangriff folgen.;2;30;22;7;0;10;1;20;0;0;0;0;0;0;0;
785;Zeichen des Todes;Zeichen des Todes;Verhexung. 4..10 Sekunde[n]: Verringert die Wirkung von Heilungen beim Gegner um 50%.;2;30;24;7;0;10;.25;20;0;0;0;0;0;0;0;
786;Eiserne Handfläche;Eiserne Handfläche;Berührungs-Fertigkeit. Richtet 5..50 Punkt[e] Schaden an. Wirft den Gegner zu Boden, falls er verhext ist oder einen Zustand hat. Zählt als Leithandangriff.;2;30;1;7;0;5;.75;20;0;0;0;0;0;0;0;
787;Unverwüstliche Waffe;Unverwüstliche Waffe;Waffenzauber. 3..12 Sekunde[n]: +1..6 Lebenspunktregeneration und +24 Rüstung. Der Verbündete (bzw. Ihr selbst) muss verhext sein oder einen Zustand haben, sonst keine Wirkung.;2;33;27;8;0;10;1;6;0;0;0;0;0;0;0;
788;Blind war Mingson;Blind war Mingson;Gegenstandszauber. 15..60 Sekunde[n]: Fallwirkung: Verursacht bei allen Feinden in der Nähe Zustand Blindheit (3..8 Sekunde[n]).;2;33;25;8;0;5;1;20;0;0;0;0;0;0;0;
789;Erfassend war Kuurong;Erfassend war Kuurong;Elite-Gegenstandszauber. (15..60 Sekunden.) Abwerfen-Effekt: Fügt allen Gegnern im Bereich 15..75 Schaden zu und schlägt sie nieder.;2;34;25;8;0;15;1.5;25;0;0;1;0;0;0;0;
790;Nachtragend war Khanhei;Nachtragend war Khanhei;Elite-Gegenstandszauber. 5..11 Sekunde[n]: Ihr entzieht jedem Feind, der Euch mit einem Angriff trifft, 10..45 Lebenspunkt[e].;2;33;25;8;0;5;.75;15;0;0;1;0;0;0;0;
791;Fleisch von meinem Fleisch;Fleisch von meinem Fleisch;Zauber. Das Gruppenmitglied wird wiederbelebt (Hälfte Eurer aktuellen Lebenspunkte, 5..20% Energiepunkte). Ihr verliert die Hälfte Eurer Lebenspunkte.;2;33;22;8;0;5;4;0;0;0;0;0;0;0;0;
792;Splitterwaffe;Splitterwaffe;Waffenzauber. 20 Sekunde[n]: Angriffe richten bei 3 umstehenden Feinden 5..50 Punkt[e] Schaden an. Endet nach 1..5 Angriff[en].;2;34;27;8;0;5;1;5;0;0;0;0;0;0;0;
793;Waffe der Abwehr;Waffe der Abwehr;Waffenzauber. (3..8 Sekunde[n].) +2..4 Lebenspunktregeneration. 50% Chance zu blocken.;2;33;27;8;0;10;1;5;0;0;0;0;0;0;0;
794;Klagende Waffe;Klagende Waffe;Waffenzauber. 3..14 Sekunde[n]: Angriffe unterbrechen angreifende Feinde.;2;34;27;8;0;5;1;15;0;0;0;0;0;0;0;
795;Alptraumwaffe;Alptraumwaffe;Waffenzauber. 12 Sekunde[n]: Angriffe des Verbündeten (bzw. von Euch selbst) entziehen 10..50 Lebenspunkt[e], richten aber 10..50 Punkt[e] weniger Schaden an. Endet nach 3 Angriff[en].;2;34;27;8;0;5;1;10;0;0;0;0;0;0;0;
799;Verführerischer Dunst;Verführerischer Dunst;Elite-Zauber. Ihr unternehmt einen Schattenschritt zum Gegner. Verursacht Zustand Benommenheit (3..9 Sekunde[n]).;2;31;22;7;0;10;.25;20;0;0;1;0;0;0;0;
800;Dauerhaftes Toxin;Dauerhaftes Toxin;Verhexung. 5 Sekunden: Verursacht -1..5 Lebenspunktdegeneration. Erneuerung: Falls der Gegner sich bewegt, wenn diese Verhexung endet.;2;30;24;7;0;5;.25;10;0;0;0;0;0;0;0;
801;Schleier des Schweigens;Schleier des Schweigens;Elite-Berührungs-Verhexung. 1..6 Sekunde[n]: Gegner kann keine Zauber wirken. Eure Zauber werden deaktiviert (15 Sekunden).;2;30;24;7;0;10;.75;30;0;0;1;0;0;0;0;
802;Verteidigungen aufdecken;Verteidigungen aufdecken;Verhexung. 1..11 Sekunde[n]: Der Gegner kann Eure Angriffe nicht blocken.;2;30;24;7;0;5;1;25;0;0;0;0;0;0;0;
803;Kraftfresser;Kraftfresser;Elite-Verhexung. Unterbricht einen Zauber oder Anfeuerungsruf. Unterbrechungswirkung: Stiehlt 5..15 Energiepunkt[e], wenn der Gegner einen Zauber wirkt (10 Sekunde[n]).;2;3;24;5;0;5;.25;20;0;0;1;0;0;0;0;
804;Arkane Schwäche;Arkane Schwäche;Elite-Verhexung. (1..10 Sekunden.) Die vom anvisierten Gegner gewirkten Zauber verursachen 10 Überzaubern.;2;0;24;5;0;10;2;15;0;0;1;0;0;0;0;
805;Vampirschreck beleben;Vampirschreck beleben;Zauber. Erstellt einen Vampirschreck der Stufe 1..17. Ihr erhaltet Lebenspunkte in Höhe des von ihm angerichteten Schadens. Benutzt frischen Kadaver.;2;5;22;4;0;10;1;15;0;0;0;0;0;0;0;
806;Eifer des Sektierers;Eifer des Sektierers;Elite-Verzauberung. (5 Sekunde[n] plus 3 Sekunden pro Rang in Seelensammlung.) Eure Nekromanten-Zauber kosten 1..6 weniger Energie. Ihr leidet beim Wirken jedes Nekromanten-Zaubers an einer Blutung (10 Sekunde[n]).;2;4;23;4;0;5;1;15;0;0;1;0;0;0;0;
808;Zeichen des Schnitters;Zeichen des Schnitters;Elite-Verhexung. 30 Sekunde[n]: Verursacht -1..5 Lebenspunktdegeneration. Ihr erhaltet 5..15 Energiepunkt[e], falls der Gegner an dieser Verhexung stirbt.;3;6;24;4;0;5;1;10;0;0;1;0;0;0;0;
809;Trümmerstein;Trümmerstein;Elite-Verhexung. (3 Sekunden.) Anfangseffekt: Verursacht 25..100 Kälteschaden, und Ziel bewegt sich 66 % langsamer. Effekt endet: Fügt dem Ziel und allen Gegnern in der Nähe 25..100 Kälteschaden zu.;2;11;24;6;0;10;2;8;0;0;1;0;0;0;0;
810;Verteidigung des Beschützers;Verteidigung des Beschützers;Fertigkeit. 5..11 Sekunde[n]: Euch umstehende Verbündete haben eine 75%ige Chance zu blocken. Endet, wenn Ihr Euch bewegt.;2;21;1;1;0;5;0;30;0;0;0;0;0;0;0;
811;Gemeinsam rennen;Gemeinsam rennen;Haltung. 5..15 Sekunde[n]: Ihr und Euer Tiergefährte bewegt Euch um 25% schneller.;2;22;29;2;0;5;0;15;0;0;0;0;0;0;0;
812;Trotzig war Xinrae;Trotzig war Xinrae;Elite-Gegenstandszauber. 15..60 Sekunde[n]: Ihr könnt nicht mehr als 20% Eurer maximalen Lebenspunkte durch einen einzelnen Treffer verlieren. Fallwirkung: Ihr entzieht Feinden in der Nähe 5..50 Lebenspunkt[e].;2;33;25;8;0;5;1;20;0;0;1;0;0;0;0;
813;Lyssas Aura;Lyssas Aura;Elite-Verzauberung. 10 Sekunde[n]: Ihr habt +0..5 Energieregeneration. Erneuerung: Jedes Mal, wenn Ihr einen Zauber auf einen Feind wirkt.;2;3;23;5;0;5;1;30;0;0;1;0;0;0;0;
814;Schattenzuflucht;Schattenzuflucht;Verzauberung. 6 Sekunde[n]: Ihr habt +5..10 Lebenspunktregeneration. Wirkung am Ende: Heilt Euch um 40..100 Lebenspunkt[e], falls Ihr gerade angreift.;2;31;23;7;0;5;1;8;0;0;0;0;0;0;0;
815;Skorpiondraht;Skorpiondraht;Mitteldistanz-Verhexung. (8..20 Sekunden.) Ein Schattenschritt hin zum Zielgegner wird durchgeführt, und dieser Gegner wird niedergeschlagen, wenn er das nächste Mal mehr als 75' von Euch entfernt ist.;2;30;24;7;0;5;1;10;0;0;0;0;0;0;0;
816;Gespiegelte Haltung;Gespiegelte Haltung;Verhexung. 10..35 Sekunde[n]: Ihr nehmt immer die gleiche Haltung ein wie der Gegner.;2;31;24;7;0;5;.25;15;0;0;0;0;0;0;0;
817;Zwietracht;Zwietracht;Elite-Zauber. Richtet 30..110 Punkt[e] Schaden an. Gegner muss einen Zustand haben und verhext oder verzaubert sein, sonst keine Wirkung.;2;5;22;4;0;5;1;2;0;0;1;0;0;0;0;
818;Brunnen der Müdigkeit;Brunnen der Müdigkeit;Brunnenzauber. (10..55 Sekunden). Gegner in diesem Brunnen haben -1 Energiedegeneration. Verwertet eine frische Leiche oder opfert 66 % Lebenspunkte.;2;7;28;4;0;5;1;5;0;0;0;0;0;0;0;
819;Vampirgeist;Vampirgeist;Elite-Verzauberung. Entzieht dem Gegner 15..60 Lebenspunkt[e]: Ihr habt +5..10 Lebenspunktdegeneration (10 Sekunde[n]).;2;4;23;4;0;5;1;8;0;0;1;0;0;0;0;
820;Verderbtheit;Verderbtheit;Elite-Verhexung. 5..20 Sekunde[n]: Lässt jedes Mal 1..5 Energiepunkt[e] verlieren, wenn der Gegner einen Zauber wirkt. Auch ein Feinde in Eurer Nähe verliert Energie.;3;7;24;4;0;10;1;15;0;0;1;0;0;0;0;
821;Eisadern;Eisadern;Elite-Verhexung. 10..35 Sekunde[n]: Richtet bei Feinden in der Nähe 20..110 Punkt[e] Kälteschaden an, wenn der Gegner stirbt. Anfangswirkung: Richtet 10..90 Punkt[e] Kälteschaden an.;2;6;24;4;0;10;1;5;0;0;1;0;0;0;0;
822;Weiche Knie;Weiche Knie;Elite-Verhexung. 1..16 Sekunde[n]: Der Gegner unterliegt einer Lebenspunktdegeneration von -1..4 und nimmt 5..20 Punkte Schaden, während er in Bewegung ist.;2;7;24;4;0;5;1;5;0;0;1;0;0;0;0;
823;Brennende Eile;Brennende Eile;Verzauberung. (7 Sekunden) Ihr bewegt Euch um 30..45% schneller. Ihr beginnt zu brennen (7 Sekunden). Wirkung am Ende: Verursacht Zustand Brennen (3..9 Sekunden bei umstehenden Feinden).;2;10;23;6;0;10;.25;0;0;0;0;0;0;0;0;
824;Lavapfeile;Lavapfeile;Zauber. Geschoss: Richtet 20..65 Punkt[e] Feuerschaden an. Bonuswirkung: Schickt Geschosse zu 2 weiteren Feinden in der Nähe des Ziels.;2;10;22;6;0;5;1;2;0;0;0;0;0;0;0;
825;Kohlenbett;Kohlenbett;Zauber. Richtet jede Sekunde 5..29 Punkte Feuerschaden an der Position des anvisierten Gegners an (5 Sekunden). Trifft um Euren Zielgegner herum stehende Feinde. Verursacht bei zu Boden geworfenen Gegnern Zustand Brennen (3..7 Sekunden).;2;10;22;6;0;10;1;15;0;0;0;0;0;0;0;
826;Schattenform;Schattenform;Elite-Verzauberung. (5..21 Sekunde[n].) Ihr könnt nicht zum Ziel von feindlichen Zaubern werden. Ihr erhaltet eine Schadensreduzierung von 5 Lebenspunkt[en] für jede Assassinen-Verzauberung, die auf Euch liegt. Mit einem einzigen Angriff bzw. einer einzigen Fertigkeit könnt Ihr nicht mehr als 5..25 Punkt[e] Schaden anrichten.;2;31;23;7;0;5;1;30;0;0;1;0;0;0;0;
827;Kraft abzapfen;Kraft abzapfen;Elite-Verhexung. 5..20 Sekunde[n]: Gegner richtet -5..50 Punkt[e] Angriffsschaden an. Ihr habt bei diesem Gegner +50% zur Chance auf kritische Treffer.;2;30;24;7;0;10;1;10;0;0;1;0;0;0;0;
828;Fauler Gestank;Fauler Gestank;Verhexung. Verursacht -1..5 Lebenspunktdegeneration (10 Sekunde[n]). Anfangswirkung: Richtet 10..65 Punkt[e] Kälteschaden an. Verhexung wird nur auferlegt, wenn der Gegner einen Zustand hat.;2;5;24;4;0;10;1;15;0;0;0;0;0;0;0;
830;Strahl des Urteils;Strahl des Urteils;Elite-Zauber. Richtet jede Sekunde 10..50 Punkt[e] heiligen Schaden an und verursacht Brennen (1..3 Sekunde[n]) jede Sekunde (5 Sekunde[n]). Trifft umstehende Feinde um anfängliche Position des Ziels.;2;14;22;3;0;10;1;15;0;0;1;0;0;0;0;
831;Urzorn;Urzorn;Elite-Haltung. (1..9 Sekunden.) Ihr greift 33 % schneller an und bewegt Euch 33 % schneller. Ihr erleidet 150..125 % Schaden.;2;17;29;1;0;5;0;4;0;0;1;0;0;0;0;
832;Fleischgolem beleben;Fleischgolem beleben;Elite-Zauber. Erzeugt einen Fleischgolem der Stufe 3..25, der nach dem Tod 1..4 nutzbare Leichen hinterlässt. Nutzt eine frische Leiche. ihr könnt immer nur einen Fleischgolem gleichzeitig haben.;2;5;22;4;0;10;1;30;0;0;1;0;0;0;0;
834;Rücksichtslose Hast;Rücksichtslose Hast;Verhexung. Verhext den Gegner und umstehende Feinde (6..12 Sekunde[n]). Die Angriffe der Gegner gehen mit 50%iger Wahrscheinlichkeit daneben, sie greifen jedoch um 25% schneller an.;2;7;24;4;0;15;1;12;0;0;0;0;0;0;0;
835;Blutsbande;Blutsbande;Verhexung. Verhext den Gegner sowie umstehende Feinde (3..12 Sekunde[n]). Verbündete, die diese Feinde treffen, erhalten 5..20 Lebenspunkt[e]. Wenn einer dieser verhexten Feinde stirbt, werden umstehende Verbündete für 20..100 Lebenspunkt[e] geheilt.;2;4;24;4;0;5;1;8;0;0;0;0;0;0;0;
836;Den Blitz reiten;Den Blitz reiten;Elite-Zauber. Richtet 10..70 Punkt[e] Blitzschaden an. 25% Rüstungsdurchdringung. Blendet alle umstehenden Feinde. (1..5 Sekunde[n]). Ihr bewegt Euch sofort zu Eurem Ziel. Das Ziel kann ein Verbündeter sein.;2;8;22;6;0;5;1;5;0;0;1;0;5;0;0;
837;Energiesegen;Energiesegen;Elite-Verzauberung. (36..60 Sekunde[n].) Eure maximale Gesundheit und die Eures verbündeten Ziels ist für jeden Punkt Eurer maximalen Energie um 1..3 erhöht. Anfangswirkung: Ihr erhaltet beide 1..12 Energiepunkt[e]. Ihr erhaltet +1 Energiepunkt pro 2 Punkte in Energiespeicherung.;2;12;23;6;0;10;1;12;0;0;1;0;0;0;0;
838;Dwaynas Leid;Dwaynas Leid;Verzauberung. Verzaubert Verbündete in der Nähe des Ziels (30 Sekunde[n]). Eure Gruppe wird jedes Mal um 5..50 Lebenspunkt[e] geheilt, wenn einer dieser Verbündeten stirbt.;2;13;23;3;0;5;1;5;0;0;0;0;0;0;0;
839;"Rückzug!";"Rückzug!";Schrei. (5..11 Sekunde[n].) Gruppenmitglieder in Hörweite bewegen sich um 33% schneller. Bleibt wirkungslos, wenn sich in Hörweite keine toten Verbündeten befinden.;2;21;20;1;0;5;0;20;0;0;0;0;0;0;0;
840;Vergiftetes Herz;Vergiftetes Herz;Zauber. Verursacht bei umstehenden Feinden Zustand Gift (5..15 Sekunde[n]). Ihr werdet auch vergiftet.;3;7;22;4;0;5;.25;12;0;0;0;0;0;0;0;
841;Stinkender Boden;Stinkender Boden;Zauber. Richtet 15..65 Punkt[e] Kälteschaden an. Verursacht Zustand Gift (5..20 Sekunde[n]), falls Gegner zu Boden geworfen ist.;2;5;22;4;0;5;.75;10;0;0;0;0;0;0;0;
842;Blitzbogen;Blitzbogen;Zauber. Richtet 5..40 Punkte Blitzschaden an. Verursacht 15..85 Punkte Blitzschaden bei zwei Gegnern in der Nähe, wenn Ihr Überzaubert seid. 25% Rüstungsdurchdringung.;2;8;22;6;0;5;1.5;8;0;0;0;0;0;0;0;
843;Böe;Böe;Elite-Verzauberung. (5..11 Sekunden). Ihr und der anvisierte Verbündete bewegt Euch um 33 % schneller. Anfangseffekt: Gegner um Euch und Euer Ziel herum erleiden 15..70 Kälteschaden. Angreifende oder sich bewegende Gegner werden niedergeschlagen.;2;8;23;6;0;10;.75;15;0;0;1;0;0;0;0;
844;Aufgeworfene Erde;Aufgeworfene Erde;Zauber. Richtet 10..40 Punkt[e] Erdschaden pro Sekunde an (5 Sekunden). Trifft Feinde in der Nähe der ursprünglichen Position des Ziels. Wirft Feinde zu Boden, die sich schneller bewegen als normal.;2;9;22;6;0;15;2;30;0;0;0;0;0;0;0;
845;Flüssige Flamme;Flüssige Flamme;Zauber. Richtet 7..112 Punkt[e] Feuerschaden an. Richtet bei Feinden in der Nähe des Gegners 7..112 Punkt[e] Feuerschaden an, falls der Gegner angreift oder zaubert.;3;10;22;6;0;10;1;15;0;0;0;0;0;0;0;
846;Dampf;Dampf;Zauber. Verursacht 20..60 Kälteschaden und den Zustand "Blindheit" (5..10 Sekunden) sowie 20..60 Feuerschaden, wenn der Zielgegner brennt.;3;11;22;6;0;5;1;8;0;0;0;0;0;0;0;
847;Siegel des Segens;Siegel des Segens;Elite-Siegel. Heilt um 20..80. Euer nächster auf einen Verbündeten gerichteter Heil- oder Schutzgebet-Zauber heilt um +20..100 Lebenspunkt[e].;2;16;21;3;0;0;1;6;0;0;1;0;0;0;0;
848;Verhexung umkehren;Verhexung umkehren;Verzauberung. 5..10 Sekunde[n]: Entfernt eine Verhexung vom Verbündeten (bzw. Euch selbst). Der nächste Schaden, den der Verbündete (bzw. Ihr selbst) erleidet, wird um 5..50 Punkt[e] reduziert. Der Verbündete muss verhext sein, sonst keine Wirkung.;2;15;23;3;0;10;.25;10;0;0;0;0;0;0;0;
849;Zerfetzender Hieb;Zerfetzender Hieb;Axtangriff. Richtet +5..20 Punkt[e] Schaden an. Verursacht Zustand Blutung (5..20 Sekunde[n]), falls Gegner zu Boden geworfen ist.;2;18;4;1;0;0;0;0;4.8;0;0;0;0;0;0;
850;Erbitterter Schlag;Erbitterter Schlag;Hammerangriff. Richtet +5..20 Punkt[e] Schaden an. Verursacht Tiefe Wunde (1..8 Sekunde[n]), falls der Gegner geschwächt ist.;2;19;8;1;0;0;0;0;5.6;0;0;0;0;0;0;
851;Sonne-Mond-Hieb;Sonne-Mond-Hieb;Schwertangriff. Ihr greift den Gegner zweimal an. Kann nicht geblockt werden.;2;20;10;1;0;0;0;0;8;0;0;0;0;0;0;
852;Splitterschuss;Splitterschuss;Bogenangriff. Verursacht +3..15 Schaden. Fügt Gegnern im Bereich 5..65 Schaden zu, wenn abgeblockt.;2;25;2;2;0;10;0;5;0;0;0;0;0;0;0;
853;Melandrus Schuss;Melandrus Schuss;Elite-Bogenangriff. Verursacht Blutung (5..25 Sekunde[n]). Richtet +10..25 Punkt[e] Schaden an und verursacht Verkrüppelung (5..15 Sekunde[n]), falls der Gegner sich bewegt oder zu Boden geworfen wurde.;2;25;2;2;0;5;1;8;0;0;1;0;0;0;0;
854;Schlinge;Schlinge;Falle. 90 Sekunden: Betrifft Feinde in der Nähe. Verursacht Zustand Verkrüppelung (3..15 Sekunde[n]). Leicht zu unterbrechen.;2;24;30;2;0;5;1.5;15;0;0;0;0;0;0;0;
858;Tanzende Dolche;Tanzende Dolche;Mitteldistanz-Zauber. Drei Geschosse: Richten je 5..35 Punkt[e] Erdschaden an. Zählt als Leithandangriff.;2;30;22;7;0;5;1;5;0;0;0;0;0;0;0;
859;Alptraum beschwören;Alptraum beschwören;Verhexung. (2..16 Sekunde[n].) Verursacht -8 Lebenspunktdegeneration.;2;1;24;5;0;15;1;5;0;0;0;0;0;0;0;
860;Siegel der Unterbrechung;Siegel der Unterbrechung;Siegel. Unterbricht einen Zauber. Kann eine beliebige Fertigkeit unterbrechen, wenn der Gegner verhext ist. Unterbrechungswirkung: Richtet 10..51 Punkt[e] Schaden an.;2;2;21;5;0;0;.25;15;0;0;0;0;0;0;0;
862;Heißhungriger Blick;Heißhungriger Blick;Elite-Zauber. Fügt dem Gegner und in der Nähe befindlichen Feinden 20..40 Punkt[e] Schaden zu und entzieht diesen 20..40 Lebenspunkt[e].;3;4;22;4;0;1;1;10;0;8;1;0;0;0;0;
863;Orden der Abtrünnigkeit;Orden der Abtrünnigkeit;Elite-Verzauberung. Verzaubert alle Gruppenmitglieder (5 Sekunden). Die Betroffenen entfernen eine Verzauberung, wenn sie physischen Schaden anrichten. Entfernungskosten: Für jede entfernte Mönch-Verzauberung verliert Ihr 10..3% Eurer maximalen Lebenspunkte.;2;7;23;4;0;25;2;0;0;0;1;0;0;0;0;
864;Repressiver Blick;Repressiver Blick;Zauber. Richtet beim Gegner und umstehenden Feinden 10..30 Punkt[e] Schaden an. Verursacht bei unter einem Zustand leidenden Feinden die Zustände Gift und Schwäche (3..12 Sekunde[n]).;2;4;22;4;0;10;1;10;0;0;0;0;0;0;0;
865;Blitzhammer;Blitzhammer;Zauber. Richtet 10..100 Punkte Blitzschaden an. Verursacht Beschädigte Rüstung (5..20 Sekunden). 25% Rüstungsdurchdringung.;2;8;22;6;0;25;2;4;0;0;0;0;0;0;0;
866;Dunstklinge;Dunstklinge;Zauber. Richtet 15..135 Punkt[e] Kälteschaden an. Halber Schaden, falls Gegner verzaubert ist.;2;11;22;6;0;5;1.5;7;0;0;0;0;5;0;0;
867;Heilendes Licht;Heilendes Licht;Elite-Zauber. Heilt um 40..120 Lebenspunkt[e]. Ihr erhaltet 1..3 Energiepunkt[e], falls der Verbündete (bzw. Ihr selbst) verzaubert ist.;2;13;22;3;0;5;.75;4;0;0;1;0;0;0;0;
869;"Feigling!";"Feigling!";Elite-Schrei. Wirft zu Boden, falls der Gegner sich bewegt.;2;-1;20;1;0;0;0;2;4;0;1;0;0;0;0;
870;Pestilenz;Pestilenz;Naturritual. Erstellt einen Geist der Stufe 1..10 (30..180 Sekunde[n] Lebensdauer). Wenn eine Kreatur in Reichweite stirbt, werden die Zustände dieser Kreatur auf alle anderen Kreaturen im Bereich übertragen, die einen Zustand haben. Geister sind nicht betroffen.;3;24;19;2;0;5;2;60;0;0;0;0;0;0;0;
871;Schattengesang;Schattengesang;Binderitual. Erstellt einen Geist der Stufe 1..10 (30 Sekunden Lebensdauer). Seine Angriffe fügen 5..20 Punkte Schaden zu und verursachen den Zustand Blindheit (1..6 Sekunden).;2;32;18;8;0;15;1;30;0;0;0;0;0;0;0;
876;Siegel der Schatten;Siegel der Schatten;Siegel. Richtet 5..35 Punkt[e] Schaden an. Richtet zusätzlich 15..60 Punkt[e] Schaden an, falls der Gegner geblendet ist.;2;30;21;7;0;0;1;15;0;0;0;0;0;0;0;
877;Lyssas Ausgleich;Lyssas Ausgleich;Zauber. Entfernt beim Gegner eine Verzauberung. Keine Wirkung, falls Ihr mehr Verzauberungen habt als der Gegner.;2;-1;22;5;0;5;1;15;0;0;0;0;0;0;0;
878;Visionen des Bedauerns;Visionen des Bedauerns;Elite-Verhexung. Verhext außerdem den Gegner und umstehende Feinde (10 Sekunde[n]). Diese Feinde erleiden 15..45 Punkt[e] Schaden, sobald sie eine Fertigkeit verwenden und 5..50 Punkt[e] zusätzlichen Schaden, wenn sie nicht eine Mesmer- Verhexung erlitten haben.;3;2;24;5;0;10;2;20;0;0;1;0;0;0;0;
879;Illusion der Schmerzen;Illusion der Schmerzen;Verhexung. (8 Sekunden.) Verursacht eine Lebenspunktdegeneration von -3..10 und der Gegner nimmt jede Sekunde 3..10 Punkte Schaden. Wirkung am Ende: Der Gegner wird für 36..120 Punkt[e] geheilt.;2;1;24;5;0;10;2;5;0;0;0;0;0;0;0;
880;Gestohlene Eile;Gestohlene Eile;Elite-Verhexung. Verhext außerdem umstehende Feinde (1..10 Sekunde[n]). Verdoppelt die Wirkzeit von Zaubern. Die Wirkzeit von Zaubern, die Ihr oder Eure Verbündeten auf den Gegner wirkt, wird um 50% gesenkt.;2;0;24;5;0;5;1;12;0;0;1;0;0;0;0;
881;Äther-Siegel;Äther-Siegel;Siegel. Ihr erhaltet 10..20 Energiepunkt[e]. Ihr müsst weniger als 5..10 Energiepunkt[e] haben, sonst keine Wirkung.;2;3;21;5;0;0;1;45;0;0;0;0;0;0;0;
882;Siegel der Entzauberung;Siegel der Entzauberung;Siegel. Entfernt eine Verzauberung. Ihr verliert alle Energiepunkte.;2;-1;21;5;0;0;1;15;0;0;0;0;0;0;0;
883;Stimmminderheit;Stimmminderheit;Verhexung. Verhext den Gegner und Feinde in der Nähe (5..20 Sekunde[n]). Die Betroffenen können keine Schreie und Anfeuerungsrufe benutzen.;3;7;24;4;0;10;1;20;0;0;0;0;0;0;0;
884;Versengende Flammen;Versengende Flammen;Elite-Zauber. Trifft Feinde in der Nähe des Ziels. Richtet bei bereits brennenden Feinden 10..100 Punkt[e] Feuerschaden an. Verursacht bei nicht brennenden Feinden Zustand Brennen (1..7 Sekunde[n]).;3;10;22;6;0;15;1;2;0;0;1;0;0;0;0;
885;Schildwächter;Schildwächter;Verzauberung. (2..6 Sekunde[n].) Gruppenmitglieder in Hörweite haben eine 75%ige Chance, Angriffe zu blocken. Blockwirkung: Verbündete in Hörweite werden um 10..40 Lebenspunkt[e] geheilt und Schildwächter endet.;2;15;23;3;0;5;1.5;20;0;0;0;0;0;0;0;
886;Beruhigender Hauch;Beruhigender Hauch;Verzauberung. 8..18 Sekunde[n]: +10 Lebenspunktregeneration. Endet, wenn der Verbündete (bzw. Ihr selbst) angreift oder eine Fertigkeit benutzt.;3;13;23;3;0;5;1;8;0;0;0;0;0;0;0;
887;Siegel der Verjüngung;Siegel der Verjüngung;Siegel. Heilt um 15..75 Lebenspunkt[e]. Heilt um weitere 15..75 Lebenspunkt[e], falls der Verbündete (bzw. Ihr selbst) gerade einen Zauber wirkt oder angreift.;2;13;21;3;0;0;1;8;0;0;0;0;0;0;0;
888;Wirbelnde Axt;Wirbelnde Axt;Elite-Axtangriff. Richtet +5..20 Punkt[e] Schaden an und entfernt eine Haltung. Kann nicht geblockt werden.;2;18;4;1;0;0;0;0;4;0;1;0;0;0;0;
889;Energischer Schlag;Energischer Schlag;Elite-Hammerangriff. Richtet +10..30 Punkt[e] Schaden an. Entfernt jede Haltung des Gegners. Verursacht Zustand Schwäche (5..20 Sekunde[n]). Kann nicht geblockt werden.;2;19;8;1;0;0;0;0;4.8;0;1;0;0;0;0;
891;"Niemand darf vorbei!";"Niemand darf vorbei!";Schrei. Wirft alle umstehenden Feinde zu Boden, die sich bewegen. Wird für jeden betroffenen Feind um 1..8 Sekunde[n] schneller wieder aufgeladen (maximal 25 Sekunden).;2;21;20;1;0;5;0;45;0;0;0;0;0;0;0;
892;Zitternde Klinge;Zitternde Klinge;Elite-Schwertangriff. Richtet +10..40 Punkt[e] Schaden an. Verursacht Zustand Benommenheit (10 Sekunde[n]), falls der Gegner sich bewegt.;2;20;10;1;0;0;0;0;4;0;1;0;0;0;0;
893;Suchende Pfeile;Suchende Pfeile;Vorbereitung. 3..14 Sekunde[n]: Eure Pfeile können nicht geblockt werden. Endet, sobald Ihr nicht trefft.;2;25;17;2;0;10;2;15;0;0;0;0;0;0;0;
898;Überlastung;Überlastung;Verhexung. (5 Sekunden). Verursacht -1..3 Lebenspunktdegeneration. Wenn der anvisierte Gegner eine Fertigkeit verwendet, erleidet er 15..75 Schaden, und alle benachbarten Gegner erleiden 75 % dieses Schadens.;2;2;24;5;0;5;.25;5;0;0;0;0;0;0;0;
899;Bilder der Reue;Bilder der Reue;Verhexung. 5..10 Sekunde[n]: Verursacht -1..3 Lebenspunktdegeneration. Anfangswirkung: 10..52 Punkt[e] Schaden, falls der Gegner gerade angreift.;2;1;24;5;0;5;1;5;0;0;0;0;0;0;0;
900;Geteilte Bürde;Geteilte Bürde;Elite-Verhexung. Außerdem werden Gegner im Umkreis Eures Ziels verhext (5..20 Sekunde[n]). Ihre Angriffe, gewirkten Zauber und Bewegungen sind um 50 % verlangsamt.;2;1;24;5;0;5;2;15;0;0;1;0;0;0;0;
901;Seelenfessel;Seelenfessel;Elite-Verhexung. 30 Sekunde[n]: Der Heiler des Gegners erleidet jedes Mal, wenn er den Gegner heilt, 20..80 Punkt[e] Schaden. Endet, wenn der Gegner mit Peinigungsgebeten belegt ist.;2;7;24;4;0;10;1;5;0;0;1;0;0;0;0;
902;Blut des Aggressoren;Blut des Aggressoren;Zauber. Entzieht 5..45 Lebenspunkt[e]. Verursacht Schwäche (3..12 Sekunde[n]), wenn der Gegner angegriffen hat.;3;4;22;4;0;5;1;5;0;0;0;0;0;0;0;
903;Eisprisma;Eisprisma;Zauber. Richtet 15..75 Punkte Kälteschaden an. Verursacht 15..75 Punkte Kälteschaden bei allen Feinden in der Nähe, wenn der Gegner unter einer Wassermagie-Verhexung leidet.;2;11;22;6;0;5;1;5;0;0;0;0;5;0;0;
904;Zornige Axt;Zornige Axt;Axtangriff. Richtet +5..35 Punkt[e] Schaden an. Ihr erhaltet 3 Adrenalinstöße, falls geblockt.;2;18;4;1;0;5;0;6;0;0;0;0;0;0;0;
905;Günstiger Schlag;Günstiger Schlag;Hammerangriff. Richtet +5..20 Punkt[e] Schaden an. Ihr erhaltet 3..8 Energiepunkt[e]. Kann nicht geblockt werden, wenn der Gegner geschwächt ist.;2;19;8;1;0;0;0;0;4.8;0;0;0;0;0;0;
906;"Auf Eure Knie!";"Auf Eure Knie!";Schrei. Lädt alle Eure Haltungen wieder auf, wenn Ihr einen zu Boden geworfenen Feind umsteht. Ihr verliert alles Adrenalin.;2;-1;20;1;0;0;0;0;6;0;0;0;0;0;0;
907;Drachenhieb;Drachenhieb;Elite-Schwertangriff. Richtet +10..40 Punkt[e] Schaden an. Ihr erhaltet 1..5 Adrenalinstöße, falls Ihr trefft.;2;20;10;1;0;0;0;0;7;0;1;0;0;0;0;
908;Plünderer-Schuss;Plünderer-Schuss;Bogenangriff. Richtet +25..55 Punkt[e] Schaden an. Eure Nicht-Angriffsfertigkeiten werden deaktiviert (5 Sekunde[n]), falls dieser Angriff trifft.;2;25;2;2;0;5;0;6;0;0;0;0;0;0;0;
909;Scharfschuss;Scharfschuss;Bogenangriff. Deals +10..40 damage. Unblockable. This shot moves three times faster.Your other attack skills are disabled (8..4 seconds).;2;25;2;2;0;5;0;8;0;0;0;0;0;0;0;
910;Geisterriss;Geisterriss;Zauber. Trifft nach 3 Sekunde[n] Feinde in der Nähe der ursprünglichen Position des Gegners. Richtet 25..125 Punkt[e] Blitzschaden an und verursacht Beschädigte Rüstung (1..20 Sekunde[n]).;2;34;22;8;0;10;2;5;0;0;0;0;0;0;0;
911;Vereinigung;Vereinigung;Binderitual. Erstellt einen Geist der Stufe 1..12 (30..60 Sekunde[n] Lebensdauer). Jedes Mal, wenn ein Verbündeter in seiner Reichweite, der kein Geist ist, Schaden erleidet oder Lebenspunkte entzogen bekommt, wird dies um 15 Punkt[e] reduziert und der Geist erleidet 15 Punkt[e] Schaden.;2;32;18;8;0;15;.75;45;0;0;0;0;0;0;0;
913;Ruhig war Tanasen;Ruhig war Tanasen;Elite-Gegenstandszauber. 5..20 Sekunde[n]: Ihr habt +10..25 Rüstung. Ihr könnt nicht unterbrochen werden.;2;33;25;8;0;5;1;15;0;0;1;0;0;0;0;
914;Seele verzehren;Seele verzehren;Elite-Zauber. Stiehlt 5..70 Lebenspunkte. Feindliche herbeigerufene Kreaturen in Hörweite des anvisierten Gegners erleiden 25..125 Schaden.;2;36;22;8;0;5;1;5;0;0;1;0;0;0;0;
915;Geisterlicht;Geisterlicht;Zauber. Heilt um 60..180 Lebenspunkt[e]. Ihr opfert keine Lebenspunkte, falls Ihr Euch in Hörweite von Geistern befindet.;2;33;22;8;0;5;1;4;0;17;0;0;0;0;0;
916;Wehklage;Wehklage;Verhexung. Verhext außerdem den Gegner umstehende Feinde (5..20 Sekunde[n]). Verursacht -0..3 Lebenspunktdegeneration. Anfangswirkung: Verursacht 10..50 Punkt[e] Schaden bei diesen Feinden, wenn Ihr Euch in Hörweite eines Geistes oder Kadavers befindet.;2;34;24;8;0;10;1;15;0;0;0;0;0;0;0;
917;Seele zerreißen;Seele zerreißen;Zauber. Vernichtet den verbündeten Geist. Richtet bei Feinden in der Nähe 50..140 Punkt[e] Blitzschaden an und verursacht Zustand Blindheit (3..12 Sekunde[n]).;2;36;22;8;0;10;.75;5;0;0;0;0;0;0;0;
918;Geist zu Fleisch;Geist zu Fleisch;Berührungs-Zauber. Vernichtet den berührten verbündeten Geist. Heilt alle Verbündeten in der Nähe um 30..240 Lebenspunkt[e].;2;36;22;8;0;10;.75;15;0;0;0;0;0;0;0;
919;Geisterbrand;Geisterbrand;Zauber. Richtet 5..50 Punkt[e] Blitzschaden an. Verursacht Zustand Brennen (1..5 Sekunde[n]), falls Ihr Euch in Hörweite eines Geistes befindet.;2;34;22;8;0;5;1;6;0;0;0;0;0;0;0;
920;Vernichtung;Vernichtung;Binderitual. Erstellt einen Geist der Stufe 1..14, der nach 30 Sekunden stirbt. Wenn dieser Geist stirbt, erleiden alle in dem Bereich befindlichen Gegner für jede Sekunde, die der Geist am Leben war, 5..25 Punkt[e] Schaden (maximal 150 Punkte).;2;34;18;8;0;10;.75;20;0;0;0;0;0;0;0;
921;Missklang;Missklang;Binderitual. Erstellt einen Geist der Stufe 1..12 (10..25 Sekunde[n] Lebensdauer). Seine Angriffe richten 5..20 Punkt[e] Schaden an und unterbrechen Aktionen.;2;32;18;8;0;25;1;45;0;0;0;0;0;0;0;
923;Entzauberung;Entzauberung;Binderitual. Erstellt einen Geist der Stufe 1..12 (10..35 Sekunde[n] Lebensdauer). Seine Angriffe richten 5..20 Punkt[e] Schaden an und entfernen eine Verzauberung.;2;32;18;8;0;15;1;30;0;0;0;0;0;0;0;
925;Rückruf;Rückruf;Verzauberung. Wirkung am Ende: Unternehmt einen Schattenschritt zum Verbündeten. Sich selbst als Ziel wählen nicht möglich. Deaktiviert am Ende alle Eure Fertigkeiten (3 Sekunde[n]).;2;-1;23;7;-1;10;1;10;0;0;0;0;0;0;0;
926;Dolche wetzen;Dolche wetzen;Verzauberung. (5..30 Sekunde[n].) Eure Dolchangriffe verursachen den Zustand Blutung (5..15 Sekunde[n]).;2;35;23;7;0;5;.5;20;0;0;0;0;0;0;0;
927;Schändliche Angst;Schändliche Angst;Verhexung. 10 Sekunde[n]: Gegner erleidet jede Sekunde 5..20 Punkt[e] Schaden, wenn er sich bewegt, allerdings bewegt er sich um 10% schneller.;2;30;24;7;0;10;1;10;0;0;0;0;0;0;0;
928;Schattenschleier;Schattenschleier;Elite-Verhexung. 3..9 Sekunde[n]: Der Gegner kann nicht Ziel von Verzauberungen sein.;2;31;24;7;0;5;.25;20;0;0;1;0;0;0;0;
929;Schatten der Eile;Schatten der Eile;Haltung. 10..40 Sekunde[n]: Ihr bewegt Euch um 15% schneller. Wirkung am Ende: Ihr kehrt zur anfänglichen Position zurück.;2;31;29;7;0;5;0;45;0;0;0;0;0;0;0;
930;Günstige Beschwörung;Günstige Beschwörung;Verzauberung. 20 Sekunde[n]: Ihr erhaltet bei Eurem nächsten Zauber 110..200% der Energiekosten zurück. +10..5 Sekunde[n] zur Aufladezeit des Zaubers.;2;3;23;5;0;5;1;20;0;0;0;0;0;0;0;
931;Kraftrevanche;Kraftrevanche;Zauber. Unterbricht einen Zauber oder Anfeuerungsruf. Unterbrechungswirkung: Gegner gewinnt 10..5 Energiepunkt[e].;2;0;22;5;0;5;.25;7;0;0;0;0;0;0;0;
932;Erschweren;Erschweren;Zauber. Unterbricht eine Fertigkeit. Unterbrechungswirkung: Deaktiviert unterbrochene Fertigkeit (+5..12 Sekunde[n]) beim Gegner und allen Feinden im Bereich.;2;2;22;5;0;10;.25;20;0;0;0;0;0;0;0;
933;Sturm zerschlagen;Sturm zerschlagen;Elite-Zauber. Entfernt alle Verzauberungen. Entfernungskosten: Sturm zerschlagen wird für jede entfernte Verzauberung für +7 Sekunde[n] deaktiviert.;2;-1;22;5;0;10;1;0;0;0;1;0;0;0;0;
934;Unnatürliches Siegel;Unnatürliches Siegel;Siegel. Richtet 15..75 Punkt[e] Schaden an. Richtet bei anderen umstehenden Feinden 5..50 Punkt[e] Schaden an, falls der Gegner verhext oder verzaubert ist.;2;2;21;5;0;0;1;10;0;0;0;0;0;0;0;
935;Hochkommende Galle;Hochkommende Galle;Verhexung. 20 Sekunden: Wirkung am Ende: Richtet für jede Sekunde, die Hochkommende Galle aktiv war, 1..6 Punkt[e] Schaden an. Schädigt den Gegner und andere Feinde im Bereich.;2;5;24;4;0;10;1;20;0;0;0;0;0;0;0;
936;Verzauberungen vergiften;Verzauberungen vergiften;Zauber. Entfernt eine Verzauberung vom Gegner. Verursacht Zustand Gift (3..10 Sekunde[n] pro verbleibender Verzauberung auf dem Gegner).;3;7;22;4;0;5;1;15;0;0;0;0;0;0;0;
937;Stoßwelle;Stoßwelle;Elite-Zauber. Feinde im Bereich erleiden 15..60 Punkt[e] Erdschaden und leiden unter Schwäche (1..10 Sekunde[n]). In der Nähe befindliche Feinde erleiden ebenfalls +15..60 Punkt[e] Erdschaden und leiden an Beschädigter Rüstung (1..10 Sekunde[n]). Umstehende Feinde erleiden ebenfalls +15..60 Punkt[e] Erdschaden und leiden an Blindheit (1..10 Sekunde[n]).;2;9;22;6;0;10;1;15;0;0;1;0;0;0;0;
938;Kreis der Stabilität;Kreis der Stabilität;Abwehrzauber. (10..25 Sekunde[n].) Verbündete in dieser Abwehr können nicht zu Boden geworfen werden. Verbündete Geister sind nicht betroffen.;2;9;26;6;0;10;1;30;0;0;0;0;0;0;0;
939;Eisfesseln;Eisfesseln;Elite-Verhexung. (1..10 Sekunde[n].) Gegner bewegt sich um 66% langsamer. Gegner bewegt sich um 90% langsamer, falls er verzaubert ist.;3;11;24;6;0;10;1;12;0;0;1;0;0;0;0;
941;Gesegnetes Licht;Gesegnetes Licht;Elite-Zauber. Heilt um 10..120 Lebenspunkt[e]. Entfernt einen Zustand und eine Verhexung.;2;16;22;3;0;5;.75;5;0;0;1;0;0;0;0;
942;Verhexungen zurücknehmen;Verhexungen zurücknehmen;Elite-Zauber. Entfernt alle Verhexungen. Betrifft auch benachbarte Verbündete Entfernungskosten: +2 Sekunden pro entfernte Verhexung. 50 % Chance auf Fehlschlag, wenn Gunst der Götter nicht mindestens 5 beträgt.;2;16;22;3;0;5;1;5;0;0;1;0;0;0;0;
943;Löschen;Löschen;Zauber. Wirkt auf die gesamte Gruppe. Entfernt einen Zustand. Gruppenmitglieder, von denen Brennen entfernt wurde, werden um 10..100 Lebenspunkt[e] geheilt.;2;15;22;3;0;15;1;12;0;0;0;0;0;0;0;
944;Siegel der Stärke;Siegel der Stärke;Siegel. Eure Angriffe richten +5 Punkt[e] Schaden an. Endet nach 1..16 Angriff[en].;2;17;21;1;0;0;1;45;0;0;0;0;0;0;0;
946;Fokus des Fallenstellers;Fokus des Fallenstellers;Elite-Vorbereitung. 12..36 Sekunde[n]: Eure Fallen-Fertigkeiten können nicht länger leicht unterbrochen werden. Ihr erhaltet +0..4 bei Eurem Attribut Überleben in der Wildnis.;2;23;17;2;0;5;2;12;0;0;1;0;0;0;0;
947;Dornenranken;Dornenranken;Naturritual. Erstellt einen Geist der Stufe 1..10 (30..240 Sekunde[n] Lebensdauer). Zu Boden geworfene Kreaturen erleiden 5 Punkte Schaden und beginnen zu bluten (5..20 Sekunde[n]). Keine Wirkung auf Geister.;2;24;19;2;0;10;2;60;0;0;0;0;0;0;0;
948;Verzweifelter Stoß;Verzweifelter Stoß;Leithandangriff. Richtet +15..60 Punkt[e] Schaden an, falls Ihr weniger als 50..80% Eurer maximalen Lebenspunkte habt.;2;29;5;7;0;5;0;6;0;0;0;0;0;0;0;
949;Weg des Fuchses;Weg des Fuchses;Verzauberung. 10..35 Sekunde[n]: Eure Angriffe können nicht geblockt werden. Endet nach 1..6 Angriff[en].;2;31;23;7;0;5;.25;30;0;0;0;0;0;0;0;
950;Schattenbürde;Schattenbürde;Verhexung. 3..15 Sekunde[n]: Gegner bewegt sich um 25% langsamer und besitzt -20..30 Rüstung gegen Eure Angriffe. Rüstungsreduzierung betrifft den Gegner nur, solange er keine anderen Verhexungen hat.;2;31;24;7;0;10;.25;15;0;0;0;0;0;0;0;
951;Geschwindigkeitsentzug;Geschwindigkeitsentzug;Verhexung. (5..15 Sekunden.) Der Zielgegner bewegt sich 33 % langsamer, und Ihr bewegt Euch 33 % schneller. Lädt sich 50 % schneller auf, wenn er auf einen Gegner gewirkt wird, der sich bewegt.;2;30;24;7;0;5;1;30;0;0;0;0;0;0;0;
952;Angriff des Todes;Angriff des Todes;Zauber. Ihr unternehmt einen Schattenschritt zum Gegner. Ihr werdet um 65..200 Lebenspunkt[e] geheilt, falls der Gegner mehr Lebenspunkte hat als Ihr.;2;31;22;7;0;5;.25;30;0;0;0;0;0;0;0;
953;Kraftfluss;Kraftfluss;Elite-Verhexung. Unterbricht einen Zauber oder Anfeuerungsruf. Unterbrechungswirkung: -2 Energiepunktdegeneration (4..10 Sekunde[n]).;3;2;24;5;0;10;.25;15;0;0;1;0;0;0;0;
954;Verhexungen vertreiben;Verhexungen vertreiben;Elite-Zauber. Entfernt beim Verbündeten (bzw. Euch selbst) 2 Verhexungen.;2;-1;22;5;0;5;1;8;0;0;1;0;0;0;0;
955;Verzauberung zerreißen;Verzauberung zerreißen;Zauber. Entfernt 1 Verzauberung[en]. Entfernungswirkung: Verursacht Blutung (5..25 Sekunde[n]).;3;7;22;4;0;5;1;15;0;0;0;0;0;0;0;
957;Zauberschild;Zauberschild;Verzauberung. 5..20 Sekunde[n]: Während Ihr Zauber wirkt, könnt Ihr nicht zum Ziel von Zaubern werden. Wirkung am Ende: Eure Fertigkeiten werden deaktiviert (8..4 Sekunde[n]).;2;16;23;3;0;10;1;30;0;0;0;0;0;0;0;
958;Heilendes Geflüster;Heilendes Geflüster;Mitteldistanz-Zauber. Heilt um 40..100 Lebenspunkt[e]. Sich selbst als Ziel wählen nicht möglich.;2;13;22;3;0;5;1;1;0;0;0;0;0;0;0;
959;Ätherisches Licht;Ätherisches Licht;Zauber. Heilt um 25..100 Lebenspunkt[e]. Leicht zu unterbrechen.;2;13;22;3;0;5;1;5;0;0;0;0;0;0;0;
960;Verzauberungen freisetzen;Verzauberungen freisetzen;Zauber. Entfernt alle Eure Verzauberungen. Heilt alle Gruppenmitglieder für jede entfernte Mönch-Verzauberung um 5..35 Lebenspunkt[e].;2;16;22;3;0;5;.25;5;0;0;0;0;0;0;0;
961;Zerfetzen;Zerfetzen;Elite-Naturritual. Erstellt einen Geist der Stufe 1..10 (30..240 Sekunde[n] Lebensdauer). Blutende Kreaturen in Reichweite haben -2 Lebenspunktdegeneration. Wirkung am Ende: Verursacht bei Kreaturen in Reichweite, die weniger als 90% ihrer maximalen Lebenspunkte haben, Zustand Blutung (5..25 Sekunde[n]). Keine Wirkung auf Geister.;2;22;19;2;0;10;2;15;0;0;1;0;0;0;0;
962;Geistübertragung;Geistübertragung;Zauber. Der am nächsten zu Euch befindliche Geist verliert 5..50 Lebenspunkt[e]. Heilt den Verbündeten (bzw. Euch selbst) für jeden verlorenen Lebenspunkt um 5 Lebenspunkt[e].;2;33;22;8;0;10;.25;5;0;0;0;0;0;0;0;
963;Wiederherstellung;Wiederherstellung;Binderitual. Erstellt einen Geist der Stufe 1..14 (30 Sekunde[n] Lebensdauer). Wirkung am Ende: Gruppenmitglieder im Bereich werden wiederbelebt (5..50% Lebenspunkte, 0 Energiepunkte).;2;32;18;8;0;10;1;30;0;0;0;0;0;0;0;
964;Rachsüchtige Waffe;Rachsüchtige Waffe;Waffenzauber. (8 Sekunde[n].) Entzieht dem nächsten Feind, der Schaden beim Verbündeten anrichtet, 15..60 Lebenspunkt[e].;2;33;27;8;0;5;.25;3;0;0;0;0;0;0;0;
973;Blendpulver;Blendpulver;Zauber. Verursacht beim Gegner und umstehenden Feinden Zustand Blindheit (3..15 Sekunde[n]). Muss einem Begleithandangriff folgen.;2;31;22;7;0;5;.25;20;0;0;0;0;0;0;0;
974;Berührung der Fangschrecke;Berührung der Fangschrecke;Fertigkeit. Verursacht den Zustand Verkrüppelung (5..20 Sekunden). Diese Fertigkeit zählt als Begleithandangriff.;2;30;1;7;0;5;.75;10;0;0;0;0;0;0;0;
975;Ermüdender Angriff;Ermüdender Angriff;Doppelangriff. Unterbricht eine Aktion. Verursacht 10 Überzaubern, wenn die unterbrochene Aktion ein Zauber war. Muss einem Leithandangriff folgen.;2;29;7;7;0;5;.5;8;0;0;0;0;0;0;0;
976;Wiederholender Schlag;Wiederholender Schlag;Begleithandangriff. Richtet +10..30 Punkt[e] Schaden an. +15 Sekunden zur Aufladezeit dieser Fertigkeit, falls Ihr verfehlt. Muss einem Begleithandangriff folgen.;2;29;6;7;0;5;0;0;0;0;0;0;0;0;0;
977;Weg des Lotus;Weg des Lotus;Verzauberung. 20 Sekunde[n]: Ihr erhaltet 5..20 Energiepunkt[e], wenn Ihr das nächste Mal mit einem Doppelangriff trefft.;2;31;23;7;0;5;.25;20;0;0;0;0;0;0;0;
978;Zeichen der Unbeständigkeit;Zeichen der Unbeständigkeit;Verhexung. 20 Sekunde[n]: Wirft den Gegner zu Boden, wenn Ihr ihn das nächste Mal mit einem Doppelangriff trefft.;2;-1;24;7;0;10;.25;20;0;0;0;0;0;0;0;
979;Argwohn;Argwohn;Verhexung. (6 Sekunden). Der nächste Zauber, den der anvisierte Gegner auf einen Eurer Verbündeten wirkt, schlägt fehl und verursacht bei diesem Gegner 10..80 Schaden, sowie 75 % dieses Schadens bei allen benachbarten Gegnern.;3;2;24;5;0;10;2;12;0;0;0;0;0;0;0;
980;Schmaus der Seelen;Schmaus der Seelen;Zauber. Heilt alle Gruppenmitglieder für jeden verbündeten Geist in der Nähe um 50..100 Lebenspunkt[e]. Alle verbündeten Geister in der Nähe werden vernichtet.;2;36;22;8;0;5;.25;10;0;0;0;0;0;0;0;
981;Erholung;Erholung;Binderitual. Erstellt einen Geist der Stufe 1..14 (15..45 Sekunde[n] Lebensdauer). Verbündete in Reichweite, die keine Geister sind, haben +1..3 Lebenspunktregeneration.;2;33;18;8;0;25;.75;45;0;0;0;0;0;0;0;
982;Unterschlupf;Unterschlupf;Binderitual. Erstellt einen Geist der Stufe 1..12 (30..60 Sekunde[n] Lebensdauer). Verbündete in Reichweite, die keine Geister sind, können durch einen einzelnen Angriff nicht mehr als 10% ihrer maximalen Lebenspunkte verlieren. Schadensverhinderungskosten: Der Geist verliert 75..45 Lebenspunkt[e].;2;32;18;8;0;25;1;45;0;0;0;0;0;0;0;
983;Schattenwaffe;Schattenwaffe;Waffenzauber. (1..7 Sekunde[n].) Verursacht bei jedem, der den Verbündeten (bzw. Euch selbst) angreift, den Zustand Blindheit (5 Sekunde[n]). Die nächsten 1..3 Angriffe des Ziels verursachen Blindheit (5 Sekunde[n]), wenn sie treffen.;2;33;27;8;0;10;1;20;0;0;0;0;0;0;0;
985;Trittnägel;Trittnägel;Mitteldistanz-Zauber. Inflicts Crippled and Bleeding conditions (5..15 seconds) on target and adjacent foes.;2;31;22;7;0;5;.25;10;0;0;0;0;0;0;0;
986;Neunschwänziger Stoß;Neunschwänziger Stoß;Doppelangriff. Richtet +15..40 Punkt[e] Schaden an. Kann nicht geblockt werden. Muss einem Begleithandangriff folgen.;2;29;7;7;0;5;0;8;0;0;0;0;0;0;0;
987;Weg der leeren Handfläche;Weg der leeren Handfläche;Elite-Verzauberung. (5..15 Sekunden). Begleithand- und Doppelangriffe kosten keine Energie und werden um 25..50 % schneller aufgeladen.;2;30;23;7;0;5;.25;10;0;0;1;0;0;0;0;
988;Schläfenstoß;Schläfenstoß;Elite-Begleithandangriff. Unterbricht einen Zauber. Verursacht Zustände Benommenheit und Blindheit (1..10 Sekunde[n]). Muss einem Leithandangriff folgen.;2;29;6;7;0;15;0;20;0;0;1;0;0;0;0;
989;Goldener Phönix-Stoß;Goldener Phönix-Stoß;Begleithandangriff. Fügt dem Gegner +10..30 und umstehenden Feinden 10..30 Punkt[e] Schaden zu. Schlägt fehl, falls Ihr nicht verzaubert seid.;2;29;6;7;0;5;0;8;0;0;0;0;0;0;0;
990;Verzauberungen ausmerzen;Verzauberungen ausmerzen;Berührungs-Fertigkeit. Entfernt für jede Eurer Nicht-Angriffsfertigkeiten eine Verzauberung. Alle Eure Nicht-Angriffsfertigkeiten werden deaktiviert (8..4 Sekunde[n]).;2;30;1;7;0;10;.75;30;0;0;0;0;0;0;0;
991;Verhexungen zurückweisen;Verhexungen zurückweisen;Zauber. Entfernt eine Verhexung vom Verbündeten und eine weitere für jede wieder aufladende Gunst-der-Götter-Fertigkeit, die Ihr habt.;2;16;22;3;0;5;1;12;0;0;0;0;0;0;0;
992;Dreifachhieb;Dreifachhieb;Elite-Axtangriff. Richtet +10..40 Punkt[e] Schaden an. Trifft den Gegner und umstehende Feinde.;2;18;4;1;0;5;0;10;0;0;1;0;0;0;0;
993;Erzürnter Schlag;Erzürnter Schlag;Elite-Hammerangriff. Gibt Euch 1..4 Adrenalinstöße, wenn Ihr trefft. Richtet +10..40 Schaden an und wirft den Gegner zu Boden, wenn er sich bewegt hat.;2;19;8;1;0;5;0;5;0;0;1;0;0;0;0;
994;Erneuernder Schlag;Erneuernder Schlag;Hammerangriff. Richtet +10..40 Punkt[e] Schaden an. Ihr erhaltet 3 Energiepunkt[e] und dieser Angriff wird sofort wieder aufgeladen, wenn der Gegner zu Boden geworfen wurde.;2;19;8;1;0;5;1;30;0;0;0;0;0;0;0;
995;Tigerhaltung;Tigerhaltung;Haltung. 4..10 Sekunde[n]: Ihr greift um 33% schneller an. Endet, sobald Ihr nicht trefft.;2;17;29;1;0;5;0;20;0;0;0;0;0;0;0;
996;Stehender Hieb;Stehender Hieb;Schwertangriff. Richtet +5..20 Punkt[e] Schaden an. Richtet zusätzlich 5..20 Punkt[e] Schaden an, falls Ihr eine Haltung einnehmt.;2;20;10;1;0;0;0;0;5.6;0;0;0;0;0;0;
997;Hungersnot;Hungersnot;Elite-Naturritual. Erstellt einen Geist der Stufe 1..10 (30..180 Sekunde[n] Lebensdauer). Richtet bei Kreaturen in Reichweite, deren Energiepunkte auf 0 sinken, 20..70 Punkt[e] Schaden an. Keine Wirkung auf Geister.;2;24;19;2;0;10;2;15;0;0;1;0;0;0;0;
1018;Kritisches Auge;Kritisches Auge;Fertigkeit. 10..35 Sekunde[n]: Ihr habt +3..15% zur Chance auf kritische Treffer. Ihr erhaltet jedes Mal 1 Energiepunkt[e], wenn Ihr einen kritischen Treffer landet.;2;35;1;7;0;5;0;30;0;0;0;0;0;0;0;
1019;Kritischer Stoß;Kritischer Stoß;Doppelangriff. Richtet +10..30 Punkt[e] Schaden an. Immer ein kritischer Treffer. Ihr erhaltet 1..3 Energiepunkt[e]. Muss einem Begleithandangriff folgen.;2;35;7;7;0;5;0;6;0;0;0;0;0;0;0;
1020;Stahlklingen;Stahlklingen;Doppelangriff. Richtet für jeden sich aufladenden Dolchangriff +5..16 Punkt[e] Schaden an (maximal 60). Muss einem Begleithandangriff folgen.;2;29;7;7;0;5;0;8;0;0;0;0;0;0;0;
1021;Dschungelschlag;Dschungelschlag;Begleithandangriff. Verursacht +10..25 Schaden. Wenn der anvisierte Gegner verkrüppelt ist, erleiden er und benachbarte Gegner 1..31 Schaden. Muss auf einen Startangriff folgen.;2;29;6;7;0;5;.5;6;0;0;0;0;0;0;0;
1022;Wilder Stoß;Wilder Stoß;Begleithandangriff. Richtet +10..35 Punkt[e] Schaden an. Entfernt Haltung des Gegners. Kann nicht geblockt werden. Muss einem Leithandangriff folgen.;2;29;6;7;0;5;0;4;0;0;0;0;0;0;0;
1023;Stich der springenden Mantis;Stich der springenden Mantis;Leithandangriff. Richtet +5..15 Punkt[e] Schaden an. Verursacht Zustand Verkrüppelung (3..15 Sekunde[n]), falls der Gegner sich bewegt.;2;29;5;7;0;5;.5;8;0;0;0;0;0;0;0;
1024;Stoß der schwarzen Mantis;Stoß der schwarzen Mantis;Leithandangriff. Richtet +8..20 Punkt[e] Schaden an. Verursacht Zustand Verkrüppelung (3..15 Sekunde[n]), falls der Gegner verhext ist.;2;29;5;7;0;5;1;6;0;0;0;0;0;0;0;
1025;Unterbrechender Dolchstoß;Unterbrechender Dolchstoß;Leithandangriff. Unterbricht eine Aktion. Falls die unterbrochene Aktion ein Zauber war, wird er deaktiviert (3..10 Sekunde[n]).;2;29;5;7;0;5;0;10;0;0;0;0;0;0;0;
1026;Goldener Lotus-Stoß;Goldener Lotus-Stoß;Leithandangriff. Richtet +5..20 Punkt[e] Schaden an. Ihr erhaltet 5..8 Energiepunkt[e], falls Ihr verzaubert seid.;2;29;5;7;0;5;0;5;0;0;0;0;0;0;0;
1027;Kritische Verteidigungen;Kritische Verteidigungen;Verzauberung. 4..10 Sekunde[n]: Ihr habt eine 75%ige Chance zu blocken. Erneuerung: Mit jedem Eurer kritischen Treffer.;2;35;23;7;0;10;1;30;0;0;0;0;0;0;0;
1028;Weg der Perfektion;Weg der Perfektion;Verzauberung. (60 Sekunden.) Eure kritischen Treffer heilen Euch um 10..40 Lebenspunkt[e].;2;31;23;7;0;5;.25;30;0;0;0;0;0;0;0;
1029;Dunkle Abtrünnigkeit;Dunkle Abtrünnigkeit;Elite-Verzauberung. 3..17 Sekunde[n]: Eure kritischen Treffer entfernen eine Verzauberung. Entfernungskosten: Ihr verliert 10..3 Energiepunkt[e] oder Dunkle Abtrünnigkeit endet.;2;35;23;7;0;10;.25;15;0;0;1;0;0;0;0;
1030;Wut der Heuschrecke;Wut der Heuschrecke;Elite-Verzauberung. 10..35 Sekunde[n]: Ihr habt +50% zur Chance auf Doppeltreffer. Keine Wirkung, falls Ihr keine Dolche benutzt.;2;35;23;7;0;10;.5;10;0;0;1;0;0;0;0;
1031;Schleier des Kummers;Schleier des Kummers;Verzauberung. (30..60 Sekunden.) Ihr habt +3..8 Lebenspunktregeneration und eine 75%ige Chance, zu blocken. Eure Lebenspunkte müssen unter 50% liegen, sonst keine Wirkung.;2;31;23;7;0;10;1;45;0;0;0;0;0;0;0;
1032;Herz der Schatten;Herz der Schatten;Zauber. Ihr werdet um 30..150 Lebenspunkt[e] geheilt und unternehmt einen Schattenschritt zu einer Position in der Nähe, weg vom Gegner.;2;31;22;7;0;5;.25;15;0;0;0;0;0;0;0;
1033;Aufspießen;Aufspießen;Fertigkeit. Richtet 25..100 Punkt[e] Erdschaden an. Verursacht Zustand Tiefe Wunde (5..20 Sekunde[n]). Muss einem Doppelangriff folgen.;2;30;1;7;0;5;1;15;0;0;0;0;0;0;0;
1034;Eiternde Wunde;Eiternde Wunde;Elite-Verhexung. (1..7 Sekunde[n].) Gegner bewegt sich um 33% langsamer. Falls dieser Gegner an einem Zustand leidet, erleidet er außerdem 5..25 Punkt[e] Schaden pro Sekunde.;2;35;24;7;0;10;.25;10;0;0;1;0;0;0;0;
1035;Versprechen des Assassinen;Versprechen des Assassinen;Elite-Verhexung. 5..15 Sekunde[n]: Wenn der Gegner stirbt, erhaltet Ihr 5..20 Energiepunkt[e] und alle Eure Fertigkeiten werden aufgeladen.;2;30;24;7;0;5;.75;45;0;0;1;0;0;0;0;
1036;Siegel der Bosheit;Siegel der Bosheit;Siegel. Für jeden Zustand des Gegners verliert Ihr einen Zustand.;2;-1;21;7;0;0;.25;5;0;0;0;0;0;0;0;
1037;Dunkle Flucht;Dunkle Flucht;Haltung. 5..15 Sekunde[n]: Ihr bewegt Euch um 25% schneller und nehmt nur halben Schaden. Endet, wenn Ihr mit einem Angriff trefft.;2;31;29;7;0;5;0;30;0;0;0;0;0;0;0;
1038;Verkrüppelnder Dolch;Verkrüppelnder Dolch;Mitteldistanz-Zauber. Geschoss: Richtet 15..60 Punkt[e] Erdschaden an. Verursacht Zustand Verkrüppelung (3..15 Sekunde[n]), falls der Gegner sich bewegt.;2;30;22;7;0;5;1;5;0;0;0;0;0;0;0;
1040;Geistermarsch;Geistermarsch;Zauber. Schattenschritt zum ausgewählten Geist.;2;-1;22;7;0;5;.25;8;0;0;0;0;0;0;0;
1041;Unsichtbare Wut;Unsichtbare Wut;Haltung. Verursacht bei umstehenden Feinden Zustand Blindheit (3..10 Sekunde[n]). Geblendete Feinde können Eure Angriffe nicht blocken (10..30 Sekunde[n]).;2;31;29;7;0;5;0;20;0;0;0;0;0;0;0;
1042;Blitzende Klingen;Blitzende Klingen;Elite-Haltung. 5..30 Sekunde[n]: 75%ige Chance beim Angreifen zu blocken. Blockwirkung: 5..20 Punkt[e] Schaden für Euren Angreifer.;2;29;29;7;0;10;0;30;0;0;1;0;0;0;0;
1043;Preschen;Preschen;Haltung. 3 Sekunde[n]: Ihr bewegt Euch um 50% schneller.;2;31;29;7;0;5;0;8;0;0;0;0;0;0;0;
1044;Dunkles Gefängnis;Dunkles Gefängnis;Verhexung. Unternehmt einen Schattenschritt zum Gegner. Der Gegner bewegt sich um 33% langsamer (1..6 Sekunde[n]).;2;30;24;7;0;10;.25;30;0;0;0;0;0;0;0;
1045;Handflächenschlag;Handflächenschlag;Elite-Berührungs-Fertigkeit. Richtet +10..65 Punkt[e] Schaden an und verursacht Zustand Verkrüppelung (1..5 Sekunde[n]). Dieser Angriff zählt als Begleithandangriff.;2;35;1;7;0;5;.75;7;0;0;1;0;0;0;0;
1048;Enthüllte Verzauberung;Enthüllte Verzauberung;Zauber. Entfernt beim Gegner eine Verzauberung. Entfernungswirkungen: Ihr erhaltet 3..15 Energiepunkt[e]. dieser Zauber wird durch die entfernte Verzauberung ersetzt (20 Sekunden).;2;3;22;5;0;10;1;0;0;0;0;0;0;0;0;
1049;Enthüllte Verhexung;Enthüllte Verhexung;Zauber. Entfernt beim Verbündeten (bzw. Euch selbst) eine Verhexung. Entfernungswirkungen: Ihr erhaltet 4..10 Energiepunkt[e]. dieser Zauber wird durch die entfernte Verhexung ersetzt (20 Sekunden).;2;3;22;5;0;5;1;0;0;0;0;0;0;0;0;
1052;Angehäufter Schmerz;Angehäufter Schmerz;Zauber. Richtet 15..75 Punkt[e] Schaden an. Verursacht Zustand Tiefe Wunde (5..20 Sekunde[n]), falls der Gegner 2 oder mehr Verhexungen hat.;2;1;22;5;0;5;2;12;0;0;0;0;0;0;0;
1053;Übernatürliche Ablenkung;Übernatürliche Ablenkung;Elite-Zauber. Unterbricht eine Fertigkeit. Unterbrechungswirkung: Deaktiviert unterbrochene Fertigkeit (+5..12 Sekunde[n]). Eure anderen Fertigkeiten werden deaktiviert (8 Sekunde[n]).;2;2;22;5;0;10;.25;2;0;0;1;0;0;0;0;
1054;Antlitz des Ahnen;Antlitz des Ahnen;Verzauberung. 4..10 Sekunde[n]: Alle umstehenden Feinde verlieren jedes Mal alles Adrenalin und 3 Energiepunkte, wenn ein Nahkampfangriff den Verbündeten (bzw. Euch selbst) trifft.;2;1;23;5;0;10;1;20;0;0;0;0;0;0;0;
1055;Wiederkehrende Unsicherheit;Wiederkehrende Unsicherheit;Elite-Verhexung. (5 Sekunde[n].) Verursacht -1..6 Lebenspunktdegeneration. Erneuerung: Falls der Gegner eine andere Verhexung hat, wenn Wiederkehrende Unsicherheit enden würde.;2;1;24;5;0;10;1;3;0;0;1;0;0;0;0;
1056;Kitahs Bürde;Kitahs Bürde;Verhexung. 6..12 Sekunden: Gegner bewegt sich um 50% langsamer. Wirkung am Ende: Ihr erhaltet 10..18 Energiepunkt[e].;2;1;24;5;0;15;1.5;30;0;0;0;0;0;0;0;
1057;Übernatürliche Labilität;Übernatürliche Labilität;Elite-Zauber. Unterbricht die Aktion des gegners. Handelt es sich bei der Aktion um eine Fertigkeit, werden der Gegner und und alle Feinde in der Nähe 2..4 Sekunden lang zu Boden geworfen. Bei Schnellwirkung von 4 oder weniger besteht eine 50%ige Wahrscheinlichkeit für einen Misserfolg.;2;0;22;5;0;5;.25;20;0;0;1;0;0;0;0;
1059;Verhexungsfresser-Siegel;Verhexungsfresser-Siegel;Berührungs-Siegel. Entfernt beim Ziel und 2..5 umstehenden Verbündeten eine Verhexung. Entfernungswirkung: Ihr erhaltet für jede entfernte Verhexung 1..4 Energiepunkt[e].;2;3;21;5;0;0;1;15;0;0;0;0;0;0;0;
1061;Reaktion;Reaktion;Zauber. Entfernt eine Verzauberung. Entfernungswirkung: Gegner verliert 4..10 Energiepunkt[e].;2;3;22;5;0;10;1;30;0;0;0;0;0;0;0;
1062;Arkane Entwendung;Arkane Entwendung;Zauber. 5..35 Sekunde[n]: Deaktiviert einen willkürlichen Zauber. Diese Fertigkeit wird zum betreffenden Zauber.;2;2;22;5;0;10;1;0;0;0;0;0;0;0;0;
1066;Sieger plündern;Sieger plündern;Elite-Verhexung. 3..15 Sekunde[n]: Lässt den Gegner jedes Mal 25..100 Lebenspunkt[e] verlieren, wenn er eine Kreatur mit weniger Lebenspunkten angreift oder einen Zauber auf eine solche Kreatur wirkt.;2;4;24;4;0;10;1;10;0;0;1;0;0;0;0;
1067;Lebensfluchstoß;Lebensfluchstoß;Zauber. Richtet 12..48 Punkt[e] Schaden an. Entzieht 12..48 Lebenspunkt[e], falls der Gegner mehr als 50% seiner maximalen Lebenspunkte hat.;2;4;22;4;0;10;2;15;0;0;0;0;0;0;0;
1068;Bitterkalt;Bitterkalt;Zauber. Richtet 15..60 Punkt[e] Kälteschaden an. Lädt sich sofort wieder auf, falls der Gegner mehr Lebenspunkte hatte als Ihr.;2;5;22;4;0;5;1;10;0;0;0;0;0;0;0;
1069;Geschmack der Schmerzen;Geschmack der Schmerzen;Zauber. Heilt Euch um 30..150 Lebenspunkt[e]. Der Gegner muss weniger als 50% seiner maximalen Lebenspunkte haben, sonst keine Wirkung.;2;5;22;4;0;5;.25;10;0;0;0;0;0;0;0;
1070;Verzauberungen schänden;Verzauberungen schänden;Zauber. Richtet beim Gegner und Feinden in der Nähe 6..60 Punkt[e] Schaden an. Richtet zusätzlich 4..20 Punkt[e] Schaden für jede auf ihnen liegende Verzauberung an.;2;7;22;4;0;10;2;15;0;0;0;0;0;0;0;
1071;Angstschauer;Angstschauer;Verhexung. 10..40 Sekunde[n]: Kälteschaden unterbricht die Fertigkeiten des Gegners. Unterbrechungskosten: Ihr verliert 8..3 Energiepunkt[e] oder diese Verhexung endet.;2;7;24;4;0;10;2;15;0;0;0;0;0;0;0;
1075;Vampirschwarm;Vampirschwarm;Zauber. Entzieht 15..60 Lebenspunkt[e]. Trifft 2 zwei weitere Gegner in dem Bereich.;2;4;22;4;0;15;2;8;0;0;0;0;0;0;0;
1076;Bluttrinker;Bluttrinker;Zauber. Entzieht 20..65 Lebenspunkt[e]. Ihr beginnt zu bluten (6 Sekunde[n]), falls Ihr mehr als 90% Eurer maximalen Lebenspunkte habt.;2;4;22;4;0;5;2;8;0;0;0;0;0;0;0;
1077;Vampirbiss;Vampirbiss;Berührungs-Fertigkeit. Entzieht 29..74 Lebenspunkt[e].;2;4;1;4;0;15;.75;2;0;0;0;0;0;0;0;
1078;Suhlerbiss;Suhlerbiss;Berührungs-Fertigkeit. Richtet 20..58 Punkt[e] Schaden an.;2;4;1;4;0;1;.75;3;0;10;0;0;0;0;0;
1079;Schwächende Berührung;Schwächende Berührung;Berührungs-Fertigkeit. Lässt 5..65 Lebenspunkt[e] verlieren. Verursacht Zustand Schwäche (5..20 Sekunde[n]).;2;7;1;4;0;5;.75;3;0;0;0;0;0;0;0;
1081;Teinais Wind;Teinais Wind;Zauber. Richtet 10..40 Punkte Kälteschaden an. Brennende Feinde erleiden +40..80 Punkte Schaden und werden unterbrochen. Trifft auch umstehende Gegner.;2;8;22;6;0;10;1;8;0;0;0;0;0;0;0;
1082;Schockpfeil;Schockpfeil;Zauber. Rasantes Geschoss: Richtet 5..50 Punkte Blitzschaden an. Ihr erhaltet 5 Energiepunkte sowie 1 Energiepunkt pro 2 Ränge in Energiespeicherung, wenn Ihr einen Feind mit Beschädigter Rüstung trefft. 25% Rüstungsdurchdringung.;2;8;22;6;0;5;1;8;0;0;0;0;0;0;0;
1083;Schwankender Boden;Schwankender Boden;Elite-Zauber. Richtet jede Sekunde 10..40 Punkt[e] Erdschaden an (5 Sekunde[n]) und wirft angreifende Gegner zu Boden. Trifft Feinde in der Nähe der ursprünglichen Position des Ziels.;2;9;22;6;0;10;2;15;0;0;1;0;0;0;0;
1084;Splitter-Rüstung;Splitter-Rüstung;Verzauberung. (5..11 Sekunde[n].) Ihr habt eine 25..50%ige Chance zu blocken. Richtet jedes Mal bei einem Gegner in der Nähe 5..35 Punkt[e] Erdschaden an, wenn Ihr Ziel eines feindlichen Zaubers oder Angriffs seid.;2;9;23;6;0;10;1;30;0;0;0;0;0;0;0;
1085;Aschenexplosion;Aschenexplosion;Verhexung. Richtet 35..65 Punkte Erdschaden an. Brennende Feinde sind für 5 Sekunden verhext und verfehlen 20..75% ihrer Angriffe. Trifft auch umstehende Gegner.;2;9;24;6;0;5;1;10;0;0;0;0;0;0;0;
1086;Drachenstampfer;Drachenstampfer;Zauber. Richtet 26..100 Punkt[e] Erdschaden an. Wirft zu Boden. Trifft auch Feinde in der Nähe des Gegners.;2;9;22;6;0;25;3;15;0;0;0;0;10;0;0;
1088;Zweite Chance;Zweite Chance;Elite-Zauber. Ihr erhaltet für jeden Punkt Überzaubern 1 Energiepunkte und 5 Punkte Gesundheit. Ihr verliert alle Verzauberungen.;2;-1;22;6;0;5;1;5;0;0;1;0;5;0;0;
1090;Glühende Kohle;Glühende Kohle;Verhexung. Fügt dem Gegner 10..70 Punkte Feuerschaden zu. Wenn Ihr Überzaubert seid, wird dieser Gegner für 3 Sekunden verhext und erleidet jede Sekunde 5..25 Feuerschaden.;2;10;24;6;0;10;1.5;7;0;0;0;0;0;0;0;
1091;Doppeldrache;Doppeldrache;Elite-Verzauberung. (8 Sekunde[n].) Verzaubert Euch und Euren Verbündeten. Umstehende Feinde erleiden pro Sekunde 10..40 Punkt[e] Feuerschaden. Fertigkeiten gegen einen Feind verursachen zusätzlich Brennen (1..4 Sekunde[n]).;2;10;23;6;0;10;1;15;0;0;1;0;0;0;0;
1093;Teinais Hitze;Teinais Hitze;Abwehrzauber. (10..15 Sekunden) Verursacht -2..5 Lebenspunktdegeneration. Angriffe geschwächter Feinde im Bereich sind um 33% verlangsamt. Für 20 Sekunden deaktiviert.;2;10;26;6;0;15;1;20;0;0;0;0;0;0;0;
1094;Feueratem;Feueratem;Zauber. Richtet jede Sekunde 10..40 Punkt[e] Feuerschaden an (5 Sekunde[n]). Trifft umstehende Feinde um anfängliche Position des Ziels.;2;10;22;6;0;5;2;10;0;0;0;0;10;0;0;
1095;Sternenexplosion;Sternenexplosion;Elite-Berührungs-Zauber. Richtet 7..112 Punkt[e] Feuerschaden an. Verursacht Zustand Brennen (1..4 Sekunde[n]). Ihr erhaltet für jeden getroffenen Feind 2 Energiepunkte. Trifft auch Feinde im Bereich.;2;10;22;6;0;5;.75;7;0;0;1;0;0;0;0;
1096;Glyphe der Essenz;Glyphe der Essenz;Glyphe. (15 Sekunde[n].) Euer nächster Zauber kann sofort gewirkt werden. Ihr verliert alle Energiepunkte.;2;-1;16;6;0;5;1;20;0;0;0;0;0;0;0;
1097;Teinais Gefängnis;Teinais Gefängnis;Verhexung. (1..8 Sekunden.) Gegner bewegt sich um 66% langsamer. Gegner mit Beschädigter Rüstung haben 5..9 Lebenspunktdegeneration.;2;11;24;6;0;10;1;15;0;0;0;0;0;0;0;
1098;Eisspiegel;Eisspiegel;Elite-Verhexung. Richtet 15..70 Punkt[e] Kälteschaden an und verlangsamt Feinde um 66% (2..6 Sekunde[n]). Trifft Feinde in Eurer Nähe und Euren Verbündeten. Lädt um 50% schneller wieder auf, falls ein getroffener Gegner mit Wassermagie verhext ist.;2;11;24;6;0;10;.75;15;0;0;1;0;0;0;0;
1099;Teinais Kristalle;Teinais Kristalle;Zauber. Fügt dem Gegner 20..40 Punkte Schaden zu. Verursacht +20..40 mehr Schaden und verursacht Beschädigte Rüstung (5..15 Sekunden) bei Feinden in der Nähe, die unter einer Wasserverhexung leiden.;2;9;22;6;0;5;1;8;0;0;0;0;0;0;0;
1113;Kirins Zorn;Kirins Zorn;Zauber. Richtet jede Sekunde 8..32 Punkt[e] heiligen Schaden an (5 Sekunden). Trifft umstehende Feinde um Eure anfängliche Position.;2;14;22;3;0;5;1;10;0;0;0;0;0;0;0;
1114;Geisterbindung;Geisterbindung;Verzauberung. 8 Sekunde[n]: Heilt jedes Mal um 30..90 Lebenspunkt[e], wenn der Verbündete (bzw. Ihr selbst) mehr als 50 Punkt[e] Schaden erleidet. Endet, nachdem der Verbündete Schaden durch 10 Angriffe oder Zauber erlitten hat.;2;15;23;3;0;10;.25;2;0;0;0;0;0;0;0;
1115;Flair der Verzauberung;Flair der Verzauberung;Elite-Verzauberung. 4..10 Sekunde[n]: Auf den Verbündeten gewirkte Verzauberungen kosten 10 Energiepunkt[e] weniger (mindestens 1 Energiepunkt[e]). Sich selbst als Ziel wählen nicht möglich.;2;15;23;3;0;5;.25;8;0;0;1;0;0;0;0;
1117;Himmlische Wonne;Himmlische Wonne;Zauber. Heilt Euch selbst und Gruppenmitglieder in Hörweite um 15..60 Punkt[e].;2;16;22;3;0;5;1;12;0;0;0;0;0;0;0;
1118;Heilsalve;Heilsalve;Elite-Zauber. Heilt um 20..120 Lebenspunkt[e]. Gruppenmitglieder in Hörweite Eures Ziels erhalten Lebenspunkte entsprechend dem Gunst-der-Götter-Bonus. Deaktiviert Eure Peinigungsgebete (20 Sekunden).;2;13;22;3;0;5;.75;6;0;0;1;0;0;0;0;
1119;Kareis Heilkreis;Kareis Heilkreis;Zauber. Heilt Euch um 30..180 Lebenspunkt[e]. Heilt auch umstehende Kreaturen.;2;13;22;3;0;10;1;5;0;0;0;0;0;0;0;
1120;Jameis Starren;Jameis Starren;Zauber. Heilt um 35..180 Lebenspunkt[e]. Sich selbst als Ziel wählen nicht möglich.;2;13;22;3;0;10;.75;3;0;0;0;0;0;0;0;
1121;Geschenk des Lebens;Geschenk des Lebens;Zauber. Heilt um 15..150 Lebenspunkt[e]. Eure anderen Heilgebete-Fertigkeiten werden deaktiviert (10..5 Sekunde[n]). Sich selbst als Ziel wählen nicht möglich.;2;13;22;3;0;5;.75;5;0;0;0;0;0;0;0;
1123;Lebensmantel;Lebensmantel;Elite-Verzauberung. (8 Sekunde[n].) Wandelt den nächsten erlittenen Schaden bzw. die nächsten entzogenen Lebenspunkte (maximal 20..100 Punkt[e]) in Heilung um. Anfangswirkung: Entfernt 0..2 Zustände.;2;15;23;3;0;5;.25;2;0;0;1;0;0;0;0;
1126;Ausdrückliche Entfernung;Ausdrückliche Entfernung;Elite-Zauber. Entfernt einen Zustand und eine Verhexung vom Verbündeten und Euch selbst und heilt um 50 Punkt[e]. Sich selbst als Ziel wählen nicht möglich.;2;-1;22;3;0;5;1;7;0;0;1;0;0;0;0;
1128;Gesang der Wiederbelebung;Gesang der Wiederbelebung;Mitteldistanz-Zauber. Das Gruppenmitglied wird wiederbelebt (Eure aktuellen Lebenspunkte, 5..35% Energiepunkte).;2;13;22;3;0;10;6;15;0;0;0;0;0;0;0;
1129;Wort des Tadels;Wort des Tadels;Elite-Zauber. Verursacht 30..130 heiligen Schaden. +20 Wiederaufladezeit, wenn der anvisierte Gegner weniger als 50 % Lebenspunkte hat.;2;14;22;3;0;10;1;2;0;0;1;0;0;0;0;
1130;Speer des Lichts;Speer des Lichts;Zauber. Geschoss: Richtet 26..56 Punkt[e] heiligen Schaden an. Richtet zusätzlich 15..60 Punkt[e] Schaden an, falls der Gegner gerade angreift.;2;14;22;3;0;5;1;15;0;0;0;0;0;0;0;
1131;Steinseelenschlag;Steinseelenschlag;Berührungs-Fertigkeit. Richtet 10..55 Punkt[e] heiligen Schaden an. Richtet zusätzlich 10..55 Punkt[e] heiligen Schaden an, falls Gegner zu Boden geworfen ist.;2;14;1;3;0;5;.75;8;0;0;0;0;0;0;0;
1133;Betrunkener Schlag;Betrunkener Schlag;Nahkampfangriff. Richtet +10..40 Punkt[e] Schaden an. Verursacht willkürlich einen der folgenden Zustände: Tiefe Wunde (20 Sekunden), Schwäche (20 Sekunden), Blutung (25 Sekunden) oder Verkrüppelung (15 Sekunden). Ihr werdet zu Boden geworfen.;2;21;3;1;0;5;0;7;0;0;0;0;0;0;0;
1134;Leviathanschlag;Leviathanschlag;Nahkampfangriff. Richtet +5..20 Punkt[e] Schaden an. Wirft zu Boden und richtet 10..34 Punkt[e] Schaden an, falls geblockt.;2;17;3;1;0;5;0;8;0;0;0;0;0;0;0;
1135;Jaizhenjuschlag;Jaizhenjuschlag;Schwertangriff. Richtet +1..30 Punkt[e] Schaden an. Kann nicht geblockt werden, es sei denn, Ihr nehmt eine Haltung ein.;2;20;10;1;0;5;0;8;0;0;0;0;0;0;0;
1136;Durchdringender Hieb;Durchdringender Hieb;Axtangriff. Richtet +10..25 Punkt[e] Schaden an. 20% Rüstungsdurchdringung.;2;18;4;1;0;0;0;0;4.8;0;0;0;0;0;0;
1137;Yetischlag;Yetischlag;Hammerangriff. Greift alle umstehenden Feinde an. Feinde, die unter einem Zustand leiden, werden zu Boden geworfen. Ihr verliert alles Adrenalin. Mindestens Hammerbeherrschung 5, sonst 50%ige Chance auf Misserfolg.;2;19;8;1;0;0;0;0;6;0;0;0;0;0;0;
1141;"Ihr werdet sterben!";"Ihr werdet sterben!";Schrei. Ihr erhaltet 1..3 Adrenalinschläge. Kein Effekt, solange der anvisierte Gegner nicht unter 90 % Lebenspunkte besitzt.;2;17;20;1;0;5;0;15;0;0;0;0;0;0;0;
1142;Günstige Abwehr;Günstige Abwehr;Elite-Haltung. (8 Sekunde[n].) Blockt einen Angriff. Wirkung am Ende: Ihr erhaltet 1..4 Adrenalinstöße.;2;21;29;1;0;0;0;2;1;0;1;0;0;0;0;
1144;Silberflügel-Hieb;Silberflügel-Hieb;Schwertangriff. Richtet +1..40 Punkt[e] Schaden an.;2;20;10;1;0;0;0;0;7;0;0;0;0;0;0;
1146;Schubs;Schubs;Elite-Berührungs-Fertigkeit. Der berührte Zielgegner erleidet 15..75 Schaden, seine Haltung endet, und er wird niedergeschlagen.;2;21;1;1;0;5;.75;10;0;0;1;0;0;0;0;
1191;Trennender Angriff;Trennender Angriff;Bogenangriff. Richtet +5..25 Punkt[e] Schaden an. 10% Rüstungsdurchdringung.;2;25;2;2;0;10;.75;4;0;0;0;0;0;0;0;
1192;Zojuns Schuss;Zojuns Schuss;Mitteldistanz-Bogenangriff. Richtet +10..40 Punkt[e] Schaden an.;2;23;2;2;0;5;0;3;0;0;0;0;0;0;0;
1194;Raubtierverbindung;Raubtierverbindung;Schrei. (5..20 Sekunde[n].) Euer Tiergefährte greift um 25% schneller an und Ihr erhaltet bei jedem erfolgreichen Angriff Eures Tiergefährten 1..31 Lebenspunkt[e].;2;22;20;2;0;10;0;30;0;0;0;0;0;0;0;
1195;Gemeinsame Heilung;Gemeinsame Heilung;Elite-Fertigkeit. (15 Sekunde[n].) Die Angriffe Eures Tiergefährten entziehen 20..104 Lebenspunkt[e]. Anfangswirkung: Heilt Euch und Euren Tiergefährten für 20..104 Lebenspunkt[e]. Falls Euer Tiergefährte tot ist, wird er wiederbelebt (50% Lebenspunkte) Wenn Ihr diese Fertigkeit benutzt, reist Euer Tiergefährte mit Euch.;2;22;1;2;0;5;1;5;0;0;1;0;0;0;0;
1196;Zojuns Eile;Zojuns Eile;Haltung. 5..11 Sekunde[n]: Ihr bewegt Euch um 33% schneller und habt eine 27..75%ige Chance, Geschosse zu blocken. Endet, sobald Ihr angreift.;2;23;29;2;0;5;0;30;0;0;0;0;0;0;0;
1197;Nadelschuss;Nadelschuss;Bogenangriff. Schneller Pfeil. Richtet 10..30 Punkt[e] Schaden an. Lädt sich sofort wieder auf, falls der Gegner weniger als 50% seiner maximalen Lebenspunkte hat. Deaktiviert Eure anderen Angriffsfertigkeiten (2 Sekunden).;2;25;2;2;0;5;.75;4;0;0;0;0;0;0;0;
1198;Stahlspitzenpfeil;Stahlspitzenpfeil;Elite-Bogenangriff. Langsamer Pfeil. Unterbricht einen Zauber. Verursacht Zustand Benommenheit (5..20 Sekunde[n]).;2;25;2;2;0;10;0;10;0;0;1;0;0;0;0;
1199;Glaspfeile;Glaspfeile;Elite-Vorbereitung. 10..35 Sekunde[n]: Eure Pfeile richten +6..20 Punkt[e] Schaden an. Verursacht Zustand Blutung (10..20 Sekunde[n]), falls geblockt.;2;23;17;2;0;5;2;12;0;0;1;0;0;0;0;
1200;Siegel des Bogenschützen;Siegel des Bogenschützen;Elite-Siegel. 1..24 Sekunde[n]. Von Euch zugefügte Zustände, während Ihr einen Bogen führt, dauern um 150% länger an.;2;23;21;2;0;0;1;12;0;0;1;0;0;0;0;
1201;Wilder Sprung;Wilder Sprung;Tiergefährtenangriff. Richtet +5..20 Punkt[e] Schaden an. Wirft zu Boden, falls der Gegner einen Zauber wirkt.;2;22;11;2;0;5;0;10;0;0;0;0;0;0;0;
1202;Erzürnter Ausfall;Erzürnter Ausfall;Elite-Tiergefährtenangriff. Verursacht Zustand Tiefe Wunde (5..20 Sekunde[n]) und fügt +10..50 Punkt[e] Schaden zu.;2;22;11;2;0;5;0;5;0;0;1;0;0;0;0;
1203;Bestienattacke;Bestienattacke;Tiergefährtenangriff. Richtet +5..20 Punkt[e] Schaden an. Verursacht Zustand Benommenheit (4..10 Sekunde[n]), falls Gegner zu Boden geworfen ist.;2;22;11;2;0;5;0;10;0;0;0;0;0;0;0;
1205;Giftbiss;Giftbiss;Tiergefährtenangriff. Verursacht Zustand Gift (5..20 Sekunde[n]).;2;22;11;2;0;5;0;7;0;0;0;0;0;0;0;
1206;Sprung;Sprung;Tiergefährtenangriff. Richtet +5..20 Punkt[e] Schaden an. Wirft zu Boden, falls der Gegner sich bewegt.;2;22;11;2;0;5;0;10;0;0;0;0;0;0;0;
1209;Bestienwut;Bestienwut;Haltung. 5..11 Sekunde[n]: Ihr greift um 25% schneller an. Eure Nicht-Angriffsfertigkeiten werden deaktiviert (5 Sekunden).;2;22;29;2;0;10;0;10;0;0;0;0;0;0;0;
1211;Vipernnest;Vipernnest;Falle. 90 Sekunde[n]: Betrifft Feinde in der Nähe. Richtet 5..35 Punkt[e] Stichschaden an. Verursacht Zustand Gift (5..20 Sekunde[n]). Leicht zu unterbrechen.;2;22;30;2;0;10;2;20;0;0;0;0;0;0;0;
1212;Tagundnachtgleiche;Tagundnachtgleiche;Elite-Naturritual. Erstellt einen Geist der Stufe 1..10 (30..240 Sekunden Lebensdauer). Überzaubern verursachende Zauber, die in seiner Reichweite gewirkt werden, verursachen zusätzlich 10 Überzaubern.;2;24;19;2;0;10;2;15;0;0;1;0;0;0;0;
1213;Ruhe;Ruhe (PvP);Naturritual. Erstellt einen Geist der Stufe 1..10 (15..120 Sekunde[n] Lebensdauer). Verzauberungen enden bei Kreaturen in Reichweite um 20..50% schneller. Keine Wirkung auf Geister.;2;24;19;2;0;15;2;60;0;0;0;0;0;0;0;
1215;Gezeter der Seelen;Gezeter der Seelen;Elite-Zauber. Richtet beim Gegner und bei Feinden in der Nähe 10..65 Blitzschaden an. Ihr erhaltet 10 Energie, wenn Ihr in Hörweite eines Geistes seid oder einen gebündelten Gegenstand haltet.;2;34;22;8;0;10;1;8;0;0;1;0;0;0;0;
1217;Herr der Rituale;Herr der Rituale;Elite-Fertigkeit. (5..35 Sekunde[n].) Ihr erhaltet +2..4 auf alle Ritualisten-Attribute für Eure nächste Fertigkeit. Wenn diese Fertigkeit ein Binderitual ist, wird sie um 10..60% schneller wieder aufgeladen und Herr der Rituale lädt sich sofort wieder auf.;2;36;1;8;0;0;0;45;0;2;1;0;0;0;0;
1218;Grausam war Daoshen;Grausam war Daoshen;Gegenstandszauber. (15..60 Sekunde[n].) Eure Ritualisten-Fertigkeiten haben eine Rüstungsdurchdringung von 10%. Fallwirkung: Richtet bei allen Feinden in der Nähe 15..85 Punkt[e] Blitzschaden an.;2;34;25;8;0;15;2;30;0;0;0;0;0;0;0;
1219;Schützend war Kaolai;Schützend war Kaolai;Gegenstandszauber. 15..60 Sekunde[n]: Ihr habt +20 Rüstung. Fallwirkung: Alle Gruppenmitglieder werden um 20..95 Lebenspunkt[e] geheilt.;2;33;25;8;0;10;1;20;0;0;0;0;0;0;0;
1220;Eingestimmt war Songkai;Eingestimmt war Songkai;Elite-Gegenstandszauber. 45 Sekunde[n]: Das Wirken Eurer Zauber und Binderituale kostet 5..50% der Basis-Energiekosten weniger.;2;36;25;8;0;10;1.5;30;0;0;1;0;0;0;0;
1221;Unverwüstlich war Xiko;Unverwüstlich war Xiko;Gegenstandszauber. 5..20 Sekunde[n]: Für jede Verhexung und jeden Zustand auf Euch habt Ihr +3 Lebenspunktregeneration. Fallwirkung: Ihr verliert 1..4 Zustände.;2;33;25;8;0;5;1;10;0;0;0;0;0;0;0;
1222;Lebhaft war Naomei;Lebhaft war Naomei;Gegenstandszauber. 45 Sekunde[n]: Fallwirkung: Gruppenmitglieder im Bereich werden wiederbelebt (15..75% Lebenspunkte, 0 Energiepunkte).;2;33;25;8;0;15;6;20;0;0;0;0;0;0;0;
1223;Gequält war Lingwah;Gequält war Lingwah;Gegenstandszauber. (10..60 Sekunde[n].) Eure Ritualisten-Verhexungen kosten 1..5 weniger Energiepunkt[e] und halten um 50% länger an. Fallwirkung: Alle Eure Ritualisten-Verhexungen werden wieder aufgeladen.;2;36;25;8;0;5;1.5;30;0;0;0;0;0;0;0;
1224;Geist entziehen;Geist entziehen;Zauber. Teleportiert den verbündeten Geist an Eure Position.;2;-1;22;8;0;5;.25;5;0;0;0;0;0;0;0;
1225;Gelenkter Schlag;Gelenkter Schlag;Zauber. Richtet 5..95 Punkt[e] Blitzschaden an. Richtet zusätzlich 5..35 Punkt[e] Blitzschaden an, falls Ihr einen Gegenstand haltet.;2;34;22;8;0;10;2;4;0;0;0;0;0;0;0;
1226;Geistersegenstoß;Geistersegenstoß;Zauber. Richtet 20..65 Punkt[e] Blitzschaden an. Von Euch kontrollierte Geister in Hörweite erhalten 20..65 Lebenspunkt[e].;2;34;22;8;0;5;1;3;0;0;0;0;0;0;0;
1227;Essenzschlag;Essenzschlag;Zauber. Richtet 15..60 Punkt[e] Blitzschaden an. Ihr erhaltet 1..9 Energiepunkt[e], falls sich Geister in Hörweite befinden.;2;34;22;8;0;5;1;8;0;0;0;0;0;0;0;
1228;Geist abzapfen;Geist abzapfen;Zauber. Der Euch am nächsten stehende Geist verliert seine gesamte Energie. Ihr erhaltet 30..60% dieser Energie.;2;34;22;8;0;5;.25;3;0;0;0;0;0;0;0;
1229;Explosives Wachstum;Explosives Wachstum;Verzauberung. 15..60 Sekunde[n]: Richtet jedes Mal, wenn Ihr eine Kreatur erstellt, bei 5 Feind[en] in deren Nähe 20..65 Punkt[e] Blitzschaden an.;2;36;23;8;0;5;2;45;0;0;0;0;0;0;0;
1230;Segen der Schöpfung;Segen der Schöpfung;Verzauberung. 15..60 Sekunde[n]: Ihr erhaltet jedes Mal 5..50 Lebenspunkt[e] und 1..6 Energiepunkt[e], wenn Ihr eine Kreatur erstellt.;2;36;23;8;0;10;2;45;0;0;0;0;0;0;0;
1231;Geisterlenkung;Geisterlenkung;Elite-Verzauberung. (12 Sekunde[n].) Ihr habt +1..6 Energieregeneration. Anfangswirkung: Ihr erhaltet 3..12 Energiepunkt[e], wenn Ihr Euch in Hörweite eines Geistes befindet.;2;36;23;8;0;5;1;30;0;0;1;0;0;0;0;
1232;Rüstung der Gefühllosigkeit;Rüstung der Gefühllosigkeit;Fertigkeit. (10..35 Sekunde[n].) Eure Geister in Hörweite erleiden 50% weniger Schaden und sind gegen kritische Treffer gefeit.;2;32;1;8;0;5;1;20;0;0;0;0;0;0;0;
1233;Beruhigende Erinnerungen;Beruhigende Erinnerungen;Zauber. Heilt um 10..100 Lebenspunkt[e]. Ihr erhaltet 3 Energiepunkt[e], falls Ihr einen Gegenstand haltet.;2;33;22;8;0;5;.75;4;0;0;0;0;0;0;0;
1234;Körper und Seele heilen;Körper und Seele heilen;Zauber. Heilt um 20..115 Lebenspunkt[e]. Entfernt für jeden Geist in Hörweite einen Zustand.;2;33;22;8;0;5;.75;3;0;0;0;0;0;0;0;
1235;Stumpfe Waffe;Stumpfe Waffe;Verhexung. Verhext den Gegner sowie umstehende Feinde (5..20 Sekunde[n]). Entfernt die Fähigkeit, kritische Treffer zu landen. Reduziert den Schaden um 3..20 Punkt[e].;2;32;24;8;0;15;1;20;0;0;0;0;0;0;0;
1236;Fesselnde Ketten;Fesselnde Ketten;Verhexung. Verhext außerdem den Gegner umstehende Feinde (3 Sekunde[n]). Diese Gegner bewegen sich um 90% langsamer und erleiden jede Sekunde 1..30 Punkt[e] Schaden, solange sie in Bewegung sind.;2;32;24;8;0;10;1;15;0;0;0;0;0;0;0;
1237;Schmerzhafte Bindung;Schmerzhafte Bindung;Verhexung. Verhext den Gegner und Feinde in der Nähe (10..20 Sekunde[n]). Geister richten bei den Betroffenen +8..20 Punkt[e] Schaden an.;2;34;24;8;0;15;1;12;0;0;0;0;0;0;0;
1238;Siegel der Schöpfung;Siegel der Schöpfung;Siegel. Ihr erhaltet 4 Energiepunkt[e] für jede von Euch kontrollierte herbeigerufene Kreatur in Hörweite (maximal 3..12 Energiepunkte).;2;36;21;8;0;0;1;20;0;0;0;0;0;0;0;
1239;Siegel der Geister;Siegel der Geister;Elite-Siegel. Erstellt 3 Geister der Stufe 1..12 (60 Sekunde[n] Lebensdauer). Diese Geister fügen mit Angriffen 5..20 Punkt[e] Schaden zu.;2;34;21;8;0;0;1;30;0;0;1;0;0;0;0;
1240;Seelenverflechtung;Seelenverflechtung;Elite-Fertigkeit. (5..45 Sekunde[n].) Eure Binderituale 15 kosten weniger Energiepunkte (mindestens 5) und laden sich sofort wieder auf. Endet nach 1..3 Binderitual[en].;2;36;1;8;0;5;0;15;0;0;1;0;0;0;0;
1244;Geisterhafte Eile;Geisterhafte Eile;Verzauberung. 5..30 Sekunde[n]: Von Euch gewirkte Zauber laden sich um 25% schneller wieder auf. Ihr müsst Euch in Hörweite eines Geistes befinden, sonst keine Wirkung.;2;36;23;8;0;10;1;20;0;0;0;0;0;0;0;
1245;Blick aus dem Jenseits;Blick aus dem Jenseits;Zauber. Richtet 20..65 Punkt[e] Blitzschaden an. Verursacht den Zustand Blindheit (2..6 Sekunde[n]), falls Ihr Euch in Hörweite eines Geistes befindet.;2;34;22;8;0;5;1;10;0;0;0;0;0;0;0;
1246;Wut der Vorfahren;Wut der Vorfahren;Fertigkeit. 1 Sekunde[n]: Wirkung am Ende: Richtet bei umstehenden Feinden um den Verbündeten (bzw. Euch selbst) 5..110 Punkt[e] Blitzschaden an.;2;34;1;8;0;5;.25;10;0;0;0;0;0;0;0;
1247;Schmerzen;Schmerzen;Binderitual. Erstellt einen Geist der Stufe 1..12 (30..150 Sekunde[n] Lebensdauer). Seine Angriffe richten 5..30 Punkt[e] Schaden an.;2;32;18;8;0;5;.75;30;0;0;0;0;0;0;0;
1249;Verschiebung;Verschiebung;Binderitual. Erstellt einen Geist der Stufe 1..14 (30..60 Sekunde[n] Lebensdauer). Verbündete in Reichweite, die keine Geister sind, haben eine 75%ige Chance zu blocken. Blockwirkung: Der Geist erleidet 60 Punkt[e] Schaden.;2;32;18;8;0;15;.75;45;0;0;0;0;0;0;0;
1250;Erhaltung;Erhaltung;Elite-Binderitual. Erstellt einen Geist der Stufe 1..14 (90 Sekunde[n] Lebensdauer). Alle 4 Sekunden heilt der Geist einen Verbündeten, der kein Geist ist, um 10..115 Lebenspunkt[e].;2;33;18;8;0;5;.75;20;0;0;1;0;0;0;0;
1251;Leben;Leben;Binderitual. Erstellt einen Geist der Stufe 1..14 (20 Sekunde[n] Lebensdauer). Betrifft Verbündete in Reichweite, die keine Geister sind. Wirkung am Ende: Heilt pro Sekunde, die der Geist am Leben war, um 1..7 Lebenspunkt[e].;2;33;18;8;0;10;.75;20;0;0;0;0;0;0;0;
1252;Erdbindung;Erdbindung;Binderitual. Erstellt einen Geist der Stufe 1..14 (15..45 Sekunde[n] Lebensdauer). Feinde in Reichweite, die keine Geister sind und zu Boden geworfen werden, bleiben mindestens 3 Sekunden lang am Boden. Bodenwurfkosten: Der Geist verliert 50..25 Lebenspunkt[e].;2;32;18;8;0;15;1;30;0;0;0;0;0;0;0;
1253;Blutgesang;Blutgesang;Binderitual. Erstellt einen Geist der Stufe 1..12 (30..150 Sekunde[n] Lebensdauer). Seine Angriffe entziehen 5..25 Lebenspunkt[e].;2;34;18;8;0;5;.75;30;0;0;0;0;0;0;0;
1255;Fernweh;Fernweh;Elite-Binderitual. Erstellt einen Geist der Stufe 1..12 (30..60 Sekunde[n] Lebensdauer). Seine Angriffe werfen Feinde, die sich nicht bewegen, zu Boden. Bodenwurfkosten: Der Geist verliert 70..50 Lebenspunkt[e].;2;32;18;8;0;10;1;45;0;0;1;0;0;0;0;
1257;Geisterlichtwaffe;Geisterlichtwaffe;Elite-Waffenzauber. (10 Sekunde[n].) Der Verbündete erhält 5..25 Lebenspunkt[e] pro Sekunde. 5..25 weitere Lebenspunkte in Hörweite eines Geistes.;2;33;27;8;0;5;1;5;0;0;1;0;0;0;0;
1258;Grausame Waffe;Grausame Waffe;Waffenzauber. 10..40 Sekunde[n]: Angriffe richten +5..15 Punkt[e] Schaden an. Keine Wirkung, während der Verbündete (bzw. Ihr selbst) verzaubert ist.;2;32;27;8;0;10;1;15;0;0;0;0;0;0;0;
1259;Gelenkte Waffe;Gelenkte Waffe;Waffenzauber. 4..10 Sekunde[n]: Angriffe können nicht geblockt werden.;2;32;27;8;0;5;2;5;0;0;0;0;0;0;0;
1260;Sanftmut;Sanftmut;Verhexung. Verhext Feinde im Bereich des Gegners (5..30 Sekunde[n]). Die Betroffenen greifen um 50% langsamer an.;3;7;24;4;0;15;1;20;0;17;0;0;0;0;0;
1261;Kalte Rüstung;Kalte Rüstung;Verzauberung. (10..25 Sekunde[n].) Ihr habt +10..40 Rüstung gegen physischen Schaden und seid immun gegen Brennen.;3;11;23;6;0;5;1;20;0;0;0;0;0;0;0;
1262;Heilring;Heilring;Zauber. Heilt umstehende Verbündete und Feinde um 30..180 Lebenspunkt[e]. Der Wirker wird nicht geheilt.;3;13;22;3;0;5;1;10;0;0;0;0;0;0;0;
1263;Leben verlängern;Leben verlängern;Berührungs-Zauber. Das Gruppenmitglied wird wiederbelebt (50% Lebenspunkte, 5..20% Energiepunkte). Heilt Verbündete in Hörweite um 55..130 Lebenspunkt[e].;3;13;22;3;0;15;4;5;0;0;0;0;0;0;0;
1264;Untergang;Untergang;Zauber. Richtet für jedes Eurer sich aufladenden Binderituale 10..60 Punkt[e] Blitzschaden an (maximal 135).;2;36;22;8;0;10;1;8;0;0;0;0;0;0;0;
1265;Segen des Ausübers;Segen des Ausübers;Zauber. Heilt um 15..60 Lebenspunkt[e]. Heilt um weitere 15..75 Lebenspunkt[e], falls der Verbündete (bzw. Ihr selbst) unter dem Einfluss eines Waffenzaubers steht.;2;33;22;8;0;5;.25;4;0;0;0;0;0;0;0;
1266;Beruhigung;Beruhigung;Binderitual. Erstellt einen Geist der Stufe 1..12 (15..45 Sekunde[n] Lebensdauer). Das Aufladen von Adrenalin dauert bei Feinden in Reichweite doppelt so lange.;2;32;18;8;0;15;1;45;0;0;0;0;0;0;0;
1267;Wesentliche Waffe;Wesentliche Waffe;Waffenzauber. 5..30 Sekunde[n]: +40..175 maximale Lebenspunkte.;2;32;27;8;0;5;1;2;0;0;0;0;0;0;0;
1268;Waffe der Beschleunigung;Waffe der Beschleunigung;Elite-Waffenzauber. 5..25 Sekunde[n]: Zauber und Binderituale laden sich um 33% schneller wieder auf.;2;32;27;8;0;5;1;5;0;0;1;0;0;0;0;
1269;Siegel der Wut;Siegel der Wut;Siegel. Richtet 5..50 Punkt[e] heiligen Schaden an. Richtet für jede Adrenalinfertigkeit des Gegners zusätzlich 5..10 Punkt[e] heiligen Schaden an.;2;14;21;3;0;0;1;20;0;0;0;0;0;0;0;
1333;Zustände ausweiten;Zustände ausweiten;Elite-Zauber. Verteilt alle Zustände vom Gegner auf alle Feinde in der Nähe Eures Gegners. Die Dauer dieser Zustände ist um 5..100% verlängert (maximal 30 Sekunden).;3;3;22;5;0;5;.25;5;0;0;1;0;0;0;0;
1334;Hypochondrie;Hypochondrie;Zauber. Alle Zustände von Gegnern im Bereich werden auf den Zielgegner übertragen.;3;-1;22;5;0;5;.25;7;0;0;0;0;0;0;0;
1335;Ableben des Verschwenders;Ableben des Verschwenders;Verhexung. (5 Sekunde[n].) Jede Sekunde unter dieser Verhexung erleiden der Gegner und alle umstehende Feinde 1..10 Punkt[e] Schaden. Für jede Sekunde der Wirkungszeit dieser Verhexung nehmen Gegner weitere 1..10 Punkte Schaden. Endet vorzeitig, wenn der Gegner eine Fertigkeit einsetzt.;3;2;24;5;0;5;.25;4;0;0;0;0;0;0;0;
1336;Geisterschmerz;Geisterschmerz;Zauber. Richtet 15..75 Punkt[e] Schaden an. Richtet bei allen gegnerischen herbeigerufenen Kreaturen im Bereich des Gegners 25..125 Punkt[e] Schaden an.;3;2;22;5;0;5;1;7;0;0;0;0;0;0;0;
1337;Täuschungen entziehen;Täuschungen entziehen;Zauber. Entfernt beim Gegner eine Mesmer-Verhexung. Lässt 1..5 Energiepunkt[e] verlieren. Ihr erhaltet für jeden verlorenen Energiepunkt 4 Energiepunkt[e]. Keine Wirkung, falls keine Verhexung entfernt wird.;3;3;22;5;0;5;.25;12;0;0;0;0;0;0;0;
1338;Beharrliche Erinnerungen;Beharrliche Erinnerungen;Verzauberung. 5..20 Sekunde[n]: Eure unterbrochenen Zauber laden sich sofort wieder auf.;3;0;23;5;0;5;1;20;0;0;0;0;0;0;0;
1339;Symbole der Inspiration;Symbole der Inspiration;Elite-Fertigkeit. (6..40 Sekunden.) Diese Fertigkeit wird zur Elite-Fertigkeit eines Zielgegners. Elite-Fertigkeiten, die Ihr wirkt, verwenden Euer Wirken-Attribut anstelle ihrer eigentlichen Attribute.;3;0;1;5;0;5;1;10;0;0;1;0;0;0;0;
1340;Symbolische Schnelligkeit;Symbolische Schnelligkeit;Verzauberung. (36..60 Sekunde[n].) Eure Siegel verwenden das Attribut "Schnellwirkung".;3;0;23;5;0;15;1;30;0;0;0;0;0;0;0;
1341;Frustration;Frustration;Verhexung. (5..20 Sekunde[n].) Verlangsamt die Wirkungszeit von Zaubern um 50%. Der Gegner erleidet 5..50 Punkt[e] Schaden, wenn er unterbrochen wird. Richtet doppelten Schaden bei unterbrochenen Fertigkeiten an.;3;1;24;5;0;10;1;7;0;0;0;0;0;0;0;
1342;Reizen;Reizen;Elite-Zauber. Unterbricht eine Fertigkeit. Unterbrechungswirkung: Unterbricht außerdem andere Gegner im Bereich und Ihr entzieht allen Gegnern im Bereich 0..5 Energiepunkte.;3;3;22;5;0;5;.25;15;0;0;1;0;0;0;0;
1343;Äther-Phantom;Äther-Phantom;Verhexung. 10 Sekunden: Verursacht -1 Energiedegeneration. Lässt 1..5 Energiepunkt[e] verlieren, falls diese Verhexung vorzeitig endet.;3;3;24;5;0;5;1;10;0;0;0;0;0;0;0;
1344;Netz der Störung;Netz der Störung;Verhexung. 10 Sekunde[n]: Anfangswirkung: Unterbricht eine Fertigkeit. Wirkung am Ende: Unterbricht eine Fertigkeit.;3;-1;24;5;0;5;.25;15;0;0;0;0;0;0;0;
1345;Rätsel des Verzauberers;Rätsel des Verzauberers;Elite-Verhexung. Verursacht um 100..200 % langsameres Wirken von Zaubern (10 Sekunden). Anfangseffekt: Ist der anvisierte Gegner nicht verzaubert, so nimmt er 10..100 Schaden, und benachbarte Gegner erleiden 75 % dieses Schadens.;3;2;24;5;0;10;2;10;0;0;1;0;0;0;0;
1346;Siegel der Illusionen;Siegel der Illusionen;Elite-Siegel. Eure nächsten 1..3 Nicht-Illusionszauber verwenden Euer Illusions-Attribut anstelle seiner normalen Attribute.;3;1;21;5;0;0;2;5;0;0;1;0;0;0;0;
1347;Verzauberung entlassen;Verzauberung entlassen;Zauber. Entfernt eine Verzauberung vom Gegner. Um 20..50% schnellere Aufladung, falls der Gegner verhext ist.;3;3;22;5;0;10;1;15;0;0;0;0;0;0;0;
1348;Verhexungsfresser-Strudel;Verhexungsfresser-Strudel;Elite-Zauber. Entfernt eine Verhexung vom anvisierten Verbündeten. Entfernen-Effekt: Verursacht 30..90 Schaden und entfernt eine Verzauberung von Gegnern im Umkreis dieses Verbündeten.;3;2;22;5;0;5;.25;15;0;0;1;0;0;0;0;
1349;Spiegel der Entzauberung;Spiegel der Entzauberung;Zauber. Entfernt eine Verzauberung vom Gegner. Gruppenmitglieder des Gegners verlieren diese Verzauberung ebenfalls.;3;-1;22;5;0;5;1;15;0;0;0;0;0;0;0;
1350;Simpler Diebstahl;Simpler Diebstahl;Elite-Zauber. Unterbricht eine Aktion. Unterbrechungswirkung: Falls eine Fertigkeit unterbrochen wurde, wird diese deaktiviert und Simpler Diebstahl wird zu dieser Fertigkeit (5..20 Sekunde[n]).;3;2;22;5;0;10;.25;10;0;0;1;0;0;0;0;
1351;Schlurfschreck beleben;Schlurfschreck beleben;Zauber. Erstellt einen Schlurfschreck der Stufe 1..17. Wenn der Schlurfschreck stirbt, wird er durch einen Splitterschreck der Stufe 0..15 ersetzt, der bei jedem seiner Angriffe eine Blutung hervorruft. Benutzt frischen Kadaver.;3;5;22;4;0;10;1;25;0;0;0;0;0;0;0;
1352;Orden der Untoten;Orden der Untoten;Elite-Zauber. 5 Sekunde[n]: Eure Diener richten +3..16 Schaden an. Diener-Trefferwirkung: Ihr verliert 2% Eurer maximalen Lebenspunkte.;3;5;22;4;0;10;1;5;0;0;1;0;0;0;0;
1353;Verwesendes Fleisch;Verwesendes Fleisch;Zauber. Vernichtet einen Eurer untoten Diener. Verursacht bei Feinden in der Nähe des Dieners Zustand Krankheit (5..15 Sekunde[n]).;3;5;22;4;0;10;.25;0;0;0;0;0;0;0;0;
1354;Fest für die Toten;Fest für die Toten;Zauber. Vernichtet einen Eurer untoten Diener. Heilt Eure Diener um 10..100 Lebenspunkt[e].;3;5;22;4;0;5;.25;10;0;0;0;0;0;0;0;
1355;Versplitterte Knochen;Versplitterte Knochen;Elite-Verzauberung. 60 Sekunde[n]: Wenn der untote Diener stirbt, wird er durch einen Splitterschreck der Stufe 0..15 ersetzt, der bei jedem seiner Angriffe eine Blutung hervorruft.;3;5;23;4;0;5;1;10;0;0;1;0;0;0;0;
1356;Erkrankung;Erkrankung;Elite-Verzauberung. 60 Sekunde[n]: Immer wenn Ihr einen Zustand erhaltet, erhalten ihn auch alle Feinde in dem Bereich. Ihr opfert jedes Mal 10..5% Eurer maximalen Lebenspunkte, wenn dies geschieht.;3;5;23;4;0;5;1;10;0;0;1;0;0;0;0;
1358;Geschwürige Lungen;Geschwürige Lungen;Verhexung. Verhext den Gegner und Feinde in der Nähe (10..30 Sekunde[n]). Verursacht bei allen Betroffenen, die bluten, -4 Lebenspunktdegeneration. Verursacht jedes mal eine Blutung (5..20 Sekunde[n]), wenn einer der Betroffenen einen Schrei oder Anfeuerungsruf benutzt.;3;7;24;4;0;10;1;10;0;0;0;0;0;0;0;
1359;Schmerz der Entzauberung;Schmerz der Entzauberung;Elite-Zauber. Der Gegner verliert 1..3 Verzauberung[en]. Entfernungswirkung: Der Gegner und alle umstehenden Feinde verlieren 10..100 Lebenspunkt[e].;3;7;22;4;0;10;1;15;0;0;1;0;0;0;0;
1360;Zeichen der Wut;Zeichen der Wut;Verhexung. (5 Sekunde[n].) Verbündete, die den Gegner treffen, erhalten 0..2 Adrenalinstöße. Wirkung am Ende: Verursacht Beschädigte Rüstung (1..15 Sekunde[n]).;3;4;24;4;0;5;.75;10;0;0;0;0;0;0;0;
1362;Verzauberung verderben;Verzauberung verderben;Elite-Verhexung. Entfernt eine Verzauberung vom Gegner. Entfernungswirkung: -1..8 Lebenspunktdegeneration (10 Sekunden).;3;7;24;4;0;5;.75;5;0;0;1;0;0;0;0;
1363;Siegel des Kummers;Siegel des Kummers;Siegel. Richtet 15..75 Punkt[e] Schaden an. Lädt sich sofort wieder auf, falls der Gegner in der Nähe eines Kadavers ist oder einen toten Tiergefährten hat.;3;6;21;4;0;0;1;30;0;0;0;0;0;0;0;
1364;Siegel des Leidens;Siegel des Leidens;Elite-Siegel. Ihr leidet 6 Sekunde[n] lang unter einer Blutung. Das Ziel Eurer nächsten Nekromanten-Fertigkeit erleidet eine Blutung (2..16 Sekunde[n]).;3;4;21;4;0;0;0;4;0;0;1;0;0;0;0;
1365;Siegel der verlorenen Seelen;Siegel der verlorenen Seelen;Siegel. Ihr erhaltet 10..100 Lebenspunkt[e] und 1..10 Energiepunkt[e], falls der Gegner weniger als 50% seiner maximalen Lebenspunkte hat.;3;6;21;4;0;0;.25;8;0;0;0;0;0;0;0;
1366;Brunnen der Dunkelheit;Brunnen der Dunkelheit;Brunnenzauber. (5..50 Sekunden). Verhexte Gegner in diesem Brunnen haben eine Chance von 50 % auf einen Fehlschlag. Verwertet eine frische Leiche oder opfert 66 % Lebenspunkte.;3;7;28;4;0;10;1;20;0;0;0;0;0;0;0;
1367;Blendende Welle;Blendende Welle;Elite-Zauber. Richtet 5..50 Punkt[e] Blitzschaden an. Verursacht Blindheit beim Gegner und allen umstehenden Feinden (3..8 Sekunde[n]). 25% Rüstungsdurchdringung. Falls der Gegner gerade angreift, werden auch umstehende Feinde getroffen und dieser Zauber richtet 50% mehr Schaden an.;3;8;22;6;0;10;.75;6;0;0;1;0;0;0;0;
1368;Kühle Winde;Kühle Winde;Verhexung. (10 Sekunden.) Die nächste Wasser-Verhexung auf dem Gegner hält um 25..100% länger an. Anfangswirkung: Richtet 30..60 Punkte Kälteschaden an. Trifft auch umstehende Gegner.;3;8;24;6;0;5;1;8;0;0;0;0;0;0;0;
1369;Blitzstrahl;Blitzstrahl;Zauber. Geschoss: Richtet 5..50 Punkt[e] Blitzschaden an. Richtet zusätzlich 5..50 Punkt[e] Blitzschaden an, falls der Gegner sich bewegt. 25% Rüstungsdurchdringung.;3;8;22;6;0;5;1;8;0;0;0;0;0;0;0;
1370;Eile des Sturm-Dschinn;Eile des Sturm-Dschinn;Verzauberung. (10..25 Sekunde[n].) Ihr bewegt Euch um 25% schneller. Ihr verliert pro Sekunde, die Ihr Euch bewegt, 1 Energiepunkt[e].;3;8;23;6;0;5;.25;10;0;0;0;0;0;0;0;
1371;Steinschläger;Steinschläger;Verzauberung. (5..30 Sekunde[n].) Wandelt von Euch erlittenen oder angerichteten physischen und Elementarschaden in Erdschaden um.;3;9;23;6;0;5;.25;20;0;0;0;0;0;0;0;
1372;Sandsturm;Sandsturm;Elite-Zauber. Richtet jede Sekunde 20..40 Punkt[e] Erdschaden an (10 Sekunde[n]). Trifft Feinde in der Nähe der anfänglichen Position des Gegners. Richtet bei angreifenden Feinden zusätzlich 10..30 Punkt[e] Erdschaden pro Sekunde an.;3;9;22;6;0;15;2;20;0;0;1;0;0;0;0;
1373;Steinmantel;Steinmantel;Elite-Verzauberung. (5..20 Sekunde[n].) Ihr und ein Verbündeter habt +1..30 Rüstung und seid gegen kritische Treffer immun. Anfangswirkung: Feinde in Eurer Nähe und in der Nähe Eures Ziels erleiden 15..70 Punkt[e] Erdschaden und leiden unter Schwäche (5..20 Sekunde[n]).;3;9;23;6;0;10;1;15;0;0;1;0;0;0;0;
1374;Ebonfalke;Ebonfalke;Zauber. Geschoss: Richtet 10..85 Punkt[e] Erdschaden an und verursacht Zustand Schwäche (5..15 Sekunde[n]).;3;9;22;6;0;10;1;5;0;0;0;0;0;0;0;
1375;Steinfleisch-Aura;Steinfleisch-Aura;Verzauberung. (5..15 Sekunde[n].) Reduziert von Euch erlittenen Schaden um 1..31 Punkt[e] und Ihr seid gegen kritische Treffer immun.;3;9;23;6;0;10;2;15;0;0;0;0;0;0;0;
1376;Glyphe der Wiederherstellung;Glyphe der Wiederherstellung;Glyphe. (15 Sekunden.) Eure nächsten 2 Zauber heilen Euch um 30..105 Lebenspunkt[e]. Zusätzlich werdet Ihr um 150..400% der Energiekosten dieser Zauber geheilt.;3;12;16;6;0;5;1;8;0;0;0;0;0;0;0;
1377;Ätherprisma;Ätherprisma;Elite-Fertigkeit. (3 Sekunde[n].) Sämtlicher Schaden, den Ihr erleidet, wird um 75% reduziert. Wirkung am Ende: Erhaltet 5..20 Energiepunkt[e].;3;12;1;6;0;5;0;20;0;0;1;0;0;0;0;
1378;Meister der Magie;Meister der Magie;Elite-Verzauberung. (1..61 Sekunden.) Eure Elementarattribute werden auf 8..14 gesetzt, Elementarzauber geben 1 Energie plus 30 % ihrer Kosten zurück.;3;12;23;6;0;5;1;10;0;0;1;0;0;0;0;
1379;Glühender Blick;Glühender Blick;Zauber. Richtet 5..50 Punkt[e] Feuerschaden an. Ihr erhaltet 5 Energiepunkt[e] sowie 1 Energiepunkt pro 2 Ränge in Energiespeicherung, wenn der Gegner brennt.;3;10;22;6;0;5;1;8;0;0;0;0;0;0;0;
1380;Hitze der Savanne;Hitze der Savanne;Elite-Zauber. Richtet pro Sekunde ab dem Wirken des Spruchs (5 Sekunde[n]) 5..20 Punkt[e] Feuerschaden an. Trifft Feinde in der Nähe der ursprünglichen Position des Ziels.;3;10;22;6;0;5;2;25;0;0;1;0;0;0;0;
1381;Eile des Flammen-Dschinn;Eile des Flammen-Dschinn;Verzauberung. (8..14 Sekunde[n].) Ihr bewegt Euch um 25% schneller. Anfangswirkung: Richtet bei umstehenden Feinden 15..120 Punkt[e] Feuerschaden an. Falls Ihr einen Feind mit diesem Zauber schädigt, wird er um 50% schneller wieder aufgeladen.;3;10;23;6;0;10;.75;20;0;0;0;0;0;0;0;
1382;Gefrierende Böe;Gefrierende Böe;Verhexung. Richtet 20..80 Punkt[e] Kälteschaden an, falls der Gegner mit Wassermagie verhext ist. Ansonsten bewegt er sich um 66% langsamer (1..5 Sekunde[n]).;3;11;24;6;0;10;1;8;0;0;0;0;0;0;0;
1390;Intervention des Richters;Intervention des Richters;Verzauberung. 10 Sekunden: Hebt den nächsten Schaden auf, der zum Tod führen würde. Aufhebungswirkung: Richtet bei einem Feind in der Nähe des Verbündeten (bzw. Euch selbst) 30..180 Punkt[e] heiligen Schaden an.;3;14;23;3;0;5;.25;8;0;0;0;0;0;0;0;
1391;Unterstützender Geist;Unterstützender Geist;Verzauberung. 5..23 Sekunde[n]: Heilt jedes Mal um 5..50 Lebenspunkt[e], wenn der Verbündete (bzw. Ihr selbst) Schaden erleidet, während er zu Boden geworfen ist.;3;13;23;3;0;10;.75;8;0;0;0;0;0;0;0;
1392;Wachsame Heilung;Wachsame Heilung;Verzauberung. 10 Sekunden: Der Verbündete (bzw. Ihr selbst) hat +1..4 Lebenspunktregeneration und erhält 30..120 Lebenspunkt[e], falls diese Verzauberung vorzeitig endet.;3;16;23;3;0;5;1;10;0;0;0;0;0;0;0;
1393;Segen des Heilers;Segen des Heilers;Elite-Verzauberung. 10..55 Sekunde[n]: Ihr könnt Eure Heilgebet-Zauber um 50% schneller wirken. Erhöht ihre Heilwirkung um 50%.;3;16;23;3;0;5;.25;10;0;0;1;0;0;0;0;
1394;Verpflichtung des Heilers;Verpflichtung des Heilers;Elite-Verzauberung. Eure Heilgebet-Zauber kosten 1..4 Energiepunkt[e] weniger. Verringert ihre Heilwirkung um 20%.;3;13;23;3;-1;5;.25;5;0;0;1;0;0;0;0;
1395;Balthasars Pendel;Balthasars Pendel;Elite-Verzauberung. 5..25 Sekunde[n]: Wirft den nächsten Feind zu Boden, der versucht, den Verbündeten (bzw. Euch selbst) zu Boden zu werfen.;3;14;23;3;0;5;.25;5;0;0;1;0;0;0;0;
1396;Tröstende Worte;Tröstende Worte;Zauber. Heilt um 20..65 Lebenspunkt[e]. Heilt um weitere 20..50 Lebenspunkt[e], falls der Verbündete (bzw. Ihr selbst) einen Zustand hat.;3;13;22;3;0;5;1;4;0;0;0;0;0;0;0;
1397;Licht der Erlösung;Licht der Erlösung;Elite-Zauber. Heilt die gesamte Gruppe um 5..70 Lebenspunkt[e].;3;13;22;3;0;5;1;6;0;0;1;0;0;0;0;
1398;Geißelverzauberung;Geißelverzauberung;Verhexung. 30 Sekunde[n]: Richtet bei jedem, der eine Verzauberung auf den Gegner wirkt, 15..75 Punkt[e] Schaden an.;3;14;24;3;0;10;1.5;5;0;0;0;0;0;0;0;
1399;Schild der Absorption;Schild der Absorption;Verzauberung. 3..7 Sekunde[n]: Reduziert erlittenen Schaden jedes Mal um 5 Punkt[e], wenn der Verbündete (bzw. Ihr selbst) Schaden erleidet.;3;15;23;3;0;5;1;10;0;0;0;0;0;0;0;
1400;Umkehrung des Schadens;Umkehrung des Schadens;Verzauberung. 8 Sekunden: Hebt den nächsten Schaden auf und trifft den Verursacher für dieselbe Punktzahl (maximal 5..75).;3;14;23;3;0;5;.25;3;0;0;0;0;0;0;0;
1401;Genesungsberührung;Genesungsberührung;Berührungs-Zauber. Entfernt zwei Zustände. Heilt für jeden entfernten Zustand um 15..60 Lebenspunkt[e].;3;15;22;3;0;5;.75;6;0;0;0;0;0;0;0;
1402;Kritischer Hieb;Kritischer Hieb;Axtangriff. Richtet +5..20 Punkt[e] Schaden an. Unterbricht eine Aktion, falls Ihr einen kritischen Treffer landet.;3;18;4;1;0;5;1;15;0;0;0;0;0;0;0;
1403;Qualvoller Hieb;Qualvoller Hieb;Axtangriff. Richtet +5..20 Punkt[e] Schaden an. Unterbricht eine Aktion, falls Gegner eine Tiefe Wunde hat.;3;18;4;1;0;0;1;0;6;0;0;0;0;0;0;
1404;Dreschen;Dreschen;Haltung. 1..15 Sekunde[n]: Ihr greift um 33% schneller an. Ihr bewegt Euch um 33% langsamer.;3;17;29;1;0;0;0;0;4;0;0;0;0;0;0;
1405;Angreifender Schlag;Angreifender Schlag;Elite-Haltung. 1..10 Sekunde[n]: Ihr bewegt Euch um 33% schneller und richtet mit Eurem nächsten Nahkampftreffer +10..90 Punkt[e] Schaden an. Endet, wenn Ihr trefft oder eine Fertigkeit benutzt.;3;17;29;1;0;5;0;5;0;0;1;0;0;0;0;
1406;Kopfstoß;Kopfstoß;Elite-Berührungs-Fertigkeit. Richtet 40..100 Punkt[e] Schaden an. Ihr seid benommen (10 Sekunde[n]).;3;17;1;1;0;10;.75;10;0;0;1;0;0;0;0;
1407;Trost des Löwen;Trost des Löwen;Fertigkeit. Ihr werdet um 50..110 Lebenspunkt[e] geheilt und erhaltet 0..3 Adrenalinstöße. Deaktiviert Eure Siegel (12 Sekunden).;3;17;1;1;0;0;1;1;3.2;0;0;0;0;0;0;
1408;Wut des Ntouka;Wut des Ntouka;Elite-Fertigkeit. Ihr erhaltet 1..7 Adrenalinstöße. Adrenalinfertigkeiten laden sich nach Benutzung innerhalb von 3 Sekunde[n] wieder auf (8 Sekunde[n]).;3;17;1;1;0;5;0;15;0;0;1;0;0;0;0;
1409;Mokele-Schlag;Mokele-Schlag;Hammerangriff. Richtet +5..20 Punkt[e] Schaden an und Ihr erhaltet 2 Adrenalinstöße.;3;19;8;1;0;5;0;12;0;0;0;0;0;0;0;
1410;Anmaßender Schlag;Anmaßender Schlag;Hammerangriff. Fügt +1..20 Punkt[e] Schaden zu. Wenn der Gegner zu Boden geworfen wird, leidet er 1..8 Sekunde[n] lang an Benommenheit.;3;19;8;1;0;5;0;20;0;0;0;0;0;0;0;
1411;Siegel der Ausdauer;Siegel der Ausdauer;Siegel. Ihr habt +50..300 maximale Lebenspunkte. Endet, wenn Ihr mit einem Angriff trefft.;3;17;21;1;0;0;.25;20;0;0;0;0;0;0;0;
1412;"Ihr seid ganz allein!";"Ihr seid ganz allein!";Elite-Schrei. Verursacht Zustände Verkrüppelung und Schwäche (8 Sekunde[n]). Keine Wirkung, falls der Gegner in der Nähe eines seiner Verbündeten ist.;3;-1;20;1;0;5;0;10;0;0;1;0;0;0;0;
1413;Aggressiver Ausbruch;Aggressiver Ausbruch;Haltung. 2..10 Sekunde[n]: Ihr greift um 33% schneller an. Wirkung am Ende: Ihr verliert alles Adrenalin.;3;17;29;1;0;5;0;12;0;0;0;0;0;0;0;
1414;Wütender Angriff;Wütender Angriff;Haltung. (5..15 Sekunde[n].) Ihr bewegt Euch um 25% schneller. Erhaltet bei Eurem nächsten Nahkampfangriff +0..3 Adrenalin. Endet nach Eurem nächsten Treffer.;3;17;29;1;0;5;0;20;0;0;0;0;0;0;0;
1415;Verkrüppelnder Hieb;Verkrüppelnder Hieb;Elite-Schwertangriff. Verursacht Zustand Verkrüppelung (5..15 Sekunde[n]) und Zustand Blutung (10..25 Sekunde[n]).;3;20;10;1;0;0;0;0;5;0;1;0;0;0;0;
1416;Barbarischer Schnitt;Barbarischer Schnitt;Schwertangriff. Richtet +5..30 Punkt[e] Schaden an. Verursacht Zustand Blutung (5..15 Sekunde[n]), falls Ihr keine Haltung einnehmt.;3;20;10;1;0;0;0;0;6;0;0;0;0;0;0;
1465;Vorbereiteter Schuss;Vorbereiteter Schuss;Elite-Bogenangriff. Richtet +10..25 Punkt[e] Schaden an. Ihr erhaltet 1..9 Energiepunkt[e], falls Ihr eine aktive Vorbereitung habt.;3;25;2;2;0;5;0;6;0;0;1;0;0;0;0;
1466;Brennender Pfeil;Brennender Pfeil;Elite-Bogenangriff. Richtet +10..30 Punkt[e] Schaden an. Verursacht Zustand Brennen (2..8 Sekunde[n]).;3;25;2;2;0;10;0;5;0;0;1;0;0;0;0;
1467;Bogenschuss;Bogenschuss;Bogenangriff. Richtet +10..35 Punkt[e] Schaden an. Kann nicht geblockt werden. Dieser Pfeil bewegt sich um 50% langsamer.;3;25;2;2;0;5;0;3;0;0;0;0;0;0;0;
1468;Gemeinsam zuschlagen;Gemeinsam zuschlagen;Elite-Schrei. Euer Tiergefährte bewegt sich sofort zu Eurem Ziel hin und verursacht mit seinem nächsten Angriff Blutung (5..15 Sekunde[n]). Das nächste Mal, wenn einer Eurer Angriffe trifft, verursacht Ihr Zustand Verkrüppelung (5..15 Sekunde[n]).;3;22;20;2;0;5;0;10;0;0;1;0;0;0;0;
1469;Kreuzfeuer;Kreuzfeuer;Bogenangriff. Richtet +5..20 Punkt[e] Schaden an. Kann nicht geblockt werden, falls der Gegner in der Nähe eines Eurer Verbündeten ist.;3;25;2;2;0;5;0;4;0;0;0;0;0;0;0;
1470;Stachelpfeile;Stachelpfeile;Vorbereitung. 24 Sekunde[n]: Eure Pfeile verursachen den Zustand Blutung (3..15 Sekunde[n]). Beim Aktivieren dieser Fertigkeit habt Ihr -40 Rüstung.;3;24;17;2;0;10;2;12;0;0;0;0;0;0;0;
1471;Fokus des Plünderers;Fokus des Plünderers;Elite-Fertigkeit. 10 Sekunde[n]: Ihr erhaltet 3..12 Energiepunkt[e], wenn Ihr einen mit einem Zustand belegten Feind trefft.;3;24;1;2;0;5;0;12;0;0;1;0;0;0;0;
1472;Giftigkeit;Giftigkeit;Naturritual. Erstellt einen Geist der Stufe 1..10 (30..180 Sekunde[n] Lebensdauer). Vergiftete und kranke Kreaturen in Reichweite haben -2 Lebenspunktdegeneration.;3;22;19;2;0;15;2;60;0;0;0;0;0;0;0;
1473;Treibsand;Treibsand;Elite-Naturritual. Erstellt einen Geist der Stufe 1..10 (30..180 Sekunde[n] Lebensdauer). Kreaturen verlieren jedes Mal 1 Energiepunkt, wenn sie angreifen oder eine Fertigkeit einsetzen. Keine Wirkung auf Geister.;3;24;19;2;0;10;2;30;0;0;1;0;0;0;0;
1474;Umarmung des Sturms;Umarmung des Sturms;Haltung. 10 Sekunden: Ihr bewegt Euch um 25% schneller. Erneuerung: Jedes Mal, wenn Ihr Elementarschaden erleidet.;3;-1;29;2;0;5;0;30;0;0;0;0;0;0;0;
1475;Geschwindigkeit des Fallenstellers;Geschwindigkeit des Fallenstellers;Haltung. 5..30 Sekunde[n]: Eure Fallen laden sich um 25% schneller auf und werden um 25% schneller aktiviert. Endet, wenn Ihr mit einem Angriff trefft.;3;23;29;2;0;5;0;20;0;0;0;0;0;0;0;
1476;Stolperdraht;Stolperdraht;Falle. 90 Sekunden: Richtet bei Feinden in der Nähe 5..20 Punkt[e] Stichschaden an. Wirft verkrüppelte Feinde zu Boden. Leicht zu unterbrechen.;3;24;30;2;0;10;2;30;0;0;0;0;0;0;0;
1478;Erneuernde Welle;Erneuernde Welle;Verhexung. (8 Sekunde[n].) Richtet 2..12 Punkt[e] Schaden pro Sekunde an. Wirkung am Ende: Ihr erhaltet 1..8 Energiepunkt[e].;3;34;24;8;0;5;1;15;0;0;0;0;0;0;0;
1479;Opfer des Geistes;Opfer des Geistes;Elite-Zauber. Ihr erhaltet 8..17 Energiepunkt[e]. Ihr opfert keine Lebenspunkte, falls Geister in Hörweite sind.;3;34;22;8;0;3;.25;15;0;17;1;0;0;0;0;
1480;Geschenk des Geistes;Geschenk des Geistes;Verzauberung. 60 Sekunde[n]: Jedes Mal, wenn Ihr eine Kreatur erstellt, erhalten alle Verbündeten in der Nähe 5..50 Lebenspunkt[e] und verlieren einen Zustand.;3;36;23;8;0;10;1;45;0;0;0;0;0;0;0;
1481;Todespakt-Siegel;Todespakt-Siegel;Siegel. Das Gruppenmitglied wird wiederbelebt (Eure aktuellen Lebenspunkte, 15..100% maximale Energie). 120 Sekunde[n]: Ihr sterbt, wenn dieses Gruppenmitglied das nächste Mal stirbt.;3;33;21;8;0;0;3;12;0;0;0;0;0;0;0;
1482;Essenz zurückfordern;Essenz zurückfordern;Elite-Zauber. All Eure Geister sterben. Wenn ein Geist auf diese Weise stirbt, erhaltet Ihr 5..20 Energiepunkt[e] und all Eure Binderituale werden wieder aufgeladen.;3;36;22;8;0;5;1;30;0;0;1;0;0;0;0;
1483;Bannstoß;Bannstoß;Nahkampfangriff. Richtet 10..60 Punkt[e] heiligen Schaden an. Fügt herbeigerufenen Kreaturen doppelten Schaden zu.;3;44;3;10;0;5;1;3;0;0;0;0;0;0;0;
1484;Mystischer Schwung;Mystischer Schwung;Nahkampfangriff. Richtet +3..12 Punkt[e] Schaden an. Richtet zusätzlich +3..12 Punkt[e] Schaden an, wenn Ihr verzaubert seid.;3;44;3;10;0;5;1;6;0;0;0;0;0;0;0;
1485;Angriff des Eremiten;Angriff des Eremiten;Sensenangriff. Richtet +1..10 Punkt[e] Schaden an und entfernt eine Derwisch-Verzauberung. Entfernungseffekt: Richtet +1..10 Punkt[e] Schaden an und trifft alle umstehenden Feinde.;3;41;9;10;0;5;0;6;0;0;0;0;0;0;0;
1486;Unreinheiten ausnutzen;Unreinheiten ausnutzen;Nahkampfangriff. Richtet +3..15 Punkt[e] Schaden an. Getroffene Feinde verlieren 1 Zustand. Entfernungseffekt: In der Nähe der getroffenen Gegner befindliche Feinde erleiden 10..40 Punkt[e] heiligen Schaden.;3;41;3;10;0;0;0;0;4.8;0;0;0;0;0;0;
1487;Doppelter Mondschwung;Doppelter Mondschwung;Nahkampfangriff. Entfernt 1 Eurer Derwisch-Verzauberungen. Ihr erhaltet 10..50 Energiepunkt[e]. Entfernungseffekt: Unblockbar, zwei Angriffe und 10..70 Lebenspunkt[e] zusätzlich.;3;41;3;10;0;0;0;0;6.4;0;0;0;0;0;0;
1488;Siegreicher Schwung;Siegreicher Schwung;Nahkampfangriff. Richtet +5..25 Punkt[e] Schaden an. Ihr erhaltet 30..80 Lebenspunkt[e] für jeden getroffenen Gegner, der weniger Lebenspunkte hat als Ihr.;3;41;3;10;0;5;0;4;0;0;0;0;0;0;0;
1489;Unwiderstehlicher Schwung;Unwiderstehlicher Schwung;Sensenangriff. Richtet +3..15 Punkt[e] Schaden an. Entfernt 1 Eurer Derwisch-Verzauberungen. Entfernungseffekt: Unblockbar, entfernt eine Haltung, richtet zusätzlich +3..15 Punkt[e] Schaden an.;3;41;9;10;0;5;0;6;0;0;0;0;0;0;0;
1490;Frommer Angriff;Frommer Angriff;Nahkampfangriff. Richtet +10..20 Punkt[e] Schaden an. Entfernt 1 Eurer Derwisch-Verzauberungen. Entfernungseffekt: Fertigkeit lädt 75% schneller wieder auf und alle umstehenden Feinde erleiden 15..40 Punkt[e] Schaden,;3;41;3;10;0;5;0;12;0;0;0;0;0;0;0;
1491;Mystischer Wirbelsturm;Mystischer Wirbelsturm;Zauber. Richtet bei allen Feinden in der Nähe 10..60 Punkt[e] Kälteschaden an. Richtet 10..60 Punkt[e] Kälteschaden zusätzlich an, wenn Ihr verzaubert seid.;3;42;22;10;0;0;.5;4;4.8;0;0;0;0;0;0;
1493;Grenths Finger;Grenths Finger;Blitzverzauberung. (30 Sekunde[n].) Eure Angriffe fügen Kälteschaden zu. Anfangswirkung: In der Nähe befindliche Feinde erleiden 10..40 Punkt[e] Kälteschaden. Wirkung am Ende: Überträgt 1..2 Zustände auf alle umstehenden Feinde.;3;42;33;10;0;5;0;10;0;0;0;0;0;0;0;
1495;Dornenaura;Dornenaura;Blitzverzauberung. (30 Sekunde[n].) Anfangswirkung: Verursacht bei in der Nähe befindlichen Feinden den Zustand Blutung (5..15 Sekunde[n]). Wirkung am Ende: Verursacht bei in der Nähe befindlichen Feinden den Zustand Verkrüppelung (3..8 Sekunde[n]).;3;43;33;10;0;5;0;10;0;0;0;0;0;0;0;
1496;Balthasars Wut;Balthasars Wut;Blitzverzauberung. (20 Sekunde[n].) Anfangswirkung: Verursacht bei in der Nähe befindlichen Feinden Brennen (1..3 Sekunde[n]). Wirkung am Ende: Ihr erhaltet 1..2 Adrenalinstöße, wenn sich Feinde in Hörweite befinden.;3;44;33;10;0;10;0;10;0;0;0;0;0;0;0;
1497;Staubdecke;Staubdecke;Blitzverzauberung. (30 Sekunde[n].) Eure Angriffe fügen Erdschaden zu. Anfangswirkung: Richtet bei in der Nähe befindlichen Feinden 10..40 Punkt[e] Erdschaden an. Wirkung am Ende: Verursacht bei in der Nähe befindlichen Feinden Zustand Blindheit (1..4 Sekunde[n]).;3;43;33;10;0;10;0;6;0;0;0;0;0;0;0;
1498;Umwerfende Gewalt;Umwerfende Gewalt;Blitzverzauberung. (30 Sekunde[n].) Eure Angriffe fügen Erdschaden zu. Anfangswirkung: Richtet bei in der Nähe befindlichen Feinden 10..40 Punkt[e] Erdschaden an. Wirkung am Ende: Fügt in der Nähe befindlichen Feinden "Beschädigte Rüstung" (1..10 Sekunde[n]) zu.;3;43;33;10;0;10;0;6;0;0;0;0;0;0;0;
1499;Fromme Erneuerung;Fromme Erneuerung;Elite-Blitzverzauberung. (8 Sekunde[n].) Wirkung am Ende: Lädt wieder auf und Ihr erhaltet 0..5 Energie- und 0..30 Lebenspunkt[e].;3;44;33;10;0;5;0;8;0;0;1;0;0;0;0;
1500;Trugbild-Umhang;Trugbild-Umhang;Blitzverzauberung. (20 Sekunden.) Chance von 40 %, zu blocken plus 4..10 % für jede zusätzliche Verzauberung. Gegner in der Nähe erleiden 10..40 Erdschaden, wenn Ihre eine Derwisch-Verzauberung verliert.;3;43;33;10;0;15;0;24;0;0;0;0;0;0;0;
1502;Arkaner Eifer;Arkaner Eifer;Elite-Verzauberung. (10 Sekunde[n].) Jedes Mal, wenn Ihr einen Zauber wirkt, erhaltet Ihr für jede Verzauberung auf Euch 2 Energiepunkt[e] (maximal 2..7).;3;44;23;10;0;10;1;5;0;0;1;0;0;0;0;
1503;Mystische Vitalität;Mystische Vitalität;Verzauberung. 20 Sekunde[n]: Jedes Mal, wenn ein Angriff von Euch trifft, erhaltet Ihr für jede Verzauberung auf Euch 3..15 Lebenspunkt[e] (maximal 25).;3;44;23;10;0;5;.25;15;0;0;0;0;0;0;0;
1504;Wachsame Intervention;Wachsame Intervention;Verzauberung. 60 Sekunde[n]: Heilt um 50..200 Lebenspunkt[e], wenn Schaden die Lebenspunkte des Verbündeten (bzw. von Euch selbst) das nächste Mal unter 25% seiner maximalen Lebenspunkte senkt.;3;44;23;10;0;10;1;15;0;0;0;0;0;0;0;
1505;Gelübde der Frömmigkeit;Gelübde der Frömmigkeit;Verzauberung. (20 Sekunde[n].) +24 Rüstung und +1..4 Lebenspunktregeneration. Erneuerung: jedes Mal, wenn eine Verzauberung, mit der Ihr belegt seid, endet.;3;42;23;10;0;15;.25;45;0;0;0;0;0;0;0;
1506;Wesentliche Wohltat;Wesentliche Wohltat;Verzauberung. 20 Sekunde[n]: Ihr habt +40..100 maximale Lebenspunkte. Wirkung am Ende: Heilt Euch um 75..200 Lebenspunkt[e].;3;43;23;10;0;5;1;8;0;0;0;0;0;0;0;
1507;Herz der heiligen Flamme;Herz der heiligen Flamme;Blitzverzauberung. (30 Sekunde[n].) Eure Angriffe fügen heiligen Schaden zu. Anfangswirkung: Richtet bei in der Nähe befindlichen Feinden 5..30 Punkt[e] heiligen Schaden an. Wirkung am Ende: Verursacht bei in der Nähe befindlichen Feinden Zustand Brennen (2..5 Sekunde[n]).;3;44;33;10;0;10;0;10;0;0;0;0;0;0;0;
1508;Verzauberungen ausweiten;Verzauberungen ausweiten;Fertigkeit. (10 Sekunde[n]) Eure nächste Derwisch-Verzauberung wirkt 10..150% länger.;3;44;1;10;0;5;0;10;0;0;0;0;0;0;0;
1509;Vertrauensvolle Intervention;Vertrauensvolle Intervention;Verzauberung. Ihr erhaltet 30..150 Lebenspunkt[e], wenn Eure Lebenspunkte das nächste Mal durch Schaden unter 50% Eurer maximalen Lebenspunkte gebracht werden.;3;44;23;10;0;5;2;20;0;0;0;0;0;0;0;
1510;Sandscherben;Sandscherben;Blitzverzauberung. (30 Sekunden.) Fügt allen anderen Gegnern in der Nähe 10..60 Erdschaden zu, wenn Ihr mit Eurer Sense trefft. Endet nach 1..5 Treffern.;3;43;33;10;0;10;0;10;0;0;0;0;0;0;0;
1512;Lyssas Eile;Lyssas Eile;Blitzverzauberung. (3..15 Sekunde[n].) Eure Derwisch-Verzauberungen werden um 33% schneller wieder aufgeladen. Anfangswirkung: Unterbricht alle Aktionen umstehender Feinde. Wirkung am Ende: Unterbricht alle Aktionen umstehender Feinde. (Bei Windgebeten von 5 oder höher, sonst besteht eine 50%ige Wahrscheinlichkeit für einen Misserfolg.);3;42;33;10;0;10;0;15;0;0;0;0;0;0;0;
1513;Lenkende Hände;Lenkende Hände;Verzauberung. (20 Sekunde[n].) Eure nächsten 0..3 Angriff[e] können nicht geblockt werden. Anfangswirkung: Entfernt "Blindheit".;3;42;23;10;0;10;.25;10;0;0;0;0;0;0;0;
1514;Flüchtige Stabilität;Flüchtige Stabilität;Blitzverzauberung. (4..10 Sekunde[n].) Ihr könnt nicht zu Boden geworfen werden und bewegt Euch um 25% schneller. Endet, wenn sie verhindert, dass Ihr zu Boden geworfen werdet.;3;43;33;10;0;5;0;10;0;0;0;0;0;0;0;
1515;Rüstung der Heiligkeit;Rüstung der Heiligkeit;Verzauberung. Verursacht Zustand Schwäche bei allen umstehenden Feinden (5..15 Sekunden). Feinde mit einem Zustand richten bei Euch 5..20 Punkt[e] weniger Schaden an (15 Sekunden).;3;43;23;10;0;5;.25;15;0;0;0;0;0;0;0;
1516;Mystische Regeneration;Mystische Regeneration;Verzauberung. (5..20 Sekunde[n].) Ihr habt für jede Verzauberung auf Euch (maximal 8) +1..4 Lebenspunktregeneration.;3;43;23;10;0;15;.25;10;0;0;0;0;0;0;0;
1517;Schweigegelübde;Schweigegelübde;Elite-Verzauberung. (5..10 Sekunde[n].) Ihr könnt nicht zum Ziel von Zaubern werden. Ihr könnt keine Zauber wirken.;3;44;23;10;0;5;.25;10;0;0;1;0;0;0;0;
1518;Balthasars Avatar;Balthasars Avatar;Elite-Form. (10..90 Sekunde[n].) Ihr erhaltet +20 Rüstung gegen körperlichen Schaden, gewinnt Adrenalin um 25% schneller, Eure Angriffe fügen heiligen Schaden zu und immer wenn Ihr eine Derwisch-Verzauberung verliert, werden Feinde in der Nähe in Brand gesetzt (1..3 Sekunden). Diese Fertigkeit wird 45 Sekunden lang deaktiviert.;3;44;15;10;0;5;2;20;0;0;1;0;0;0;0;
1519;Dwaynas Avatar;Dwaynas Avatar;Elite-Form. (10..90 Sekunden.) Richtet heiligen Schaden an. Immer wenn Ihr eine Derwisch-Angriffsfähigkeit einsetzt, verliert Ihr 1 Verhexung. Immer wenn Ihr eine Derwisch-Verzauberung verliert, werden Verbündete in Hörweite um 5..50 Lebenspunkte geheilt. Diese Fertigkeit wird 45 Sekunden lang deaktiviert.;3;44;15;10;0;5;2;20;0;0;1;0;0;0;0;
1520;Grenths Avatar;Grenths Avatar;Elite-Form. (10..90 Sekunde[n].) Eure Sensenangriffe fügen Dunkelschaden zu und stehlen 0..12 Lebenspunkt[e]. Ihr seid immun gegen Krankheit. Ihr fügt allen umstehenden Feinden Krankheit zu (3 Sekunde[n] lang), wenn Ihr eine Derwisch-Verzauberung verliert. Diese Fertigkeit wird 45 Sekunden lang deaktiviert.;3;44;15;10;0;5;2;20;0;0;1;0;0;0;0;
1521;Lyssas Avatar;Lyssas Avatar;Elite-Form. (10..90 Sekunde[n].) Eure Derwisch-Verzauberungen laden 50% schneller wieder auf und fügen bei Angriffen Chaosschaden zu. Wenn Ihr eine Derwisch-Verzauberung verliert, entzieht Ihr umstehenden Feinden 1 Energiepunkt[e]. Diese Fertigkeit wird 45 Sekunden lang deaktiviert.;3;44;15;10;0;5;2;20;0;0;1;0;0;0;0;
1522;Melandrus Avatar;Melandrus Avatar;Elite-Form. (10..90 Sekunde[n].) Ihr habt +150 maximale Lebenspunkt[e], +30 Elementarrüstung und Eure Angriffe fügen Erdschaden zu. Immer wenn Ihr eine Derwisch-Verzauberung verliert, verlieren alle Gruppenmitglieder in Hörweite 1 Zustand. Diese Fertigkeit wird 45 Sekunden lang deaktiviert.;3;44;15;10;0;5;2;20;0;0;1;0;0;0;0;
1523;Meditation;Meditation;Verzauberung. (20 Sekunde[n].) Alles Adrenalin geht verloren. Ihr erhaltet jedes Mal 1..4 Energiepunkt[e], wenn eine auf Euch wirkende Verzauberung endet.;3;44;23;10;0;10;.25;15;0;0;0;0;0;0;0;
1524;Eifer des Eremiten;Eifer des Eremiten;Verzauberung. (10 Sekunde[n].) Anfangswirkung: Ihr erhaltet für jeden Feind in der Nähe 1..3 Energiepunkt[e] (maximal 8). Wirkung am Ende: Ihr erhaltet für jeden Feind in der Nähe 1..3 Energiepunkt[e] (maximal 8).;3;44;23;10;0;5;.25;15;0;0;0;0;0;0;0;
1525;Natürliche Heilung;Natürliche Heilung;Zauber. Heilt Euch um 50..170 Lebenspunkt[e]. Wenn Ihr nicht verzaubert seid, wird dieser Zauber 50% schneller aktiviert.;3;42;22;10;0;5;1;6;0;0;0;0;0;0;0;
1526;Mit Leben durchdringen;Mit Leben durchdringen;Zauber. Heilt um 5..50% Eurer aktuellen Lebenspunkte (maximal 300 Punkt[e]). Sich selbst als Ziel wählen nicht möglich.;3;44;22;10;0;10;.25;10;0;0;0;0;0;0;0;
1527;Mystische Heilung;Mystische Heilung;Zauber. Heilt Euch um 5..65 Lebenspunkt[e]. Heilt alle verzauberten Gruppenmitglieder um 5..65 Lebenspunkt[e].;3;42;22;10;0;5;1;4;0;0;0;0;0;0;0;
1528;Dwaynas Berührung;Dwaynas Berührung;Berührungs-Zauber. Heilt für jede Verzauberung auf Euch um 60 Lebenspunkt[e] (maximal 60..240).;3;42;22;10;0;5;.75;5;0;0;0;0;0;0;0;
1529;Fromme Wiederherstellung;Fromme Wiederherstellung;Zauber. Ihr erhaltet 80..150 Lebenspunkt[e] und entfernt 1 Derwisch-Verzauberung. Entfernungseffekt: Ihr verliert 1..3 Verhexungen.;3;42;22;10;0;5;1;8;0;0;0;0;0;0;0;
1530;Siegel des frommen Lichts;Siegel des frommen Lichts;Siegel. Heilt 30..150 Lebenspunkt[e]. Entfernt 1 Eurer Derwisch-Verzauberungen. Entfernungseffekt: Lädt 75% schneller wieder auf.;3;43;21;10;0;0;1;20;0;0;0;0;0;0;0;
1531;Einschüchternde Aura;Einschüchternde Aura;Verzauberung. (60 Sekunde[n].) Ihr habt zusätzlich +40..100 Lebenspunkt[e] und erleidet -1..10 Punkt[e] Schaden von Feinden mit weniger Lebenspunkten als Ihr.;3;44;23;10;0;10;.75;20;0;0;0;0;0;0;0;
1532;Mystischer Sandsturm;Mystischer Sandsturm;Zauber. (3 Sekunde[n].) Richtet 10..40 Punkt[e] Erdschaden pro Sekunde an. Richtet bei angreifenden Feinden zusätzlich 10..20 Punkt[e] Schaden an. Trifft Feinde in der Nähe Eurer ursprünglichen Position. Die Wirkung hält doppelt so lange an, wenn Ihr verzaubert seid.;3;43;22;10;0;0;1;8;4.8;0;0;0;0;0;0;
1533;Wind der Entzauberung;Wind der Entzauberung;Zauber. Entfernt 1 Eurer Derwisch-Verzauberungen. Entfernungseffekt: Alle Feinde in der Nähe verlieren 1 Verzauberung und erleiden 20..80 Punkt[e] Kälteschaden.;3;42;22;10;0;5;.75;15;0;0;0;0;0;0;0;
1534;Zerfetzende Berührung;Zerreißende Berührung;Berührungs-Zauber. Verursacht 15..65 Kälteschaden. Ihr verliert 1 Derwisch-Verzauberung. Entfernen-Effekt: Zielgegner verliert 1 Verzauberung, Ihr erhaltet 2 Adrenalinschlag(pl:"Adrenalinschläge").;3;44;22;10;0;5;.75;12;0;0;0;0;0;0;0;
1535;Verkrüppelnder Schwung;Verkrüppelnder Schwung;Sensenangriff. (3..12 Sekunde[n].) Verursacht Verkrüppelung. Richtet bei sich bewegenden Feinden +3..15 Punkt[e] Schaden an.;3;41;9;10;0;5;0;6;0;0;0;0;0;0;0;
1536;Verwundender Schlag;Verwundender Schlag;Elite-Sensenangriff. Richtet +5..20 Punkt[e] Schaden an und verursacht Zustand Blutung (5..20 Sekunde[n]). Entfernt 1 Derwisch-Verzauberung. Entfernungseffekt: Verursacht Zustand Tiefe Wunde (5..20 Sekunde[n]).;3;41;9;10;0;5;0;3;0;0;1;0;0;0;0;
1537;Ermüdender Schlag;Ermüdender Schlag;Sensenangriff. Entfernt 1 Derwisch-Verzauberung. Entfernungseffekt: Verursacht Zustand Tiefe Wunde (3..10 Sekunde[n]). Wenn keine Verzauberung entfernt wird, leidet Ihr unter "Schwäche" (10 Sekunden).;3;41;9;10;0;0;0;0;6;0;0;0;0;0;0;
1538;Lyssas Angriff;Lyssas Angriff;Sensenangriff. Unterbricht eine Aktion. Falls Ihr verzaubert seid, wird der unterbrochene Zauber zudem 1..10 Sekunde[n] lang deaktiviert. Dieser Angriff fügt 50% des normalem Schadens zu.;3;41;9;10;0;5;.5;15;0;0;0;0;0;0;0;
1539;Kühler Sieg;Kühler Sieg;Sensenangriff. Richtet +3..15 Punkt[e] Schaden an. Fügt jedem Feind, dessen Lebenspunkte niedriger als Eure eigenen sind, und allen umstehenden Feinden 10..30 Punkt[e] Kälteschaden zu.;3;41;9;10;0;0;0;0;6;0;0;0;0;0;0;
1540;Überzeugung;Überzeugung;Blitzverzauberung. (10 Sekunde[n].) Ihr erhaltet +10 Rüstung, wenn Ihr unter einem Zustand leidet. Ihr erhaltet 1..3 Lebenspunktregeneration für jeden Zustand, unter dem Ihr leidet. Wirkung am Ende: Entfernt 1..2 Zustände.;3;43;33;10;0;5;0;10;0;0;0;0;0;0;0;
1541;Verzauberte Eile;Verzauberte Eile;Blitzverzauberung. (7 Sekunde[n].) Ihr bewegt Euch um 25% schneller. Wenn diese Verzauberung vorzeitig endet, verliert Ihr 1 Zustände.;3;-1;33;10;0;10;0;15;0;0;0;0;0;0;0;
1542;Fromme Konzentration;Fromme Konzentration;Haltung. (5..20 Sekunde[n].) Verhindert Unterbrechungen. Verhinderungskosten: Ihr verliert 1 Derwisch-Verzauberung oder Fromme Konzentration endet.;3;43;29;10;0;10;0;10;0;0;0;0;0;0;0;
1543;Fromme Eile;Fromme Eile;Haltung. (1..7 Sekunde[n].) Ihr verliert 1 Derwisch-Verzauberung und bewegt Euch 25% schneller. Entfernungseffekt: Rennt stattdessen 50% schneller.;3;44;29;10;0;5;0;12;0;0;0;0;0;0;0;
1544;Wirbelangriff;Wirbelangriff;Blitzverzauberung. (1..6 Sekunde[n].) Ihr bewegt Euch um 33% schneller. Fügt das nächste Mal, wenn Ihr einen Feind trefft, allen anderen Feinden in der Nähe 10..60 Kälteschaden zu und die Verzauberung endet.;3;42;33;10;0;5;0;8;0;0;0;0;0;0;0;
1545;Glaubensprüfung;Glaubensprüfung;Berührungs-Zauber. Fügt 15..75 Punkt[e] Kälteschaden zu und entfernt 1 Verzauberung vom Gegner. Wenn der Gegner nicht verzaubert war, leidet er 2..6 Sekunde[n] lang unter Benommenheit.;3;42;22;10;0;0;.5;5;5;0;0;0;0;0;0;
1546;Lodernder Speer;Lodernder Speer;Speerangriff. Richtet +5..25 Punkt[e] Schaden an. Verursacht Zustand Brennen (1..3 Sekunde[n]).;3;37;12;9;0;0;0;0;6;0;0;0;0;0;0;
1547;Mächtiger Wurf;Mächtiger Wurf;Speerangriff. Richtet +10..40 Punkt[e] Schaden an. Dieser Speer bewegt sich mit dreifacher Geschwindigkeit.;3;37;12;9;0;0;1;0;4;0;0;0;0;0;0;
1548;Grausamer Speer;Grausamer Speer;Elite-Speerangriff. Richtet +10..50 Punkt[e] Schaden an. Verursacht Zustand Tiefe Wunde (5..20 Sekunde[n]), falls der Gegner sich nicht bewegt.;3;37;12;9;0;0;0;0;6;0;1;0;0;0;0;
1549;Wurf des Läufers;Wurf des Läufers;Speerangriff. Richtet +5..20 Punkt[e] Schaden an. Richtet zusätzlich 5..40 Punkt[e] Schaden an, falls der Gegner sich bewegt.;3;37;12;9;0;10;.5;10;0;0;0;0;0;0;0;
1550;Unblockbarer Wurf;Unblockbarer Wurf;Speerangriff. Richtet +10..40 Punkt[e] Schaden an. Kann nicht geblockt werden.;3;37;12;9;0;0;1;1;6;0;0;0;0;0;0;
1551;Speer des Blitzes;Speer des Blitzes;Speerangriff. Verursacht +10..20 Blitzschaden. 25 % Rüstungsdurchdringung. Greift alle Gegner zwischen Euch und Eurem Ziel an.;3;37;12;9;0;5;0;6;0;0;0;0;0;0;0;
1552;Ermüdender Speer;Ermüdender Speer;Speerangriff. Richtet +10..40 Punkt[e] Schaden an. Ihr seid geschwächt (5 Sekunde[n]).;3;37;12;9;0;0;0;0;3;0;0;0;0;0;0;
1553;Hymne der Wut;Hymne der Wut;Elite-Anfeuerungsruf. 10 Sekunde[n]: Gruppenmitglieder in Hörweite erhalten bei Benutzung ihrer nächsten Angriffsfertigkeit 2..5 Adrenalin.;3;40;13;9;0;5;1;10;0;0;1;0;0;0;0;
1554;Verkrüppelungs-Hymne;Verkrüppelungs-Hymne;Elite-Anfeuerungsruf. 10 Sekunde[n]: Verbündete in Hörweite verursachen mit ihrer nächsten Angriffsfertigkeit den Zustand Verkrüppelung (5..15 Sekunde[n]).;3;38;13;9;0;0;1;0;3;0;1;0;0;0;0;
1555;Verteidigungshymne;Verteidigungshymne;Elite-Anfeuerungsruf. 4..10 Sekunde[n]: Gruppenmitglieder in Hörweite haben eine 50%ige Chance zu blocken. Endet bei einem Treffer mit einer Angriffsfertigkeit.;3;40;13;9;0;10;1;15;0;0;1;0;0;0;0;
1556;Gute Reise;Gute Reise;Schrei. 5..20 Sekunde[n]: Verbündete in Hörweite bewegen sich um 25% schneller, solange sie verzaubert sind.;3;38;20;9;0;10;0;30;0;0;0;0;0;0;0;
1557;Hymne der Flamme;Hymne der Flamme;Anfeuerungsruf. 10 Sekunde[n]: Gruppenmitglieder in Hörweite verursachen mit ihrer nächsten Angriffsfertigkeit den Zustand Brennen (1..5 Sekunde[n]).;3;40;13;9;0;5;1;10;0;0;0;0;0;0;0;
1558;"Zielt auf die Augen!";"Zielt auf die Augen!";Schrei. 10 Sekunde[n]: Verbündete in Hörweite haben mit ihrem nächsten Angriff +30..100% zur Chance auf kritische Treffer.;3;38;20;9;0;0;0;0;4;0;0;0;0;0;0;
1559;Hymne des Neids;Hymne des Neids;Anfeuerungsruf. 10 Sekunde[n]: Verbündete in Hörweite richten mit ihrer nächsten Angriffsfertigkeit +10..25 Punkt[e] Schaden an. Schadensbonus gilt nur bei Feinden mit mehr als 50% ihrer maximalen Lebenspunkte.;3;38;13;9;0;0;1;0;6;0;0;0;0;0;0;
1560;Machtgesang;Machtgesang;Anfeuerungsruf. 5..20 Sekunde[n]: Verbündete in Hörweite erhalten +4 Energieregeneration. Endet bei Benutzung einer Fertigkeit.;3;39;13;9;0;15;1;30;0;0;0;0;0;0;0;
1561;Eifrige Hymne;Eifrige Hymne;Anfeuerungsruf. 10 Sekunde[n]: Verbündete in Hörweite erhalten bei Benutzung ihrer nächsten Angriffsfertigkeit 1..8 Energiepunkt[e].;3;39;13;9;0;10;1;10;0;0;0;0;0;0;0;
1562;Arie des Eifers;Arie des Eifers;Anfeuerungsruf. 10 Sekunde[n]: Verbündete in Hörweite erhalten bei Benutzung ihres nächsten Zaubers 1..6 Energiepunkt[e].;3;39;13;9;0;5;1;10;0;0;0;0;0;0;0;
1563;Lyrik des Eifers;Lyrik des Eifers;Anfeuerungsruf. 10 Sekunde[n]: Verbündete in Hörweite erhalten bei Benutzung ihres nächsten Siegels 1..8 Energiepunkt[e].;3;39;13;9;0;0;1;0;6;0;0;0;0;0;0;
1564;Ballade der Wiederherstellung;Ballade der Wiederherstellung;Anfeuerungsruf. 10 Sekunde[n]: Gruppenmitglieder in Hörweite erhalten 15..75 Lebenspunkt[e], wenn sie das nächste Mal Schaden erleiden.;3;39;13;9;0;10;1;10;0;0;0;0;0;0;0;
1565;Chor der Wiederherstellung;Chor der Wiederherstellung;Anfeuerungsruf. 10 Sekunde[n]: Verbündete in Hörweite werden bei Benutzung ihres nächsten Schreis oder Anfeuerungsrufs um 30..90 Lebenspunkt[e] geheilt.;3;39;13;9;0;0;1;5;4;0;0;0;0;0;0;
1566;Arie der Wiederherstellung;Arie der Wiederherstellung;Anfeuerungsruf. 10 Sekunde[n]: Gruppenmitglieder in Hörweite erhalten bei Benutzung ihres nächsten Zaubers 30..90 Lebenspunkt[e].;3;39;13;9;0;10;1;10;0;0;0;0;0;0;0;
1567;Lied der Konzentration;Lied der Konzentration;Anfeuerungsruf. 10 Sekunde[n]: Verbündete in Hörweite können bei ihrer nächsten Fertigkeit nicht unterbrochen werden.;3;-1;13;9;0;0;2;5;8;0;0;0;0;0;0;
1568;Hymne der Führung;Hymne der Führung;Elite-Anfeuerungsruf. 10 Sekunde[n]: Die nächste Angriffsfertigkeit von Gruppenmitgliedern in Hörweite kann nicht geblockt werden.;3;38;13;9;0;0;1;0;2;0;1;0;0;0;0;
1569;Energie bringender Chor;Energie bringender Chor;Anfeuerungsruf. 10 Sekunde[n]: Der nächste Schrei oder Anfeuerungsruf kostet Verbündete in Hörweite 3..7 Energiepunkt[e] weniger.;3;39;13;9;0;0;1;0;3;0;0;0;0;0;0;
1570;Lied der Läuterung;Lied der Läuterung;Elite-Anfeuerungsruf. 20 Sekunde[n]: Verbündete in Hörweite verlieren bei Benutzung ihrer nächsten 1..6 Fertigkeit[en] einen Zustand.;3;39;13;9;0;0;2;0;3;0;1;0;0;0;0;
1571;Verhexungsbrech-Arie;Verhexungsbrech-Arie;Anfeuerungsruf. 10 Sekunde[n]: Verbündete in Hörweite verlieren bei Benutzung ihres nächsten Zaubers eine Verhexung.;3;-1;13;9;0;0;2;0;8;0;0;0;0;0;0;
1572;"Seid vorbereitet!";"Seid vorbereitet!";Schrei. (5..15 Sekunde[n].) Verhindert den nächsten Bodenwurf und richtet bei allen Feinden in der Nähe des Verbündeten 15..75 Punkt[e] Schaden an. Sich selbst als Ziel wählen nicht möglich.;3;38;20;9;0;5;0;4;0;0;0;0;0;0;0;
1573;Ehrfurcht;Ehrfurcht;Fertigkeit. Verursacht Zustand Benommenheit (5..15 Sekunde[n]). Ziel muss zu Boden geworfen sein, sonst keine Wirkung.;3;40;1;9;0;10;.75;10;0;0;0;0;0;0;0;
1574;Dauerhafte Harmonie;Dauerhafte Harmonie;Echo. 10..35 Sekunde[n]: Schreie und Anfeuerungsrufe halten beim Verbündeten (bzw. Euch selbst) um 50% länger an. Nicht auf Geister anwendbar.;3;40;14;9;0;5;1;10;0;0;0;0;0;0;0;
1575;Loderndes Finale;Loderndes Finale;Echo. 10..35 Sekunde[n]: Verursacht bei umstehenden Feinden jedes Mal Zustand Brennen (1..7 Sekunde[n]), wenn ein Schrei oder Anfeuerungsruf auf dem Verbündeten (bzw. Euch selbst) endet. Nicht auf Geister anwendbar.;3;40;14;9;0;5;1;8;0;0;0;0;0;0;0;
1576;Brennender Refrain;Brennender Refrain;Echo. 20 Sekunde[n]: Verursacht Zustand Brennen (1..3 Sekunde[n]), wenn der Verbündete (bzw. Ihr selbst) einen Feind mit mehr Lebenspunkten trifft. Erneuerung: Jedes Mal, wenn ein Schrei oder Anfeuerungsruf auf dem Verbündeten endet. Nicht auf Geister anwendbar.;3;40;14;9;0;10;1;10;0;0;0;0;0;0;0;
1577;Finale der Wiederherstellung;Finale der Wiederherstellung;Echo. (10..35 Sekunde[n].) Verbündeter (bzw. Ihr selbst) erhält 15..75 Lebenspunkte, immer wenn ein auf diesen Verbündeten gerichteter Anfeuerungsruf oder Schrei endet. Nicht auf Geister anwendbar.;3;39;14;9;0;5;1;10;0;0;0;0;0;0;0;
1578;Genesungsrefrain;Genesungsrefrain;Echo. 15 Sekunde[n]: Der Verbündete (bzw. Ihr selbst) hat +2..3 Lebenspunktregeneration. Erneuerung: Jedes Mal, wenn ein Schrei oder Anfeuerungsruf auf dem Verbündeten endet. Nicht auf Geister anwendbar.;3;39;14;9;0;10;1;8;0;0;0;0;0;0;0;
1579;Reinigendes Finale;Reinigendes Finale;Echo. 10..35 Sekunde[n]: Der Verbündete (bzw. Ihr selbst) verliert jedes Mal einen Zustand, wenn ein Schrei oder Anfeuerungsruf auf ihm endet. Nicht auf Geister anwendbar.;3;39;14;9;0;5;.25;5;0;0;0;0;0;0;0;
1580;Klingenumkehr-Refrain;Klingenumkehr-Refrain;Echo. (20 Sekunde[n].) Der Verbündete (bzw. Ihr selbst) hat eine 5..20%ige Chance, Angriffe zu blocken. Erneuerung: Jedes Mal, wenn ein Schrei oder Anfeuerungsruf auf dem Verbündeten endet. Nicht auf Geister anwendbar.;3;38;14;9;0;5;1;8;0;0;0;0;0;0;0;
1581;Glühendes Siegel;Glühendes Siegel;Siegel. Ihr erhaltet 5..15 Energiepunkt[e], falls der Gegner brennt.;3;40;21;9;0;0;.25;15;0;0;0;0;0;0;0;
1583;Eifer des Anführers;Eifer des Anführers;Fertigkeit. Ihr erhaltet für jeden Verbündeten in der Nähe 2..4 Energiepunkt[e] (maximal 8..12).;3;39;1;9;0;5;0;12;0;0;0;0;0;0;0;
1584;Trost des Anführers;Trost des Anführers;Fertigkeit. Ihr erhaltet 30..75 Lebenspunkt[e]. Zusätzlich erhaltet Ihr für jeden Verbündeten in Hörweite 10..20 Lebenspunkt[e] (maximal 140).;3;40;1;9;0;5;2;8;0;0;0;0;0;0;0;
1585;Siegel der Synergie;Siegel der Synergie;Siegel. Heilt den Verbündeten um 40..100 Lebenspunkt[e]. Außerdem werdet Ihr um 40..100 Lebenspunkt[e] geheilt, falls Ihr nicht verzaubert seid. Sich selbst als Ziel wählen nicht möglich.;3;39;21;9;0;0;1;10;0;0;0;0;0;0;0;
1586;Engelsschutz;Engelsschutz;Fertigkeit. 10 Sekunde[n]: In jeder Sekunde, in welcher der Verbündete (bzw. Ihr selbst) Schaden von mehr als 250..80 Punkt[en] erleidet, wird bei ihm jeglicher Schaden über dieser Menge geheilt. Sich selbst als Ziel wählen nicht möglich.;3;40;1;9;0;5;0;30;0;0;0;0;0;0;0;
1587;Engelsbindung;Engelsbindung;Elite-Fertigkeit. 10 Sekunde[n]: Das nächste Mal, wenn ein Verbündeter in Hörweite tödlichen Schaden erleiden würde, wird dieser Schaden aufgehoben und der Verbündete um 20..200 geheilt. Endet bei allen anderen Verbündeten.;3;40;1;9;0;5;1;15;0;0;1;0;0;0;0;
1588;Siegel der Verätzung;Siegel der Verätzung;Elite-Siegel. Alle Gruppenmitglieder verlieren alle Zustände. Ihr beginnt zu brennen (1 Sekunde pro entferntem Zustand).;3;-1;21;9;0;0;2;15;0;0;1;0;0;0;0;
1589;"Haltet Eure Stellung!";"Haltet Eure Stellung!";Schrei. 5..20 Sekunde[n]: Gruppenmitglieder in Hörweite erhalten +24 Rüstung, wenn sie sich nicht bewegen.;3;38;20;9;0;10;0;20;0;0;0;0;0;0;0;
1590;"Geht voran!";"Geht voran!";Schrei. 1..5 Sekunde[n] pro Verbündetem in Hörweite (maximal 30 Sekunde[n]): Der Verbündete (bzw. Ihr selbst) bewegt sich um 25% schneller.;3;40;20;9;0;5;0;8;0;0;0;0;0;0;0;
1591;"Beeilt Euch!";"Beeilt Euch!";Schrei. 5..20 Sekunde[n]: Der Verbündete bewegt sich um 33% schneller. Endet, sobald der Verbündete mit einem Angriff trifft. Sich selbst als Ziel wählen nicht möglich.;3;38;20;9;0;5;0;10;0;0;0;0;0;0;0;
1592;"Wir kommen wieder!";"Wir kommen wieder!";Schrei. Alle Gruppenmitglieder in Hörweite werden wiederbelebt (25..50% Lebenspunkte, 5..20% Energiepunkte).;3;38;20;9;0;25;0;30;0;0;0;0;0;0;0;
1593;"Gebt nicht auf!";"Gebt nicht auf!";Schrei. Verbündete in Hörweite erhalten 1..10 Energiepunkt[e]. Betrifft nur Verbündete, die weniger als 75% ihrer maximalen Lebenspunkte haben.;3;38;20;9;0;5;0;15;0;0;0;0;0;0;0;
1594;"Hilfe!";"Hilfe!";Schrei. (1..10 Sekunden) Der Zielverbündete, der kein Geist ist, erhält 15..90 Lebenspunkte. Zauber anderer Verbündeter, die diesen Verbündeten zum Ziel haben, werden 50 % schneller gewirkt.;3;38;20;9;0;5;0;10;0;0;0;0;0;0;0;
1595;"Zieht Euch zurück!";"Zieht Euch zurück!";Schrei. 4..10 Sekunde[n]: Verbündete in Hörweite erhalten 5..15 Lebenspunkt[e] pro Sekunde, wenn sie sich bewegen. Sie bewegen sich um 33% schneller. Endet für einen Verbündeten, wenn er mit einem Angriff trifft.;3;38;20;9;0;10;0;20;0;0;0;0;0;0;0;
1596;"Schon unterwegs!";"Schon unterwegs!";Elite-Schrei. (4..10 Sekunden.) Verbündete in Hörweite bewegen sich 33% schneller und gewinnen 5..15 Lebenspunkte pro Sekunde, solange sie in Bewegung sind.;3;38;20;9;0;5;0;20;0;0;1;0;0;0;0;
1597;"Sie brennen!";"Sie brennen!";Schrei. 10 Sekunde[n]: Gruppenmitglieder in Hörweite erleiden von brennenden Feinden 5..35% weniger Schaden.;3;40;20;9;0;10;0;10;0;0;0;0;0;0;0;
1598;"Ergebt Euch nicht!";"Ergebt Euch nicht!";Schrei. 15 Sekunde[n]: Gruppenmitglieder in Hörweite erhalten +1..5 Lebenspunktregeneration. Betrifft nur Gruppenmitglieder, die weniger als 75% ihrer maximalen Lebenspunkte haben.;3;38;20;9;0;5;0;15;0;0;0;0;0;0;0;
1599;Es ist nur eine Fleischwunde.;Es ist nur eine Fleischwunde.;Elite-Schrei. Entfernt alle Zustände vom Verbündeten. Dieser Verbündete bewegt sich um 25% schneller (1..10 Sekunde[n]), wenn ein Zustand entfernt wurde. Sich selbst als Ziel auswählen ist nicht möglich.;3;39;20;9;0;5;0;2;0;0;1;0;0;0;0;
1600;Stachelspeer;Stachelspeer;Speerangriff. Verursacht Zustand Blutung (5..20 Sekunde[n]).;3;37;12;9;0;0;0;0;2;0;0;0;0;0;0;
1601;Bösartiger Angriff;Bösartiger Angriff;Speerangriff. Richtet +5..20 Punkt[e] Schaden an. Verursacht mit einem kritischen Treffer Zustand Tiefe Wunde (5..15 Sekunde[n]).;3;37;12;9;0;5;0;8;0;0;0;0;0;0;0;
1602;Betäubender Schlag;Betäubender Schlag;Elite-Speerangriff. Richtet +10..50 Punkt[e] Schaden an. Verursacht Zustand Benommenheit (4..10 Sekunde[n]), falls der Gegner einen Zustand hat.;3;37;12;9;0;0;0;0;8;0;1;0;0;0;0;
1603;Unbarmherziger Speer;Unbarmherziger Speer;Speerangriff. Verursacht Zustand Tiefe Wunde (5..20 Sekunde[n]). Gegner muss weniger als 50% seiner maximalen Lebenspunkte haben, sonst keine Wirkung.;3;37;12;9;0;0;0;0;6;0;0;0;0;0;0;
1604;Unterbrechender Wurf;Unterbrechender Wurf;Speerangriff. Unterbricht Aktionen. Gegner muss einen Zustand haben, sonst keine Wirkung.;3;37;12;9;0;5;.5;10;0;0;0;0;0;0;0;
1605;Wilder Wurf;Wilder Wurf;Speerangriff. Richtet +5..20 Punkt[e] Schaden an. Kann nicht geblockt werden. Beendet die Haltung des Gegners.Eure Angriffsfertigkeiten, die nicht auf Speeren beruhen, werden 3 Sekunde[n] lang deaktiviert.;3;37;12;9;0;0;0;0;7;0;0;0;0;0;0;
1633;Böswilliger Stoß;Böswilliger Stoß;Nahkampfangriff. Dieser Angriff richtet +10..30 Punkt[e] Schaden an und ist ein kritischer Treffer, falls der Gegner einen Zustand hat.;3;35;3;7;0;5;0;6;0;0;0;0;0;0;0;
1634;Vernichtender Angriff;Vernichtender Angriff;Elite-Doppelangriff. Richtet 5..50 Punkt[e] Schaden an. Entfernt eine Verzauberung. Kann nicht geblockt werden. Muss einem Begleithandangriff folgen.;3;35;7;7;0;10;0;6;0;0;1;0;0;0;0;
1635;Goldener Schädel-Stoß;Goldener Schädel-Stoß;Elite-Begleithandangriff. Verursacht Zustand Benommenheit (1..12 Sekunde[n]). Ihr müsst verzaubert sein, sonst keine Wirkung.;3;29;6;7;0;10;0;15;0;0;1;0;0;0;0;
1636;Schwarzer Spinnen-Stoß;Schwarzer Spinnen-Stoß;Begleithandangriff. Richtet +5..20 Punkt[e] Schaden an. Verursacht Zustand Gift (5..20 Sekunde[n]). Muss einen verhexten Feind treffen.;3;29;6;7;0;5;0;8;0;0;0;0;0;0;0;
1637;Goldener Fuchs-Stoß;Goldener Fuchs-Stoß;Leithandangriff. Richtet +10..30 Punkt[e] Schaden an. Kann nicht geblockt werden, falls Ihr verzaubert seid.;3;29;5;7;0;5;0;4;0;0;0;0;0;0;0;
1638;Tödliche Eile;Tödliche Eile;Verzauberung. 10..35 Sekunde[n]: Ihr könnt Eure Zauber mit halber Reichweite um 5..50% schneller wirken und sie laden sich um 5..60% schneller wieder auf.;3;35;23;7;0;5;1;20;0;0;0;0;0;0;0;
1639;Mittel des Assassinen;Mittel des Assassinen;Verzauberung. 30 Sekunde[n]: Eure nächsten 1..10 Angriffsfertigkeit[en] entfernen je einen Zustand.;3;35;23;7;0;5;1;20;0;0;0;0;0;0;0;
1640;Versprechen des Fuchses;Versprechen des Fuchses;Elite-Verzauberung. 5..20 Sekunde[n]: Eure Dolchangriffe können nicht geblockt werden. Endet, sobald Ihr nicht trefft.;3;29;23;7;0;10;1;20;0;0;1;0;0;0;0;
1641;Vorgetäuschte Neutralität;Vorgetäuschte Neutralität;Verzauberung. 4..10 Sekunde[n]: Ihr habt +7 Lebenspunktregeneration und +80 Rüstung. Endet, wenn Ihr mit einem Angriff trefft oder eine Fertigkeit benutzt.;3;31;23;7;0;5;.25;25;0;0;0;0;0;0;0;
1642;Versteckte Trittnägel;Versteckte Trittnägel;Elite-Verhexung. (1..10 Sekunde[n].) Bewirkt eine 50%ige Verlangsamung der Bewegung. Wirkung am Ende: Verursacht Zustand Verkrüppelung (1..15 Sekunde[n]). Eure Nicht-Assassinen-Fertigkeiten sind 10 Sekunden lang deaktiviert.;3;31;24;7;0;5;1;12;0;0;1;0;0;0;0;
1643;Verzauberungen angreifen;Verzauberungen angreifen;Elite-Fertigkeit. Entfernt alle Verzauberungen. Muss einem Doppelangriff folgen.;3;-1;1;7;0;5;.25;8;0;0;1;0;0;0;0;
1644;Verfall des Verschwenders;Verfall des Verschwenders;Elite-Fertigkeit. Unternehmt einen Schattenschritt zum Gegner. Gegner wird zu Boden geworfen, wenn er keine Fertigkeit benutzt. Deaktiviert Eure Angriffsfertigkeiten, die nicht auf Dolchen beruhen (10 Sekunde[n]).;3;-1;1;7;0;5;.25;20;0;0;1;0;0;0;0;
1645;Verzauberung lösen;Verzauberung lösen;Berührungs-Fertigkeit. Entfernt eine Verzauberung. Gegner muss zu Boden geworfen sein, sonst keine Wirkung.;3;-1;1;7;0;5;.25;10;0;0;0;0;0;0;0;
1646;Todesomen;Todesomen;Mitteldistanz-Verhexung. 5..35 Sekunde[n]: Verursacht Zustand Tiefe Wunde (5..20 Sekunde[n]) und unternimmt einen Schattenschritt zum Gegner, wenn Schaden seine Lebenspunkte das nächste Mal unter 50% seiner maximalen Lebenspunkte bringen würde.;3;30;24;7;0;5;1;20;0;0;0;0;0;0;0;
1647;Siegel des toxischen Schocks;Siegel des toxischen Schocks;Siegel. Richtet 10..100 Punkt[e] Schaden an. Gegner muss vergiftet sein, sonst keine Wirkung.;3;30;21;7;0;0;1;15;0;0;0;0;0;0;0;
1648;Siegel des Zwielichts;Siegel des Zwielichts;Siegel. Entfernt eine Verzauberung pro Verhexung auf dem Gegner.;3;-1;21;7;0;0;1;20;0;0;0;0;0;0;0;
1649;Weg des Assassinen;Weg des Assassinen;Elite-Haltung. 20 Sekunde[n]: Ihr greift, während Ihr Dolche führt, Ihr um 5..20% schneller an und habt eine +5..35%ige Chance, ein kritischen Treffer zu erzielen.;3;35;29;7;0;5;0;12;0;0;1;0;0;0;0;
1650;Schattenmarsch;Schattenmarsch;Haltung. (15 Sekunde[n].) Schattenschritt zum Gegner. Wirkung am Ende: Ihr kehrt zu Eurem Ausgangsort zurück. Deaktiviert Eure Angriffsfertigkeiten 1 Sekunde lang. Deaktiviert Eure Verzauberungen und Haltungen 10 Sekunden lang.;3;-1;29;7;0;5;0;30;0;0;0;0;0;0;0;
1651;Rückzug des Todes;Rückzug des Todes;Zauber. Ihr erhaltet 40..130 Lebenspunkt[e], falls Ihr weniger Lebenspunkte habt als der Verbündete. Anfangswirkung: Unternehmt einen Schattenschritt zum Verbündeten. Sich selbst als Ziel wählen nicht möglich.;3;31;22;7;0;5;.25;20;0;0;0;0;0;0;0;
1652;Schattengefängnis;Schattengefängnis;Elite-Verhexung. Unternehmt einen Schattenschritt zum Gegner. Der Gegner bewegt sich um 66% langsamer (1..7 Sekunde[n]).;3;30;24;7;0;5;.25;15;0;0;1;0;0;0;0;
1653;Tauschen;Tauschen;Zauber. Ihr und die herbeigerufene Kreatur macht einen Schattenschritt zum Standort des jeweils anderen.;3;-1;22;7;0;5;.25;10;0;0;0;0;0;0;0;
1654;Schattenverschmelzung;Schattenverschmelzung;Elite-Verzauberung. Unternehmt einen Schattenschritt zum Verbündeten. Wirkung am Ende: Ihr kehrt zur anfänglichen Position zurück. Sich selbst als Ziel wählen nicht möglich.;3;-1;23;7;-1;5;.25;10;0;0;1;0;0;0;0;
1655;Preis des Stolzes;Preis des Stolzes;Verhexung. 5 Sekunde[n]: Lässt den Gegner 3..15 Energiepunkt[e] verlieren, wenn er das nächste Mal eine Elite-Fertigkeit benutzt.;3;2;24;5;0;5;1;8;0;0;0;0;0;0;0;
1656;Flair der Entzauberung;Flair der Entzauberung;Elite-Verhexung. Verhext auch Feinde in der Nähe Eures Gegners (5..20 Sekunde[n]). Entfernt eine Verzauberung vom Gegner und allen Feinden in der Nähe. Verzauberungen auf diesen Feinden enden um 150..300% schneller.;3;1;24;5;0;10;1;10;0;0;1;0;0;0;0;
1657;Siegel der Unbeholfenheit;Siegel der Unbeholfenheit;Siegel. Unterbricht einen Angriff des Gegners und aller umstehenden Feinde. Unterbrechungswirkung: Richtet 15..60 Punkt[e] Schaden an und wirft Gegner, die Angriffsfertigkeiten verwenden, zu Boden.;3;1;21;5;0;0;.25;8;0;0;0;0;0;0;0;
1658;Symbolische Haltung;Symbolische Haltung;Haltung. 5..20 Sekunde[n]: Euer nächstes Siegel lädt sich um 20..80% schneller wieder auf.;3;0;29;5;0;10;0;20;0;0;0;0;0;0;0;
1659;Toxische Kälte;Toxische Kälte;Elite-Zauber. Richtet 15..75 Punkt[e] Kälteschaden an. Verursacht Zustand Gift (10..25 Sekunde[n]), falls der Gegner verhext oder verzaubert ist.;3;5;22;4;0;5;1;5;0;0;1;0;0;0;0;
1660;Brunnen der Stille;Brunnen der Stille;Brunnenzauber. (10..30 Sekunden). Gegner in diesem Brunnen können keine Kampfschreie oder Gesänge verwenden und haben -1..4 Lebenspunktregeneration. Verwertet eine frische Leiche oder opfert 66 % Lebenspunkte.;3;7;28;4;0;10;1;20;0;0;0;0;0;0;0;
1661;Leuchtstein;Leuchtstein;Zauber. Geschoss: Richtet 5..50 Punkt[e] Erdschaden an. Ihr erhaltet 5 Energiepunkt[e] sowie 1 Energiepunkt pro 2 Ränge in Energiespeicherung, wenn der Gegner unter Schwäche leidet.;3;9;22;6;0;5;.75;7;0;0;0;0;0;0;0;
1662;Geistige Explosion;Geistige Explosion;Elite-Zauber. Richtet 15..60 Punkt[e] Feuerschaden an. Ihr erhaltet 1..8 Energiepunkt[e], falls Ihr mehr Energie habt als der Gegner.;3;10;22;6;0;5;1;2;0;0;1;0;0;0;0;
1663;Elementare Flamme;Elementare Flamme;Verzauberung. (10..35 Sekunden.) Verursacht jedes Mal den Zustand Brennen (1..5 Sekunden), wenn eine Elementar-Verhexung auf den Gegner gerichtet wird.;3;10;23;6;0;10;1;30;0;0;0;0;0;0;0;
1664;Blitz herbeirufen;Blitz herbeirufen;Elite-Zauber. Richtet 10..90 Punkt[e] Blitzschaden an. Trifft zwei Feinde in der Nähe des Ziels. 25% Rüstungsdurchdringung.;3;8;22;6;0;10;1;6;0;0;1;0;5;0;0;
1683;Nachdenklicher Wächter;Nachdenklicher Wächter;Verzauberung. 5..11 Sekunde[n]: 50%ige Chance, Angriffe verzauberter Gegner zu blocken.;3;15;23;3;0;5;1;5;0;0;0;0;0;0;0;
1684;Einblick des Schreibers;Einblick des Schreibers;Elite-Verzauberung. 10..35 Sekunde[n]: Ihr erhaltet jedes Mal 3 Energiepunkt[e], wenn Ihr ein Siegel benutzt.;3;16;23;3;0;5;.25;20;0;0;1;0;0;0;0;
1685;Heilige Eile;Heilige Eile;Verzauberung. 1..60 Sekunde[n]: Ihr könnt Eure Heilgebet-Zauber um 50% schneller wirken. Endet, wenn Ihr eine Verzauberung wirkt.;3;16;23;3;0;5;1;10;0;0;0;0;0;0;0;
1686;Lichtschimmer;Lichtschimmer;Elite-Zauber. Heilt um 10..115 Lebenspunkt[e].;3;13;22;3;0;5;.25;1;0;0;1;0;0;0;0;
1687;Eifrige Segnung;Eifrige Segnung;Elite-Zauber. Heilt um 30..180 Lebenspunkt[e]. Ihr erhaltet 7 Energiepunkt[e], falls der Verbündete (bzw. Ihr selbst) weniger als 50% seiner maximalen Lebenspunkte hatte.;3;15;22;3;0;10;.75;4;0;0;1;0;0;0;0;
1688; Eifer des Verteidigers;Eifer des Verteidigers;Elite-Verhexung. 10..30 Sekunde[n]: Ihr erhaltet jedes Mal 2 Energiepunkt[e], wenn ein Angriff des Gegners trifft.;3;14;24;3;0;5;1;5;0;0;1;0;0;0;0;
1689;Siegel des mystischen Zorns;Siegel des mystischen Zorns;Siegel. Richtet für jede Verzauberung auf Euch 25 Punkt[e] heiligen Schaden an (maximal 30..120).;3;14;21;3;0;0;2;20;0;0;0;0;0;0;0;
1690;Siegel der Entfernung;Siegel der Entfernung;Elite-Siegel. Entfernt eine Verhexung und einen Zustand. Der Verbündete (bzw. Ihr selbst) muss verzaubert sein, sonst keine Wirkung.;3;-1;21;3;0;0;.25;5;0;0;1;0;0;0;0;
1691;Zustand aufheben;Zustand aufheben;Zauber. Entfernt einen Zustand. Heilt um 15..75 Lebenspunkt[e], falls der Verbündete (bzw. Ihr selbst) verzaubert ist.;3;15;22;3;0;5;.75;3;0;0;0;0;0;0;0;
1692;Verhexungen umleiten;Verhexungen umleiten;Elite-Zauber. Entfernt 1..3 Verhexung[en]. Für jede entfernte Verhexung verliert der Verbündete (bzw. Ihr selbst) einen Zustand und erhält 15..75 Lebenspunkt[e].;3;15;22;3;0;5;.75;8;0;0;1;0;0;0;0;
1693;Gegenangriff;Gegenangriff;Nahkampfangriff. Richtet +5..35 Punkt[e] Schaden an. Ihr erhaltet 2..6 Energiepunkt[e], falls der Gegner gerade angreift.;3;17;3;1;0;5;0;6;0;0;0;0;0;0;0;
1694;Magierschlag;Magierschlag;Elite-Nahkampfangriff. Richtet +7..25 Punkt[e] Schaden an. Kann nicht geblockt werden, falls Gegner verzaubert ist.;3;17;3;1;0;5;.5;3;0;0;1;0;0;0;0;
1695;Soldatenstoß;Soldatenstoß;Nahkampfangriff. Richtet +10..40 Punkt[e] Schaden an. Kann nicht geblockt werden, wenn Ihr unter dem Einfluss eines Anfeuerungsrufs oder Schreis steht.;3;21;3;1;0;5;0;4;0;0;0;0;0;0;0;
1696;Köpfen;Köpfen;Elite-Axtangriff. Deals +5..80 damage. Inflicts Deep Wound condition (5..20 seconds). Automatic critical hit. If foe is killed, nearby foes are Weakened (8 seconds). You lose all adrenaline and Energy.;3;18;4;1;0;0;0;0;7;0;1;0;0;0;0;
1697;Magiejägerschmetterer;Magiejägerschmetterer;Elite-Hammerangriff. Wirft zu Boden. Kann nicht geblockt werden, wenn Gegner verzaubert ist.;3;19;8;1;0;0;0;0;8;0;1;0;0;0;0;
1698;Soldaten-Haltung;Soldaten-Haltung;Elite-Haltung. (5..15 Sekunde[n].) Ihr habt eine 75%ige Chance zu blocken. Ihr greift um 33% schneller an, wenn Ihr unter dem Einfluss eines Anfeuerungsrufs oder Schreis steht.;3;21;29;1;0;5;0;15;0;0;1;0;0;0;0;
1699;Soldaten-Verteidigung;Soldaten-Verteidigung;Haltung. (1..6 Sekunde[n].) Ihr habt eine 75%ige Chance zu blocken, wenn Ihr unter dem Einfluss eines Anfeuerungsrufs oder Schreis steht. Blockwirkung: Ihr erhaltet 1 Adrenalinstoß.;3;21;29;1;0;5;0;15;0;0;0;0;0;0;0;
1700;Fieberhafte Verteidigung;Fieberhafte Verteidigung;Haltung. 8 Sekunde[n]: Ihr habt eine 75%ige Chance zu blocken. Ihr erleidet doppelten Schaden.;3;-1;29;1;0;5;0;10;0;0;0;0;0;0;0;
1701;Ruhige Haltung;Ruhige Haltung;Elite-Haltung. 10 Sekunde[n]: Das nächste Mal, wenn Ihr zu Boden geworfen würdet, erhaltet Ihr stattdessen 1..4 Adrenalinstöße und 1..7 Energiepunkt[e].;3;21;29;1;0;5;0;4;0;0;1;0;0;0;0;
1702;Hieb des stählernen Fangzahns;Hieb des stählernen Fangzahns;Schwertangriff. Richtet +1..31 Punkt[e] Schaden an. Ihr erhaltet 1..5 Adrenalinstöße, falls Gegner zu Boden geworfen ist.;3;20;10;1;0;0;0;1;7;0;0;0;0;0;0;
1719;Schreischuss;Schreischuss;Bogenangriff. Richtet +10..25 Punkt[e] Schaden an. Verursacht Zustand Blutung (5..20 Sekunde[n]), falls der Gegner in Hörweite ist.;3;25;2;2;0;10;0;8;0;0;0;0;0;0;0;
1720;Scharfer Pfeil;Scharfer Pfeil;Bogenangriff. Richtet +5..20 Punkt[e] Schaden an. Richtet zusätzlich +5..25 Punkt[e] Schaden an, falls Ihr einen kritischen Treffer landet.;3;25;2;2;0;5;0;6;0;0;0;0;0;0;0;
1721;Gemeinsam toben;Gemeinsam toben;Elite-Fertigkeit. 3..15 Sekunde[n]: Ihr und Euer Tiergefährte greift um 33% schneller an und bewegt Euch um 25% schneller. Euer Tiergefährte muss am Leben sein, sonst keine Wirkung.;3;22;1;2;0;25;0;10;0;0;1;0;0;0;0;
1722;Gegabelter Pfeil;Gegabelter Pfeil;Bogenangriff. Ihr feuert zwei Pfeile gleichzeitig ab. Ihr feuert nur einen Pfeil ab, falls Ihr verzaubert oder verhext seid.;3;-1;2;2;0;10;0;5;0;0;0;0;0;0;0;
1723;Unterbrechende Genauigkeit;Unterbrechende Genauigkeit;Vorbereitung. 36 Sekunde[n]: Unterbricht jedes Mal eine Aktion, wenn Ihr mit einem Pfeil einen kritischen Treffer landet.;3;25;17;2;0;5;2;12;0;0;0;0;0;0;0;
1724;Gewandtheit des Profis;Gewandtheit des Profis;Elite-Haltung. 1..20 Sekunde[n]: Ihr greift um 33% schneller an und Euer Attribut Treffsicherheit wird um +2 erhöht.;3;23;29;2;0;5;0;20;0;0;1;0;0;0;0;
1725;Tosender Wind;Tosender Wind;Naturritual. Erstellt einen Geist der Stufe 1..10 (30..180 Sekunde[n] Lebensdauer). Schreie und Anfeuerungsrufe kosten Kreaturen in Reichweite +1..5 Energiepunkt[e].;3;24;19;2;0;10;2;60;0;0;0;0;0;0;0;
1726;Verderben des Magiers-Schuss;Verderben des Magiers-Schuss;Elite-Bogenangriff. Unterbricht eine Aktion. Unterbrechungswirkung: Unterbrochener Zauber ist +10 Sekunde[n] lang deaktivert. Kann nicht geblockt werden.;3;-1;2;2;0;10;.5;5;0;0;1;0;0;0;0;
1727;Natürlicher Schwung;Natürlicher Schwung;Haltung. 1..8 Sekunde[n]: Ihr bewegt Euch um 33% schneller und habt eine 50%ige Chance zu blocken. Endet, sobald Ihr verhext oder verzaubert werdet.;3;24;29;2;0;5;0;12;0;0;0;0;0;0;0;
1728;Heket-Toben;Heket-Toben;Haltung. 5..11 Sekunde[n]: Ihr greift um 33% schneller an. Endet, sobald Ihr eine Angriffsfertigkeit verwendet.;3;22;29;2;0;5;0;10;0;0;0;0;0;0;0;
1729;Rauchfalle;Rauchfalle;Elite-Falle. (90 Sekunden.) Fügt Gegnern im Bereich die Zustände Geblendet und Benommen zu (5..10 Sekunden). Leicht zu unterbrechen.;3;24;30;2;0;10;2;15;0;0;1;0;0;0;0;
1730;Irritierende Hitze;Irritierende Hitze;Elite-Naturritual. Erstellt einen Geist der Stufe 1..10 (30..120 Sekunde[n] Lebensdauer). Verdoppelt für Kreaturen in Reichweite die erhaltene Adrenalinmenge.;3;23;19;2;0;5;2;15;0;0;1;0;0;0;0;
1731;Lautstark war Sogolon;Lautstark war Sogolon;Gegenstandszauber. 60 Sekunde[n]: Eure Schreie und Anfeuerungsrufe halten um 20..50% länger an.;3;33;25;8;0;10;1;30;0;0;0;0;0;0;0;
1732;Vernichtend war Glaive;Vernichtend war Glaive;Elite-Gegenstandszauber. (30..60 Sekunde[n].) Eure Ritualisten-Fertigkeiten haben eine Rüstungsdurchdringung von 20%. Fallwirkung: Richtet bei allen Feinden im Bereich 15..85 Punkt[e] Blitzschaden an.;3;34;25;8;0;5;.75;5;0;0;1;0;0;0;0;
1733;Stoß des Ausübers;Stoß des Ausübers;Zauber. Richtet 10..60 Punkt[e] Blitzschaden an. Richtet zusätzlich 10..50 Punkt[e] Blitzschaden an, falls Ihr unter dem Einfluss eines Waffenzaubers steht.;3;34;22;8;0;5;1;6;0;0;0;0;0;0;0;
1734;Wütendes Starren;Wütendes Starren;Binderitual. Vernichtet einen Geist. Erstellt einen Geist der Stufe 1..14 (30..60 Sekunde[n] Lebensdauer). Seine Angriffe richten 5..20 Punkt[e] Schaden an.;3;34;18;8;0;10;.75;20;0;0;0;0;0;0;0;
1736;Geistesstärke;Geistesstärke;Elite-Verzauberung. 15..60 Sekunde[n]: Eure Angriffe richten +5..35 Punkt[e] Schaden an, falls Ihr unter dem Einfluss eines Waffenzaubers steht.;3;36;23;8;0;5;1;20;0;0;1;0;0;0;0;
1737;Eifer des Ausübers;Eifer des Ausübers;Elite-Verzauberung. 10..40 Sekunde[n]: Ihr erhaltet jedes Mal 1..5 Energiepunkt[e], wenn Ihr einen Waffenzauber wirkt.;3;36;23;8;0;5;1;10;0;0;1;0;0;0;0;
1738;Sicht jenseits der Sicht;Sicht jenseits der Sicht;Verzauberung. 8..20 Sekunde[n]: Ihr seid immun gegen Blindheit.;3;36;23;8;0;5;.25;15;0;0;0;0;0;0;0;
1739;Erneuernde Erinnerungen;Erneuernde Erinnerungen;Verzauberung. 5..20 Sekunde[n]: Eure Waffen- und Gegenstandszauber kosten 5..35% weniger Energie. Ihr müsst einen Gegenstand halten, sonst keine Wirkung.;3;36;23;8;0;5;1;20;0;0;0;0;0;0;0;
1740;Mittel des Ausübers;Mittel des Ausübers;Verzauberung. (10..30 Sekunde[n]) Ein Verbündeter verliert jedes Mal 2 Zustände, wenn Ihr einen Waffenzauber auf ihn wirkt.;3;36;23;8;0;3;1;10;0;0;0;0;0;0;0;
1741;Geisterspiegel-Licht;Geisterspiegel-Licht;Zauber. Heilt um 15..90 Lebenspunkt[e]. Ihr erhaltet 15..90 Lebenspunkt[e], falls Ihr Euch in Hörweite eines Geistes befindet. Sich selbst als Ziel wählen nicht möglich.;3;33;22;8;0;5;1;3;0;0;0;0;0;0;0;
1742;Siegel der Macht der Geister;Siegel der Macht der Geister;Elite-Siegel. 5..20 Sekunde[n]: Alle von Euch kontrollierten Geister in Hörweite greifen um 33% schneller an und richten um +5..10 Punkte mehr Schaden an.;3;32;21;8;0;0;1;15;0;0;1;0;0;0;0;
1743;Siegel der Bindung;Siegel der Bindung;Siegel. Ihr verliert 200..50 Lebenspunkt[e]. Übernehmt die Kontrolle über den vom Gegner kontrollierten Geist. Mindestens Macht des Herbeirufens 5, sonst 50%ige Chance auf Misserfolg.;3;36;21;8;0;0;2;15;0;0;0;0;0;0;0;
1744;Angriff des Verwalters;Angriff des Verwalters;Elite-Zauber. Richtet 20..85 Punkt[e] Blitzschaden an. Ihr erhaltet 7 Energiepunkte und 5..50 Lebenspunkt[e], falls Ihr einen Gegenstand haltet.;3;34;22;8;0;5;1;4;0;0;1;0;0;0;0;
1745;Qual;Qual;Binderitual. Erstellt einen Geist der Stufe 1..11 (15..45 Sekunde[n] Lebensdauer). Seine Angriffe richten 5..20 Punkt[e] Schaden an. Doppelter Schaden bei verhexten Feinden.;3;32;18;8;0;15;.75;45;0;0;0;0;0;0;0;
1747;Ermächtigung;Ermächtigung;Binderitual. Erstellt einen Geist der Stufe 1..14 (15..60 Sekunde[n] Lebensdauer). Verbündete in Reichweite erhalten +15..45 maximale Lebenspunkte und +10 maximale Energiepunkte, falls sie einen Gegenstand halten.;3;36;18;8;0;5;.75;30;0;0;0;0;0;0;0;
1748;Gesundung;Gesundung;Binderitual. Erstellt einen Geist der Stufe 1..14 (30..60 Sekunde[n] Lebensdauer). Zustände auf Verbündeten in Reichweite enden um 20..50% früher.;3;33;18;8;0;15;.75;30;0;0;0;0;0;0;0;
1749;Waffe der Wut;Waffe der Wut;Elite-Waffenzauber. 5..20 Sekunde[n]: +100% zur erhaltenen Adrenalinmenge und +1 Energiepunkt, wenn ein Angriff des Verbündeten (bzw. von Euch selbst) trifft.;3;34;27;8;0;5;1;8;0;0;1;0;0;0;0;
1750;Xinraes Waffe;Xinraes Waffe;Elite-Waffenzauber. 8 Sekunde[n]: Wenn der Verbündete (bzw. Ihr selbst) das nächste Mal Schaden durch einen Feind erleidet, ist dieser Schaden auf 5% der maximalen Lebenspunkte des Verbündeten begrenzt und er entzieht dem Feind bis zu 20..80 Lebenspunkt[e].;3;33;27;8;0;5;.25;3;0;0;1;0;0;0;0;
1751;Waffe des Kriegshetzers;Waffe des Kriegshetzers;Waffenzauber. 3..13 Sekunde[n]: Angriffe unterbrechen eine Aktion. Unterbricht angreifende Feinde nicht.;3;34;27;8;0;10;1;30;0;0;0;0;0;0;0;
1752;Waffe der Behebung;Waffe der Behebung;Elite-Waffenzauber. (8 Sekunden) Der Zielverbündete stiehlt das nächste Mal, wenn ein Gegner ihm Schaden oder Lebensentzug zufügt, diesem Gegner bis zu 20..80 Lebenspunkte, und er verliert 2 Zustände.;3;33;27;8;0;3;.25;3;0;0;1;0;0;0;0;
1753;Zerreißender Schwung;Zerreißender Schwung;Sensenangriff. Richtet +5..20 Punkt[e] Schaden an. Ihr verliert 1 Derwisch-Verzauberung. Entfernungseffekt: Getroffene Feinde verlieren eine Verzauberung.;3;41;9;10;0;0;0;0;6;0;0;0;0;0;0;
1754;Attacke;Attacke;Elite-Blitzverzauberung. (3..15 Sekunde[n].) Eure Angriffe, Bewegungen und Euer Adranalingewinn erfolgen um 25% schneller.;3;42;33;10;0;10;0;10;0;0;1;0;0;0;0;
1755;Mystische Verdorbenheit;Mystische Verdorbenheit;Blitzverzauberung. (20 Sekunde[n].) Anfangswirkung: Alle umstehenden Feinde leiden unter Krankheit. (1..10 Sekunde[n]). Doppelte Dauer, wenn Ihr bereits verzaubert seid. Wirkung am Ende: Gruppenmitglieder in Hörweite werden von Krankheit geheilt.;3;44;33;10;0;5;0;10;0;0;0;0;0;0;0;
1756;Grenths Griff;Grenths Griff;Elite-Blitzverzauberung. (20 seconds.) Inflict Cripple (1..11 seconds) with your attack skills and transfer 1..3 conditions.;3;42;33;10;0;5;0;10;0;0;1;0;0;0;0;
1757;Dornenschleier;Dornenschleier;Blitzverzauberung. (5..25 Sekunde[n].) Zauberschaden um 5..35% verringert. Anfangswirkung: In der Nähe befindliche Feinde erleiden 5..50 Punkt[e] Stichschaden.;3;43;33;10;0;10;0;15;0;0;0;0;0;0;0;
1758;Griff des Läufers;Griff des Läufers;Blitzverzauberung. (5..20 Sekunde[n].) Angriffe auf sich bewegende Feinde fügen zusätzlich "Verkrüppelung" zu. Anfangswirkung: Ihr verliert "Verkrüppelung" und 1 weiteren Zustand. Endet, wenn Ihr 1..3 Mal Verkrüppelung zugefügt habt.;3;42;33;10;0;10;0;15;0;0;0;0;0;0;0;
1759;Gelübde der Stärke;Gelübde der Stärke;Elite-Verzauberung. (15 Sekunde[n].) Angriffe mit einer Sense fügen allen umstehenden Feinden 10..25 Punkt[e] Hiebschaden zu.;3;43;23;10;0;5;.25;20;0;0;1;0;0;0;0;
1760;Ebon-Staubaura;Ebon-Staubaura;Elite-Blitzverzauberung. (30 Sekunde[n].) Eure Nahkampfangriffe fügen +3..30 Punkt[e] Erdschaden zu. Anfangswirkung: Blendet Feine in der Nähe 1..7 Sekunde[n] lang. Wirkung am Ende: Entfernt Blindheit. Keine Wirkung, falls Ihr keine Erdwaffe benutzt.;3;43;33;10;0;10;0;20;0;0;1;0;0;0;0;
1761;Eifriges Gelübde;Eifriges Gelübde;Elite-Verzauberung. 20 Sekunde[n]: Ihr erhaltet jedes Mal 1..6 Energiepunkt[e], wenn ein Angriff von Euch trifft. Ihr habt -2 Energieregeneration.;3;42;23;10;0;5;.25;12;0;0;1;0;0;0;0;
1762;Herz der Wut;Herz der Wut;Haltung. (2..10 Sekunde[n].) Ihr greift um 25% schneller an.;3;44;29;10;0;0;0;0;3.2;0;0;0;0;0;0;
1763;Eifrige Erneuerung;Eifrige Erneuerung;Blitzverzauberung. (5..25 Sekunde[n].) Anfangswirkung: Richtet bei in der Nähe befindlichen Feinden 5..30 Punkt[e] heiligen Schaden an. Eure Energieregeneration beträgt -1 und Ihr bekommt jedes Mal, wenn einer Eurer Angriffe trifft, 1 Energiepunkt. Wenn diese Verzauberung vorzeitig endet, erhaltet Ihr 1..5 Energiepunkt[e].;3;44;33;10;0;5;0;10;0;0;0;0;0;0;0;
1764;Einblick des Angreifers;Einblick des Angreifers;Blitzverzauberung. (3..10 Sekunde[n].) Gewährt eine Chance von 50%, beim Angreifen zu blocken. Wirkung am Ende: Fügt umstehenden Feinden 3..15 Sekunde[n] lang Schwäche zu.;3;42;33;10;0;10;0;10;0;0;0;0;0;0;0;
1765;Zerreißende Aura;Zerreißende Aura;Blitzverzauberung. (30 Sekunde[n].) Eure Angriffsfertigkeiten entfernen Verzauberungen von zu Boden geworfenen Feinden. Anfangswirkung: Richtet bei allen Feinden in der Nähe 10..40 Punkt[e] Kälteschaden an. Wirkung am Ende: In der Nähe befindliche Feinde leiden 1..10 Sekunde[n] lang an Beschädigter Rüstung.;3;42;33;10;0;10;0;10;0;0;0;0;0;0;0;
1766;Anmut des Federfußes;Anmut des Federfußes;Verzauberung. 5..20 Sekunde[n]: Ihr bewegt Euch um 25% schneller und Zustände auf Euch enden um 50% früher.;3;42;23;10;0;10;.25;15;0;0;0;0;0;0;0;
1767;Schwung des Schnitters;Schwung des Schnitters;Elite-Sensenangriff. (3..15 Sekunde[n].) Verursacht Verkrüppelung. Ihr verliert 1 Derwisch-Verzauberung. Entfernungseffekt: Wirft 2..3 Sekunde[n] lang zu Boden.;3;41;9;10;0;0;0;0;7;0;1;0;0;0;0;
1768;Eile des Läufers;Eile des Läufers;Blitzverzauberung. (2..8 Sekunde[n].) Ihr bewegt Euch um 25% schneller und richtet bei Feinden, die sich bewegen, +3..12 Punkt[e] Schaden an.;3;42;33;10;0;10;0;10;0;0;0;0;0;0;0;
1769;Konzentrierter Zorn;Konzentrierter Zorn;Elite-Fertigkeit. 45 Sekunde[n]: Ihr erhaltet 0..150% mehr Adrenalin.;3;40;1;9;0;10;0;45;0;0;1;0;0;0;0;
1770;Natürliche Laune;Natürliche Laune;Fertigkeit. 4..15 Sekunde[n]: Ihr erhaltet 33% mehr Adrenalin. Keine Wirkung, falls Ihr verzaubert seid.;3;40;1;9;0;0;0;0;3;0;0;0;0;0;0;
1771;Gesang der Wiederherstellung;Gesang der Wiederherstellung;Elite-Anfeuerungsruf. 10 Sekunde[n]: Gruppenmitglieder in Hörweite erhalten bei Benutzung ihrer nächsten Fertigkeit 45..110 Lebenspunkt[e].;3;39;13;9;0;10;1;10;0;0;1;0;0;0;0;
1772;Lyrik der Läuterung;Lyrik der Läuterung;Anfeuerungsruf. 5..20 Sekunde[n]: Verbündete in Hörweite verlieren bei Benutzung ihres nächsten Siegels einen Zustand.;3;39;13;9;0;5;1;10;0;0;0;0;0;0;0;
1773;Wut des Soldaten;Wut des Soldaten;Elite-Echo. (10..35 Sekunde[n].) Ihr greift um 33% schneller an und erhaltet um 33% mehr Adrenalin, falls Ihr unter dem Einfluss eines Schreis oder Anfeuerungsrufs steht. Ihr habt -20 Rüstung.;3;40;14;9;0;5;1;5;0;0;1;0;0;0;0;
1774;Aggressiver Refrain;Aggressiver Refrain;Echo. (5..25 Sekunde[n].) Ihr greift um 25% schneller an. Erneuerung: Jedes Mal, wenn ein Schrei oder Anfeuerungsruf auf Euch endet. Ihr habt -20 Rüstung.;3;40;14;9;0;15;1;20;0;0;0;0;0;0;0;
1775;Energie bringendes Finale;Energie bringendes Finale;Echo. 10..35 Sekunde[n]: Der Verbündete (bzw. Ihr selbst) erhält jedes Mal 1..2 Energiepunkt[e], wenn ein Schrei oder Anfeuerungsruf auf ihm endet. Nicht auf Geister anwendbar.;3;39;14;9;0;10;1;5;0;0;0;0;0;0;0;
1776;Siegel der Aggression;Siegel der Aggression;Siegel. Ihr erhaltet 2 Adrenalinstöße, falls Ihr unter dem Einfluss eines Schreis oder Anfeuerungsrufs steht.;3;-1;21;9;0;0;1;5;0;0;0;0;0;0;0;
1777;Heilmittel-Siegel;Heilmittel-Siegel;Siegel. Ihr verliert einen Zustand.;3;-1;21;9;0;0;1;4;0;0;0;0;0;0;0;
1778;Siegel der Wiederkehr;Siegel der Wiederkehr;Siegel. Das Gruppenmitglied wird wiederbelebt (5..20% Lebenspunkte und 1..4% Energiepunkte pro Gruppenmitglied in Hörweite).;3;40;21;9;0;0;4;5;0;0;0;0;0;0;0;
1779;"Nehmt Euch Zeit!";"Nehmt Euch Zeit!";Schrei. Ihr erhaltet 2 Adrenalin (maximal 1..8) für jedes Gruppenmitglied in Hörweite.;3;40;20;9;0;10;0;10;0;0;0;0;0;0;0;
1780;"Darf nicht angerührt werden!";"Darf nicht angerührt werden!";Schrei. (20 Sekunde[n].) Der nächste[n] gegen Verbündete in Hörweite gerichtete[n] 1..5 Berührungs-Fertigkeit[en] scheitern.;3;38;20;9;0;5;0;10;0;0;0;0;0;0;0;
1781;"Findet ihren Schwachpunkt!";"Findet ihren Schwachpunkt!";Schrei. (5..20 Sekunde[n].) Dieser Verbündete verursacht mit dem nächsten Angriff +5..50 Schaden sowie (5..20 Sekunde[n]) den Zustand Tiefe Wunde.;3;38;20;9;0;10;0;15;0;0;0;0;0;0;0;
1782;"Die Macht ist Euer!";"Die Macht ist Euer!";Elite-Schrei. 2..4 Sekunde[n]: Verbündete in Hörweite erhalten 1..2 Energieregeneration.;3;39;20;9;0;0;0;0;4;0;1;0;0;0;0;
1783;Speer des Würgers;Speer des Würgers;Speerangriff. Richtet +5..25 Punkt[e] Schaden an. Verursacht Zustand Tiefe Wunde (5..20 Sekunde[n]), falls der Gegner mehr Lebenspunkte hat als Ihr.;3;37;12;9;0;10;0;4;0;0;0;0;0;0;0;
1784;Schneller Speer;Schneller Speer;Speerangriff. Richtet +5..20 Punkt[e] Schaden an. Dieser Speer bewegt sich mit doppelter Geschwindigkeit und kann nicht geblockt werden, falls Ihr verzaubert seid.;3;37;12;9;0;5;0;10;0;0;0;0;0;0;0;
1814;Blick des Lichtbringers;Blick des Lichtbringers;Fertigkeit. Der ausgewählte dämonische Diener Abaddons erleidet 100 Punkt[e] heiligen Schaden und wird unterbrochen. Trifft pro Rang, den Ihr bei Lichtbringer erworben habt, einen zusätzlichen Feind im Bereich. Diese Fertigkeit wird deaktiviert (15 Sekunden).;3;-3;1;0;0;5;1;15;0;0;0;1;0;0;0;
1815;Lichtbringer-Siegel;Lichtbringer-Siegel;Siegel. Ihr erhaltet 3..5 Adrenalinstöße und 16..24 Energiepunkt[e], wenn Ihr Euch im Bereich eines dämonischen Dieners Abaddons befindet.;3;-3;21;0;0;0;.25;25;0;0;0;1;0;0;0;
1816;Sonnenspeer-Wiedergeburtssiegel;Sonnenspeer-Wiedergeburtssiegel;Siegel. Das tote Gruppenmitglied wird an Eurer Position wiederbelebt (volle Lebenspunkte, 10% Energiepunkte pro Sonnenspeer-Rang, den Ihr erreicht habt). Das Siegel wird erst aufgeladen, wenn Ihr einen Moralschub erhalten habt.;3;-2;21;0;0;0;3;0;0;0;0;1;0;0;0;
1948;Schattenzuflucht;Schattenzuflucht (Luxon);Verzauberung. 10 Sekunde[n]: Ihr erhaltet +7..10 Lebenspunktregeneration und +40 Rüstung. Ihr seid geblendet (5 Sekunde[n]).;2;-4;23;7;0;5;.25;30;0;0;0;1;0;0;0;
1949;Äther-Alptraum;Äther-Alptraum (Luxon);Verhexung. Lässt 5..8 Energiepunkt[e] verlieren. Der Gegner und Feinde im Gebiet haben -1 Lebenspunktdegeneration pro verlorenem Energiepunkt (10 Sekunde[n]).;2;-4;24;5;0;10;3;25;0;0;0;1;0;0;0;
1950;Siegel der Verdorbenheit;Siegel der Verdorbenheit (Luxon);Siegel. Richtet beim Gegner und Feinden in der Nähe 20..30 Punkt[e] Schaden an. Ihr erhaltet für jeden dieser Gegner mit einem Zustand oder einer Verhexung 2 Energiepunkt[e] (maximal 12..20).;2;-4;21;4;0;0;1;20;0;0;0;1;0;0;0;
1951;Elementarlord;Elementarlord (Luxon);Verzauberung. (40..60 Sekunde[n].) Eure Elementarattribute erhalten einen Schub von 1. Jedes Mal, wenn Ihr einen Zauber wirkt, erhaltet Ihr 1 Energiepunkt pro 10 Ränge in Energiespeicherung und werdet um 100..300% der Energiekosten dieses Zaubers geheilt.;2;-4;23;6;0;5;.25;45;0;0;0;1;0;0;0;
1952;Selbstloser Geist;Selbstloser Geist (Luxon);Verzauberung. (15..20 Sekunde[n].) Zauber, die Ihr auf einen weiteren Verbündeten wirkt, kosten 3 Punkt[e] weniger Energie.;2;-4;23;3;0;5;.25;45;0;0;0;1;0;0;0;
1953;Dreifachschuss;Dreifachschuss (Luxon);Bogenangriff. Ihr feuert drei Pfeile gleichzeitig auf den Gegner ab. Diese Pfeile richten 40..25% weniger Schaden an.;2;-4;2;2;0;10;0;10;0;0;0;1;0;0;0;
1954;"Rettet Euch selbst!";"Rettet Euch selbst!" (Luxon);Schrei. 4..6 Sekunde[n]: Alle anderen Gruppenmitglieder erhalten +100 Rüstung.;2;-4;20;1;0;0;0;0;8;0;0;1;0;0;0;
1955;Aura der Heiligen Macht;Aura der Heiligen Macht (Luxon);Verzauberung. (45 Sekunde[n].) Immer wenn Ihr eine Derwisch-Verzauberung verliert, erleiden alle umstehenden Feinde 20..25 Punkt[e] heiligen Schaden.;2;-4;23;10;0;10;.75;30;0;0;0;1;0;0;0;
1957;Speer der Wut;Speer der Wut (Luxon);Speerangriff. Richtet +30..40 Punkt[e] Schaden an. Ihr erhaltet 3..6 Adrenalinstöße, falls Ihr einen Feind mit einem Zustand trefft.;2;-4;12;9;0;5;1;8;0;0;0;1;0;0;0;
1986;Vampirangriff;Vampirangriff;Doppelangriff. Entzieht 10..40 Lebenspunkt[e], falls dieser Angriff trifft. Muss einem Begleithandangriff folgen.;4;30;7;7;0;5;0;8;0;0;0;0;0;0;0;
1987;Lotus-Stoß;Lotus-Stoß;Begleithandangriff. Richtet +10..25 Punkt[e] Schaden an. Ihr erhaltet 5..20 Energiepunkt[e]. Muss einem Leithandangriff folgen.;4;29;6;7;0;10;0;12;0;0;0;0;0;0;0;
1988;Goldfangstoß;Goldfangstoß;Begleithandangriff. Verursacht Zustand Tiefe Wunde (5..20 Sekunde[n]), falls Ihr verzaubert seid. Muss einem Leithandangriff folgen.;4;29;6;7;0;5;0;4;0;0;0;0;0;0;0;
1990;Fallender Lotus-Stoß;Fallender Lotus-Stoß;Begleithandangriff. Richtet +15..35 Punkt[e] Schaden an. Ihr erhaltet 1..12 Energiepunkt[e]. Gegner muss zu Boden geworfen sein, sonst keine Wirkung.;4;29;6;7;0;5;0;8;0;0;0;0;0;0;0;
1991;Siegel des Sadisten;Siegel des Sadisten;Siegel. Ihr erhaltet pro Zustand auf dem Gegner 10..45 Lebenspunkt[e].;4;30;21;7;0;0;1;8;0;0;0;0;0;0;0;
1992;Siegel der Ablenkung;Siegel der Ablenkung;Siegel. Unterbricht einen Zauber. Unterbrechungswirkung: Der Zauber des Gegners wird deaktiviert (1..5 Sekunde[n] für jedes Siegel, das Ihr ausgerüstet habt).;4;2;21;5;0;0;.25;15;0;0;0;0;0;0;0;
1993;Siegel der Zurückrufung;Siegel der Zurückrufung;Siegel. 6 Sekunde[n]: Ihr habt -4 Energieregeneration. Wirkung am Ende: Ihr erhaltet 13..20 Energiepunkt[e].;4;3;21;5;0;0;.25;20;0;0;0;0;0;0;0;
1994;Kraftsperre;Kraftsperre;Zauber. Unterbricht einen Zauber oder Anfeuerungsruf. Unterbrechungswirkung: unterbrochener Zauber oder Anfeuerungsruf wird zusätzlich 5..13 Sekunde[n] lang deaktiviert.;4;2;22;5;0;5;.25;20;0;0;0;0;0;0;0;
1995;Spare in der Zeit ...;Spare in der Zeit ...;Zauber. Ihr erhaltet 8..13 Energiepunkt[e], falls der Gegner gerade nicht angreift oder einen Zauber wirkt.;4;3;22;5;0;5;.25;15;0;0;0;0;0;0;0;
1996;Summe aller Ängste;Summe aller Ängste;Verhexung. 4..12 Sekunde[n]: Bewegung, Angriffe und das Wirken von Zaubern sind beim Gegner um 33% verlangsamt.;4;1;24;5;0;10;1.5;10;0;0;0;0;0;0;0;
1997;Verkümmernde Aura;Verkümmernde Aura;Verzauberung. 5..20 Sekunde[n]: Die Nahkampfangriffe des Verbündeten (bzw. von Euch selbst) verursachen den Zustand Schwäche (5..20 Sekunde[n]).;4;5;23;4;0;5;1;3;0;0;0;0;0;0;0;
1998;Kakophonie;Kakophonie;Verhexung. 15 Sekunde[n]: Richtet jedes Mal 30..105 Punkt[e] Schaden an, wenn der Gegner einen Schrei oder Anfeuerungsruf benutzt.;4;7;24;4;0;10;1;15;0;0;0;0;0;0;0;
1999;Umarmung des Winters;Umarmung des Winters;Verhexung. (2..6 Sekunde[n].) Der Gegner bewegt sich um 66% langsamer und erleidet 5..15 Punkt[e] Schaden, während er sich bewegt.;4;11;24;6;0;10;.75;15;0;0;0;0;0;0;0;
2000;Irdene Fesseln;Irdene Fesseln;Verhexung. (3 Sekunden.) Der Gegner und alle umstehenden Feinde bewegen sich um 90% langsamer. Verursacht Schwäche für 5..20 Sekunden, wenn es endet.;4;9;24;6;0;10;1;15;0;0;0;0;0;0;0;
2001;Kreis der Schwäche;Kreis der Schwäche;Abwehrzauber. (5..20 Sekunde[n].) Verursacht bei allen Feinden in dieser Abwehr, die Elementarschaden erleiden, den Zustand Schwäche (5..20 Sekunde[n]).;4;9;26;6;0;5;1;20;0;0;0;0;0;0;0;
2002;Glyphe der Schnelligkeit;Glyphe der Schnelligkeit;Glyphe. (15 Sekunde[n].) Eure nächsten 1..5 Zauber laden sich um 25% schneller auf und mit ihnen abgefeuerte Geschosse bewegen sich um 200% schneller.;4;8;16;6;0;5;1;10;0;0;0;0;0;0;0;
2003;Verhexung heilen;Verhexung heilen;Zauber. Entfernt eine Verhexung. Entfernungswirkung: Heilt um 30..100 Lebenspunkt[e].;4;13;22;3;0;5;1;12;0;0;0;0;0;0;0;
2004;Zustand zerschlagen;Zustand zerschlagen;Zauber. Entfernt einen Zustand. Entfernungswirkung: Richtet bei Feinden im Bereich des Verbündeten (bzw. von Euch selbst) 10..60 Punkt[e] heiligen Schaden an.;4;14;22;3;0;5;1;7;0;0;0;0;0;0;0;
2005;Segen des Peinigers;Segen des Peinigers;Verzauberung. 30 Sekunde[n]: Eure Peinigungsgebete haben den doppelten Gunst-der-Götter-Heilbonus.;4;16;23;3;0;5;.25;10;0;0;0;0;0;0;0;
2006;Geißelungs-Siegel;Geißelungs-Siegel;Siegel. Richtet 26..56 Punkt[e] heiligen Schaden an. Ihr erhaltet 4..14 Energiepunkt[e], falls der Gegner gerade angreift.;4;14;21;3;0;0;1;15;0;0;0;0;0;0;0;
2007;Reinigender Schleier;Reinigender Schleier;Verzauberung. Zustände auf dem Verbündeten (bzw. Euch selbst) enden um 5..50% früher. Wirkung am Ende: Entfernt einen Zustand.;4;15;23;3;-1;5;1;6;0;0;0;0;0;0;0;
2008;Zermalmender Schlag;Zermalmender Schlag;Hammerangriff. Verursacht die Zustände Schwäche und Tiefe Wunde (5..20 Sekunde[n]), falls Gegner zu Boden geworfen ist.;4;19;8;1;0;0;0;0;3.2;0;0;0;0;0;0;
2009;Verwegener Hieb;Verwegener Hieb;Axtangriff. Immer ein kritischer Treffer.;4;18;4;1;0;0;0;0;3;0;0;0;0;0;0;
2010;Knieschneider;Knieschneider;Schwertangriff. Ihr erhaltet 2..7 Energiepunkt[e] und 1..3 Adrenalinstöße, falls der Gegner verkrüppelt ist.;4;20;10;1;0;0;0;1;4.8;0;0;0;0;0;0;
2011;Raufen;Raufen;Berührungs-Fertigkeit. Wirft den Gegner zu Boden. Ihr werdet ebenfalls zu Boden geworfen. Eure aktuelle Haltung endet.;4;-1;1;1;0;5;.75;8;0;0;0;0;0;0;0;
2012;Strahlende Sense;Strahlende Sense;Sensenangriff. Richtet für jeden Eurer Energiepunkte +1 Punkt Schaden an (maximal 5..30). Ihr erhaltet 1..7 Energiepunkt[e].;4;41;9;10;0;0;0;0;6;0;0;0;0;0;0;
2013;Grenths Aura;Grenths Aura;Blitzverzauberung. (20 Sekunde[n].) Ihr fügt 5..25 Punkt[e] weniger Schaden zu und stehlt 5..25 Lebenspunkt[e], wenn Ihr mit einer Sense trefft. Anfangswirkung: Stiehlt 5..25 Lebenspunkt[e] von allen umstehenden Feinden.;4;42;33;10;0;10;0;10;0;0;0;0;0;0;0;
2014;Siegel der frommen Zurückhaltung;Siegel der frommen Zurückhaltung;Siegel. Verursacht den Zustand "Verkrüppelung" (5..15 Sekunde[n]). Entfernt 1 Eurer Derwisch-Verzauberungen. Entfernen-Effekt: verursacht auch Verkrüppelung bei Gegnern im Umkreis Eures Ziels und wird um 75 % schneller wieder aufgeladen.;4;42;21;10;0;0;1;10;0;0;0;0;0;0;0;
2015;Sense des Bauern;Sense des Bauern;Sensenangriff. Richtet +5..20 Punkt[e] Schaden an. Wird sofort wieder aufgeladen, falls Ihr mehr als einen Feind trefft.;4;41;9;10;0;5;0;12;0;0;0;0;0;0;0;
2016;Energisch war Lee Sa;Energisch war Lee Sa;Gegenstandszauber. 5..15 Sekunde[n]: Ihr habt +2 Energieregeneration. Fallwirkung: Ihr erhaltet +1..10 Energiepunkt[e].;4;36;25;8;0;10;2;20;0;0;0;0;0;0;0;
2017;Hymne der Müdigkeit;Hymne der Müdigkeit;Anfeuerungsruf. 8 Sekunde[n]: Verbündete in Hörweite verursachen bei Benutzung ihrer nächsten Angriffsfertigkeit Schwäche (1..16 Sekunde[n]).;4;38;13;9;0;5;1;10;0;0;0;0;0;0;0;
2018;Hymne der Störung;Hymne der Störung;Anfeuerungsruf. 1..10 Sekunde[n]: Verbündete in Hörweite unterbrechen bei Benutzung ihrer nächsten Angriffsfertigkeit eine Aktion.;4;38;13;9;0;10;1;15;0;0;0;0;0;0;0;
2051;Geister herbeirufen;Geister herbeirufen (Luxon);Zauber. Von Euch kontrollierte Geister machen einen Schattenschritt zu Eurer Position und erhalten 60..100 Lebenspunkt[e].;2;-4;22;8;0;5;.25;5;0;0;0;1;0;0;0;
2052;Schattenfangzahn;Schattenfangzahn;Verhexung. Unternehmt einen Schattenschritt zum Gegner. Wirkung am Ende (nach 10 Sekunde[n]): Verursacht Zustand Tiefe Wunde (5..20 Sekunde[n]). Ihr kehrt zur anfänglichen Position zurück.;4;30;24;7;0;10;.25;20;0;0;0;0;0;0;0;
2053;Kalkuliertes Risiko;Kalkuliertes Risiko;Verhexung. (3..24 Sekunde[n].) Angriffe des Gegners richten +10 Punkte Schaden an. Bei jedem Angriff besteht eine Chance von 50%, dass der Schaden (maximal 15..100 Punkt[e]) stattdessen dem Gegner zugefügt wird.;4;1;24;5;0;5;1;7;0;0;0;0;0;0;0;
2054;Schrumpfende Rüstung;Schrumpfende Rüstung;Verhexung. 10 Sekunde[n]: Verursacht -1..4 Lebenspunktdegeneration. Wirkung am Ende: Verursacht Zustand Beschädigte Rüstung (5..20 Sekunde[n]).;4;1;24;5;0;5;1;8;0;0;0;0;0;0;0;
2055;Aneurysma;Aneurysma;Zauber. Gegner erhält alle Energiepunkte zurück. Pro gewonnenen Energiepunkt erleidet der Gegner 1..3 Punkt[e] Schaden und alle umstehenden Gegner verlieren einen Energiepunkt (maximal 1..30).;4;2;22;5;0;5;1;5;0;0;0;0;0;0;0;
2056;Wanderndes Auge;Wanderndes Auge;Verhexung. 4 Sekunde[n]: Unterbricht den nächsten Angriff des Gegners. Unterbrechungswirkung: 30..110 Punkt[e] Schaden bei Feinden in der Nähe.;4;1;24;5;0;5;2;12;0;0;0;0;0;0;0;
2057;Widerliches Gelage;Widerliches Gelage;Zauber. Alle Zustände werden vom Verbündeten auf Euch übertragen. Ihr erhaltet für jeden übertragenen Zustand 0..45 Lebenspunkt[e] und 2..4 Energiepunkt[e]. Die Wiederaufladezeit wird halbiert, wenn Ihr "Krankheit" entfernt. Sich selbst als Ziel wählen nicht möglich.;4;6;22;4;0;5;.25;4;0;0;0;0;0;0;0;
2058;Verwesende Galle;Verwesende Galle;Verhexung. 5..25 Sekunde[n]: Verursacht -1..3 Lebenspunktdegeneration. Richtet bei allen Feinden in der Nähe 25..85 Punkt[e] Schaden an, falls der Gegner stirbt.;4;5;24;4;0;10;1;12;0;0;0;0;0;0;0;
2059;Kriegsneurose;Kriegsneurose;Zauber. Richtet 10..30 Punkte Blitzschaden an. Verursacht den Zustand Beschädigte Rüstung (5..20 Sekunden). 25% Rüstungsdurchdringung. Wenn Überzaubert, werden auch umstehende Gegner getroffen.;4;8;22;6;0;5;1;8;0;0;0;0;0;0;0;
2060;Glyphe der Aufopferung;Glyphe der Aufopferung;Glyphe. (15 Sekunde[n].) Eure nächsten 1..4 auf Feinde gerichteten Zauber verursachen zusätzlich den Zustand Brennen (1..4 Sekunde[n]).;4;10;16;6;0;5;1;10;0;0;0;0;0;0;0;
2061;Geduldiger Geist;Geduldiger Geist;Verzauberung. (2 Sekunde[n].) Wirkung am Ende: Heilt 30..120 Lebenspunkt[e]. Keine Wirkung bei vorzeitiger Beendigung.;4;13;23;3;0;5;.25;4;0;0;0;0;0;0;0;
2062;Heilendes Band;Heilendes Band;Zauber. Heilt um 20..110 Lebenspunkt[e]. Heilt zwei weitere Verbündete in der Nähe des Verbündeten um 10..100 Lebenspunkt[e]. Sich selbst als Ziel wählen nicht möglich.;4;13;22;3;0;10;1;5;0;0;0;0;0;0;0;
2063;Aura der Stabilität;Aura der Stabilität;Verzauberung. 3..8 Sekunde[n]: Der Verbündete kann nicht zu Boden geworfen werden. Sich selbst als Ziel wählen nicht möglich.;4;15;23;3;0;5;.25;12;0;0;0;0;0;0;0;
2064;Makelloser Verstand;Makelloser Verstand;Verzauberung. 1..15 Sekunde[n]: Entfernt nach je 5 Sekunde[n] eine Verhexung. Sich selbst als Ziel wählen nicht möglich.;4;13;23;3;0;5;.25;12;0;0;0;0;0;0;0;
2065;Makellose Seele;Makellose Seele;Verzauberung. 1..15 Sekunde[n]: Entfernt nach je 3 Sekunde[n] einen Zustand. Sich selbst als Ziel wählen nicht möglich.;4;13;23;3;0;5;.25;12;0;0;0;0;0;0;0;
2066;Entwaffnen;Entwaffnen;Schwertangriff. Unterbricht den Gegner. Unterbrechungswirkung: Deaktiviert die Angriffsfertigkeiten des Gegners (0..3 Sekunde[n]), falls die unterbrochene Aktion ein Angriff war.;4;17;10;1;0;5;.5;20;0;0;0;0;0;0;0;
2067;"Das war Absicht!";"Das war Absicht!";Schrei. Ihr erhaltet 1..6 Adrenalinstöße, falls Ihr zu Boden geworfen werdet.;4;17;20;1;0;5;0;8;0;0;0;0;0;0;0;
2068;Schnellfeuer;Schnellfeuer;Vorbereitung. 5..25 Sekunde[n]: Eure Angriffe sind um 33% schneller, wenn Ihr einen Bogen einsetzt.;4;25;17;2;0;5;2;12;0;0;0;0;0;0;0;
2069;Schuss des Faultierjägers;Schuss des Faultierjägers;Bogenangriff. Richtet +10..25 Punkt[e] Schaden an. Richtet zusätzlich +10..35 Punkt[e] Schaden an, falls der Gegner gerade keine Fertigkeit benutzt.;4;25;2;2;0;10;0;8;0;0;0;0;0;0;0;
2070;Auraschneider;Auraschneider;Nahkampfangriff. (5..15 Sekunde[n].) Verursacht bei stehenden Feinden "Blutung". Verursacht ebenfalls Beschädigte Rüstung (1..10 Sekunde[n]), falls Ihr verzaubert seid.;4;44;3;10;0;0;0;0;3.2;0;0;0;0;0;0;
2071;Eifriger Schwung;Eifriger Schwung;Sensenangriff. Richtet 5..20 Punkt[e] Schaden an. Ihr erhaltet für jeden getroffenen Feind 3 Energiepunkt[e] und 1 Adrenalinstoß.;4;41;9;10;0;5;0;10;0;0;0;0;0;0;0;
2072;Rein war Li Ming;Rein war Li Ming;Gegenstandszauber. 5..20 Sekunde[n]: Zustände auf Euch enden um 10..50% früher. Fallwirkung: Entfernt bei Verbündeten in Hörweite 1..4 Zustände.;4;33;25;8;0;5;1;20;0;0;0;0;0;0;0;
2073;Waffe der Aggression;Waffe der Aggression;Waffenzauber. 5..15 Sekunde[n]: Ihr greift um 25% schneller an.;4;34;27;8;0;10;.25;10;0;0;0;0;0;0;0;
2074;Brusttrommler;Brusttrommler;Speerangriff. Verursacht Zustand Tiefe Wunde (5..20 Sekunde[n]), falls Gegner Beschädigte Rüstung hat.;4;37;12;9;0;5;0;5;0;0;0;0;0;0;0;
2075;Hastiger Refrain;Hastiger Refrain;Echo. 8..20 Sekunde[n]: Der Verbündete (bzw. Ihr selbst) bewegt sich um 25% schneller. Erneuerung: Jedes Mal, wenn ein Schrei oder Anfeuerungsruf auf dem Verbündeten (bzw. Euch selbst) endet.;4;40;14;9;0;5;1;10;0;0;0;0;0;0;0;
2091;Schattenzuflucht;Schattenzuflucht (Kurzick);Verzauberung. 10 Sekunde[n]: Ihr erhaltet +7..10 Lebenspunktregeneration und +40 Rüstung. Ihr seid geblendet (5 Sekunde[n]).;2;-5;23;7;0;5;.25;30;0;0;0;1;0;0;0;
2092;Äther-Alptraum;Äther-Alptraum (Kurzick);Verhexung. Lässt 5..8 Energiepunkt[e] verlieren. Der Gegner und Feinde im Gebiet haben -1 Lebenspunktdegeneration pro verlorenem Energiepunkt (10 Sekunde[n]).;2;-5;24;5;0;10;3;25;0;0;0;1;0;0;0;
2093;Siegel der Verdorbenheit;Siegel der Verdorbenheit (Kurzick);Siegel. Richtet beim Gegner und Feinden in der Nähe 20..30 Punkt[e] Schaden an. Ihr erhaltet für jeden dieser Gegner mit einem Zustand oder einer Verhexung 2 Energiepunkt[e] (maximal 12..20).;2;-5;21;4;0;0;1;20;0;0;0;1;0;0;0;
2094;Elementarlord;Elementarlord (Kurzick);Verzauberung. (40..60 Sekunde[n].) Eure Elementarattribute erhalten einen Schub von 1. Jedes Mal, wenn Ihr einen Zauber wirkt, erhaltet Ihr 1 Energiepunkt pro 10 Ränge in Energiespeicherung und werdet um 100..300% der Energiekosten dieses Zaubers geheilt.;2;-5;23;6;0;5;.25;45;0;0;0;1;0;0;0;
2095;Selbstloser Geist;Selbstloser Geist (Kurzick);Verzauberung. (15..20 Sekunde[n].) Zauber, die Ihr auf einen weiteren Verbündeten wirkt, kosten 3 Punkt[e] weniger Energie.;2;-5;23;3;0;5;.25;45;0;0;0;1;0;0;0;
2096;Dreifachschuss;Dreifachschuss (Kurzick);Bogenangriff. Ihr feuert drei Pfeile gleichzeitig auf den Gegner ab. Diese Pfeile richten 40..25% weniger Schaden an.;2;-5;2;2;0;10;0;10;0;0;0;1;0;0;0;
2097;"Rettet Euch selbst!";"Rettet Euch selbst!" (Kurzick);Schrei. 4..6 Sekunde[n]: Alle anderen Gruppenmitglieder erhalten +100 Rüstung.;2;-5;20;1;0;0;0;0;8;0;0;1;0;0;0;
2098;Aura der Heiligen Macht;Aura der Heiligen Macht (Kurzick);Verzauberung. (45 Sekunde[n].) Immer wenn Ihr eine Derwisch-Verzauberung verliert, erleiden alle umstehenden Feinde 20..25 Punkt[e] heiligen Schaden.;2;-5;23;10;0;10;.75;30;0;0;0;1;0;0;0;
2099;Speer der Wut;Speer der Wut (Kurzick);Speerangriff. Richtet +30..40 Punkt[e] Schaden an. Ihr erhaltet 3..6 Adrenalinstöße, falls Ihr einen Feind mit einem Zustand trefft.;2;-5;12;9;0;5;1;8;0;0;0;1;0;0;0;
2100;Geister herbeirufen;Geister herbeirufen (Kurzick);Zauber. Von Euch kontrollierte Geister machen einen Schattenschritt zu Eurer Position und erhalten 60..100 Lebenspunkt[e].;2;-5;22;8;0;5;.25;5;0;0;0;1;0;0;0;
2101;Kritische Beweglichkeit;Kritische Beweglichkeit;Verzauberung. (4 Sekunde[n] plus 1 Sekunde für jeden Rang bei Kritischen Stößen.) Ihr greift um 33% schneller an und erhaltet +15..25 Rüstung. Erneuerung: Jedes Mal, wenn Ihr einen kritischen Treffer landet.;3;-2;23;7;0;5;1;30;0;0;0;1;0;0;0;
2102;Schmerzensschrei;Schmerzensschrei;Zauber. Unterbricht eine Fähigkeit. Wenn Gegner eine Mesmer-Verhexung erlitten hat, werden 25..50 Punkt[e] Schaden beim Gegner und Feinden in dem Bereich angerichtet und 10 Sekunden lang ist eine Lebenspunktedegeneration von -3..5 wirksam.;3;-2;22;5;0;10;.25;15;0;0;0;1;0;0;0;
2103;Nekrose;Nekrose;Fertigkeit. Richtet 60..90 Punkt[e] Schaden an, falls Gegner einen Zustand oder eine Verhexung hat.;3;-2;1;4;0;5;1;2;0;0;0;1;0;0;0;
2104;Intensität;Intensität;Fertigkeit. (10 Sekunden.) Das nächste Mal, wenn Ihr Elementarschaden mit einem Zauber zufügt, erleiden andere Feinde in dem Bereich 60..70% dieses Schadens.;3;-2;1;6;0;5;0;10;0;0;0;1;0;0;0;
2105;Lebenssaat;Lebenssaat;Verzauberung. (2..5 Sekunden.) Heilt alle Gruppenmitglieder jedes Mal, wenn das Ziel Schaden erleidet, um 2 Lebenspunkt[e] pro Rang in Gunst der Götter. Sich selbst als Ziel wählen nicht möglich.;3;-2;23;3;0;5;.25;20;0;0;0;1;0;0;0;
2107;Wirbelsturmangriff;Wirbelsturmangriff;Nahkampfangriff. Greift Gegner und umstehende Feinde an und richtet +13..20 Punkt[e] Schaden an.;3;-2;3;1;0;0;0;1;5.2;0;0;1;0;0;0;
2108;Tobt niemals allein;Tobt niemals allein;Fertigkeit. 18..25 Sekunde[n]: Ihr und Euer Tiergefährte greift um 25% schneller an und habt +1..3 Lebenspunktregeneration.;3;-2;1;2;0;15;0;20;0;0;0;1;0;0;0;
2109;Ewige Aura;Ewige Aura;Verzauberung. Ihr habt +100 maximale Lebenspunkte. Wirkung am Ende: Alle Gruppenmitglieder im Bereich werden mit 40..50% Lebenspunkt[en] und 20..30% Energiepunkt[en] wiederbelebt.;3;-2;23;10;0;15;4;30;0;0;0;1;0;0;0;
2110;Vampirismus;Vampirismus;Binderitual. Erstellt einen Geist der Stufe 4..14 (75..150 Sekunde[n] Lebensdauer). Seine Angriffe entziehen 10..20 Lebenspunkt[e] und Ihr werdet um 10..20 Lebenspunkt[e] geheilt.;3;-2;18;8;0;10;.75;30;0;0;0;1;0;0;0;
2112;"Es gibt nichts zu befürchten!";"Es gibt nichts zu befürchten!";Schrei. (4 Sekunde[n] plus 1 Sekunde für alle 2 Ränge bei Führung.) Reduziert Schaden für Gruppenmitglieder in Hörweite um 20..35%. Wirkung am Ende: Heilt um 35..60 Lebenspunkt[e].;3;-2;20;9;0;15;0;20;0;0;0;1;0;0;0;
2116;Überraschungsangriff;Überraschungsangriff;Nahkampfangriff. Verursacht Blindheit (5..8 Sekunde[n]). Zählt als Leithandangriff.;4;-8;3;0;0;5;0;5;0;0;0;1;0;0;0;
2135;Trampelnder Ochse;Trampelnder Ochse;Doppelangriff. Richtet +5..20 Punkt[e] Schaden an. wirft den Gegner zu Boden, falls er verkrüppelt ist. Muss einem Begleithandangriff folgen.;4;29;7;7;0;5;0;8;0;0;0;0;0;0;0;
2136;Rauchpulver-Verteidigung;Rauchpulver-Verteidigung;Haltung. (8 Sekunde[n].) Das nächste Mal, wenn Ihr getroffen werdet, erleidet Ihr nur halben Schaden und verursacht bei umstehenden Feinden den Zustand Blindheit (2..6 Sekunde[n]).;4;31;29;7;0;5;0;20;0;0;0;0;0;0;0;
2137;Verwirrende Bilder;Verwirrende Bilder;Verhexung. (2..10 Sekunden.) Der Gegner benötigt doppelt so lange, um Nicht-Angriffsfertigkeiten zu aktivieren.;4;1;24;5;0;10;1;20;0;0;0;0;0;0;0;
2138;Lebenskraft des Verhexers;Lebenskraft des Verhexers;Verzauberung. (10 Sekunde[n].) Ihr habt +1..8 Lebenspunktregeneration. Endet, sobald Ihr eine Fertigkeit benutzt, die keine Verhexung ist.;4;6;23;4;0;5;.25;10;0;0;0;0;0;0;0;
2139;Masochismus;Masochismus;Verzauberung. (10..40 Sekunden.) Ihr habt +2 Todesmagie und Seelensammlung. Ihr opfert jedes Mal, wenn Ihr einen Zauber wirkt, zusätzlich 5..3% Eurer maximalen Lebenspunkte.;4;6;23;4;0;5;1;20;0;0;0;0;0;0;0;
2140;Durchbohrende Falle;Durchbohrende Falle;Falle. 90 Sekunden: Betrifft Feinde in der Nähe. Richtet 5..50 Punkt[e] Stichschaden an. Richtet bei Feinden mit Beschädigter Rüstung zusätzlich 15..60 Punkt[e] Schaden an. Leicht zu unterbrechen.;4;24;30;2;0;10;2;30;0;0;0;0;0;0;0;
2141;Kameradschaft;Kameradschaft;Fertigkeit. Heilt Euch um 30..120 Lebenspunkt[e], falls Ihr weniger Lebenspunkte habt als Euer Tiergefährte. Heilt Euren Tiergefährten um 30..120 Lebenspunkt[e], falls er weniger Lebenspunkte hat als Ihr.;4;22;1;2;0;5;2;10;0;0;0;0;0;0;0;
2142;Wilde Aggression;Wilde Aggression;Fertigkeit. 5..20 Sekunde[n]: Euer Tiergefährte greift um 33% schneller an und richtet +3..10 Punkt[e] Schaden an.;4;22;1;2;0;15;0;20;0;0;0;0;0;0;0;
2143;Unterbrechender Schuss;Unterbrechender Schuss;Bogenangriff. Unterbricht eine Aktion. Unterbrechungswirkung: +10..40 Punkt[e] Schaden, falls Ihr eine Fertigkeit unterbrecht.;4;25;2;2;0;10;.5;15;0;0;0;0;0;0;0;
2144;Salve;Salve;Bogenangriff. Richtet +1..10 Punkt[e] Schaden an. Trifft bis zu 3 umstehende Feinde um den Gegner. Entfernt alle Eure Vorbereitungen.;4;25;2;2;0;5;0;2;0;0;0;0;0;0;0;
2145;Expertenfokus;Expertenfokus;Vorbereitung. (24 Sekunde[n].) Eure Bogen-Angriffsfertigkeiten kosten 1..2 Energiepunkt[e] weniger und richten +1..10 Punkt[e] Schaden an.;4;23;17;2;0;10;2;12;0;0;0;0;0;0;0;
2146;Frommer Zorn;Frommer Zorn;Haltung. (1..7 Sekunde[n].) Ihr greift 25% schneller an und entfernt 1 Eurer Derwisch-Verzauberungen. Entfernungseffekt: Diese Haltung dauert doppelt so lange an.;4;44;29;10;0;5;0;10;0;0;0;0;0;0;0;
2147;Verkrüppelnder Sieg;Verkrüppelnder Sieg;Sensenangriff. (3..8 Sekunde[n].) Verkrüppelt den Gegner. Falls Ihr mehr Lebenspunkte habt als der Gegner, werden erleiden alle umstehenden Feinde 10..30 Punkt[e] Erdschaden.;4;41;9;10;0;0;0;0;6;0;0;0;0;0;0;
2148;Trennende Waffe;Trennende Waffe;Waffenzauber. 4..10 Sekunde[n]: Die nächsten 3 Angriff des Verbündeten (bzw. von Euch selbst) verursachen Zustand Beschädigte Rüstung (5..20 Sekunde[n]) und haben 10% Rüstungsdurchdringung.;4;32;27;8;0;5;1;10;0;0;0;0;0;0;0;
2149;Waffe der Erneuerung;Waffe der Erneuerung;Waffenzauber. 5..20 Sekunde[n]: Der Verbündete (bzw. Ihr selbst) erhält 1..7 Energiepunkt[e], wenn er das nächste Mal mit einer Angriffsfertigkeit trifft.;4;36;27;8;0;5;1;10;0;0;0;0;0;0;0;
2150;Verkrüppelungs-Speer;Verkrüppelungs-Speer;Speerangriff. Verursacht Zustand Verkrüppelung (5..20 Sekunde[n]), falls der Gegner blutet.;4;37;12;9;0;5;0;5;0;0;0;0;0;0;0;
2186;Siegel der tödlichen Verdorbenheit;Siegel der tödlichen Verdorbenheit;Siegel. Richtet für jeden Zustand des Gegners 5..35 Punkt[e] Schaden an (maximal 130).;4;30;21;7;0;0;1;12;0;0;0;0;0;0;0;
2187;Weg des Meisters;Weg des Meisters;Verzauberung. 60 Sekunde[n]: Wenn Ihr eine Waffe führt, die kein Dolch ist, habt Ihr +3..33% zur Chance auf kritische Treffer.;4;35;23;7;0;5;.25;30;0;0;0;0;0;0;0;
2188;Verteidigung entweihen;Verteidigung entweihen;Verhexung. 5..20 Sekunde[n]: Richtet 30..120 Punkt[e] Schaden an, wenn der Gegner das nächste Mal blockt.;4;7;24;4;0;5;1;5;0;0;0;0;0;0;0;
2189;Angorodons Starren;Angorodons Starren;Zauber. Entzieht 10..50 Lebenspunkt[e]. Ihr erhaltet 3..12 Energiepunkt[e], falls Ihr einen Zustand habt.;4;6;22;4;0;5;1;10;0;0;0;0;0;0;0;
2190;Magnetschub;Magnetschub;Verzauberung. Richtet 15..75 Punkte Schaden an. Wenn Ihr Überzaubert seid, werden alle Verbündeten in Hörweite 1..5 Sekunden lang verzaubert, sodass sie den nächsten gegen sie gerichteten Angriff blocken.;4;9;23;6;0;10;1;15;0;0;0;0;0;0;0;
2191;Rutschiger Boden;Rutschiger Boden;Zauber. Wirft den Gegner zu Boden, falls er geblendet ist oder sich bewegt. Trifft um Euren Zielgegner herum stehende Feinde. Bei Wassermagie von 4 oder weniger besteht eine 50%ige Wahrscheinlichkeit für einen Misserfolg.;4;11;22;6;0;5;1;10;0;0;0;0;0;0;0;
2192;Leuchtendes Eis;Leuchtendes Eis;Zauber. Richtet 5..50 Punkt[e] Kälteschaden an. Ihr erhaltet 5 Energiepunkt[e] sowie 1 Energiepunkt pro 2 Ränge in Energiespeicherung, wenn der Gegner mit Wassermagie verhext ist.;4;11;22;6;0;5;1;8;0;0;0;0;0;0;0;
2193;Energieexplosion;Energieexplosion;Zauber. Richtet für jeden Eurer Energiepunkte 1..2 Punkt[e] Schaden an (maximal 130).;4;12;22;6;0;5;1.5;20;0;0;0;0;0;0;0;
2194;Ablenkender Stoß;Ablenkender Stoß;Nahkampfangriff. Unterbricht eine Aktion. Unterbrechungswirkung: Deaktiviert unterbrochene Fertigkeit (30 Sekunde[n]), falls Gegner Beschädigte Rüstung aufweist. Fügt keinen Schaden zu.;4;-1;3;1;0;5;.5;15;0;0;0;0;0;0;0;
2195;Symbolischer Schlag;Symbolischer Schlag;Nahkampfangriff. Richtet für jedes Siegel, das Ihr ausgerüstet habt, +12 Punkt[e] Schaden an (maximal 70).;4;-1;3;1;0;0;0;0;3.2;0;0;0;0;0;0;
2196;Geschwindigkeit des Soldaten;Geschwindigkeit des Soldaten;Haltung. (3..18 Sekunde[n].) Ihr bewegt Euch um 15% schneller und um weitere 15%, wenn Ihr unter dem Einfluss eines Anfeuerungsrufs oder Schreis steht.;4;21;29;1;0;5;0;12;0;0;0;0;0;0;0;
2197;Körperschlag;Körperschlag;Nahkampfangriff. Richtet +10..40 Punkt[e] Schaden an. Verursacht Tiefe Wunde (0..15 Sekunde[n]), falls Gegner Beschädigte Rüstung hat.;4;17;3;1;0;0;0;0;6.4;0;0;0;0;0;0;
2198;Körperschuss;Körperschuss;Bogenangriff. Richtet +5..20 Punkt[e] Schaden an. Ihr erhaltet 5..10 Energiepunkt[e], falls Gegner Beschädigte Rüstung hat.;4;25;2;2;0;5;0;8;0;0;0;0;0;0;0;
2199;Giftspitzen-Siegel;Giftspitzen-Siegel;Siegel. 60 Sekunde[n]: Euer nächster Angriff verursacht Zustand Gift (8..15 Sekunde[n]).;4;24;21;2;0;0;1;6;0;0;0;0;0;0;0;
2200;Siegel der mystischen Geschwindigkeit;Siegel der mystischen Geschwindigkeit;Siegel. (30 Sekunde[n].) Eure nächste[n] 1..3 auf Euch gewirkte[n] Verzauberung[en] wirken sofort. Blitzverzauberungen verbrauchen diese Fertigkeit nicht.;4;42;21;10;0;0;1;20;0;0;0;0;0;0;0;
2201;Kraftschild;Kraftschild;Blitzverzauberung. (1..16 Sekunde[n].) Blockt die nächsten 1 Angriff[e] gegen Euch. Wirft alle umstehenden angreifenden Feinde zu Boden und fügt "Schwäche" zu (5..20 Sekunde[n]).;4;43;33;10;0;10;0;12;0;0;0;0;0;0;0;
2202;Genesungsgriff;Genesungsgriff;Zauber. Heilt um 30..90 Lebenspunkt[e]. Entfernt einen Zustand, falls der Verbündete (bzw. Ihr selbst) unter dem Einfluss eines Waffenzaubers steht.;4;33;22;8;0;5;1;4;0;0;0;0;0;0;0;
2203;Geistsauger-Aura;Geistsauger-Aura;Fertigkeit. (5..20 Sekunde[n].) Alle Eure Geister in Hörweite fügen 5..20 weniger Schaden zu und stehlen 5..20 Lebenspunkte, wenn sie angreifen.;4;33;1;8;0;5;.25;20;0;0;0;0;0;0;0;
2204;Verjüngung;Verjüngung;Binderitual. Erstellt einen Geist der Stufe 1..20 (30..90 Sekunde[n] Lebensdauer). Heilt Gruppenmitglieder in Hörweite jede Sekunde um 3..10 Lebenspunkt[e]. Heilkosten: Der Geist verliert 3..10 Lebenspunkt[e].;4;33;18;8;0;10;.75;30;0;0;0;0;0;0;0;
2205;Todesqual;Todesqual;Binderitual. Erstellt einen Geist der Stufe 1..12 (30..90 Sekunde[n] Lebensdauer). Lässt Feinde in Hörweite jede Sekunde 3..10 Lebenspunkt[e] verlieren. Der Geist verliert für jeden betroffenen Feind 3..10 Lebenspunkt[e].;4;34;18;8;0;10;.75;30;0;0;0;0;0;0;0;
2206;Geisterwaffe;Geisterwaffe;Waffenzauber. 5..20 Sekunde[n]: Der nächste Angriff des Verbündeten kann nicht geblockt werden. Sich selbst als Ziel wählen nicht möglich.;4;32;27;8;0;3;.25;1;0;0;0;0;0;0;0;
2207;Inspirative Rede;Inspirative Rede;Fertigkeit. Der Verbündete erhält 1..8 Adrenalinstöße. Sich selbst als Ziel wählen nicht möglich. Ihr verliert alles Adrenalin.;4;39;1;9;0;5;0;10;0;0;0;0;0;0;0;
2208;Brennender Schild;Brennender Schild;Fertigkeit. 3..9 Sekunde[n]: Blockt die nächste Angriffsfertigkeit gegen Euch. Verursacht Zustand Brennen (1..6 Sekunde[n]), falls es sich um einen Nahkampfangriff handelt. Keine Wirkung, falls Ihr keinen Schild benutzt.;4;40;1;9;0;5;0;20;0;0;0;0;0;0;0;
2209;Heiliger Speer;Heiliger Speer;Speerangriff. Richtet +5..20 Punkt[e] Schaden an. Richtet bei Feinden in der Nähe 15..90 Punkt[e] heiligen Schaden an und verursacht Zustand Brennen (3 Sekunde[n]), falls Ihr eine herbeigerufene Kreatur trefft.;4;37;12;9;0;0;0;0;4;0;0;0;0;0;0;
2210;Speerschlag;Speerschlag;Speer-Nahkampfangriff. Richtet +5..20 Punkt[e] Schaden an und verursacht Zustand Benommenheit (4..10 Sekunde[n]). Dieser Angriff hat Nahkampfreichweite.;4;40;12;9;0;5;0;20;0;0;0;0;0;0;0;
2211;Alkars Alchemiesäure;Alkars Alchemiesäure;Zauber. Geschoss: Richtet beim Gegner und umstehenden Feinden 40..50 Punkt[e] Schaden an. Verursacht bei Zerstörern zusätzlich 45..70 Punkt[e] Schaden und Zustand Beschädigte Rüstung (14..20 Sekunde[n]).;4;-7;22;0;0;10;1;10;0;0;0;1;0;0;0;
2212;Licht von Deldrimor;Licht von Deldrimor;Zauber. Richtet bei umstehenden Feinden in dem Bereich 55..80 Punkt[e] heiligen Schaden an. Versteckte Gegenstände im Bereich werden kurz auf Eurem Kompass angezeigt.;4;-7;22;0;0;5;.75;20;0;0;0;1;0;0;0;
2213;Ohrenbiss;Ohrenbiss;Berührungs-Fertigkeit. Richtet 50..70 Punkt[e] Stichschaden an und verursacht Zustand Blutung (15..25 Sekunde[n]).;4;-7;1;0;0;0;.75;0;4;0;0;1;0;0;0;
2214;Unter der Gürtellinie;Unter der Gürtellinie;Berührungs-Fertigkeit. Richtet 45..70 Punkt[e] Schaden an. Richtet +30..50 Punkt[e] zusätzlichen Schaden an und verursacht Beschädigte Rüstung (14..20 Sekunde[n]), falls der Gegner zu Boden geworfen wurde.;4;-7;1;0;0;0;.75;0;6;0;0;1;0;0;0;
2215;Rauf-Kopfstoß;Rauf-Kopfstoß;Berührungs-Fertigkeit. Richtet 45..70 Punkt[e] Schaden an und wirft zu Boden.;4;-7;1;0;0;0;.75;0;7;0;0;1;0;0;0;
2216;"Stolpert nicht!";"Stolpert nicht!";Schrei. 3..5 Sekunde[n]: Gruppenmitglieder in Hörweite können nicht zu Boden geworfen werden.;4;-7;20;0;0;5;0;20;0;0;0;1;0;0;0;
2217;"Bei Urals Hammer!";"Bei Urals Hammer!";Schrei. (30 Sekunde[n].) Alle toten Gruppenmitglieder in Hörweite werden mit vollen Lebens- und Energiepunkten wiederbelebt. Betroffene Gruppenmitglieder fügen zusätzlich 25..33% Schaden zu. Betroffene Gruppenmitglieder sterben am Ende der Wirkung, erhalten jedoch keinen Sterbemalus.;4;-7;20;0;0;5;0;60;0;0;0;1;0;0;0;
2218;Betrunkener Meister;Betrunkener Meister;Haltung. 72..90 Sekunde[n]: Eure Bewegungs- und Angriffsgeschwindigkeit ist um 10..15% erhöht, falls Ihr nicht betrunken seid. Eure Bewegungs- und Angriffsgeschwindigkeit ist um 25..33% erhöht, falls Ihr betrunken seid.;4;-7;29;0;0;5;0;60;0;0;0;1;0;0;0;
2219;Waffe des Großen Zwergs;Waffe des Großen Zwergs;Waffenzauber. 20 Sekunde[n]: +15..20 Punkt[e] Waffenschaden und 28..40%ige Chance, Feinde mit Angriffen zu Boden zu werfen. Sich selbst als Ziel wählen nicht möglich.;4;-7;27;0;0;10;1;5;0;0;0;1;0;0;0;
2220;Rüstung des Großen Zwergs;Rüstung des Großen Zwergs;Verzauberung. 22..40 Sekunde[n]: +24 Rüstung und +60 maximale Lebenspunkte. Zusätzlich +24 Rüstung gegen Zerstörer.;4;-7;23;0;0;5;1;10;0;0;0;1;0;0;0;
2221;Atem des Großen Zwergs;Atem des Großen Zwergs;Zauber. Entfernt Brennen und heilt um 50..60 Lebenspunkt[e]. Betrifft Gruppenmitglieder.;4;-7;22;0;0;10;.25;15;0;0;0;1;0;0;0;
2222;Schneesturm;Schneesturm;Zauber. 5 Sekunde[n]: Richtet jede Sekunde 30..40 Punkt[e] Kälteschaden an. Trifft umstehende Feinde um anfängliche Position des Gegners.;4;-7;22;0;0;10;1;10;0;0;0;1;0;0;0;
2223;Schwarzpulvermine;Schwarzpulvermine;Falle. 90 Sekunde[n]: Betrifft Feinde in der Nähe. Richtet 20..30 Punkt[e] Schaden an. Verursacht die Zustände Blindheit und Blutung (7..10 Sekunde[n]). Leicht zu unterbrechen.;4;-7;30;0;0;10;2;20;0;0;0;1;0;0;0;
2224;Mursaat herbeirufen;Mursaat herbeirufen;Zauber. Ruft einen Mursaat der Stufe 14..20 herbei (40..60 Sekunde[n] Lebensdauer), der über Schwächende Aufladung verfügt. Es kann jeweils nur 1 Asura-Beschwörung aktiv sein.;4;-6;22;0;0;10;3;60;0;0;0;1;0;0;0;
2225;Rubin-Dschinn herbeirufen;Rubin-Dschinn herbeirufen;Zauber. Ruft einen Rubin-Dschinn der Stufe 14..20 herbei (40..60 Sekunde[n] Lebensdauer), der über Feueropfer verfügt. Es kann jeweils nur 1 Asura-Beschwörung aktiv sein.;4;-6;22;0;0;10;3;60;0;0;0;1;0;0;0;
2226;Eis-Kobold herbeirufen;Eis-Kobold herbeirufen;Zauber. Ruft einen Eis-Kobold der Stufe 14..20 herbei (40..60 Sekunde[n] Lebensdauer), der über Eisdornen verfügt. Es kann jeweils nur 1 Asura-Beschwörung aktiv sein.;4;-6;22;0;0;10;3;60;0;0;0;1;0;0;0;
2227;Naga-Schamanen herbeirufen;Naga-Schamanen herbeirufen;Zauber. Ruft einen Naga-Schamanen der Stufe 14..20 herbei (40..60 Sekunde[n] Lebensdauer), der über Steinigung verfügt. Es kann jeweils nur 1 Asura-Beschwörung aktiv sein.;4;-6;22;0;0;10;3;60;0;0;0;1;0;0;0;
2228;Geschickter Schlag;Geschickter Schlag;Distanzangriff. Richtet 18..30 Punkt[e] Schaden an. Verursacht Zustand Blutung (18..30 Sekunde[n]), falls Gegner Beschädigte Rüstung hat.;4;-8;31;0;0;5;.5;8;0;0;0;1;0;0;0;
2229;Siegel der Infektion;Siegel der Infektion;Siegel. Verursacht Zustand Krankheit (13..20 Sekunde[n]), falls der Gegner blutet.;4;-8;21;0;0;0;1;10;0;0;0;1;0;0;0;
2230;Tryptophan-Siegel;Tryptophan-Siegel;Siegel. 14..20 Sekunde[n]: Die Bewegungs- und Angriffsgeschwindigkeit des Gegners und umstehender Feinde ist um 23..40% verringert.;4;-8;21;0;0;0;1;15;0;0;0;1;0;0;0;
2231;Ebon-Kampfstandarte des Mutes;Ebon-Kampfstandarte des Mutes;Abwehrzauber. 14..20 Sekunde[n]: Verbündete in dieser Abwehr haben +24 Rüstung und zusätzlich +24 Rüstung gegen Charr. Geister sind nicht betroffen.;4;-8;26;0;0;10;1;20;0;0;0;1;0;0;0;
2232;Ebon-Kampfstandarte der Weisheit;Ebon-Kampfstandarte der Weisheit;Abwehrzauber. 14..20 Sekunde[n]: Von Verbündeten in dieser Abwehr gewirkte Zauber haben eine 44..60%ige Chance, sich um 50% schneller aufzuladen. Geister sind nicht betroffen.;4;-8;26;0;0;10;1;20;0;0;0;1;0;0;0;
2233;Ebon-Kampfstandarte der Ehre;Ebon-Kampfstandarte der Ehre;Abwehrzauber. 14..20 Sekunde[n]: Verbündete in dieser Abwehr richten +8..15 Punkt[e] Schaden an und zusätzlich +7..10 Punkt[e] Schaden gegen Charr. Geister sind nicht betroffen.;4;-8;26;0;0;10;1;20;0;0;0;1;0;0;0;
2234;Ebon-Vorhut-Heckenschützen-Unterstützung;Ebon-Vorhut-Heckenschützen-Unterstützung;Zauber. Richtet 54..90 Punkt[e] Stichschaden und Zustand Blutung an (5..25 Sekunde[n]). 10%ige Chance auf +540..900 Stichschaden. 25%ige Chance auf +540..900 Stichschaden, wenn Gegner ein Charr ist.;4;-8;22;0;0;10;1;15;0;0;0;1;0;0;0;
2235;Ebon-Vorhut-Assassinen-Unterstützung;Ebon-Vorhut-Assassinen-Unterstützung;Zauber. Ruft einen Assassinen der Stufe 14..20 herbei, der über Eiserne Handfläche, Reißzähne des Fuchses und Neunschwänziger Stoß verfügt. er unternimmt einen Schattenschritt zum Gegner. Ist der Gegner ein Charr, lebt der Assassine 24..30 Sekunde[n] lang. Anderenfalls lebt der Assassine 12..15 Sekunde[n] lang.;4;-8;22;0;0;10;1;30;0;0;0;1;0;0;0;
2236;Brunnen des Ruins;Brunnen des Ruins;Brunnenzauber. (5..30 Sekunden). Fügt jedem Gegner im Brunnen, der physischen Schaden erleidet, den Zustand Zerborstene Rüstung zu (5..20 Sekunden). Verwertet eine frische Leiche oder opfert 66 % Lebenspunkte.;4;7;28;4;0;10;1;20;0;0;0;0;0;0;0;
2237;Schwund;Schwund;Verhexung. 3..7 Sekunde[n]: Das Primärattribut des Gegners wird auf 0 gesetzt.;4;7;24;4;0;10;1;20;0;0;0;0;0;0;0;
2238;Speer der Erlösung;Speer der Erlösung;Speerangriff. Richtet +5..20 Punkt[e] Schaden an. Falls der Angriff nicht trifft, verliert Ihr einen Zustand.;4;37;12;9;0;0;0;0;3;0;0;0;0;0;0;
2353;"Erledigt ihn!";"Erledigt ihn!";Schrei. Richtet 44..80 Punkt[e] Schaden an und verursacht die Zustände Beschädigte Rüstung und Tiefe Wunde (12..20 Sekunde[n]). Der Gegner muss weniger als 50% seiner maximalen Lebenspunkte haben, sonst keine Wirkung.;4;-9;20;0;0;10;0;15;0;0;0;1;0;0;0;
2354;"Weicht aus!";"Weicht aus!";Schrei. 16..20 Sekunde[n]: Euer nächster Angriff kann nicht geblockt werden und richtet +14..20 Punkt[e] Schaden an.;4;-9;20;0;0;0;0;0;4;0;0;1;0;0;0;
2355;Ich bin am stärksten!;Ich bin am stärksten!;Schrei. Eure nächsten 5..8 Angriff[e] richten +14..20 Punkt[e] Schaden an.;4;-9;20;0;0;5;0;20;0;0;0;1;0;0;0;
2356;"Ich bin unaufhaltbar!";"Ich bin unaufhaltbar!";Schrei. 16..20 Sekunde[n]: Ihr habt +24 Rüstung und könnt nicht zu Boden geworfen oder verkrüppelt werden.;4;-9;20;0;0;5;0;30;0;0;0;1;0;0;0;
2357;Ein Funken Arglist;Ein Funken Arglist;Berührungs-Verhexung. Richtet 44..80 Punkt[e] Schaden an. Gegner kann nicht angreifen (5..8 Sekunde[n]), falls er zu Boden geworfen ist.;4;-9;24;0;0;5;.75;15;0;0;0;1;0;0;0;
2358;"Ihr bewegt Euch wie ein Zwerg!";"Ihr bewegt Euch wie ein Zwerg!";Schrei. Richtet 44..80 Punkt[e] Schaden an, wirft zu Boden und verursacht den Zustand Verkrüppelung (8..15 Sekunde[n]).;4;-9;20;0;0;10;0;10;0;0;0;1;0;0;0;
2359;"Ihr seid alle Schwächlinge!";"Ihr seid alle Schwächlinge!";Schrei. Verursacht Zustand Schwäche (8..12 Sekunde[n]). Betrifft auch umstehende Feinde.;4;-9;20;0;0;5;0;12;0;0;0;1;0;0;0;
2360;Den Schmerz nicht spüren;Den Schmerz nicht spüren;Fertigkeit. 30 Sekunde[n]: Ihr habt +2..3 Lebenspunktregeneration. Ihr habt +200..300 maximale Lebenspunkte, falls Ihr beim Aktivieren dieser Fertigkeit betrunken seid.;4;-9;1;0;0;5;0;20;0;0;0;1;0;0;0;
2361;Tausend-Bären-Prügel;Tausend-Bären-Prügel;Nahkampfangriff. Richtet pro umstehendem Feind +6..9 Punkt[e] Schaden an (maximal 60 Punkte). Wirft zu Boden, falls der Gegner kein Mensch ist.;4;-9;3;0;0;5;0;12;0;0;0;1;0;0;0;
2374;Segen der Bärin;Segen der Bärin;Elite-Form. Ihr verliert sämtliches Eigentum und nehmt das Erscheinungsbild der Bärin an (60 Sekunde[n]). Eure Attribute werden auf 0 gesetzt, Eure Fertigkeiten werden durch Bärenangriffe ersetzt und Ihr habt 100 Rüstung und 750..800 Lebenspunkt[e].;4;-9;15;0;0;10;0;60;0;0;1;1;0;0;0;
2379;Segen des Wolfes;Segen des Wolfes;Elite-Form. Ihr verliert sämtliches Eigentum und nehmt das Erscheinungsbild des Wolfes an (60 Sekunde[n]). Eure Attribute werden auf 0 gesetzt, Eure Fertigkeiten werden durch Wolfsangriffe ersetzt und Ihr habt 80 Rüstung, 660..700 Lebenspunkt[e] und 2..4 Lebenspunktregeneration.;4;-9;15;0;0;10;0;60;0;0;1;1;0;0;0;
2384;Segen des Raben;Segen des Raben;Elite-Form. Ihr verliert sämtliches Eigentum und nehmt das Erscheinungsbild des Raben an (60 Sekunde[n]). Eure Attribute werden auf 0 gesetzt, Eure Fertigkeiten werden durch Rabenangriffe ersetzt und Ihr habt 80 Rüstung, 660..700 Lebenspunkt[e] und eine 20..30%ige Chance zu blocken.;4;-9;15;0;0;10;0;60;0;0;1;1;0;0;0;
2411;Geistbrecher;Geistbrecher;Verzauberung. (10..16 Sekunden.) Ihr bewegt Euch um 20..33% schneller und wirkt Zauber um 20% schneller.;4;-6;23;0;0;5;1;24;0;0;0;1;0;0;0;
2412;Durchtriebener Krimineller;Durchtriebener Krimineller;Zauber. 10..20 Sekunde[n]: Deaktiviert einen Zauber. Diese Fertigkeit wird zum betreffenden Zauber. Ihr erhaltet 5..10 Energiepunkt[e].;4;-6;22;0;0;5;1;20;0;0;0;1;0;0;0;
2413;Technobabbel;Technobabbel;Zauber. Richtet beim Gegner und umstehenden Feinden 30..40 Punkt[e] Schaden an. Verursacht bei Feinden Zustand Benommenheit (3..5 Sekunde[n]), falls Gegner kein Boss ist.;4;-6;22;0;0;10;1;10;0;0;0;1;0;0;0;
2414;Strahlungsfeld;Strahlungsfeld;Abwehrzauber. 5 Sekunden: Verursacht bei Feinden im Bereich -4..6 Lebenspunktdegeneration. Wirkung am Ende: Verursacht bei Feinden im Bereich den Zustand Krankheit (12..20 Sekunde[n]).;4;-6;26;0;0;15;2;12;0;0;0;1;0;0;0;
2415;Asurischer Scan;Asurischer Scan;Verhexung. (9..12 Sekunde[n].) Ihr könnt Euren Gegner nicht verfehlen. Wenn Ihr diesen Feind tötet, verliert Ihr 5% Sterbemalus.;4;-6;24;0;0;5;0;5;0;0;0;1;0;0;0;
2416;Hochnäsigkeit;Hochnäsigkeit;Fertigkeit. 20..30 Sekunde[n]: Jedes Mal, wenn Ihr durch das Töten eines Feindes Erfahrung sammelt, erhaltet Ihr einen willkürlichen asurischen Vorteil.;4;-6;1;0;0;5;0;20;0;0;0;1;0;0;0;
2417;Geistige Sperre;Geistige Sperre;Verzauberung. 5..11 Sekunde[n]: Ihr habt eine 50%ige Chance zu blocken. Erneuerung: Jedes Mal, wenn ein Feind Euch trifft.;4;-6;23;0;0;10;1;15;0;0;0;1;0;0;0;
2418;Schmerztauscher;Schmerztauscher;Verhexung. 6..10 Sekunde[n]: Richtet jedes Mal, wenn er Schaden anrichtet, 100..140% des Schadens (maximal 80 Punkte) beim Gegner selbst an.;4;-6;24;0;0;10;1;20;0;0;0;1;0;0;0;
2420;Ebon-Flucht;Ebon-Flucht;Zauber. Heilt Euch und den Verbündeten um 70..110 Lebenspunkt[e]. Anfangswirkung: Ihr unternehmt einen Schattenschritt zum Verbündeten. Sich selbst als Ziel wählen nicht möglich.;4;-8;22;0;0;5;.25;10;0;0;0;1;0;0;0;
2421;Schwäche-Falle;Schwäche-Falle;Falle. 90 Sekunden: Betrifft Feinde in der Nähe. Richtet 24..50 Punkt[e] Blitzschaden an. Verursacht Zustand Schwäche (10..20 Sekunde[n]). Wirft Charr zu Boden. Leicht zu unterbrechen.;4;-8;30;0;0;10;2;30;0;0;0;1;0;0;0;
2422;Winde;Winde;Ebon-Vorhut-Ritual. Erstellt einen Geist der Stufe 4..10 (54..90 Sekunde[n] Lebensdauer). Betrifft Feinde in Reichweite. Distanzangriffe gehen mit 15%iger Wahrscheinlichkeit daneben.;4;-8;32;0;0;5;5;30;0;0;0;1;0;0;0;
2423;Zwergenstabilität;Zwergenstabilität;Verzauberung. 24..30 Sekunde[n]: Eure Haltungen dauern um 55..100% länger an. Ihr könnt nicht zu Boden geworfen werden, falls Ihr beim Aktivieren dieser Fertigkeit betrunken seid.;4;-7;23;0;0;5;.25;30;0;0;0;1;0;0;0;
3422;Zeitabwehr;Zeitabwehr;Elite-Abwehrzauber. (6..20 Sekunden.) Verbündete in dieser Abwehr wirken Zauber um 15..20 % schneller und Fertigkeiten laden um 15..20 % schneller auf. Betrifft nicht verbündete Geister. PvE-Fertigkeit;0;0;26;5;0;10;2;30;0;0;1;1;0;0;0;
3423;Seelengreifer;Seelengreifer;Elite-Verzauberung. (3..30 Sekunden.) Angriffe verursachen +15..20 Punkte Schaden und opfern 15..20 Lebenspunkte. PvE-Fertigkeit;0;6;23;4;0;5;1;15;0;0;1;1;0;0;0;
3424;Über die Grenze hinaus;Über die Grenze hinaus;Elite-Verzauberung. Zauber wirken um 20..50 % schneller und laden sich um 40..80 % schneller auf. Verursacht bei Aktivierung zunehmend Überzaubern. PvE-Fertigkeit;0;12;23;6;-1;5;1;20;0;0;1;1;0;0;0;
3425;Urteilsschlag;Urteilsschlag;Elite-Nahkampfangriff. Attackiert das Ziel und umstehende Feinde und verursacht +13..30 Punkte heiliger Schaden. Wirft angreifende Feinde zu Boden. PvE-Fertigkeit;0;16;3;3;0;5;1;8;0;0;1;1;0;0;0;
3426;Sieben Waffen-Haltung;Sieben Waffen-Haltung;Elite-Haltung. (3..20 Sekunden.) Waffenwerte werden um 1..15 erhöht. Euer Angriff ist 33 % schneller. PvE-Fertigkeit;0;17;29;1;0;5;0;20;0;0;1;1;0;0;0;
3427;"Gemeinsam als Eines!";"Gemeinsam als Eines!";Elite-Schrei. (3..15 Sekunden.) Alle Gruppenmitglieder in der Nähe von Euch oder Eurem Tiergefährten verursachen +5..15 Punkte Schaden und erhalten +1..7 Lebenspunkte-Wiederherstellung. PvE-Fertigkeit;0;23;20;2;0;10;0;15;0;0;1;1;0;0;0;
3428;Schattendiebstahl;Schattendiebstahl;Elite-Fertigkeit. Macht einen Schattenschritt zum feindlichen Ziel. Für 5..20 Sekunden sind die Werte dieses Feindes um 1..5 reduziert und Eure Werte um 1..5 erhöht. Zählt als Leithandangriff. PvE-Fertigkeit;0;35;1;7;0;5;.25;20;0;0;1;1;0;0;0;
3429;Waffen aus drei Schmieden;Waffen aus drei Schmieden;Elite-Waffenzauber. (3..20 Sekunden.) Verbündete in Hörweite erhalten den Effekt eines zufälligen Waffenzaubers. Betrifft nicht verbündete Geister. PvE-Fertigkeit;0;36;27;8;0;10;2;15;0;0;1;1;0;0;0;
3430;Schwur der Revolution;Schwur der Revolution;Elite-Verzauberung. (3..10 Sekunden.) Erhaltet +1..6 Energieregeneration. Erneuerung: immer wenn Ihr keine Derwisch-Fertigkeit anwendet. PvE-Fertigkeit;0;44;23;10;0;10;1;20;0;0;1;1;0;0;0;
3431;Heroischer Refrain;Heroischer Refrain;Elite-Echo. (3..15 Sekunden.) Gezielter Verbündeter erhält +1..3 zu allen Werten. Erneuerung: jedes Mal, wenn ein Anfeuerungsruf oder Schrei bei diesem Verbündeten endet. Geister können nicht anvisiert werden. PvE-Fertigkeit;0;40;14;9;0;5;1;10;0;0;1;1;0;0;0;
3446;Soul Ignition;Soul Ignition;Verzauberung. Reduce Overcast by 1..2 per second. You and all adjacent foes are afflicted with burning.;0;12;23;6;-1;10;.5;30;0;0;0;1;0;0;0;
