0;No Skill;Keine Fertigkeit;Empty slot;0;-1;0;0;0;0;0;0;0;0;0;0;0;0;0;
1;Healing Signet;Siegel der Heilung;You gain 82..172 Health. You have -40 armor while using this skill.;0;21;21;1;0;0;2;4;0;0;0;0;0;0;0;
2;Resurrection Signet;Siegel der Wiederbelebung;Resurrects target party member (100% Health, 25% Energy). This signet only recharges when you gain a morale boost.;0;-1;21;0;0;0;3;0;0;0;0;0;0;0;0;
3;Signet of Capture;Siegel der Erbeutung;Choose one skill from a nearby dead Boss of your profession. Signet of Capture is permanently replaced by that skill. If that skill was elite, gain 250 XP for every level you have earned.;0;-1;21;0;0;0;2;2;0;0;0;1;0;0;0;
5;Power Block;Kraftblock;If target foe is casting a spell or chant, that skill and all skills of the same attribute are disabled (1..12 seconds) and that skill is interrupted.;1;2;22;5;0;15;.25;20;0;0;1;0;0;0;0;
6;Mantra of Earth;Mantra der Erde;(30..90 seconds.) Reduces earth damage you take by 26..50%. You gain 2 Energy when you take earth damage.;0;3;29;5;0;10;0;20;0;0;0;0;0;0;0;
7;Mantra of Flame;Mantra des Feuers;(30..90 seconds.) Reduces fire damage you take by 26..50%. You gain 2 Energy when you take fire damage.;0;3;29;5;0;10;0;20;0;0;0;0;0;0;0;
8;Mantra of Frost;Mantra des Frosts;(30..90 seconds.) Reduces cold damage you take by 26..50%. You gain 2 Energy when you take cold damage.;0;3;29;5;0;10;0;20;0;0;0;0;0;0;0;
9;Mantra of Lightning;Mantra des Blitzes;(30..90 seconds.) Reduces lightning damage you take by 26..50%. You gain 2 Energy when you take lightning damage.;0;3;29;5;0;10;0;20;0;0;0;0;0;0;0;
10;Hex Breaker;Gebrochene Verhexung;(5..80 seconds.) The next hex against you fails and the caster takes 10..46 damage.;0;2;29;5;0;5;0;15;0;0;0;0;0;0;0;
11;Distortion;Verzerrung;(1..5 second[s].) You have 75% chance to block. Block cost: you lose 2 Energy or Distortion ends.;1;1;29;5;0;5;0;8;0;0;0;0;0;0;0;
13;Mantra of Recovery;Mantra der Erholung;(5..20 seconds.) Your spells recharge 33% faster.;0;0;29;5;0;5;0;15;0;0;1;0;0;0;0;
14;Mantra of Persistence;Mantra des Bestehens;(5..25 seconds.) Illusion hexes you cast last 10..40% longer.;0;3;29;5;0;5;0;15;0;0;0;0;0;0;0;
15;Mantra of Inscriptions;Mantra der Inschriften;(5..25 seconds.) Signets you successfully activate while in this stance recharge 10..40% faster.;0;3;29;5;0;10;0;20;0;0;0;0;0;0;0;
16;Mantra of Concentration;Mantra der Konzentration;(1..38 seconds.) The next time you would be interrupted, you are not interrupted.;1;3;29;5;0;5;0;30;0;0;0;0;0;0;0;
17;Mantra of Resolve;Mantra des Abschlusses;(30..90 seconds.) Prevents interrupts against you. Prevention cost: lose 10..4 Energy or Mantra of Resolve ends.;0;3;29;5;0;10;0;20;0;0;0;0;0;0;0;
18;Mantra of Signets;Mantra der Siegel;(10..40 seconds.) You have +3 armor for each signet. You gain 5..60 health each time you use a signet.;1;3;29;5;0;5;0;20;0;0;0;0;0;0;0;
19;Fragility;Zerbrechlichkeit;Also hexes foes adjacent to target (8..20 seconds). These foes take 5..20 damage each time they gain or lose a condition.;0;1;24;5;0;5;1;5;0;0;0;0;0;0;0;
21;Inspired Enchantment;Inspirierte Verzauberung;Removes an enchantment from target foe. Removal effects: you gain 3..15 Energy. this spell is replaced with that enchantment (20 seconds).;1;3;22;5;0;10;1;0;0;0;0;0;0;0;0;
22;Inspired Hex;Inspirierte Verhexung;Removes a hex from target ally. Removal effects: you gain 4..10 Energy. this spell is replaced with that hex (20 seconds).;1;3;22;5;0;5;1;0;0;0;0;0;0;0;0;
23;Power Spike;Kraftdorn;Interrupts a spell or chant. Interruption effect: deals 30..120 damage.;0;2;22;5;0;5;.25;12;0;0;0;0;0;0;0;
24;Power Leak;Kraftleck;Interrupts a spell or chant. Interruption effect: causes 3..17 Energy loss.;1;2;22;5;0;10;.25;20;0;0;0;0;0;0;0;
25;Power Drain;Kraftentzug;Interrupts a spell or chant. Interruption effect: you gain 1..31 Energy.;0;3;22;5;0;5;.25;20;0;0;0;0;0;0;0;
26;Empathy;Empathie;(5..15 seconds.) Target foe's attacks deal 1..15 less damage, and that foe takes 10..55 damage with each attack.;0;2;24;5;0;10;2;10;0;0;0;0;0;0;0;
27;Shatter Delusions;Täuschungen brechen;Removes a Mesmer hex from target foe. Removal effect: 15..75 damage to target and 75% of that damage to all adjacent foes.;1;2;22;5;0;5;.25;6;0;0;0;0;0;0;0;
28;Backfire;Rückschlag;(10 seconds.) Target foe takes 35..140 damage whenever it casts a spell.;0;2;24;5;0;15;3;20;0;0;0;0;0;0;0;
29;Blackout;Blackout;Touch Skill. (2..6 seconds.) Disables skills. Your skills are disabled (5 seconds).;1;2;1;5;0;10;1;12;0;0;0;0;0;0;0;
30;Diversion;Ablenkung;(6 seconds.) Target foe's next skill takes +10..56 seconds to recharge.;0;2;24;5;0;10;3;12;0;0;0;0;0;0;0;
31;Conjure Phantasm;Trugbild beschwören;(4..18 seconds.) Causes -5 Health degeneration.;0;1;24;5;0;10;1;5;0;0;0;0;0;0;0;
32;Illusion of Weakness;Illusion der Schwäche;Lose 50..240 Health. End effect: you gain 50..240 Health. Ends if damage drops your Health below 25% of your maximum.;1;1;23;5;0;10;2;30;0;0;0;0;0;0;0;
33;Illusionary Weaponry;Illusion der Waffen;(30 seconds.) Deals 16..50 damage to foes in place of other damage or effects from melee attacks. You have +5 armor for each equipped Illusion Magic skill. Your melee attacks neither hit nor fail to hit.;1;1;23;5;0;5;1;15;0;0;1;0;0;0;0;
34;Sympathetic Visage;Sympathisches Gesicht;(4..10 seconds.) All adjacent foes lose all adrenaline and 3 Energy whenever a melee attack hits target ally.;1;1;23;5;0;10;1;20;0;0;0;0;0;0;0;
35;Ignorance;Ignoranz;(8..20 seconds.) Target foe cannot use signets.;0;2;24;5;0;10;1;10;0;0;0;0;0;0;0;
36;Arcane Conundrum;Arkanes Rätsel;Also hexes foes adjacent to target (5..15 seconds). Doubles spell casting time. End effect: you gain 1..7 energy. ;0;1;24;5;0;10;2;30;0;0;0;0;0;0;0;
37;Illusion of Haste;Illusion der Eile;(5..11 seconds.) You move 33% faster. Initial effect: removes Crippled condition. End effect: you are Crippled (3 seconds).;0;1;23;5;0;5;1;5;0;0;0;0;0;0;0;
38;Channeling;Kanalisieren;(8..56 seconds.) You gain 1 Energy for each foe in the area whenever you cast a spell.;1;3;23;5;0;5;1;15;0;0;0;0;0;0;0;
39;Energy Surge;Energiewelle;Causes 1..10 Energy loss. Deals 7 damage to target for each point of Energy lost and 75% of that damage to nearby foes.;0;2;22;5;0;5;2;15;0;0;1;0;0;0;0;
40;Ether Feast;Ätherschmaus;Causes 3 Energy loss. You gain 20..65 Health for each point of Energy lost.;0;3;22;5;0;5;1;8;0;0;0;0;0;0;0;
41;Ether Lord;Herr über den Äther;You lose all Energy. Target foe has -1..3 Energy degeneration and you have +1..3 Energy regeneration (5..10 seconds).;1;3;24;5;0;5;2;20;0;0;0;0;0;0;0;
42;Energy Burn;Energiebrand;Causes 1..10 Energy loss. Deals 9 damage for each point of Energy lost.;0;2;22;5;0;10;2;20;0;0;0;0;0;0;0;
43;Clumsiness;Ungeschick;(4 seconds.) Also hexes adjacent foes. Interrupts next attack. Interruption effect: deals 10..80 damage.;0;1;24;5;0;10;2;12;0;0;0;0;0;0;0;
44;Phantom Pain;Phantomschmerz;(10 seconds.) Causes -1..4 Health degeneration. End effect: inflicts Deep Wound condition (5..20 seconds).;1;1;24;5;0;5;2;15;0;0;0;0;0;0;0;
45;Ethereal Burden;Ätherische Bürde;(10 seconds.) Target foe moves 50% slower. End effect: you gain 10..18 Energy.;1;1;24;5;0;15;1.5;30;0;0;0;0;0;0;0;
46;Guilt;Schuld;(6 seconds.) Target foe's next spell fails and you steal 5..14 Energy. No effect unless this foe's spell targets one of your allies.;1;2;24;5;0;5;2;25;0;0;0;0;0;0;0;
47;Ineptitude;Unbeholfenheit;(4 seconds.) Also hexes foes adjacent to target. Deals 30..135 damage. Inflicts Blindness condition (10 seconds). No effect unless hexed foe attacks.;1;1;24;5;0;10;1;15;0;0;1;0;0;0;0;
48;Spirit of Failure;Geist des Versagens;(30 seconds.) Target foe has 25% chance to miss. You gain 1..3 Energy whenever this foe misses.;1;3;24;5;0;15;3;20;0;0;0;0;0;0;0;
49;Mind Wrack;Geistiges Wrack;(5..40 seconds.) Causes 1 Energy loss each time foe is the target of your non-hex Mesmer skills. Deals 5..25 damage per point of Energy lost. If target foe's Energy drops to 0, it takes 15..100 damage and Mind Wrack ends.;0;2;24;5;0;5;1;7;0;0;0;0;0;0;0;
50;Wastrel's Worry;Verschwendung;(3 seconds). End effect: causes 20..100 damage to target and 75% of that damage to adjacent foes. No effect and ends early if target foe uses a skill.;1;2;24;5;0;5;.25;4;0;0;0;0;0;0;0;
51;Shame;Schande;(6 seconds.) Target foe's next spell fails and you steal 5..14 Energy. No effect unless this foe's spell targeted one of its allies.;1;2;24;5;0;10;2;30;0;0;0;0;0;0;0;
52;Panic;Panik;Also hexes foes near your target (1..10 second[s]). Interrupts all other nearby foes whenever a hexed foe successfully activates a skill.;1;2;24;5;0;10;1;15;0;0;1;0;0;0;0;
53;Migraine;Migräne;(5..20 seconds.) Causes -1..8 Health degeneration and doubles skill activation time.;1;1;24;5;0;10;2;12;0;0;1;0;0;0;0;
54;Crippling Anguish;Verkrüppelnde Qual;(5..20 seconds.) Target foe moves and attacks 50% slower and has -1..8 Health degeneration.;0;1;24;5;0;5;1;12;0;0;1;0;0;0;0;
55;Fevered Dreams;Fieberträume;(10..25 seconds.) Foes in the area also have any new conditions that target foe acquires. Inflicts Dazed on target foe (1..3 second[s]) if that foe has two or more conditions.;1;1;24;5;0;5;1;10;0;0;1;0;0;0;0;
56;Soothing Images;Beruhigende Bilder;Also hexes foe adjacent to target. (8..20 seconds). These foes cannot gain adrenaline.;0;1;24;5;0;15;2;8;0;0;0;0;0;0;0;
57;Cry of Frustration;Schrei der Frustration;If target foe is using a skill, that foe and all foes in the area are interrupted. Foe suffers 15..75 damage and foes in the area take 75% of that damage.;0;2;22;5;0;10;.25;20;0;0;0;0;0;0;0;
58;Signet of Midnight;Siegel der Mitternacht;Elite Touch Signet. (15 seconds.) Inflicts Blindness condition. You suffer from Blindness (15 seconds).;1;-1;21;5;0;0;2;10;0;0;1;0;0;0;0;
59;Signet of Weariness;Siegel der Müdigkeit;Also affects foes near your target. Causes 3..8 Energy loss and inflicts Weakness (1..12 second[s]).;1;2;21;5;0;0;2;30;0;0;0;0;0;0;0;
61;Leech Signet;Blutsauger-Siegel;Interrupts an action. Interruption effect: you gain 3..15 Energy if the action was a spell.;0;3;21;5;0;0;.25;30;0;0;0;0;0;0;0;
62;Signet of Humility;Siegel der Demut;Disables elite skill (1..16 second[s]). Disables your non-Mesmer skills (4 seconds).;0;3;21;5;0;0;3;20;0;0;0;0;0;0;0;
63;Keystone Signet;Schlussstein-Siegel;(20 seconds.) Your next 0..6 signet[s] interrupt and deal 15..60 damage to other foes adjacent to your target. Initial Effect: recharges all of your other signets.;1;0;21;5;0;0;1;15;0;0;1;0;0;0;0;
65;Arcane Mimicry;Arkane Mimikry;This skill becomes target ally's elite skill (20 seconds). Cannot self-target. No effect if target's elite skill is a form.;0;-1;22;5;0;15;2;60;0;0;0;0;0;0;0;
66;Spirit Shackles;Geistfesseln;(5..20). Target foe loses 5 Energy whenever it attacks.;0;3;24;5;0;10;3;8;0;0;0;0;0;0;0;
67;Shatter Hex;Verhexung brechen;Removes a hex from target ally. Removal effect: deals 30..120 damage to foes near this ally.;0;2;22;5;0;10;1;10;0;0;0;0;0;0;0;
68;Drain Enchantment;Verzauberung entziehen;Removes an enchantment from target foe. Removal effect: you gain 8..17 Energy and 40..120 Health.;0;3;22;5;0;5;2;20;0;0;0;0;0;0;0;
69;Shatter Enchantment;Verzauberung brechen;Removes an enchantment from target foe. Removal effect: deals 14..100 damage.;0;2;22;5;0;10;1;20;0;0;0;0;0;0;0;
72;Elemental Resistance;Elementarwiderstand;(30..90 seconds.) You have +40 armor against elemental damage. You have -24..12 armor against physical damage.;1;3;29;5;0;10;0;20;0;0;0;0;0;0;0;
73;Physical Resistance;Körperlicher Widerstand;(30..90 seconds.) You have +40 armor against physical damage. You have -24..12 armor against elemental damage.;1;3;29;5;0;10;0;20;0;0;0;0;0;0;0;
74;Echo;Echo;(30 seconds.) Echo becomes the next skill you use (30 seconds).;0;-1;23;5;0;5;1;10;0;0;1;0;0;0;0;
75;Arcane Echo;Arkanes Echo;(20 seconds.) Arcane Echo becomes the next spell you use (20 seconds). This enchantment ends if you use any skill that is not a spell.;0;-1;23;5;0;15;2;20;0;0;0;0;0;0;0;
76;Imagined Burden;Eingebildete Bürde;(8..20 seconds.) Target foe moves 50% slower.;0;1;24;5;0;15;1;30;0;0;0;0;0;0;0;
77;Chaos Storm;Chaossturm;Deals 5..25 damage and causes 0..2 Energy loss each second (10 seconds). Hits foes adjacent to target's initial location.;1;2;22;5;0;5;2;30;0;0;0;0;0;0;0;
78;Epidemic;Epidemie;Conditions on target foe transfer to adjacent foes.;0;-1;22;5;0;5;.25;5;0;0;0;0;0;0;0;
79;Energy Drain;Energieentzug;Causes 2..9 Energy loss. You gain 3 Energy for each point of Energy lost.;0;3;22;5;0;5;1;20;0;0;1;0;0;0;0;
80;Energy Tap;Energie abzapfen;Causes 4..7 Energy loss. You gain 2 Energy for each point of Energy lost.;0;3;22;5;0;5;2;30;0;0;0;0;0;0;0;
81;Arcane Thievery;Arkaner Diebstahl;(5..35 seconds.) Disables one random spell. This skill becomes that spell.;1;2;22;5;0;10;1;0;0;0;0;0;0;0;0;
82;Mantra of Recall;Mantra der Zurückrufung;(20 seconds.) End effect: you gain 10..25 Energy.;1;3;23;5;0;10;1;30;0;0;1;0;0;0;0;
83;Animate Bone Horror;Knochenschreck beleben;Creates a level 1..17 bone horror. Exploits a fresh corpse.;1;5;22;4;0;5;1;5;0;0;0;0;0;0;0;
84;Animate Bone Fiend;Knochenteufel beleben;Creates a level 1..17 bone fiend that can attack at range. Exploits a fresh corpse.;0;5;22;4;0;15;1;5;0;0;0;0;0;0;0;
85;Animate Bone Minions;Knochendiener beleben;Creates two level 0..12 bone minions. Exploits a fresh corpse.;0;5;22;4;0;10;1;5;0;0;0;0;0;0;0;
86;Grenth's Balance;Grenths Ausgleich;You gain Health equal to half the difference between you and target, and this foe loses an equal amount. If this foe has less Health than you, you lose Health equal to half the difference.;0;-1;22;4;0;10;.25;10;0;0;1;0;0;0;0;
87;Verata's Gaze;Veratas Starren;Make target undead servant masterless. If it is already masterless, you become its master and heal it for 60..80. 50% failure chance unless Death Magic 5 or more.;1;5;22;4;0;5;1;5;0;0;0;0;0;0;0;
88;Verata's Aura;Veratas Aura;(120..300 seconds.) Become master of all hostile undead servants in the area. End effect: your undead servants become masterless. 50% failure chance unless Death Magic 5 or more.;1;5;23;4;0;15;.75;30;0;33;0;0;0;0;0;
89;Deathly Chill;Tödliche Kühlung;Deals 5..50 cold damage. Deals 5..50 more damage if target foe was above 50% Health.;1;5;22;4;0;10;1;5;0;0;0;0;0;0;0;
90;Verata's Sacrifice;Veratas Opfer;(5..10 seconds.) 10 undead allied servants gain +10 Health regeneration. Instantly recharges if you have control of 3 or fewer servants. Transfers all conditions from those servants to you.;1;5;22;4;0;10;2;60;0;15;0;0;0;0;0;
91;Well of Power;Brunnen der Kraft;(8..20 seconds.) Allies in this well have +1..6 Health regeneration and +2 Energy regeneration. Exploits a fresh corpse or sacrifices 66% health.;1;4;28;4;0;5;1;15;0;0;1;0;0;0;0;
92;Well of Blood;Brunnen des Blutes;(8..20 seconds.) Allies in this well have +1..6 Health regeneration. Exploits a fresh corpse or sacrifices 66% health.;0;4;28;4;0;10;1;2;0;0;0;0;0;0;0;
93;Well of Suffering;Brunnen des Leidens;(10..30 seconds.) Foes in this well have -1..6 Health degeneration. Exploits a fresh corpse or sacrifices 66% health.;1;5;28;4;0;10;1;10;0;0;0;0;0;0;0;
94;Well of the Profane;Gottloser Brunnen;(8..20 seconds.) Foes in this well lose all enchantments and cannot be the target of further enchantments. Exploits a fresh corpse or sacrifices 66% health. 50% failure chance unless Death Magic 5 or more.;0;5;28;4;0;25;3;10;0;0;0;0;0;0;0;
95;Putrid Explosion;Explosion der Verwesung;Explodes a corpse, dealing 24..120 damage to foes near it. Exploits a fresh corpse.;0;5;22;4;0;10;1;5;0;0;0;0;0;0;0;
96;Soul Feast;Seelenschmaus;You gain 50..280 Health. Exploits a fresh corpse.;0;5;22;4;0;10;1;0;0;0;0;0;0;0;0;
97;Necrotic Traversal;Nekrotische Verwechslung;Teleport to a corpse's location. Inflicts Poisoned condition (5..20 seconds). Affects all nearby foes. Exploits a fresh corpse.;1;5;22;4;0;5;.75;0;0;0;0;0;0;0;0;
98;Consume Corpse;Kadaver verzehren;Teleport to a corpse's location. You gain 25..100 Health and 5..20 Energy. Exploits a fresh corpse.;1;5;22;4;0;5;1;0;0;0;0;0;0;0;0;
99;Parasitic Bond;Parasitäre Fesseln;(20 seconds.) Causes -1 Health degeneration. End effect: you are healed for 30..120 Health.;0;7;24;4;0;5;1;2;0;0;0;0;0;0;0;
100;Soul Barbs;Seelenwiderhaken;(30 seconds.) Deals 15..30 damage when an enchantment or hex is cast on target foe.;1;7;24;4;0;10;2;20;0;0;0;0;0;0;0;
101;Barbs;Widerhaken;(30 seconds.) Target foe takes 1..15 damage whenever it takes physical damage.;0;7;24;4;0;10;2;5;0;0;0;0;0;0;0;
102;Shadow Strike;Schattenschlag;Deals 12..48 damage. Steal up to 12..48 Health if this foe was above 50% Health.;1;4;22;4;0;10;2;15;0;0;0;0;0;0;0;
103;Price of Failure;Preis des Versagens;(30 seconds.) 25% chance to miss. Target foe takes 1..46 damage whenever it fails to hit.;1;7;24;4;0;15;2;20;0;0;0;0;0;0;0;
104;Death Nova;Todesnova;(30 seconds.) Deals 26..100 damage and inflicts Poisoned condition (15 seconds) on adjacent foes if target ally dies.;0;5;23;4;0;5;2;0;0;0;0;0;0;0;0;
105;Deathly Swarm;Tödlicher Schwarm;Deathly Swarm flies out slowly and deals 30..90 cold damage. Hits two additional foes in the area.;0;5;22;4;0;10;2;6;0;0;0;0;0;0;0;
106;Rotting Flesh;Verrottendes Fleisch;Inflicts Diseased condition (10..25 seconds).;0;5;22;4;0;15;3;3;0;0;0;0;0;0;0;
107;Virulence;Ansteckung;Inflicts Disease, Poison, and Weakness conditions (3..15 seconds). No effect unless this foe already had a condition.;1;5;22;4;0;5;1;15;0;0;1;0;0;0;0;
108;Suffering;Leiden;Also hexes foes near target (6..30 seconds). These foes have -0..3 Health degeneration.;0;7;24;4;0;15;1;10;0;0;0;0;0;0;0;
109;Life Siphon;Leben abzapfen;(12..24 seconds.) Target foe has -1..3 Health degeneration. You have +1..3 Health regeneration.;0;4;24;4;0;10;1;5;0;0;0;0;0;0;0;
110;Unholy Feast;Unheiliger Schmaus;Steals 10..65 Health from 1..4 foe[s] in the area around you.;0;4;22;4;0;15;.75;8;0;0;0;0;0;0;0;
111;Awaken the Blood;Das Blut erwecken;(20..44 seconds.) You have +2 Blood Magic and Curses. Sacrifice 50% more Health than normal.;1;4;23;4;0;10;1;45;0;0;0;0;0;0;0;
112;Desecrate Enchantments;Verzauberungsschändung;Deals 6..60 damage to target and nearby foes. Deals 4..20 more damage for each enchantment on them.;1;7;22;4;0;10;2;15;0;0;0;0;0;0;0;
113;Tainted Flesh;Verdorbenes Fleisch;(20..44 seconds.) Foes who hit allies in the area in melee become Diseased (3..15 seconds). this ally is immune to Disease.;0;5;23;4;0;5;1;0;0;0;1;0;0;0;0;
114;Aura of the Lich;Aura des Lich;Exploit all corpses in earshot. Animates a level 1..17 bone horror, plus one for each exploited corpse. You have +1 Death Magic (5..45 seconds).;1;5;23;4;0;15;2;45;0;0;1;0;0;0;0;
115;Blood Renewal;Bluterneuerung;(7 seconds.) You have +3..6 Health regeneration. End effect: heals you for 40..190.;1;4;23;4;0;1;1;7;0;15;0;0;0;0;0;
116;Dark Aura;Dunkle Aura;(30 seconds). Deals 5..50 damage to adjacent foes whenever target ally sacrifices Health. Damage cost: you lose 5..20 Health.;0;5;23;4;0;10;1;10;0;0;0;0;0;0;0;
117;Enfeeble;Schwächen;Inflicts Weakness condition (10..30 seconds).;1;7;22;4;0;5;.25;5;0;0;0;0;0;0;0;
118;Enfeebling Blood;Schwächendes Blut;Inflicts Weakness condition (5..20 seconds) on this foe and nearby foes.;0;7;22;4;0;1;1;8;0;10;0;0;0;0;0;
119;Blood is Power;Blut ist Kraft;(10 seconds.) +3..6 Energy regeneration. Cannot self-target.;0;4;23;4;0;1;.25;0;0;33;1;0;0;0;0;
120;Blood of the Master;Blut des Meisters;Heals your undead servants for 30..116. Healing cost: +2% Health sacrifice per servant healed.;0;5;22;4;0;5;1;2;0;5;0;0;0;0;0;
121;Spiteful Spirit;Boshafter Geist;(10..25 seconds.) Deals 15..45 damage to target and adjacent foes whenever this foe attacks or uses a skill.;1;7;24;4;0;15;2;10;0;0;1;0;0;0;0;
122;Malign Intervention;Unheilvoller Eingriff;(5..20 seconds.) Target foe receives 20% less from healing. If this foe dies while suffering from this hex, a level 1..17 masterless bone horror is summoned.;1;5;24;4;0;10;1;5;0;0;0;0;0;0;0;
123;Insidious Parasite;Heimtückischer Parasit;(5..15 seconds.) Steal 15..45 Health whenever target foe hits with an attack.;1;7;24;4;0;15;1;12;0;0;0;0;0;0;0;
124;Spinal Shivers;Rückenschauer;(10..40 seconds.) Cold damage interrupts target foe's skills. Interruption cost: you lose 8..3 Energy or Spinal Shivers ends.;1;7;24;4;0;10;2;15;0;0;0;0;0;0;0;
125;Wither;Verwelken;(5..35 seconds.) Causes -2..4 Health degeneration and -1 Energy degeneration. Deals 15..75 damage if target foe's Energy drops to 0. Ends if this foe's Energy drops to 0.;1;7;24;4;0;10;1;5;0;0;1;0;0;0;0;
126;Life Transfer;Lebensübertragung;Also hexes foes adjacent to target (6..12 second). Causes -3..8 Health degeneration. You have +3..8 Health regeneration.;1;4;24;4;0;5;1;20;0;0;1;0;0;0;0;
127;Mark of Subversion;Zeichen der Subversion;(6 seconds.) Target foe's next spell fails and you steal 10..92 Health. No effect unless this foe's spell targeted one of its allies.;1;4;24;4;0;10;2;30;0;0;0;0;0;0;0;
128;Soul Leech;Seelenfresser;(10 seconds.) Steal 16..80 Health whenever target foe casts a spell.;1;4;24;4;0;15;1;7;0;0;1;0;0;0;0;
129;Defile Flesh;Fleisch schänden;(5..35 seconds.) Reduces healing target foe receives by 33%. Only skills with the word "heal" in the description are affected.;0;7;24;4;0;10;1;10;0;10;0;0;0;0;0;
130;Demonic Flesh;Dämonenfleisch;(30..60 seconds.) When using a skill on a foe, deal 5..20 shadow damage to all other foes adjacent to you.;0;4;23;4;0;5;1;30;0;0;0;0;0;0;0;
131;Barbed Signet;Siegel der Widerhaken;Target and adjacent foes suffer from Bleeding (3..15 seconds).;0;4;21;4;0;0;1;10;0;8;0;0;0;0;0;
132;Plague Signet;Pest-Siegel;Transfers all conditions with 100..200% of their remaining durations from yourself to target foe. 50% failure chance unless Curses 5 or more.;0;7;21;4;0;0;1;4;0;0;1;0;0;0;0;
133;Dark Pact;Dunkler Pakt;Deals 10..48 damage.;0;4;22;4;0;1;1;2;0;10;0;0;0;0;0;
134;Order of Pain;Orden der Schmerzen;Enchants all party members (5 seconds). 3..16 more damage whenever these party members hit with physical damage.;0;4;23;4;0;10;2;0;0;17;0;0;0;0;0;
135;Faintheartedness;Mutlosigkeit;(3..16 seconds.) Target foe attacks 50% slower and has -0..3 Health degeneration.;0;7;24;4;0;10;1;8;0;0;0;0;0;0;0;
136;Shadow of Fear;Schatten der Angst;Also hexes foes adjacent to target (5..30 seconds). They attack 50% slower.;1;7;24;4;0;10;2;5;0;0;0;0;0;0;0;
137;Rigor Mortis;Totenstarre;(8..20 seconds.) Target foe cannot block.;0;7;24;4;0;10;1;20;0;0;0;0;0;0;0;
138;Dark Bond;Dunkles Band;(30..60 seconds.) Transfers 75% of incoming damage from you to your nearest servant.;0;4;23;4;0;5;2;20;0;0;0;0;0;0;0;
139;Infuse Condition;Zustand einflößen;(15..60 seconds.) Whenever you receive a condition, it transfers from you to your closest undead servant.;1;5;23;4;0;5;1;20;0;0;0;0;0;0;0;
140;Malaise;Unwohlsein;(5..35 seconds.) Causes -1 Energy degeneration. Deals 5..50 damage if target foe's Energy drops to 0. You have -1 Health degeneration. Ends if this foe's Energy drops to 0.;1;7;24;4;0;5;2;2;0;0;0;0;0;0;0;
141;Rend Enchantments;Verzauberungen entreißen;Removes 5..9 enchantments from target foe. Removal cost: you lose 55..25 Health for each Monk enchantment removed.;0;7;22;4;0;5;2;20;0;0;0;0;0;0;0;
142;Lingering Curse;Bleibender Fluch;(6..30 seconds.) Target and nearby foes have -1..4 Health degeneration and receive 25% less benefit from healing.;0;7;24;4;0;15;1;10;0;0;1;0;0;0;0;
143;Strip Enchantment;Verzauberung rauben;Removes 0..2 enchantment[s] from target foe. Removal effect: you steal 5..65 Health.;0;4;22;4;0;10;1;20;0;0;0;0;0;0;0;
144;Chilblains;Frostbeulen;Deals 10..44 cold damage to foes in the area around your target. removes 1..2 enchantment[s] from these foes. You are Poisoned (10 seconds).;0;7;22;4;0;25;2;8;0;0;0;0;0;0;0;
145;Signet of Agony;Siegel der Qual;Deals 10..70 damage to foes near you. You begin Bleeding (25 seconds).;0;4;21;4;0;0;.75;8;0;10;0;0;0;0;0;
146;Offering of Blood;Blutopfer;You gain 8..20 Energy.;1;4;22;4;0;1;.25;15;0;20;1;0;0;0;0;
147;Dark Fury;Dunkle Wut;Enchants party members (5 seconds). These party members gain one strike of adrenaline each time they hit with an attack. 50% failure chance unless Blood Magic 5 or more.;1;4;23;4;0;10;.75;5;0;17;0;0;0;0;0;
148;Order of the Vampire;Orden des Vampirs;Enchants all party members (5 seconds.) These party members steal 3..16 Health with each physical damage attack. Party members under another Necromancer enchantment are not affected.;1;4;23;4;0;5;2;5;0;17;1;0;0;0;0;
149;Plague Sending;Pest aussenden;Transfer 1..3 condition[s] and [its/their] remaining duration[s] from yourself to target foe and all adjacent foes.;1;7;22;4;0;1;1;5;0;10;0;0;0;0;0;
150;Mark of Pain;Zeichen des Schmerzes;(30 seconds.) Deals 10..40 damage to adjacent foes whenever target foe takes physical damage.;0;7;24;4;0;10;1;20;0;0;0;0;0;0;0;
151;Feast of Corruption;Schmaus der Verdorbenheit;Deals 16..80 damage to target and adjacent foes. Steal 8..40 Health from each hexed foe.;1;7;22;4;0;15;2;15;0;0;1;0;0;0;0;
152;Taste of Death;Geschmack des Todes;Steals 100..400 Health from allied undead servant.;0;5;22;4;0;5;.25;0;0;0;0;0;0;0;0;
153;Vampiric Gaze;Vampir-Starren;Steals 18..60 Health.;0;4;22;4;0;10;1;8;0;0;0;0;0;0;0;
154;Plague Touch;Pest-Berührung;Touch Skill. Transfers 1..3 condition[s] from yourself to target foe.;0;7;1;4;0;5;.75;0;0;0;0;0;0;0;0;
155;Vile Touch;Abscheuliche Berührung;Touch Skill. Deals 20..65 damage.;0;5;1;4;0;10;.75;2;0;0;0;0;0;0;0;
156;Vampiric Touch;Vampir-Berührung;Touch Skill. Steals 29..74 Health.;1;4;1;4;0;15;.75;2;0;0;0;0;0;0;0;
157;Blood Ritual;Blutritual;(8..14 seconds.) +3 Energy regeneration. Cannot self-target.;1;4;23;4;0;5;1;2;0;17;0;0;0;0;0;
158;Touch of Agony;Berührung der Qual;Touch Skill. Deals 20..58 damage.;1;4;1;4;0;1;.75;3;0;10;0;0;0;0;0;
159;Weaken Armor;Rüstung schwächen;Also affects adjacent foes. Inflicts Cracked Armor condition (5..20 seconds).;0;7;22;4;0;5;.5;5;0;0;0;0;0;0;0;
160;Windborne Speed;Windgeschwindigkeit;(5..13 seconds.) Target ally moves 33% faster.;1;8;23;6;0;10;.75;5;0;0;0;0;0;0;0;
162;Gale;Orkan;Causes knock-down. 50% failure chance unless Air Magic 5 or more.;0;8;22;6;0;10;1;5;0;0;0;0;10;0;0;
163;Whirlwind;Wirbelsturm;Hits foes adjacent to you. Deals 15..75 cold damage. Causes knock-down to attacking foes. Strikes nearby instead of adjacent if Overcast.;1;8;22;6;0;5;.75;8;0;0;0;0;0;0;0;
164;Elemental Attunement;Elementareinstimmung;(25..60 seconds.) Your elemental attributes are increased by +1..2. You gain 50% of the Energy cost of any Air, Earth, Fire, and Water Magic skills you use.;0;12;23;6;0;10;1;20;0;0;1;0;0;0;0;
165;Armor of Earth;Erdrüstung;(30 seconds.) You have +24..60 armor. You move 50..14% slower.;0;9;23;6;0;10;.75;15;0;0;0;0;0;0;0;
166;Kinetic Armor;Kinetik-Rüstung;(12 seconds.) You have +20..80 armor. Renewal bonus: cast a spell.;1;9;23;6;0;15;3;30;0;0;0;0;0;0;0;
167;Eruption;Eruption;Deals 10..40 earth damage each second (5 seconds). Hits foes near target's initial location. Inflicts Blindness condition (10 seconds).;1;9;22;6;0;25;2;30;0;0;0;0;0;0;0;
168;Magnetic Aura;Magnet-Aura;(1..8 second[s].) Block the next attack against you and reflect 10..50 damage to the attacker. If you are Overcast, enchant party members in earshot.;1;9;23;6;0;10;1;12;0;0;0;0;0;0;0;
169;Earth Attunement;Erdeinstimmung;(36..60 seconds.) You gain 1 Energy plus 30% of the Energy cost when you use an Earth Magic skill.;0;9;23;6;0;10;1;30;0;0;0;0;0;0;0;
170;Earthquake;Erdbeben;Deals 26..100 earth damage. Also hits foes near target. Causes knock-down.;1;9;22;6;0;25;3;15;0;0;0;0;10;0;0;
171;Stoning;Steinigung;Projectile: deals 45..105 earth damage. Causes knock-down if target foe is Weakened.;0;9;22;6;0;15;1;5;0;0;0;0;0;0;0;
172;Stone Daggers;Steindolche;Two projectiles: each deals 8..33 earth damage. If Overcast, cause Bleeding for 1..5 second[s].;0;9;22;6;0;5;1;0;0;0;0;0;0;0;0;
173;Grasping Earth;Zupackende Erde;Hexes foes near you for (5..20 seconds). These foes move 50% slower.;1;9;24;6;0;10;.75;12;0;0;0;0;0;0;0;
174;Aftershock;Nachbeben;Deals 26..100 earth damage to nearby foes. Deals 10..68 more earth damage to knocked down foes.;0;9;22;6;0;10;.75;10;0;0;0;0;0;0;0;
175;Ward Against Elements;Abwehr gegen Elemente;(8..20 seconds.) Allies in this ward have +24 armor against elemental damage. Spirits are unaffected.;1;9;26;6;0;10;1;20;0;0;0;0;0;0;0;
176;Ward Against Melee;Abwehr gegen Nahkampf;(5..20 seconds.) Allies in this ward have a 50% chance to block melee attacks. Allied spirits are not affected.;0;9;26;6;0;15;1;30;0;0;0;0;0;0;0;
177;Ward Against Foes;Abwehr gegen Feinde;(8..20 seconds.) Foes in this ward move 50% slower.;0;9;26;6;0;15;1;20;0;0;0;0;0;0;0;
178;Ether Prodigy;Ätherwunder;(8..20 seconds.) You have +6 Energy regeneration. End effect: lose 2 Health for each point of Energy you have. Lose all enchantments.;1;12;23;6;0;5;1;5;0;0;1;0;10;0;0;
179;Incendiary Bonds;Brandbänder;(3 seconds.) End effect: deals 20..80 fire damage and inflicts Burning condition (1..3 second[s]) to foes near your target. Also triggers if foe dies.;1;10;24;6;0;10;1;7;0;0;0;0;5;0;0;
180;Aura of Restoration;Wiederherstellungs-Aura;(60 seconds.) You gain 0..1 Energy and are healed for 200..500% of the Energy cost each time you cast a spell.;0;12;23;6;0;5;.25;20;0;0;0;0;0;0;0;
181;Ether Renewal;Äthererneuerung;(5..20 seconds.) Each time you cast a spell, you gain 1..4 Energy and 5..20 Health for each enchantment on you.;1;12;23;6;0;10;1;30;0;0;1;0;0;0;0;
182;Conjure Flame;Flammenbeschwörung;(60 seconds.) Your attacks hit for +5..20 fire damage. No effect unless your weapon deals fire damage.;0;10;23;6;0;10;1;45;0;0;0;0;0;0;0;
183;Inferno;Inferno;Deals 30..135 fire damage to foes adjacent to you.;0;10;22;6;0;10;.75;10;0;0;0;0;0;0;0;
184;Fire Attunement;Feuereinstimmung;(36..60 seconds.) You gain 1 Energy plus 30% of the Energy cost when you use a Fire Magic skill.;0;10;23;6;0;10;1;30;0;0;0;0;0;0;0;
185;Mind Burn;Geistige Verbrennung;Deals 15..60 fire damage. If you have more energy than target foe, deals 15..60 more fire damage and inflicts Burning (1..10 second[s]). Also hits adjacent foes.;0;10;22;6;0;5;1;5;0;0;1;0;5;0;0;
186;Fireball;Feuerball;Projectile: deals 7..112 fire damage to target and nearby foes.;0;10;22;6;0;10;1.5;7;0;0;0;0;0;0;0;
187;Meteor;Meteor;Deals 7..112 fire damage and causes knock-down. Also hits foes adjacent to target foe.;0;10;22;6;0;5;2;30;0;0;0;0;10;0;0;
188;Flame Burst;Flammenstoß;Deals 15..120 fire damage to all foes near you.;1;10;22;6;0;15;.75;5;0;0;0;0;0;0;0;
189;Rodgort's Invocation;Anrufung von Rodgort;Deals 15..120 fire damage. Also affects foes near your target. Inflicts Burning condition (1..3 second[s]).;1;10;22;6;0;25;2;8;0;0;0;0;0;0;0;
190;Mark of Rodgort;Zeichen des Rodgort;Also hexes foes near your target (10..35 seconds). Inflicts Burning condition (1..4 second[s]) when these foes take fire damage.;1;10;24;6;0;15;1;15;0;0;0;0;0;0;0;
191;Immolate;Feueropfer;Deals 20..75 fire damage. Inflicts Burning condition (1..3 second[s]).;0;10;22;6;0;10;1;5;0;0;0;0;0;0;0;
192;Meteor Shower;Meteorschauer;Deals 7..112 fire damage and causes knock-down every 3 seconds (9 seconds). Hits foes adjacent to target's initial location.;1;10;22;6;0;25;5;60;0;0;0;0;10;0;0;
193;Phoenix;Phönix;Projectile: deals 10..60 fire damage to target and nearby foes. Heals allies for 20..80 if you are Overcast.;1;10;22;6;0;10;1.5;7;0;0;0;0;0;0;0;
194;Flare;Feuergeschoss;Projectile: deals 20..65 fire damage. If Overcast, strikes adjacent.;0;10;22;6;0;5;1;0;0;0;0;0;0;0;0;
195;Lava Font;Lavabecken;Deals 5..50 fire damage each second (5 seconds). Hits foes adjacent to your initial location. If Overcast, range increased to nearby.;1;10;22;6;0;10;1.5;4;0;0;0;0;0;0;0;
196;Searing Heat;Sengende Hitze;Deals 10..40 fire damage each second (5 seconds). Hits foes near target's initial location. End effect: inflicts Burning condition (3 seconds).;1;10;22;6;0;15;2;25;0;0;0;0;0;0;0;
197;Fire Storm;Feuersturm;Deals 5..35 fire damage each second (10 seconds). Hits foes adjacent to target's initial location.;0;10;22;6;0;10;2;20;0;0;0;0;0;0;0;
198;Glyph of Elemental Power;Glyphe der Elementarkraft;(25 seconds.) Boosts your elemental attributes by +2 for your next 10 spells.;0;-1;16;6;0;5;1;5;0;0;0;0;0;0;0;
199;Glyph of Energy;Glyphe der Energie;Your next 1..3 spell[s] do[es] not cause Overcast and cost[s] 10..25 less Energy. Gain 1..2 to all elemental attributes.;1;12;16;6;0;5;1;25;0;0;1;0;0;0;0;
200;Glyph of Lesser Energy;Glyphe der geringeren Energie;(15 seconds.) Your next 2 spells cost 10..18 less Energy.;0;12;16;6;0;5;1;30;0;0;0;0;0;0;0;
201;Glyph of Concentration;Glyphe der Konzentration;(15 seconds.) Your next 1 spell cannot be interrupted and is unaffected by the Dazed condition.;1;-1;16;6;0;5;1;10;0;0;0;0;0;0;0;
202;Glyph of Sacrifice;Glyphe der Opferung;(15 seconds.) Your next spell casts instantly but takes an additional 30 seconds to recharge. Ends if you use a non-spell skill.;1;-1;16;6;0;5;1;15;0;0;0;0;0;0;0;
203;Glyph of Renewal;Glyphe der Erneuerung;(15 seconds.) Your next spell recharges instantly.;1;-1;16;6;0;5;1;10;0;0;1;0;0;0;0;
204;Rust;Rost;Deals 10..70 cold damage to target and adjacent foes. Hexes target and adjacent foes (5..20 seconds). Doubles signet activation time. Interrupts and disables signets for 1..10 second[s] if you are Overcast.;0;11;24;6;0;10;1;8;0;0;0;0;0;0;0;
205;Lightning Surge;Blitzwelle;(3 seconds.) End effect: deals 14..100 lightning damage, causes knock-down, and inflicts Cracked Armor (5..20 seconds). 25% armor penetration.;0;8;24;6;0;15;1;10;0;0;1;0;0;0;0;
206;Armor of Frost;Frostrüstung;(10..34 seconds.) You have +40 armor against physical damage and have +1 Water Magic.;1;11;23;6;0;5;1;20;0;0;0;0;0;0;0;
207;Conjure Frost;Frost beschwören;(60 seconds.) Your attacks hit for +5..20 cold damage. No effect unless your weapon deals cold damage.;0;11;23;6;0;10;1;45;0;0;0;0;0;0;0;
208;Water Attunement;Wassereinstimmung;(36..60 seconds.) You gain 1 Energy plus 30% of the Energy cost when you use a Water Magic skill.;0;11;23;6;0;10;1;30;0;0;0;0;0;0;0;
209;Mind Freeze;Geistige Erfrierung;Deals 10..60 cold damage. If you have more Energy than target foe, deals +10..60 cold damage and causes 90% slower movement (1..5 second[s]).;0;11;24;6;0;5;1;5;0;0;1;0;5;0;0;
210;Ice Prison;Eisgefängnis;(8..20 seconds.) Target foe moves 66% slower.;1;11;24;6;0;10;2;30;0;0;0;0;0;0;0;
211;Ice Spikes;Eisdornen;Also hexes foes adjacent to target (2..6 seconds). These foes move 66% slower. Initial effect: deals 20..80 cold damage.;0;11;24;6;0;15;1.5;10;0;0;0;0;0;0;0;
212;Frozen Burst;Frostexplosion;Hexes foes near you. These foes move 66% slower (3..8 seconds). Initial effect: deals 10..85 cold damage to foes near you.;1;11;24;6;0;15;.75;8;0;0;0;0;0;0;0;
213;Shard Storm;Scherbensturm;Projectile: deals 10..85 cold damage. Target foe moves 66% slower (2..6 seconds).;1;11;24;6;0;10;1;10;0;0;0;0;0;0;0;
214;Ice Spear;Eisspeer;Projectile: deals 10..60 cold damage. Gain +1..4 Health regeneration for 5 seconds if Overcast.;0;11;23;6;0;5;1;0;0;0;0;0;0;0;0;
215;Maelstrom;Strudel;Deals 10..25 cold damage and interrupts spells each second (10 seconds). Hits foes adjacent to target's initial location.;0;11;22;6;0;25;2;30;0;0;0;0;10;0;0;
216;Iron Mist;Eisennebel;(8..15 seconds.) Gain +15 armor. Air Magic spells that target a foe activate and recharge 33% faster, but you are Overcast by 2 points.;1;9;23;6;0;10;1;20;0;0;0;0;0;0;0;
217;Crystal Wave;Kristallwelle;Deals 10..70 damage to all foes adjacent to you. Those foes lose all conditions and take 5..15 damage for each condition removed.;1;9;22;6;0;15;.75;15;0;0;0;0;0;0;0;
218;Obsidian Flesh;Obsidianfleisch;(8..20 seconds.) You have +20 armor and enemy spells cannot target you. You cannot attack and have -2 energy degeneration.;0;9;23;6;0;25;1;30;0;0;1;0;0;0;0;
219;Obsidian Flame;Obsidianflamme;Deals 22..112 damage.;0;9;22;6;0;5;1.5;5;0;0;0;0;5;0;0;
220;Blinding Flash;Blitzblendung;Inflicts Blindness condition (3..8 seconds).;0;8;22;6;0;10;.75;8;0;0;0;0;0;0;0;
221;Conjure Lightning;Blitzbeschwörung;(60 seconds.) Your attacks hit for +5..20 lightning damage. No effect unless your weapon deals lightning damage.;0;8;23;6;0;10;1;45;0;0;0;0;0;0;0;
222;Lightning Strike;Blitzschlag;Deals 5..40 lightning damage. 25% armor penetration. Hex for 3 seconds if Overcast. End effect: deals 5..40 lightning damage.;0;8;24;6;0;5;1;5;0;0;0;0;0;0;0;
223;Chain Lightning;Kettenblitz;Deals 10..85 lightning damage. Also hits two foes near your target. 25% armor penetration.;1;8;22;6;0;10;2;6;0;0;0;0;5;0;0;
224;Enervating Charge;Schwächende Aufladung;Deals 25..50 lightning damage. Inflicts Weakness condition (5..20 seconds). 25% armor penetration.;0;8;22;6;0;10;1;8;0;0;0;0;0;0;0;
225;Air Attunement;Lufteinstimmung;(36..60 seconds.) You gain 1 Energy plus 30% of the Energy cost whenever you use an Air Magic skill.;0;8;23;6;0;10;1;30;0;0;0;0;0;0;0;
226;Mind Shock;Geistiger Schock;Deals 10..50 lightning damage. If you have more Energy than target foe, deals +10..50 lightning damage and causes knockdown. 25% armor penetration.;1;8;22;6;0;5;1;8;0;0;1;0;5;0;0;
227;Glimmering Mark;Schimmerndes Zeichen;(10 seconds.) Deals 5..25 damage each second to target and adjacent foes. Inflicts Blindness on foes using attack skills. Ends if you use a skill that targets this foe.;1;8;24;6;0;10;1;15;0;0;1;0;0;0;0;
228;Thunderclap;Donnerschlag;Deals 10..50 lightning damage. Also strikes nearby foes. Inflicts Cracked Armor and Weakness (5..20 seconds). Causes interrupt. 25% armor penetration.;1;8;22;6;0;10;1;8;0;0;1;0;0;0;0;
229;Lightning Orb;Kugelblitz;Projectile: deals 10..100 lightning damage. 25% armor penetration.;0;8;22;6;0;15;2;5;0;0;0;0;0;0;0;
230;Lightning Javelin;Blitzspeer;Projectile: Deals 15..50 lightning damage. Interrupts if your target is attacking. 25% armor penetration. Strikes all foes between you and your target.;1;8;22;6;0;5;1;5;0;0;0;0;0;0;0;
231;Shock;Schock;Touch Skill. Deals 10..60 lightning damage. Causes knock-down. 25% armor penetration.;1;8;1;6;0;5;.75;10;0;0;0;0;10;0;0;
232;Lightning Touch;Blitz-Berührung;Touch Skill. Deals 10..60 lightning damage. Also hits foes adjacent to target foe. Inflicts Blind (1..4 second[s]) and Cracked Armor (1..10 second[s]) on all struck foes. 25% armor penetration.;0;8;1;6;0;5;.75;10;0;0;0;0;0;0;0;
233;Swirling Aura;Wirbelnde Aura;(3..7 second[s].) Gives 1..6 Health regeneration and a 50% chance to block projectiles. If Overcast, also enchants party members in earshot.;1;11;23;6;0;10;1;15;0;0;0;0;0;0;0;
234;Deep Freeze;Tiefgefrieren;Also hexes foes in the area of your target (10 seconds). These foes move 66% slower. Initial effect: deals 10..85 cold damage.;0;11;24;6;0;25;2;15;0;0;0;0;0;0;0;
235;Blurred Vision;Verschwommene Sicht;Also hexes foes adjacent to target (4..10 seconds). They have 50% chance to miss.;0;11;24;6;0;10;1;12;0;0;0;0;0;0;0;
236;Mist Form;Nebelform;(10..45 seconds.) Take 33% less damage from foes hexed with Water Magic. Heals non-spirit allies in earshot for 50..250% of the energy cost of your elemental spells.;1;11;23;6;0;5;1;20;0;0;1;0;0;0;0;
237;Water Trident;Wasserdreizack;Fast Projectile: deals 10..90 cold damage and knocks-down moving foes. Shoots 2 additional projectiles at adjacent foes.;1;11;22;6;0;5;1;3;0;0;1;0;0;0;0;
238;Armor of Mist;Nebelrüstung;(8..20 seconds.) You have +10..40 armor and move 33% faster.;1;11;23;6;0;10;1;30;0;0;0;0;0;0;0;
239;Ward Against Harm;Abwehr gegen Schaden;(5..15 seconds.) Allies in this ward have +1..3 Health regeneration, +12..24 armor, and +12..24 additional armor against elemental damage. Spirits are unaffected. This spell is disabled for 20 seconds.;1;11;26;6;0;15;1;20;0;0;1;0;0;0;0;
240;Smite;Peinigung;Deals 10..55 holy damage. Deals 10..35 more holy damage if target is attacking.;1;14;22;3;0;10;1;10;0;0;0;0;0;0;0;
241;Life Bond;Lebensbindung;Half of the damage target ally takes from attacks is redirected to you. Redirected damage is reduced by 3..30. Cannot self-target.;0;15;23;3;-1;10;2;0;0;0;0;0;0;0;0;
242;Balthazar's Spirit;Balthasars Geist;Target ally gains adrenaline and 1 Energy when taking damage.;1;14;23;3;-1;10;2;0;0;0;0;0;0;0;0;
243;Strength of Honor;Stärke der Ehre;Target ally deals 5..25 more damage in melee.;0;14;23;3;-1;10;2;15;0;0;0;0;0;0;0;
244;Life Attunement;Lebenseinstimmung;Target ally gains 14..50% more Health when healed. This ally deals 30% less damage with attacks.;1;15;23;3;-1;10;2;0;0;0;0;0;0;0;0;
245;Protective Spirit;Schutzgeist;(5..23 seconds.) Incoming damage is reduced to 10% of target ally's maximum Health.;0;15;23;3;0;10;.25;5;0;0;0;0;0;0;0;
246;Divine Intervention;Göttliche Intervention;(10 seconds.) Negates the next fatal damage target ally takes. Negation effect: heals for 26..240.;0;16;23;3;0;5;.25;30;0;0;0;0;0;0;0;
247;Symbol of Wrath;Symbol des Zorns;Deals 10..40 holy damage each second (5 seconds). Hits foes adjacent to target foe's initial location.;1;14;22;3;0;5;1;20;0;0;0;0;0;0;0;
248;Retribution;Vergeltung;Deals 33% of each attack's damage (maximum 5..20) back to the source.;0;14;23;3;-1;10;2;0;0;0;0;0;0;0;0;
249;Holy Wrath;Heiliger Zorn;(10..30 seconds). Deals 66% of each attack's damage (maximum 5..50) back to source. Ends after dealing damage 1..10 time[s]. Cannot self-target.;1;14;23;3;0;10;1;10;0;0;0;0;0;0;0;
250;Essence Bond;Essenzbindung;You gain 1 Energy whenever target ally takes physical or elemental damage.;1;-1;23;3;-1;10;2;0;0;0;0;0;0;0;0;
251;Scourge Healing;Geißelheilung;(30 seconds.) Whenever target foe is healed, the healer takes 15..80 holy damage.;0;14;24;3;0;10;2;5;0;0;0;0;0;0;0;
252;Banish;Verbannung;Deals 20..56 holy damage. Deals double damage to summoned creatures.;0;14;22;3;0;5;1;10;0;0;0;0;0;0;0;
253;Scourge Sacrifice;Geißelopfer;Also hexes foes adjacent to target (8..20 seconds). Doubles Health sacrifice.;1;14;24;3;0;5;1;5;0;0;0;0;0;0;0;
254;Vigorous Spirit;Energischer Geist;(30 seconds.) Heals for 5..20 each time target ally attacks or casts a spell.;1;13;23;3;0;5;.25;4;0;0;0;0;0;0;0;
255;Watchful Spirit;Wachsamer Geist;+2 Health regeneration. End effect: heals for 30..180.;1;16;23;3;-1;15;1;5;0;0;0;0;0;0;0;
256;Blessed Aura;Gesegnete Aura;Monk enchantments you cast last 10..35% longer.;1;16;23;3;-1;10;2;2;0;0;0;0;0;0;0;
257;Aegis;Aegis;Enchants all party members within earshot (5..11 seconds). 50% chance to block.;0;15;23;3;0;10;2;30;0;0;0;0;0;0;0;
258;Guardian;Wächter;(2..7 seconds.) 50% chance to block.;0;15;23;3;0;5;1;6;0;0;0;0;0;0;0;
259;Shield of Deflection;Ablenkungsschild;(3..10 seconds.) 75% chance to block. +15..30 armor.;1;15;23;3;0;10;.25;5;0;0;1;0;0;0;0;
260;Aura of Faith;Glaubensaura;(3 seconds.) Target ally gains 50..100% more Health when healed and takes 5..50% less damage.;1;15;23;3;0;5;.25;8;0;0;1;0;0;0;0;
261;Shield of Regeneration;Schild der Regeneration;(5..13 seconds.) +3..10 Health regeneration and +20..45 armor.;0;15;23;3;0;10;.25;8;0;0;1;0;0;0;0;
262;Shield of Judgment;Schild des Urteils;(8..20 seconds.) Deals 5..50 holy damage to foes attacking target ally. Causes knock-down.;1;14;23;3;0;15;1;45;0;0;1;0;0;0;0;
263;Protective Bond;Band des Schutzes;Target ally cannot lose more than 5% max Health from a single attack or spell. Each time damage is reduced you lose 6..3 Energy or this spell ends.;1;15;23;3;-1;10;2;0;0;0;0;0;0;0;0;
264;Pacifism;Pazifismus;(4..8 seconds.) Target foe cannot attack. Ends if this foe takes damage.;1;15;24;3;0;10;2;15;0;0;0;0;0;0;0;
265;Amity;Freundschaft;(4..12 seconds.) Foes adjacent to you cannot attack. Ends on any foes that take damage.;1;15;24;3;0;5;.25;20;0;0;1;0;0;0;0;
266;Peace and Harmony;Frieden und Harmonie;Target ally loses 0..9 condition[s] and hex[es]. Conditions and hexes expire 90% faster on that ally (1..3 second[s]). Disables your Smiting Prayers (20 seconds).;1;16;23;3;0;5;.25;10;0;0;1;0;0;0;0;
267;Judge's Insight;Einblick des Richters;(8..20 seconds.) Converts target ally's attacks to holy damage and adds +20% armor penetration.;0;14;23;3;0;10;2;10;0;0;0;0;0;0;0;
268;Unyielding Aura;Unnachgiebige Aura;Your Monk spells heal for +15..60%. End effect: a random other party member is resurrected with full Health and Energy and teleported to your location.;1;16;23;3;-1;5;.25;10;0;0;1;0;0;0;0;
269;Mark of Protection;Schutzzeichen;(10 seconds.) Converts incoming damage to healing (maximum 6..60). All your Protection Prayers are disabled (5 seconds).;1;15;23;3;0;10;.25;15;0;0;1;0;0;0;0;
270;Life Barrier;Lebenssperre;Reduces damage by 20..50%. Cannot self-target. If your Health is below 50% when target takes damage, Life Barrier ends.;1;15;23;3;-1;15;2;5;0;0;1;0;0;0;0;
271;Zealot's Fire;Eifererfeuer;(60 seconds.) Whenever you use a skill on an ally, all foes adjacent to that ally are hit for 5..35 fire damage. Damage cost: you lose 1 Energy.;0;14;23;3;0;10;.25;30;0;0;0;0;0;0;0;
272;Balthazar's Aura;Balthasars Aura;(8 seconds.) Deals 10..30 holy damage each second to foes adjacent to target ally.;0;14;23;3;0;15;1;20;0;0;0;0;0;0;0;
273;Spell Breaker;Zauberbrecher;(5..17 seconds.) Target ally cannot be the target of enemy spells.;0;16;23;3;0;15;1;45;0;0;1;0;0;0;0;
274;Healing Seed;Heilender Samen;(10 seconds.) Target and adjacent allies gain 3..30 Health whenever this ally takes damage. Cannot self-target.;0;13;23;3;0;10;2;25;0;0;0;0;0;0;0;
275;Mend Condition;Zustand bessern;Removes one condition. Removal effect: heals for 5..70. Cannot self-target.;1;15;22;3;0;5;.75;2;0;0;0;0;0;0;0;
276;Restore Condition;Zustand wiederherstellen;Removes all conditions. Removal effect: heals for 10..70 for each condition removed. Cannot self-target.;1;15;22;3;0;5;.75;2;0;0;1;0;0;0;0;
277;Mend Ailment;Leiden heilen;Removes a condition. Removal effect: heals for 5..70 for each remaining condition.;0;15;22;3;0;5;.75;5;0;0;0;0;0;0;0;
278;Purge Conditions;Zustände reinigen;Removes all conditions.;0;-1;22;3;0;5;.25;20;0;0;0;0;0;0;0;
279;Divine Healing;Göttliche Heilung;Heals you and party members within earshot for 15..60.;1;16;22;3;0;5;1;12;0;0;0;0;0;0;0;
280;Heal Area;Gebiet heilen;Heals you and adjacent allies and foes for 30..180.;1;13;22;3;0;10;1;5;0;0;0;0;0;0;0;
281;Orison of Healing;Fürbitte der Heilung;Heals for 20..70.;0;13;22;3;0;5;1;2;0;0;0;0;0;0;0;
282;Word of Healing;Wort der Heilung;Heals for 5..100. Heals for 30..115 more if target ally is below 50% Health.;0;13;22;3;0;5;.75;3;0;0;1;0;0;0;0;
283;Dwayna's Kiss;Dwaynas Kuss;Heals for 15..60. Heals for 10..35 more for each enchantment and hex on target ally. Cannot self-target.;1;13;22;3;0;5;1;3;0;0;0;0;0;0;0;
284;Divine Boon;Göttlicher Segen;Whenever you cast a Protection Prayer or Divine Favor spell on an ally, that ally is healed for 15..60. Heal cost: you lose 1 Energy.;0;16;23;3;-1;5;.25;10;0;0;0;0;0;0;0;
285;Healing Hands;Heilende Hände;(10 seconds.) Heals for 5..35 whenever target takes damage.;1;13;23;3;0;5;.25;15;0;0;1;0;0;0;0;
286;Heal Other;Anderen heilen;Heals for 35..180. Cannot self-target.;1;13;22;3;0;10;.75;3;0;0;0;0;0;0;0;
287;Heal Party;Gruppe heilen;Heals entire party for 30..75.;0;13;22;3;0;15;2;2;0;0;0;0;0;0;0;
288;Healing Breeze;Heilender Hauch;(15 seconds.) +4..9 Health regeneration.;0;13;23;3;0;10;1;5;0;0;0;0;0;0;0;
289;Vital Blessing;Lebendige Segnung;+40..200 maximum Health.;1;15;23;3;-1;10;.75;2;0;0;0;0;0;0;0;
290;Mending;Genesung;+1..4 Health regeneration.;0;13;23;3;-1;10;2;0;0;0;0;0;0;0;0;
291;Live Vicariously;Ersatzleben;You gain 2..17 Health whenever target ally hits a foe.;1;13;23;3;-1;5;2;0;0;0;0;0;0;0;0;
292;Infuse Health;Leben einflößen;Heals for 100..136% of half your current Health. Lose half your current Health. Cannot self-target.;0;13;22;3;0;10;.25;0;0;0;0;0;0;0;0;
293;Signet of Devotion;Siegel der Hingabe;Heals for 14..100.;0;16;21;3;0;0;2;5;0;0;0;0;0;0;0;
294;Signet of Judgment;Siegel des Urteils;Knocks down target. Deals 15..75 holy damage to target and adjacent foes.;0;14;21;3;0;0;1;20;0;0;1;0;0;0;0;
295;Purge Signet;Siegel der Reinigung;Removes all hexes and conditions. Removal cost: 10 Energy each.;0;-1;21;3;0;0;2;20;0;0;0;0;0;0;0;
296;Bane Signet;Siegel des Ruins;Deals 26..56 holy damage. Causes knock-down if target foe is attacking.;0;14;21;3;0;0;1;20;0;0;0;0;0;0;0;
297;Blessed Signet;Gesegnetes Siegel;You gain 3 Energy for each enchantment you are maintaining. You cannot gain more than 3..24 Energy in this way.;0;16;21;3;0;0;2;10;0;0;0;0;0;0;0;
298;Martyr;Märtyrer;Transfer all conditions from all allies to you.;0;-1;22;3;0;5;.25;10;0;0;1;0;0;0;0;
299;Shielding Hands;Schützende Hände;(8 seconds.) Reduces incoming damage and life steal by 3..18. End effect: heals for 5..50;0;15;23;3;0;5;.25;15;0;0;0;0;0;0;0;
300;Contemplation of Purity;Gebot der Reinheit;You gain 0..80 Health and lose one hex and one condition for each enchantment on you (maximum 1..8 hexes and conditions). You lose all enchantments.;1;16;1;3;0;5;.25;10;0;0;0;0;0;0;0;
301;Remove Hex;Verhexung entfernen;Removes a hex from target ally.;0;-1;22;3;0;5;1;8;0;0;0;0;0;0;0;
302;Smite Hex;Verhexung zerschlagen;Removes a hex from target ally. Removal effect: deals 10..85 holy damage to foes in the area of target ally.;0;14;22;3;0;5;1;12;0;0;0;0;0;0;0;
303;Convert Hexes;Verhexungen umwandeln;Removes all hexes. +10 armor for each Necromancer hex removed (8..20 seconds). Cannot self-target.;0;15;22;3;0;15;1;12;0;0;0;0;0;0;0;
304;Light of Dwayna;Licht von Dwayna;Resurrects all dead party members in the area. (25% Health, zero Energy).;1;-1;22;3;0;25;4;20;0;0;0;0;0;0;0;
305;Resurrect;Wiederbeleben;Resurrects target party member (25% Health, 0 Energy).;0;-1;22;3;0;10;5;8;0;0;0;0;0;0;0;
306;Rebirth;Wiedergeburt;Resurrects target party member (25% Health, 0 Energy). Teleports target to you. Disables target's skills (10..3 seconds). You lose all Energy.;0;15;22;3;0;10;5;0;0;0;0;0;0;0;0;
307;Reversal of Fortune;Umkehrung des Schicksals;(8 seconds.) Converts the next incoming damage or life steal (maximum 15..80) to healing.;0;15;23;3;0;5;.25;2;0;0;0;0;0;0;0;
308;Succor;Beistand;+1 Health regeneration and +1 Energy regeneration. Cannot self-target. You lose 1 Energy each time target ally casts a spell.;1;-1;23;3;-1;5;1;10;0;0;0;0;0;0;0;
309;Holy Veil;Heiliger Schleier;Doubles casting time of hexes cast on target ally. End effect: removes a hex.;0;-1;23;3;-1;5;1;12;0;0;0;0;0;0;0;
310;Divine Spirit;Göttlicher Geist;(1..14 second[s].) Monk spells cost you 5 less Energy. Minimum cost: 1 Energy.;1;16;23;3;0;10;.25;60;0;0;0;0;0;0;0;
311;Draw Conditions;Zustände entziehen;Transfers all conditions from target ally to yourself. Transfer effect: you gain 6..26 Health for each condition. Cannot self-target.;0;15;22;3;0;5;.25;4;0;0;0;0;0;0;0;
312;Holy Strike;Heiliger Schlag;Touch Skill. Deals 10..55 holy damage. Deals 10..55 more holy damage if target is knocked down.;1;14;1;3;0;5;.75;8;0;0;0;0;0;0;0;
313;Healing Touch;Heilende Berührung;Touch Spell. Heals for 16..60. Double Health gain from Divine Favor for this spell.;0;13;22;3;0;5;.75;5;0;0;0;0;0;0;0;
314;Restore Life;Leben erneuern;Touch Spell. Resurrects target party member (20..65% Health, 42..90% Energy).;1;13;22;3;0;10;4;8;0;0;0;0;0;0;0;
315;Vengeance;Rache;(30 seconds.) Resurrects target party member (full Health, full Energy). This ally deals 25% more damage and does not incur death penalty. End effect: this ally dies.;1;-1;23;3;0;10;4;30;0;0;0;0;0;0;0;
316;"To the Limit!";Bis ans Limit!;(10..20 seconds.) You have +10..60 maximum Health. Initial effect: you gain one strike of adrenaline for each foe within earshot (maximum 1..6).;1;21;20;1;0;5;0;10;0;0;0;0;0;0;0;
317;Battle Rage;Kampfwut;(5..20 seconds.) You move 33% faster and gain double adrenaline from your attacks. Ends if you use any non-adrenal skills.;0;17;29;1;0;0;0;0;3.2;0;1;0;0;0;0;
318;Defy Pain;Schmerz trotzen;(20 seconds.) You have +90..300 maximum Health, +20 armor, and take 1..10 less damage.;1;17;1;1;0;0;0;0;4.8;0;1;0;0;0;0;
319;Rush;Ansturm;(8..20 seconds.) You move 25% faster.;1;17;29;1;0;0;0;0;3.2;0;0;0;0;0;0;
320;Hamstring;Lähmung;Inflicts Crippled condition (3..15 seconds).;0;20;10;1;0;5;0;10;0;0;0;0;0;0;0;
321;Wild Blow;Rundumschlag;Always a critical hit. Removes a stance. Unblockable. Lose all adrenaline.;0;-1;3;1;0;5;0;8;0;0;0;0;0;0;0;
322;Power Attack;Kraftangriff;Deals +10..40 damage.;0;17;3;1;0;5;0;3;0;0;0;0;0;0;0;
323;Desperation Blow;Verzweiflungsschlag;Deals +10..40 damage. Inflicts one of the following random conditions: Deep Wound (20 seconds), Weakness (20 seconds), Bleeding (25 seconds), or Crippled (15 seconds). You are knocked-down.;1;21;3;1;0;5;0;7;0;0;0;0;0;0;0;
324;Thrill of Victory;Rausch des Sieges;Deals +20..40 damage. If you have more Health than your target, you gain 1..2 adrenaline.;0;21;3;1;0;5;0;8;0;0;0;0;0;0;0;
325;Distracting Blow;Ablenkungsschlag;Also attacks foes adjacent to your target. Interrupts an action. Hits for no damage.;0;-1;3;1;0;5;.5;10;0;0;0;0;0;0;0;
326;Protector's Strike;Schlag des Beschützers;Deals +10..40 damage if target is moving.;1;17;3;1;0;5;.5;3;0;0;0;0;0;0;0;
327;Griffon's Sweep;Greifenschlag;Deals +5..20 damage. Causes knock-down and deals 10..34 damage if blocked.;1;17;3;1;0;5;0;8;0;0;0;0;0;0;0;
328;Pure Strike;Reiner Schlag;Deals +1..30 damage. Unblockable unless you are in a stance.;1;20;10;1;0;5;0;8;0;0;0;0;0;0;0;
329;Skull Crack;Schädel spalten;Interrupts an action. Inflicts Dazed condition (15 seconds) if target is casting a spell.;1;-1;3;1;0;0;.25;0;6;0;1;0;0;0;0;
330;Cyclone Axe;Zyklonaxt;Deals +4..12 damage to all foes adjacent to you.;0;18;4;1;0;5;0;4;0;0;0;0;0;0;0;
331;Hammer Bash;Hammerstreich;Causes knock-down. Lose all adrenaline.;0;19;8;1;0;0;0;0;5.2;0;0;0;0;0;0;
332;Bull's Strike;Bullenstoß;Deals +5..30 damage and causes knock-down if target foe is moving.;0;17;3;1;0;5;0;10;0;0;0;0;0;0;0;
333;"I Will Avenge You!";Ich werde Euch rächen!;You have +3..7 Health regeneration and attack 25% faster (10 seconds for each dead ally).;1;17;20;1;0;5;0;45;0;0;0;0;0;0;0;
334;Axe Rake;Harkenaxt;Deals +1..10 damage and inflicts Crippled condition (15 seconds) if target foe has a Deep Wound.;0;18;4;1;0;0;0;0;4.8;0;0;0;0;0;0;
335;Cleave;Spalten;Deals +10..40 damage and hits 1..2 adjacent foe[s] for 10..40 slashing damage.;0;18;4;1;0;0;0;0;3.2;0;1;0;0;0;0;
336;Executioner's Strike;Henkerschlag;Deals +10..40 damage.;0;18;4;1;0;0;0;0;8;0;0;0;0;0;0;
337;Dismember;Zerstückeln;Inflicts Deep Wound condition (5..20 seconds).;0;18;4;1;0;0;0;0;4.8;0;0;0;0;0;0;
338;Eviscerate;Ausweiden;Deals +10..45 damage. Inflicts Deep Wound condition (5..20 seconds).;1;18;4;1;0;0;0;0;8;0;1;0;0;0;0;
339;Penetrating Blow;Durchdringender Schlag;Deals +5..20 damage. 20% armor penetration.;1;18;4;1;0;0;0;0;4.8;0;0;0;0;0;0;
340;Disrupting Chop;Unterbrechender Hieb;Interrupts an action. Interruption effect: interrupted skill is disabled for +20 seconds.;0;18;4;1;0;0;0;1;6;0;0;0;0;0;0;
341;Swift Chop;Schneller Hieb;Deals +1..20 damage. Deals 1..20 damage and inflicts Deep Wound condition (20 seconds) if blocked.;0;18;4;1;0;5;0;4;0;0;0;0;0;0;0;
342;Axe Twist;Axtdrehung;Deals +1..20 damage and inflicts Weakness condition (20 seconds) if target foe has a Deep Wound.;1;18;4;1;0;0;0;0;4.8;0;0;0;0;0;0;
343;"For Great Justice!";Für höhere Gerechtigkeit!;(20 seconds.) You gain 100% more adrenaline.;0;-1;20;1;0;5;0;45;0;0;0;0;0;0;0;
344;Flurry;Schauer;(5 seconds). You attack 33% faster. You do 25% less damage.;1;-1;29;1;0;5;0;5;0;0;0;0;0;0;0;
345;Defensive Stance;Verteidigungshaltung;(1..5 second[s].) You have 75% chance to block. End effect: gain one adrenaline for each melee attack skill you have (maximum 0..4).;0;21;29;1;0;0;0;8;4.8;0;0;0;0;0;0;
346;Frenzy;Raserei;(8 seconds.) You attack 33% faster. You take double damage.;0;-1;29;1;0;5;0;4;0;0;0;0;0;0;0;
347;Endure Pain;Schmerz ertragen;(7..18 seconds.) You have +90..300 maximum Health.;0;17;1;1;0;5;0;30;0;0;0;0;0;0;0;
348;"Watch Yourself!";Passt auf Euch auf!;(10 seconds.) Party members in earshot have +5..25 armor. Ends after 10 incoming attacks.;0;21;20;1;0;0;0;4;3.2;0;0;0;0;0;0;
349;Sprint;Sprinten;(8..14 seconds.) You move 25% faster.;0;17;29;1;0;5;0;15;0;0;0;0;0;0;0;
350;Belly Smash;Bauchklatscher;Inflicts Blindness condition to adjacent foes (3..7 seconds) if target foe is knocked down.;1;19;8;1;0;5;1;10;0;0;0;0;0;0;0;
351;Mighty Blow;Mächtiger Schlag;Deals +10..40 damage.;0;19;8;1;0;0;0;0;6.4;0;0;0;0;0;0;
352;Crushing Blow;Vernichtender Schlag;Deals +1..20 damage. Inflicts Deep Wound condition if target foe is knocked-down (5..20 seconds).;1;19;8;1;0;5;0;10;0;0;0;0;0;0;0;
353;Crude Swing;Grober Schwung;Attack all adjacent foes for +1..20 damage.;1;19;8;1;0;5;0;5;0;0;0;0;0;0;0;
354;Earth Shaker;Erdrüttler;Knocks down target and adjacent foes. 50% failure chance unless Hammer Mastery is 5 or more.;1;19;8;1;0;0;0;0;8;0;1;0;0;0;0;
355;Devastating Hammer;Verheerender Hammer;Causes knock-down. Inflicts Weakness condition (5..20 seconds).;0;19;8;1;0;0;0;0;6.4;0;1;0;0;0;0;
356;Irresistible Blow;Brutaler Schlag;Deals +5..20 damage. Deals 5..20 damage and causes knock-down if blocked.;0;19;8;1;0;5;0;6;0;0;0;0;0;0;0;
357;Counter Blow;Gegenschlag;Causes knock-down if target foe is attacking.;0;19;8;1;0;0;0;0;4;0;0;0;0;0;0;
358;Backbreaker;Rückenbrecher;Deals +1..20 damage. Causes knockdown. Knockdown lasts 4 seconds with Strength 8 or higher.;1;19;8;1;0;0;0;0;8.8;0;1;0;0;0;0;
359;Heavy Blow;Heftiger Schlag;Deals +1..30 damage and causes knock-down if target foe is Weakened. Lose all adrenaline.;0;19;8;1;0;0;0;0;4.8;0;0;0;0;0;0;
360;Staggering Blow;Umwerfender Schlag;Inflicts Weakness condition (5..20 seconds).;0;19;8;1;0;0;1;0;3.2;0;0;0;0;0;0;
361;Dolyak Signet;Dolyak-Siegel;(8..20 seconds.) You have +10..40 armor and cannot be knocked-down. You move 75% slower.;1;17;21;1;0;0;0;20;0;0;0;0;0;0;0;
362;Warrior's Cunning;Verschlagenheit des Kriegers;(5..11 seconds.) Your melee attacks are unblockable.;0;17;1;1;0;10;0;60;0;0;0;0;0;0;0;
363;Shield Bash;Heftiger Schildschlag;(5..11 seconds.) You block the next attack skill. Causes knock-down and +15 second recharge if it was a melee skill. No effect unless you are wielding a shield.;0;17;1;1;0;5;0;20;0;0;0;0;0;0;0;
364;"Charge!";Angriff!;(5..13 seconds.) Allies in earshot move 33% faster. Initial effect: these allies lose the Crippled condition.;0;21;20;1;0;5;0;20;0;0;1;0;0;0;0;
365;"Victory Is Mine!";Der Sieg ist mein!;You gain 10..68 Health and 3..7 Energy for each condition on target foe.;1;21;20;1;0;5;0;10;0;0;1;0;0;0;0;
366;"Fear Me!";Fürchtet mich!;(1..15 second[s].) You have +5..30% chance of a critical hit with melee attacks against stationary foes. Initial effect: nearby foes lose 2..6 Energy.;1;21;20;1;0;0;0;4;3.2;0;0;0;0;0;0;
367;"Shields Up!";Schilde hoch!;(5..11 seconds.) Party members in earshot have +60 armor against projectile attacks.;0;21;20;1;0;10;0;30;0;0;0;0;0;0;0;
368;"I Will Survive!";Ich überlebe!;(5..11 seconds.) You have +3 Health regeneration for each condition on you.;1;17;20;1;0;5;0;30;0;0;0;0;0;0;0;
370;Berserker Stance;Berserkerhaltung;(8..14 seconds.) You attack 33% faster and gain 100% more adrenaline. Ends if you use a skill.;0;17;29;1;0;10;0;10;0;0;0;0;0;0;0;
371;Balanced Stance;Ausgeglichene Haltung;(8..20 seconds.) You cannot be knocked-down and do not take extra damage from critical hits.;0;21;29;1;0;5;0;30;0;0;0;0;0;0;0;
372;Gladiator's Defense;Gladiatoren-Verteidigung;(5..11 seconds.) You have 75% chance to block. Your attacker takes 5..35 damage whenever you block a melee attack this way.;1;21;29;1;0;5;0;20;0;0;1;0;0;0;0;
373;Deflect Arrows;Pfeilablenkung;(1..6 second[s].) You have 75% chance to block attacks. Adjacent foes suffer Bleeding (5..15 seconds) when you block a projectile attack.;1;21;29;1;0;0;0;12;4.8;0;0;0;0;0;0;
374;Warrior's Endurance;Ausdauer des Kriegers;(5..35 seconds.) You gain 3 Energy each time you hit with a melee attack. No Energy gain if you have more than 10..25 Energy.;1;17;1;1;0;5;0;30;0;0;1;0;0;0;0;
375;Dwarven Battle Stance;Zwergen-Kampfhaltung;(5..11 seconds.) You attack 33% faster, you gain +40 armor, and your attack skills interrupt actions. No effect unless you have a hammer equipped.;1;17;29;1;0;5;0;20;0;0;1;0;0;0;0;
376;Disciplined Stance;Disziplinierte Haltung;(1..4 second[s].) You have 75% chance to block and +10 armor. Ends if you use an adrenal skill.;1;21;29;1;0;5;0;15;0;0;0;0;0;0;0;
377;Wary Stance;Wachsame Haltung;(1..6 second[s]). You block attack skills. Gain adrenaline and 5 Energy for each block. Ends if you use a skill.;1;21;29;1;0;10;0;10;0;0;0;0;0;0;0;
378;Shield Stance;Schildhaltung;(1..6 second[s].) You have 75% chance to block. Damage is reduced by 2 for each rank of Strength (maximum 15 damage reduction). No effect unless you have a shield equipped.;1;21;29;1;0;5;0;15;0;0;0;0;0;0;0;
379;Bull's Charge;Angriff des Bullen;(1..7 seconds.) You move 50% faster. Causes knock-down if you hit a moving foe in melee. Ends if you use a skill.;1;17;29;1;0;5;0;12;0;0;1;0;0;0;0;
380;Bonetti's Defense;Bonettis Verteidigung;(5..11 seconds.) You have 75% chance to block. Gain 5 Energy for each melee attack blocked. Ends if you use a skill.;1;21;29;1;0;0;0;0;8;0;0;0;0;0;0;
381;Hundred Blades;Hundert Klingen;(15 seconds.) Deals 10..35 slashing damage to all adjacent foes whenever you attack with a sword.;0;20;1;1;0;5;0;20;0;0;1;0;0;0;0;
382;Sever Artery;Arterienabtrennung;Inflicts Bleeding condition (5..25 seconds).;0;20;10;1;0;0;0;0;4;0;0;0;0;0;0;
383;Galrath Slash;Galrath-Hieb;Deals +1..40 damage.;1;20;10;1;0;0;0;0;8;0;0;0;0;0;0;
384;Gash;Schnittwunde;Deals +5..20 damage and inflicts Deep Wound condition (5..20 seconds) if your target is Bleeding.;0;20;10;1;0;0;0;0;5.6;0;0;0;0;0;0;
385;Final Thrust;Endstoß;Deals +1..40 damage. Deals +1..40 more damage if target foe is below 50% Health. Lose all adrenaline.;0;20;10;1;0;0;0;0;9.6;0;0;0;0;0;0;
386;Seeking Blade;Suchende Klinge;Deals +1..20 damage. Deals 1..20 damage and inflicts Bleeding condition (25 seconds) if blocked.;0;20;10;1;0;5;0;4;0;0;0;0;0;0;0;
387;Riposte;Entgegnung;(8 seconds). You block the next melee attack and your attacker takes 20..80 damage. No effect unless you have a sword equipped.;1;21;1;1;0;0;0;0;3.2;0;0;0;0;0;0;
388;Deadly Riposte;Tödliche Entgegnung;(8 seconds). You block the next melee attack and your attacker takes 15..90 damage. Inflicts Bleeding condition. (3..25 seconds). No effect unless you have a sword equipped.;1;21;1;1;0;5;0;10;0;0;0;0;0;0;0;
389;Flourish;Blütezeit;Recharges your attack skills. You gain 2..7 Energy for each skill recharged.;1;17;1;1;0;5;1;8;0;0;1;0;0;0;0;
390;Savage Slash;Wilder Hieb;Interrupts an action. Interruption effect: deals +1..40 damage if action was a spell.;0;20;10;1;0;5;.5;10;0;0;0;0;0;0;0;
391;Hunter's Shot;Jägerschuss;Inflicts Bleeding condition (3..25 seconds) if your target is hit.;0;25;2;2;0;5;1;10;0;0;0;0;0;0;0;
392;Pin Down;Festnageln;Inflicts Crippled condition (3..15 seconds).;0;25;2;2;0;15;0;8;0;0;0;0;0;0;0;
393;Crippling Shot;Verkrüppelungs-Schuss;Unblockable. Inflicts Crippled condition (1..12 second[s]).;1;25;2;2;0;10;0;2;0;0;1;0;0;0;0;
394;Power Shot;Kraftschuss;Target foe takes 25..50 damage.;0;25;2;2;0;10;0;3;0;0;0;0;0;0;0;
395;Barrage;Sperrfeuer;Deals +5..20 damage. Hits 5 foes adjacent to your target. All your preparations are removed.;0;25;2;2;0;5;0;1;0;0;1;0;0;0;0;
396;Dual Shot;Doppelschuss;You shoot two arrows simultaneously at target foe. These arrows deal 25% less damage;0;-1;2;2;0;10;0;10;0;0;0;0;0;0;0;
397;Quick Shot;Schnellschuss;You shoot an arrow that moves twice as fast.;0;-1;2;2;0;5;.5;1;0;0;1;0;0;0;0;
398;Penetrating Attack;Durchbohr-Angriff;Deals +5..25 damage. 10% armor penetration.;1;25;2;2;0;10;.75;4;0;0;0;0;0;0;0;
399;Distracting Shot;Ablenk-Schuss;Interrupts an action. Interruption effect: interrupted skill is disabled for +20 seconds. Hits for only 1..16 damage.;0;23;2;2;0;5;.5;10;0;0;0;0;0;0;0;
400;Precision Shot;Präzisionsschuss;Deals +3..10 damage. Unblockable. Easily Interrupted.;0;25;2;2;0;10;1;6;0;0;0;0;0;0;0;
402;Determined Shot;Entschlossener Schuss;Deals +5..20 damage. Recharges your attack skills if it fails to hit.;0;25;2;2;0;5;0;10;0;0;0;0;0;0;0;
403;Called Shot;Ankündigungs-Schuss;You shoot an arrow that moves 3 times faster. Unblockable.;0;-1;2;2;0;5;0;3;0;0;0;0;0;0;0;
404;Poison Arrow;Giftpfeil;Inflicts Poisoned condition. (5..20);1;24;2;2;0;5;0;1;0;0;1;0;0;0;0;
405;Oath Shot;Eidschuss;Recharges all skills except Oath Shot if it hits. Disables all skills if it misses (10..4 seconds). 50% miss chance unless Expertise 8 or higher.;1;23;2;2;0;10;0;25;0;0;1;0;0;0;0;
406;Debilitating Shot;Entkräftungs-Schuss;Causes 1..10 Energy loss.;0;25;2;2;0;10;0;10;0;0;0;0;0;0;0;
407;Point Blank Shot;Kurzdistanzschuss;Half Range Bow Attack. Deals +10..40 damage.;1;23;2;2;0;5;0;3;0;0;0;0;0;0;0;
408;Concussion Shot;Erschütterungsschuss;Interrupts a spell. Interruption effect: inflicts Dazed condition (5..20 seconds). Hits for only 1..16 damage.;0;25;2;2;0;25;.5;5;0;0;0;0;0;0;0;
409;Punishing Shot;Bestrafungs-Schuss;Deals +10..20 damage. Interrupts an action.;1;25;2;2;0;10;.5;5;0;0;1;0;0;0;0;
411;Charm Animal;Tier zähmen;Charm target animal. Once charmed, your animal companion will travel with you whenever you have Charm Animal equipped. You cannot charm an animal that is more than 4 levels above you.;0;22;1;2;0;10;10;0;0;0;0;0;0;0;0;
412;Call of Protection;Ruf des Schutzes;(120 seconds.) Your pet has 5..20 damage reduction.;1;22;20;2;0;5;0;90;0;0;0;0;0;0;0;
415;Call of Haste;Ruf der Eile;(30 seconds.) Your pet moves and attacks 33% faster.;0;22;20;2;0;10;0;25;0;0;0;0;0;0;0;
422;Revive Animal;Tier wiederbeleben;Resurrects all nearby allied pets (10..94% Health).;1;22;1;2;0;5;.25;5;0;0;0;0;0;0;0;
423;Symbiotic Bond;Symbiotisches Band;(120..300 seconds.) Your pet has +1..3 Health regeneration. Half of all damage dealt to your pet is redirected to you.;1;22;20;2;0;10;0;55;0;0;0;0;0;0;0;
424;Throw Dirt;Dreck werfen;Touch Skill. Inflicts Blindness condition (3..15 seconds). Also affects foes adjacent to target foe.;0;23;1;2;0;5;1;30;0;0;0;0;0;0;0;
425;Dodge;Abducken;(5..11 seconds.) You move 33% faster and have 27..75% chance to block projectile attacks. Ends if you attack.;1;23;29;2;0;5;0;30;0;0;0;0;0;0;0;
426;Savage Shot;Wilder Schuss;Interrupts an action. Interruption effect: deals +13..28 damage if action was a spell.;0;25;2;2;0;10;.5;5;0;0;0;0;0;0;0;
427;Antidote Signet;Gegengift-Siegel;Remove Poison, Disease, and Blindness from yourself, and one additional condition.;0;-1;21;2;0;0;1;4;0;0;0;0;0;0;0;
428;Incendiary Arrows;Flammenpfeile;Hits 2 foes near your target and inflicts burning (1..3 second[s]).;1;24;2;2;0;5;0;5;0;0;1;0;0;0;0;
429;Melandru's Arrows;Melandrus Pfeile;(18 seconds.) Your arrows inflict Bleeding condition (3..25 seconds) and deal +8..28 damage to enchanted foes.;1;24;17;2;0;5;2;12;0;0;1;0;0;0;0;
430;Marksman's Wager;Schützenwette;(18 seconds.) Gain 5..10 Energy whenever your arrows hit. Lose 10 Energy whenever your arrows fail to hit.;1;23;17;2;0;5;1;24;0;0;1;0;0;0;0;
431;Ignite Arrows;Brandpfeile;(24 seconds.) Your arrows deal 3..18 fire damage to target and foes adjacent to target.;1;24;17;2;0;10;2;12;0;0;0;0;0;0;0;
432;Read the Wind;Wind lesen;(24 seconds). +3..10 damage. Your arrows move twice as fast.;0;25;17;2;0;5;2;12;0;0;0;0;0;0;0;
433;Kindle Arrows;Zündelpfeile;(24 seconds.) +3..24 fire damage. Your arrows deal fire damage.;0;24;17;2;0;5;2;12;0;0;0;0;0;0;0;
434;Choking Gas;Würgegas;(1..12 seconds.) +1..8 damage. Spreads Choking Gas to foes adjacent to target. Choking Gas interrupts spells.;0;24;17;2;0;15;2;24;0;0;0;0;0;0;0;
435;Apply Poison;Gift auftragen;(24 seconds.) Your physical attacks inflict Poisoned condition (3..15 seconds).;0;24;17;2;0;15;2;12;0;0;0;0;0;0;0;
436;Comfort Animal;Tier erquicken;Your pet gains 20..104 Health. Resurrects your pet (10..58% Health.) If you have Comfort Animal equipped, your animal companion will travel with you.;0;22;1;2;0;5;1;1;0;0;0;0;0;0;0;
437;Bestial Pounce;Bestiensprung;Deals +5..20 damage. Causes knock-down if target foe is casting a spell.;1;22;11;2;0;5;0;10;0;0;0;0;0;0;0;
438;Maiming Strike;Verkrüppelungs-Schlag;Deals +5..20 damage. Inflicts Crippled condition (3..15 seconds) on hit.;0;22;11;2;0;10;0;5;0;0;0;0;0;0;0;
439;Feral Lunge;Wilder Ausfall;Deals +5..35 damage. Inflicts Bleeding condition if target foe is attacking (5..25 seconds).;1;22;11;2;0;5;0;10;0;0;0;0;0;0;0;
440;Scavenger Strike;Aasfresser-Schlag;Deals +10..25 damage. You gain 3..15 Energy if target foe has a condition.;0;22;11;2;0;5;0;10;0;0;0;0;0;0;0;
441;Melandru's Assault;Melandrus Angriff;Deals +5..20 damage to nearby foes.;1;22;11;2;0;10;0;5;0;0;0;0;0;0;0;
442;Ferocious Strike;Wilder Schlag;Deals +13..28 damage. You gain adrenaline and 3..10 energy.;0;22;11;2;0;5;0;8;0;0;1;0;0;0;0;
443;Predator's Pounce;Raubtier-Sprung;Deals +5..35 damage. Your pet gains 5..50 Health if this attack hits.;1;22;11;2;0;5;0;5;0;0;0;0;0;0;0;
444;Brutal Strike;Schonungsloser Schlag;Deals +5..35 damage. Deals +5..35 more damage if target foe is under 50% health.;1;22;11;2;0;10;0;5;0;0;0;0;0;0;0;
445;Disrupting Lunge;Unterbrechender Ausfall;Deals +1..12 damage. Interrupts a skill. Interruption effect: interrupted skill is disabled for +20 seconds.;0;22;11;2;0;5;0;10;0;0;0;0;0;0;0;
446;Troll Unguent;Trollsalbe;(13 seconds.) You have +3..10 Health regeneration.;0;24;1;2;0;5;3;10;0;0;0;0;0;0;0;
447;Otyugh's Cry;Otyughs Schrei;(10..25 seconds.) Your pet has +24 armor and is unblockable.;1;22;20;2;0;5;0;30;0;0;0;0;0;0;0;
448;Escape;Flucht;(1..8 second[s].) You move 33% faster and have 75% chance to block.;0;23;29;2;0;5;0;12;0;0;1;0;0;0;0;
449;Practiced Stance;Geübte Haltung;(20..35 seconds.) Your preparations recharge 50% faster and last 30..300% longer.;1;23;29;2;0;5;0;15;0;0;1;0;0;0;0;
450;Whirling Defense;Wirbelverteidigung;(8..20 seconds.) You have 75% chance to block. Deals 5..11 damage to adjacent foes whenever you block a projectile attack.;0;23;29;2;0;10;0;60;0;0;0;0;0;0;0;
451;Melandru's Resilience;Melandrus Belastbarkeit;(8..20 seconds.) You have +4 Health regeneration and +1 Energy regeneration for each condition and hex on you.;1;24;29;2;0;5;0;15;0;0;1;0;0;0;0;
452;Dryder's Defenses;Dryders Verteidigungen;(5..11 seconds.) You have 75% chance to block and +34..60 armor against elemental damage.;1;24;29;2;0;5;0;60;0;0;0;0;0;0;0;
453;Lightning Reflexes;Blitzreflexe;(5..11 seconds.) You attack 33% faster and have 75% chance to block.;0;23;29;2;0;10;0;30;0;0;0;0;0;0;0;
454;Tiger's Fury;Wut des Tigers;(5..11 seconds.) You attack 25% faster. Disables your non-attack skills (5 seconds).;1;22;29;2;0;10;0;10;0;0;0;0;0;0;0;
455;Storm Chaser;Sturmjäger;(8..20 seconds.) You move 25% faster and gain 1..5 Energy whenever you take elemental damage.;0;24;29;2;0;10;0;20;0;0;0;0;0;0;0;
456;Serpent's Quickness;Schlangen-Schnelligkeit;(15..30 seconds.) Your skills recharge 33% faster. Ends if your Health drops below 50%.;1;24;29;2;0;5;0;45;0;0;0;0;0;0;0;
457;Dust Trap;Staubfalle;(90 seconds.) Affects nearby foes. Deals 10..25 damage every second (5 seconds). Inflicts Blindness condition (3..8 seconds) every second (5 seconds). Easily interrupted.;1;24;30;2;0;25;2;30;0;0;0;0;0;0;0;
458;Barbed Trap;Stachelfalle;(90 seconds.) Affects nearby foes. Deals 7..23 piercing damage. Inflicts Crippled and Bleeding conditions (3..25 seconds). Easily interrupted.;0;24;30;2;0;10;2;20;0;0;0;0;0;0;0;
459;Flame Trap;Flammenfalle;(90 seconds.) Affects nearby foes. Deals 5..20 fire damage every second (3 seconds). Inflicts Burning condition (1..3 second[s]). Easily interrupted.;0;24;30;2;0;10;2;20;0;0;0;0;0;0;0;
460;Healing Spring;Heilquelle;(10 seconds.) Affects adjacent allies. Heals for 15..60 every 2 seconds. Easily interrupted.;1;24;30;2;0;10;2;20;0;0;0;0;0;0;0;
461;Spike Trap;Dornenfalle;(90 seconds.) Affects nearby foes. Every second, (for 2 seconds), this trap deals 10..40 piercing damage, causes knockdown, and inflicts Crippled condition (3..25 seconds). Easily interrupted.;0;24;30;2;0;10;2;20;0;0;1;0;0;0;0;
462;Winter;Winter;Creates a level 1..10 spirit (30..240 second lifespan). Converts elemental damage to cold damage for creatures in range. Does not affect spirits.;1;24;19;2;0;5;2;60;0;0;0;0;0;0;0;
463;Winnowing;Trennung;Creates a level 1..10 spirit (30..240 second lifespan). Increases physical damage by +4 for creatures in range. Does not affect spirits.;0;24;19;2;0;5;2;60;0;0;0;0;0;0;0;
464;Edge of Extinction;Rand der Auslöschung;Creates a level 1..10 spirit (30..240 second lifespan). Deals 14..50 damage to creatures in its range whenever a creature of the same type dies. Does not affect spirits. No damage to creatures above 90% Health.;1;22;19;2;0;5;2;60;0;0;0;0;0;0;0;
465;Greater Conflagration;Großflächenbrand;Creates a level 1..10 spirit (30..240 second lifespan). Converts physical damage to fire damage for creatures in range. Does not affect spirits.;1;24;19;2;0;5;2;15;0;0;1;0;0;0;0;
466;Conflagration;Feuersbrunst;Creates a level 1..10 spirit (30..240 second lifespan). All arrows deal fire damage for creatures in range. Does not affect spirits.;2;24;19;2;0;5;2;60;0;0;0;0;0;0;0;
467;Fertile Season;Fruchtbare Jahreszeit;Creates a level 1..10 spirit (15..90 second lifespan). Creatures in range have +50..150 maximum health and +8 armor. Does not affect spirits.;1;22;19;2;0;15;2;60;0;0;0;0;0;0;0;
468;Symbiosis;Symbiose;Creates a level 1..10 spirit (30..240 second lifespan). Creatures in range have +27..150 maximum health for each enchantment on them. Does not affect spirits.;1;22;19;2;0;5;2;60;0;0;0;0;0;0;0;
469;Primal Echoes;Urechos;Creates a level 1..10 spirit (30..240 second lifespan). Signets cost 10 energy for creatures in range. Does not affect spirits.;0;22;19;2;0;5;2;60;0;0;0;0;0;0;0;
470;Predatory Season;Jagdsaison;Creates a level 1..10 spirit (30..240 second lifespan). Creatures in range receive 20% less from healing. Creatures gain 5 health each time they hit with an attack. Does not affect spirits.;1;22;19;2;0;5;2;60;0;0;0;0;0;0;0;
471;Frozen Soil;Eisboden;Creates a level 1..10 spirit. (30..180 second lifespan). Creatures in range cannot activate resurrection skills. Does not affect spirits.;1;24;19;2;0;10;2;30;0;0;0;0;0;0;0;
472;Favorable Winds;Günstige Winde;Creates a level 1..10 spirit (30..240 second lifespan). Arrows move twice as fast and hit for +6 damage for creatures in range. Does not affect spirits.;0;25;19;2;0;5;2;60;0;0;0;0;0;0;0;
474;Energizing Wind;Treibwind;Creates a level 1..6 spirit (1..60 second[s] lifespan). Skills cost 15 less energy (minimum cost 10 energy) and recharge 25% slower for creatures in range. Does not affect spirits.;0;22;19;2;0;15;2;60;0;0;0;0;0;0;0;
475;Quickening Zephyr;Beschleunigender Zephyr;Creates a level 1..10 spirit (15..90 second lifespan). Skills cost 30% more Energy and recharge twice as fast for creatures in range. Does not affect spirits.;0;24;19;2;0;25;2;60;0;0;0;0;0;0;0;
476;Nature's Renewal;Erneuerung der Natur;Creates a level 1..10 spirit (30..240 second lifespan). For creatures in range, enchantments and Hexes take twice as long to cast and it costs twice as much Energy to maintain enchantments. Does not affect spirits.;0;24;19;2;0;5;2;60;0;0;0;0;0;0;0;
477;Muddy Terrain;Schlammiges Terrain;Creates a level 1..10 spirit (30..180 second lifespan). Creatures in range have 10% slower movement: also negates speed boosts. Does not affect spirits.;1;24;19;2;0;5;2;30;0;0;0;0;0;0;0;
570;Mark of Insecurity;Zeichen der Unsicherheit;(5..25 seconds.) Causes -1..5 Health degeneration. Enchantments and stances expire 20..60% faster on target foe. Disables your non-Assassin skills (5 seconds).;3;30;24;7;0;5;1;10;0;0;1;0;0;0;0;
571;Disrupting Dagger;Unterbrechender Dolch;Half Range Spell. Projectile: deals 10..35 earth damage. Interrupts a skill.;3;30;22;7;0;5;.25;10;0;0;0;0;0;0;0;
572;Deadly Paradox;Tödliches Paradoxon;(5..15 seconds.) Your Assassin skills activate and recharge 33% faster. Disables your attack skills (10 seconds).;3;30;29;7;0;15;0;10;0;0;0;0;0;0;0;
763;Jaundiced Gaze;Neidvoller Blick;Removes an enchantment from target foe. Removal effect: your next enchantment casts 0..1 second[s] faster and costs 1..10 less Energy. (1..20 second[s]);2;4;23;4;0;5;1;15;0;0;0;0;0;0;0;
764;Wail of Doom;Schicksalsklage;(2..6 second[s].) Target foe's attributes are 0.;2;6;24;4;0;1;.25;15;0;10;1;0;0;0;0;
766;Gaze of Contempt;Verächtlicher Blick;Removes target foe's enchantments. No effect unless this foe has more than 50% Health.;2;-1;22;4;0;10;2;10;0;0;0;0;0;0;0;
769;Viper's Defense;Verteidigung der Viper;Inflict Poisoned condition (5..20 seconds) on all adjacent foes and Shadow Step to a nearby location directly away from your target.;2;31;22;7;0;5;.25;10;0;0;0;0;0;0;0;
770;Return;Rückkehr;Inflicts Crippled condition (3..8 seconds) on all foes adjacent to you. You Shadow Step to target ally's location. Cannot self-target.;2;31;22;7;0;5;.25;15;0;0;0;0;0;0;0;
771;Aura of Displacement;Aura der Verschiebung;Shadow Step to target foe. End effect: return to your original location.;2;-1;23;7;-1;10;.25;20;0;0;1;0;0;0;0;
772;Generous Was Tsungrai;Großzügig war Tsungrai;(15..60 seconds.) You have +50..140 maximum Health. Drop effect: you gain 100..280 Health.;2;33;25;8;0;5;1;15;0;10;0;0;0;0;0;
773;Mighty Was Vorizun;Mächtig war Vorizun;(15..60 seconds.) You have +15 armor and +30 maximum Energy.;2;32;25;8;0;5;2;30;0;0;0;0;0;0;0;
775;Death Blossom;Todesblüte;Deals +20..45 damage. Also affects foes adjacent to target foe. Must follow an off-hand attack.;2;29;7;7;0;5;0;2;0;0;0;0;0;0;0;
776;Twisting Fangs;Schlangenzähne;Deals +10..20 damage. Inflicts Bleeding and Deep Wound conditions (5..20 seconds). Must follow an off-hand attack.;2;35;7;7;0;10;0;15;0;0;0;0;0;0;0;
777;Horns of the Ox;Hörner des Ochsen;Deals +1..11 damage. Causes knock-down if the target foe is not adjacent to any of its allies. Must follow an off-hand attack.;2;29;7;7;0;5;0;12;0;0;0;0;0;0;0;
778;Falling Spider;Fallende Spinne;Deals +15..35 damage. Inflicts Poisoned condition (5..20 seconds). No effect unless target foe is knocked-down.;2;29;6;7;0;5;0;8;0;0;0;0;0;0;0;
779;Black Lotus Strike;Schwarzer Lotus-Stoß;Deals +10..31 damage. You gain 5..13 Energy if target foe is hexed.;2;35;5;7;0;10;0;6;0;0;0;0;0;0;0;
780;Fox Fangs;Reißzähne des Fuchses;Deals +10..35 damage. Unblockable. Must follow a lead attack.;2;29;6;7;0;5;.5;3;0;0;0;0;0;0;0;
781;Moebius Strike;Möbiusstoß;Deals +10..35 damage. Recharges all your other attack skills if target foe's Health is below 50%. Must follow a dual attack.;2;29;6;7;0;5;0;2;0;0;1;0;0;0;0;
782;Jagged Strike;Gezackter Stoß;Inflicts Bleeding condition (5..20 seconds).;2;29;5;7;0;5;.5;2;0;0;0;0;0;0;0;
783;Unsuspecting Strike;Unvermuteter Stoß;Deals +19..31 damage. Deals 15..75 more damage if target foe's Health is above 90%.;2;35;5;7;0;10;0;2;0;0;0;0;0;0;0;
784;Entangling Asp;Schlingnatter;Causes knock-down. Inflicts Poisoned condition (5..20 seconds). Must follow a lead attack.;2;30;22;7;0;10;1;20;0;0;0;0;0;0;0;
785;Mark of Death;Zeichen des Todes;(4..10 seconds.) Target foe receives 50% less from healing.;2;30;24;7;0;10;.25;20;0;0;0;0;0;0;0;
786;Iron Palm;Eiserne Handfläche;Touch Skill. Deals 5..50 damage. Causes knock-down if target foe is hexed or has a condition. Counts as a lead attack.;2;30;1;7;0;5;.75;20;0;0;0;0;0;0;0;
787;Resilient Weapon;Unverwüstliche Waffe;(3..12 seconds.) +1..6 Health regeneration and +24 armor. No effect unless target ally is hexed or has a condition.;2;33;27;8;0;10;1;6;0;0;0;0;0;0;0;
788;Blind Was Mingson;Blind war Mingson;(15..60 seconds.) Drop effect: inflicts Blindness condition (3..8 seconds) on all nearby foes.;2;33;25;8;0;5;1;20;0;0;0;0;0;0;0;
789;Grasping Was Kuurong;Erfassend war Kuurong;(15..60 seconds.) Drop effect: deal 15..75 damage and knocks-down all foes in the area.;2;34;25;8;0;15;1.5;25;0;0;1;0;0;0;0;
790;Vengeful Was Khanhei;Nachtragend war Khanhei;(5..11 seconds.) You steal 10..45 Health from every foe that hits you with an attack.;2;33;25;8;0;5;.75;15;0;0;1;0;0;0;0;
791;Flesh of My Flesh;Fleisch von meinem Fleisch;Resurrect target party member (half your current Health and 5..20% Energy). Lose half your Health.;2;33;22;8;0;5;4;0;0;0;0;0;0;0;0;
792;Splinter Weapon;Splitterwaffe;(20 seconds.) Attacks deal 5..50 damage to 3 adjacent foes. Ends after 1..5 attack[s].;2;34;27;8;0;5;1;5;0;0;0;0;0;0;0;
793;Weapon of Warding;Waffe der Abwehr;(3..8 seconds.) +2..4 Health regeneration. 50% chance to block.;2;33;27;8;0;10;1;5;0;0;0;0;0;0;0;
794;Wailing Weapon;Klagende Waffe;(3..14 seconds.) Attacks interrupt attacking foes.;2;34;27;8;0;5;1;15;0;0;0;0;0;0;0;
795;Nightmare Weapon;Alptraumwaffe;(12 seconds.) Target ally's attacks steal 10..50 Health but deal 10..50 less damage. Ends after 3 attacks.;2;34;27;8;0;5;1;10;0;0;0;0;0;0;0;
799;Beguiling Haze;Verführerischer Dunst;You Shadow Step to this foe. Inflicts Dazed condition (3..9 seconds).;2;31;22;7;0;10;.25;20;0;0;1;0;0;0;0;
800;Enduring Toxin;Dauerhaftes Toxin;(5 seconds.) Causes -1..5 Health degeneration. Renewal: if the target foe is moving when this hex ends.;2;30;24;7;0;5;.25;10;0;0;0;0;0;0;0;
801;Shroud of Silence;Schleier des Schweigens;Elite Touch Hex Spell. (1..6 second[s].) Target foe cannot cast spells. Your spells are disabled for 15 seconds.;2;30;24;7;0;10;.75;30;0;0;1;0;0;0;0;
802;Expose Defenses;Verteidigungen aufdecken;(1..11 second[s].) Target foe cannot block your attacks.;2;30;24;7;0;5;1;25;0;0;0;0;0;0;0;
803;Power Leech;Kraftfresser;Interrupt a spell or a chant. Interruption effect: steal 5..15 Energy whenever target foe casts a spell (10 seconds).;2;3;24;5;0;5;.25;20;0;0;1;0;0;0;0;
804;Arcane Languor;Arkane Schwäche;(1..10 second[s].) Target foe's spells cause 10 Overcast.;2;0;24;5;0;10;2;15;0;0;1;0;0;0;0;
805;Animate Vampiric Horror;Vampirschreck beleben;Creates a level 1..17 vampiric horror. You gain Health equal to the damage it deals. Exploits a fresh corpse.;2;5;22;4;0;10;1;15;0;0;0;0;0;0;0;
806;Cultist's Fervor;Eifer des Sektierers;(5 seconds plus 3 seconds more for every rank of Soul Reaping.) Your Necromancer spells cost 1..6 less Energy. You suffer from Bleeding (10 seconds) each time you cast a Necromancer spell.;2;4;23;4;0;5;1;25;0;0;1;0;0;0;0;
808;Reaper's Mark;Zeichen des Schnitters;(30 seconds.) Causes -1..5 Health degeneration. You gain 5..15 Energy if target foe dies while suffering from this hex.;3;6;24;4;0;5;1;15;0;0;1;0;0;0;0;
809;Shatterstone;Trümmerstein;(3 seconds.) Initial effect: deals 25..100 cold damage. End effect: deals 25..100 cold damage to target and all nearby foes.;2;11;24;6;0;10;2;8;0;0;1;0;0;0;0;
810;Protector's Defense;Verteidigung des Beschützers;(5..11 seconds.) Allies adjacent to you have 75% chance to block. Ends if you move.;2;21;1;1;0;5;0;30;0;0;0;0;0;0;0;
811;Run as One;Gemeinsam rennen;(5..15 seconds.) You and your pet move 25% faster.;2;22;29;2;0;5;0;15;0;0;0;0;0;0;0;
812;Defiant Was Xinrae;Trotzig war Xinrae;(15..60 seconds.) You cannot lose more than 20% of your max Health from a single hit. Drop effect: steal 5..50 Health from nearby foes.;2;33;25;8;0;5;1;20;0;0;1;0;0;0;0;
813;Lyssa's Aura;Lyssas Aura;(10 seconds.) You have +0..5 Energy regeneration. Renewal: every time you cast a spell on an enemy.;2;3;23;5;0;5;1;30;0;0;1;0;0;0;0;
814;Shadow Refuge;Schattenzuflucht;(6 seconds.) You have +5..10 Health regeneration. End effect: heals you for 40..100 if you are attacking.;2;31;23;7;0;5;1;8;0;0;0;0;0;0;0;
815;Scorpion Wire;Skorpiondraht;Half Range Hex Spell. (8..20 seconds.) Shadow Step to target foe and cause knock-down the next time this foe is more than 75' away from you.;2;30;24;7;0;5;1;10;0;0;0;0;0;0;0;
816;Mirrored Stance;Gespiegelte Haltung;(10..35 seconds.) You enter any stance used by target foe.;2;31;24;7;0;5;.25;15;0;0;0;0;0;0;0;
817;Discord;Zwietracht;Deals 30..110 damage. No effect unless target foe has a condition and is either hexed or enchanted.;2;5;22;4;0;5;1;2;0;0;1;0;0;0;0;
818;Well of Weariness;Brunnen der Müdigkeit;(10..55 seconds.) Foes in this well have -1 Energy degeneration. Exploits a fresh corpse or sacrifices 66% health.;2;7;28;4;0;5;1;5;0;0;0;0;0;0;0;
819;Vampiric Spirit;Vampirgeist;Steal 15..60 Health from target foe. You have +5..10 Health regeneration (10 seconds).;2;4;23;4;0;5;1;8;0;0;1;0;0;0;0;
820;Depravity;Verderbtheit;(5..20 seconds.) Causes 1..5 Energy loss whenever target foe casts a spell. One foe near your target also loses Energy.;3;7;24;4;0;10;1;15;0;0;1;0;0;0;0;
821;Icy Veins;Eisadern;(10..35 seconds.) Deals 20..110 cold damage to nearby foes if target foe dies. Initial effect: deals 10..90 cold damage.;2;6;24;4;0;10;1;5;0;0;1;0;0;0;0;
822;Weaken Knees;Weiche Knie;(1..16 second[s].) Target foe has -1..4 Health degeneration and takes 5..20 damage while moving.;2;7;24;4;0;5;1;5;0;0;1;0;0;0;0;
823;Burning Speed;Brennende Eile;(7 seconds.) You move 30..45% faster. You suffer from Burning (7 seconds). End effect: inflicts Burning condition (3..9 seconds) on adjacent foes.;2;10;23;6;0;10;.25;0;0;0;0;0;0;0;0;
824;Lava Arrows;Lavapfeile;Projectile: deals 20..65 fire damage. Bonus effect: sends projectiles at 2 other foes near your target.;2;10;22;6;0;5;1;2;0;0;0;0;0;0;0;
825;Bed of Coals;Kohlenbett;Deals 5..29 fire damage each second (5 seconds) to location of target foe. Hits foes adjacent to your target. Inflicts Burning condition (3..7 seconds) on knocked down foes.;2;10;22;6;0;10;1;15;0;0;0;0;0;0;0;
826;Shadow Form;Schattenform;(5..21 seconds.) Enemy spells cannot target you. Gain 5 damage reduction for each Assassin enchantment on you. You cannot deal more than 5..25 damage with a single skill or attack.;2;31;23;7;0;5;1;30;0;0;1;0;0;0;0;
827;Siphon Strength;Kraft abzapfen;(5..20 seconds.) Target foe deals -5..50 attack damage. You have +50% chance to land a critical hit on this foe.;2;30;24;7;0;10;1;10;0;0;1;0;0;0;0;
828;Vile Miasma;Fauler Gestank;Causes -1..5 Health degeneration (10 seconds). Initial effect: deals 10..65 cold damage. Hex is only applied if target foe has a condition.;2;5;24;4;0;10;1;15;0;0;0;0;0;0;0;
830;Ray of Judgment;Strahl des Urteils;Deals 10..50 holy damage and inflicts Burning (1..3 second[s]) every second (5 seconds). Hits foes adjacent to target's initial location.;2;14;22;3;0;10;1;15;0;0;1;0;0;0;0;
831;Primal Rage;Urzorn;(1..9 second[s].) You attack 33% faster and move 33% faster. You take double damage.;2;17;29;1;0;5;0;4;0;0;1;0;0;0;0;
832;Animate Flesh Golem;Fleischgolem beleben;Creates a level 3..25 flesh golem which leaves a fresh corpse when it dies. Exploits a fresh corpse. You can have only one flesh golem at a time.;2;5;22;4;0;10;1;30;0;0;1;0;0;0;0;
834;Reckless Haste;Rücksichtslose Hast;Also hexes foes adjacent to your target (6..12 seconds). These foes have 50% chance to miss, but attack 25% faster.;2;7;24;4;0;15;1;12;0;0;0;0;0;0;0;
835;Blood Bond;Blutsbande;Also hexes foes adjacent to your target (3..12 seconds). Allies hitting these foes gain 5..20 health. If any of these foes dies while hexed, adjacent allies are healed for 20..100.;2;4;24;4;0;5;1;8;0;0;0;0;0;0;0;
836;Ride the Lightning;Den Blitz reiten;Deals 10..70 lightning damage. 25% armor penetration. Blinds all adjacent foes (1..5 second[s]). You instantly move to your target. May target allies.;2;8;22;6;0;10;1;5;0;0;1;0;5;0;0;
837;Energy Boon;Energiesegen;(36..60 seconds.) Maximum Health for you and target ally is increased by 1..3 for each point of maximum Energy. Initial effect: Both gain 1..12 Energy. You gain +1 Energy for every 2 points of Energy Storage.;2;12;23;6;0;10;1;12;0;0;1;0;0;0;0;
838;Dwayna's Sorrow;Dwaynas Leid;Enchants allies near your target (30 seconds). Your party is healed for 5..50 whenever one of these allies dies.;2;13;23;3;0;5;1;5;0;0;0;0;0;0;0;
839;"Retreat!";"Rückzug!";(5..11 seconds.) Party members in earshot move 33% faster. No effect unless there are dead allies within earshot.;2;21;20;1;0;5;0;20;0;0;0;0;0;0;0;
840;Poisoned Heart;Vergiftetes Herz;Inflicts Poisoned condition (5..15 seconds) to adjacent foes. You are also Poisoned.;3;7;22;4;0;5;.25;12;0;0;0;0;0;0;0;
841;Fetid Ground;Stinkender Boden;Deals 15..65 cold damage. Inflicts Poisoned condition (5..20 seconds) if target foe is knocked-down.;2;5;22;4;0;5;.75;10;0;0;0;0;0;0;0;
842;Arc Lightning;Blitzbogen;Deals 5..40 lightning damage. Deals 15..85 lightning damage to two nearby foes if you are Overcast. 25% armor penetration.;2;8;22;6;0;5;1.5;8;0;0;0;0;0;0;0;
843;Gust;Böe;(5..11 seconds.) You and target ally move 33% faster. Initial effect: Foes adjacent to you and target ally are struck for 15..70 cold damage. Attacking or moving foes are knocked down.;2;8;23;6;0;10;.75;15;0;0;1;0;0;0;0;
844;Churning Earth;Aufgeworfene Erde;Deals 10..40 earth damage each second (5 seconds). Hits foes near target's initial location. Causes knock-down to foes moving faster than normal.;2;9;22;6;0;15;2;30;0;0;0;0;0;0;0;
845;Liquid Flame;Flüssige Flamme;Deals 7..112 fire damage. Deals 7..112 fire damage to nearby foes if target was attacking or casting.;3;10;22;6;0;10;1;15;0;0;0;0;0;0;0;
846;Steam;Dampf;Deals 20..60 cold damage. Inflicts Blindness condition (5..10 seconds) if target foe is Burning.;3;11;22;6;0;5;1;8;0;0;0;0;0;0;0;
847;Boon Signet;Siegel des Segens;Heals for 20..80. Your next Healing or Protection Prayer spell that targets an ally heals for +20..100 Health.;2;16;21;3;0;0;1;6;0;0;1;0;0;0;0;
848;Reverse Hex;Verhexung umkehren;(5..10 seconds.) Removes one hex from target ally. The next damage this ally takes is reduced by 5..50. No effect unless this ally is hexed.;2;15;23;3;0;10;.25;10;0;0;0;0;0;0;0;
849;Lacerating Chop;Zerfetzender Hieb;Deals +5..20 damage. Inflicts Bleeding condition (5..20 seconds) if target foe is knocked-down.;2;18;4;1;0;0;0;0;4.8;0;0;0;0;0;0;
850;Fierce Blow;Erbitterter Schlag;Deals +5..20 damage. Inflicts Deep Wound (1..8 second[s]) if target foe is Weakened.;2;19;8;1;0;0;0;0;5.6;0;0;0;0;0;0;
851;Sun and Moon Slash;Sonne-Mond-Hieb;You attack target foe twice. Unblockable.;2;20;10;1;0;0;0;0;8;0;0;0;0;0;0;
852;Splinter Shot;Splitterschuss;Deals +3..15 damage. Deals 5..65 damage to foes in the area if blocked.;2;25;2;2;0;10;0;5;0;0;0;0;0;0;0;
853;Melandru's Shot;Melandrus Schuss;Inflicts Bleeding (5..25 seconds). Deals +10..25 damage and inflicts Crippled (5..15 seconds) if target foe was moving or knocked down.;2;25;2;2;0;5;1;8;0;0;1;0;0;0;0;
854;Snare;Schlinge;(90 seconds.) Affects nearby foes. Inflicts Crippled condition (3..15 seconds). Easily interrupted.;2;24;30;2;0;5;1.5;15;0;0;0;0;0;0;0;
858;Dancing Daggers;Tanzende Dolche;Half Range Spell. Three projectiles: each deals 5..35 earth damage. Counts as a lead attack.;2;30;22;7;0;5;1;5;0;0;0;0;0;0;0;
859;Conjure Nightmare;Alptraum beschwören;(2..16 seconds.) Causes -8 Health degeneration.;2;1;24;5;0;15;1;5;0;0;0;0;0;0;0;
860;Signet of Disruption;Siegel der Unterbrechung;Interrupts a spell. Can interrupt any skill if target foe is hexed. Interruption effect: deals 10..51 damage.;2;2;21;5;0;0;.25;15;0;0;0;0;0;0;0;
862;Ravenous Gaze;Heißhungriger Blick;Deals 20..40 damage and steals 20..40 Health from target and nearby foes.;3;4;22;4;0;1;1;10;0;8;1;0;0;0;0;
863;Order of Apostasy;Orden der Abtrünnigkeit;Enchants all party members (5 seconds). These party members remove one enchantment when they deal physical damage. Removal cost: for each Monk enchantment, you lose 10..3% maximum Health.;2;7;23;4;0;25;2;0;0;0;1;0;0;0;0;
864;Oppressive Gaze;Repressiver Blick;Deals 10..30 damage to target and adjacent foes. Inflicts Poison and Weakness (3..12 second) on foes suffering from a condition.;2;4;22;4;0;10;1;10;0;0;0;0;0;0;0;
865;Lightning Hammer;Blitzhammer;Deals 10..100 lightning damage. Applies Cracked Armor (5..20 seconds). 25% armor penetration.;2;8;22;6;0;25;2;4;0;0;0;0;0;0;0;
866;Vapor Blade;Dunstklinge;Deals 15..135 cold damage. Half damage if target foe is enchanted.;2;11;22;6;0;5;1.5;7;0;0;0;0;5;0;0;
867;Healing Light;Heilendes Licht;Heals for 40..100. You gain 1..3 Energy if target ally is enchanted.;2;13;22;3;0;5;1;4;0;0;1;0;0;0;0;
869;"Coward!";"Feigling!";Causes knock-down if target foe is moving.;2;-1;20;1;0;0;0;2;4;0;1;0;0;0;0;
870;Pestilence;Pestilenz;Creates a level 1..10 spirit (30..180 second lifespan). When any creature in range dies, conditions on this creature spread to any creature in the area with a condition. Spirits are not affected.;3;24;19;2;0;5;2;60;0;0;0;0;0;0;0;
871;Shadowsong;Schattengesang;Creates a level 1..10 spirit (30-second lifespan). Its attacks deal 5..20 damage and inflict Blindness condition (1..6 second[s]).;2;32;18;8;0;15;1;30;0;0;0;0;0;0;0;
876;Signet of Shadows;Siegel der Schatten;Deals 5..35 damage. Deals 15..60 more damage if target foe is Blinded.;2;30;21;7;0;0;1;15;0;0;0;0;0;0;0;
877;Lyssa's Balance;Lyssas Ausgleich;Removes one enchantment from target foe. No effect if you have more enchantments than this foe.;2;-1;22;5;0;5;1;15;0;0;0;0;0;0;0;
878;Visions of Regret;Visionen des Bedauerns;Also hexes foes adjacent to target (10 seconds). These foes take 15..45 damage whenever they use a skill and 5..50 additional damage if not under the effects of another Mesmer hex.;3;2;24;5;0;10;2;20;0;0;1;0;0;0;0;
879;Illusion of Pain;Illusion der Schmerzen;(8 seconds.) Causes -3..10 Health degeneration and target foe takes 3..10 damage each second. End effect: that foe is healed for 36..120.;2;1;24;5;0;10;2;5;0;0;0;0;0;0;0;
880;Stolen Speed;Gestohlene Eile;Also hexes adjacent foes (1..10 seconds). Doubles spell casting time. Spells cast by you or your allies have -50% casting times.;2;0;24;5;0;5;1;12;0;0;1;0;0;0;0;
881;Ether Signet;Äther-Siegel;You gain 10..20 Energy. No effect unless you have less than 5..10 Energy.;2;3;21;5;0;0;1;45;0;0;0;0;0;0;0;
882;Signet of Disenchantment;Siegel der Entzauberung;Removes one enchantment. You lose all Energy.;2;-1;21;5;0;0;1;15;0;0;0;0;0;0;0;
883;Vocal Minority;Stimmminderheit;Also hexes foes near target (5..20 seconds). These foes cannot use shouts or chants.;3;7;24;4;0;10;1;20;0;0;0;0;0;0;0;
884;Searing Flames;Versengende Flammen;Hits foes near your target. Deals 10..100 fire damage to foes already Burning. Inflicts Burning condition (1..7 seconds) to foes not Burning.;3;10;22;6;0;15;1;2;0;0;1;0;0;0;0;
885;Shield Guardian;Schildwächter;(1..4 second[s]). Party members in earshot have a 75% chance to block attacks. Block effect: Allies in earshot are healed for 10..40, and Shield Guardian ends.;2;15;23;3;0;5;1.5;20;0;0;0;0;0;0;0;
886;Restful Breeze;Beruhigender Hauch;(8..18 seconds.) +10 Health regeneration. Ends if target ally attacks or uses a skill.;3;13;23;3;0;5;1;8;0;0;0;0;0;0;0;
887;Signet of Rejuvenation;Siegel der Verjüngung;Heals for 15..75. Heals for 15..75 more if target ally is casting a spell or attacking.;2;13;21;3;0;0;1;8;0;0;0;0;0;0;0;
888;Whirling Axe;Wirbelnde Axt;Deals +5..20 damage and removes a stance. Unblockable.;2;18;4;1;0;0;0;0;4;0;1;0;0;0;0;
889;Forceful Blow;Energischer Schlag;Deals +10..30 damage. Remove target foe's stance. Inflicts Weakness condition (5..20 seconds). Unblockable.;2;19;8;1;0;0;0;0;4.8;0;1;0;0;0;0;
891;"None Shall Pass!";"Niemand darf vorbei!";Knocks down all nearby moving foes. Recharges 1..8 second[s] faster for each affected foe (maximum 25 seconds).;2;21;20;1;0;5;0;45;0;0;0;0;0;0;0;
892;Quivering Blade;Zitternde Klinge;Deals +10..40 damage. Inflicts Dazed condition (10 seconds) if target foe was moving.;2;20;10;1;0;0;0;0;4.8;0;1;0;0;0;0;
893;Seeking Arrows;Suchende Pfeile;(3..14 seconds.) Your arrows are unblockable. Ends if you fail to hit.;2;25;17;2;0;10;2;15;0;0;0;0;0;0;0;
898;Overload;Überlastung;(5 seconds.) Causes -1..3 Health degeneration. If target foe is using a skill, that foe takes 15..75 damage and all adjacent foes take 75% of that damage.;2;2;24;5;0;5;.25;5;0;0;0;0;0;0;0;
899;Images of Remorse;Bilder der Reue;(5..10 seconds.) Causes -1..3 Health degeneration. Initial effect: 10..52 damage if target foe is attacking.;2;1;24;5;0;5;1;5;0;0;0;0;0;0;0;
900;Shared Burden;Geteilte Bürde;Also hexes foes in the area of your target (5..20 seconds). These foes attack, cast spells, and move 50% slower.;2;1;24;5;0;5;2;15;0;0;1;0;0;0;0;
901;Soul Bind;Seelenfessel;(30 seconds.) Every time target foe is healed, the healer takes 20..80 damage. Ends if target is suffering from a Smiting Prayers hex.;2;7;24;4;0;10;1;5;0;0;1;0;0;0;0;
902;Blood of the Aggressor;Blut des Aggressoren;Steal 5..45 Health. Inflicts Weakness (3..12 seconds) if target foe was attacking.;3;4;22;4;0;5;1;5;0;0;0;0;0;0;0;
903;Icy Prism;Eisprisma;Deals 15..75 cold damage. Deals +15..75 cold damage to other nearby foes if target has a Water Magic hex.;2;11;22;6;0;10;1;5;0;0;0;0;5;0;0;
904;Furious Axe;Zornige Axt;Deals +5..35 damage. Gives you 3 strikes of adrenaline if blocked.;2;18;4;1;0;5;0;6;0;0;0;0;0;0;0;
905;Auspicious Blow;Günstiger Schlag;Deals +5..20 damage and you gain 3..8 Energy. Unblockable if target foe is Weakened.;2;19;8;1;0;0;0;0;4.8;0;0;0;0;0;0;
906;"On Your Knees!";"Auf Eure Knie!";Recharges all your stances if you are adjacent to a knocked-down foe. You lose all adrenaline.;2;-1;20;1;0;0;0;0;6;0;0;0;0;0;0;
907;Dragon Slash;Drachenhieb;Deals +10..40 damage. You gain 1..5 strike[s] of adrenaline if it hits.;2;20;10;1;0;0;0;0;8;0;1;0;0;0;0;
908;Marauder's Shot;Plünderer-Schuss;Deals +25..55 damage. Your non-attack skills are disabled (5 seconds) if this attack hits.;2;25;2;2;0;5;0;6;0;0;0;0;0;0;0;
909;Focused Shot;Scharfschuss;Deals +10..25 damage. Your other attack skills are disabled (5..3 seconds) if this attack hits.;2;25;2;2;0;5;0;2;0;0;0;0;0;0;0;
910;Spirit Rift;Geisterriss;After 3 seconds, affects foes adjacent to target's initial location. Deals 25..125 lightning damage and inflicts Cracked Armor (1..20 second[s]).;2;34;22;8;0;10;2;5;0;0;0;0;0;0;0;
911;Union;Vereinigung;Creates a level 1..12 spirit (30..60 second lifespan). Whenever a non-spirit ally within range takes damage or life steal, it is reduced by 15 and the spirit takes 15 damage.;2;32;18;8;0;15;.75;45;0;0;0;0;0;0;0;
913;Tranquil Was Tanasen;Ruhig war Tanasen;(5..20 seconds.) You have +10..25 armor. You cannot be interrupted.;2;33;25;8;0;5;1;15;0;0;1;0;0;0;0;
914;Consume Soul;Seele verzehren;Steals 5..70 Health. Deal 25..125 damage to hostile summoned creatures within earshot of target foe.;2;36;22;8;0;5;1;5;0;0;1;0;0;0;0;
915;Spirit Light;Geisterlicht;Heals for 60..180. You don't sacrifice Health if you are within earshot of any spirits.;2;33;22;8;0;5;1;4;0;17;0;0;0;0;0;
916;Lamentation;Wehklage;Also hexes foes near your target (5..20 seconds). Causes -0..3 Health degeneration. Initial effect: Deals 10..50 damage to these foes if you are within earshot of a spirit or corpse.;2;34;24;8;0;10;1;15;0;0;0;0;0;0;0;
917;Rupture Soul;Seele zerreißen;Destroys target allied spirit. Deals 50..140 lightning damage and inflicts Blindness condition (3..12 seconds) to nearby foes.;2;36;22;8;0;10;.75;5;0;0;0;0;0;0;0;
918;Spirit to Flesh;Geist zu Fleisch;Touch Spell. Destroys target touched allied spirit. Heals nearby allies for 30..240.;2;36;22;8;0;10;.75;15;0;0;0;0;0;0;0;
919;Spirit Burn;Geisterbrand;Deals 5..50 lightning damage. Inflicts Burning condition (1..5 second[s]) if you are within earshot of a spirit.;2;34;22;8;0;5;1;6;0;0;0;0;0;0;0;
920;Destruction;Vernichtung;Create a level 1..14 Spirit that dies after 30 seconds. When this Spirit dies, all foes in the area take 5..25 damage for each second the Spirit was alive (maximum 150 damage).;2;34;18;8;0;10;.75;20;0;0;0;0;0;0;0;
921;Dissonance;Missklang;Creates a level 1..12 spirit (10..25 second lifespan). Its attacks deal 5..20 damage and interrupt actions.;2;32;18;8;0;25;1;45;0;0;0;0;0;0;0;
923;Disenchantment;Entzauberung;Creates a level 1..12 spirit (10..35 second lifespan). Its attacks deal 5..20 damage and remove one enchantment.;2;32;18;8;0;15;1;30;0;0;0;0;0;0;0;
925;Recall;Rückruf;End effect: Shadow Step to target ally. Cannot self-target and disables all of your skills for 10 seconds when it ends.;2;-1;23;7;-1;15;1;10;0;0;0;0;0;0;0;
926;Sharpen Daggers;Dolche wetzen;(5..30 seconds.) Your dagger attacks inflict the Bleeding condition (5..15 seconds).;2;35;23;7;0;5;1;20;0;0;0;0;0;0;0;
927;Shameful Fear;Schändliche Angst;(10 seconds.) Target foe takes 5..20 damage each second while moving, but moves 10% faster.;2;30;24;7;0;10;1;10;0;0;0;0;0;0;0;
928;Shadow Shroud;Schattenschleier;(3..9 seconds.) Target foe cannot be the target of enchantments.;2;31;24;7;0;5;.25;20;0;0;1;0;0;0;0;
929;Shadow of Haste;Schatten der Eile;(10..40 seconds.) You move 15% faster. End effect: return to your original location.;2;31;29;7;0;5;0;45;0;0;0;0;0;0;0;
930;Auspicious Incantation;Günstige Beschwörung;(20 seconds.) Your next spell gives you 110..200% of its Energy cost. That spell takes 10..5 seconds longer to recharge.;2;3;23;5;0;5;1;20;0;0;0;0;0;0;0;
931;Power Return;Kraftrevanche;Interrupts a spell or chant. Interruption effect: target foe gains 10..5 Energy.;2;0;22;5;0;5;.25;7;0;0;0;0;0;0;0;
932;Complicate;Erschweren;Interrupt a skill. Interruption effect: disables interrupted skill (+5..12 seconds) for target foe and all foes in the area.;2;2;22;5;0;10;.25;20;0;0;0;0;0;0;0;
933;Shatter Storm;Sturm zerschlagen;Removes all enchantments. Removal cost: Shatter Storm is disabled for +7 seconds for each enchantment removed.;2;-1;22;5;0;10;1;0;0;0;1;0;0;0;0;
934;Unnatural Signet;Unnatürliches Siegel;Deals 15..75 damage. Deals 5..50 damage to other adjacent foes if the target is hexed or enchanted.;2;2;21;5;0;0;1;10;0;0;0;0;0;0;0;
935;Rising Bile;Hochkommende Galle;(20 seconds.) End effect: deals 1..6 damage for each second Rising Bile was in effect. Also damages other foes in the area.;2;5;24;4;0;10;1;20;0;0;0;0;0;0;0;
936;Envenom Enchantments;Verzauberungen vergiften;Removes one enchantment from target foe. Inflicts Poisoned condition (3..10 seconds for each remaining enchantment on that foe).;3;7;22;4;0;5;1;20;0;0;0;0;0;0;0;
937;Shockwave;Stoßwelle;Foes in the area take 15..60 earth damage and are Weakened (1..10 second[s]). Nearby foes also take +15..60 earth damage and have Cracked Armor (1..10 second[s]). Adjacent foes also take +15..60 earth damage and are Blinded (1..10 second[s]).;2;9;22;6;0;10;1;15;0;0;1;0;0;0;0;
938;Ward of Stability;Kreis der Stabilität;(10..25 seconds.) Allies in this ward cannot be knocked-down. Allied spirits are not affected.;2;9;26;6;0;10;1;30;0;0;0;0;0;0;0;
939;Icy Shackles;Eisfesseln;(1..10 second[s].) Target foe moves 66% slower. This foe moves 90% slower if enchanted.;3;11;24;6;0;10;1;12;0;0;1;0;0;0;0;
941;Blessed Light;Gesegnetes Licht;Heals for 10..140. Removes one condition and one hex.;2;16;22;3;0;10;.75;3;0;0;1;0;0;0;0;
942;Withdraw Hexes;Verhexungen zurücknehmen;Removes all hexes. Also affects adjacent allies. Removal cost: +2 seconds recharge for each hex removed. 50% failure chance unless Divine Favor 5 or more.;2;16;22;3;0;5;1;5;0;0;1;0;0;0;0;
943;Extinguish;Löschen;Affects all party members. Removes one condition. Party members relieved of Burning are healed for 10..100.;2;15;22;3;0;15;1;12;0;0;0;0;0;0;0;
944;Signet of Strength;Siegel der Stärke;Your attacks deal +5 damage. Ends after 1..16 attack[s].;2;17;21;1;0;0;1;45;0;0;0;0;0;0;0;
946;Trapper's Focus;Fokus des Fallenstellers;(12..36 seconds.) Your trap skills are no longer easy to interrupt. You gain +0..4 to your Wilderness Survival attribute.;2;23;17;2;0;5;2;12;0;0;1;0;0;0;0;
947;Brambles;Dornenranken;Creates a level 1..10 spirit (30..240 second lifespan). Knocked-down creatures take 5 damage and begin Bleeding (5..20 seconds). Does not affect spirits.;2;24;19;2;0;10;2;60;0;0;0;0;0;0;0;
948;Desperate Strike;Verzweifelter Stoß;Deals +15..60 damage if you have less than 50..80% Health.;2;29;5;7;0;5;0;6;0;0;0;0;0;0;0;
949;Way of the Fox;Weg des Fuchses;(10..35 seconds.) Your attacks are unblockable. Ends after 1..6 attack[s].;2;31;23;7;0;5;.25;30;0;0;0;0;0;0;0;
950;Shadowy Burden;Schattenbürde;(3..15 seconds.) Target foe moves 25% slower and has 20..30 less armor against your attacks. Armor reduction only affects this foe while it has no other hexes.;2;31;24;7;0;10;.25;15;0;0;0;0;0;0;0;
951;Siphon Speed;Geschwindigkeitsentzug;(5..15 seconds.) Target foe moves 33% slower and you move 33% faster. Recharges 50% faster if cast on a moving foe.;2;30;24;7;0;5;1;30;0;0;0;0;0;0;0;
952;Death's Charge;Angriff des Todes;You Shadow Step to target foe. You are healed for 65..200 if this foe has more Health than you.;2;31;22;7;0;5;.25;30;0;0;0;0;0;0;0;
953;Power Flux;Kraftfluss;Interrupts a spell or chant. Interruption effect: -2 Energy degeneration (4..10 seconds).;3;2;24;5;0;10;.25;15;0;0;1;0;0;0;0;
954;Expel Hexes;Verhexungen vertreiben;Removes 2 hexes from target ally.;2;-1;22;5;0;5;1;8;0;0;1;0;0;0;0;
955;Rip Enchantment;Verzauberung zerreißen;Removes 1 enchantment. Removal effect: inflicts Bleeding (5..25 seconds).;3;7;22;4;0;5;1;15;0;0;0;0;0;0;0;
957;Spell Shield;Zauberschild;(5..20 seconds.) While casting spells, you cannot be the target of spells. End effect: your skills are disabled (8..4 seconds).;2;16;23;3;0;10;1;30;0;0;0;0;0;0;0;
958;Healing Whisper;Heilendes Geflüster;Half Range Spell. Heals for 40..100. Cannot self-target.;2;13;22;3;0;5;1;1;0;0;0;0;0;0;0;
959;Ethereal Light;Ätherisches Licht;Heals for 25..100. Easily interrupted.;2;13;22;3;0;5;1;5;0;0;0;0;0;0;0;
960;Release Enchantments;Verzauberungen freisetzen;Removes all of your enchantments. Heals all party members for 5..35 for each Monk Enchantment removed.;2;16;22;3;0;5;.25;5;0;0;0;0;0;0;0;
961;Lacerate;Zerfetzen;Creates a level 1..10 spirit (30..240 second lifespan). Bleeding creatures in range have -2 Health degeneration. End effect: Inflicts Bleeding condition (5..25 seconds) on creatures in range that have less than 90% health. Does not affect spirits.;2;22;19;2;0;10;2;15;0;0;1;0;0;0;0;
962;Spirit Transfer;Geistübertragung;The spirit nearest you loses 5..50 Health. Heals target ally for 5 for each point of Health lost.;2;33;22;8;0;10;.25;5;0;0;0;0;0;0;0;
963;Restoration;Wiederherstellung;Creates a level 1..14 spirit (30 second lifespan). End effect: resurrects party members in the area with 5..50% Health and zero Energy.;2;32;18;8;0;10;1;30;0;0;0;0;0;0;0;
964;Vengeful Weapon;Rachsüchtige Waffe;(8 seconds.) Steals 15..60 Health from the next foe that deals damage or life steal to target ally.;2;33;27;8;0;5;.25;3;0;0;0;0;0;0;0;
973;Blinding Powder;Blendpulver;Inflicts Blindness condition (3..15 seconds) on target and adjacent foes. Must follow an off-hand attack.;2;31;22;7;0;5;.25;20;0;0;0;0;0;0;0;
974;Mantis Touch;Berührung der Fangschrecke;Inflicts Crippled condition (5..20 seconds). This skill counts as an off-hand attack.;2;30;1;7;0;5;.75;20;0;0;0;0;0;0;0;
975;Exhausting Assault;Ermüdender Angriff;Interrupts an action. Inflicts 10 Overcast if the interrupted action was a spell. Must follow a lead attack.;2;29;7;7;0;5;.5;8;0;0;0;0;0;0;0;
976;Repeating Strike;Wiederholender Schlag;Deals +10..30 damage. This skill has +15 second recharge time if it misses. Must follow an off-hand attack.;2;29;6;7;0;5;0;0;0;0;0;0;0;0;0;
977;Way of the Lotus;Weg des Lotus;(20 seconds.) You gain 5..20 Energy the next time you hit with a dual attack.;2;31;23;7;0;5;.25;20;0;0;0;0;0;0;0;
978;Mark of Instability;Zeichen der Unbeständigkeit;(20 seconds.) Causes knock-down the next time you hit target foe with a dual attack.;2;-1;24;7;0;10;.25;20;0;0;0;0;0;0;0;
979;Mistrust;Argwohn;(6 seconds.) The next spell that target foe casts on one of your allies fails and deals 10..80 damage to target and 75% of that damage to nearby foes.;3;2;24;5;0;10;2;12;0;0;0;0;0;0;0;
980;Feast of Souls;Schmaus der Seelen;Heals all party members for 50..100 for each nearby allied spirit. All nearby allied spirits are destroyed.;2;36;22;8;0;5;.25;10;0;0;0;0;0;0;0;
981;Recuperation;Erholung;Creates a level 1..14 spirit (15..45 second lifespan). Non-spirit allies within range have +1..3 Health regeneration.;2;33;18;8;0;25;.75;45;0;0;0;0;0;0;0;
982;Shelter;Unterschlupf;Creates a level 1..12 spirit (30..60 second lifespan). Non-spirit allies within range cannot lose more than 10% maximum Health from a single attack. Damage prevention cost: this spirit loses 75..45 Health.;2;32;18;8;0;25;1;45;0;0;0;0;0;0;0;
983;Weapon of Shadow;Schattenwaffe;(1..7 second[s].) Inflicts Blindness condition (5 seconds) on anyone who attacks target ally. Target ally's next 1..3 attack[s] inflict Blindness (5 seconds) if they hit.;2;33;27;8;0;10;1;20;0;0;0;0;0;0;0;
985;Caltrops;Trittnägel;Half Range Spell. Inflicts Crippled condition (5..15 seconds) on target and adjacent foes.;2;31;22;7;0;10;.25;10;0;0;0;0;0;0;0;
986;Nine Tail Strike;Neunschwänziger Stoß;Deals +15..40 damage. Unblockable. Must follow an off-hand attack.;2;29;7;7;0;5;0;8;0;0;0;0;0;0;0;
987;Way of the Empty Palm;Weg der leeren Handfläche;(5..15 seconds.) Your off-hand and dual attacks cost no Energy and recharge 25..50% faster.;2;30;23;7;0;5;.25;10;0;0;1;0;0;0;0;
988;Temple Strike;Schläfenstoß;Interrupts a spell. Inflicts Dazed and Blindness conditions (1..10 seconds). Must follow a lead attack.;2;29;6;7;0;15;0;20;0;0;1;0;0;0;0;
989;Golden Phoenix Strike;Goldener Phönix-Stoß;Deals +10..30 damage to target and deals 10..30 damage to adjacent foes. Fails if you are not enchanted.;2;29;6;7;0;5;0;8;0;0;0;0;0;0;0;
990;Expunge Enchantments;Verzauberungen ausmerzen;Touch Skill. Removes one enchantment for each non-attack skill you have. All your non-attack skills are disabled (10..5 seconds).;2;30;1;7;0;10;.75;30;0;0;0;0;0;0;0;
991;Deny Hexes;Verhexungen zurückweisen;Removes one hex from target ally and one additional hex for each recharging Divine Favor skill you have.;2;16;22;3;0;5;1;12;0;0;0;0;0;0;0;
992;Triple Chop;Dreifachhieb;Deals +10..40 damage. Also hits adjacent foes.;2;18;4;1;0;5;0;10;0;0;1;0;0;0;0;
993;Enraged Smash;Erzürnter Schlag;Gives you 1..4 strike[s] of adrenaline if you hit. Deals +10..40 damage and causes knockdown if target foe was moving.;2;19;8;1;0;5;0;5;0;0;1;0;0;0;0;
994;Renewing Smash;Erneuernder Schlag;Deals +10..40 damage. You gain 3 Energy and this attack recharges instantly if target foe was knocked down.;2;19;8;1;0;5;1;30;0;0;0;0;0;0;0;
995;Tiger Stance;Tigerhaltung;(4..10 seconds.) You attack 33% faster. Ends if you fail to hit.;2;17;29;1;0;5;0;20;0;0;0;0;0;0;0;
996;Standing Slash;Stehender Hieb;Deals +5..20 damage. Deals 5..20 more damage if you are in a stance.;2;20;10;1;0;0;0;0;5.6;0;0;0;0;0;0;
997;Famine;Hungersnot;Creates a level 1..10 spirit (30..180 lifespan). Deals 20..70 damage to creatures in range that reach 0 energy. Does not affect spirits.;2;24;19;2;0;10;2;15;0;0;1;0;0;0;0;
1018;Critical Eye;Kritisches Auge;(10..35 seconds.) You have +3..15% chance to land a critical hit. You gain 1 Energy whenever you land a critical hit.;2;35;1;7;0;5;0;30;0;0;0;0;0;0;0;
1019;Critical Strike;Kritischer Stoß;Deals +10..30 damage. Automatic critical hit. You gain 1..3 Energy. Must follow an off-hand attack.;2;35;7;7;0;5;0;6;0;0;0;0;0;0;0;
1020;Blades of Steel;Stahlklingen;Deals +5..16 damage (maximum 60) for each recharging dagger attack. Must follow an off-hand attack.;2;29;7;7;0;5;0;8;0;0;0;0;0;0;0;
1021;Jungle Strike;Dschungelschlag;Deals +10..25 damage. Deals 1..31 damage to target and adjacent foes if target foe is Crippled. Must follow a lead attack.;2;29;6;7;0;5;.5;6;0;0;0;0;0;0;0;
1022;Wild Strike;Wilder Stoß;Deals +10..35 damage. Removes target foe's stance. Unblockable. Must follow a lead attack.;2;29;6;7;0;5;0;4;0;0;0;0;0;0;0;
1023;Leaping Mantis Sting;Stich der springenden Mantis;Deals +5..15 damage. Inflicts Crippled condition (3..15 seconds) if target foe is moving.;2;29;5;7;0;5;.5;8;0;0;0;0;0;0;0;
1024;Black Mantis Thrust;Stoß der schwarzen Mantis;Deals +8..20 damage. Inflicts Crippled condition (3..15 seconds) if target foe is hexed.;2;29;5;7;0;5;1;6;0;0;0;0;0;0;0;
1025;Disrupting Stab;Unterbrechender Dolchstoß;Interrupts an action. If the interrupted action was a spell, it is disabled (3..10 seconds).;2;29;5;7;0;5;0;10;0;0;0;0;0;0;0;
1026;Golden Lotus Strike;Goldener Lotus-Stoß;Deals +5..20 damage. You gain 5..8 Energy if you are enchanted.;2;29;5;7;0;5;0;5;0;0;0;0;0;0;0;
1027;Critical Defenses;Kritische Verteidigungen;(4..10 seconds.) You have a 75% chance to block. Renewal: every time you land a critical hit.;2;35;23;7;0;10;1;30;0;0;0;0;0;0;0;
1028;Way of Perfection;Weg der Perfektion;(60 seconds.) Your critical hits heal you for 10..40.;2;31;23;7;0;5;.25;30;0;0;0;0;0;0;0;
1029;Dark Apostasy;Dunkle Abtrünnigkeit;(3..17 seconds.) Your critical hits remove an enchantment. Removal cost: lose 10..3 Energy or Dark Apostasy ends.;2;35;23;7;0;10;.25;15;0;0;1;0;0;0;0;
1030;Locust's Fury;Wut der Heuschrecke;(10..35 seconds.) You have +50% chance to double strike. No effect unless you are wielding daggers.;2;35;23;7;0;10;.5;10;0;0;1;0;0;0;0;
1031;Shroud of Distress;Schleier des Kummers;(30..60 seconds.) You have +3..8 health regeneration and a 75% chance to block. No effect unless your Health is below 50%.;2;31;23;7;0;10;1;45;0;0;0;0;0;0;0;
1032;Heart of Shadow;Herz der Schatten;You are healed for 30..150 and you Shadow Step to a nearby location directly away from your target.;2;31;22;7;0;5;.25;15;0;0;0;0;0;0;0;
1033;Impale;Aufspießen;Deals 25..100 earth damage. Inflicts Deep Wound condition (5..20 seconds). Must follow a dual attack.;2;30;1;7;0;5;1;15;0;0;0;0;0;0;0;
1034;Seeping Wound;Eiternde Wunde;Elite Half Range Hex Spell. (1..7 second[s].) Target foe moves 33% slower. This foe takes 5..25 damage each second while suffering from a condition.;2;35;24;7;0;10;.25;10;0;0;1;0;0;0;0;
1035;Assassin's Promise;Versprechen des Assassinen;(5..15 seconds.) You gain 5..20 Energy and all your skills recharge if target foe dies.;2;30;24;7;0;5;.75;45;0;0;1;0;0;0;0;
1036;Signet of Malice;Siegel der Bosheit;You lose one condition for each condition on target foe.;2;-1;21;7;0;0;.25;5;0;0;0;0;0;0;0;
1037;Dark Escape;Dunkle Flucht;(5..15 seconds.) You move 25% faster and take half damage. Ends if you hit with an attack.;2;31;29;7;0;5;0;30;0;0;0;0;0;0;0;
1038;Crippling Dagger;Verkrüppelnder Dolch;Half Range Spell. Projectile: deals 15..60 earth damage. Inflicts Crippled condition (3..15 seconds) if target foe is moving.;2;30;22;7;0;5;1;5;0;0;0;0;0;0;0;
1040;Spirit Walk;Geistermarsch;Shadow Step to target Spirit. ;2;-1;22;7;0;5;.25;8;0;0;0;0;0;0;0;
1041;Unseen Fury;Unsichtbare Wut;Inflicts Blindness condition on adjacent foes (3..10). You cannot be blocked by Blinded foes for 10..30 seconds.;2;31;29;7;0;5;0;20;0;0;0;0;0;0;0;
1042;Flashing Blades;Blitzende Klingen;(5..30 seconds.) You have 75% chance to block while attacking. Block effect: 5..20 damage to your attacker.;2;29;29;7;0;10;0;30;0;0;1;0;0;0;0;
1043;Dash;Preschen;(3 seconds.) You move 50% faster.;2;-1;29;7;0;5;0;8;0;0;0;0;0;0;0;
1044;Dark Prison;Dunkles Gefängnis;Shadow Step to target foe. This foe moves 33% slower (1..6 seconds).;2;30;24;7;0;10;.25;30;0;0;0;0;0;0;0;
1045;Palm Strike;Handflächenschlag;Elite Touch Skill. Deals 10..65 damage and inflicts Crippled condition (1..5 second[s]). This skill counts as an off-hand attack.;2;35;1;7;0;5;.75;7;0;0;1;0;0;0;0;
1048;Revealed Enchantment;Enthüllte Verzauberung;Removes an enchantment from target foe. Removal effects: you gain 3..15 Energy. this spell is replaced with that enchantment (20 seconds).;2;3;22;5;0;10;1;0;0;0;0;0;0;0;0;
1049;Revealed Hex;Enthüllte Verhexung;Removes a hex from target ally. Removal effects: you gain 4..10 Energy. this spell is replaced with that hex (20 seconds).;2;3;22;5;0;5;1;0;0;0;0;0;0;0;0;
1052;Accumulated Pain;Angehäufter Schmerz;Deals 15..75 damage. Inflicts Deep Wound condition (5..20 seconds) if target foe has 2 or more hexes.;2;1;22;5;0;5;2;12;0;0;0;0;0;0;0;
1053;Psychic Distraction;Übernatürliche Ablenkung;Interrupts a skill. Interruption effect: disables interrupted skill (+5..12 seconds). Your other skills are disabled (8 seconds).;2;2;22;5;0;10;.25;2;0;0;1;0;0;0;0;
1054;Ancestor's Visage;Antlitz des Ahnen;(4..10 seconds.) All adjacent foes lose all adrenaline and 3 Energy whenever a melee attack hits target ally.;2;1;23;5;0;10;1;20;0;0;0;0;0;0;0;
1055;Recurring Insecurity;Wiederkehrende Unsicherheit;(5 seconds.) Causes -1..6 Health degeneration. Renewal: if target foe has another hex when Recurring Insecurity would end.;2;1;24;5;0;10;1;3;0;0;1;0;0;0;0;
1056;Kitah's Burden;Kitahs Bürde;(10 seconds.) Target foe moves 50% slower. End effect: you gain 10..18 Energy.;2;1;24;5;0;15;1.5;30;0;0;0;0;0;0;0;
1057;Psychic Instability;Übernatürliche Labilität;Interrupts an action. Interruption effect: if the action is a skill, cause knockdown for 2..4 seconds on target foe and all nearby foes. 50% failure chance unless Fast Casting 5 or higher.;2;0;22;5;0;5;.25;20;0;0;1;0;0;0;0;
1059;Hex Eater Signet;Verhexungsfresser-Siegel;Touch Signet. Removes a hex from target and 2..5 adjacent allies. Removal effect: you gain 1..4 Energy for each hex removed.;2;3;21;5;0;0;1;15;0;0;0;0;0;0;0;
1061;Feedback;Reaktion;Removes one enchantment. Removal effect: target foe loses 4..10 Energy.;2;3;22;5;0;10;1;30;0;0;0;0;0;0;0;
1062;Arcane Larceny;Arkane Entwendung;(5..35 seconds.) Disables one random spell. This skill becomes that spell.;2;2;22;5;0;10;1;0;0;0;0;0;0;0;0;
1066;Spoil Victor;Sieger plündern;(3..15 seconds.) Causes 25..100 Health loss whenever target foe attacks or casts spells on a creature with less Health.;2;4;24;4;0;10;1;10;0;0;1;0;0;0;0;
1067;Lifebane Strike;Lebensfluchstoß;Deals 12..48 damage. Steals 12..48 Health if target foe's Health is above 50%.;2;4;22;4;0;10;2;15;0;0;0;0;0;0;0;
1068;Bitter Chill;Bitterkalt;Deals 15..60 cold damage. Recharges instantly if target foe had more Health than you.;2;5;22;4;0;5;1;10;0;0;0;0;0;0;0;
1069;Taste of Pain;Geschmack der Schmerzen;Heals you for 30..150. No effect unless target foe is below 50% Health.;2;5;22;4;0;5;.25;10;0;0;0;0;0;0;0;
1070;Defile Enchantments;Verzauberungen schänden;Deals 6..60 damage to target and nearby foes. Deals 4..20 more damage for each enchantment on them.;2;7;22;4;0;10;2;15;0;0;0;0;0;0;0;
1071;Shivers of Dread;Angstschauer;(10..40 seconds.) Cold damage interrupts target foe's skills. Interruption cost: you lose 8..3 Energy or this hex ends.;2;7;24;4;0;10;2;15;0;0;0;0;0;0;0;
1075;Vampiric Swarm;Vampirschwarm;Steals 15..60 Health. Hits 2 additional foes in the area.;2;4;22;4;0;15;2;8;0;0;0;0;0;0;0;
1076;Blood Drinker;Bluttrinker;Steals 20..65 Health. You begin Bleeding (6 seconds) if your Health is above 90%.;2;4;22;4;0;5;2;8;0;0;0;0;0;0;0;
1077;Vampiric Bite;Vampirbiss;Touch Skill. Steals 29..74 Health.;2;4;1;4;0;15;.75;2;0;0;0;0;0;0;0;
1078;Wallow's Bite;Suhlerbiss;Touch Skill. Deals 20..58 damage.;2;4;1;4;0;1;.75;3;0;10;0;0;0;0;0;
1079;Enfeebling Touch;Schwächende Berührung;Touch Skill. Causes 5..65 Health loss. Inflicts Weakness condition (5..20 seconds).;2;7;1;4;0;5;.75;3;0;0;0;0;0;0;0;
1081;Teinai's Wind;Teinais Wind;Deals 10..40 cold damage. Burning foes take +40..80 damage and are interrupted. Also strikes adjacent.;2;8;22;6;0;5;1;8;0;0;0;0;0;0;0;
1082;Shock Arrow;Schockpfeil;Rapid projectile: deals 5..50 lightning damage. Gain 5 Energy plus 1 Energy for every 2 ranks of Energy Storage if you hit a foe suffering from Cracked Armor. 25% armor penetration.;2;8;22;6;0;5;1;8;0;0;0;0;0;0;0;
1083;Unsteady Ground;Schwankender Boden;Deals 10..40 earth damage each second (5 seconds) and causes knock-down to attacking foes. Hits foes near target's initial location.;2;9;22;6;0;10;2;15;0;0;1;0;0;0;0;
1084;Sliver Armor;Splitter-Rüstung;(5..11 seconds.) You have 25..50% chance to block. Deals 5..35 earth damage to one nearby foe whenever you are the target of a hostile spell or attack.;2;9;23;6;0;10;1;30;0;0;0;0;0;0;0;
1085;Ash Blast;Aschenexplosion;Deals 35..65 earth damage. Burning foes are hexed for 5 seconds and miss 20..75% of attacks. Also strikes adjacent.;2;9;24;6;0;5;1;10;0;0;0;0;0;0;0;
1086;Dragon's Stomp;Drachenstampfer;Deals 26..100 earth damage. Causes knock-down. Also hits foes near this foe.;2;9;22;6;0;25;3;15;0;0;0;0;10;0;0;
1088;Second Wind;Zweite Chance;You gain 1 Energy and 5 Health for each point of Overcast. You lose all enchantments.;2;-1;22;6;0;5;1;5;0;0;1;0;5;0;0;
1090;Smoldering Embers;Glühende Kohle;Deals 10..70 fire damage to target. If you are Overcast, foe is hexed for 3 seconds, taking 5..25 fire damage each second.;2;10;24;6;0;10;1.5;7;0;0;0;0;0;0;0;
1091;Double Dragon;Doppeldrache;(8 seconds.) Enchants you and target ally. Adjacent foes take 10..40 fire damage each second. Skills that target a foe also inflict Burning (1..4 second[s]).;2;10;23;6;0;10;1;15;0;0;1;0;0;0;0;
1093;Teinai's Heat;Teinais Hitze;(10..15 seconds.) Causes -2..5 health degeneration. Weakened foes in the ward attack 33% slower. Disabled for 20 seconds.;2;10;26;6;0;15;1;20;0;0;0;0;0;0;0;
1094;Breath of Fire;Feueratem;Deals 10..40 fire damage each second (5 seconds). Hits foes adjacent to target's initial location.;2;10;22;6;0;5;2;10;0;0;0;0;10;0;0;
1095;Star Burst;Sternenexplosion;Elite Touch Spell. Deals 7..112 fire damage. Inflicts Burning (1..4 seconds). Gain 2 Energy for each foe struck. Also hits foes in the area.;2;10;22;6;0;5;.75;7;0;0;1;0;0;0;0;
1096;Glyph of Essence;Glyphe der Essenz;(15 seconds.) Your next spell casts instantly. You lose all Energy.;2;-1;16;6;0;5;1;20;0;0;0;0;0;0;0;
1097;Teinai's Prison;Teinais Gefängnis;(1..8 second[s].) Target foe moves 66% slower. Foes with Cracked Armor have 5..9 Health degeneration.;2;11;24;6;0;10;1;15;0;0;0;0;0;0;0;
1098;Mirror of Ice;Eisspiegel;Deals 15..70 cold damage and slows foes by 66% (2..6 seconds). Hits foes near you and target ally. Recharges 50% faster if it hits a foe hexed with Water Magic.;2;11;24;6;0;10;.75;15;0;0;1;0;0;0;0;
1099;Teinai's Crystals;Teinais Kristalle;Deals 20..40 damage to target. Deals +20..40 more damage and causes Cracked Armor (5..15 seconds) nearby if that foe had a Water Magic hex.;2;9;22;6;0;5;1;8;0;0;0;0;0;0;0;
1113;Kirin's Wrath;Kirins Zorn;Deals 8..32 holy damage each second (5 seconds). Hits foes adjacent to your initial location.;2;14;22;3;0;5;2;30;0;0;0;0;0;0;0;
1114;Spirit Bond;Geisterbindung;(8 seconds.) Heals for 30..90 whenever target ally takes more than 50 damage. Ends after this ally takes damage from 10 attacks or spells.;2;15;23;3;0;10;.25;2;0;0;0;0;0;0;0;
1115;Air of Enchantment;Flair der Verzauberung;(4..10 seconds.) Enchantments cast on target ally cost 10 less Energy (minimum 1 Energy). Cannot self-target.;2;15;23;3;0;5;.25;8;0;0;1;0;0;0;0;
1117;Heaven's Delight;Himmlische Wonne;Heals you and party members within earshot for 15..60 points.;2;16;22;3;0;5;1;12;0;0;0;0;0;0;0;
1118;Healing Burst;Heilsalve;Heals for 20..120. Party members in earshot of your target gain Health equal to the Divine Favor bonus. Disables your Smiting Prayers (20 seconds).;2;13;22;3;0;5;.75;6;0;0;1;0;0;0;0;
1119;Karei's Healing Circle;Kareis Heilkreis;Heals you for 30..180. Also heals adjacent creatures.;2;13;22;3;0;10;1;5;0;0;0;0;0;0;0;
1120;Jamei's Gaze;Jameis Starren;Heals for 35..180. Cannot self-target.;2;13;22;3;0;10;.75;3;0;0;0;0;0;0;0;
1121;Gift of Health;Geschenk des Lebens;Heals for 15..150. Disables your other Healing Prayers skills (10..5 seconds). Cannot self-target.;2;13;22;3;0;5;.75;5;0;0;0;0;0;0;0;
1123;Life Sheath;Lebensmantel;(8 seconds.) Converts the next incoming damage or life steal (maximum 20..100) to healing. Initial effect: Removes 0..2 condition[s].;2;15;23;3;0;5;.25;2;0;0;1;0;0;0;0;
1126;Empathic Removal;Ausdrückliche Entfernung;Removes one condition and hex from target ally and yourself, and heals for 50. Cannot self-target.;2;-1;22;3;0;5;1;7;0;0;1;0;0;0;0;
1128;Resurrection Chant;Gesang der Wiederbelebung;Half Range Spell. Resurrects target party member at your current Health and with 5..35% Energy.;2;13;22;3;0;10;6;15;0;0;0;0;0;0;0;
1129;Word of Censure;Wort des Tadels;Deals 30..130 holy damage. +20 recharge time if target foe is below 50% Health.;2;14;22;3;0;10;1;2;0;0;1;0;0;0;0;
1130;Spear of Light;Speer des Lichts;Projectile: deals 26..56 holy damage. Deals 15..60 more damage if target foe is attacking.;2;14;22;3;0;5;1;15;0;0;0;0;0;0;0;
1131;Stonesoul Strike;Steinseelenschlag;Touch Skill. Deals 10..55 holy damage. Deals 10..55 more holy damage if target is knocked down.;2;14;1;3;0;5;.75;8;0;0;0;0;0;0;0;
1133;Drunken Blow;Betrunkener Schlag;Deals +10..40 damage. Inflicts one of the following random conditions: Deep Wound (20 seconds), Weakness (20 seconds), Bleeding (25 seconds), or Crippled (15 seconds). You are knocked-down.;2;21;3;1;0;5;0;7;0;0;0;0;0;0;0;
1134;Leviathan's Sweep;Leviathanschlag;Deals +5..20 damage. Causes knock-down and deals 10..34 damage if blocked.;2;17;3;1;0;5;0;8;0;0;0;0;0;0;0;
1135;Jaizhenju Strike;Jaizhenjuschlag;Deals +1..30 damage. Unblockable unless you are in a stance.;2;20;10;1;0;5;0;8;0;0;0;0;0;0;0;
1136;Penetrating Chop;Durchdringender Hieb;Deals +5..20 damage. 20% armor penetration.;2;18;4;1;0;0;0;0;4.8;0;0;0;0;0;0;
1137;Yeti Smash;Yetischlag;Attack all adjacent foes. Knocks down foes suffering from a condition. You lose all adrenaline. 50% failure chance unless Hammer Mastery is 5 or more.;2;19;8;1;0;0;0;0;6;0;0;0;0;0;0;
1141;"You Will Die!";"Ihr werdet sterben!";You gain 1..3 strike[s] of adrenaline. No effect unless target foe is under 90% Health.;2;17;20;1;0;5;0;15;0;0;0;0;0;0;0;
1142;Auspicious Parry;Günstige Abwehr;(8 seconds.) Blocks one attack. End effect: you gain 1..4 strike[s] of adrenaline.;2;21;29;1;0;0;0;2;1;0;1;0;0;0;0;
1144;Silverwing Slash;Silberflügel-Hieb;Deals +1..40 damage.;2;20;10;1;0;0;0;0;8;0;0;0;0;0;0;
1146;Shove;Schubs;Elite Touch Skill. Causes knockdown. Initial effect: ends foe's stance and deals 15..75 damage if target foe is moving.;2;21;1;1;0;5;.75;10;0;0;1;0;0;0;0;
1191;Sundering Attack;Trennender Angriff;Deals +5..25 damage. 10% armor penetration.;2;25;2;2;0;10;.75;4;0;0;0;0;0;0;0;
1192;Zojun's Shot;Zojuns Schuss;Half Range Bow Attack. Deals +10..40 damage.;2;23;2;2;0;5;0;3;0;0;0;0;0;0;0;
1194;Predatory Bond;Raubtierverbindung;(5..20 seconds.) Your pet attacks 25% faster and you gain 1..31 Health whenever your pet makes a successful attack.;2;22;20;2;0;10;0;30;0;0;0;0;0;0;0;
1195;Heal as One;Gemeinsame Heilung;(15 seconds.) Your pet's attacks steal 1..20 Health. Initial effect: heals you and your pet for 20..104. resurrects your pet (50% Health) if dead. If you have this equipped, your pet will travel with you.;2;22;1;2;0;5;1;5;0;0;1;0;0;0;0;
1196;Zojun's Haste;Zojuns Eile;(5..11 seconds.) You move 33% faster and have 27..75% chance to block projectiles. Ends if you attack.;2;23;29;2;0;5;0;30;0;0;0;0;0;0;0;
1197;Needling Shot;Nadelschuss;Fast-moving arrow. Deals 10..30 damage. Recharges instantly if target foe is below 50% Health. Your other attack skills are disabled (2 seconds).;2;25;2;2;0;5;.75;4;0;0;0;0;0;0;0;
1198;Broad Head Arrow;Stahlspitzenpfeil;Slow moving arrow. Interrupts a spell. Inflicts Dazed condition (5..20 seconds).;2;25;2;2;0;10;0;10;0;0;1;0;0;0;0;
1199;Glass Arrows;Glaspfeile;(10..35 seconds.) Your arrows deal +5..20 damage. Inflicts Bleeding condition if blocked (10..20 seconds).;2;23;17;2;0;5;2;12;0;0;1;0;0;0;0;
1200;Archer's Signet;Siegel des Bogenschützen;(1..24 second[s].) Conditions you apply while wielding a bow last 150% longer.;2;23;21;2;0;0;1;12;0;0;1;0;0;0;0;
1201;Savage Pounce;Wilder Sprung;Deals +5..20 damage. Causes knock-down if target foe is casting a spell.;2;22;11;2;0;5;0;10;0;0;0;0;0;0;0;
1202;Enraged Lunge;Erzürnter Ausfall;Inflicts Deep Wound condition (5..20 seconds) and deals +10..50 damage.;2;22;11;2;0;5;0;5;0;0;1;0;0;0;0;
1203;Bestial Mauling;Bestienattacke;Deals +5..20 damage. Inflicts Dazed condition (4..10 seconds) if target foe is knocked-down.;2;22;11;2;0;5;0;10;0;0;0;0;0;0;0;
1205;Poisonous Bite;Giftbiss;Inflicts Poisoned condition (5..20 seconds).;2;22;11;2;0;5;0;7;0;0;0;0;0;0;0;
1206;Pounce;Sprung;Deals +5..20 damage. Causes knock-down if target foe is moving.;2;22;11;2;0;5;0;10;0;0;0;0;0;0;0;
1209;Bestial Fury;Bestienwut;(5..11 seconds.) You attack 25% faster. Your non-attack skills are disabled (5 seconds).;2;22;29;2;0;10;0;10;0;0;0;0;0;0;0;
1211;Viper's Nest;Vipernnest;(90 seconds.) Affects nearby foes. Deals 5..35 piercing damage. Inflicts Poisoned condition (5..20 seconds). Easily interrupted.;2;22;30;2;0;10;2;20;0;0;0;0;0;0;0;
1212;Equinox;Tagundnachtgleiche;Creates a level 1..10 spirit (30..240 second lifespan). Overcast-causing spells cast within range cause an additional 10 Overcast.;2;24;19;2;0;10;2;15;0;0;1;0;0;0;0;
1213;Tranquility;Ruhe;Creates a level 1..10 spirit (15..120 second lifespan). Enchantments expire 20..50% faster on creatures in range. Does not affect spirits.;2;24;19;2;0;15;2;60;0;0;0;0;0;0;0;
1215;Clamor of Souls;Gezeter der Seelen;Deals 10..65 lightning damage to target and nearby foes. You gain 10 Energy if you are within earshot of a spirit or holding a bundle item.;2;34;22;8;0;10;1;8;0;0;1;0;0;0;0;
1217;Ritual Lord;Herr der Rituale;(5..35 seconds.) You have +2..4 to all Ritualist attributes for your next skill. If that skill is a Binding Ritual, it recharges 10..60% faster and Ritual Lord recharges instantly.;2;36;1;8;0;0;0;45;0;2;1;0;0;0;0;
1218;Cruel Was Daoshen;Grausam war Daoshen;(15..60 seconds.) Your Ritualist skills have 10% armor penetration. Drop effect: deals 15..85 lightning damage to all nearby foes.;2;34;25;8;0;15;2;30;0;0;0;0;0;0;0;
1219;Protective Was Kaolai;Schützend war Kaolai;(15..60 seconds.) You have +10 armor. Drop effect: all party members are healed for 10..85.;2;33;25;8;0;10;1;20;0;0;0;0;0;0;0;
1220;Attuned Was Songkai;Eingestimmt war Songkai;(45 seconds.) Your spells and binding rituals cost -5..50% of the base Energy.;2;36;25;8;0;10;1.5;30;0;0;1;0;0;0;0;
1221;Resilient Was Xiko;Unverwüstlich war Xiko;(5..20 seconds.) You have +3 Health regeneration for each hex or condition on you. Drop effect: you lose 1..4 condition[s].;2;33;25;8;0;5;1;10;0;0;0;0;0;0;0;
1222;Lively Was Naomei;Lebhaft war Naomei;(45 seconds.) Drop effect: resurrects party members in the area (15..75% Health and zero Energy).;2;33;25;8;0;15;6;20;0;0;0;0;0;0;0;
1223;Anguished Was Lingwah;Gequält war Lingwah;(10..60 seconds.) Your Ritualist hexes cost 1..5 less energy and last 50% longer. Drop effect: all your Ritualist hexes are recharged.;2;36;25;8;0;5;1.5;30;0;0;0;0;0;0;0;
1224;Draw Spirit;Geist entziehen;Teleports target allied spirit to your location.;2;-1;22;8;0;5;.25;5;0;0;0;0;0;0;0;
1225;Channeled Strike;Gelenkter Schlag;Deals 5..95 lightning damage. Deals 5..35 additional lightning damage if you are holding an item.;2;34;22;8;0;10;2;4;0;0;0;0;0;0;0;
1226;Spirit Boon Strike;Geistersegenstoß;Deals 20..65 lightning damage. Spirits you control within earshot gain 20..65 Health.;2;34;22;8;0;5;1;3;0;0;0;0;0;0;0;
1227;Essence Strike;Essenzschlag;Deals 15..60 lightning damage. You gain 1..9 Energy if any spirits are within earshot.;2;34;22;8;0;5;1;8;0;0;0;0;0;0;0;
1228;Spirit Siphon;Geist abzapfen;The spirit nearest you loses all Energy. You gain 30..60% of that Energy.;2;34;22;8;0;5;.25;3;0;0;0;0;0;0;0;
1229;Explosive Growth;Explosives Wachstum;(15..60 seconds.) Deals 20..65 lightning damage each time you create a creature to 5 foes near that creature.;2;36;23;8;0;5;2;45;0;0;0;0;0;0;0;
1230;Boon of Creation;Segen der Schöpfung;(15..60 seconds.) You gain 5..50 Health and 1..6 Energy whenever you create a creature.;2;36;23;8;0;10;2;45;0;0;0;0;0;0;0;
1231;Spirit Channeling;Geisterlenkung;(12 seconds.) You have +1..6 Energy regeneration. Initial effect: you gain 3..12 Energy if you are within earshot of a spirit.;2;36;23;8;0;5;1;30;0;0;1;0;0;0;0;
1232;Armor of Unfeeling;Rüstung der Gefühllosigkeit;(10..35 seconds.) Your spirits within earshot take 50% less damage and are immune to critical attacks.;2;32;1;8;0;5;1;20;0;0;0;0;0;0;0;
1233;Soothing Memories;Beruhigende Erinnerungen;Heals for 10..100. You gain 3 Energy if you are holding an item.;2;33;22;8;0;5;.75;4;0;0;0;0;0;0;0;
1234;Mend Body and Soul;Körper und Seele heilen;Heals for 20..115. Removes one condition for each spirit within earshot.;2;33;22;8;0;5;.75;3;0;0;0;0;0;0;0;
1235;Dulled Weapon;Stumpfe Waffe;Also hexes foes adjacent to your target (5..20 seconds). Removes ability to land a critical hit. Reduces damage by 3..20.;2;32;24;8;0;15;1;20;0;0;0;0;0;0;0;
1236;Binding Chains;Fesselnde Ketten;Also hexes foes near your target. (3 seconds.) These foes move 90% slower and takes 1..30 damage each second while moving.;2;32;24;8;0;10;1;15;0;0;0;0;0;0;0;
1237;Painful Bond;Schmerzhafte Bindung;Also hexes foes near your target (10..20 seconds). Spirits do 8..20 more damage against these foes.;2;34;24;8;0;15;1;12;0;0;0;0;0;0;0;
1238;Signet of Creation;Siegel der Schöpfung;Gain 4 Energy (maximum 3..12 Energy) for each summoned creature you control within earshot.;2;36;21;8;0;0;1;20;0;0;0;0;0;0;0;
1239;Signet of Spirits;Siegel der Geister;Creates 3 level 1..12 spirits (60 second lifespan). These spirits deal 5..20 damage with attacks.;2;34;21;8;0;0;1;30;0;0;1;0;0;0;0;
1240;Soul Twisting;Seelenverflechtung;(5..45 seconds.) Your Binding Rituals cost 15 less Energy (minimum 10) and recharge instantly. Ends after 1..3 Binding Ritual[s].;2;36;1;8;0;5;0;15;0;0;1;0;0;0;0;
1244;Ghostly Haste;Geisterhafte Eile;(5..30 seconds.) Spells you cast recharge 25% faster. No effect unless you are within earshot of a spirit.;2;36;23;8;0;10;1;20;0;0;0;0;0;0;0;
1245;Gaze from Beyond;Blick aus dem Jenseits;Deals 20..65 lightning damage. Inflicts Blindness condition for 2..6 seconds if you are within earshot of a spirit.;2;34;22;8;0;5;1;10;0;0;0;0;0;0;0;
1246;Ancestors' Rage;Wut der Vorfahren;(1 second.) End Effect: deals 5..110 lightning damage to foes adjacent to target ally.;2;34;1;8;0;5;.25;10;0;0;0;0;0;0;0;
1247;Pain;Schmerzen;Creates a level 1..12 spirit (30..150 second lifespan). Its attacks deal 5..30 damage.;2;32;18;8;0;5;.75;30;0;0;0;0;0;0;0;
1249;Displacement;Verschiebung;Creates a level 1..14 spirit (30..60 second lifespan). Non-spirit allies within range have 75% chance to block. Block effect: this spirit takes 60 damage.;2;32;18;8;0;15;.75;45;0;0;0;0;0;0;0;
1250;Preservation;Erhaltung;Creates a level 1..14 spirit (90 second lifespan). Every 4 seconds this spirit heals one non-spirit ally for 10..115.;2;33;18;8;0;5;.75;20;0;0;1;0;0;0;0;
1251;Life;Leben;Creates a level 1..14 spirit (20 second lifespan). Affects non-spirit allies within range. End effect: heals for 1..7 for each second this spirit was alive.;2;33;18;8;0;10;.75;20;0;0;0;0;0;0;0;
1252;Earthbind;Erdbindung;Creates a level 1..14 spirit (15..45 second lifespan). Any time non-spirit foes within range are knocked down, they are knocked down for at least 3 seconds. Knock-down cost: this spirit loses 50..25 Health.;2;32;18;8;0;15;1;30;0;0;0;0;0;0;0;
1253;Bloodsong;Blutgesang;Creates a level 1..12 spirit (30..150 second lifespan). Its attacks steal 5..25 Health.;2;34;18;8;0;5;.75;30;0;0;0;0;0;0;0;
1255;Wanderlust;Fernweh;Creates a level 1..12 spirit (30..60 second lifespan). Its attacks against stationary foes cause knock-down. Knock-down cost: this spirit loses 70..50 Health.;2;32;18;8;0;10;1;45;0;0;1;0;0;0;0;
1257;Spirit Light Weapon;Geisterlichtwaffe;(10 seconds.) Target ally gains 5..25 Health each second. 5..25 more healing per second while within earshot of a spirit.;2;33;27;8;0;5;1;5;0;0;1;0;0;0;0;
1258;Brutal Weapon;Grausame Waffe;(10..40 seconds.) Attacks deal +5..15 damage. No effect while target ally is enchanted.;2;32;27;8;0;10;1;15;0;0;0;0;0;0;0;
1259;Guided Weapon;Gelenkte Waffe;(4..10 seconds.) Attacks are unblockable.;2;32;27;8;0;5;2;5;0;0;0;0;0;0;0;
1260;Meekness;Sanftmut;Also hexes foes in the area of target (5..30 seconds). These foes attack 50% slower.;3;7;24;4;0;15;1;20;0;17;0;0;0;0;0;
1261;Frigid Armor;Kalte Rüstung;(10..25 seconds.) You have +10..40 armor against physical damage and immunity to Burning.;3;11;23;6;0;5;1;20;0;0;0;0;0;0;0;
1262;Healing Ring;Heilring;Heals adjacent allies and foes for 30..180. The caster is not healed.;3;13;22;3;0;5;1;10;0;0;0;0;0;0;0;
1263;Renew Life;Leben verlängern;Touch Spell. Resurrects target party member (50% Health and 5..20% Energy). Heals allies within earshot for 55..130.;3;13;22;3;0;15;4;5;0;0;0;0;0;0;0;
1264;Doom;Untergang;Deals 10..60 lightning damage (maximum 135) for each of your recharging binding rituals.;2;36;22;8;0;10;1;8;0;0;0;0;0;0;0;
1265;Wielder's Boon;Segen des Ausübers;Heals for 15..60. Heals for 15..75 more if this ally is under a Weapon spell.;2;33;22;8;0;5;.25;4;0;0;0;0;0;0;0;
1266;Soothing;Beruhigung;Creates a level 1..12 spirit (15..45 second lifespan). Building adrenaline takes twice as long for foes within range.;2;32;18;8;0;15;1;45;0;0;0;0;0;0;0;
1267;Vital Weapon;Wesentliche Waffe;(5..30 seconds.) +40..175 maximum Health.;2;32;27;8;0;5;1;2;0;0;0;0;0;0;0;
1268;Weapon of Quickening;Waffe der Beschleunigung;(5..25 seconds.) Spells and binding rituals recharge 33% faster.;2;32;27;8;0;5;1;5;0;0;1;0;0;0;0;
1269;Signet of Rage;Siegel der Wut;Deals 5..50 holy damage. Deals 5..10 more holy damage for each of target foe's adrenaline skills.;2;14;21;3;0;0;1;20;0;0;0;0;0;0;0;
1333;Extend Conditions;Zustände ausweiten;Spread all conditions from target foe to foes near your target. Those durations of those conditions are increased by 5..100% (maximum 30 seconds).;3;3;22;5;0;5;.25;5;0;0;1;0;0;0;0;
1334;Hypochondria;Hypochondrie;Transfer all conditions from foes in the area to target foe.;3;-1;22;5;0;5;.25;7;0;0;0;0;0;0;0;
1335;Wastrel's Demise;Ableben des Verschwenders;(5 seconds.) Each second while hexed, target foe and all foes adjacent to that foe take 1..10 damage. Foes take +1..10 damage each second this hex is in effect. Ends early if target foe uses a skill.;3;2;24;5;0;5;.25;5;0;0;0;0;0;0;0;
1336;Spiritual Pain;Geisterschmerz;Deals 15..75 damage. Deals 25..125 damage to hostile summoned creatures in the area of your target foe.;3;2;22;5;0;5;1;7;0;0;0;0;0;0;0;
1337;Drain Delusions;Täuschungen entziehen;Removes one Mesmer hex from target foe. Causes 1..5 Energy loss. You gain 4 Energy for each point lost. No effect unless a hex was removed.;3;3;22;5;0;5;.25;12;0;0;0;0;0;0;0;
1338;Persistence of Memory;Beharrliche Erinnerungen;(5..20 seconds.) Your interrupted spells recharge instantly.;3;0;23;5;0;5;1;20;0;0;0;0;0;0;0;
1339;Symbols of Inspiration;Symbole der Inspiration;(1..31 seconds.) This skill becomes the Elite of target foe. Elite spells you cast use your Fast Casting attribute instead of their normal attributes.;3;0;1;5;0;5;1;15;0;0;1;0;0;0;0;
1340;Symbolic Celerity;Symbolische Schnelligkeit;(36..60 seconds.) Your signets use your Fast Casting attribute.;3;0;23;5;0;15;1;30;0;0;0;0;0;0;0;
1341;Frustration;Frustration;(5..20 seconds.) Causes 50% slower spell casting. Target foe takes 5..50 damage whenever interrupted. Deals double damage on skill interrupt.;3;1;24;5;0;10;1;7;0;0;0;0;0;0;0;
1342;Tease;Reizen;Interrupts a skill. Interruption effect: also interrupts other foes in the area, and you steal 0..5 Energy from all foes in the area.;3;3;22;5;0;5;.25;20;0;0;1;0;0;0;0;
1343;Ether Phantom;Äther-Phantom;(10 seconds.) Causes -1 Energy degeneration. Causes 1..5 Energy loss if this hex ends early.;3;3;24;5;0;5;1;10;0;0;0;0;0;0;0;
1344;Web of Disruption;Netz der Störung;(10 seconds.) Initial effect: interrupts a skill. End effect: interrupts a skill.;3;-1;24;5;0;5;.25;15;0;0;0;0;0;0;0;
1345;Enchanter's Conundrum;Rätsel des Verzauberers;Causes 100..200% slower enchantment casting (10 seconds). Initial effect: if target foe is not enchanted deals 10..100 damage to target and 75% of that damage to adjacent foes.;3;2;24;5;0;10;2;10;0;0;1;0;0;0;0;
1346;Signet of Illusions;Siegel der Illusionen;Your next 1..3 non-Illusion spell[s] use your Illusion attribute instead of its normal attribute.;3;1;21;5;0;0;2;5;0;0;1;0;0;0;0;
1347;Discharge Enchantment;Verzauberung entlassen;Removes one enchantment from target foe. 20..50% faster recharge if that foe was hexed.;3;3;22;5;0;10;1;15;0;0;0;0;0;0;0;
1348;Hex Eater Vortex;Verhexungsfresser-Strudel;Removes one hex from target ally. Removal effect: deals 30..90 damage and removes one enchantment from foes in the area of this ally.;3;2;22;5;0;5;.25;15;0;0;1;0;0;0;0;
1349;Mirror of Disenchantment;Spiegel der Entzauberung;Removes one enchantment from target foe. That foe's party members also lose this enchantment.;3;-1;22;5;0;5;1;15;0;0;0;0;0;0;0;
1350;Simple Thievery;Simpler Diebstahl;Interrupts an action. Interruption effect: If a skill was interrupted, that skill is disabled and Simple Thievery becomes that skill (5..20 seconds).;3;2;22;5;0;10;.25;10;0;0;1;0;0;0;0;
1351;Animate Shambling Horror;Schlurfschreck beleben;Creates a level 1..17 shambling horror. When the shambling horror dies, it is replaced by a level 0..15 jagged horror that causes Bleeding with each of its attacks. Exploits a fresh corpse.;3;5;22;4;0;10;1;25;0;0;0;0;0;0;0;
1352;Order of Undeath;Orden der Untoten;(5 seconds.) Your undead servants deal +3..16 damage. You lose 2% of your maximum Health whenever your servants hit.;3;5;22;4;0;10;1;5;0;0;1;0;0;0;0;
1353;Putrid Flesh;Verwesendes Fleisch;Destroys one of your undead servants. Inflicts Diseased condition (5..15 seconds) to foes near this servant.;3;5;22;4;0;10;.25;0;0;0;0;0;0;0;0;
1354;Feast for the Dead;Fest für die Toten;Destroys one of your undead servants. Heals your servants for 10..100.;3;5;22;4;0;5;.25;10;0;0;0;0;0;0;0;
1355;Jagged Bones;Versplitterte Knochen;(60 seconds.) When target undead servant dies, it is replaced by a level 0..15 jagged horror that inflicts Bleeding with attacks.;3;5;23;4;0;5;1;10;0;0;1;0;0;0;0;
1356;Contagion;Erkrankung;(60 seconds.) Whenever you gain a condition, all foes in the area gain that same condition. You sacrifice 10..5% maximum Health each time this happens.;3;5;23;4;0;5;1;20;0;0;1;0;0;0;0;
1358;Ulcerous Lungs;Geschwürige Lungen;Also hexes foes near your target (10..25 seconds). Causes -4 Health degeneration to any of these foes that are Bleeding. Inflicts Bleeding (3..15 seconds) whenever these foes use a shout or chant.;3;7;24;4;0;10;1;10;0;0;0;0;0;0;0;
1359;Pain of Disenchantment;Schmerz der Entzauberung;Target foe loses 1..3 enchantment[s]. Removal effect: that foe and all adjacent foes lose 10..100 Health.;3;7;22;4;0;10;1;15;0;0;1;0;0;0;0;
1360;Mark of Fury;Zeichen der Wut;(5 seconds.) Allies hitting target foe gain 0..2 strike[s] of adrenaline. End effect: inflicts Cracked Armor (1..15 second[s].);3;4;24;4;0;5;.75;10;0;0;0;0;0;0;0;
1362;Corrupt Enchantment;Verzauberung verderben;Removes one enchantment from target foe. Removal effect: -1..8 Health degeneration (10 seconds).;3;7;24;4;0;5;.75;10;0;0;1;0;0;0;0;
1363;Signet of Sorrow;Siegel des Kummers;Deals 15..75 damage. Recharges instantly if target foe is near a corpse or has a dead pet.;3;6;21;4;0;0;1;30;0;0;0;0;0;0;0;
1364;Signet of Suffering;Siegel des Leidens;You Bleed for 6 seconds. Applies Bleeding (2..16 seconds) to the target of your next Necromancer skill.;3;4;21;4;0;0;0;4;0;0;1;0;0;0;0;
1365;Signet of Lost Souls;Siegel der verlorenen Seelen;You gain 10..100 Health and 1..10 Energy if target foe is below 50% Health.;3;6;21;4;0;0;.25;8;0;0;0;0;0;0;0;
1366;Well of Darkness;Brunnen der Dunkelheit;(5..50 seconds.) Hexed foes in this well have 50% chance to miss. Exploits a fresh corpse or sacrifices 66% health.;3;7;28;4;0;10;1;20;0;0;0;0;0;0;0;
1367;Blinding Surge;Blendende Welle;Deals 5..50 lightning damage. Inflicts Blindness condition (3..8 seconds) on target and adjacent foes. 25% armor penetration. If target was attacking, also hits adjacent foes and deals 50% more damage.;3;8;22;6;0;10;.75;6;0;0;1;0;0;0;0;
1368;Chilling Winds;Kühle Winde;(10 seconds.) The next water hex on target foe lasts 25..100% longer. Initial effect: 30..60 cold damage. Also strikes adjacent.;3;8;24;6;0;5;1;8;0;0;0;0;0;0;0;
1369;Lightning Bolt;Blitzstrahl;Projectile: deals 5..50 lightning damage. Deals 5..50 more lightning damage if target foe is moving. 25% armor penetration.;3;8;22;6;0;5;1;8;0;0;0;0;0;0;0;
1370;Storm Djinn's Haste;Eile des Sturm-Dschinn;(10..25 seconds.) You move 25% faster. Lose 1 Energy each second while moving.;3;8;23;6;0;5;.25;10;0;0;0;0;0;0;0;
1371;Stone Striker;Steinschläger;(5..30 seconds.) Converts elemental and physical damage you take or deal to earth damage.;3;9;23;6;0;5;.25;20;0;0;0;0;0;0;0;
1372;Sandstorm;Sandsturm;Deals 20..40 earth damage each second (10 seconds). Hits foes near target foe's initial location. Hits attacking foes for 10..30 more earth damage each second.;3;9;22;6;0;15;2;20;0;0;1;0;0;0;0;
1373;Stone Sheath;Steinmantel;(5..20 seconds.) Gives you and target ally +1..30 armor and immunity to critical hits. Initial effect: Foes near you and target ally are struck for 15..70 earth damage and are Weakened (5..20 seconds).;3;9;23;6;0;10;1;15;0;0;1;0;0;0;0;
1374;Ebon Hawk;Ebonfalke;Projectile: deals 10..85 earth damage and inflicts Weakness condition (5..15 seconds).;3;9;22;6;0;10;1;5;0;0;0;0;0;0;0;
1375;Stoneflesh Aura;Steinfleisch-Aura;(5..15 seconds.) Reduces damage you take by 1..31, and you are immune to critical hits.;3;9;23;6;0;10;2;15;0;0;0;0;0;0;0;
1376;Glyph of Restoration;Glyphe der Wiederherstellung;(15 seconds.) Your next 2 spells heal you for 30..105, and you are healed for 150..400% of the Energy cost of each spell.;3;12;16;6;0;5;1;8;0;0;0;0;0;0;0;
1377;Ether Prism;Ätherprisma;(3 seconds.) All damage you take is reduced by 75%. End effect: gain 5..20 Energy.;3;12;1;6;0;5;0;20;0;0;1;0;0;0;0;
1378;Master of Magic;Meister der Magie;(1..61 second[s]). Your elemental attributes are set to 8..14 and elemental spells return 30% of their Energy cost.;3;12;23;6;0;5;1;10;0;0;1;0;0;0;0;
1379;Glowing Gaze;Glühender Blick;Deals 5..50 fire damage. You gain 5 Energy plus 1 Energy for every 2 ranks of Energy Storage if target foe is Burning.;3;10;22;6;0;5;1;8;0;0;0;0;0;0;0;
1380;Savannah Heat;Hitze der Savanne;Deals 5..20 fire damage for each second since casting this spell (5 seconds). Hits foes near target's initial location.;3;10;22;6;0;5;2;25;0;0;1;0;0;0;0;
1381;Flame Djinn's Haste;Eile des Flammen-Dschinn;(8..14 seconds.) You move 25% faster. Initial effect: deals 15..120 fire damage to foes adjacent to you. If you damage a foe with this spell, it recharges 50% faster.;3;10;23;6;0;10;.75;20;0;0;0;0;0;0;0;
1382;Freezing Gust;Gefrierende Böe;Deals 20..80 cold damage if target foe is hexed with Water Magic. Otherwise, this foe moves 66% slower (1..5 second[s]).;3;11;24;6;0;10;1;8;0;0;0;0;0;0;0;
1390;Judge's Intervention;Intervention des Richters;(10 seconds.) Negates the next fatal damage. Negation effect: deals 30..180 holy damage to one foe near target ally.;3;14;23;3;0;5;.25;8;0;0;0;0;0;0;0;
1391;Supportive Spirit;Unterstützender Geist;(5..23 seconds.) Heals for 5..50 whenever target ally takes damage while knocked-down.;3;13;23;3;0;10;.75;8;0;0;0;0;0;0;0;
1392;Watchful Healing;Wachsame Heilung;(10 seconds.) Target ally has +1..4 Health regeneration and gains 30..120 Health if this enchantment ends early.;3;16;23;3;0;5;1;10;0;0;0;0;0;0;0;
1393;Healer's Boon;Segen des Heilers;(10..55 seconds.) Healing Prayers spells cast 50% faster and heal for 50% more.;3;16;23;3;0;5;.25;10;0;0;1;0;0;0;0;
1394;Healer's Covenant;Verpflichtung des Heilers;Your Healing Prayers spells cost 1..4 less Energy. These spells heal for 20% less.;3;13;23;3;-1;5;.25;5;0;0;1;0;0;0;0;
1395;Balthazar's Pendulum;Balthasars Pendel;(5..25 seconds.) Causes knock-down to the next foe attempting to knock-down target ally.;3;14;23;3;0;5;.25;5;0;0;1;0;0;0;0;
1396;Words of Comfort;Tröstende Worte;Heals for 15..60. Heals for 15..45 more if target ally has a condition.;3;13;22;3;0;5;1;4;0;0;0;0;0;0;0;
1397;Light of Deliverance;Licht der Erlösung;Heals entire party for 5..70.;3;13;22;3;0;5;1;6;0;0;1;0;0;0;0;
1398;Scourge Enchantment;Geißelverzauberung;(30 seconds.) Deals 15..75 damage to anyone casting an enchantment on target foe.;3;14;24;3;0;10;1.5;5;0;0;0;0;0;0;0;
1399;Shield of Absorption;Schild der Absorption;(3..7 seconds.) Reduces incoming damage by 5 each time target ally takes damage.;3;15;23;3;0;5;1;10;0;0;0;0;0;0;0;
1400;Reversal of Damage;Umkehrung des Schadens;(8 seconds.) Negates the next damage and hits the source for that same amount (maximum 5..75).;3;14;23;3;0;5;.25;3;0;0;0;0;0;0;0;
1401;Mending Touch;Genesungsberührung;Touch Spell. Removes two conditions. Heals for 15..60 for each condition removed.;3;15;22;3;0;5;.75;6;0;0;0;0;0;0;0;
1402;Critical Chop;Kritischer Hieb;Deals +5..20 damage. Interrupts an action if you land a critical hit.;3;18;4;1;0;5;1;15;0;0;0;0;0;0;0;
1403;Agonizing Chop;Qualvoller Hieb;Deals +5..20 damage. Interrupts an action if target foe has a Deep Wound.;3;18;4;1;0;0;1;0;6;0;0;0;0;0;0;
1404;Flail;Dreschen;(1..15 second[s].) You attack 33% faster. You move 33% slower.;3;17;29;1;0;0;0;0;4;0;0;0;0;0;0;
1405;Charging Strike;Angreifender Schlag;(1..10 second[s].) You move 33% faster and deal +10..90 damage with your next melee hit. Ends when you hit or if you use a skill.;3;17;29;1;0;5;0;5;0;0;1;0;0;0;0;
1406;Headbutt;Kopfstoß;Elite Touch Skill. Deals 40..100 damage. You are Dazed (10 seconds).;3;17;1;1;0;10;.75;10;0;0;1;0;0;0;0;
1407;Lion's Comfort;Trost des Löwen;You are healed for 50..110 and gain 0..3 strike[s] of adrenaline. Disables your signets (12 seconds).;3;17;1;1;0;0;1;1;3.2;0;0;0;0;0;0;
1408;Rage of the Ntouka;Wut des Ntouka;You gain 1..7 adrenaline. For 8 seconds, adrenal skills have a 3 second recharge when used.;3;17;1;1;0;5;0;15;0;0;1;0;0;0;0;
1409;Mokele Smash;Mokele-Schlag;Deals +5..20 damage and you gain 2 strikes of adrenaline.;3;19;8;1;0;5;0;12;0;0;0;0;0;0;0;
1410;Overbearing Smash;Anmaßender Schlag;Deals +1..20 damage. If target foe is knocked down, they are Dazed (1..8 second[s]).;3;19;8;1;0;5;0;20;0;0;0;0;0;0;0;
1411;Signet of Stamina;Siegel der Ausdauer;You have +50..300 maximum Health. Ends if you hit with an attack.;3;17;21;1;0;0;.25;20;0;0;0;0;0;0;0;
1412;"You're All Alone!";"Ihr seid ganz allein!";Inflicts Cripple and Weakness conditions (8 seconds). No effect if target foe is near one of its allies.;3;-1;20;1;0;5;0;10;0;0;1;0;0;0;0;
1413;Burst of Aggression;Aggressiver Ausbruch;(2..10 seconds.) You attack 33% faster. End effect: lose all adrenaline.;3;17;29;1;0;5;0;12;0;0;0;0;0;0;0;
1414;Enraging Charge;Wütender Angriff;(5..15 seconds.) You move 25% faster. Gain +0..3 adrenaline on your next melee attack. Ends after your next hit.;3;17;29;1;0;5;0;20;0;0;0;0;0;0;0;
1415;Crippling Slash;Verkrüppelnder Hieb;Inflicts Crippled condition (5..15 seconds) and Bleeding condition (10..25 seconds).;3;20;10;1;0;0;0;0;5.2;0;1;0;0;0;0;
1416;Barbarous Slice;Barbarischer Schnitt;Deals +5..30 damage. Inflicts Bleeding condition (5..15 seconds) if you are not in a stance.;3;20;10;1;0;0;0;0;6;0;0;0;0;0;0;
1465;Prepared Shot;Vorbereiteter Schuss;Deals +10..25 damage. You gain 1..9 Energy if you have a preparation active.;3;25;2;2;0;5;0;6;0;0;1;0;0;0;0;
1466;Burning Arrow;Brennender Pfeil;Deals +10..30 damage. Inflicts Burning condition (1..7 seconds).;3;25;2;2;0;10;0;5;0;0;1;0;0;0;0;
1467;Arcing Shot;Bogenschuss;Deals +10..35 damage. Unblockable. This arrow moves 50% slower.;3;25;2;2;0;5;0;3;0;0;0;0;0;0;0;
1468;Strike as One;Gemeinsam zuschlagen;Your animal companion instantly moves to your target and inflicts Bleeding (5..15 seconds) with its next attack. The next time you hit with an attack, you inflict Crippled condition (5..15 seconds).;3;22;20;2;0;5;0;10;0;0;1;0;0;0;0;
1469;Crossfire;Kreuzfeuer;Deals +5..20 damage. Unblockable if target foe is near any of your allies.;3;25;2;2;0;5;0;4;0;0;0;0;0;0;0;
1470;Barbed Arrows;Stachelpfeile;(24 seconds.) Your arrows inflict Bleeding condition (3..15 seconds). You have -40 armor while activating this skill.;3;24;17;2;0;10;2;12;0;0;0;0;0;0;0;
1471;Scavenger's Focus;Fokus des Plünderers;(10 seconds). You gain 3..12 Energy if you strike a foe who has a condition.;3;24;1;2;0;5;0;12;0;0;1;0;0;0;0;
1472;Toxicity;Giftigkeit;Creates a level 1..10 spirit (30..180 second lifespan.) Poisoned or Diseased creatures within range have -2 Health degeneration.;3;22;19;2;0;15;2;60;0;0;0;0;0;0;0;
1473;Quicksand;Treibsand;Creates a level 1..10 spirit (30..180 second lifespan). Creatures lose 1 Energy each time they attack or use a skill. Does not affect spirits.;3;24;19;2;0;10;2;30;0;0;1;0;0;0;0;
1474;Storm's Embrace;Umarmung des Sturms;(10 seconds.) You move 25% faster. Renewal: whenever you take elemental damage.;3;-1;29;2;0;5;0;30;0;0;0;0;0;0;0;
1475;Trapper's Speed;Geschwindigkeit des Fallenstellers;(5..30 seconds.) Your traps recharge 25% faster and activate 25% faster. Ends if you hit with an attack.;3;23;29;2;0;5;0;20;0;0;0;0;0;0;0;
1476;Tripwire;Stolperdraht;(90 seconds.) Deals 5..20 piercing damage to nearby foes. Causes knock-down to Crippled foes. Easily interrupted.;3;24;30;2;0;10;2;30;0;0;0;0;0;0;0;
1478;Renewing Surge;Erneuernde Welle;(8 seconds.) Deals 2..12 damage each second. End effect: You gain 1..8 energy.;3;34;24;8;0;5;1;15;0;0;0;0;0;0;0;
1479;Offering of Spirit;Opfer des Geistes;You gain 8..17 Energy. You do not sacrifice Health if any spirits are within earshot.;3;34;22;8;0;3;.25;15;0;17;1;0;0;0;0;
1480;Spirit's Gift;Geschenk des Geistes;(60 seconds.) Whenever you create a creature, all nearby allies gain 5..50 Health and lose one condition.;3;36;23;8;0;10;1;45;0;0;0;0;0;0;0;
1481;Death Pact Signet;Todespakt-Siegel;Resurrects target party member with your current Health and 15..100% maximum Energy. For 120 seconds, you die the next time this party member dies.;3;33;21;8;0;0;3;12;0;0;0;0;0;0;0;
1482;Reclaim Essence;Essenz zurückfordern;All of your Spirits die. If a Spirit dies in this way, you gain 5..20 Energy and all of your Binding Rituals are recharged.;3;36;22;8;0;5;1;30;0;0;1;0;0;0;0;
1483;Banishing Strike;Bannstoß;Deals 10..60 holy damage. Deals double damage to summoned creatures.;3;44;3;10;0;5;1;3;0;0;0;0;0;0;0;
1484;Mystic Sweep;Mystischer Schwung;Deals +3..12 damage. Deals an additional +3..12 damage if you are enchanted.;3;44;3;10;0;5;1;6;0;0;0;0;0;0;0;
1485;Eremite's Attack;Angriff des Eremiten;Deals +1..10 damage and removes a Dervish enchantment. Removal Effect: Deals +1..10 damage and strikes all adjacent foes.;3;41;9;10;0;5;0;6;0;0;0;0;0;0;0;
1486;Reap Impurities;Unreinheiten ausnutzen;Deals +3..15 damage. Struck foes lose 1 condition. Removal Effect: all foes adjacent to those struck take 10..40 holy damage.;3;41;3;10;0;0;0;0;4.8;0;0;0;0;0;0;
1487;Twin Moon Sweep;Doppelter Mondschwung;Remove 1 of your Dervish enchantments. Gain 10..50 Health. Removal effect: unblockable, attack twice, and gain 10..70 more Health.;3;41;3;10;0;0;0;0;6.4;0;0;0;0;0;0;
1488;Victorious Sweep;Siegreicher Schwung;Deals +5..25 damage. You gain 30..80 Health for each foe you hit that has less Health than you.;3;41;3;10;0;5;0;4;0;0;0;0;0;0;0;
1489;Irresistible Sweep;Unwiderstehlicher Schwung;Deals +3..15 damage. Remove 1 of your Dervish enchantments. Removal effect: unblockable, removes a stance, deals +3..15 additional damage.;3;41;9;10;0;5;0;6;0;0;0;0;0;0;0;
1490;Pious Assault;Frommer Angriff;Deals +10..20 damage. Removes 1 of your Dervish enchantments. Removal Effect: this skill recharges 75% faster and adjacent foes take 15..40 damage.;3;41;3;10;0;5;0;12;0;0;0;0;0;0;0;
1491;Mystic Twister;Mystischer Wirbelsturm;Deals 10..60 cold damage to all nearby foes. Deals 10..60 more cold damage if you are enchanted.;3;42;22;10;0;0;.5;4;4.8;0;0;0;0;0;0;
1493;Grenth's Fingers;Grenths Finger;(30 seconds.) Your attacks deal cold damage. Initial effect: hits nearby foes for 10..40 cold damage. End effect: transfers 1..2 condition[s] to all nearby foes.;3;42;33;10;0;5;0;10;0;0;0;0;0;0;0;
1495;Aura of Thorns;Dornenaura;(30 seconds.) Initial effect: inflicts Bleeding condition (5..15 seconds) on nearby foes. End effect: inflicts Crippled condition (3..8 seconds) on nearby foes.;3;43;33;10;0;5;0;10;0;0;0;0;0;0;0;
1496;Balthazar's Rage;Balthasars Wut;(20 seconds.) Initial Effect: Inflicts burning (1..3 second[s]) on nearby foes. End effect: gain 1..2 strike[s] of adrenaline if any foes are within earshot.;3;44;33;10;0;10;0;10;0;0;0;0;0;0;0;
1497;Dust Cloak;Staubdecke;(30 seconds.) Your attacks deal earth damage. Initial effect: deals 10..40 earth damage to nearby foes. End effect: inflicts Blindness condition (1..4 second[s]) on nearby foes.;3;43;33;10;0;10;0;6;0;0;0;0;0;0;0;
1498;Staggering Force;Umwerfende Gewalt;(30 seconds.) Your attacks deal earth damage. Initial effect: deals 10..40 earth damage to nearby foes. End effect: inflicts Cracked Armor condition (1..10 second[s]) on nearby foes.;3;43;33;10;0;10;0;6;0;0;0;0;0;0;0;
1499;Pious Renewal;Fromme Erneuerung;(8 seconds.) End Effect: recharges itself and you gain 0..5 Energy and 0..30 Health.;3;44;33;10;0;5;0;8;0;0;1;0;0;0;0;
1500;Mirage Cloak;Trugbild-Umhang;(1..7 second[s].) You have 30..60% chance to block. Initial Effect: deals 10..40 earth damage to nearby foes.;3;43;33;10;0;10;0;15;0;0;0;0;0;0;0;
1502;Arcane Zeal;Arkaner Eifer;(10 seconds.) You gain 2 Energy (maximum 2..7) for each enchantment on you whenever you cast a spell.;3;44;23;10;0;10;1;5;0;0;1;0;0;0;0;
1503;Mystic Vigor;Mystische Vitalität;(20 seconds.) You gain 3..15 Health (maximum 25) for each enchantment on you whenever you hit with an attack.;3;44;23;10;0;5;.25;15;0;0;0;0;0;0;0;
1504;Watchful Intervention;Wachsame Intervention;(60 seconds.) Heals for 50..200 the next time damage drops target ally's Health below 25%.;3;44;23;10;0;10;1;15;0;0;0;0;0;0;0;
1505;Vow of Piety;Gelübde der Frömmigkeit;(20 seconds) +24 armor and +1..4 Health regeneration. Renewal: Whenever an enchantment on you ends.;3;42;23;10;0;15;.25;45;0;0;0;0;0;0;0;
1506;Vital Boon;Wesentliche Wohltat;(20 seconds.) You have +40..100 maximum Health. End effect: Heals you for 75..200.;3;43;23;10;0;5;1;8;0;0;0;0;0;0;0;
1507;Heart of Holy Flame;Herz der heiligen Flamme;(30 seconds.) Your attacks deal holy damage. Initial effect: deals 5..30 holy damage to nearby foes. End effect: inflicts Burning condition (2..5 seconds) on nearby foes.;3;44;33;10;0;10;0;10;0;0;0;0;0;0;0;
1508;Extend Enchantments;Verzauberungen ausweiten;(10 seconds.) Your next Dervish enchantment lasts 10..150% longer.;3;44;1;10;0;5;0;10;0;0;0;0;0;0;0;
1509;Faithful Intervention;Vertrauensvolle Intervention;You gain 30..150 Health the next time damage drops your Health below 50%.;3;44;23;10;0;5;2;20;0;0;0;0;0;0;0;
1510;Sand Shards;Sandscherben;(30 seconds.) Deal 10..60 earth damage to all other adjacent foes whenever you hit with your scythe. Ends after 1..5 hit[s].;3;43;33;10;0;10;0;10;0;0;0;0;0;0;0;
1512;Lyssa's Haste;Lyssas Eile;(3..15 seconds.) Your Dervish enchantments recharge 33% faster. Initial Effect: interrupts all adjacent foes. End Effect: interrupts all adjacent foes. 50% failure chance unless Wind Prayers 5 or higher.;3;42;33;10;0;10;0;15;0;0;0;0;0;0;0;
1513;Guiding Hands;Lenkende Hände;(20 seconds.) Your next 0..3 attack[s] cannot be blocked. Initial effect: removes Blindness.;3;42;23;10;0;10;.25;10;0;0;0;0;0;0;0;
1514;Fleeting Stability;Flüchtige Stabilität;(4..10 seconds.) You cannot be knocked down and move 25% faster. Ends if knockdown prevented.;3;43;33;10;0;5;0;15;0;0;0;0;0;0;0;
1515;Armor of Sanctity;Rüstung der Heiligkeit;Inflicts Weakness condition on all adjacent foes (5..15). You take 5..20 less damage from foes with a condition. (15 seconds.);3;43;23;10;0;5;.25;15;0;0;0;0;0;0;0;
1516;Mystic Regeneration;Mystische Regeneration;(5..20 seconds.) You have +1..4 Health regeneration for each enchantment (maximum of 8) on you.;3;43;23;10;0;15;.25;10;0;0;0;0;0;0;0;
1517;Vow of Silence;Schweigegelübde;(5..10 seconds.) Spells cannot target you. You cannot cast spells.;3;44;23;10;0;5;.25;10;0;0;1;0;0;0;0;
1518;Avatar of Balthazar;Balthasars Avatar;(10..90 seconds.) You gain +20 armor against physical damage, you gain adrenaline 25% faster, your attacks deal holy damage, you inflict Burning (1..3 second[s]) on nearby foes whenever you lose a Dervish enchantment. This skill is disabled for 45 seconds.;3;44;15;10;0;5;2;20;0;0;1;0;0;0;0;
1519;Avatar of Dwayna;Dwaynas Avatar;(10..90 seconds.) You deal holy damage. Whenever you use a Dervish attack skill, you lose 1 hex. Heal allies in earshot for 5..50 Health when you lose a Dervish enchantment. This skill is disabled for 45 seconds.;3;44;15;10;0;5;2;20;0;0;1;0;0;0;0;
1520;Avatar of Grenth;Grenths Avatar;(10..90 seconds.) Your scythe attacks deal dark damage and steal 0..12 Health. You are immune to Disease. Apply Disease to all adjacent foes (3 seconds) when you lose a Dervish enchantment. This skill is disabled for 45 seconds.;3;44;15;10;0;5;2;20;0;0;1;0;0;0;0;
1521;Avatar of Lyssa;Lyssas Avatar;(10..90 seconds.) Your Dervish enchantments recharge 50% faster and deal chaos damage with attacks. Steal 1 Energy from nearby foes when you lose a Dervish enchantment. This skill is disabled for 45 seconds.;3;44;15;10;0;5;2;20;0;0;1;0;0;0;0;
1522;Avatar of Melandru;Melandrus Avatar;(10..90 seconds.) You have +150 maximum Health, +30 elemental armor, and your attacks deal earth damage. Cure 1 condition from all party members in earshot whenever you lose a Dervish enchantment. This skill is disabled for 45 seconds.;3;44;15;10;0;5;2;20;0;0;1;0;0;0;0;
1523;Meditation;Meditation;(20 seconds.) Lose all adrenaline. Gain 1..4 Energy whenever an enchantment on you ends.;3;44;23;10;0;10;.25;15;0;0;0;0;0;0;0;
1524;Eremite's Zeal;Eifer des Eremiten;(10 seconds.) Initial effect: you gain 1..3 Energy (maximum 8) for each foe in earshot. End effect: you gain 1..3 Energy (maximum 8) for each foe in earshot.;3;44;23;10;0;5;.25;15;0;0;0;0;0;0;0;
1525;Natural Healing;Natürliche Heilung;Heals you for 50..170. This skill activates 50% faster if you are not enchanted.;3;42;22;10;0;5;1;6;0;0;0;0;0;0;0;
1526;Imbue Health;Mit Leben durchdringen;Heals for 5..50% of your current Health (maximum 300). Cannot self-target.;3;44;22;10;0;10;.25;10;0;0;0;0;0;0;0;
1527;Mystic Healing;Mystische Heilung;Heals you for 5..65. Heals all enchanted party members for 5..65 Health.;3;42;22;10;0;5;1;4;0;0;0;0;0;0;0;
1528;Dwayna's Touch;Dwaynas Berührung;Touch Spell. Heals for 60 (maximum 60..240) for each enchantment on you.;3;42;22;10;0;5;.75;5;0;0;0;0;0;0;0;
1529;Pious Restoration;Fromme Wiederherstellung;Gain 80..150 Health and remove 1 Dervish enchantment. Removal effect: lose 1..3 hex[es].;3;42;22;10;0;5;1;8;0;0;0;0;0;0;0;
1530;Signet of Pious Light;Siegel des frommen Lichts;Heals for 30..150. Removes one of your Dervish enchantments. Removal effect: recharges 75% faster.;3;43;21;10;0;0;1;20;0;0;0;0;0;0;0;
1531;Intimidating Aura;Einschüchternde Aura;(60 seconds.) You have +40..100 max Health and take -1..10 damage from foes with less Health than you.;3;44;23;10;0;10;.75;20;0;0;0;0;0;0;0;
1532;Mystic Sandstorm;Mystischer Sandsturm;(3 seconds.) Deals 10..20 earth damage each second. Deals an additional 10..20 damage to attacking foes. Hits foes nearby your initial location. Lasts twice as long if you are enchanted.;3;43;22;10;0;0;1;8;4.8;0;0;0;0;0;0;
1533;Winds of Disenchantment;Wind der Entzauberung;Remove one of your Dervish enchantments. Removal effect: all nearby foes lose 1 enchantment and take 20..80 cold damage.;3;42;22;10;0;5;.75;15;0;0;0;0;0;0;0;
1534;Rending Touch;Zerreißende Berührung;Touch Spell. Deals 15..65 cold damage. Lose 1 Dervish enchantment. Removal effect: target foe loses 1 enchantment and you gain 2 strikes of adrenaline.;3;44;22;10;0;5;.75;12;0;0;0;0;0;0;0;
1535;Crippling Sweep;Verkrüppelnder Schwung;(3..12 seconds.) Inflicts Cripple condition. Deals +3..15 damage to moving foes.;3;41;9;10;0;5;0;6;0;0;0;0;0;0;0;
1536;Wounding Strike;Verwundender Schlag;Deals +5..20 damage and inflicts Bleeding condition (5..20 seconds). Remove 1 Dervish enchantment. Removal Effect: inflicts Deep Wound condition (5..20 seconds).;3;41;9;10;0;5;0;3;0;0;1;0;0;0;0;
1537;Wearying Strike;Ermüdender Schlag;Remove 1 Dervish Enchantment. Removal Effect: Inflicts Deep Wound condition (3..10 seconds). You are Weakened (10 seconds) if an enchantment is not lost.;3;41;9;10;0;0;0;0;6;0;0;0;0;0;0;
1538;Lyssa's Assault;Lyssas Angriff;Interrupts an action. If you are enchanted, the interrupted skill is disabled for an additional 1..10 second[s]. This attack does 50% of normal damage.;3;41;9;10;0;5;.5;15;0;0;0;0;0;0;0;
1539;Chilling Victory;Kühler Sieg;Deals +3..15 damage. Deals 10..30 cold damage to each foe hit who has less Health than you and foes adjacent to those targets.;3;41;9;10;0;0;0;0;6;0;0;0;0;0;0;
1540;Conviction;Überzeugung;(10 seconds.) Gain +10 armor while conditioned. Gain 1..3 Health regeneration for each condition you have. End Effect: Remove 1..2 condition[s].;3;43;33;10;0;5;0;10;0;0;0;0;0;0;0;
1541;Enchanted Haste;Verzauberte Eile;(7 seconds). You move 25% faster. Lose 1 condition if this enchantment ends prematurely.;3;-1;33;10;0;10;0;15;0;0;0;0;0;0;0;
1542;Pious Concentration;Fromme Konzentration;(5..20 seconds.) Prevents interrupts. Prevention cost: you lose one Dervish enchantment or Pious Concentration ends.;3;43;29;10;0;10;0;10;0;0;0;0;0;0;0;
1543;Pious Haste;Fromme Eile;(1..7 second[s].) Lose 1 Dervish enchantment and move 25% faster. Removal Effect: Run 50% faster instead.;3;44;29;10;0;5;0;12;0;0;0;0;0;0;0;
1544;Whirling Charge;Wirbelangriff;(1..6 second[s].) You move 33% faster. Deal 10..50 cold damage to all other nearby foes the next time you hit a foe and this enchantment ends.;3;42;33;10;0;5;0;10;0;0;0;0;0;0;0;
1545;Test of Faith;Glaubensprüfung;Touch Spell. Deals 15..75 cold damage and removes 1 enchantment. Target foe is Dazed for 1..4 second[s] if that foe was not enchanted.;3;42;22;10;0;0;.75;5;5;0;0;0;0;0;0;
1546;Blazing Spear;Lodernder Speer;Deals +5..25 damage. Inflicts Burning condition (1..3 second[s]).;3;37;12;9;0;0;0;0;6;0;0;0;0;0;0;
1547;Mighty Throw;Mächtiger Wurf;Deals +10..40 damage. This spear moves three times faster.;3;37;12;9;0;0;1;0;2;0;0;0;0;0;0;
1548;Cruel Spear;Grausamer Speer;Deals +10..50 damage. Inflicts Deep Wound condition (5..20 seconds) if target is not moving.;3;37;12;9;0;0;0;0;6;0;1;0;0;0;0;
1549;Harrier's Toss;Wurf des Läufers;Deals +5..20 damage. Deals 5..40 more damage if target is moving.;3;37;12;9;0;10;.5;10;0;0;0;0;0;0;0;
1550;Unblockable Throw;Unblockbarer Wurf;Deals +10..40 damage. Unblockable.;3;37;12;9;0;0;1;1;4;0;0;0;0;0;0;
1551;Spear of Lightning;Speer des Blitzes;Deals +8..20 lightning damage. 25% armor penetration.;3;37;12;9;0;5;0;6;0;0;0;0;0;0;0;
1552;Wearying Spear;Ermüdender Speer;Deals +10..40 damage. You are Weakened (5 seconds).;3;37;12;9;0;0;0;0;3;0;0;0;0;0;0;
1553;Anthem of Fury;Hymne der Wut;(10 seconds.) Party members in earshot gain 1..4 adrenaline with their next attack skill.;3;40;13;9;0;5;1;10;0;0;1;0;0;0;0;
1554;Crippling Anthem;Verkrüppelungs-Hymne;(10 seconds.) Allies in earshot inflict Crippled condition (5..15 seconds) with their next attack skill.;3;38;13;9;0;0;1;0;4;0;1;0;0;0;0;
1555;Defensive Anthem;Verteidigungshymne;(4..10 seconds.) Party members in earshot have 50% chance to block. Ends when hitting with an attack skill.;3;40;13;9;0;10;1;25;0;0;1;0;0;0;0;
1556;Godspeed;Gute Reise;(5..20 seconds.) Allies in earshot move 25% faster while enchanted.;3;38;20;9;0;10;0;30;0;0;0;0;0;0;0;
1557;Anthem of Flame;Hymne der Flamme;(10 seconds.) Party members in earshot inflict Burning condition (1..3 second[s]) with their next attack skill.;3;40;13;9;0;5;1;10;0;0;0;0;0;0;0;
1558;"Go for the Eyes!";"Zielt auf die Augen!";(10 seconds.) Allies in earshot have +30..100% to land a critical hit with their next attack.;3;38;20;9;0;0;0;0;4;0;0;0;0;0;0;
1559;Anthem of Envy;Hymne des Neids;(10 seconds.) Allies in earshot do +10..25 damage with their next attack skill. Damage bonus only applies to foes with more than 50% Health.;3;38;13;9;0;0;1;0;6;0;0;0;0;0;0;
1560;Song of Power;Machtgesang;(5..20 seconds.) Allies in earshot gain +4 Energy regeneration. Ends when using a skill.;3;39;13;9;0;15;1;30;0;0;0;0;0;0;0;
1561;Zealous Anthem;Eifrige Hymne;(10 seconds.) Allies in earshot gain 1..8 Energy with their next attack skill.;3;39;13;9;0;10;1;10;0;0;0;0;0;0;0;
1562;Aria of Zeal;Arie des Eifers;(10 seconds.) Allies in earshot gain 1..6 Energy with their next spell.;3;39;13;9;0;5;1;10;0;0;0;0;0;0;0;
1563;Lyric of Zeal;Lyrik des Eifers;(10 seconds.) Allies in earshot gain 1..8 Energy with their next signet.;3;39;13;9;0;0;1;5;6;0;0;0;0;0;0;
1564;Ballad of Restoration;Ballade der Wiederherstellung;(10 seconds.) Party members in earshot gain 15..75 Health the next time they take damage.;3;39;13;9;0;10;1;10;0;0;0;0;0;0;0;
1565;Chorus of Restoration;Chor der Wiederherstellung;(10 seconds.) Allies in earshot are healed for 30..90 with their next shout or chant.;3;39;13;9;0;0;1;5;4;0;0;0;0;0;0;
1566;Aria of Restoration;Arie der Wiederherstellung;(10 seconds.) Party members in earshot gain 30..90 Health with their next spell.;3;39;13;9;0;10;1;10;0;0;0;0;0;0;0;
1567;Song of Concentration;Lied der Konzentration;(10 seconds.) Allies in earshot are uninterruptible with their next skill.;3;-1;13;9;0;0;2;5;8;0;0;0;0;0;0;
1568;Anthem of Guidance;Hymne der Führung;(10 seconds.) Party members in earshot are unblockable with their next attack skill.;3;38;13;9;0;0;1;0;2;0;1;0;0;0;0;
1569;Energizing Chorus;Energie bringender Chor;(10 seconds.) The next shout or chant costs 3..7 less Energy for allies within earshot.;3;39;13;9;0;0;1;0;3;0;0;0;0;0;0;
1570;Song of Purification;Lied der Läuterung;(20 seconds.) Allies in earshot lose one condition with their next 1..6 skill[s].;3;39;13;9;0;0;2;0;3;0;1;0;0;0;0;
1571;Hexbreaker Aria;Verhexungsbrech-Arie;(10 seconds.) Allies in earshot lose one hex with their next spell.;3;-1;13;9;0;0;2;0;8;0;0;0;0;0;0;
1572;"Brace Yourself!";"Seid vorbereitet!";(5..15 seconds.) Prevents the next knock-down and deals 15..75 damage to all foes near target ally. Cannot self-target.;3;38;20;9;0;5;0;4;0;0;0;0;0;0;0;
1573;Awe;Ehrfurcht;Inflicts Dazed condition (5..15 seconds). No effect unless target is knocked-down.;3;40;1;9;0;10;.75;10;0;0;0;0;0;0;0;
1574;Enduring Harmony;Dauerhafte Harmonie;(10..35 seconds.) Chants and shouts last 50% longer on target ally. Cannot target spirits.;3;40;14;9;0;5;1;10;0;0;0;0;0;0;0;
1575;Blazing Finale;Loderndes Finale;(10..35 seconds.) Inflicts Burning condition (1..7 second[s]) to adjacent foes whenever a chant or shout ends on target ally. Cannot target spirits.;3;40;14;9;0;5;1;8;0;0;0;0;0;0;0;
1576;Burning Refrain;Brennender Refrain;(20 seconds.) Inflicts Burning condition (1..3 second[s]) if target ally hits a foe with more Health. Renewal: Whenever a chant or shout ends on that ally. Cannot target spirits.;3;40;14;9;0;10;1;10;0;0;0;0;0;0;0;
1577;Finale of Restoration;Finale der Wiederherstellung;(10..35 seconds.) Target ally gains 15..75 Health whenever a shout or chant ends on that ally. Cannot target spirits.;3;39;14;9;0;5;1;10;0;0;0;0;0;0;0;
1578;Mending Refrain;Genesungsrefrain;(15 seconds.) Target ally has +2..3 Health regeneration. Renewal: whenever a chant or shout ends on that ally. Cannot target spirits.;3;39;14;9;0;10;1;8;0;0;0;0;0;0;0;
1579;Purifying Finale;Reinigendes Finale;(10..35 seconds.) Target ally loses one condition whenever a chant or shout ends on that ally. Cannot target spirits.;3;39;14;9;0;5;.25;5;0;0;0;0;0;0;0;
1580;Bladeturn Refrain;Klingenumkehr-Refrain;(20 seconds.) Target ally has 5..20% chance to block. Renewal: Whenever a chant or shout ends on that ally. Cannot target spirits.;3;38;14;9;0;5;1;8;0;0;0;0;0;0;0;
1581;Glowing Signet;Glühendes Siegel;You gain 5..15 Energy if target foe is Burning.;3;40;21;9;0;0;.25;15;0;0;0;0;0;0;0;
1583;Leader's Zeal;Eifer des Anführers;You gain 2..4 Energy (maximum 8..12 Energy) for each nearby ally.;3;39;1;9;0;5;0;12;0;0;0;0;0;0;0;
1584;Leader's Comfort;Trost des Anführers;You gain 30..75 Health. You also gain 10..20 Health (maximum 140) for each ally in earshot.;3;40;1;9;0;5;2;8;0;0;0;0;0;0;0;
1585;Signet of Synergy;Siegel der Synergie;Heal target ally for 40..100. You are also healed for 40..100 if you are not enchanted. Cannot self-target.;3;39;21;9;0;0;1;10;0;0;0;0;0;0;0;
1586;Angelic Protection;Engelsschutz;(10 seconds.) Each second that target ally takes damage over 250..80, that ally is healed for any damage over that amount. Cannot self target.;3;40;1;9;0;5;0;30;0;0;0;0;0;0;0;
1587;Angelic Bond;Engelsbindung;(10 seconds.) The next time an ally within earshot would take fatal damage, that damage is negated and that ally is healed for 20..200. Ends on other allies.;3;40;1;9;0;5;1;15;0;0;1;0;0;0;0;
1588;Cautery Signet;Siegel der Verätzung;All party members lose all conditions. You begin Burning (one second for each condition removed).;3;-1;21;9;0;0;2;15;0;0;1;0;0;0;0;
1589;"Stand Your Ground!";"Haltet Eure Stellung!";(5..20 seconds.) Party members in earshot gain +24 armor when not moving.;3;38;20;9;0;10;0;20;0;0;0;0;0;0;0;
1590;"Lead the Way!";"Geht voran!";Target ally moves 25% faster for 1..5 seconds (maximum of 30 seconds) for each ally in earshot.;3;40;20;9;0;5;0;8;0;0;0;0;0;0;0;
1591;"Make Haste!";"Beeilt Euch!";(5..20 seconds.) Target ally moves 33% faster. Ends if target ally hits with an attack. Cannot self-target.;3;38;20;9;0;5;0;10;0;0;0;0;0;0;0;
1592;"We Shall Return!";"Wir kommen wieder!";All party members in earshot are resurrected (25..50% Health and 5..20% Energy).;3;38;20;9;0;25;0;30;0;0;0;0;0;0;0;
1593;"Never Give Up!";"Gebt nicht auf!";Allies in earshot gain 1..10 Energy. Only affects allies below 75% Health.;3;38;20;9;0;5;0;15;0;0;0;0;0;0;0;
1594;"Help!";"Hilfe!";(1..10 seconds.) Target non-spirit ally gains 15..90 health, allied spells targeting them cast 50% faster.;3;38;20;9;0;5;0;10;0;0;0;0;0;0;0;
1595;"Fall Back!";"Zieht Euch zurück!";(4..10 seconds.) Allies in earshot gain 5..15 Health per second while moving and move 33% faster. Ends for an ally if that ally hits with an attack.;3;38;20;9;0;10;0;20;0;0;0;0;0;0;0;
1596;"Incoming!";"Schon unterwegs!";(4..10 seconds) Allies in earshot move 33% faster and gain 5..15 Health while moving.;3;38;20;9;0;5;0;20;0;0;1;0;0;0;0;
1597;"They're on Fire!";"Sie brennen!";(10 seconds.) Party members in earshot take 5..35% less damage from Burning foes.;3;40;20;9;0;10;0;10;0;0;0;0;0;0;0;
1598;"Never Surrender!";"Ergebt Euch nicht!";(15 seconds.) Party members in earshot gain +1..5 Health regeneration. Only affects party members below 75% Health.;3;38;20;9;0;5;0;15;0;0;0;0;0;0;0;
1599;"It's Just a Flesh Wound.";Es ist nur eine Fleischwunde.;Remove all conditions from target ally. That ally moves 25% faster (1..10 second[s]) if a condition was removed. Cannot self-target.;3;39;20;9;0;5;0;2;0;0;1;0;0;0;0;
1600;Barbed Spear;Stachelspeer;Inflicts Bleeding condition (5..20 seconds).;3;37;12;9;0;0;0;0;2;0;0;0;0;0;0;
1601;Vicious Attack;Bösartiger Angriff;Deals +5..20 damage. Inflicts Deep Wound condition (5..15 seconds) with a critical hit.;3;37;12;9;0;5;0;8;0;0;0;0;0;0;0;
1602;Stunning Strike;Betäubender Schlag;Deals +10..50 damage. Inflicts Dazed condition (4..10 seconds) if target has a condition.;3;37;12;9;0;0;0;0;8;0;1;0;0;0;0;
1603;Merciless Spear;Unbarmherziger Speer;Inflicts Deep Wound condition (5..20 seconds). No effect unless target has less than 50% Health.;3;37;12;9;0;0;0;0;6;0;0;0;0;0;0;
1604;Disrupting Throw;Unterbrechender Wurf;Interrupts actions. No effect unless target has a condition.;3;37;12;9;0;5;.5;10;0;0;0;0;0;0;0;
1605;Wild Throw;Wilder Wurf;Deals +5..20 damage. Unblockable. Ends target's stance.Disables your non-spear attack skills for 3 seconds.;3;37;12;9;0;0;0;0;7;0;0;0;0;0;0;
1633;Malicious Strike;Böswilliger Stoß;If target foe has a condition, this attack deals +10..30 damage and is a critical hit.;3;35;3;7;0;5;0;6;0;0;0;0;0;0;0;
1634;Shattering Assault;Vernichtender Angriff;Deals 5..50 damage. Removes one enchantment. Unblockable. Must follow an off-hand attack.;3;35;7;7;0;10;0;6;0;0;1;0;0;0;0;
1635;Golden Skull Strike;Goldener Schädel-Stoß;Inflicts Dazed condition (1..12 seconds). No effect unless you are enchanted.;3;29;6;7;0;10;0;15;0;0;1;0;0;0;0;
1636;Black Spider Strike;Schwarzer Spinnen-Stoß;Deals +5..20 damage. Inflicts Poisoned condition (5..20 seconds). Must strike a hexed foe.;3;29;6;7;0;10;0;8;0;0;0;0;0;0;0;
1637;Golden Fox Strike;Goldener Fuchs-Stoß;Deals +10..30 damage. Unblockable if you are Enchanted.;3;29;5;7;0;5;0;4;0;0;0;0;0;0;0;
1638;Deadly Haste;Tödliche Eile;(10..35 seconds.) Your half-ranged spells cast 5..50% faster and recharge 5..60% faster.;3;35;23;7;0;5;1;20;0;0;0;0;0;0;0;
1639;Assassin's Remedy;Mittel des Assassinen;(30 seconds.) Your next 1..10 attack skills each remove one condition.;3;35;23;7;0;5;1;20;0;0;0;0;0;0;0;
1640;Fox's Promise;Versprechen des Fuchses;(5..20 seconds.) Your dagger attacks are unblockable. Ends the next time you fail to hit.;3;29;23;7;0;10;1;20;0;0;1;0;0;0;0;
1641;Feigned Neutrality;Vorgetäuschte Neutralität;(4..10 seconds.) You have +7 Health regeneration and +80 armor. Ends if you hit with an attack or use a skill.;3;31;23;7;0;5;.25;25;0;0;0;0;0;0;0;
1642;Hidden Caltrops;Versteckte Trittnägel;(1..10 seconds.) Causes 50% slower movement. End effect: inflicts Crippled condition (1..15 seconds). Your non-Assassin skills are disabled (3 seconds.);3;31;24;7;0;5;1;12;0;0;1;0;0;0;0;
1643;Assault Enchantments;Verzauberungen angreifen;Removes all enchantments. Must follow a dual attack.;3;-1;1;7;0;5;.25;8;0;0;1;0;0;0;0;
1644;Wastrel's Collapse;Verfall des Verschwenders;Shadow Step to target foe. Causes knock-down if target foe is not using a skill. Disables your non-dagger attack skills (10 seconds).;3;-1;1;7;0;5;.25;20;0;0;1;0;0;0;0;
1645;Lift Enchantment;Verzauberung lösen;Touch Skill. Removes one enchantment.No effect unless target foe is knocked-down.;3;-1;1;7;0;5;.25;10;0;0;0;0;0;0;0;
1646;Augury of Death;Todesomen;Half Range Hex Spell. (5..35 seconds.) Inflict Deep Wound condition (5..20 seconds) and Shadow Step to target foe the next time damage would drop this foe's Health below 50%.;3;30;24;7;0;5;1;20;0;0;0;0;0;0;0;
1647;Signet of Toxic Shock;Siegel des toxischen Schocks;Deals 10..100 damage. No effect unless target foe is Poisoned;3;30;21;7;0;0;1;15;0;0;0;0;0;0;0;
1648;Signet of Twilight;Siegel des Zwielichts;Removes one enchantment for each hex on target foe.;3;-1;21;7;0;0;1;20;0;0;0;0;0;0;0;
1649;Way of the Assassin;Weg des Assassinen;(20 seconds.) While wielding daggers, you attack 5..20% faster and have +5..35% chance to land a critical hit.;3;35;29;7;0;5;0;12;0;0;1;0;0;0;0;
1650;Shadow Walk;Schattenmarsch;(15 seconds.) Shadow Step to target foe. End effect: return to your original location. Disables your attack skills for 1 second. Disables your stances and enchantments for 10 seconds.;3;-1;29;7;0;5;0;30;0;0;0;0;0;0;0;
1651;Death's Retreat;Rückzug des Todes;Gain 40..130 Health if you have less Health than target ally. Initial effect: Shadow Step to this ally. Cannot self-target.;3;31;22;7;0;5;.25;20;0;0;0;0;0;0;0;
1652;Shadow Prison;Schattengefängnis;Shadow Step to target foe. This foe moves 66% slower (1..7 seconds).;3;30;24;7;0;10;.25;15;0;0;1;0;0;0;0;
1653;Swap;Tauschen;You and target summoned creature Shadow Step to each other's locations.;3;-1;22;7;0;5;.25;10;0;0;0;0;0;0;0;
1654;Shadow Meld;Schattenverschmelzung;Shadow Step to target ally. End effect: return to your original location. Cannot self-target.;3;-1;23;7;-1;5;.25;20;0;0;1;0;0;0;0;
1655;Price of Pride;Preis des Stolzes;(5 seconds.) Causes 3..15 Energy loss the next time target foe uses an elite skill.;3;2;24;5;0;5;1;8;0;0;0;0;0;0;0;
1656;Air of Disenchantment;Flair der Entzauberung;Also hexes foes near your target (5..20 seconds). Remove one enchantment from target and nearby foes. Enchantments expire 150..300% faster on those foes.;3;1;24;5;0;10;1;10;0;0;1;0;0;0;0;
1657;Signet of Clumsiness;Siegel der Unbeholfenheit;Interrupts an attack for target foe and all adjacent foes. Interruption effect: deals 15..60 damage. knocks down foes using attack skills.;3;1;21;5;0;0;.25;8;0;0;0;0;0;0;0;
1658;Symbolic Posture;Symbolische Haltung;(5..20 seconds.) Your next signet recharges 20..80% faster.;3;0;29;5;0;10;0;20;0;0;0;0;0;0;0;
1659;Toxic Chill;Toxische Kälte;Deals 15..75 cold damage. Inflicts Poisoned condition (10..25 seconds) if target foe is hexed or enchanted.;3;5;22;4;0;5;1;5;0;0;1;0;0;0;0;
1660;Well of Silence;Brunnen der Stille;(10..30 seconds.) Foes in this well cannot use shouts and chants and have -1..4 Health degeneration. Exploits a fresh corpse or sacrifices 66% health.;3;7;28;4;0;10;1;20;0;0;0;0;0;0;0;
1661;Glowstone;Leuchtstein;Projectile: deals 5..50 earth damage. You gain 5 Energy plus 1 Energy for every 2 ranks of Energy Storage if target foe is Weakened.;3;9;22;6;0;5;.75;7;0;0;0;0;0;0;0;
1662;Mind Blast;Geistige Explosion;Deals 15..60 fire damage. You gain 1..8 Energy if you have more Energy than target foe.;3;10;22;6;0;5;1;2;0;0;1;0;0;0;0;
1663;Elemental Flame;Elementare Flamme;(10..35 seconds.) Inflicts Burning condition (1..5 second[s]) whenever you apply an Elemental hex to a target.;3;10;23;6;0;10;1;30;0;0;0;0;0;0;0;
1664;Invoke Lightning;Blitz herbeirufen;Deals 10..90 lightning damage. Hits two foes near target. 25% armor penetration.;3;8;22;6;0;10;1;6;0;0;1;0;5;0;0;
1683;Pensive Guardian;Nachdenklicher Wächter;(5..11 seconds.) 50% chance to block enchanted foes.;3;15;23;3;0;5;1;5;0;0;0;0;0;0;0;
1684;Scribe's Insight;Einblick des Schreibers;(10..35 seconds.) You gain 3 Energy whenever you use a signet.;3;16;23;3;0;5;.25;20;0;0;1;0;0;0;0;
1685;Holy Haste;Heilige Eile;(1..60 second[s].) Your Healing Prayers spells cast 50% faster. Ends if you cast an enchantment.;3;16;23;3;0;10;1;10;0;0;0;0;0;0;0;
1686;Glimmer of Light;Lichtschimmer;Heals for 10..115.;3;13;22;3;0;5;.25;1;0;0;1;0;0;0;0;
1687;Zealous Benediction;Eifrige Segnung;Heals for 30..180. You gain 7 Energy if target ally was below 50% Health.;3;15;22;3;0;10;.75;4;0;0;1;0;0;0;0;
1688;Defender's Zeal;Eifer des Verteidigers;(5..25 seconds.) You gain 2 Energy whenever target foe hits with an attack.;3;14;24;3;0;5;1;5;0;0;1;0;0;0;0;
1689;Signet of Mystic Wrath;Siegel des mystischen Zorns;Deals 25 holy damage for each enchantment on you (maximum 30..120 holy damage).;3;14;21;3;0;0;2;20;0;0;0;0;0;0;0;
1690;Signet of Removal;Siegel der Entfernung;Removes one hex and one condition. No effect unless target ally is enchanted.;3;-1;21;3;0;0;.25;5;0;0;1;0;0;0;0;
1691;Dismiss Condition;Zustand aufheben;Removes one condition. Heals for 15..75 if target ally is enchanted.;3;15;22;3;0;5;.75;3;0;0;0;0;0;0;0;
1692;Divert Hexes;Verhexungen umleiten;Removes 1..3 hex[es]. For each hex removed, target ally loses one condition and gains 15..75 Health.;3;15;22;3;0;5;.75;8;0;0;1;0;0;0;0;
1693;Counterattack;Gegenangriff;Deals +5..35 damage. You gain 2..6 Energy if target foe is attacking.;3;17;3;1;0;5;0;6;0;0;0;0;0;0;0;
1694;Magehunter Strike;Magierschlag;Deals +7..25 damage. Unblockable if target foe is enchanted.;3;17;3;1;0;5;.5;3;0;0;1;0;0;0;0;
1695;Soldier's Strike;Soldatenstoß;Deals +10..40 damage. Unblockable if you are under the effects of a chant or shout.;3;21;3;1;0;5;0;4;0;0;0;0;0;0;0;
1696;Decapitate;Köpfen;Deals +5..80 damage. Inflicts Deep Wound condition (5..20 seconds). Automatic critical hit. You lose all adrenaline and Energy.;3;18;4;1;0;0;0;0;7;0;1;0;0;0;0;
1697;Magehunter's Smash;Magiejägerschmetterer;Causes knock-down. Unblockable if target foe is enchanted.;3;19;8;1;0;0;0;0;8;0;1;0;0;0;0;
1698;Soldier's Stance;Soldaten-Haltung;(5..15 seconds.) You have a 75% chance to block. You attack 33% faster while under the effects of a chant or shout.;3;21;29;1;0;5;0;15;0;0;1;0;0;0;0;
1699;Soldier's Defense;Soldaten-Verteidigung;(1..6 second[s].) You have 75% chance to block while under the effects of a shout or chant. Block effect: gain 1 adrenaline.;3;21;29;1;0;5;0;15;0;0;0;0;0;0;0;
1700;Frenzied Defense;Fieberhafte Verteidigung;(8 seconds.) You have 75% chance to block. You take double damage.;3;-1;29;1;0;5;0;10;0;0;0;0;0;0;0;
1701;Steady Stance;Ruhige Haltung;(10 seconds.) The next time you would be knocked-down, you gain 1..4 adrenaline and 1..7 Energy instead.;3;21;29;1;0;5;0;4;0;0;1;0;0;0;0;
1702;Steelfang Slash;Hieb des stählernen Fangzahns;Deals +1..31 damage. You gain 1..5 adrenaline if target foe is knocked down.;3;20;10;1;0;0;0;1;8;0;0;0;0;0;0;
1719;Screaming Shot;Schreischuss;Deals +10..25 damage. Inflicts Bleeding condition (5..20 seconds) if target foe is within earshot.;3;25;2;2;0;10;0;8;0;0;0;0;0;0;0;
1720;Keen Arrow;Scharfer Pfeil;Deals +5..20 damage. Deals +5..25 more damage if you land a critical hit.;3;25;2;2;0;5;0;6;0;0;0;0;0;0;0;
1721;Rampage as One;Gemeinsam toben;(3..15 seconds.) You and your pet attack 33% faster and move 25% faster. No effect unless your pet is alive.;3;22;1;2;0;25;0;10;0;0;1;0;0;0;0;
1722;Forked Arrow;Gegabelter Pfeil;You shoot two arrows simultaneously. Shoot only one arrow if you are enchanted or hexed.;3;-1;2;2;0;10;0;5;0;0;0;0;0;0;0;
1723;Disrupting Accuracy;Unterbrechende Genauigkeit;(36 seconds.) Interrupts an action whenever your arrows critical.;3;25;17;2;0;5;2;12;0;0;0;0;0;0;0;
1724;Expert's Dexterity;Gewandtheit des Profis;(1..20 second[s].) You attack 33% faster and you gain +2 to your Marksmanship attribute.;3;23;29;2;0;5;0;20;0;0;1;0;0;0;0;
1725;Roaring Winds;Tosender Wind;Creates a level 1..10 spirit (30..180 second lifespan). Chants and shouts cost 1..5 more Energy for creatures in range.;3;24;19;2;0;10;2;60;0;0;0;0;0;0;0;
1726;Magebane Shot;Verderben des Magiers-Schuss;Interrupts an action. Interruption effect: an interrupted spell is disabled for +10 seconds. Unblockable.;3;-1;2;2;0;10;.5;5;0;0;1;0;0;0;0;
1727;Natural Stride;Natürlicher Schwung;(1..8 second[s].) You move 33% faster and have 50% chance to block. Ends if you become hexed or enchanted.;3;24;29;2;0;5;0;12;0;0;0;0;0;0;0;
1728;Heket's Rampage;Heket-Toben;(5..11 seconds). You attack 33% faster. Ends if you use an attack skill.;3;22;29;2;0;5;0;10;0;0;0;0;0;0;0;
1729;Smoke Trap;Rauchfalle;(90 seconds.) Inflicts Blinded and Dazed conditions (5..10 seconds) to nearby foes. Easily interrupted.;3;24;30;2;0;10;2;15;0;0;1;0;0;0;0;
1730;Infuriating Heat;Irritierende Hitze;Creates a level 1..10 spirit (30..120 second lifespan). Doubles adrenaline gain for creatures in range.;3;23;19;2;0;5;2;15;0;0;1;0;0;0;0;
1731;Vocal Was Sogolon;Lautstark war Sogolon;(60 seconds.) Shouts and chants you use last 20..50% longer.;3;33;25;8;0;10;1;30;0;0;0;0;0;0;0;
1732;Destructive Was Glaive;Vernichtend war Glaive;(30..60 seconds.) Your Ritualist skills have 20% armor penetration. Drop effect: deals 15..85 lightning damage to all foes in the area.;3;34;25;8;0;5;.75;5;0;0;1;0;0;0;0;
1733;Wielder's Strike;Stoß des Ausübers;Deals 5..50 lightning damage. Deals 10..40 more lightning damage if you are under a weapon spell.;3;34;22;8;0;5;1;6;0;0;0;0;0;0;0;
1734;Gaze of Fury;Wütendes Starren;Destroys a spirit. Creates a level 1..14 spirit (30..60 second lifespan). Its attacks deal 5..20 damage.;3;34;18;8;0;10;.75;20;0;0;0;0;0;0;0;
1736;Spirit's Strength;Geistesstärke;(15..60 seconds.) Your attacks deal +5..35 damage if you are under a weapon spell.;3;36;23;8;0;5;1;20;0;0;1;0;0;0;0;
1737;Wielder's Zeal;Eifer des Ausübers;(10..40 seconds.) You gain 1..5 Energy whenever you cast a weapon spell.;3;36;23;8;0;5;1;10;0;0;1;0;0;0;0;
1738;Sight Beyond Sight;Sicht jenseits der Sicht;(8..20 seconds). You are immune to Blindness.;3;36;23;8;0;5;.25;15;0;0;0;0;0;0;0;
1739;Renewing Memories;Erneuernde Erinnerungen;(5..20 seconds.) Your weapon and item spells cost 5..35% less Energy. No effect unless holding an item.;3;36;23;8;0;5;1;20;0;0;0;0;0;0;0;
1740;Wielder's Remedy;Mittel des Ausübers;(10..30 seconds.) Whenever you cast a weapon spell, the targeted ally loses two conditions.;3;36;23;8;0;3;1;10;0;0;0;0;0;0;0;
1741;Ghostmirror Light;Geisterspiegel-Licht;Heals for 15..90. You gain 15..90 Health if you are within earshot of a spirit. Cannot self-target.;3;33;22;8;0;5;1;3;0;0;0;0;0;0;0;
1742;Signet of Ghostly Might;Siegel der Macht der Geister;(5..20 seconds.) All spirits you control within earshot attack 33% faster and deal +5..10 damage.;3;32;21;8;0;0;1;15;0;0;1;0;0;0;0;
1743;Signet of Binding;Siegel der Bindung;You lose 200..50 Health. Gain control of target enemy-controlled spirit. 50% failure chance unless Spawning Power 5 or more.;3;36;21;8;0;0;2;15;0;0;0;0;0;0;0;
1744;Caretaker's Charge;Angriff des Verwalters;Deals 20..75 lightning damage. You gain 5 Energy and 5..50 Health if you are holding an item.;3;34;22;8;0;5;1;4;0;0;1;0;0;0;0;
1745;Anguish;Qual;Creates a level 1..11 spirit (15..45 second lifespan). Its attacks deal 5..20 damage. Double damage to hexed foes.;3;32;18;8;0;15;.75;45;0;0;0;0;0;0;0;
1747;Empowerment;Ermächtigung;Creates a level 1..14 spirit (15..60 second lifespan). Allies in range holding an item gain 15..45 maximum Health and 10 maximum Energy.;3;36;18;8;0;5;.75;30;0;0;0;0;0;0;0;
1748;Recovery;Gesundung;Creates a level 1..14 spirit (30..60 second lifespan). Conditions on allies in range expire 20..50% faster.;3;33;18;8;0;15;.75;30;0;0;0;0;0;0;0;
1749;Weapon of Fury;Waffe der Wut;(5..20 seconds.) 100% more adrenaline gain and +1 Energy whenever target ally hits with an attack.;3;34;27;8;0;5;1;8;0;0;1;0;0;0;0;
1750;Xinrae's Weapon;Xinraes Waffe;(8 seconds). The next time target ally takes damage from a foe, that damage is limited to 5% of target ally's max Health and that ally steals 20..80 Health from that foe.;3;33;27;8;0;5;.25;3;0;0;1;0;0;0;0;
1751;Warmonger's Weapon;Waffe des Kriegshetzers;(3..13 seconds.) Attacks interrupt an action. Does not interrupt attacking foes.;3;34;27;8;0;10;1;30;0;0;0;0;0;0;0;
1752;Weapon of Remedy;Waffe der Behebung;(8 seconds.) The next time target ally takes damage or life steal from a foe, this ally steals 20..80 Health from that foe and loses 2 conditions.;3;33;27;8;0;3;.25;3;0;0;1;0;0;0;0;
1753;Rending Sweep;Zerreißender Schwung;Deals +5..20 damage. You lose 1 Dervish enchantment. Removal effect: struck foes lose an enchantment.;3;41;9;10;0;0;0;0;6;0;0;0;0;0;0;
1754;Onslaught;Attacke;(3..15 seconds.) You attack, move and gain adrenaline 25% faster.;3;42;33;10;0;10;0;10;0;0;1;0;0;0;0;
1755;Mystic Corruption;Mystische Verdorbenheit;(20 seconds.) Initial Effect: all adjacent foes are Diseased (1..10 second[s].) Double duration if you are already enchanted. End Effect: party members in earshot lose Disease.;3;44;33;10;0;5;0;10;0;0;0;0;0;0;0;
1756;Grenth's Grasp;Grenths Griff;(20 seconds.) Inflicts Crippled (1..11 second[s]) with your attack skills and transfer 1..3 condition. No effect unless wielding a cold weapon.;3;42;33;10;0;5;0;10;0;0;1;0;0;0;0;
1757;Veil of Thorns;Dornenschleier;(5..25 seconds.) Spell damage is reduced by 5..35%. Initial Effect: nearby foes are struck for 5..50 piercing damage.;3;43;33;10;0;10;0;15;0;0;0;0;0;0;0;
1758;Harrier's Grasp;Griff des Läufers;(5..20 seconds.) Attacks on moving foes also Cripple them. Ends after you apply Cripple 1..3 times.  Initial Effect: you lose Cripple and 1 other condition.;3;42;33;10;0;10;0;15;0;0;0;0;0;0;0;
1759;Vow of Strength;Gelübde der Stärke;(15 seconds.) When you attack with a scythe, deals 10..25 slashing damage to adjacent foes.;3;43;23;10;0;5;.25;20;0;0;1;0;0;0;0;
1760;Ebon Dust Aura;Ebon-Staubaura;(30 seconds.) Deal +3..30 earth damage with your melee attacks. Initial Effect: Blinds nearby foes for 1..7 second[s]. End Effect: removes Blindness. No effect unless wielding an earth weapon.;3;43;33;10;0;10;0;20;0;0;1;0;0;0;0;
1761;Zealous Vow;Eifriges Gelübde;(20 seconds.) You gain 1..6 Energy each time you hit with an attack. You have -2 Energy regeneration.;3;42;23;10;0;5;.25;12;0;0;1;0;0;0;0;
1762;Heart of Fury;Herz der Wut;(2..10 seconds.) You attack 25% faster.;3;44;29;10;0;0;0;0;3.2;0;0;0;0;0;0;
1763;Zealous Renewal;Eifrige Erneuerung;(5..25 seconds.) Initial effect: deals 5..30 holy damage to nearby foes. You have -1 Energy regeneration and gain 1 Energy when you hit. Gain 1..5 Energy if this enchantment ends early.;3;44;33;10;0;5;0;10;0;0;0;0;0;0;0;
1764;Attacker's Insight;Einblick des Angreifers;(3..10 seconds.) Gives 50% block chance while attacking. End Effect: Causes Weakness 3..15 seconds to adjacent foes.;3;42;33;10;0;10;0;10;0;0;0;0;0;0;0;
1765;Rending Aura;Zerreißende Aura;(30 seconds.) Your attack skills remove enchantments from knocked-down foes. Initial effect: deals 10..40 cold damage to all nearby foes. End effect: nearby foes have Cracked Armor for 1..10 second[s].;3;42;33;10;0;10;0;10;0;0;0;0;0;0;0;
1766;Featherfoot Grace;Anmut des Federfußes;(5..20 seconds.) You move 25% faster, and conditions expire 50% faster.;3;42;23;10;0;10;.25;15;0;0;0;0;0;0;0;
1767;Reaper's Sweep;Schwung des Schnitters;(3..15 seconds.) Cause Cripple. Lose 1 Dervish enchantment. Removal Effect: cause knockdown for 2..3 seconds.;3;41;9;10;0;0;0;0;7;0;1;0;0;0;0;
1768;Harrier's Haste;Eile des Läufers;(2..8 seconds.) You move 25% faster and deal +3..12 damage to moving foes.;3;42;33;10;0;10;0;10;0;0;0;0;0;0;0;
1769;Focused Anger;Konzentrierter Zorn;(45 seconds.) You gain 0..150% more adrenaline.;3;40;1;9;0;10;0;60;0;0;1;0;0;0;0;
1770;Natural Temper;Natürliche Laune;(4..10 seconds.) You gain 33% more adrenaline. No effect if you are enchanted.;3;40;1;9;0;0;0;0;3;0;0;0;0;0;0;
1771;Song of Restoration;Gesang der Wiederherstellung;(10 seconds.) Party members in earshot gain 45..110 Health with their next skill.;3;39;13;9;0;10;1;10;0;0;1;0;0;0;0;
1772;Lyric of Purification;Lyrik der Läuterung;(5..20 seconds.) Allies in earshot lose one condition with their next signet.;3;39;13;9;0;5;1;10;0;0;0;0;0;0;0;
1773;Soldier's Fury;Wut des Soldaten;(10..35 seconds.) You attack 33% faster and gain 33% more adrenaline if under the effects of a shout or chant. You have -20 armor.;3;40;14;9;0;5;1;5;0;0;1;0;0;0;0;
1774;Aggressive Refrain;Aggressiver Refrain;(5..25 seconds.) You attack 25% faster. Renewal: whenever a chant or shout ends on you. You have -20 armor.;3;40;14;9;0;15;1;20;0;0;0;0;0;0;0;
1775;Energizing Finale;Energie bringendes Finale;(10..35 seconds.) Target ally gains 1..2 Energy whenever a shout or chant ends on that ally. Cannot target spirits.;3;39;14;9;0;10;1;5;0;0;0;0;0;0;0;
1776;Signet of Aggression;Siegel der Aggression;You gain 2 adrenaline if you are under the effects of a shout or chant.;3;-1;21;9;0;0;1;5;0;0;0;0;0;0;0;
1777;Remedy Signet;Heilmittel-Siegel;You lose one condition.;3;-1;21;9;0;0;1;4;0;0;0;0;0;0;0;
1778;Signet of Return;Siegel der Wiederkehr;Resurrects target party member (5..15% Health and 1..4% Energy for each party member in earshot).;3;40;21;9;0;0;5;5;0;0;0;0;0;0;0;
1779;"Make Your Time!";"Nehmt Euch Zeit!";You gain two adrenaline (maximum 1..8) for each party member in earshot.;3;40;20;9;0;10;0;10;0;0;0;0;0;0;0;
1780;"Can't Touch This!";"Darf nicht angerührt werden!";(20 seconds.) The next 1..5 touch-range skill[s] used against allies within earshot fail[s].;3;38;20;9;0;5;0;20;0;0;0;0;0;0;0;
1781;"Find Their Weakness!";"Findet ihren Schwachpunkt!";(5..20 seconds.) Target ally deals +5..50 damage and inflicts Deep Wound condition (5..20 seconds) with the next attack.;3;38;20;9;0;10;0;15;0;0;0;0;0;0;0;
1782;"The Power Is Yours!";"Die Macht ist Euer!";(2..4 seconds.) Allies within earshot gain 1..2 Energy regeneration.;3;39;20;9;0;0;0;0;4;0;1;0;0;0;0;
1783;Slayer's Spear;Speer des Würgers;Deals +5..25 damage. Inflicts Deep Wound condition (5..20 seconds) if target has more Health than you.;3;37;12;9;0;10;0;4;0;0;0;0;0;0;0;
1784;Swift Javelin;Schneller Speer;Deals +5..20 damage. This spear moves twice as fast and is unblockable if you are enchanted.;3;37;12;9;0;5;0;10;0;0;0;0;0;0;0;
1814;Lightbringer's Gaze;Blick des Lichtbringers;Target demonic servant of Abaddon takes 100 holy damage and is interrupted. Hits one additional foe in the area for each rank of Lightbringer you have attained. This skill is disabled (15 seconds).;3;-3;1;0;0;5;1;15;0;0;0;1;0;0;0;
1815;Lightbringer Signet;Lichtbringer-Siegel;You gain 4..5 strikes of adrenaline and 22..24 Energy if you are within the area of a demonic servant of Abaddon.;3;-3;21;0;0;0;.25;25;0;0;0;1;0;0;0;
1816;Sunspear Rebirth Signet;Sonnenspeer-Wiedergeburtssiegel;Resurrect target dead ally at your location (full Health and 10% Energy for each Sunspear Rank attained). This signet only recharges when you gain a morale boost.;3;-2;21;0;0;0;3;0;0;0;0;1;0;0;0;
1948;Shadow Sanctuary (Luxon);Schattenzuflucht (Luxon);(10 seconds.) You gain +7..10 Health regeneration and +40 armor. You are Blind (5 seconds).;2;-4;23;7;0;5;.25;30;0;0;0;1;0;0;0;
1949;Ether Nightmare (Luxon);Äther-Alptraum (Luxon);Causes 5..8 Energy loss. Target and foes in the area have -1 Health degeneration for each point of Energy lost (10 seconds).;2;-4;24;5;0;10;3;25;0;0;0;1;0;0;0;
1950;Signet of Corruption (Luxon);Siegel der Verdorbenheit (Luxon);Deals 20..30 damage to target and nearby foes. You gain 2 Energy (maximum 12..20) for each of these foes with a condition or hex.;2;-4;21;4;0;0;1;20;0;0;0;1;0;0;0;
1951;Elemental Lord (Luxon);Elementarlord (Luxon);(40..60 seconds.) Your elemental attributes are boosted by 1. Each time you cast a spell, you gain 1 energy for every 10 ranks of Energy Storage and are healed for 100..300% of the spell's Energy cost.;2;-4;23;6;0;5;.25;45;0;0;0;1;0;0;0;
1952;Selfless Spirit (Luxon);Selbstloser Geist (Luxon);(15..20 seconds.) Spells you cast that target another ally cost 3 less Energy.;2;-4;23;3;0;5;.25;45;0;0;0;1;0;0;0;
1953;Triple Shot (Luxon);Dreifachschuss (Luxon);Shoot 3 arrows simultaneously at target foe. These arrows deal 40..25% less damage;2;-4;2;2;0;10;0;10;0;0;0;1;0;0;0;
1954;"Save Yourselves!" (Luxon);"Rettet Euch selbst!" (Luxon);(4..6 seconds.) All other party members gain +100 armor.;2;-4;20;1;0;0;0;0;8;0;0;1;0;0;0;
1955;Aura of Holy Might (Luxon);Aura der Heiligen Macht (Luxon);(45 seconds.) Whenever you lose a Dervish enchantment, adjacent foes take 20..25 holy damage.;2;-4;23;10;0;10;.75;30;0;0;0;1;0;0;0;
1957;Spear of Fury (Luxon);Speer der Wut (Luxon);Deals +30..40 damage. Gain 3..6 strikes of adrenaline if you hit a foe with a condition.;2;-4;12;9;0;5;1;8;0;0;0;1;0;0;0;
1986;Vampiric Assault;Vampirangriff;Steals 10..40 Health if this attack hits. Must follow an off-hand attack.;4;30;7;7;0;5;0;8;0;0;0;0;0;0;0;
1987;Lotus Strike;Lotus-Stoß;Deals +10..25 damage. you gain 5..20 Energy. Must follow a lead attack.;4;29;6;7;0;10;0;12;0;0;0;0;0;0;0;
1988;Golden Fang Strike;Goldfangstoß;Inflicts Deep Wound condition (5..20 seconds) if you are enchanted. Must follow a lead attack.;4;29;6;7;0;5;0;4;0;0;0;0;0;0;0;
1990;Falling Lotus Strike;Fallender Lotus-Stoß;Deals +15..35 damage. you gain 1..12 Energy. No effect unless target foe is knocked-down.;4;29;6;7;0;5;0;8;0;0;0;0;0;0;0;
1991;Sadist's Signet;Siegel des Sadisten;You gain 10..45 Health for each condition on target foe.;4;30;21;7;0;0;1;8;0;0;0;0;0;0;0;
1992;Signet of Distraction;Siegel der Ablenkung;Interrupts a spell. Interruption effect: target foe's spell is disabled for 1..5 seconds for each signet you have equipped.;4;2;21;5;0;0;.25;15;0;0;0;0;0;0;0;
1993;Signet of Recall;Siegel der Zurückrufung;(6 seconds.) You have -4 Energy regeneration. End effect: you gain 13..20 Energy.;4;3;21;5;0;0;.25;20;0;0;0;0;0;0;0;
1994;Power Lock;Kraftsperre;Interrupts a spell or chant. Interruption effect: interrupted spell or chant is disabled for +5..13 seconds.;4;2;22;5;0;5;.25;20;0;0;0;0;0;0;0;
1995;Waste Not, Want Not;Spare in der Zeit ...;You gain 8..13 Energy if target foe is not attacking or casting a spell.;4;3;22;5;0;5;.25;15;0;0;0;0;0;0;0;
1996;Sum of All Fears;Summe aller Ängste;(1..10 second[s].) Target foe moves, attacks, and casts spells 33% slower.;4;1;24;5;0;10;1.5;10;0;0;0;0;0;0;0;
1997;Withering Aura;Verkümmernde Aura;(5..20 seconds.) Target ally's melee attacks cause Weakness condition (5..20 seconds.);4;5;23;4;0;5;1;3;0;0;0;0;0;0;0;
1998;Cacophony;Kakophonie;(15 seconds.) Deals 30..105 damage whenever target foe uses a shout or chant.;4;7;24;4;0;10;1;15;0;0;0;0;0;0;0;
1999;Winter's Embrace;Umarmung des Winters;(2..6 seconds.) Target foe moves 66% slower and takes 5..15 damage while moving.;4;11;24;6;0;10;.75;15;0;0;0;0;0;0;0;
2000;Earthen Shackles;Irdene Fesseln;(3 seconds.) Target and nearby foes move 90% slower. Applies Weakness for 5..20 seconds when it ends.;4;9;24;6;0;10;1;15;0;0;0;0;0;0;0;
2001;Ward of Weakness;Kreis der Schwäche;(5..20 seconds). Inflicts Weakened condition (5..20 seconds) to any foes that take elemental damage in this ward.;4;9;26;6;0;5;1;20;0;0;0;0;0;0;0;
2002;Glyph of Swiftness;Glyphe der Schnelligkeit;(15 seconds.) Your next 1..5 spell[s] recharge 25% faster and projectiles from them move 200% faster.;4;8;16;6;0;5;1;10;0;0;0;0;0;0;0;
2003;Cure Hex;Verhexung heilen;Removes a Hex. Removal effect: Heals for 30..100.;4;13;22;3;0;5;1;12;0;0;0;0;0;0;0;
2004;Smite Condition;Zustand zerschlagen;Removes a condition. Removal effect: deals 10..60 holy damage to foes in the area of target ally.;4;14;22;3;0;5;1;7;0;0;0;0;0;0;0;
2005;Smiter's Boon;Segen des Peinigers;(30 seconds.) Your Smiting Prayers have double Divine Favor healing bonus.;4;16;23;3;0;5;.25;10;0;0;0;0;0;0;0;
2006;Castigation Signet;Geißelungs-Siegel;Deals 26..56 holy damage. You gain 1..10 Energy if target foe is attacking.;4;14;21;3;0;0;1;20;0;0;0;0;0;0;0;
2007;Purifying Veil;Reinigender Schleier;Conditions expire 5..50% faster on target ally. End effect: removes a condition.;4;15;23;3;-1;5;1;6;0;0;0;0;0;0;0;
2008;Pulverizing Smash;Zermalmender Schlag;Inflicts Weakness and Deep Wound conditions (5..20 seconds) if target foe is knocked-down.;4;19;8;1;0;0;0;0;3.2;0;0;0;0;0;0;
2009;Keen Chop;Verwegener Hieb;Always a critical hit.;4;18;4;1;0;0;0;0;3;0;0;0;0;0;0;
2010;Knee Cutter;Knieschneider;You gain 2..7 Energy and 1..3 adrenaline if target foe is Crippled.;4;20;10;1;0;0;0;1;4.8;0;0;0;0;0;0;
2011;Grapple;Raufen;Touch Skill. Causes knockdown. You are also knocked down. Your current stance ends.;4;-1;1;1;0;5;.75;8;0;0;0;0;0;0;0;
2012;Radiant Scythe;Strahlende Sense;Deals +1 damage (maximum 5..30) for each point of Energy you have. Gain 1..7 Energy.;4;41;9;10;0;0;0;0;6;0;0;0;0;0;0;
2013;Grenth's Aura;Grenths Aura;(20 seconds.) You deal 5..25 less damage and steal 5..25 Health when you hit with a scythe. Initial effect: steal 5..25 Health from all adjacent foes.;4;42;33;10;0;10;0;10;0;0;0;0;0;0;0;
2014;Signet of Pious Restraint;Siegel der frommen Zurückhaltung;Inflicts Crippled condition (5..15 seconds). Remove one of your Dervish enchantments. Removal effect: also causes Cripple to foes in the area of your target and recharges 75% faster.;4;42;21;10;0;0;1;10;0;0;0;0;0;0;0;
2015;Farmer's Scythe;Sense des Bauern;Deals +5..20 damage. Instant recharge if you hit more than one foe.;4;41;9;10;0;5;0;12;0;0;0;0;0;0;0;
2016;Energetic Was Lee Sa;Energisch war Lee Sa;(5..15 seconds.) You have +2 Energy regeneration. Drop effect: you gain +1..10 Energy.;4;36;25;8;0;10;2;20;0;0;0;0;0;0;0;
2017;Anthem of Weariness;Hymne der Müdigkeit;(8 seconds.) Allies in earshot inflict Weakness (1..16 second[s]) with their next attack skill.;4;38;13;9;0;5;1;10;0;0;0;0;0;0;0;
2018;Anthem of Disruption;Hymne der Störung;(1..10 seconds.) Allies in earshot interrupt an action with their next attack skill.;4;38;13;9;0;10;1;15;0;0;0;0;0;0;0;
2051;Summon Spirits (Luxon);Geister herbeirufen (Luxon);Spirits you control Shadow Step to your location and gain 60..100 Health.;2;-4;22;8;0;5;.25;5;0;0;0;1;0;0;0;
2052;Shadow Fang;Schattenfangzahn;Shadow Step to target foe. End effect after 10 seconds: inflicts Deep Wound condition (5..20 seconds). you return to your original location.;4;30;24;7;0;10;.25;20;0;0;0;0;0;0;0;
2053;Calculated Risk;Kalkuliertes Risiko;Target foe does +10 damage with attacks (3..24 seconds). There is a 50% chance that the damage from each attack (maximum 15..100) will be done to that foe instead.;4;1;24;5;0;5;1;7;0;0;0;0;0;0;0;
2054;Shrinking Armor;Schrumpfende Rüstung;(10 seconds.) Causes -1..4 Health degeneration. End effect: inflicts Cracked Armor condition (5..20 seconds).;4;1;24;5;0;5;1;8;0;0;0;0;0;0;0;
2055;Aneurysm;Aneurysma;Target foe regains all Energy. For each point of Energy gained, target takes 1..3 damage and all adjacent foes lose 1 Energy (maximum 1..30).;4;2;22;5;0;5;1;5;0;0;0;0;0;0;0;
2056;Wandering Eye;Wanderndes Auge;(4 seconds.) Interrupts target foe's next attack. Interruption effect: 30..110 damage to nearby foes.;4;1;24;5;0;5;2;12;0;0;0;0;0;0;0;
2057;Foul Feast;Widerliches Gelage;Transfers all conditions from target ally to yourself. You gain 0..45 Health and 0..2 Energy for each condition transferred. Half recharge if you remove Disease. Cannot self-target.;4;6;22;4;0;5;.25;4;0;0;0;0;0;0;0;
2058;Putrid Bile;Verwesende Galle;(5..20 seconds.) Causes -1..3 Health degeneration. Deals 25..85 damage to all nearby foes if target foe dies.;4;5;24;4;0;10;1;12;0;0;0;0;0;0;0;
2059;Shell Shock;Kriegsneurose;Deals 10..30 lightning damage. Inflicts Cracked Armor condition (5..20 seconds). 25% armor penetration. If Overcast, strikes adjacent.;4;8;22;6;0;5;1;8;0;0;0;0;0;0;0;
2060;Glyph of Immolation;Glyphe der Aufopferung;(15 seconds.) Your next 1..4 spell[s] that target[s] a foe also inflict[s] Burning condition (1..4 second[s]).;4;10;16;6;0;5;1;10;0;0;0;0;0;0;0;
2061;Patient Spirit;Geduldiger Geist;(2 seconds.) End effect: heals for 30..120. No effect if ends early.;4;13;23;3;0;5;.25;4;0;0;0;0;0;0;0;
2062;Healing Ribbon;Heilendes Band;Heals for 20..110. Heals two additional allies near target ally for 10..100. Cannot self-target.;4;13;22;3;0;10;1;5;0;0;0;0;0;0;0;
2063;Aura of Stability;Aura der Stabilität;(3..8 seconds.) Target ally cannot be knocked-down. Cannot self-target.;4;15;23;3;0;5;.25;12;0;0;0;0;0;0;0;
2064;Spotless Mind;Makelloser Verstand;(1..15 seconds.) Removes a hex every 5 seconds. Cannot self-target.;4;13;23;3;0;5;.25;12;0;0;0;0;0;0;0;
2065;Spotless Soul;Makellose Seele;(1..15 seconds.) Removes a condition every 3 seconds. Cannot self-target.;4;13;23;3;0;5;.25;12;0;0;0;0;0;0;0;
2066;Disarm;Entwaffnen;Interrupts target foe. Interruption effect: disables this foe's attack skills (0..3 second[s]) if that action was an attack.;4;17;10;1;0;5;.5;20;0;0;0;0;0;0;0;
2067;"I Meant to Do That!";"Das war Absicht!";You gain 1..6 strikes of adrenaline if you are knocked-down.;4;17;20;1;0;5;0;8;0;0;0;0;0;0;0;
2068;Rapid Fire;Schnellfeuer;(5..25 seconds.) You attack 33% faster while wielding a bow.;4;25;17;2;0;5;2;12;0;0;0;0;0;0;0;
2069;Sloth Hunter's Shot;Schuss des Faultierjägers;Deals +10..25 damage. Deals +10..35 more damage if target foe is not using a skill.;4;25;2;2;0;10;0;8;0;0;0;0;0;0;0;
2070;Aura Slicer;Auraschneider;(5..15 seconds.)Inflicts Bleeding condition. Also inflicts Cracked Armor (1..10 second[s]) if you are enchanted.;4;44;3;10;0;0;0;0;3.2;0;0;0;0;0;0;
2071;Zealous Sweep;Eifriger Schwung;Deals +5..20 damage. You gain 3 Energy and 1 adrenaline for each foe you hit.;4;41;9;10;0;5;0;10;0;0;0;0;0;0;0;
2072;Pure Was Li Ming;Rein war Li Ming;(5..20 seconds.) Conditions on you expire 10..50% faster. Drop effect: removes 1..4 condition[s] from allies in earshot.;4;33;25;8;0;5;1;20;0;0;0;0;0;0;0;
2073;Weapon of Aggression;Waffe der Aggression;(5..15 seconds.) You attack 25% faster.;4;34;27;8;0;10;.25;10;0;0;0;0;0;0;0;
2074;Chest Thumper;Brusttrommler;Inflicts Deep Wound condition (5..20 seconds) if target foe has Cracked Armor.;4;37;12;9;0;5;0;5;0;0;0;0;0;0;0;
2075;Hasty Refrain;Hastiger Refrain;(3..15 seconds.) Target ally moves 25% faster. Renewal: every time a chant or shout ends on this ally.;4;40;14;9;0;5;1;10;0;0;0;0;0;0;0;
2091;Shadow Sanctuary (Kurzick);Schattenzuflucht (Kurzick);(10 seconds.) You gain +7..10 Health regeneration and +40 armor. You are Blind (5 seconds).;2;-5;23;7;0;5;.25;30;0;0;0;1;0;0;0;
2092;Ether Nightmare (Kurzick);Äther-Alptraum (Kurzick);Causes 5..8 Energy loss. Target and foes in the area have -1 Health degeneration for each point of Energy lost (10 seconds).;2;-5;24;5;0;10;3;25;0;0;0;1;0;0;0;
2093;Signet of Corruption (Kurzick);Siegel der Verdorbenheit (Kurzick);Deals 20..30 damage to target and nearby foes. You gain 2 Energy (maximum 12..20) for each of these foes with a condition or hex.;2;-5;21;4;0;0;1;20;0;0;0;1;0;0;0;
2094;Elemental Lord (Kurzick);Elementarlord (Kurzick);(40..60 seconds.) Your elemental attributes are boosted by 1. Each time you cast a spell, you gain 1 energy for every 10 ranks of Energy Storage and are healed for 100..300% of the spell's Energy cost.;2;-5;23;6;0;5;.25;45;0;0;0;1;0;0;0;
2095;Selfless Spirit (Kurzick);Selbstloser Geist (Kurzick);(15..20 seconds.) Spells you cast that target another ally cost 3 less Energy.;2;-5;23;3;0;5;.25;45;0;0;0;1;0;0;0;
2096;Triple Shot (Kurzick);Dreifachschuss (Kurzick);Shoot 3 arrows simultaneously at target foe. These arrows deal 40..25% less damage;2;-5;2;2;0;10;0;10;0;0;0;1;0;0;0;
2097;"Save Yourselves!" (Kurzick);"Rettet Euch selbst!" (Kurzick);(4..6 seconds.) All other party members gain +100 armor.;2;-5;20;1;0;0;0;0;8;0;0;1;0;0;0;
2098;Aura of Holy Might (Kurzick);Aura der Heiligen Macht (Kurzick);(45 seconds.) Whenever you lose a Dervish enchantment, adjacent foes take 20..25 holy damage.;2;-5;23;10;0;10;.75;30;0;0;0;1;0;0;0;
2099;Spear of Fury (Kurzick);Speer der Wut (Kurzick);Deals +30..40 damage. Gain 3..6 strikes of adrenaline if you hit a foe with a condition.;2;-5;12;9;0;5;1;8;0;0;0;1;0;0;0;
2100;Summon Spirits (Kurzick);Geister herbeirufen (Kurzick);Spirits you control Shadow Step to your location and gain 60..100 Health.;2;-5;22;8;0;5;.25;5;0;0;0;1;0;0;0;
2101;Critical Agility;Kritische Beweglichkeit;(4 seconds plus 1 second for each rank of Critical Strikes.) You attack 33% faster and gain +15..25 armor. Renewal: every time you land a critical hit.;3;-2;23;7;0;5;1;30;0;0;0;1;0;0;0;
2102;Cry of Pain;Schmerzensschrei;Interrupts a skill. If target foe had a Mesmer hex, deals 25..50 damage to target and foes in the area and causes 3..5 Health degeneration (10 seconds).;3;-2;22;5;0;10;.25;15;0;0;0;1;0;0;0;
2103;Necrosis;Nekrose;Deals 60..90 damage if target foe has a condition or hex.;3;-2;1;4;0;5;1;2;0;0;0;1;0;0;0;
2104;Intensity;Intensität;(10 seconds.) The next time you deal elemental damage with a spell, other targets in the area take 60..70% of that damage.;3;-2;1;6;0;5;0;10;0;0;0;1;0;0;0;
2105;Seed of Life;Lebenssaat;(2..5) seconds. Heals party members for 2 for each rank in Divine Favor whenever target takes damage. Cannot self target.;3;-2;23;3;0;5;.25;20;0;0;0;1;0;0;0;
2107;Whirlwind Attack;Wirbelsturmangriff;Deals +13..20 damage to target and adjacent foes.;3;-2;3;1;0;0;0;1;5.2;0;0;1;0;0;0;
2108;Never Rampage Alone;Tobt niemals allein;(18..25 seconds.) You and your pet attack 25% faster and have +1..3 Health regeneration.;3;-2;1;2;0;15;0;20;0;0;0;1;0;0;0;
2109;Eternal Aura;Ewige Aura;You have +100 max Health. End effect: all party members in the area are resurrected with 40..50% Health and 20..30% Energy.;3;-2;23;10;0;15;4;30;0;0;0;1;0;0;0;
2110;Vampirism;Vampirismus;Creates a level 4..14 spirit (lifespan 75..150 seconds). Its attacks steal 10..20 Health, and you are healed for 10..20.;3;-2;18;8;0;10;.75;30;0;0;0;1;0;0;0;
2112;"There's Nothing to Fear!";"Es gibt nichts zu befürchten!";(4 seconds plus 1 second for every 2 ranks in Leadership.) Reduces damage by 20..35% for party members in earshot. End effect: heals for 35..60 Health.;3;-2;20;9;0;15;0;20;0;0;0;1;0;0;0;
2116;Sneak Attack;Überraschungsangriff;Inflicts Blindness (5..8 seconds). Counts as a lead attack.;4;-8;3;0;0;5;0;5;0;0;0;1;0;0;0;
2135;Trampling Ox;Trampelnder Ochse;Deals +5..20 damage. causes knock-down if target foe is Crippled. Must follow an off-hand attack.;4;29;7;7;0;5;0;8;0;0;0;0;0;0;0;
2136;Smoke Powder Defense;Rauchpulver-Verteidigung;(8 seconds.) The next time you are struck, you take half damage and inflict Blindness condition (2..6 seconds) on adjacent foes.;4;31;29;7;0;5;0;20;0;0;0;0;0;0;0;
2137;Confusing Images;Verwirrende Bilder;(2..10 seconds). Target foe takes twice as long to activate non-attack skills.;4;1;24;5;0;10;1;20;0;0;0;0;0;0;0;
2138;Hexer's Vigor;Lebenskraft des Verhexers;(10 seconds.) You have +1..8 Health regeneration. Ends if you use a non-hex skill.;4;6;23;4;0;5;.25;10;0;0;0;0;0;0;0;
2139;Masochism;Masochismus;(10..40 seconds.) You have +2 Death Magic and Soul Reaping. Sacrifice 5..3% Health when you cast a spell.;4;6;23;4;0;5;1;20;0;0;0;0;0;0;0;
2140;Piercing Trap;Durchbohrende Falle;(90 seconds.) Affects nearby foes. Deals 5..50 piercing damage. Deals 15..60 more damage to any foes with Cracked Armor. Easily interrupted.;4;24;30;2;0;10;2;30;0;0;0;0;0;0;0;
2141;Companionship;Kameradschaft;Heals you for 30..120 if you have less Health than your pet. Heals your pet for 30..120 if it has less Health than you.;4;22;1;2;0;5;2;10;0;0;0;0;0;0;0;
2142;Feral Aggression;Wilde Aggression;(5..20 seconds.) Your pet attacks 33% faster and deals +3..10 damage.;4;22;1;2;0;15;0;20;0;0;0;0;0;0;0;
2143;Disrupting Shot;Unterbrechender Schuss;Interrupts an action. Interruption effect: +10..40 damage if you interrupt a skill.;4;25;2;2;0;10;.5;15;0;0;0;0;0;0;0;
2144;Volley;Salve;Deals +1..10 damage. Hits up to 3 foes adjacent to your target. All your preparations are removed.;4;25;2;2;0;5;0;2;0;0;0;0;0;0;0;
2145;Expert Focus;Expertenfokus;(24 seconds.) Your bow attack skills cost 1..2 less Energy and do +1..10 damage.;4;23;17;2;0;10;2;12;0;0;0;0;0;0;0;
2146;Pious Fury;Frommer Zorn;(1..7 second[s].)You attack 25% faster and remove 1 of your Dervish enchantments. Removal effect: this stance lasts twice as long.;4;44;29;10;0;5;0;10;0;0;0;0;0;0;0;
2147;Crippling Victory;Verkrüppelnder Sieg;(3..8 seconds) Cripples target foe. If your health is greater than target foe's, all adjacent foes take 10..30 earth damage.;4;41;9;10;0;0;0;0;6;0;0;0;0;0;0;
2148;Sundering Weapon;Trennende Waffe;(4..10 seconds.) Target ally's next 3 attacks inflict Cracked Armor condition (5..20 seconds) and have 10% armor penetration.;4;32;27;8;0;5;1;10;0;0;0;0;0;0;0;
2149;Weapon of Renewal;Waffe der Erneuerung;(5..20 seconds.) Target ally gains 1..7 Energy the next time this ally hits with an attack skill.;4;36;27;8;0;5;1;10;0;0;0;0;0;0;0;
2150;Maiming Spear;Verkrüppelungs-Speer;Inflicts Crippled condition (5..20 seconds) if target foe is Bleeding.;4;37;12;9;0;5;0;5;0;0;0;0;0;0;0;
2186;Signet of Deadly Corruption;Siegel der tödlichen Verdorbenheit;Deals 5..35 damage (maximum 130) for each condition on target foe.;4;30;21;7;0;0;1;12;0;0;0;0;0;0;0;
2187;Way of the Master;Weg des Meisters;(60 seconds.) While holding a non-dagger weapon, you have +3..33% chance to land a critical hit.;4;35;23;7;0;5;.25;30;0;0;0;0;0;0;0;
2188;Defile Defenses;Verteidigung entweihen;(5..20 seconds.) Deals 30..120 damage the next time target foe blocks.;4;7;24;4;0;5;1;5;0;0;0;0;0;0;0;
2189;Angorodon's Gaze;Angorodons Starren;Steals 10..50 Health. You gain 3..12 Energy if you have a condition.;4;6;22;4;0;5;1;10;0;0;0;0;0;0;0;
2190;Magnetic Surge;Magnetschub;Deals 15..75 damage. If you are Overcast, allies in earshot are enchanted for 1..5 and block the next attack against them.;4;9;23;6;0;10;1;15;0;0;0;0;0;0;0;
2191;Slippery Ground;Rutschiger Boden;Causes knock-down if this foe is Blind or moving. Affects foes adjacent to your target. 50% failure chance unless Water Magic greater than 4.;4;11;22;6;0;5;1;10;0;0;0;0;0;0;0;
2192;Glowing Ice;Leuchtendes Eis;Deals 5..50 cold damage. You gain 5 Energy plus 1 Energy for every 2 ranks of Energy Storage if target foe is hexed with Water Magic.;4;11;22;6;0;5;1;8;0;0;0;0;0;0;0;
2193;Energy Blast;Energieexplosion;Deals 1..2 damage (maximum 130) for each point of Energy you have.;4;12;22;6;0;5;1.5;20;0;0;0;0;0;0;0;
2194;Distracting Strike;Ablenkender Stoß;Interrupts an action. Interruption effect: Disables interrupted skill (30 seconds) if target foe has Cracked Armor. Deals no damage.;4;-1;3;1;0;5;.5;15;0;0;0;0;0;0;0;
2195;Symbolic Strike;Symbolischer Schlag;Deals +12 damage (maximum 70) for each signet you have equipped.;4;-1;3;1;0;0;0;0;3.2;0;0;0;0;0;0;
2196;Soldier's Speed;Geschwindigkeit des Soldaten;(3..18 seconds.) You move 15% faster and an additional 15% while affected by a chant or shout.;4;21;29;1;0;5;0;12;0;0;0;0;0;0;0;
2197;Body Blow;Körperschlag;Deals +10..40 damage. Inflicts Deep Wound (0..15 second[s]) if target foe has Cracked Armor.;4;17;3;1;0;0;0;0;6.4;0;0;0;0;0;0;
2198;Body Shot;Körperschuss;Deals +5..20 damage. You gain 5..10 Energy if target foe has Cracked Armor.;4;25;2;2;0;5;0;8;0;0;0;0;0;0;0;
2199;Poison Tip Signet;Giftspitzen-Siegel;(60 seconds.) Inflicts Poisoned condition (8..15 seconds) with your next attack.;4;24;21;2;0;0;1;6;0;0;0;0;0;0;0;
2200;Signet of Mystic Speed;Siegel der mystischen Geschwindigkeit;(30 seconds.) Your next 1..3 self-targeted enchantments cast instantly. Flash enchantments do not consume uses of this skill.;4;42;21;10;0;0;1;20;0;0;0;0;0;0;0;
2201;Shield of Force;Kraftschild;(1..16 second[s].) Blocks the next 1 attack against you. Knocks down and inflicts Weakness (5..20 seconds) on all adjacent attacking foes.;4;43;33;10;0;10;0;12;0;0;0;0;0;0;0;
2202;Mending Grip;Genesungsgriff;Heals for 20..80. Removes one condition if target ally is under a Weapon spell.;4;33;22;8;0;5;1;4;0;0;0;0;0;0;0;
2203;Spiritleech Aura;Geistsauger-Aura;(5..20 seconds.) All of your spirits within earshot deal 5..20 less damage and steal 5..20 Health when they attack.;4;33;1;8;0;5;.25;20;0;0;0;0;0;0;0;
2204;Rejuvenation;Verjüngung;Creates a level 1..20 spirit (30..90 second lifespan). Heals party members in earshot for 3..10 each second. Healing cost: this spirit loses 3..10 Health.;4;33;18;8;0;10;.75;30;0;0;0;0;0;0;0;
2205;Agony;Todesqual;Creates a level 1..12 spirit (30..90 second lifespan). Causes 3..10 Health loss each second to foes in earshot. This spirit loses 3..10 Health for each foe that loses Health.;4;34;18;8;0;10;.75;30;0;0;0;0;0;0;0;
2206;Ghostly Weapon;Geisterwaffe;(5..20 seconds.) Target ally's next attack is unblockable. Cannot self-target.;4;32;27;8;0;3;.25;1;0;0;0;0;0;0;0;
2207;Inspirational Speech;Inspirative Rede;Target ally gains 1..8 strike[s] of adrenaline. Cannot self-target. You lose all adrenaline.;4;39;1;9;0;5;0;10;0;0;0;0;0;0;0;
2208;Burning Shield;Brennender Schild;(3..9 seconds.) Blocks the next attack skill against you. Inflicts Burning condition (1..6 second[s]) if it was a melee attack. No effect unless you are wielding a shield.;4;40;1;9;0;5;0;20;0;0;0;0;0;0;0;
2209;Holy Spear;Heiliger Speer;Deals +5..20 damage. Deals 15..90 holy damage and inflicts Burning condition (3 seconds) to nearby foes if you hit a summoned creature.;4;37;12;9;0;0;0;0;4;0;0;0;0;0;0;
2210;Spear Swipe;Speerschlag;Spear Melee Attack. Deals +5..20 damage and inflicts Dazed condition (4..10 seconds). This attack has melee range.;4;40;12;9;0;5;0;20;0;0;0;0;0;0;0;
2211;Alkar's Alchemical Acid;Alkars Alchemiesäure;Projectile: deals 40..50 damage to target and adjacent foes. Deals 45..70 more damage and inflicts Cracked Armor condition (14..20 seconds) to Destroyers.;4;-7;22;0;0;10;1;10;0;0;0;1;0;0;0;
2212;Light of Deldrimor;Licht von Deldrimor;Deals 55..80 holy damage to foes in the area. Pings hidden objects within the area on the compass.;4;-7;22;0;0;5;.75;20;0;0;0;1;0;0;0;
2213;Ear Bite;Ohrenbiss;Touch Skill. Deals 50..70 piercing damage and inflicts Bleeding condition (15..25 seconds).;4;-7;1;0;0;0;.75;0;4;0;0;1;0;0;0;
2214;Low Blow;Unter der Gürtellinie;Touch Skill. Deals 45..70 damage. Inflicts 30..50 damage and Cracked Armor (14..20 seconds) if target foe is knocked down.;4;-7;1;0;0;0;.75;0;6;0;0;1;0;0;0;
2215;Brawling Headbutt;Rauf-Kopfstoß;Touch Skill. Deals 45..70 damage. causes knock-down.;4;-7;1;0;0;0;.75;0;7;0;0;1;0;0;0;
2216;"Don't Trip!";"Stolpert nicht!";(3..5 seconds.) Prevents knock-down. affects party members within earshot.;4;-7;20;0;0;5;0;20;0;0;0;1;0;0;0;
2217;"By Ural's Hammer!";"Bei Urals Hammer!";(30 seconds.) Resurrect all dead party members in earshot with full Health and Energy. Affected party members deal 25..33% more damage. Affected party members die when it ends, but do not receive a death penalty.;4;-7;20;0;0;5;0;60;0;0;0;1;0;0;0;
2218;Drunken Master;Betrunkener Meister;(72..90 seconds.) You move and attack 10..15% faster if you are not drunk. You move and attack 25..33% faster if you are drunk.;4;-7;29;0;0;5;0;60;0;0;0;1;0;0;0;
2219;Great Dwarf Weapon;Waffe des Großen Zwergs;(20 seconds.) +15..20 weapon damage and 28..40% chance to cause knock-down with attacks. Cannot self-target.;4;-7;27;0;0;10;1;5;0;0;0;1;0;0;0;
2220;Great Dwarf Armor;Rüstung des Großen Zwergs;(22..40 seconds.) +24 armor and +60 maximum Health. Additional +24 armor against Destroyers.;4;-7;23;0;0;5;1;10;0;0;0;1;0;0;0;
2221;Breath of the Great Dwarf;Atem des Großen Zwergs;Removes burning and heals for 50..60 Health. Affects party members.;4;-7;22;0;0;10;.25;15;0;0;0;1;0;0;0;
2222;Snow Storm;Schneesturm;Deals 30..40 cold damage each second (5 seconds). Hits foes adjacent to target foe's initial location.;4;-7;22;0;0;10;1;10;0;0;0;1;0;0;0;
2223;Black Powder Mine;Schwarzpulvermine;(90 seconds.) Affects nearby foes. Deals 20..30 damage. Inflicts Blindness and Bleeding conditions (7..10 seconds). Easily interrupted.;4;-7;30;0;0;10;2;20;0;0;0;1;0;0;0;
2224;Summon Mursaat;Mursaat herbeirufen;Summon a level 14..20 Mursaat (40..60 lifespan) that has Enervating Charge. Only 1 Asura Summon can be active a time.;4;-6;22;0;0;10;3;60;0;0;0;1;0;0;0;
2225;Summon Ruby Djinn;Rubin-Dschinn herbeirufen;Summon a level 14..20 Ruby Djinn (40..60 lifespan) that has Immolate. Only 1 Asura Summon can be active a time.;4;-6;22;0;0;10;3;60;0;0;0;1;0;0;0;
2226;Summon Ice Imp;Eis-Kobold herbeirufen;Summon a level 14..20 Ice Imp (40..60 lifespan) that has Ice Spikes. Only 1 Asura Summon can be active a time.;4;-6;22;0;0;10;3;60;0;0;0;1;0;0;0;
2227;Summon Naga Shaman;Naga-Schamanen herbeirufen;Summon a level 14..20 Naga Shaman (40..60 lifespan) that has Stoning. Only 1 Asura Summon can be active a time.;4;-6;22;0;0;10;3;60;0;0;0;1;0;0;0;
2228;Deft Strike;Geschickter Schlag;Deals 18..30 damage. Inflicts Bleeding condition (18..30 seconds) if target foe has Cracked Armor.;4;-8;31;0;0;5;.5;8;0;0;0;1;0;0;0;
2229;Signet of Infection;Siegel der Infektion;Inflicts Diseased condition 13..20 seconds if target foe is Bleeding.;4;-8;21;0;0;0;1;10;0;0;0;1;0;0;0;
2230;Tryptophan Signet;Tryptophan-Siegel;(14..20 seconds.) Target and adjacent foes move and attack 23..40% slower.;4;-8;21;0;0;0;1;15;0;0;0;1;0;0;0;
2231;Ebon Battle Standard of Courage;Ebon-Kampfstandarte des Mutes;(14..20 seconds.) Allies in this ward have +24 armor and +24 more armor against Charr. Spirits are unaffected.;4;-8;26;0;0;10;1;20;0;0;0;1;0;0;0;
2232;Ebon Battle Standard of Wisdom;Ebon-Kampfstandarte der Weisheit;(14..20 seconds.) Spells that allies in this ward cast have a 44..60% chance to recharge 50% faster. Spirits are unaffected.;4;-8;26;0;0;10;1;20;0;0;0;1;0;0;0;
2233;Ebon Battle Standard of Honor;Ebon-Kampfstandarte der Ehre;(14..20 seconds.) Allies in this ward deal +8..15 damage and +7..10 more damage against Charr. Spirits are unaffected.;4;-8;26;0;0;10;1;20;0;0;0;1;0;0;0;
2234;Ebon Vanguard Sniper Support;Ebon-Vorhut-Heckenschützen-Unterstützung;Deals 54..90 piercing damage and inflicts Bleeding condition (5..25 seconds). 10% chance of +540..900 piercing damage. 25% chance of +540..900 piercing damage if target foe is a Charr.;4;-8;22;0;0;10;1;15;0;0;0;1;0;0;0;
2235;Ebon Vanguard Assassin Support;Ebon-Vorhut-Assassinen-Unterstützung;Summon a level 14..20 assassin that has Iron Palm, Fox Fangs, and Nine Tail Strike. it Shadow Steps to this foe. If this foe is a Charr, the assassin lives for 24..30 seconds. If target foe is not a Charr, the Assassin lives for 12..15 seconds.;4;-8;22;0;0;10;1;30;0;0;0;1;0;0;0;
2236;Well of Ruin;Brunnen des Ruins;(5..30 seconds.) Inflicts Cracked Armor condition (5..20 seconds) to any foe in the well that takes physical damage. Exploits a fresh corpse or sacrifices 66% health.;4;7;28;4;0;10;1;20;0;0;0;0;0;0;0;
2237;Atrophy;Schwund;(3..7 seconds.) Reduces this foe's primary attribute to 0.;4;7;24;4;0;10;1;20;0;0;0;0;0;0;0;
2238;Spear of Redemption;Speer der Erlösung;Deals +5..20 damage. If it fails to hit, you lose one condition.;4;37;12;9;0;0;0;0;3;0;0;0;0;0;0;
2353;"Finish Him!";"Erledigt ihn!";Deals 44..80 damage and inflicts Cracked Armor and Deep Wound conditions (12..20 seconds). No effect unless target foe has less than 50% Health.;4;-9;20;0;0;10;0;15;0;0;0;1;0;0;0;
2354;"Dodge This!";"Weicht aus!";(16..20 seconds.) Your next attack is unblockable and deals +14..20 damage.;4;-9;20;0;0;0;0;0;4;0;0;1;0;0;0;
2355;"I Am the Strongest!";Ich bin am stärksten!;Your next 5..8 attacks deal +14..20 damage.;4;-9;20;0;0;5;0;20;0;0;0;1;0;0;0;
2356;"I Am Unstoppable!";"Ich bin unaufhaltbar!";(16..20 seconds.) You have +24 armor and cannot be knocked-down or Crippled.;4;-9;20;0;0;5;0;30;0;0;0;1;0;0;0;
2357;A Touch of Guile;Ein Funken Arglist;Touch Hex Spell. Deals 44..80 damage. Target foe cannot attack (5..8 seconds) if it was knocked-down.;4;-9;24;0;0;5;.75;15;0;0;0;1;0;0;0;
2358;"You Move Like a Dwarf!";"Ihr bewegt Euch wie ein Zwerg!";Deals 44..80 damage, causes knock-down, and inflicts Crippled condition (8..15 seconds).;4;-9;20;0;0;10;0;10;0;0;0;1;0;0;0;
2359;"You Are All Weaklings!";"Ihr seid alle Schwächlinge!";Inflicts Weakness condition (8..12 seconds). Also affects adjacent foes.;4;-9;20;0;0;5;0;12;0;0;0;1;0;0;0;
2360;Feel No Pain;Den Schmerz nicht spüren;(30 seconds.) You have +2..3 Health regeneration. You have +200..300 maximum Health if you are drunk when activating this skill.;4;-9;1;0;0;5;0;20;0;0;0;1;0;0;0;
2361;Club of a Thousand Bears;Tausend-Bären-Prügel;Deals +6..9 damage for each adjacent foe (maximum 60 damage). Causes knock-down if target foe is non-human.;4;-9;3;0;0;5;0;12;0;0;0;1;0;0;0;
2374;Ursan Blessing;Segen der Bärin;You lose all effects and take on the aspect of the bear (60 seconds). All your attributes are set to 0 and bear attacks replace your skills, and you have 100 armor and 750..800 Health.;4;-9;15;0;0;10;0;60;0;0;1;1;0;0;0;
2379;Volfen Blessing;Segen des Wolfes;You lose all effects and take on the aspect of the wolf (60 seconds). All your attributes are set to 0 and wolf attacks replace your skills, and you have 80 armor, 660..700 Health and 2..4 Health regeneration.;4;-9;15;0;0;10;0;60;0;0;1;1;0;0;0;
2384;Raven Blessing;Segen des Raben;You lose all effects and take on the aspect of the Raven (60 seconds). All your attributes are set to 0 and raven attacks replace your skills, and you have 80 armor, 660..700 Health, and a 20..30% block chance.;4;-9;15;0;0;10;0;60;0;0;1;1;0;0;0;
2411;Mindbender;Geistbrecher;(10..16 seconds.) You move 20..33% faster and cast Spells 20% faster.;4;-6;23;0;0;5;1;24;0;0;0;1;0;0;0;
2412;Smooth Criminal;Durchtriebener Krimineller;(10..20 seconds.) Disables one Spell. This skill becomes that Spell. You gain 5..10 Energy.;4;-6;22;0;0;5;1;20;0;0;0;1;0;0;0;
2413;Technobabble;Technobabbel;Deals 30..40 damage to target and adjacent foes. Inflicts Dazed condition (3..5 seconds) on these foes if target was not a boss.;4;-6;22;0;0;10;1;10;0;0;0;1;0;0;0;
2414;Radiation Field;Strahlungsfeld;(5 seconds.) Causes -4..6 Health degeneration to foes in the area. End effect: inflicts Disease condition (12..20 seconds) to foes in the area.;4;-6;26;0;0;15;2;12;0;0;0;1;0;0;0;
2415;Asuran Scan;Asurischer Scan;(9..12 seconds.) You cannot miss target foe. If you kill this foe, you lose 5% Death Penalty.;4;-6;24;0;0;5;0;5;0;0;0;1;0;0;0;
2416;Air of Superiority;Hochnäsigkeit;(20..30 seconds). Gain a random Asura benefit every time you earn experience from killing an enemy.;4;-6;1;0;0;5;0;20;0;0;0;1;0;0;0;
2417;Mental Block;Geistige Sperre;(5..11 seconds.) You have a 50% chance to block. Renewal: every time an enemy hits you.;4;-6;23;0;0;10;1;15;0;0;0;1;0;0;0;
2418;Pain Inverter;Schmerztauscher;(6..10 seconds.) Deals 100..140% of the damage (maximum 80) back to target foe every time it does damage.;4;-6;24;0;0;10;1;20;0;0;0;1;0;0;0;
2420;Ebon Escape;Ebon-Flucht;Heals you and target ally for 70..110. Initial effect: Shadow Step to this ally. Cannot self-target.;4;-8;22;0;0;5;.25;10;0;0;0;1;0;0;0;
2421;Weakness Trap;Schwäche-Falle;(90 seconds.) Affects nearby foes. Deals 24..50 lightning damage. Inflicts Weakness condition (10..20 seconds). Knocks-down Charr. Easily interrupted.;4;-8;30;0;0;10;2;30;0;0;0;1;0;0;0;
2422;Winds;Winde;Creates a level 4..10 spirit (54..90 second lifespan.) Affects foes within range. 15% chance to miss with ranged attacks.;4;-8;32;0;0;5;5;30;0;0;0;1;0;0;0;
2423;Dwarven Stability;Zwergenstabilität;(24..30 seconds.) Your stances last 55..100% longer. You cannot be knocked-down if you activated this skill while drunk . ;4;-7;23;0;0;5;.25;30;0;0;0;1;0;0;0;
3422;Time Ward;Zeitabwehr;(3..15 seconds.) Allies in this ward cast spells 15..20% faster and recharge skills 15..20% faster. Allied spirits are not affected. PvE Skill;0;0;26;5;0;10;2;30;0;0;1;1;0;0;0;
3423;Soul Taker;Seelengreifer;(3..30 seconds.) Attacks deal +15..20 damage and sacrifice 15..20 health.;0;6;23;4;0;5;1;15;0;0;1;1;0;0;0;
3424;Over the Limit;Über die Grenze hinaus;Spells cast 15..20% faster and recharge 15..50% faster. Continuously gain Overcast while active.;0;12;23;6;-1;5;1;20;0;0;1;1;0;0;0;
3425;Judgment Strike;Urteilsschlag;Attacks target and adjacent foes for +13..30 Holy damage. Causes knock down on attacking foes.;0;16;3;3;0;5;1;8;0;0;1;1;0;0;0;
3426;Seven Weapons Stance;Sieben Waffen-Haltung;(3..20 seconds.) Weapon attributes are increased by +1..15. You attack 33% faster.;0;17;29;1;0;5;0;20;0;0;1;1;0;0;0;
3427;"Together as One!";"Gemeinsam als Eines!";(3..15 seconds.) All party members near you or your pet deal +5..15 damage and gain +1..7 Health regeneration.;0;23;20;2;0;10;0;15;0;0;1;1;0;0;0;
3428;Shadow Theft;Schattendiebstahl;Shadow Step to target foe. For 5..20 seconds that foe's attributes are reduced by 1..5 and your attributes are increased by 1..5. Counts as a Lead Attack.;0;35;1;7;0;5;.25;20;0;0;1;1;0;0;0;
3429;Weapons of Three Forges;Waffen aus drei Schmieden;(3..20 seconds.) Allies in earshot gain the effect of a random Weapon Spell. Allied spirits are not affected. PvE Skill;0;36;27;8;0;10;2;15;0;0;1;1;0;0;0;
3430;Vow of Revolution;Schwur der Revolution;(3..10 seconds.) Gain +1..6 energy regeneration. Renewal: whenever you use a non-Dervish skill.;0;44;23;10;0;10;1;20;0;0;1;1;0;0;0;
3431;Heroic Refrain;Heroischer Refrain;(3..15 seconds.) Target ally gains +1..3 to all attributes. Renewal: every time a chant or shout ends on this ally. Cannot target spirits. PvE Skill;0;40;14;9;0;5;1;10;0;0;1;1;0;0;0;
