0;No Skill;Keine Fertigkeit;Empty slot;0;-1;0;0;0;0;0;0;0;0;0;0;0;0;0;
1;Sello de curación;Siegel der Heilung;Sello. Ganas 82..172 de salud. Tienes -40 de armadura cuando uses esta habilidad.;0;21;21;1;0;0;2;4;0;0;0;0;0;0;0;
2;Sello de resurrección;Siegel der Wiederbelebung;Sello. Resucitas a un aliado (100% de salud y 25% de energía). Este sello sólo volverá a estar activado cuando consigas un aumento de moral.;0;-1;21;0;0;0;3;0;0;0;0;0;0;0;0;
3;Sello de captura;Siegel der Erbeutung;Sello. Escoges una habilidad de un jefe muerto cercano de tu profesión. Sustituirá de forma permanente al Sello de captura. Si la habilidad es de élite ganarás 250 PE por cada nivel que seas.;0;-1;21;0;0;0;2;2;0;0;0;1;0;0;0;
5;Bloqueo de poder;Kraftblock;Conjuro de élite. Si el enemigo objetivo está lanzando un conjuro o cántico, se cancelará, y esa habilidad y todas las del mismo atributo quedarán anuladas (1..12 segundos).;1;2;22;5;0;15;.25;20;0;0;1;0;0;0;0;
6;Mantra de la tierra;Mantra der Erde;Actitud. (30..90 segundos). Reduce el daño de tierra en un 26..50%. Ganas 2 de energía al recibir daño de tierra.;0;3;29;5;0;10;0;20;0;0;0;0;0;0;0;
7;Mantra de la llama;Mantra des Feuers;Actitud. (30..90 segundos). Reduce el daño de fuego en un 26..50%. Ganas 2 de energía al recibir daño de fuego.;0;3;29;5;0;10;0;20;0;0;0;0;0;0;0;
8;Mantra del frío;Mantra des Frosts;Actitud. (30..90 segundos). Reduce el daño frío en un 26..50%. Ganas 2 de energía al recibir daño frío.;0;3;29;5;0;10;0;20;0;0;0;0;0;0;0;
9;Mantra del relámpago;Mantra des Blitzes;Actitud. (30..90 segundos). Reduce el daño de relámpago en un 26..50%. Ganas 2 de energía al recibir daño de relámpago.;0;3;29;5;0;10;0;20;0;0;0;0;0;0;0;
10;Destructor de maleficios;Gebrochene Verhexung;Actitud. (5..80 segundos). El siguiente conjuro contra ti falla y el atacante recibe 10..46 de daño.;0;2;29;5;0;5;0;15;0;0;0;0;0;0;0;
11;Distorsión;Verzerrung;Actitud. (1..5 segundos). Tienes 75% de posibilidades de bloquear. Coste del bloqueo: pierdes 2 de energía o la Distorsión acaba.;1;1;29;5;0;5;0;8;0;0;0;0;0;0;0;
13;Mantra de recuperación;Mantra der Erholung;Actitud de élite. (5..20 segundos). Tus conjuros se recargan un 33% más rápido.;0;0;29;5;0;5;0;15;0;0;1;0;0;0;0;
14;Mantra de persistencia;Mantra des Bestehens;Actitud. (5..25 segundos). Los maleficios de ilusión que lances duran un 10..40% más.;0;3;29;5;0;5;0;15;0;0;0;0;0;0;0;
15;Mantra de inscripciones;Mantra der Inschriften;Actitud. (5..25 segundos.) Los sellos que actives mientras mantengas esta actitud se recargan un 10..40% más rápido.;0;3;29;5;0;10;0;20;0;0;0;0;0;0;0;
16;Mantra de concentración;Mantra der Konzentration;Actitud. Durante 1..38 segundos, no se te podrá interrumpir la próxima vez que lo intenten.;1;3;29;5;0;5;0;30;0;0;0;0;0;0;0;
17;Mantra de determinación;Mantra des Abschlusses;Actitud. (30..90 segundos). Impide que te interrumpan. Coste: pierdes 10..4 de energía o el Mantra de determinación acaba.;0;3;29;5;0;10;0;20;0;0;0;0;0;0;0;
18;Mantra de sellos;Mantra der Siegel;Actitud. (10..40 segundos). Tienes +3 de armadura por cada sello. Ganas 5..60 de salud cada vez que utilizas un sello.;1;3;29;5;0;5;0;20;0;0;0;0;0;0;0;
19;Fragilidad;Zerbrechlichkeit;Conjuro con maleficio. También afecta a los enemigos cercanos al objetivo (8..20 segundos). Estos enemigos reciben 5..20 de daño cada vez que ganen o pierdan una condición.;0;1;24;5;0;5;1;5;0;0;0;0;0;0;0;
21;Encantamiento inspirado;Inspirierte Verzauberung;Conjuro. Elimina un encantamiento del enemigo objetivo. Efecto de la eliminación: ganas 3..15 de energía. este conjuro se sustituye por el encantamiento (20 segundos).;1;3;22;5;0;10;1;0;0;0;0;0;0;0;0;
22;Maleficio inspirado;Inspirierte Verhexung;Conjuro. Elimina un maleficio del aliado objetivo. Efecto de la eliminación: ganas 4..10 de energía. este conjuro se sustituye por el maleficio (20 segundos).;1;3;22;5;0;5;1;0;0;0;0;0;0;0;0;
23;Punzada de poder;Kraftdorn;Conjuro. Interrumpe un conjuro o cántico. Efecto de interrupción: hace 30..120 de daño.;0;2;22;5;0;5;.25;12;0;0;0;0;0;0;0;
24;Pérdida de poder;Kraftleck;Conjuro. Interrumpe un conjuro o cántico. Efecto de interrupción: pérdida de 3..17 de energía.;1;2;22;5;0;10;.25;20;0;0;0;0;0;0;0;
25;Drenaje de poder;Kraftentzug;Conjuro. Interrumpe un conjuro o cántico. Efecto de la interrupción: ganas 1..31 de energía.;0;3;22;5;0;5;.25;20;0;0;0;0;0;0;0;
26;Empatía;Empathie;Conjuro con maleficio. (5..15 segundos). Los ataques del enemigo objetivo hacen 1..15 menos de daño y ese enemigo recibe 10..55 de daño con cada ataque.;0;2;24;5;0;10;2;10;0;0;0;0;0;0;0;
27;Destruir ilusiones;Täuschungen brechen;Conjuro. Quita un maleficio de hipnotizador del enemigo objetivo. Efecto de eliminación: hace 15..75 de daño al objetivo y un 75 % de ese daño a todos los enemigos adyacentes.;1;2;22;5;0;5;.25;6;0;0;0;0;0;0;0;
28;Detonación;Rückschlag;Conjuro con maleficio. (10 segundos). El enemigo recibe 35..140 de daño cada vez que lance un conjuro.;0;2;24;5;0;15;3;20;0;0;0;0;0;0;0;
29;Suspensión;Blackout;Habilidad de toque. (2..8 segundos). Desactiva habilidades. Tus habilidades quedan desactivadas (5 segundos).;1;2;1;5;0;10;1;12;0;0;0;0;0;0;0;
30;Distracción;Ablenkung;Conjuro con maleficio. (6 segundos). La siguiente habilidad del enemigo objetivo tarda +10..56 segundos en recargarse.;0;2;24;5;0;10;3;12;0;0;0;0;0;0;0;
31;Conjurar fantasma;Trugbild beschwören;Conjuro con maleficio. (4..18 segundos). Causa -5 de degeneración de salud.;0;1;24;5;0;10;1;5;0;0;0;0;0;0;0;
32;Ilusión de debilidad;Illusion der Schwäche;Conjuro con encantamiento. Pierdes 50..240 de salud. Efecto final: ganas 50..240 de salud. Acaba si el daño te hace perder salud por debajo del 25% del máximo.;1;1;23;5;0;10;2;30;0;0;0;0;0;0;0;
33;Armamento irreal;Illusion der Waffen;Conjuro con encantamiento de élite. (30 segundos). Hace 20..60 de daño a enemigos en lugar de otros daños o efectos de los ataques cuerpo a cuerpo. Tienes +5 de armadura por cada habilidad de magia de ilusión equipada. Tus ataques cuerpo a cuerpo no impactan ni fallan.;1;1;23;5;0;5;1;10;0;0;1;0;0;0;0;
34;Semblante cordial;Sympathisches Gesicht;Conjuro con encantamiento. (4..10 segundos). Todos los enemigos adyacentes pierden su adrenalina y 3 de energía cada vez que el objetivo (un aliado o tú mismo) sea golpeado por un ataque cuerpo a cuerpo.;1;1;23;5;0;10;1;20;0;0;0;0;0;0;0;
35;Ignorancia;Ignoranz;Conjuro con maleficio. (8..20 segundos). El enemigo objetivo no puede utilizar sellos.;0;2;24;5;0;10;1;10;0;0;0;0;0;0;0;
36;Acertijo arcano;Arkanes Rätsel;Conjuro con maleficio. También afecta a los enemigos cercanos al objetivo (5..15 segundos). Dobla el tiempo de lanzamiento. Efecto final: ganas 1..7 de energía.;0;1;24;5;0;10;2;30;0;0;0;0;0;0;0;
37;Ilusión de velocidad;Illusion der Eile;Conjuro con encantamiento. (5..11 segundos.) Te mueves un 33% más rápido. Efecto inicial: elimina la condición de lisiado. Efecto final: causa lisiadura (3 segundos).;0;1;23;5;0;5;1;5;0;0;0;0;0;0;0;
38;Canalización;Kanalisieren;Conjuro con encantamiento. (8..56 segundos). Ganas 1 de energía por cada enemigo que haya en la zona cuando lances un conjuro.;1;3;23;5;0;5;1;10;0;0;0;0;0;0;0;
39;Sobretensión de energía;Energiewelle;Conjuro de élite. Causa 1..10 de pérdida de energía. Hace 7 de daño al objetivo por cada punto de energía perdido y un 75 % de ese daño a los enemigos cercanos.;0;2;22;5;0;5;2;15;0;0;1;0;0;0;0;
40;Festín de éter;Ätherschmaus;Conjuro. Causa 3 de pérdida de energía. Ganas 20..65 de salud por cada punto de energía perdido.;0;3;22;5;0;5;1;8;0;0;0;0;0;0;0;
41;Señor del éter;Herr über den Äther;Conjuro con maleficio. Pierdes toda la energía. El enemigo objetivo tiene -1..3 de degeneración de energía y tú +1..3 de regeneración (5..10 segundos).;1;3;24;5;0;5;2;20;0;0;0;0;0;0;0;
42;Quemadura de energía;Energiebrand;Conjuro. Causa 1..10 de pérdida de energía. Hace 9 de daño por cada punto de energía perdido.;0;2;22;5;0;10;2;20;0;0;0;0;0;0;0;
43;Torpeza;Ungeschick;Conjuro con maleficio. (4 segundos). También afecta a los enemigos adyacentes. Interrumpe el siguiente ataque. Efecto de la interrupción: 10..80 de daño.;0;1;24;5;0;10;2;12;0;0;0;0;0;0;0;
44;Dolor fantasma;Phantomschmerz;Conjuro con maleficio. (10 segundos). Causa -1..4 de degeneración de salud. Efecto final: causa una herida grave (5..20 segundos).;1;1;24;5;0;5;2;10;0;0;0;0;0;0;0;
45;Carga etérea;Ätherische Bürde;Conjuro con maleficio. (6..12 segundos). El enemigo objetivo se mueve un 50% más lento. Efecto final: ganas 10..18 de energía.;1;1;24;5;0;15;1.5;30;0;0;0;0;0;0;0;
46;Culpa;Schuld;Conjuro con maleficio. (6 segundos). El siguiente conjuro del enemigo objetivo falla y robas 5..14 de energía. No tiene efecto a menos que el conjuro del enemigo objetivo sea contra uno de tus aliados.;1;2;24;5;0;5;2;25;0;0;0;0;0;0;0;
47;Ineptitud;Unbeholfenheit;Conjuro con maleficio de élite. (4 segundos). También lanza un maleficio a los enemigos adyacentes al objetivo. Hace 30..135 de daño. Causa ceguera (10 segundos). Sin efecto salvo en los ataques a los enemigos con maleficio.;1;1;24;5;0;10;1;15;0;0;1;0;0;0;0;
48;Espíritu del fracaso;Geist des Versagens;Conjuro con maleficio. (30 segundos). El enemigo objetivo tiene un 25% de probabilidades de fallar. Ganas 1..3 de energía si este enemigo falla.;1;3;24;5;0;15;3;20;0;0;0;0;0;0;0;
49;Sacudida mental;Geistiges Wrack;Conjuro con maleficio. (5..40 segundos.) Causa 1 de pérdida de energía cada vez que el enemigo es el objetivo de tus habilidades que no sean maleficios de Hipnotizador. Causa 5..25 de daño por cada punto de energía perdido. Si el enemigo objetivo pierde toda su energía, recibe 15..100 de daño y la Sacudida mental acaba.;0;2;24;5;0;5;1;7;0;0;0;0;0;0;0;
50;Preocupación del gandul;Verschwendung;Conjuro con maleficio. (3 segundos). Efecto final: hace 20..100 de daño al enemigo objetivo y un 75 % de ese daño a los enemigos adyacentes. No tiene ningún efecto y termina antes de lo previsto si el enemigo objetivo utiliza una habilidad.;1;2;24;5;0;5;.25;2;0;0;0;0;0;0;0;
51;Vergüenza;Schande;Conjuro con maleficio. (6 segundos). El siguiente conjuro del enemigo objetivo falla y robas 5..14 de energía. No tiene efecto a menos que el conjuro de este enemigo apunte a uno de sus aliados.;1;2;24;5;0;10;2;30;0;0;0;0;0;0;0;
52;Pánico;Panik;Conjuro con maleficio de élite. También se aplica el maleficio a los enemigos cercanos al objetivo (1..10 segundos). Interrumpe la acción de los enemigos cercanos cuando un enemigo con maleficio activa una habilidad con éxito.;1;2;24;5;0;10;1;15;0;0;1;0;0;0;0;
53;Migraña;Migräne;Conjuro con maleficio de élite. (5..20 segundos). Causa -1..8 de degeneración de salud y dobla el tiempo de activación de habilidades.;1;1;24;5;0;10;2;12;0;0;1;0;0;0;0;
54;Angustia agobiante;Verkrüppelnde Qual;Conjuro con maleficio de élite. (5..20 segundos). El enemigo objetivo ataca un 50% más lento y tiene -1..8 de degeneración de salud.;0;1;24;5;0;5;1;12;0;0;1;0;0;0;0;
55;Sueños febriles;Fieberträume;Conjuro con maleficio de élite. (10..25 segundos). Los enemigos de la zona también padecen las nuevas condiciones que el enemigo objetivo adquiera. Causa aturdimiento (1..3 segundos) si ese enemigo tiene dos o más condiciones.;1;1;24;5;0;5;1;10;0;0;1;0;0;0;0;
56;Imágenes relajantes;Beruhigende Bilder;Conjuro con maleficio. También afecta a los enemigos cercanos al objetivo (8..20 segundos). Dichos enemigos no pueden ganar adrenalina.;0;1;24;5;0;15;2;8;0;0;0;0;0;0;0;
57;Grito de frustración;Schrei der Frustration;Conjuro. Si el enemigo objetivo está utilizando una habilidad, ese enemigo y todos los de la zona serán interrumpidos. El enemigo recibe 15..75 de daño y todos los enemigos cercanos sufren un 75 % de ese daño.;0;2;22;5;0;10;.25;20;0;0;0;0;0;0;0;
58;Sello de la medianoche;Siegel der Mitternacht;Sello de élite de toque. (15 segundos). Causa ceguera. Sufres ceguera (15 segundos).;1;-1;21;5;0;0;2;10;0;0;1;0;0;0;0;
59;Sello del cansancio;Siegel der Müdigkeit;Sello. También alcanza a los enemigos cercanos a tu objetivo. Causa 3..8 de pérdida de energía y debilita (1..12 segundos).;1;2;21;5;0;0;2;30;0;0;0;0;0;0;0;
61;Sello de la sanguijuela;Blutsauger-Siegel;Sello. Interrumpe una acción. Efecto de la interrupción: ganas 3..15 de energía si la acción era un conjuro.;0;3;21;5;0;0;.25;30;0;0;0;0;0;0;0;
62;Sello de la humildad;Siegel der Demut;Sello. Desactiva la habilidad de élite (1..16 segundos). Desactiva tus habilidades que no sean de Hipnotizador (4 segundos).;0;3;21;5;0;0;3;20;0;0;0;0;0;0;0;
63;Sello de la piedra angular;Schlussstein-Siegel;Sello de élite. (20 segundos). Tus próximos 0..6 sellos interrumpen la acción de los enemigos adyacentes a tu objetivo y les hacen 15..60 de daño. Efecto inicial: recarga todos tus demás sellos.;1;0;21;5;0;0;1;15;0;0;1;0;0;0;0;
65;Imitación arcana;Arkane Mimikry;Conjuro. Esta habilidad se convierte en la habilidad de élite del aliado objetivo (20 segundos). No se puede usar con uno mismo. No tiene efecto si la habilidad de élite es una transformación.;0;-1;22;5;0;15;2;60;0;0;0;0;0;0;0;
66;Grilletes espirituales;Geistfesseln;Conjuro con maleficio. (5..20 segundos). El enemigo objetivo pierde 5 de energía cada vez que ataque.;0;3;24;5;0;10;3;8;0;0;0;0;0;0;0;
67;Destruir maleficio;Verhexung brechen;Conjuro. Elimina un maleficio del objetivo (un aliado o tú mismo). Efecto de la eliminación: 30..120 de daño a los enemigos cercanos a este aliado.;0;2;22;5;0;10;1;10;0;0;0;0;0;0;0;
68;Drenar encantamiento;Verzauberung entziehen;Conjuro. Elimina un encantamiento del enemigo objetivo. Efecto de la eliminación: ganas 8..17 de energía y 40..120 de salud.;0;3;22;5;0;5;2;20;0;0;0;0;0;0;0;
69;Destruir encantamiento;Verzauberung brechen;Conjuro. Elimina un encantamiento del enemigo objetivo. Efecto de la eliminación: 14..100 de daño.;0;2;22;5;0;10;1;20;0;0;0;0;0;0;0;
72;Resistencia elemental;Elementarwiderstand;Actitud. (30..90 segundos). Ganas +40 de armadura contra daño de los elementos. Tienes -24..12 de armadura contra daño físico.;1;3;29;5;0;10;0;20;0;0;0;0;0;0;0;
73;Resistencia física;Körperlicher Widerstand;Actitud. (30..90 segundos). Ganas +40 de armadura contra daño físico. Tienes -24..12 de armadura contra daño de los elementos.;1;3;29;5;0;10;0;20;0;0;0;0;0;0;0;
74;Eco;Echo;Conjuro con encantamiento de élite. (30 segundos). El eco se transforma en la siguiente habilidad que uses (30 segundos).;0;-1;23;5;0;5;1;10;0;0;1;0;0;0;0;
75;Eco arcano;Arkanes Echo;Conjuro con encantamiento. (20 segundos). El eco arcano se transforma en el siguiente conjuro que uses (20 segundos).Este encantamiento termina si usas una habilidad que no sea conjuro.;0;-1;23;5;0;15;2;20;0;0;0;0;0;0;0;
76;Carga imaginaria;Eingebildete Bürde;Conjuro con maleficio. (8..20 segundos). El enemigo objetivo se mueve un 50% más despacio.;0;1;24;5;0;15;1;30;0;0;0;0;0;0;0;
77;Tormenta del caos;Chaossturm;Conjuro. Hace 5..25 de daño y causa 0..2 de pérdida de energía por segundo (10 segundos). Alcanza a los enemigos adyacentes a la ubicación inicial del objetivo.;1;2;22;5;0;5;2;30;0;0;0;0;0;0;0;
78;Epidemia;Epidemie;Conjuro. Las condiciones del enemigo objetivo se transfieren a los adyacentes.;0;-1;22;5;0;5;.25;5;0;0;0;0;0;0;0;
79;Drenaje de energía;Energieentzug;Conjuro de élite. Causa 2..9 de pérdida de energía. Ganas 3 de energía por cada punto de energía perdido.;0;3;22;5;0;5;1;20;0;0;1;0;0;0;0;
80;Grifo de energía;Energie abzapfen;Conjuro. Causa 4..7 de pérdida de energía. Ganas 2 de energía por cada punto de energía perdido.;0;3;22;5;0;5;2;30;0;0;0;0;0;0;0;
81;Robo arcano;Arkaner Diebstahl;Conjuro. (5..35 segundos). Desactiva un conjuro al azar. Esta habilidad se convierte en ese conjuro.;1;2;22;5;0;10;1;0;0;0;0;0;0;0;0;
82;Mantra del recuerdo;Mantra der Zurückrufung;Conjuro con encantamiento de élite. (20 segundos). Efecto final: ganas 10..25 de energía.;1;3;23;5;0;10;1;30;0;0;1;0;0;0;0;
83;Animar horror de hueso;Knochenschreck beleben;Conjuro. Creas un horror de hueso de nivel 1..17. Explotas un cadáver.;1;5;22;4;0;5;1;5;0;0;0;0;0;0;0;
84;Animar demonio de hueso;Knochenteufel beleben;Conjuro. Creas un demonio de hueso de nivel 1..17 que puede atacar a distancia. Explotas un cadáver.;0;5;22;4;0;15;1;5;0;0;0;0;0;0;0;
85;Animar siervos de hueso;Knochendiener beleben;Conjuro. Creas 2 siervos de hueso de nivel 0..12. Explotas un cadáver.;0;5;22;4;0;10;1;5;0;0;0;0;0;0;0;
86;Balanza de Grenth;Grenths Ausgleich;Conjuro de élite. Ganas salud igual a la mitad de la diferencia entre la tuya y la del objetivo, que perderá esa cantidad. Si el enemigo objetivo tiene menos salud, pierdes la mitad de la diferencia y él ganará la misma cantidad.;0;-1;22;4;0;10;.25;10;0;0;1;0;0;0;0;
87;Mirada de Verata;Veratas Starren;Conjuro. Hace que el siervo objetivo no tenga maestro. Si ya estaba sin él, pasarás a serlo tú y lo curarás por valor de 60..80. 50 % de probabilidades de fallo con magia de muerte inferior a 5.;1;5;22;4;0;5;1;5;0;0;0;0;0;0;0;
88;Aura de Verata;Veratas Aura;Conjuro con encantamiento. (120..300 segundos). Te conviertes en el maestro de todos los siervos hostiles de la zona. Efecto final: tus siervos se quedan sin maestro. 50% de probabilidades de fallar con magia de muerte inferior a 5.;1;5;23;4;0;15;.75;30;0;33;0;0;0;0;0;
89;Escalofrío de muerte;Tödliche Kühlung;Conjuro. Hace +5..50 de daño frío. Hace +5..50 de daño extra si el enemigo objetivo está por encima del 50% de salud.;1;5;22;4;0;10;1;5;0;0;0;0;0;0;0;
90;Sacrificio de Verata;Veratas Opfer;Conjuro. (5..10 segundos). 10 siervos aliados ganan +10 de regeneración de salud. Se recarga al instante si controlas a 3 o menos siervos. Transfieres todas las condiciones de esos siervos a ti.;1;5;22;4;0;10;2;60;0;15;0;0;0;0;0;
91;Pozo de poder;Brunnen der Kraft;Conjuro de pozo de élite. (10..30 segundos). Los aliados en este pozo ganan +1..6 de regeneración de salud y +2 de regeneración de energía. Explotas un cadáver reciente o sacrificas un 66 % de salud.;1;4;28;4;0;5;1;10;0;0;1;0;0;0;0;
92;Pozo de sangre;Brunnen des Blutes;Conjuro de pozo. (8..20 segundos). Los aliados en este pozo ganan +1..6 de regeneración de salud. Explotas un cadáver reciente o sacrificas un 66 % de salud.;0;4;28;4;0;10;1;2;0;0;0;0;0;0;0;
93;Pozo de sufrimiento;Brunnen des Leidens;Conjuro de pozo. (10..30 segundos). Los enemigos en este pozo sufren -1..6 de degeneración de salud. Explotas un cadáver reciente o sacrificas un 66 % de salud.;1;5;28;4;0;10;1;10;0;0;0;0;0;0;0;
94;Pozo del profano;Gottloser Brunnen;Conjuro de pozo. (8..20 segundos). Los enemigos en este pozo se liberan de todos los encantamientos y no pueden ser objetivo de otros encantamientos. Explotas un cadáver reciente o sacrificas un 66 % de salud. 50 % de probabilidades de fallar a no ser que se utilice magia de muerte de nivel 5 o superior.;0;5;28;4;0;25;3;10;0;0;0;0;0;0;0;
95;Explosión de putrefacción;Explosion der Verwesung;Conjuro. Explotas un cadáver, que hace 24..120 de daño a los enemigos cercanos Explotas un cadáver.;0;5;22;4;0;10;1;5;0;0;0;0;0;0;0;
96;Festín de almas;Seelenschmaus;Conjuro. Ganas 50..280 de salud. Explotas un cadáver.;0;5;22;4;0;10;1;0;0;0;0;0;0;0;0;
97;Travesía necrótica;Nekrotische Verwechslung;Conjuro. Explotas un cadáver cualquiera o sacrificas 30..20 % de salud para teletransportarte a la ubicación de tu enemigo. Caes enfermo[f:"enferma"] durante 6 segundos y todos los enemigos cercanos quedan envenenados durante 5..20 segundos.;1;5;22;4;0;5;.75;0;0;0;0;0;0;0;0;
98;Consumir cadáver;Kadaver verzehren;Conjuro. Te teletransportas hasta la ubicación de un cadáver. Ganas 25..100 de salud y 5..20 de energía. Explotas un cadáver.;1;5;22;4;0;5;1;0;0;0;0;0;0;0;0;
99;Vínculo parasitario;Parasitäre Fesseln;Conjuro con maleficio. (20 segundos.) Causa -1 de degeneración de salud. Efecto final: ganas 30..120 de salud.;0;7;24;4;0;5;1;2;0;0;0;0;0;0;0;
100;Púas del alma;Seelenwiderhaken;Conjuro con maleficio. (30 segundos). Hace 15..30 de daño cuando se lance un encantamiento o maleficio sobre el enemigo objetivo.;1;7;24;4;0;10;2;10;0;0;0;0;0;0;0;
101;Púas;Widerhaken;Conjuro con maleficio. (30 segundos). El enemigo recibe 4..16 de daño cada vez que reciba daño físico.;0;7;24;4;0;10;1;5;0;0;0;0;0;0;0;
102;Golpe de las sombras;Schattenschlag;Conjuro. Hace 12..48 de daño. Roba 12..48 de salud si la del enemigo objetivo está por encima del 50%.;1;4;22;4;0;10;2;15;0;0;0;0;0;0;0;
103;Precio del fracaso;Preis des Versagens;Conjuro con maleficio. (30 segundos). 25% de probabilidades de fallar. El enemigo objetivo recibe 1..46 de daño cuando falle.;1;7;24;4;0;15;2;20;0;0;0;0;0;0;0;
104;Nova de muerte;Todesnova;Conjuro con encantamiento. (30 segundos). Hace 26..100 de daño y causa envenenamiento (15 segundos) a los enemigos adyacentes si el objetivo muere.;0;5;23;4;0;5;2;0;0;0;0;0;0;0;0;
105;Enjambre mortal;Tödlicher Schwarm;Conjuro. El enjambre mortal vuela lentamente y hace 30..90 de daño frío. Alcanza a 2 enemigos más en la zona.;0;5;22;4;0;10;2;6;0;0;0;0;0;0;0;
106;Carne pútrida;Verrottendes Fleisch;Conjuro. Causa enfermedad (10..25 segundos).;0;5;22;4;0;15;3;3;0;0;0;0;0;0;0;
107;Virulencia;Ansteckung;Conjuro de élite. Causa enfermedad, envenenamiento y debilitamiento (3..15 segundos). No tiene efecto a menos que el enemigo objetivo ya sufra una condición.;1;5;22;4;0;5;1;15;0;0;1;0;0;0;0;
108;Sufrimiento;Leiden;Conjuro con maleficio. También afecta a los enemigos cercanos al objetivo (6..30 segundos). Éstos sufren -0..3 de degeneración de salud.;0;7;24;4;0;15;1;10;0;0;0;0;0;0;0;
109;Grifo de vida;Leben abzapfen;Conjuro con maleficio. (12..24 segundos). El enemigo objetivo tiene -1..3 de degeneración de salud. Ganas +1..3 de regeneración de salud.;0;4;24;4;0;10;1;5;0;0;0;0;0;0;0;
110;Festín impío;Unheiliger Schmaus;Conjuro. Robas 10..65 de salud de 1..4 enemigos de la zona.;0;4;22;4;0;15;.75;8;0;0;0;0;0;0;0;
111;Despertar la sangre;Das Blut erwecken;Conjuro con encantamiento. (20..44 segundos). Tienes +2 de magia de sangre y de maldiciones. Sacrificas un 50% más de salud de lo normal.;1;4;23;4;0;10;1;45;0;0;0;0;0;0;0;
112;Profanación de encantamientos;Verzauberungsschändung;Conjuro. Hace 6..60 de daño al enemigo objetivo y los cercanos. Hace 4..20 de daño extra por encantamiento que tengan.;1;7;22;4;0;10;2;15;0;0;0;0;0;0;0;
113;Carne infectada;Verdorbenes Fleisch;Conjuro con encantamiento de élite. (20..44 segundos). Los enemigos que golpeen cuerpo a cuerpo a aliados quedarán enfermos (3..15 segundos). Este aliado es inmune a la enfermedad.;0;5;23;4;0;5;1;0;0;0;1;0;0;0;0;
114;Aura del liche;Aura des Lich;Conjuro con encantamiento de élite. Explotas a todos los cadáveres al alcance del oído. Animas un horror de hueso de nivel 1..17, además de uno por cada cadáver explotado. Tienes +1 de magia de muerte (5..45 segundos).;1;5;23;4;0;15;2;45;0;0;1;0;0;0;0;
115;Renovación de la sangre;Bluterneuerung;Conjuro con encantamiento. (7 segundos). Tienes +3..6 de regeneración de salud. Efecto final: te curas 40..190 de salud.;1;4;23;4;0;1;1;7;0;15;0;0;0;0;0;
116;Aura oscura;Dunkle Aura;Conjuro con encantamiento. (30 segundos). Hace 5..50 de daño a los enemigos adyacentes siempre que el objetivo (un aliado o tú mismo) sacrifique salud. Coste del daño: pierdes 5..20 de salud.;0;5;23;4;0;10;1;10;0;0;0;0;0;0;0;
117;Debilitar;Schwächen;Conjuro. Causa debilitamiento (10..30 segundos).;1;7;22;4;0;5;.25;5;0;0;0;0;0;0;0;
118;Sangre debilitante;Schwächendes Blut;Conjuro. Causa debilitamiento (5..20 segundos) al enemigo objetivo y los cercanos.;0;7;22;4;0;1;1;8;0;10;0;0;0;0;0;
119;La sangre es poder;Blut ist Kraft;Conjuro con encantamiento de élite. (10 segundos). +3..6 de regeneración de energía. No te puedes apuntar a ti mismo.;0;4;23;4;0;1;.25;0;0;33;1;0;0;0;0;
120;Sangre del maestro;Blut des Meisters;Conjuro. Cura a tus siervos muertos vivientes 30..116 de salud. Coste de la curación: +2% de sacrificio de salud por siervo curado.;0;5;22;4;0;5;1;2;0;5;0;0;0;0;0;
121;Espíritu rencoroso;Boshafter Geist;Conjuro con maleficio de élite. (10..25 segundos). Hace 15..45 de daño al enemigo objetivo y los adyacentes cuando ataque o use una habilidad.;1;7;24;4;0;15;2;10;0;0;1;0;0;0;0;
122;Intervención maligna;Unheilvoller Eingriff;Conjuro con maleficio. (5..20 segundos). El enemigo objetivo se beneficia un 20% menos de las curaciones. Si muere mientras tenga este maleficio, se invoca un horror de hueso sin maestro de nivel 1..17.;1;5;24;4;0;10;1;5;0;0;0;0;0;0;0;
123;Parásito insidioso;Heimtückischer Parasit;Conjuro con maleficio. (5..15 segundos). Roba 15..45 de salud cada vez que el enemigo objetivo ataque.;1;7;24;4;0;10;1;8;0;0;0;0;0;0;0;
124;Escalofríos;Rückenschauer;Conjuro con maleficio. (10..40 segundos). Interrumpe las habilidades del enemigo objetivo si recibe daño frío. Coste de la interrupción: pierdes 8..3 de energía o los Escalofríos acaban.;1;7;24;4;0;10;2;15;0;0;0;0;0;0;0;
125;Marchitar;Verwelken;Conjuro con maleficio de élite. (5..35 segundos). Causa -2..4 de degeneración de salud y -1 de degeneración de energía. Hace 15..75 de daño si la energía del enemigo objetivo cae a 0. Acaba si la energía del enemigo objetivo cae a 0.;1;7;24;4;0;10;1;5;0;0;1;0;0;0;0;
126;Transferencia de vida;Lebensübertragung;Conjuro con maleficio de élite. También afecta a los enemigos adyacentes al objetivo (6..12 segundos). Causa -3..8 de degeneración de salud. Tienes +3..8 de regeneración de salud.;1;4;24;4;0;5;1;20;0;0;1;0;0;0;0;
127;Marca de subversión;Zeichen der Subversion;Conjuro con maleficio. (6 segundos). El siguiente conjuro del enemigo objetivo falla y robas 10..92 de salud. No tiene efecto a menos que el conjuro del enemigo objetivo apunte a uno de tus aliados.;1;4;24;4;0;10;2;30;0;0;0;0;0;0;0;
128;Sanguijuela del alma;Seelenfresser;Conjuro con maleficio de élite. (10 segundos). Roba 16..80 de salud cuando el enemigo objetivo lance un conjuro.;1;4;24;4;0;15;1;7;0;0;1;0;0;0;0;
129;Profanar la carne;Fleisch schänden;Conjuro con maleficio. (5..35 segundos). Reduce la curación sobre el enemigo objetivo un 33%. Sólo están afectadas las habilidades con la palabra "curar".;0;7;24;4;0;10;1;10;0;10;0;0;0;0;0;
130;Carne demoníaca;Dämonenfleisch;Conjuro con encantamiento. (30..60 segundos). Siempre que uses una habilidad sobre un enemigo, haces 5..20 de daño de sombra a todos los demás enemigos que tengas adyacentes.;0;4;23;4;0;5;1;30;0;0;0;0;0;0;0;
131;Sello de espinas;Siegel der Widerhaken;Sello. El objetivo y los enemigos adyacentes sufren hemorragia durante (3..15 segundos).;0;4;21;4;0;0;1;10;0;8;0;0;0;0;0;
132;Sello pestilente;Pest-Siegel;Sello de élite. Transfiere todas tus condiciones con un 100..200% de la duración restante al enemigo objetivo. 50% de probabilidades de fallar a no ser que se utilicen Maldiciones de nivel 5 o superior.;0;7;21;4;0;0;1;4;0;0;1;0;0;0;0;
133;Pacto oscuro;Dunkler Pakt;Conjuro. Hace 20..60 de daño.;0;4;22;4;0;1;1;2;0;10;0;0;0;0;0;
134;Orden del dolor;Orden der Schmerzen;Conjuro con encantamiento. Encanta a todos los miembros del grupo (5 segundos). 3..16 de daño extra cada vez que alguno haga daño físico.;0;4;23;4;0;10;2;0;0;17;0;0;0;0;0;
135;Miedo visceral;Mutlosigkeit;Conjuro con maleficio. (4..18 segundos). El enemigo objetivo ataca un 50% más lento y tiene -1..3 de degeneración de salud.;0;7;24;4;0;10;1;8;0;0;0;0;0;0;0;
136;Sombra del miedo;Schatten der Angst;Conjuro con maleficio. También afecta a los enemigos adyacentes al objetivo (5..30 segundos). Atacan un 50% más despacio.;1;7;24;4;0;10;2;5;0;0;0;0;0;0;0;
137;Rigor mortis;Totenstarre;Conjuro con maleficio. (8..20 segundos). El enemigo objetivo no puede bloquear ataques.;0;7;24;4;0;10;1;20;0;0;0;0;0;0;0;
138;Vínculo oscuro;Dunkles Band;Conjuro con encantamiento. (30..60 segundos). Transfieres el 75% de los daños que recibas a tu siervo más cercano.;0;4;23;4;0;5;2;20;0;0;0;0;0;0;0;
139;Infundir condición;Zustand einflößen;Conjuro con encantamiento. (15..60 segundos). Cuando recibas una condición, la transfieres a tu siervo más cercano.;1;5;23;4;0;5;1;20;0;0;0;0;0;0;0;
140;Malestar;Unwohlsein;Conjuro con maleficio. (5..35 segundos). Causa -1 de degeneración de energía. Hace 5..50 de daño si la energía del enemigo objetivo cae a 0. Tienes -1 de degeneración de salud. Acaba si la energía del enemigo objetivo cae a 0.;1;7;24;4;0;5;2;2;0;0;0;0;0;0;0;
141;Desgarrar encantamientos;Verzauberungen entreißen;Conjuro. Elimina 5..9 encantamientos del enemigo objetivo. Coste de la eliminación: pierdes 55..25 de salud por cada encantamiento de Monje eliminado.;0;7;22;4;0;5;2;20;0;0;0;0;0;0;0;
142;Maldición persistente;Bleibender Fluch;Conjuro con maleficio de élite. (6..30 segundos). El enemigo objetivo y los cercanos sufren -1..4 de degeneración de salud y se benefician un 25% menos de las curaciones.;0;7;24;4;0;15;1;10;0;0;1;0;0;0;0;
143;Quitar encantamiento;Verzauberung rauben;Conjuro. Elimina 0..2 encantamientos del enemigo objetivo. Efecto de la eliminación: robas 5..65 de salud.;0;4;22;4;0;10;1;20;0;0;0;0;0;0;0;
144;Sabañones;Frostbeulen;Conjuro. Hace 10..44 de daño frío a todos los enemigos de la zona de tu objetivo. Elimina 1..2 encantamientos de esos enemigos. Quedas envenenado (10 segundos).;0;7;22;4;0;25;2;8;0;0;0;0;0;0;0;
145;Sello de la agonía;Siegel der Qual;Sello. Hace 10..70 de daño a los enemigos cercanos. Sufres una hemorragia (25 segundos).;0;4;21;4;0;0;.75;8;0;10;0;0;0;0;0;
146;Ofrenda de sangre;Blutopfer;Conjuro de élite. Ganas 8..20 de energía.;1;4;22;4;0;1;.25;15;0;20;1;0;0;0;0;
147;Furia oscura;Dunkle Wut;Conjuro con encantamiento. Encanta a los miembros del grupo (5 segundos), que ganan uno de adrenalina cada vez que hagan un ataque. 50% de probabilidades de fallar con magia de sangre inferior a 5.;1;4;23;4;0;10;.75;5;0;17;0;0;0;0;0;
148;Orden del vampiro;Orden des Vampirs;Conjuro con encantamiento de élite. Encanta a todos los miembros del grupo (5 segundos), que roban 3..16 de salud por cada ataque con daño físico que hagan. No tiene efecto en los miembros del grupo que tengan otro encantamiento de Nigromante.;1;4;23;4;0;5;2;5;0;17;1;0;0;0;0;
149;Envío pestilente;Pest aussenden;Conjuro. Transfieres 1..3 condición[f:"condiciones"] al enemigo objetivo y los adyacentes, que durarán el tiempo que les quedaba para terminar.;1;7;22;4;0;1;1;5;0;10;0;0;0;0;0;
150;Marca del dolor;Zeichen des Schmerzes;Conjuro con maleficio. (30 segundos). Hace 10..40 de daño a los enemigos adyacentes cada vez que el enemigo objetivo reciba daño físico.;0;7;24;4;0;10;1;20;0;0;0;0;0;0;0;
151;Festín de corrupción;Schmaus der Verdorbenheit;Conjuro de élite. Hace 16..80 de daño al enemigo objetivo y los adyacentes. Roba 8..40 de salud de cada enemigo que tenga un maleficio.;1;7;22;4;0;15;2;15;0;0;1;0;0;0;0;
152;Sabor de la muerte;Geschmack des Todes;Conjuro. Roba 100..400 de salud de un siervo aliado.;0;5;22;4;0;5;.25;0;0;0;0;0;0;0;0;
153;Mirada vampírica;Vampir-Starren;Conjuro. Roba 18..60 de salud.;0;4;22;4;0;10;1;8;0;0;0;0;0;0;0;
154;Toque pestilente;Pest-Berührung;Habilidad de toque. Transfiere 1..3 condiciones tuyas al enemigo objetivo.;0;7;1;4;0;5;.75;0;0;0;0;0;0;0;0;
155;Toque vil;Abscheuliche Berührung;Habilidad de toque. Hace 20..65 de daño.;0;5;1;4;0;10;.75;2;0;0;0;0;0;0;0;
156;Toque vampírico;Vampir-Berührung;Habilidad de toque. Roba 29..74 de salud.;1;4;1;4;0;15;.75;2;0;0;0;0;0;0;0;
157;Ritual de sangre;Blutritual;Conjuro con encantamiento. (8..14 segundos). +3 de regeneración de energía. No te puedes apuntar a ti mismo.;1;4;23;4;0;5;1;2;0;17;0;0;0;0;0;
158;Toque de agonía;Berührung der Qual;Habilidad de toque. Hace 20..58 de daño.;1;4;1;4;0;1;.75;3;0;10;0;0;0;0;0;
159;Debilitar armadura;Rüstung schwächen;Conjuro. También afecta a los enemigos adyacentes. Causa armadura rota (5..20 segundos).;0;7;22;4;0;5;.5;5;0;0;0;0;0;0;0;
160;Velocidad del viento;Windgeschwindigkeit;Conjuro con encantamiento. (5..13 segundos). El objetivo aliado se mueve un 33% más rápido.;1;8;23;6;0;10;.75;5;0;0;0;0;0;0;0;
162;Vendaval;Orkan;Conjuro. Causa derribo. 50% de posibilidades de fallar a menos que tengas magia de aire 5 o superior.;0;8;22;6;0;10;1;5;0;0;0;0;10;0;0;
163;Torbellino;Wirbelsturm;Conjuro. Golpea a los enemigos adyacentes a ti. Hace 15..75 de daño frío. Derriba a los enemigos atacantes. Golpea a los cercanos en vez de a los adyacentes si estás sobrelanzando.;1;8;22;6;0;5;.75;8;0;0;0;0;0;0;0;
164;Sintonía con los elementos;Elementareinstimmung;Conjuro con encantamiento de élite. (25..60 segundos). Tus atributos de los elementos aumentan en +1..2. Ganas 1 de energía más un 50 % del coste base de energía de cualquier habilidad de magia de aire, tierra, fuego y agua que uses.;0;12;23;6;0;10;1;20;0;0;1;0;0;0;0;
165;Armadura de tierra;Erdrüstung;Conjuro con encantamiento. (30 segundos.) Tienes +24..60 de armadura. Te mueves un 50..14% más lento.;0;9;23;6;0;10;.75;15;0;0;0;0;0;0;0;
166;Armadura cinética;Kinetik-Rüstung;Conjuro con encantamiento. (12 segundos). Tienes +20..80 de armadura. Extra de renovación: lanzar un conjuro.;1;9;23;6;0;15;3;30;0;0;0;0;0;0;0;
167;Erupción;Eruption;Conjuro. Hace 10..40 de daño de tierra por segundo (5 segundos). Alcanza a los enemigos cercanos a la ubicación inicial del objetivo. Causa ceguera (10 segundos).;1;9;22;6;0;25;2;30;0;0;0;0;0;0;0;
168;Aura magnética;Magnet-Aura;Conjuro con encantamiento. (1..8 segundos.) Bloquea el siguiente ataque contra ti y refleja 10..50 de daño hacia el atacante. Si estás sobrelanzando, encanta a los miembros del grupo al alcance del oído.;1;9;23;6;0;10;1;12;0;0;0;0;0;0;0;
169;Sintonía con la tierra;Erdeinstimmung;Conjuro con encantamiento. (36..60 segundos). Ganas 1 de energía más el 30% del coste de energía cuando uses una habilidad de magia de tierra.;0;9;23;6;0;10;1;30;0;0;0;0;0;0;0;
170;Terremoto;Erdbeben;Conjuro. Causa 26..100 de daño de tierra. También afecta a los enemigos cercanos al objetivo. Causa derribo.;1;9;22;6;0;25;3;15;0;0;0;0;10;0;0;
171;Pedrada;Steinigung;Conjuro. Proyectil: causa 45..105 de daño de tierra. Causa derribo si el enemigo objetivo sufre debilitamiento.;0;9;22;6;0;15;1;5;0;0;0;0;0;0;0;
172;Dagas de piedra;Steindolche;Conjuro. Dos proyectiles: cada uno causa 8..33 de daño de tierra. Si estás sobrelanzando, causa hemorragia durante 1..5 segundos;0;9;22;6;0;5;1;0;0;0;0;0;0;0;0;
173;Presa de la tierra;Zupackende Erde;Conjuro con maleficio. También afecta a los enemigos cercanos a ti (5..20 segundos). Estos enemigos se moverán un 50% más despacio.;1;9;24;6;0;10;.75;12;0;0;0;0;0;0;0;
174;Descarga de respuesta;Nachbeben;Conjuro. Hace 15..85 de daño de tierra a los enemigos cercanos. Hace 15..85 más de daño de tierra a los enemigos derribados.;0;9;22;6;0;10;.75;10;0;0;0;0;0;0;0;
175;Protección contra los elementos;Abwehr gegen Elemente;Conjuro de protección. (8..20 segundos). Los aliados dentro de esta protección tienen +24 de armadura contra daño de los elementos. No afecta a los espíritus.;1;9;26;6;0;10;1;20;0;0;0;0;0;0;0;
176;Protección ataques cuerpo a cuerpo;Abwehr gegen Nahkampf;Conjuro de protección. (5..20 segundos). Los aliados dentro de esta protección tienen un 50% de posibilidades de bloquear ataques cuerpo a cuerpo. No afecta a los aliados espíritus.;0;9;26;6;0;15;1;30;0;0;0;0;0;0;0;
177;Protección contra enemigos;Abwehr gegen Feinde;Conjuro de protección. (8..20 segundos). Los enemigos dentro de la protección se mueven un 50% más lento.;0;9;26;6;0;15;1;20;0;0;0;0;0;0;0;
178;Prodigio de éter;Ätherwunder;Conjuro con encantamiento de élite. (8..20 segundos). Tienes +6 de regeneración de energía. Efecto final: pierdes 2 de salud por cada punto de energía que tengas. Pierdes todos los encantamientos.;1;12;23;6;0;5;1;5;0;0;1;0;10;0;0;
179;Vínculos incendiarios;Brandbänder;Conjuro con maleficio. (3 segundos.) Efecto final: hace 20..80 de daño de fuego y causa quemadura (1..3 segundos) a los enemigos cercanos al objetivo. También se activa si el enemigo muere.;1;10;24;6;0;10;1;7;0;0;0;0;5;0;0;
180;Aura de restauración;Wiederherstellungs-Aura;Conjuro con encantamiento. (60 segundos.) Ganas 0..1 de energía y te curas un 200..500% del coste de energía cada vez que lances un conjuro.;0;12;23;6;0;5;.25;20;0;0;0;0;0;0;0;
181;Renovación de éter;Äthererneuerung;Conjuro con encantamiento de élite. (5..20 segundos). Cada vez que lances un conjuro, ganas 1..4 de energía y 5..20 de salud por cada encantamiento que tengas.;1;12;23;6;0;10;1;30;0;0;1;0;0;0;0;
182;Conjurar llama;Flammenbeschwörung;Conjuro con encantamiento. (60 segundos.) Tus ataques hacen +5..20 de daño de fuego. No tiene efecto si no llevas un arma de fuego.;0;10;23;6;0;10;1;30;0;0;0;0;0;0;0;
183;Infierno;Inferno;Conjuro. Hace 30..135 de daño de fuego a los enemigos adyacentes a ti.;0;10;22;6;0;10;.75;10;0;0;0;0;0;0;0;
184;Sintonía con el fuego;Feuereinstimmung;Conjuro con encantamiento. (36..60 segundos). Ganas 1 de energía más el 30% del coste de energía cuando uses una habilidad de magia de fuego.;0;10;23;6;0;10;1;30;0;0;0;0;0;0;0;
185;Quemadura mental;Geistige Verbrennung;Conjuro de élite. Hace 15..60 de daño de fuego. Si tienes más energía que el enemigo objetivo, hace 15..60 más de daño de fuego y causa quemadura (1..10 segundos). También alcanza a los enemigos cercanos.;0;10;22;6;0;5;1;5;0;0;1;0;5;0;0;
186;Bola de fuego;Feuerball;Conjuro. Proyectil: Hace 7..112 de daño de fuego al enemigo objetivo y los enemigos cercanos.;0;10;22;6;0;10;1.5;7;0;0;0;0;0;0;0;
187;Meteoro;Meteor;Conjuro. Hace 7..112 de daño de fuego y causa derribo. También afecta a los enemigos adyacentes al enemigo objetivo.;0;10;22;6;0;5;2;30;0;0;0;0;10;0;0;
188;Llamaradas;Flammenstoß;Conjuro. Hace 15..120 de daño de fuego a todos los enemigos cercanos.;1;10;22;6;0;15;.75;5;0;0;0;0;0;0;0;
189;Invocación de Rodgort;Anrufung von Rodgort;Conjuro. Hace 15..120 de daño de fuego. También alcanza a los enemigos cercanos a tu objetivo. Causa quemadura (1..3 segundos).;1;10;22;6;0;25;2;8;0;0;0;0;0;0;0;
190;Marca de Rodgort;Zeichen des Rodgort;Conjuro con maleficio. También afecta a los enemigos cercanos al objetivo (10..35 segundos). Causa quemadura (1..4 segundos) cuando esos enemigos reciben daño de fuego.;1;10;24;6;0;15;1;15;0;0;0;0;0;0;0;
191;Inmolación;Feueropfer;Conjuro. Hace 20..75 de daño de fuego. Causa quemadura (1..3 segundos).;0;10;22;6;0;10;1;5;0;0;0;0;0;0;0;
192;Lluvia de meteoros;Meteorschauer;Conjuro. Hace 7..112 de daño de fuego y causa derribos cada 3 segundos (9 segundos). Alcanza a los enemigos adyacentes a la ubicación inicial del objetivo.;1;10;22;6;0;25;5;60;0;0;0;0;10;0;0;
193;Fénix;Phönix;Conjuro. Proyectil: hace 10..60 de daño de fuego al objetivo y a los enemigos cercanos. Cura 20..80 a los aliados si estás sobrelanzando.;1;10;22;6;0;10;1.5;7;0;0;0;0;0;0;0;
194;Bengala;Feuergeschoss;Conjuro. Proyectil: hace 20..65 de daño de fuego. Si estás sobrelanzando, golpea a los adyacentes.;0;10;22;6;0;5;1;0;0;0;0;0;0;0;0;
195;Fuente de lava;Lavabecken;Conjuro. Hace 5..50 de daño de fuego por segundo (5 segundos). Alcanza a los enemigos adyacentes a tu ubicación inicial. Si estás sobrelanzando, se aumenta el alcance a los cercanos.;1;10;22;6;0;10;1.5;4;0;0;0;0;0;0;0;
196;Calor abrasador;Sengende Hitze;Conjuro. Hace 10..40 de daño de fuego por segundo (5 segundos). Alcanza a los enemigos cercanos a la ubicación inicial del objetivo. Efecto final: causa quemadura (3 segundos).;1;10;22;6;0;15;2;25;0;0;0;0;0;0;0;
197;Tormenta de fuego;Feuersturm;Conjuro. Hace 5..35 de daño de fuego por segundo (10 segundos). Alcanza a los enemigos adyacentes a la ubicación inicial del objetivo.;0;10;22;6;0;10;2;20;0;0;0;0;0;0;0;
198;Glifo de poder elemental;Glyphe der Elementarkraft;Glifo. (25 segundos.) Aumenta tus atributos de los elementos en +2 para tus próximos 10 conjuros.;0;-1;16;6;0;5;1;5;0;0;0;0;0;0;0;
199;Glifo de energía;Glyphe der Energie;Glifo de élite. Tus siguientes 1..3 conjuros no causan sobrelanzamiento y cuestan 10..25 menos de energía. Ganas 1..2 en todos los atributos de los elementos.;1;12;16;6;0;5;1;25;0;0;1;0;0;0;0;
200;Glifo de energía menor;Glyphe der geringeren Energie;Glifo. (15 segundos.) tus próximos 2 conjuros cuestan 10..18 menos de energía.;0;12;16;6;0;5;1;30;0;0;0;0;0;0;0;
201;Glifo de concentración;Glyphe der Konzentration;Glifo. (15 segundos.) Tus próximos 1 conjuros no se pueden interrumpir y no les afecta aturdimiento.;1;-1;16;6;0;5;1;10;0;0;0;0;0;0;0;
202;Glifo de sacrificio;Glyphe der Opferung;Glifo. (15 segundos.) Tu próximo conjuro se lanza de forma instantánea, pero tardará 30 segundos más en recargarse. Termina si utilizas una habilidad que no sea un conjuro.;1;-1;16;6;0;5;1;15;0;0;0;0;0;0;0;
203;Glifo de renovación;Glyphe der Erneuerung;Glifo de élite. (15 segundos.) Tu siguiente conjuro se recargará instantáneamente.;1;-1;16;6;0;5;1;10;0;0;1;0;0;0;0;
204;Óxido;Rost;Conjuro con maleficio. Hace 10..85 de daño frío al enemigo objetivo y los adyacentes. Maldice a los enemigos adyacentes (5..20 segundos). Duplica el tiempo de activación de sellos. Interrumpe y desactiva los sellos durante 1..10 segundos si estás sobrelanzando.;0;11;24;6;0;10;1;8;0;0;0;0;0;0;0;
205;Oleada de relámpagos;Blitzwelle;Conjuro con maleficio de élite. (3 segundos.) Efecto final: hace 14..100 de daño de relámpago, derriba y causa armadura rota (5..20 segundos). 25% de penetración de armadura.;0;8;24;6;0;10;1;10;0;0;1;0;0;0;0;
206;Armadura de escarcha;Frostrüstung;Conjuro con encantamiento. (10..34 segundos). Ganas +40 de armadura contra daño físico y tienes +1 magia de agua.;1;11;23;6;0;5;1;20;0;0;0;0;0;0;0;
207;Conjurar escarcha;Frost beschwören;Conjuro con encantamiento. (60 segundos.) Tus ataques hacen +5..20 de daño frío. No tiene efecto si no llevas un arma de daño frío.;0;11;23;6;0;10;1;30;0;0;0;0;0;0;0;
208;Sintonía con el agua;Wassereinstimmung;Conjuro con encantamiento. (36..60 segundos). Ganas 1 de energía más el 30% del coste de energía cuando uses una habilidad de magia de agua.;0;11;23;6;0;10;1;30;0;0;0;0;0;0;0;
209;Congelar mente;Geistige Erfrierung;Conjuro con maleficio de élite. Hace 10..60 de daño frío. Si tienes más energía que el enemigo objetivo, hace 10..60 de daño frío y causa una reducción del 90% en el movimiento (1..5 segundos).;0;11;24;6;0;5;1;5;0;0;1;0;5;0;0;
210;Prisión de hielo;Eisgefängnis;Conjuro con maleficio. (8..20 segundos). El enemigo objetivo se mueve un 66% más despacio.;1;11;24;6;0;10;2;30;0;0;0;0;0;0;0;
211;Púas de hielo;Eisdornen;Conjuro con maleficio. También afecta a los enemigos cercanos al objetivo (2..6 segundos). Estos enemigos se moverán un 66% más despacio. Efecto inicial: hace 20..80 de daño frío.;0;11;24;6;0;15;1.5;10;0;0;0;0;0;0;0;
212;Estallido helado;Frostexplosion;Conjuro con maleficio. Afecta a los enemigos cercanos a ti. Estos enemigos se moverán un 66% más despacio (3..8 segundos). Efecto inicial: hace 10..85 de daño frío a los enemigos cercanos.;1;11;24;6;0;15;.75;8;0;0;0;0;0;0;0;
213;Tormenta de fragmentos;Scherbensturm;Conjuro con maleficio. Proyectil: hace 10..85 de daño frío. El enemigo objetivo se mueve un 66% más despacio (2..6 segundos).;1;11;24;6;0;10;1;10;0;0;0;0;0;0;0;
214;Lanza de hielo;Eisspeer;Conjuro con encantamiento. Proyectil: hace 10..60 de daño frío. Obtienes +1..4 de regeneración de salud durante 5 segundos si estás sobrelanzando.;0;11;23;6;0;5;1;0;0;0;0;0;0;0;0;
215;Vorágine;Strudel;Conjuro. Hace 10..25 de daño frío e interrumpe conjuros cada segundo (10 segundos). Alcanza a los enemigos adyacentes a la ubicación inicial del objetivo.;0;11;22;6;0;15;1.5;20;0;0;0;0;10;0;0;
216;Niebla de hierro;Eisennebel;Conjuro con encantamiento. (8..15 segundos) Ganas +15 de armadura. Los conjuros de magia de aire que hagan objetivo a un enemigo se activan y recargan un 33 % más rápido, pero tienes 2 puntos de sobrelanzamiento.;1;9;23;6;0;10;1;20;0;0;0;0;0;0;0;
217;Ola de cristales;Kristallwelle;Conjuro. Hace 10..70 de daño a todos los enemigos adyacentes a ti. Esos enemigos pierden todas las condiciones y reciben 5..15 de daño por cada condición eliminada.;1;9;22;6;0;15;.75;15;0;0;0;0;0;0;0;
218;Carne de obsidiana;Obsidianfleisch;Conjuro con encantamiento de élite. (8..20 segundos). Tienes +20 de armadura y no puedes ser objetivo de conjuros enemigos. No puedes atacar y tienes -2 de degeneración de energía.;0;9;23;6;0;25;1;30;0;0;1;0;0;0;0;
219;Llama de obsidiana;Obsidianflamme;Conjuro. Causa 22..112 de daño.;0;9;22;6;0;5;1.5;5;0;0;0;0;5;0;0;
220;Destello cegador;Blitzblendung;Conjuro. Causa ceguera (3..8 segundos).;0;8;22;6;0;10;.75;8;0;0;0;0;0;0;0;
221;Conjurar relámpago;Blitzbeschwörung;Conjuro con encantamiento. (60 segundos.) Tus ataques hacen +5..20 de daño de relámpago. No tiene efecto si no llevas un arma de daño de relámpago.;0;8;23;6;0;10;1;30;0;0;0;0;0;0;0;
222;Ataque de relámpago;Blitzschlag;Conjuro con maleficio. Causa 10..60 de daño de relámpago. 25% de penetración de armadura. Maldito durante 3 segundos si estás sobrelanzando. Efecto final: causa 20..40 de daño de relámpago.;0;8;24;6;0;5;1;5;0;0;0;0;0;0;0;
223;Relámpago encadenado;Kettenblitz;Conjuro. Causa 10..85 de daño de relámpago. También alcanza a dos enemigos cercanos a tu objetivo. 25% de penetración de armadura.;1;8;22;6;0;10;2;6;0;0;0;0;5;0;0;
224;Carga debilitante;Schwächende Aufladung;Conjuro. Causa 25..50 de daño de relámpago. Causa debilitamiento (5..20 segundos). 25% de penetración de armadura.;0;8;22;6;0;10;1;8;0;0;0;0;0;0;0;
225;Sintonía con el aire;Lufteinstimmung;Conjuro con encantamiento. (36..60 segundos). Ganas 1 de energía más el 30% del coste de energía cuando uses una habilidad de magia de aire.;0;8;23;6;0;10;1;30;0;0;0;0;0;0;0;
226;Impacto mental;Geistiger Schock;Conjuro de élite. Causa 10..50 de daño de relámpago. Si tienes más energía que el enemigo objetivo, hace +10..50 de daño de relámpago y provoca derribo. 25% de penetración de armadura.;1;8;22;6;0;5;1;8;0;0;1;0;5;0;0;
227;Marca atenuada;Schimmerndes Zeichen;Conjuro con maleficio de élite. (10 segundos). Hace 5..25 de daño cada segundo al enemigo objetivo y los adyacentes. Causa ceguera a los enemigos que estén utilizando habilidades de ataque. Acaba si usas una habilidad que apunte a este objetivo.;1;8;24;6;0;10;1;15;0;0;1;0;0;0;0;
228;Trueno;Donnerschlag;Conjuro de élite. Causa 10..50 de daño de relámpago. También alcanza a los enemigos cercanos. Causa armadura rota y debilitamiento (5..20 segundos). Interrumpe. 25 % de penetración de armadura.;1;8;22;6;0;10;1;8;0;0;1;0;0;0;0;
229;Esfera de relámpago;Kugelblitz;Conjuro. Proyectil: causa 10..100 de daño de relámpago. 25% de penetración de armadura.;0;8;22;6;0;10;2;5;0;0;0;0;0;0;0;
230;Jabalina de relámpago;Blitzspeer;Conjuro. Proyectil: causa 15..50 de daño de relámpago. Interrumpe si tu objetivo está atacando. 25% de penetración de armadura. Golpea a todos los enemigos entre tu objetivo y tú.;1;8;22;6;0;5;1;5;0;0;0;0;0;0;0;
231;Descarga;Schock;Habilidad de toque. Causa 10..60 de daño de relámpago. Causa derribo. 25% de penetración de armadura.;1;8;1;6;0;5;.75;10;0;0;0;0;10;0;0;
232;Toque de relámpago;Blitz-Berührung;Habilidad de toque. Causa 10..60 de daño de relámpago. También golpea a los enemigos adyacentes al objetivo. Causa ceguera (1..4 segundos) y armadura rota (1..10 segundos) a todos los enemigos alcanzados. 25% de penetración de armadura.;0;8;1;6;0;5;.75;5;0;0;0;0;0;0;0;
233;Torbellino de aura;Wirbelnde Aura;Conjuro con encantamiento. (3..7 segundos.) Otorga 1..6 de regeneración de salud y un 50% de probabilidad de bloquear. Si estás sobrelanzando, también encanta a los miembros del grupo al alcance del oído.;1;11;23;6;0;10;1;15;0;0;0;0;0;0;0;
234;Congelación;Tiefgefrieren;Conjuro con maleficio. También afecta a los enemigos en la zona del objetivo (10 segundos). Estos enemigos se moverán un 66% más despacio. Efecto inicial: hace 10..85 de daño frío.;0;11;24;6;0;25;2;15;0;0;0;0;0;0;0;
235;Visión borrosa;Verschwommene Sicht;Conjuro con maleficio. También afecta a los enemigos cercanos al objetivo (4..10 segundos). Tienes un 50% de posibilidades de fallar.;0;11;24;6;0;10;1;12;0;0;0;0;0;0;0;
236;Forma de niebla;Nebelform;Conjuro con encantamiento de élite. (10..45 segundos). Recibes un 33% menos de daño de los enemigos que estén bajo el efecto de maleficios de magia de agua. Cura a los aliados no espíritus al alcance del oído un 50..250% del coste de energía de tus conjuros de los elementos.;1;11;23;6;0;5;1;20;0;0;1;0;0;0;0;
237;Tridente de agua;Wasserdreizack;Conjuro de élite. Proyectil veloz: hace 10..90 de daño frío y derriba a los enemigos en movimiento. Lanza 2 proyectiles adicionales a enemigos adyacentes.;1;11;22;6;0;5;1;3;0;0;1;0;0;0;0;
238;Armadura de niebla;Nebelrüstung;Conjuro con encantamiento. (8..20 segundos). Tienes +10..40 de armadura y te mueves un 33% más rápido.;1;11;23;6;0;10;1;30;0;0;0;0;0;0;0;
239;Protección contra daños;Abwehr gegen Schaden;Conjuro de protección de élite. (5..15 segundos). Los aliados dentro de esta protección tienen +1..3 de regeneración de salud, +12..24 de armadura y un +12..24 adicional de armadura contra daño de los elementos. No afecta a los espíritus. Este conjuro queda desactivado durante 20 segundos.;1;11;26;6;0;15;1;20;0;0;1;0;0;0;0;
240;Golpe;Peinigung;Conjuro. Hace 10..55 de daño sagrado. 10..35 de daño sagrado extra si el objetivo está atacando.;1;14;22;3;0;10;1;10;0;0;0;0;0;0;0;
241;Vínculo de vida;Lebensbindung;Conjuro con encantamiento. La mitad del daño que hagan al aliado objetivo se traspasa a ti. El daño recibido se reduce en 3..30. No se puede usar con uno mismo.;0;15;23;3;-1;10;2;0;0;0;0;0;0;0;0;
242;Espíritu de Balthazar;Balthasars Geist;Conjuro con encantamiento. El objetivo (un aliado o tú mismo) gana adrenalina y 1 de energía al recibir daño.;1;14;23;3;-1;10;2;0;0;0;0;0;0;0;0;
243;Fuerza del honor;Stärke der Ehre;Conjuro con encantamiento. El objetivo (un aliado o tú mismo) hace 5..25 más de daño en ataques cuerpo a cuerpo.;0;14;23;3;-1;10;2;15;0;0;0;0;0;0;0;
244;Sintonía con la vida;Lebenseinstimmung;Conjuro con encantamiento. El objetivo (un aliado o tú mismo) gana un 14..50% más de salud al curarse. Este objetivo hace 30% menos de daño al atacar.;1;15;23;3;-1;10;2;0;0;0;0;0;0;0;0;
245;Espíritu protector;Schutzgeist;Conjuro con encantamiento. (5..23 segundos). El daño que el objetivo (un aliado o tú mismo) reciba se reduce en un 10% de su máximo de salud.;0;15;23;3;0;10;.25;5;0;0;0;0;0;0;0;
246;Intervención divina;Göttliche Intervention;Conjuro con encantamiento. (10 segundos). Impide el siguiente ataque al objetivo (un aliado o tú mismo) sea crítico. Efecto: cura 26..240 de salud.;0;16;23;3;0;5;.25;30;0;0;0;0;0;0;0;
247;Símbolo de la ira;Symbol des Zorns;Conjuro. Hace 10..40 de daño sagrado por segundo (5 segundos). Alcanza a los enemigos adyacentes a la ubicación inicial del enemigo objetivo.;1;14;22;3;0;5;1;20;0;0;0;0;0;0;0;
248;Retribución;Vergeltung;Conjuro con encantamiento. Hace que el 33% de cada daño vuelva al atacante (máximo 5..20).;0;14;23;3;-1;10;2;0;0;0;0;0;0;0;0;
249;Ira sagrada;Heiliger Zorn;Conjuro con encantamiento. (10..30 segundos). Hace que el 66% de cada daño vuelva al atacante (máximo 5..50). Acaba después de recibir daño 1..10 veces. No te puedes apuntar a ti mismo.;1;14;23;3;0;10;1;10;0;0;0;0;0;0;0;
250;Vínculo de esencia;Essenzbindung;Conjuro con encantamiento. Ganas 1 de energía cuando el objetivo (un aliado o tú mismo) reciba daño físico o de los elementos.;1;-1;23;3;-1;10;2;0;0;0;0;0;0;0;0;
251;Castigar curación;Geißelheilung;Conjuro con maleficio. (30 segundos). Cada vez que el enemigo objetivo sea curado, el que lo haga recibirá 15..80 de daño sagrado.;0;14;24;3;0;10;2;5;0;0;0;0;0;0;0;
252;Desvanecer;Verbannung;Conjuro. Hace 20..65 de daño sagrado. Doble de daño a criaturas invocadas.;0;14;22;3;0;5;1;10;0;0;0;0;0;0;0;
253;Castigar sacrificio;Geißelopfer;Conjuro con maleficio. También afecta a los enemigos adyacentes al objetivo (8..20 segundos). Dobla el sacrificio de salud.;1;14;24;3;0;5;1;5;0;0;0;0;0;0;0;
254;Espíritu vigoroso;Energischer Geist;Conjuro con encantamiento. (30 segundos). Cura 5..20 cada vez que el objetivo (un aliado o tú mismo) ataque o lance un conjuro.;1;13;23;3;0;5;.25;4;0;0;0;0;0;0;0;
255;Espíritu guardián;Wachsamer Geist;Conjuro con encantamiento. +2 de regeneración de salud. Efecto final: cura 30..180 de salud.;1;16;23;3;-1;15;1;5;0;0;0;0;0;0;0;
256;Aura bendita;Gesegnete Aura;Conjuro con encantamiento. Los encantamientos de Monje que lances duran un 10..35% más.;1;16;23;3;-1;10;2;2;0;0;0;0;0;0;0;
257;Égida;Aegis;Conjuro con encantamiento. Encanta a todos los miembros del grupo al alcance del oído (6..15 segundos.) 50% de posibilidades de bloquear.;0;15;23;3;0;10;2;30;0;0;0;0;0;0;0;
258;Guardián;Wächter;Conjuro con encantamiento. (2..7 segundos). 50% de probabilidades de bloquear.;0;15;23;3;0;5;1;6;0;0;0;0;0;0;0;
259;Escudo desviador;Ablenkungsschild;Conjuro con encantamiento de élite. (3..10 segundos). 75% de probabilidades de bloquear. +15..30 de armadura.;1;15;23;3;0;10;.25;5;0;0;1;0;0;0;0;
260;Aura de fe;Glaubensaura;Conjuro con encantamiento de élite. (3 segundos). El objetivo (un aliado o tú mismo) gana un 50..100% más de salud de las curaciones y recibe 5..50% menos de daño.;1;15;23;3;0;5;.25;8;0;0;1;0;0;0;0;
261;Escudo de regeneración;Schild der Regeneration;Conjuro con encantamiento de élite. (5..13 segundos). +3..10 de regeneración de salud y +20..45 de armadura.;0;15;23;3;0;10;.25;8;0;0;1;0;0;0;0;
262;Escudo del juicio;Schild des Urteils;Conjuro con encantamiento de élite. (8..20 segundos). Hace 5..50 de daño sagrado a los enemigos que ataquen al objetivo (un aliado o tú mismo). Causa derribo.;1;14;23;3;0;15;1;45;0;0;1;0;0;0;0;
263;Vínculo de protección;Band des Schutzes;Conjuro con encantamiento. El objetivo (un aliado o tú mismo) no puede perder más del 5% del máximo de salud de un solo ataque o conjuro. Cada vez que se absorba daño, pierdes 6..3 de energía o este conjuro acaba.;1;15;23;3;-1;10;2;0;0;0;0;0;0;0;0;
264;Pacifismo;Pazifismus;Conjuro con maleficio. (4..8 segundos). El enemigo objetivo no puede atacar. Acaba si este enemigo recibe daño.;1;15;24;3;0;10;2;15;0;0;0;0;0;0;0;
265;Concordia;Freundschaft;Conjuro con maleficio de élite. (4..12 segundos). Los enemigos adyacentes a tu ubicación no pueden atacar. Acaba en los enemigos que reciban daño.;1;15;24;3;0;5;.25;20;0;0;1;0;0;0;0;
266;Paz y armonía;Frieden und Harmonie;Conjuro con encantamiento de élite. El aliado objetivo pierde 0..9 condición["condiciones"] y maleficios. Las condiciones y maleficios que ese aliado tenga acaban un 90% antes (1..3 segundos). Se desactivan tus plegarias de ataque (20 segundos).;1;16;23;3;0;5;.25;10;0;0;1;0;0;0;0;
267;Perspicacia del juez;Einblick des Richters;Conjuro con encantamiento. (8..20 segundos). Convierte los ataques del objetivo (un aliado o tú mismo) a daño sagrado y añade +20% de penetración de armadura.;0;14;23;3;0;10;2;10;0;0;0;0;0;0;0;
268;Aura de persistencia;Unnachgiebige Aura;Conjuro con encantamiento de élite. Tus conjuros de Monje curan un +15..60% más de salud. Efecto final: un miembro del grupo al azar resucita con toda la salud y energía y es teletransportado a tu ubicación.;1;16;23;3;-1;5;.25;10;0;0;1;0;0;0;0;
269;Marca de protección;Schutzzeichen;Conjuro con encantamiento de élite. (10 segundos). El daño recibido se convierte en curación (máximo 6..60). Todas tus plegarias de protección se desactivan (5 segundos).;1;15;23;3;0;10;.25;15;0;0;1;0;0;0;0;
270;Barrera de vida;Lebenssperre;Conjuro con encantamiento de élite. Reduce el daño un 20..50%. No se puede usar con uno mismo. Si tu salud está por debajo del 50% cuando el objetivo reciba daño, la Barrera de vida acaba.;1;15;23;3;-1;15;2;5;0;0;1;0;0;0;0;
271;Fuego del zelote;Eifererfeuer;Conjuro con encantamiento. (60 segundos). Siempre que utilices una habilidad con un aliado, todos los enemigos adyacentes a él reciben 5..35 de daño de fuego. Coste del daño: pierdes 1 de energía.;0;14;23;3;0;10;.25;30;0;0;0;0;0;0;0;
272;Aura de Balthazar;Balthasars Aura;Conjuro con encantamiento. (8 segundos). Hace 10..30 de daño sagrado por segundo a los enemigos adyacentes al objetivo aliado.;0;14;23;3;0;15;1;20;0;0;0;0;0;0;0;
273;Rompeconjuros;Zauberbrecher;Conjuro con encantamiento de élite. (5..17 segundos). El enemigo no puede echar conjuros al objetivo (un aliado o tú mismo).;0;16;23;3;0;15;1;45;0;0;1;0;0;0;0;
274;Semilla de curación;Heilender Samen;Conjuro con encantamiento. (10 segundos). El objetivo y los aliados adyacentes ganan 3..30 de salud cada vez que este aliado reciba daño. No se puede usar con uno mismo.;0;13;23;3;0;10;2;25;0;0;0;0;0;0;0;
275;Arreglar condición;Zustand bessern;Conjuro. Elimina una condición. Efecto: cura 5..70 de salud. No te puedes apuntar a ti mismo.;1;15;22;3;0;5;.75;2;0;0;0;0;0;0;0;
276;Restaurar condición;Zustand wiederherstellen;Conjuro de élite. Elimina todas las condiciones. Efecto: cura 10..70 de salud por cada condición eliminada. No te puedes apuntar a ti mismo.;1;15;22;3;0;5;.75;2;0;0;1;0;0;0;0;
277;Curar mal;Leiden heilen;Conjuro. Elimina una condición. Efecto de la eliminación: cura 5..70 de salud por cada condición restante.;0;15;22;3;0;5;.75;5;0;0;0;0;0;0;0;
278;Curar condiciones;Zustände reinigen;Conjuro. Elimina todas las condiciones.;0;-1;22;3;0;5;.25;20;0;0;0;0;0;0;0;
279;Curación divina;Göttliche Heilung;Conjuro. Tú y los miembros del grupo al alcance del oído os curáis 15..60 de salud.;1;16;22;3;0;5;1;12;0;0;0;0;0;0;0;
280;Curar área;Gebiet heilen;Conjuro. Tú y los aliados y enemigos adyacentes os curáis 30..180 de salud.;1;13;22;3;0;10;1;5;0;0;0;0;0;0;0;
281;Letanía de curación;Fürbitte der Heilung;Conjuro. Cura 30..80 de salud.;0;13;22;3;0;5;1;2;0;0;0;0;0;0;0;
282;Palabra de curación;Wort der Heilung;Conjuro de élite. Cura 5..100 de salud. Cura 30..115 de salud extra si el objetivo (un aliado o tú mismo) está por debajo del 50% de salud.;0;13;22;3;0;5;.75;3;0;0;1;0;0;0;0;
283;Beso de Dwayna;Dwaynas Kuss;Conjuro. Cura 20..65 de salud. 15..40 extra por cada encantamiento o maleficio que tenga el aliado objetivo. No te puedes apuntar a ti mismo.;1;13;22;3;0;5;1;3;0;0;0;0;0;0;0;
284;Ayuda divina;Göttlicher Segen;Conjuro con encantamiento. Cada vez que lances un conjuro de plegaria de protección o favor divino sobre un aliado, éste recuperará 15..60 de salud. Coste de la curación: perderás 1 de energía.;0;16;23;3;-1;5;.25;10;0;0;0;0;0;0;0;
285;Manos sanadoras;Heilende Hände;Conjuro con encantamiento de élite. (10 segundos). Cura 5..35 de salud cada vez que el objetivo reciba daño.;1;13;23;3;0;5;.25;15;0;0;1;0;0;0;0;
286;Curar a otro;Anderen heilen;Conjuro. Cura 35..180 de salud. No te puedes apuntar a ti mismo.;1;13;22;3;0;10;.75;3;0;0;0;0;0;0;0;
287;Curar grupo;Gruppe heilen;Conjuro. Cura 30..75 de salud a todo el grupo.;0;13;22;3;0;15;2;2;0;0;0;0;0;0;0;
288;Brisa curativa;Heilender Hauch;Conjuro con encantamiento. (15 segundos). +4..9 de regeneración de salud.;0;13;23;3;0;10;1;5;0;0;0;0;0;0;0;
289;Bendición vital;Lebendige Segnung;Conjuro con encantamiento. +40..200 de máximo de salud.;1;15;23;3;-1;10;.75;2;0;0;0;0;0;0;0;
290;Curación;Genesung;Conjuro con encantamiento. +1..4 de regeneración de salud;0;13;23;3;-1;10;2;0;0;0;0;0;0;0;0;
291;Transferencia de salud;Ersatzleben;Conjuro con encantamiento. Ganas 2..17 de salud siempre que el objetivo (un aliado o tú mismo) golpee a un enemigo.;1;13;23;3;-1;5;2;0;0;0;0;0;0;0;0;
292;Infundir salud;Leben einflößen;Conjuro. Cura el 100..136% de la mitad de tu salud actual. Pierdes la mitad de tu salud actual. No te puedes apuntar a ti mismo.;0;13;22;3;0;10;.25;0;0;0;0;0;0;0;0;
293;Sello de devoción;Siegel der Hingabe;Sello. Cura 20..120 de salud.;0;16;21;3;0;0;2;5;0;0;0;0;0;0;0;
294;Sello del juicio;Siegel des Urteils;Sello de élite. Derriba al objetivo. Hace 15..75 de daño sagrado al enemigo objetivo y los adyacentes.;0;14;21;3;0;0;1;20;0;0;1;0;0;0;0;
295;Sello de purga;Siegel der Reinigung;Sello. Elimina todos los maleficios y condiciones. Coste de la eliminación: 10 de energía cada una.;0;-1;21;3;0;0;2;20;0;0;0;0;0;0;0;
296;Sello de pesadilla;Siegel des Ruins;Sello. Hace 30..60 de daño sagrado. Causa derribo si el enemigo objetivo está atacando.;0;14;21;3;0;0;1;15;0;0;0;0;0;0;0;
297;Sello bendito;Gesegnetes Siegel;Sello. Ganas 3 de energía por cada encantamiento que estés manteniendo. No puedes ganar más de 3..24 de energía de este modo.;0;16;21;3;0;0;2;10;0;0;0;0;0;0;0;
298;Mártir;Märtyrer;Conjuro de élite. Recibes todas las condiciones que tengan los aliados.;0;-1;22;3;0;5;.25;10;0;0;1;0;0;0;0;
299;Manos protectoras;Schützende Hände;Conjuro con encantamiento. (8 segundos.) Reduce el daño y el robo de salud recibido en 3..18. Efecto final: cura 5..50 de salud.;0;15;23;3;0;5;.25;15;0;0;0;0;0;0;0;
300;Contemplación de pureza;Gebot der Reinheit;Habilidad. Ganas 0..80 de salud y pierdes un maleficio y una condición por cada encantamiento que tengas (máximo 1..8 maleficios y condiciones . Pierdes todos los encantamientos.;1;16;1;3;0;5;.25;10;0;0;0;0;0;0;0;
301;Quitar maleficio;Verhexung entfernen;Conjuro. Quita un maleficio del objetivo (un aliado o tú mismo).;0;-1;22;3;0;5;1;8;0;0;0;0;0;0;0;
302;Deshacer maleficio;Verhexung zerschlagen;Conjuro. Elimina un maleficio del objetivo (un aliado o tú mismo). Efecto de la eliminación: 10..85 de daño sagrado a los enemigos dentro de la zona del objetivo.;0;14;22;3;0;5;1;12;0;0;0;0;0;0;0;
303;Convertir maleficios;Verhexungen umwandeln;Conjuro. Elimina todos los maleficios. +10 de armadura por cada maleficio de Nigromante eliminado (8..20 segundos). No te puedes apuntar a ti mismo.;0;15;22;3;0;15;1;12;0;0;0;0;0;0;0;
304;Luz de Dwayna;Licht von Dwayna;Conjuro. Resucita a todos los miembros del grupo muertos de la zona (25% de salud y 0 de energía).;1;-1;22;3;0;25;4;20;0;0;0;0;0;0;0;
305;Resurrección;Wiederbeleben;Conjuro. Resucita al miembro del equipo (25% de salud, 0 de energía).;0;-1;22;3;0;10;5;8;0;0;0;0;0;0;0;
306;Renacimiento;Wiedergeburt;Conjuro. Resucita al miembro del equipo objetivo (25% de salud, 0 de energía). Teletransportas al objetivo hasta tu ubicación. Desactiva sus habilidades (10..3 segundoss). Pierdes toda la energía.;0;15;22;3;0;10;5;0;0;0;0;0;0;0;0;
307;Inversión de la fortuna;Umkehrung des Schicksals;Conjuro con encantamiento. (8 segundos.) Convierte el siguiente daño o robo de salud recibido (máximo 15..80) en curación.;0;15;23;3;0;5;.25;2;0;0;0;0;0;0;0;
308;Auxilio;Beistand;Conjuro con encantamiento. +1 de regeneración de salud y +1 de regeneración de energía. No te puedes apuntar a ti mismo. Pierdes 1 de energía cada vez que el aliado objetivo lance un conjuro.;1;-1;23;3;-1;5;1;10;0;0;0;0;0;0;0;
309;Velo sagrado;Heiliger Schleier;Conjuro con encantamiento. Dobla el tiempo de lanzamiento de los maleficios sobre el objetivo (un aliado o tú mismo). Efecto final: elimina un maleficio.;0;-1;23;3;-1;5;1;12;0;0;0;0;0;0;0;
310;Espíritu divino;Göttlicher Geist;Conjuro con encantamiento. (1..14 segundos). Los conjuros de Monje te cuestan 5 menos de energía. Coste mínimo: 1 de energía.;1;16;23;3;0;10;.25;60;0;0;0;0;0;0;0;
311;Robar condiciones;Zustände entziehen;Conjuro. Transfiere todas las condiciones del aliado objetivo a ti mismo. Efecto: ganas 6..26 de salud por condición. No te puedes apuntar a ti mismo.;0;15;22;3;0;5;.25;4;0;0;0;0;0;0;0;
312;Golpe sagrado;Heiliger Schlag;Habilidad de toque. Hace 10..55 de daño sagrado. 10..55 de daño sagrado extra si el objetivo está derribado.;1;14;1;3;0;5;.75;8;0;0;0;0;0;0;0;
313;Toque curativo;Heilende Berührung;Conjuro de toque. Cura 20..80 de salud. La salud recuperada con el favor divino se dobla para este conjuro.;0;13;22;3;0;5;.75;5;0;0;0;0;0;0;0;
314;Restaurar vida;Leben erneuern;Conjuro de toque. Resucita al miembro del equipo objetivo (20..65% de salud, 42..90% de energía).;1;13;22;3;0;10;4;8;0;0;0;0;0;0;0;
315;Venganza;Rache;Conjuro con encantamiento. (30 segundos). Resucita al miembro del equipo objetivo (con toda la salud y energía). Este aliado hace 25% más de daño y no sufre penalización por morir. Efecto final: este aliado muere.;1;-1;23;3;0;10;4;30;0;0;0;0;0;0;0;
316;¡Hasta el límite!;Bis ans Limit!;Grito. (10..20 segundos). Tienes +10..60 de máximo de salud. Efecto inicial: ganas un golpe de adrenalina por cada enemigo al alcance del oído (máximo 1..6).;1;21;20;1;0;5;0;10;0;0;0;0;0;0;0;
317;Furia de batalla;Kampfwut;Actitud de élite. (5..20 segundos). Te mueves un 33% más rápido y ganas el doble de adrenalina de tus ataques. Acaba si usas una habilidad que no sea de adrenalina.;0;17;29;1;0;0;0;0;3.2;0;1;0;0;0;0;
318;Desafiar al dolor;Schmerz trotzen;Habilidad de élite. (20 segundos). Tienes +90..300 de salud máxima, +20 de armadura y recibes -1..10 menos de daño.;1;17;1;1;0;0;0;0;4.8;0;1;0;0;0;0;
319;Aceleración;Ansturm;Actitud. (8..20 segundos). Te mueves un 25% más rápido.;1;17;29;1;0;0;0;0;3.2;0;0;0;0;0;0;
320;Cortar tendón;Lähmung;Ataque con espada. Causa lisiadura (3..15 segundos).;0;20;10;1;0;5;0;10;0;0;0;0;0;0;0;
321;Golpe violento;Rundumschlag;Ataque cuerpo a cuerpo. Siempre un golpe crítico. Elimina una actitud. No se puede bloquear. Pierdes toda la adrenalina.;0;-1;3;1;0;5;0;8;0;0;0;0;0;0;0;
322;Ataque poderoso;Kraftangriff;Ataque cuerpo a cuerpo. Hace +10..40 de daño.;0;17;3;1;0;5;0;3;0;0;0;0;0;0;0;
323;Golpe desesperado;Verzweiflungsschlag;Ataque cuerpo a cuerpo. Hace +10..40 de daño. Causa una de estas condiciones al azar: herida grave (20 segundos), debilitamiento (20 segundos), hemorragia (25 segundos) o lisiadura (15 segundos). Eres derribado.;1;21;3;1;0;5;0;7;0;0;0;0;0;0;0;
324;Emoción de la victoria;Rausch des Sieges;Ataque cuerpo a cuerpo. Hace +20..40 de daño. Si tienes más salud que tu objetivo, ganas 1..2 de adrenalina.;0;21;3;1;0;5;0;8;0;0;0;0;0;0;0;
325;Golpe de distracción;Ablenkungsschlag;Ataque cuerpo a cuerpo. También ataca a los enemigos adyacentes a tu objetivo. Interrumpe una acción. No haces daño.;0;-1;3;1;0;5;.5;10;0;0;0;0;0;0;0;
326;Golpe del protector;Schlag des Beschützers;Ataque cuerpo a cuerpo. Hace +10..40 de daño si el objetivo se está moviendo.;1;17;3;1;0;5;.5;3;0;0;0;0;0;0;0;
327;Barrido del grifo;Greifenschlag;Ataque cuerpo a cuerpo. Hace +5..20 de daño. Causa derribo y hace 10..34 de daño si se bloquea.;1;17;3;1;0;5;0;8;0;0;0;0;0;0;0;
328;Golpe puro;Reiner Schlag;Ataque con espada. Hace +1..30 de daño. No se puede bloquear a menos que mantengas una actitud.;1;20;10;1;0;5;0;8;0;0;0;0;0;0;0;
329;Rompecráneos;Schädel spalten;Ataque cuerpo a cuerpo de élite. Interrumpe una acción. Causa la Atontamiento (15 segundos) si el objetivo está lanzando un conjuro.;1;-1;3;1;0;0;.25;0;6;0;1;0;0;0;0;
330;Hacha ciclón;Zyklonaxt;Ataque con hacha. Hace +4..12 de daño a todos los enemigos adyacentes.;0;18;4;1;0;5;0;4;0;0;0;0;0;0;0;
331;Martillazo;Hammerstreich;Ataque con martillo. Causa derribo. Pierdes toda la adrenalina.;0;19;8;1;0;0;0;0;5.2;0;0;0;0;0;0;
332;Golpe del toro;Bullenstoß;Ataque cuerpo a cuerpo. Hace +5..30 daño. Causa derribo si el enemigo objetivo está en movimiento.;0;17;3;1;0;5;0;10;0;0;0;0;0;0;0;
333;¡Os vengaré!;Ich werde Euch rächen!;Grito. Tienes +3..7 de regeneración de salud y atacas un 25% más deprisa (10 segundos por cada aliado muerto).;1;17;20;1;0;5;0;45;0;0;0;0;0;0;0;
334;Barrido de hacha;Harkenaxt;Ataque con hacha. Hace +4..16 de daño y causa lisiadura (15 segundos) si el enemigo objetivo tiene una herida grave.;0;18;4;1;0;0;0;0;4.8;0;0;0;0;0;0;
335;Partir en dos;Spalten;Ataque con hacha de élite. Inflige +10..40 de daño y alcanza a 1..2 enemigos adyacentes provocándoles 10..40 de daño cortante.;0;18;4;1;0;0;0;0;3.2;0;1;0;0;0;0;
336;Golpe del ejecutor;Henkerschlag;Ataque con hacha. Hace +15..45 de daño.;0;18;4;1;0;0;0;0;7;0;0;0;0;0;0;
337;Desmembrar;Zerstückeln;Ataque con hacha. Causa una herida grave (5..20 segundos).;0;18;4;1;0;0;0;0;4.8;0;0;0;0;0;0;
338;Eviscerar;Ausweiden;Ataque con hacha de élite. Hace +10..45 de daño. Causa herida grave (5..20 segundos).;1;18;4;1;0;0;0;0;8;0;1;0;0;0;0;
339;Golpe penetrante;Durchdringender Schlag;Ataque con hacha. Hace +10..25 de daño. 20% de penetración de armadura.;1;18;4;1;0;0;0;0;4.8;0;0;0;0;0;0;
340;Hachazo desbaratador;Unterbrechender Hieb;Ataque con hacha. Interrumpe una acción. Efecto: la habilidad interrumpida está desactivada durante +20 segundos.;0;18;4;1;0;0;0;0;5;0;0;0;0;0;0;
341;Hachazo rápido;Schneller Hieb;Ataque con hacha. Hace +1..20 de daño. 1..20 de daño y causa herida grave (20 segundos) si se bloquea.;0;18;4;1;0;5;0;4;0;0;0;0;0;0;0;
342;Giro y hachazo;Axtdrehung;Ataque con hacha. Hace +5..25 de daño y causa debilitamiento (20 segundos) si el enemigo objetivo tiene una herida grave.;1;18;4;1;0;0;0;0;4.8;0;0;0;0;0;0;
343;¡Por la justicia!;Für höhere Gerechtigkeit!;Grito. (20 segundos). Ganas 100% más de adrenalina.;0;-1;20;1;0;5;0;45;0;0;0;0;0;0;0;
344;Ráfaga;Schauer;Actitud. (5 segundos). Atacas un 33% más deprisa. Haces un 25% menos de daño.;1;-1;29;1;0;5;0;5;0;0;0;0;0;0;0;
345;Actitud defensiva;Verteidigungshaltung;Actitud. (1..5 segundos). Tienes un 75% de probabilidades de bloquear. Efecto final: ganas un golpe de adrenalina por cada habilidad de ataque cuerpo a cuerpo que tengas (máximo 0..4).;0;21;29;1;0;0;0;8;4.8;0;0;0;0;0;0;
346;Frenesí;Raserei;Actitud. (8 segundos). Atacas un 33 % más rápido. Recibes 175..125 % de daño.;0;17;29;1;0;5;0;4;0;0;0;0;0;0;0;
347;Soportar el dolor;Schmerz ertragen;Habilidad. (7..18 segundos). Tienes 90..300 de salud máxima.;0;17;1;1;0;5;0;30;0;0;0;0;0;0;0;
348;¡Cuidado!;Passt auf Euch auf!;Grito. (10 segundos). Los miembros del grupo al alcance del oído tienen +5..25 de armadura. Acaba después de 10 ataques recibidos.;0;21;20;1;0;0;0;4;3.2;0;0;0;0;0;0;
349;Propulsión;Sprinten;Actitud. (8..14 segundos). Te mueves un 25% más rápido.;0;17;29;1;0;5;0;15;0;0;0;0;0;0;0;
350;Golpe de barriga;Bauchklatscher;Ataque con martillo. Causa ceguera a los enemigos adyacentes (3..7 segundos) si el enemigo objetivo está derribado.;1;19;8;1;0;5;1;10;0;0;0;0;0;0;0;
351;Golpe poderoso;Mächtiger Schlag;Ataque con martillo. Hace +10..40 de daño.;0;19;8;1;0;0;0;0;6.4;0;0;0;0;0;0;
352;Golpe aplastante;Vernichtender Schlag;Ataque con martillo. Hace +1..20 de daño. Causa herida grave si el enemigo objetivo está derribado (5..20 segundos).;1;19;8;1;0;5;0;10;0;0;0;0;0;0;0;
353;Tajo brutal;Grober Schwung;Ataque con martillo. Hace +1..20 de daño a todos los enemigo adyacentes.;1;19;8;1;0;5;0;5;0;0;0;0;0;0;0;
354;Temblor de tierra;Erdrüttler;Ataque con martillo de élite. Causa derribo al enemigo objetivo y los adyacentes. 50% de probabilidades de fallar con un nivel de dominio del martillo inferior a 5.;1;19;8;1;0;0;0;0;8;0;1;0;0;0;0;
355;Martillo devastador;Verheerender Hammer;Ataque con martillo de élite. Causa derribo. Causa debilitamiento (5..20 segundos).;0;19;8;1;0;0;0;0;6.4;0;1;0;0;0;0;
356;Golpe brutal;Brutaler Schlag;Ataque con martillo. Hace +5..20 de daño. Hace 5..20 de daño y causa derribo si se bloquea.;0;19;8;1;0;5;0;6;0;0;0;0;0;0;0;
357;Contraataque de martillo;Gegenschlag;Ataque con martillo. Causa derribo si el enemigo objetivo está atacando.;0;19;8;1;0;0;0;0;4;0;0;0;0;0;0;
358;Rompespaldas;Rückenbrecher;Ataque con martillo de élite. Hace +1..20 de daño. Causa derribo. Éste dura 4 segundos si tienes fuerza 8 o superior.;1;19;8;1;0;0;0;0;8.8;0;1;0;0;0;0;
359;Golpe duro;Heftiger Schlag;Ataque con martillo. Hace +1..30 de daño y causa derribo si el enemigo objetivo está debilitado. Pierdes toda la adrenalina.;0;19;8;1;0;0;0;0;4.8;0;0;0;0;0;0;
360;Golpe de desequilibrio;Umwerfender Schlag;Ataque con martillo. Causa debilitamiento (5..20 segundos).;0;19;8;1;0;0;1;0;3.2;0;0;0;0;0;0;
361;Sello de Dolyak;Dolyak-Siegel;Sello. (8..20 segundos). Tienes +10..40 de armadura y no se te puede derribar. Te mueves un 75% más despacio.;1;17;21;1;0;0;0;20;0;0;0;0;0;0;0;
362;Astucia del Guerrero;Verschlagenheit des Kriegers;Habilidad. (5..11 segundos). Tus ataques cuerpo a cuerpo no se pueden bloquear.;0;17;1;1;0;10;0;60;0;0;0;0;0;0;0;
363;Golpe de escudo;Heftiger Schildschlag;Habilidad. (5..11 segundos). Bloqueas la siguiente habilidad de ataque cuerpo a cuerpo. Causa derribo y +15 segundos de recarga. No funciona si no llevas un escudo.;0;17;1;1;0;5;0;20;0;0;0;0;0;0;0;
364;¡Carga!;Angriff!;Grito de élite. (5..13 segundos). Los aliados al alcance del oído se mueven un 33% más rápido. Efecto inicial: estos aliados dejan de estar lisiados.;0;21;20;1;0;5;0;20;0;0;1;0;0;0;0;
365;¡La victoria es mía!;Der Sieg ist mein!;Grito de élite. Ganas 10..68 de salud y 3..7 de energía por cada condición que sufra el enemigo objetivo.;1;21;20;1;0;5;0;10;0;0;1;0;0;0;0;
366;¡Temedme!;Fürchtet mich!;Grito. (1..15 segundos). Tienes +5..30% de probabilidades de hacer un golpe crítico con ataques cuerpo a cuerpo contra enemigos parados. Efecto inicial: los enemigos cercanos pierden 2..6 de energía.;1;21;20;1;0;0;0;4;3.2;0;0;0;0;0;0;
367;¡Alzad los escudos!;Schilde hoch!;Grito. (5..11 segundos). Los miembros del equipo al alcance del oído tienen +60 de armadura contra ataques con proyectil.;0;21;20;1;0;10;0;30;0;0;0;0;0;0;0;
368;¡Sobreviviré!;Ich überlebe!;Grito. (5..11 segundos). Tienes +3 de regeneración de salud por cada condición que tengas.;1;17;20;1;0;5;0;30;0;0;0;0;0;0;0;
370;Actitud berserker;Berserkerhaltung;Actitud. (8..14 segundos). Atacas un 33% más deprisa y ganas 100 % más de adrenalina. Acaba si usas una habilidad.;0;17;29;1;0;10;0;10;0;0;0;0;0;0;0;
371;Actitud equilibrada;Ausgeglichene Haltung;Actitud. (8..20 segundos). No puedes ser derribado ni recibir daño extra de golpes críticos.;0;21;29;1;0;5;0;30;0;0;0;0;0;0;0;
372;Defensa del gladiador;Gladiatoren-Verteidigung;Actitud de élite. (5..11 segundos). Tienes un 75% de posibilidades de bloquear. Tu atacante recibe 5..35 de daño cuando bloquees un ataque cuerpo a cuerpo de esta forma.;1;21;29;1;0;5;0;20;0;0;1;0;0;0;0;
373;Desviar flechas;Pfeilablenkung;Actitud. (1..6 segundos). Tienes un 75% de probabilidades de bloquear ataques. Los enemigos adyacentes sufren una hemorragia (5..15 segundos) si bloqueas un ataque con proyectil.;1;21;29;1;0;0;0;12;4.8;0;0;0;0;0;0;
374;Fortaleza del Guerrero;Ausdauer des Kriegers;Habilidad de élite. (5..35 segundos). Ganas 3 de energía cada vez que golpees en combate cuerpo a cuerpo.No ganas energía si tienes más de 10..25.;1;17;1;1;0;5;0;30;0;0;1;0;0;0;0;
375;Actitud de batalla de enano;Zwergen-Kampfhaltung;Actitud de élite. (5..11 segundos). Atacas un 33% más deprisa, ganas +40 de armadura y tus habilidades de ataque interrumpen acciones. No tiene efecto a menos que lleves un martillo.;1;17;29;1;0;5;0;20;0;0;1;0;0;0;0;
376;Actitud disciplinada;Disziplinierte Haltung;Actitud. (1..4 segundos.) Tienes un 75% de probabilidades de bloquear y +10 de armadura. Termina si utilizas una habilidad de adrenalina.;1;21;29;1;0;5;0;15;0;0;0;0;0;0;0;
377;Actitud precavida;Wachsame Haltung;Actitud. (1..6 segundos). Bloqueas habilidades de ataque. Ganas adrenalina y 5 de energía por cada bloqueo. Acaba si usas una habilidad.;1;21;29;1;0;10;0;10;0;0;0;0;0;0;0;
378;Actitud protectora;Schildhaltung;Actitud. (1..6 segundos). Tienes un 75% de probabilidades de bloquear. El daño se reduce en 2 por cada rango de fuerza (15 de reducción máxima de daño). No tiene efecto a menos que lleves un escudo.;1;21;29;1;0;5;0;15;0;0;0;0;0;0;0;
379;Carga de toro;Angriff des Bullen;Actitud de élite. (1..7 segundos). Te mueves un 50 % más deprisa. Causa derribo si golpeas cuerpo a cuerpo a un enemigo moviéndose. Acaba si usas una habilidad.;1;17;29;1;0;5;0;12;0;0;1;0;0;0;0;
380;Defensa de Bonetti;Bonettis Verteidigung;Actitud. (5..11 segundos). Tienes un 75% de probabilidades de bloquear. Ganas 5 de energía por cada ataque cuerpo a cuerpo bloqueado. Acaba si usas una habilidad.;1;21;29;1;0;0;0;0;8;0;0;0;0;0;0;
381;Cien espadas;Hundert Klingen;Habilidad de élite. (15 segundos.) Hace 10..35 de daño cortante a todos los enemigos que se encuentren a tu alrededor al atacar con una espada.;0;20;1;1;0;5;0;20;0;0;1;0;0;0;0;
382;Cortar arteria;Arterienabtrennung;Ataque con espada. Causa hemorragia (5..25 segundos).;0;20;10;1;0;0;0;0;3;0;0;0;0;0;0;
383;Tajo de Galrath;Galrath-Hieb;Ataque con espada. Hace +1..40 de daño.;1;20;10;1;0;0;0;0;7;0;0;0;0;0;0;
384;Corte profundo;Schnittwunde;Ataque con espada. Hace +5..20 de daño y causa una herida grave (5..20 segundos) si el objetivo sufre hemorragia.;0;20;10;1;0;0;0;0;5;0;0;0;0;0;0;
385;Estocada final;Endstoß;Ataque con espada. Hace +5..40 de daño. +5..40 de daño extra si el enemigo objetivo está por debajo del 50% de salud. Pierdes toda la adrenalina.;0;20;10;1;0;0;0;0;8;0;0;0;0;0;0;
386;Cuchillada precisa;Suchende Klinge;Ataque con espada. Hace +1..20 de daño. Hace 1..20 de daño y causa hemorragia (25 segundos) si se bloquea.;0;20;10;1;0;5;0;4;0;0;0;0;0;0;0;
387;Estocada;Entgegnung;Habilidad. (8 segundos). Bloqueas el próximo ataque cuerpo a cuerpo contra ti y tu atacante recibe 20..80 de daño. No funciona si no llevas una espada.;1;21;1;1;0;0;0;0;3.2;0;0;0;0;0;0;
388;Estocada mortal;Tödliche Entgegnung;Habilidad. (8 segundos). Bloqueas el próximo ataque cuerpo a cuerpo contra ti y tu atacante recibe 15..90 de daño. Causa hemorragia (3..25 segundos). No funciona si no llevas una espada.;1;21;1;1;0;5;0;10;0;0;0;0;0;0;0;
389;Blandir;Blütezeit;Habilidad de élite. Recarga tus habilidades de ataque. Ganas 2..7 de energía por cada habilidad recargada.;1;17;1;1;0;5;1;8;0;0;1;0;0;0;0;
390;Tajo salvaje;Wilder Hieb;Ataque con espada. Interrumpe una acción. Efecto de la interrupción: +1..40 de daño si la acción era un conjuro.;0;20;10;1;0;5;.5;10;0;0;0;0;0;0;0;
391;Disparo del cazador;Jägerschuss;Ataque con arco. Causa hemorragia (3..25 segundos).;0;25;2;2;0;5;1;10;0;0;0;0;0;0;0;
392;Inmovilizar;Festnageln;Ataque con arco. Causa lisiadura (3..15 segundos).;0;25;2;2;0;15;0;8;0;0;0;0;0;0;0;
393;Disparo lesionador;Verkrüppelungs-Schuss;Ataque con arco de élite. No se puede bloquear. Causa lisiadura (4..14 segundos).;1;25;2;2;0;5;0;2;0;0;1;0;0;0;0;
394;Disparo poderoso;Kraftschuss;Ataque con arco. El enemigo objetivo recibe 25..50 de daño.;0;25;2;2;0;10;0;3;0;0;0;0;0;0;0;
395;Descarga de flechas;Sperrfeuer;Ataque con arco de élite. Hace +5..20 de daño. Golpea a 5 enemigos adyacentes a tu objetivo. Se eliminan todas tus preparaciones.;0;25;2;2;0;5;0;1;0;0;1;0;0;0;0;
396;Disparo doble;Doppelschuss;Ataque con arco. Disparas dos flechas simultáneamente al enemigo objetivo. Estas flechas hacen un 25% menos de daño.;0;-1;2;2;0;10;0;10;0;0;0;0;0;0;0;
397;Disparo rápido;Schnellschuss;Ataque con arco de élite. Lanzas una flecha que vuela el doble de rápido.;0;-1;2;2;0;5;.5;1;0;0;1;0;0;0;0;
398;Ataque penetrante;Durchbohr-Angriff;Ataque con arco. Hace +5..25 de daño. 10% de penetración de armadura.;1;25;2;2;0;10;.75;4;0;0;0;0;0;0;0;
399;Disparo de distracción;Ablenk-Schuss;Ataque con arco. Interrumpe una acción. Efecto: la habilidad interrumpida está desactivada durante +20 segundos. Sólo hace 1..16 de daño.;0;23;2;2;0;5;.5;10;0;0;0;0;0;0;0;
400;Disparo preciso;Präzisionsschuss;Ataque con arco. Hace +3..10 de daño. No se puede bloquear. Se te puede interrumpir con facilidad.;0;25;2;2;0;10;1;6;0;0;0;0;0;0;0;
402;Disparo definido;Entschlossener Schuss;Ataque con arco. Hace +5..20 de daño. Se recargan todas tus habilidades de ataque si falla.;0;25;2;2;0;5;0;10;0;0;0;0;0;0;0;
403;Disparo veloz;Ankündigungs-Schuss;Ataque con arco. Lanzas una flecha que vuela el triple de rápido. No se puede bloquear.;0;-1;2;2;0;5;0;3;0;0;0;0;0;0;0;
404;Flecha envenenada;Giftpfeil;Ataque con arco de élite. Causa envenenamiento (5..20 segundos).;1;24;2;2;0;5;0;1;0;0;1;0;0;0;0;
405;Disparo de promesa;Eidschuss;Ataque con arco de élite. Recarga todas las habilidades excepto Disparo de promesa si impacta. Desactiva todas las habilidades si falla (10..4 segundos). 50% de posibilidad de fallo sin Precisión 8 o superior.;1;23;2;2;0;10;0;25;0;0;1;0;0;0;0;
406;Disparo debilitador;Entkräftungs-Schuss;Ataque con arco. Pérdida de 1..10 de energía.;0;25;2;2;0;10;0;10;0;0;0;0;0;0;0;
407;Disparo a quemarropa;Kurzdistanzschuss;Ataque con arco con mitad de alcance. Hace +10..40 de daño.;1;23;2;2;0;5;0;3;0;0;0;0;0;0;0;
408;Conmoción;Erschütterungsschuss;Ataque con arco. Interrumpe un conjuro. Efecto de la interrupción: causa aturdimiento (5..20 segundos). Solo hace 1..16 de daño.;0;25;2;2;0;25;.5;5;0;0;0;0;0;0;0;
409;Disparo de castigo;Bestrafungs-Schuss;Ataque con arco de élite. Hace +10..20 de daño. Interrumpe una acción.;1;25;2;2;0;10;.5;5;0;0;1;0;0;0;0;
411;Encantar animal;Tier zähmen;Habilidad. Encantar al animal objetivo. Una vez encantado, tu compañero animal viajará contigo siempre que tengas equipado Encantar animal. No es posible encantar animales que estén más de 4 niveles por encima del personaje.;0;22;1;2;0;10;10;0;0;0;0;0;0;0;0;
412;Llamada de protección;Ruf des Schutzes;Grito. (120 segundos). Tu mascota tiene una reducción del daño de 5..20.;1;22;20;2;0;5;0;90;0;0;0;0;0;0;0;
415;Llamada de celeridad;Ruf der Eile;Grito. (30 segundos.) Tu mascota se mueve y ataca un 33% más rápido.;0;22;20;2;0;10;0;25;0;0;0;0;0;0;0;
422;Revivir animal;Tier wiederbeleben;Habilidad. Resucita a todas las mascotas aliadas en la zona (10..94 % de salud).;1;22;1;2;0;5;.25;5;0;0;0;0;0;0;0;
423;Vínculo simbiótico;Symbiotisches Band;Grito. (120..300 segundos). Tu mascota tiene +1..3 de regeneración de salud. La mitad de todo el daño que reciba tu mascota lo recibes tú en su lugar.;1;22;20;2;0;10;0;55;0;0;0;0;0;0;0;
424;Arrojar tierra;Dreck werfen;Habilidad de toque. Causa ceguera (3..15 segundos). También afecta a los enemigos adyacentes al enemigo objetivo.;0;23;1;2;0;5;1;30;0;0;0;0;0;0;0;
425;Esquiva;Abducken;Actitud. (5..11 segundos). Te mueves un 33% más rápido y tienes un 27..75% de probabilidades de bloquear ataques con proyectiles. Acaba si atacas.;1;23;29;2;0;5;0;30;0;0;0;0;0;0;0;
426;Disparo violento;Wilder Schuss;Ataque con arco. Interrumpe una acción. Efecto de la interrupción: +13..28 de daño si la acción era un conjuro.;0;25;2;2;0;10;.5;5;0;0;0;0;0;0;0;
427;Sello de antídoto;Gegengift-Siegel;Sello. Cura veneno, enfermedad, ceguera y una condición adicional.;0;-1;21;2;0;0;1;4;0;0;0;0;0;0;0;
428;Flechas incendiarias;Flammenpfeile;Ataque con arco de élite. Alcanza a 2 enemigos cercanos a tu objetivo y causa quemadura (1..3 segundos).;1;24;2;2;0;5;0;5;0;0;1;0;0;0;0;
429;Flechas de Melandru;Melandrus Pfeile;Preparación["Preparaciones"] de élite. (18 segundos). Tus flechas causan hemorragia (3..25 segundos) y hacen +8..28 de daño a enemigos encantados.;1;24;17;2;0;5;2;12;0;0;1;0;0;0;0;
430;Apuesta del tirador;Schützenwette;Preparación["Preparaciones"] de élite. (18 segundos). Ganas 5..10 de energía cada vez que tus flechas alcancen a un enemigo. Pierdes 10 de energía si fallas.;1;23;17;2;0;5;1;24;0;0;1;0;0;0;0;
431;Flechas inflamables;Brandpfeile;Preparación["Preparaciones"]. (24 segundos). Tus flechas hacen 3..18 de daño de fuego al enemigo objetivo y los adyacentes.;1;24;17;2;0;10;2;12;0;0;0;0;0;0;0;
432;Medir el viento;Wind lesen;Preparación["Preparaciones"]. (24 segundos). +3..10 de daño. Tus flechas se mueven el doble de rápido.;0;25;17;2;0;5;2;12;0;0;0;0;0;0;0;
433;Flechas en llamas;Zündelpfeile;Preparación["Preparaciones"]. (24 segundos). +3..24 de daño de fuego. Tus flechas hacen daño de fuego.;0;24;17;2;0;5;2;12;0;0;0;0;0;0;0;
434;Gas asfixiante;Würgegas;Preparación["Preparaciones"]. (1..12 segundos). +1..8 de daño. Propagas gas asfixiante a los enemigos adyacentes al objetivo. El gas interrumpe conjuros.;0;24;17;2;0;15;2;24;0;0;0;0;0;0;0;
435;Aplicar veneno;Gift auftragen;Preparación["Preparaciones"]. (24 segundos). Tus ataques físicos causan envenenamiento (3..15 segundos).;0;24;17;2;0;15;2;12;0;0;0;0;0;0;0;
436;Confortar animal;Tier erquicken;Habilidad. Tu mascota gana 40..120 de salud. Resucita a tu mascota (10..58% de salud). Si tienes equipado Confortar animal, tu mascota viajará contigo.;0;22;1;2;0;5;1;1;0;0;0;0;0;0;0;
437;Ataque bestial;Bestiensprung;Ataque con mascota. Hace +5..20 de daño. Causa derribo si el enemigo objetivo está lanzando un conjuro.;1;22;11;2;0;5;0;10;0;0;0;0;0;0;0;
438;Ataque mutilador;Verkrüppelungs-Schlag;Ataque con mascota. Inflige 5..20 de daño. Lisia (3..15 segundos) al impactar.;0;22;11;2;0;10;0;5;0;0;0;0;0;0;0;
439;Embestida animal;Wilder Ausfall;Ataque con mascota. Hace 5..35 de daño. Causa hemorragia si el enemigo objetivo está atacando (5..25 segundos).;1;22;11;2;0;5;0;10;0;0;0;0;0;0;0;
440;Golpe carroñero;Aasfresser-Schlag;Ataque con mascota. Hace +10..25 de daño. Ganas 3..15 de energía si el enemigo objetivo tiene alguna condición.;0;22;11;2;0;5;0;10;0;0;0;0;0;0;0;
441;Salto de Melandru;Melandrus Angriff;Ataque con mascota. Causa +5..20 de daño a los enemigos cercanos.;1;22;11;2;0;10;0;5;0;0;0;0;0;0;0;
442;Ataque feroz;Wilder Schlag;Ataque con mascota de élite. Hace +13..28 de daño. Ganas adrenalina y 3..10 de energía.;0;22;11;2;0;5;0;8;0;0;1;0;0;0;0;
443;Salto de depredador;Raubtier-Sprung;Ataque con mascota. Hace +5..35 de daño. Tu mascota gana 5..50 de salud si este ataque impacta.;1;22;11;2;0;5;0;5;0;0;0;0;0;0;0;
444;Ataque brutal;Schonungsloser Schlag;Ataque con mascota. Hace +5..35 de daño. +5..35 de daño extra si el enemigo objetivo está por debajo del 50% de salud.;1;22;11;2;0;10;0;5;0;0;0;0;0;0;0;
445;Embestida;Unterbrechender Ausfall;Ataque con mascota. Hace +1..12 de daño. Interrumpe una habilidad. Efecto: la habilidad interrumpida está desactivada durante +20 segundos.;0;22;11;2;0;5;0;10;0;0;0;0;0;0;0;
446;Ungüento de Troll;Trollsalbe;Habilidad. (13 segundos). Tienes +3..10 de regeneración de salud.;0;24;1;2;0;5;3;10;0;0;0;0;0;0;0;
447;Grito de Otyugh;Otyughs Schrei;Grito. (10..25 segundos). Tu mascota tiene +24 de armadura y no la pueden bloquear.;1;22;20;2;0;5;0;30;0;0;0;0;0;0;0;
448;Escape;Flucht;Actitud de élite. (1..8 segundos). Te mueves un 33% más rápido y tienes un 75% de posibilidades de bloquear.;0;23;29;2;0;5;0;12;0;0;1;0;0;0;0;
449;Actitud de preparación;Geübte Haltung;Actitud de élite. (20..35 segundos). Tus preparaciones se recargan un 50% más rápido y duran un 30..300% más.;1;23;29;2;0;5;0;15;0;0;1;0;0;0;0;
450;Torbellino defensivo;Wirbelverteidigung;Actitud. (8..20 segundos). Tienes un 75% de posibilidades de bloquear. Haces 5..11 de daño a los enemigos adyacentes cuando bloquees un ataque con proyectil.;0;23;29;2;0;10;0;60;0;0;0;0;0;0;0;
451;Resistencia de Melandru;Melandrus Belastbarkeit;Actitud de élite. (8..20 segundos.) Tienes una regeneración de salud de +4 y de +1 de energía por cada condición y maleficio que te hayan echado.;1;24;29;2;0;5;0;15;0;0;1;0;0;0;0;
452;Defensas de arácnido;Dryders Verteidigungen;Actitud. (5..11 segundos). Tienes 75% de posibilidades de bloquear y +34..60 de armadura contra daño de los elementos.;1;24;29;2;0;5;0;60;0;0;0;0;0;0;0;
453;Reflejos felinos;Blitzreflexe;Actitud. (5..11 segundos). Atacas un 33% más rápido y tienes un 75% de posibilidades de bloquear.;0;23;29;2;0;10;0;30;0;0;0;0;0;0;0;
454;Furia del tigre;Wut des Tigers;Actitud. (5..11 segundos). Atacas un 25% más deprisa. Tus otras habilidades que no son de ataque quedan desactivadas (5 segundos).;1;22;29;2;0;10;0;10;0;0;0;0;0;0;0;
455;Cazador de tormentas;Sturmjäger;Actitud. (8..20 segundos). Te mueves un 25% más rápido y ganas 1..5 de energía cada vez que recibas daños de los elementos.;0;24;29;2;0;10;0;20;0;0;0;0;0;0;0;
456;Rapidez de la serpiente;Schlangen-Schnelligkeit;Actitud. (15..30 segundos). Tus habilidades se recargan un 33% más deprisa. Acaba si tu salud cae por debajo del 50%.;1;24;29;2;0;5;0;45;0;0;0;0;0;0;0;
457;Trampa de polvo;Staubfalle;Trampa. (90 segundos). Afecta a los enemigos cercanos. Hace 10..25 de daño por segundo (5 segundos). Causa ceguera (3..8 segundos) por segundo (5 segundos). Se puede interrumpir con facilidad.;1;24;30;2;0;25;2;30;0;0;0;0;0;0;0;
458;Trampa de espinas;Stachelfalle;Trampa. (90 segundos). Afecta a los enemigos cercanos. Hace 7..23 de daño perforante. Causa lisiadura y hemorragia (3..25 segundos). Se puede interrumpir con facilidad.;0;24;30;2;0;10;2;20;0;0;0;0;0;0;0;
459;Trampa de fuego;Flammenfalle;Trampa. (90 segundos). Afecta a los enemigos cercanos. Hace 5..20 de daño de fuego por segundo (3 segundos). Causa quemadura (1..3 segundos). Se puede interrumpir con facilidad.;0;24;30;2;0;10;2;20;0;0;0;0;0;0;0;
460;Manantial de curación;Heilquelle;Trampa. (10 segundos). Afecta a los aliados adyacentes. Cura 15..60 de salud cada 2 segundos. Se puede interrumpir con facilidad.;1;24;30;2;0;10;2;20;0;0;0;0;0;0;0;
461;Trampa de pinchos;Dornenfalle;Trampa de élite. (90 segundos). Afecta a los enemigos cercanos. Cada segundo (durante 2 en total), esta trampa hace 10..40 de daño perforante, causa derribo y causa lisiadura (3..25 segundos). Se puede interrumpir con facilidad.;0;24;30;2;0;10;2;20;0;0;1;0;0;0;0;
462;Invierno;Winter;Ritual de la naturaleza. Crea un espíritu de nivel 1..10 (30..240 segundos de vida). Convierte a daño frío el daño de los elementos que reciban las criaturas de la zona. No afecta a los espíritus.;1;24;19;2;0;5;2;60;0;0;0;0;0;0;0;
463;Aventamiento;Trennung;Ritual de la naturaleza. Creas un espíritu de nivel 1..10 (30..240 segundos de vida). Aumenta el daño físico en +4 de las criaturas de la zona. No afecta a los espíritus.;0;24;19;2;0;5;2;60;0;0;0;0;0;0;0;
464;Filo de extinción;Rand der Auslöschung;Ritual de la naturaleza. Crea un espíritu de nivel 1..10 (30..240 segundos de vida). Hace 14..50 de daño a las criaturas de la zona siempre que alguna del mismo tipo muera. No afecta a los espíritus. No afecta a las criaturas por encima del 90% de salud.;1;22;19;2;0;5;2;60;0;0;0;0;0;0;0;
465;Gran conflagración;Großflächenbrand;Ritual de la naturaleza de élite. Crea un espíritu de nivel 1..10 (30..240 segundos de vida). Convierte a daño de fuego el daño físico que reciban las criaturas de la zona. No afecta a los espíritus.;1;24;19;2;0;5;2;15;0;0;1;0;0;0;0;
466;Conflagración;Feuersbrunst;Ritual de la naturaleza. Crea un espíritu de nivel 1..10 (30..240 segundos de vida). Todas las flechas que disparen las criaturas de la zona hacen daño de fuego. No afecta a los espíritus.;2;24;19;2;0;5;2;60;0;0;0;0;0;0;0;
467;Temporada de fertilidad;Fruchtbare Jahreszeit;Ritual de la naturaleza. Crea un espíritu de nivel 1..10 (15..90 segundos de vida). Las criaturas dentro de la zona tendrán +50..150 de salud máxima y +8 de armadura. No afecta a los espíritus.;1;22;19;2;0;15;2;60;0;0;0;0;0;0;0;
468;Simbiosis;Symbiose;Ritual de la naturaleza. Crea un espíritu de nivel 1..10 (30..240 segundos de vida). Las criaturas dentro de la zona tendrán +27..150 de salud máxima por cada encantamiento que tengan. No afecta a los espíritus.;1;22;19;2;0;5;2;60;0;0;0;0;0;0;0;
469;Ecos primarios;Urechos;Ritual de la naturaleza. Creas un espíritu de nivel 1..10 (30..240 segundos de vida). Los sellos cuestan 10 de energía a las criaturas de la zona. No afecta a los espíritus.;0;22;19;2;0;5;2;60;0;0;0;0;0;0;0;
470;Temporada de depredadores;Jagdsaison;Ritual de la naturaleza. Crea un espíritu de nivel 1..10 (30..240 segundos de vida). Las criaturas dentro de la zona se benefician un 20% menos de las curaciones. Las criaturas ganan 5 de salud cada vez que ataquen. No afecta a los espíritus.;1;22;19;2;0;5;2;60;0;0;0;0;0;0;0;
471;Suelo congelado;Eisboden;Ritual de la naturaleza. Crea un espíritu de nivel 1..10 (30..180 segundos de vida). Las criaturas dentro de la zona no pueden activar habilidades de resurrección. No afecta a los espíritus.;1;24;19;2;0;10;2;30;0;0;0;0;0;0;0;
472;Vientos favorables;Günstige Winde;Ritual de la naturaleza. Creas un espíritu de nivel 1..10 (30..240 segundos de vida). Las flechas se mueven el doble de rápido y hacen +6 de daño a las criaturas de la zona. No afecta a los espíritus.;0;25;19;2;0;5;2;60;0;0;0;0;0;0;0;
474;Viento vigorizante;Treibwind;Ritual de la naturaleza. Creas un espíritu de nivel 1..6 (1..60 segundos de vida). Las habilidades cuestan 15 menos de energía (coste mínimo 10) y se recargan un 25% más lento para las criaturas de la zona. No afecta a los espíritus.;0;22;19;2;0;15;2;60;0;0;0;0;0;0;0;
475;Céfiro acelerador;Beschleunigender Zephyr;Ritual de la naturaleza. Creas un espíritu de nivel 1..10 (15..90 segundos de vida). Las habilidades cuestan un 30% más de energía y se recargan el doble de rápido para las criaturas de la zona. No afecta a los espíritus.;0;24;19;2;0;25;2;60;0;0;0;0;0;0;0;
476;Renovación de la naturaleza;Erneuerung der Natur;Ritual de la naturaleza. Creas un espíritu de nivel 1..10 (30..240 segundos de vida.) Para las criaturas de la zona, los encantamientos y maleficios tardan el doble en lanzarse y cuesta el doble de energía mantener encantamientos. No afecta a los espíritus.;0;24;19;2;0;5;2;60;0;0;0;0;0;0;0;
477;Terreno fangoso;Schlammiges Terrain;Ritual de la naturaleza. Crea un espíritu de nivel 1..10 (30..180 segundos de vida). Las criaturas dentro de la zona se mueven un 10% más lento. también impide los aumentos de velocidad. No afecta a los espíritus.;1;24;19;2;0;5;2;30;0;0;0;0;0;0;0;
570;Marca de inseguridad;Zeichen der Unsicherheit;Conjuro con maleficio de élite. (5..25 segundos) Provoca -1..5 de degeneración de salud. Los encantamientos y actitudes desaparecen un 20..60 % más rápido en el enemigo objetivo. Desactiva las habilidades que no sean de asesino (5 segundos).;3;30;24;7;0;5;1;10;0;0;1;0;0;0;0;
571;Daga desbaratadora;Unterbrechender Dolch;Conjuro con mitad de alcance. Proyectil: hace 10..35 de daño de tierra. Interrumpe una habilidad.;3;30;22;7;0;5;.25;10;0;0;0;0;0;0;0;
572;Paradoja mortal;Tödliches Paradoxon;Actitud. (5..15 segundos). Tus habilidades de Asesino se activan y recargan un 33% más deprisa. Desactiva tus habilidades de ataque (10 segundos).;3;30;29;7;0;15;0;10;0;0;0;0;0;0;0;
763;Mirada ictérica;Neidvoller Blick;Conjuro con encantamiento. Elimina un encantamiento del enemigo objetivo. Efecto de eliminación: tu próximo encantamiento se lanza 0..1 segundos más deprisa y cuesta 1..10 menos de energía. (1..20 segundos).;2;4;23;4;0;5;1;15;0;0;0;0;0;0;0;
764;Gemido de condena;Schicksalsklage;Conjuro con maleficio de élite. (2..6 segundos). Los atributos del enemigo objetivo se borran a 0.;2;6;24;4;0;1;.25;15;0;10;1;0;0;0;0;
766;Mirada de desprecio;Verächtlicher Blick;Conjuro. Quita todos los encantamientos del enemigo objetivo. No tiene efecto a menos que este enemigo tenga más del 50% de salud.;2;-1;22;4;0;10;2;10;0;0;0;0;0;0;0;
769;Defensa de la víbora;Verteidigung der Viper;Conjuro. Causa envenenamiento (5..20 segundos) a todos los enemigos cercanos y das un paso sombrío a un lugar cercano, lejos de tu objetivo.;2;31;22;7;0;5;.25;10;0;0;0;0;0;0;0;
770;Retorno;Rückkehr;Conjuro. Causa lisiadura (3..8 segundos) a todos los enemigos adyacentes a ti. Das un paso sombrío hasta el aliado objetivo. No te puedes apuntar a ti mismo.;2;31;22;7;0;5;.25;15;0;0;0;0;0;0;0;
771;Aura de desplazamiento;Aura der Verschiebung;Conjuro con encantamiento de élite. Das un paso sombrío hasta el enemigo objetivo. Efecto final: vuelves a tu ubicación original.;2;-1;23;7;-1;5;.25;20;0;0;1;0;0;0;0;
772;Generoso sea Tsungrai;Großzügig war Tsungrai;Conjuro con objeto. (15..60 segundos). Tienes +50..140 de salud máxima. Efecto al soltarse: ganas 100..280 de salud.;2;33;25;8;0;5;1;15;0;10;0;0;0;0;0;
773;Bendito sea Vorizun;Mächtig war Vorizun;Conjuro con objeto. (15..60 segundos). Ganas +15 de armadura y +30 de energía máxima.;2;32;25;8;0;5;2;30;0;0;0;0;0;0;0;
775;Brote mortal;Todesblüte;Ataque doble. Hace +20..45 de daño. También afecta a los enemigos adyacentes al enemigo objetivo. Debe ir precedido de un ataque complementario.;2;29;7;7;0;5;0;2;0;0;0;0;0;0;0;
776;Colmillos afilados;Schlangenzähne;Ataque doble. Hace +10..20 de daño. Causa hemorragia y herida grave (5..20 segundos). Debe ir precedido de un ataque complementario.;2;35;7;7;0;10;0;15;0;0;0;0;0;0;0;
777;Cuernos del buey;Hörner des Ochsen;Ataque doble. Hace +1..11 de daño. Causa derribo si el enemigo objetivo no tiene aliados adyacentes. Debe ir precedido de un ataque complementario.;2;29;7;7;0;5;0;12;0;0;0;0;0;0;0;
778;Araña colgante;Fallende Spinne;Ataque complementario. Hace +15..35 de daño. Causa envenenamiento (5..20 segundos). No tiene efecto si el objetivo no está derribado.;2;29;6;7;0;5;0;8;0;0;0;0;0;0;0;
779;Loto negra;Schwarzer Lotus-Stoß;Ataque inicial. Hace +10..31 de daño. Ganas 5..13 de energía si el enemigo objetivo está maldito.;2;35;5;7;0;5;0;6;0;0;0;0;0;0;0;
780;Colmillos de zorro;Reißzähne des Fuchses;Ataque complementario. Hace +10..35 de daño. No se puede bloquear. Debe ir precedido de un ataque inicial.;2;29;6;7;0;5;.5;3;0;0;0;0;0;0;0;
781;Golpe de Moebius;Möbiusstoß;Ataque complementario de élite. Hace +10..35 de daño. Recarga tus demás habilidades de ataque si la salud del enemigo objetivo está por debajo del 50%. Debe ir precedido de un ataque doble.;2;29;6;7;0;5;0;2;0;0;1;0;0;0;0;
782;Ataque dentado;Gezackter Stoß;Ataque inicial. Causa hemorragia (5..20 segundos).;2;29;5;7;0;5;.5;2;0;0;0;0;0;0;0;
783;Ataque imprevisto;Unvermuteter Stoß;Ataque inicial. Hace +19..31 de daño. +15..75 de daño extra si el enemigo objetivo está por encima del 90% de salud.;2;35;5;7;0;10;0;2;0;0;0;0;0;0;0;
784;Aspid;Schlingnatter;Conjuro. Causa derribo. Causa envenenamiento (5..20 segundos). Debe ir precedido de un ataque inicial.;2;30;22;7;0;10;1;20;0;0;0;0;0;0;0;
785;Marca de muerte;Zeichen des Todes;Conjuro con maleficio. (4..10 segundos). El enemigo objetivo se beneficia un 50% menos de las curaciones.;2;30;24;7;0;10;.25;20;0;0;0;0;0;0;0;
786;Palma de hierro;Eiserne Handfläche;Habilidad de toque. Hace 5..50 de daño. Causa derribo si el enemigo objetivo tiene un maleficio o una condición. Esta habilidad cuenta como un ataque inicial.;2;30;1;7;0;5;.75;20;0;0;0;0;0;0;0;
787;Arma elástica;Unverwüstliche Waffe;Conjuro con arma. (3..12 segundos). +1..6 de regeneración de salud y +24 de armadura. No tiene efecto si el aliado objetivo no tiene una condición o un maleficio.;2;33;27;8;0;10;1;6;0;0;0;0;0;0;0;
788;Ciego sea Mingson;Blind war Mingson;Conjuro con objeto. (15..60 segundos). Efecto al soltarse: causa ceguera (3..8 segundos) a todos los enemigos cercanos.;2;33;25;8;0;5;1;20;0;0;0;0;0;0;0;
789;Codicioso sea Kuurong;Erfassend war Kuurong;Conjuro con objeto de élite. (15..60 segundos). Efecto al soltarse: hace 15..75 de daño y derriba a todos los enemigos de la zona.;2;34;25;8;0;15;1.5;25;0;0;1;0;0;0;0;
790;Rencoroso sea Khanhei;Nachtragend war Khanhei;Conjuro con objeto de élite. (5..11 segundos). Robas 10..45 de salud de cada enemigo que te golpee con un ataque.;2;33;25;8;0;5;.75;15;0;0;1;0;0;0;0;
791;Carne de mi carne;Fleisch von meinem Fleisch;Conjuro. Resucita al miembro del grupo objetivo (con la mitad de tu salud actual y 5..20% de energía). Pierdes la mitad de salud.;2;33;22;8;0;5;4;0;0;0;0;0;0;0;0;
792;Arma de astillas;Splitterwaffe;Conjuro con arma. (20 segundos). Sus ataques hacen 5..50 de daño hasta a 3 enemigos adyacentes. Acaba después de 1..5 ataques.;2;34;27;8;0;5;1;5;0;0;0;0;0;0;0;
793;Arma de guardia;Waffe der Abwehr;Conjuro con arma. (3..8 segundos.) +2..4 de regeneración de salud. 50% de probabilidades de bloquear.;2;33;27;8;0;10;1;5;0;0;0;0;0;0;0;
794;Arma de lamentos;Klagende Waffe;Conjuro con arma. (3..14 segundos). Los ataques interrumpen a los enemigos que ataquen.;2;34;27;8;0;5;1;15;0;0;0;0;0;0;0;
795;Arma de pesadilla;Alptraumwaffe;Conjuro con arma. (12 segundos). Los ataques del objetivo (un aliado o tú mismo) roban 10..50 de salud pero hacen 10..50 menos de daño. Acaba después de 3 ataques.;2;34;27;8;0;5;1;10;0;0;0;0;0;0;0;
799;Mirada de seducción;Verführerischer Dunst;Conjuro de élite. Das un paso sombrío hasta el enemigo. Causa aturdimiento (3..9 segundos).;2;31;22;7;0;10;.25;20;0;0;1;0;0;0;0;
800;Toxina persistente;Dauerhaftes Toxin;Conjuro con maleficio. (5 segundos). Causa -1..5 de degeneración de salud. Renovación: si el enemigo objetivo se está moviendo cuando este maleficio acabe.;2;30;24;7;0;5;.25;10;0;0;0;0;0;0;0;
801;Mortaja de silencio;Schleier des Schweigens;Conjuro con maleficio de élite de toque. (1..6 segundos). El enemigo objetivo no puede lanzar conjuros. Tus conjuros están desactivados durante 15 segundos.;2;30;24;7;0;10;.75;30;0;0;1;0;0;0;0;
802;Defensas expuestas;Verteidigungen aufdecken;Conjuro con maleficio. (1..11 segundos). El enemigo objetivo no puede bloquear tus ataques.;2;30;24;7;0;5;1;25;0;0;0;0;0;0;0;
803;Sanguijuela poderosa;Kraftfresser;Conjuro con maleficio de élite. Interrumpes un conjuro o cántico. Efecto de interrupción: robas 5..15 de energía cada vez que el enemigo objetivo lance un conjuro (10 segundos).;2;3;24;5;0;5;.25;20;0;0;1;0;0;0;0;
804;Languidez arcana;Arkane Schwäche;Conjuro con maleficio de élite. (1..10 segundos.) Los conjuros del enemigo objetivo causan 10 de sobrelanzamiento.;2;0;24;5;0;10;2;15;0;0;1;0;0;0;0;
805;Animar horror vampírico;Vampirschreck beleben;Conjuro. Crea un horror vampírico de nivel 1..17. Ganas la misma cantidad de salud que el daño que haga. Explotas un cadáver.;2;5;22;4;0;10;1;15;0;0;0;0;0;0;0;
806;Fervor del profano;Eifer des Sektierers;Conjuro con encantamiento de élite. (5 segundos más 3 segundos adicionales por cada rango de cosecha de almas.) Tus conjuros de Nigromante cuestan 1..6 menos de energía. Sufres hemorragia (10 segundos) cada vez que lanzas un conjuro de Nigromante.;2;4;23;4;0;5;1;15;0;0;1;0;0;0;0;
808;Marca del segador;Zeichen des Schnitters;Conjuro con maleficio de élite. (30 segundos). Causa -1..5 de degeneración de salud. Ganas 5..15 de energía si el enemigo objetivo muere mientras tenga este maleficio.;3;6;24;4;0;5;1;10;0;0;1;0;0;0;0;
809;Guijarro;Trümmerstein;Conjuro con maleficio de élite. (3 segundos.) Efecto inicial: hace 25..100 de daño frío y el objetivo se mueve un 66 % más lento. Efecto final: hace 25..100 de daño frío al objetivo y los enemigos adyacentes.;2;11;24;6;0;10;2;8;0;0;1;0;0;0;0;
810;Defensa del protector;Verteidigung des Beschützers;Habilidad. (5..11 segundos). Los aliados adyacentes tienen un 75% de probabilidades de bloquear. Acaba si te mueves.;2;21;1;1;0;5;0;30;0;0;0;0;0;0;0;
811;Corramos juntos;Gemeinsam rennen;Actitud. (5..15 segundos). Tú y tu mascota os movéis un 25% más rápido.;2;22;29;2;0;5;0;15;0;0;0;0;0;0;0;
812;Desafiante sea Xinrae;Trotzig war Xinrae;Conjuro con objeto de élite. (15..60 segundos). No puedes perder más del 20% de tu salud máxima de un solo golpe. Efecto al soltarse: robas 5..50 de salud de los enemigos cercanos.;2;33;25;8;0;5;1;20;0;0;1;0;0;0;0;
813;Aura de Lyssa;Lyssas Aura;Conjuro con encantamiento de élite. (10 segundos). Tienes +0..5 de regeneración de energía. Renovación: cada vez que lances un conjuro contra un enemigo.;2;3;23;5;0;5;1;30;0;0;1;0;0;0;0;
814;Refugio sombrío;Schattenzuflucht;Conjuro con encantamiento. (6 segundos). Tienes +5..10 de regeneración de salud. Efecto final: te curas 40..100 de salud si estás atacando.;2;31;23;7;0;5;1;8;0;0;0;0;0;0;0;
815;Alambre de escorpión;Skorpiondraht;Conjuro con maleficio con mitad de alcance. (8..20 segundos). Das un paso sombrío hasta el enemigo objetivo y le derribas la próxima vez que se aleje más de 75 metros.;2;30;24;7;0;5;1;10;0;0;0;0;0;0;0;
816;Actitud copiada;Gespiegelte Haltung;Conjuro con maleficio. (10..35 segundos). Copias cualquier actitud usada por el enemigo objetivo.;2;31;24;7;0;5;.25;15;0;0;0;0;0;0;0;
817;Discordia;Zwietracht;Conjuro de élite. Hace 30..110 de daño. No tiene efecto a menos que el enemigo objetivo tenga una condición y también un maleficio o un encantamiento.;2;5;22;4;0;5;1;2;0;0;1;0;0;0;0;
818;Pozo de cansancio;Brunnen der Müdigkeit;Conjuro de pozo. (10..55 segundos). Los enemigos en este pozo sufren -1 de degeneración de energía. Explotas un cadáver reciente o sacrificas un 66 % de salud.;2;7;28;4;0;5;1;5;0;0;0;0;0;0;0;
819;Espíritu vampírico;Vampirgeist;Conjuro con encantamiento de élite. Robas 15..60 de salud del enemigo objetivo. Tienes +5..10 de regeneración de salud (10 segundos).;2;4;23;4;0;5;1;8;0;0;1;0;0;0;0;
820;Depravación;Verderbtheit;Conjuro con maleficio de élite. (5..20 segundos). Hace perder 1..5 de energía cada vez que el enemigo objetivo lance un conjuro. Un enemigo cercano a tu objetivo también pierde energía.;3;7;24;4;0;10;1;15;0;0;1;0;0;0;0;
821;Venas heladas;Eisadern;Conjuro con maleficio de élite. (10..35 segundos). Hace 20..110 de daño frío a los enemigos cercanos si el enemigo objetivo muere. Efecto inicial: 10..90 de daño frío.;2;6;24;4;0;10;1;5;0;0;1;0;0;0;0;
822;Rodillas debilitadas;Weiche Knie;Conjuro con maleficio de élite. (1..16 segundos). El enemigo objetivo sufre -1..4 de degeneración de salud y recibe 5..20 de daño mientras se mueva.;2;7;24;4;0;5;1;5;0;0;1;0;0;0;0;
823;Velocidad del fuego;Brennende Eile;Conjuro con encantamiento. (7 segundos.) Te mueves un 30..45% más rápido. Ardes (7 segundos). Efecto final: causa quemadura (3..9 segundos) a los enemigos adyacentes.;2;10;23;6;0;10;.25;0;0;0;0;0;0;0;0;
824;Flechas de lava;Lavapfeile;Conjuro. Proyectil: hace 20..65 de daño de fuego. Efecto extra: lanza proyectiles a otros 2 enemigos cerca de tu objetivo.;2;10;22;6;0;5;1;2;0;0;0;0;0;0;0;
825;Manto de ascuas;Kohlenbett;Conjuro. Hace 5..29 de daño de fuego por segundo (5 segundos) en la ubicación del enemigo objetivo. Golpea a los enemigos adyacentes a tu objetivo. Causa quemadura (3..7 segundos) a los enemigos derribados.;2;10;22;6;0;10;1;15;0;0;0;0;0;0;0;
826;Forma sombría;Schattenform;Conjuro con encantamiento de élite. (5..21 segundos). No puedes ser objetivo de conjuros enemigos. Ganas 5 de reducción de daño por cada encantamiento de Asesino que tengas. No puedes hacer más de 5..25 de daño con cada habilidad o ataque.;2;31;23;7;0;5;1;30;0;0;1;0;0;0;0;
827;Sifón de fuerza;Kraft abzapfen;Conjuro con maleficio de élite. (5..20 segundos). El enemigo objetivo hace -5..50 de daño de ataque. Tienes +50% de probabilidades de dar un golpe crítico a este enemigo.;2;30;24;7;0;10;1;10;0;0;1;0;0;0;0;
828;Miasma vil;Fauler Gestank;Conjuro con maleficio. Causa -1..5 de degeneración de salud (10 segundos). Efecto inicial: 10..65 de daño frío. Sólo funciona el maleficio si el enemigo objetivo tiene una condición.;2;5;24;4;0;10;1;15;0;0;0;0;0;0;0;
830;Rayo del juicio;Strahl des Urteils;Conjuro de élite. Hace 10..50 de daño sagrado y causa quemadura (1..3 segundos) por cada segundo (5 segundos). Alcanza a los enemigos adyacentes a la ubicación inicial del enemigo objetivo.;2;14;22;3;0;10;1;15;0;0;1;0;0;0;0;
831;Furia primitiva;Urzorn;Actitud de élite. (1..9 segundos). Atacas un 33 % más rápido y te mueves un 33 % más rápido, pero recibes 150..125 % de daño. Recibes 150..125 % de daño.;2;17;29;1;0;5;0;4;0;0;1;0;0;0;0;
832;Animar gólem de carne;Fleischgolem beleben;Conjuro de élite. Crea un Gólem de carne de nivel 3..25 que deja 1..4 cadáveres recientes al morir. Explotas un cadáver reciente. No puedes tener más de un Gólem de carne simultáneamente.;2;5;22;4;0;10;1;30;0;0;1;0;0;0;0;
834;Prisa temeraria;Rücksichtslose Hast;Conjuro con maleficio. También afecta a los enemigos adyacentes a tu objetivo (6..12 segundos). Tienen un 50% de probabilidades de fallar, pero atacan un 25% más deprisa.;2;7;24;4;0;15;1;12;0;0;0;0;0;0;0;
835;Vínculo de sangre;Blutsbande;Conjuro con maleficio. También afecta a los enemigos adyacentes al objetivo (3..12 segundos). Los aliados que golpeen a esos enemigos ganan 5..20 de salud. Si alguno de esos enemigos muere mientras tenía el maleficio, todos los aliados adyacentes a él se curan 20..100.;2;4;24;4;0;5;1;8;0;0;0;0;0;0;0;
836;Cabalga en el rayo;Den Blitz reiten;Conjuro de élite. Causa 10..70 de daño de relámpago. 25% de penetración de armadura. Causa ceguera a los enemigos adyacentes (1..5 segundos). Llegas a tu objetivo inmediatamente. Se puede lanzar sobre aliados.;2;8;22;6;0;5;1;5;0;0;1;0;5;0;0;
837;Bendición de energía;Energiesegen;Conjuro con encantamiento de élite. (36..60 segundos). Tu salud máxima y la del aliado objetivo aumentan 1..3 por cada punto de energía máxima. Efecto inicial: Ambos ganáis 1..12 de energía. Tú ganas +1 de energía por cada 2 puntos de almacenamiento de energía.;2;12;23;6;0;10;1;12;0;0;1;0;0;0;0;
838;Pesar de Dwayna;Dwaynas Leid;Conjuro con encantamiento. También encanta a los aliados cercanos a tu objetivo (30 segundos). El grupo se cura 5..50 de salud si alguno de esos aliados muere.;2;13;23;3;0;5;1;5;0;0;0;0;0;0;0;
839;"¡Retirada!";"Rückzug!";Grito. (5..11 segundos). Los miembros del grupo al alcance del oído se mueven un 33% más rápido. No tiene efecto a menos que haya aliados muertos al alcance del oído.;2;21;20;1;0;5;0;20;0;0;0;0;0;0;0;
840;Corazón envenenado;Vergiftetes Herz;Conjuro. Causa envenenamiento (5..15 segundos) a los enemigos cercanos. Tú también te envenenas.;3;7;22;4;0;5;.25;12;0;0;0;0;0;0;0;
841;Suelo fétido;Stinkender Boden;Conjuro. Hace 15..65 de daño frío. Causa envenenamiento (5..20 segundos) si el enemigo objetivo está derribado.;2;5;22;4;0;5;.75;10;0;0;0;0;0;0;0;
842;Arco de relámpagos;Blitzbogen;Conjuro. Causa 5..40 de daño de relámpago. Hace 15..85 de daño de relámpago a dos enemigos cercanos si estás sobrelanzando. 25% de penetración de armadura.;2;8;22;6;0;5;1.5;8;0;0;0;0;0;0;0;
843;Soplo;Böe;Conjuro con encantamiento de élite. (5..11 segundos). Tú y el aliado objetivo os movéis un 33% más rápido. Efecto inicial: Los enemigos adyacentes a ti y tu aliado objetivo reciben 15..70 de daño frío. Los enemigos que estén atacando o moviéndose serán derribados.;2;8;23;6;0;10;.75;15;0;0;1;0;0;0;0;
844;Movimiento de tierra;Aufgeworfene Erde;Conjuro. Hace 10..40 de daño de tierra por segundo (5 segundos). Alcanza a los enemigos cercanos a la ubicación inicial del objetivo. Causa derribo a los enemigos que se muevan más rápido de lo normal.;2;9;22;6;0;15;2;30;0;0;0;0;0;0;0;
845;Llama líquida;Flüssige Flamme;Conjuro. Hace 7..112 de daño de fuego. Hace 7..112 de daño de fuego a los enemigos cercanos a tu objetivo si está atacando o lanzando un conjuro.;3;10;22;6;0;10;1;15;0;0;0;0;0;0;0;
846;Vapor;Dampf;Conjuro. Hace 20..60 de daño frío. Causa ceguera (5..10 segundos) e inflige 20..60 de daño de fuego si el enemigo objetivo está ardiendo.;3;11;22;6;0;5;1;8;0;0;0;0;0;0;0;
847;Sello vinculante;Siegel des Segens;Sello de élite. Curas 20..80 de salud. Tu siguiente conjuro de curación o protección que lances sobre un aliado cura +20..100 de salud extra.;2;16;21;3;0;0;1;6;0;0;1;0;0;0;0;
848;Maleficio inverso;Verhexung umkehren;Conjuro con encantamiento. (5..10 segundos). Elimina un maleficio del objetivo (un aliado o tú mismo). El siguiente daño que reciba este objetivo se reduce en 5..50. No tiene efecto si el objetivo no tiene un maleficio.;2;15;23;3;0;10;.25;10;0;0;0;0;0;0;0;
849;Tajo desgarrador;Zerfetzender Hieb;Ataque con hacha. Hace +5..20 de daño. Causa hemorragia (5..20 segundos) si el enemigo objetivo está derribado.;2;18;4;1;0;0;0;0;4.8;0;0;0;0;0;0;
850;Golpe feroz;Erbitterter Schlag;Ataque con martillo. Hace +5..20 de daño. Causa herida grave (1..8 segundos) si el enemigo objetivo está debilitado.;2;19;8;1;0;0;0;0;5.6;0;0;0;0;0;0;
851;Tajada del sol y la luna;Sonne-Mond-Hieb;Ataque con espada. Atacas dos veces al enemigo objetivo. No se puede bloquear.;2;20;10;1;0;0;0;0;8;0;0;0;0;0;0;
852;Disparo astillado;Splitterschuss;Ataque con arco. Causa +3..15 de daño. Hace 5..65 de daño a los enemigos de la zona si se bloquea.;2;25;2;2;0;10;0;5;0;0;0;0;0;0;0;
853;Disparo de Melandru;Melandrus Schuss;Ataque con arco de élite. Causa hemorragia (5..25 segundos). Hace +10..25 de daño y causa lisiadura (5..15 segundos) si el enemigo objetivo estaba moviéndose o había sido derribado.;2;25;2;2;0;5;1;8;0;0;1;0;0;0;0;
854;Cepo;Schlinge;Trampa. (90 segundos.) Afecta a los enemigos cercanos. Causa lisiadura (3..15 segundos). Se puede interrumpir con facilidad.;2;24;30;2;0;5;1.5;15;0;0;0;0;0;0;0;
858;Dagas danzantes;Tanzende Dolche;Conjuro con mitad de alcance. Tres proyectiles: cada uno hace 5..35 de daño de tierra. Cuenta como un ataque inicial.;2;30;22;7;0;5;1;5;0;0;0;0;0;0;0;
859;Conjurar pesadilla;Alptraum beschwören;Conjuro con maleficio. (2..16 segundos). Causa -8 de degeneración de salud.;2;1;24;5;0;15;1;5;0;0;0;0;0;0;0;
860;Sello de interrupción;Siegel der Unterbrechung;Sello. Interrumpe un conjuro. Puede interrumpir cualquier habilidad si el enemigo objetivo tiene algún maleficio. Efecto de interrupción: hace 10..51 de daño.;2;2;21;5;0;0;.25;15;0;0;0;0;0;0;0;
862;Mirada rapaz;Heißhungriger Blick;Conjuro de élite. Hace 20..40 de daño y roba 20..40 de salud del enemigo objetivo y los cercanos.;3;4;22;4;0;1;1;10;0;8;1;0;0;0;0;
863;Orden de la apostasía;Orden der Abtrünnigkeit;Conjuro con encantamiento de élite. Afecta a todos los compañeros de equipo (5 segundos). Éstos pierden un encantamiento cuando hagan daño físico. Coste de la eliminación: por cada encantamiento de Monje, pierdes un 10..3% de salud máxima.;2;7;23;4;0;25;2;0;0;0;1;0;0;0;0;
864;Mirada opresora;Repressiver Blick;Conjuro. Hace 10..30 de daño al enemigo objetivo y los adyacentes. Causa envenenamiento y debilitamiento (3..12 segundos) a los enemigos que estén padeciendo alguna condición.;2;4;22;4;0;10;1;10;0;0;0;0;0;0;0;
865;Martillo de relámpago;Blitzhammer;Conjuro. Causa 10..100 de daño de relámpago. Causa armadura rota (5..20 segundos). 25% de penetración de armadura.;2;8;22;6;0;25;2;4;0;0;0;0;0;0;0;
866;Cuchilla de vapor;Dunstklinge;Conjuro. Hace 15..135 de daño frío. Mitad del daño si el objetivo enemigo está encantado.;2;11;22;6;0;5;1.5;7;0;0;0;0;5;0;0;
867;Luz sanadora;Heilendes Licht;Conjuro de élite. Cura 40..120 de salud Ganas 1..3 de energía si el objetivo (un aliado o tú mismo) tiene un encantamiento.;2;13;22;3;0;5;.75;4;0;0;1;0;0;0;0;
869;"¡Cobarde!";"Feigling!";Grito de élite. Causa derribo si el enemigo objetivo está en movimiento.;2;-1;20;1;0;0;0;2;4;0;1;0;0;0;0;
870;Pestilencia;Pestilenz;Ritual de la naturaleza. Crea un espíritu de nivel 1..10 (30..180 segundos de vida). Cuando alguna criatura de la zona muera, las condiciones que tenía se contagian a las criaturas de la zona que ya tenían alguna condición. No afecta a los espíritus.;3;24;19;2;0;5;2;60;0;0;0;0;0;0;0;
871;Nanasombría;Schattengesang;Ritual con espíritus. Crea un espíritu de nivel 1..10 (30 segundos de vida). Sus ataques hacen 5..20 de daño y causan ceguera (5..20 segundos).;2;32;18;8;0;15;1;30;0;0;0;0;0;0;0;
876;Sello de sombras;Siegel der Schatten;Sello. Hace +5..35 de daño. +15..60 de daño extra si el enemigo objetivo sufre ceguera.;2;30;21;7;0;0;1;15;0;0;0;0;0;0;0;
877;Balanza de Lyssa;Lyssas Ausgleich;Conjuro. Elimina un encantamiento del enemigo objetivo. No tiene efecto si tienes más encantamientos que este enemigo.;2;-1;22;5;0;5;1;15;0;0;0;0;0;0;0;
878;Visiones de arrepentimiento;Visionen des Bedauerns;Conjuro con maleficio de élite. También afecta a los enemigos cercanos al objetivo (10 segundos). Estos enemigos reciben 15..45 de daño cada vez que utilicen una habilidad y 5..50 de daño adicional si no están bajo los efectos de ningún otro maleficio de Hipnotizador.;3;2;24;5;0;10;2;20;0;0;1;0;0;0;0;
879;Ilusión de dolor;Illusion der Schmerzen;Conjuro con maleficio. (8 segundos). Causa -3..10 de degeneración de salud y el enemigo objetivo recibe 3..10 de daño por segundo. Efecto final: el enemigo se cura 36..120 de salud.;2;1;24;5;0;10;2;5;0;0;0;0;0;0;0;
880;Velocidad robada;Gestohlene Eile;Conjuro con maleficio de élite. También afecta a los enemigos adyacentes (1..10 segundos). Dobla el tiempo de lanzamiento. Los conjuros que tú o tus aliados lancéis sobre estos enemigos tienen un -50% de tiempo de lanzamiento.;2;0;24;5;0;5;1;12;0;0;1;0;0;0;0;
881;Sello de éter;Äther-Siegel;Sello. Ganas 10..20 de energía. No funciona si no tienes menos de 5..10 de energía.;2;3;21;5;0;0;1;45;0;0;0;0;0;0;0;
882;Sello del desencantamiento;Siegel der Entzauberung;Sello. Elimina un encantamiento. Pierdes toda la energía.;2;-1;21;5;0;0;1;15;0;0;0;0;0;0;0;
883;Minoría ruidosa;Stimmminderheit;Conjuro con maleficio. También afecta a los enemigos cercanos al objetivo (5..20 segundos). Éstos no pueden usar gritos ni cánticos.;3;7;24;4;0;10;1;20;0;0;0;0;0;0;0;
884;Llamas abrasadoras;Versengende Flammen;Conjuro de élite. Alcanza a los enemigos cerca de tu objetivo. Hace 10..100 de daño de fuego a los enemigos que ya estaban ardiendo. Causa quemadura (1..7 segundos) a los enemigos que no estaban ardiendo.;3;10;22;6;0;15;1;2;0;0;1;0;0;0;0;
885;Guardián de acero;Schildwächter;Conjuro con encantamiento. (2..6 segundos). Los miembros del equipo al alcance del oído tienen un 75% de posibilidades de bloquear ataques. Efecto al bloquear: Los aliados al alcance del oído se curarán 10..40 de salud y el Guardián de acero terminará.;2;15;23;3;0;5;1.5;20;0;0;0;0;0;0;0;
886;Brisa apacible;Beruhigender Hauch;Conjuro con encantamiento. (8..18 segundos). +10 de regeneración de salud. Acaba si el objetivo (un aliado o tú mismo) ataca o usa una habilidad.;3;13;23;3;0;5;1;8;0;0;0;0;0;0;0;
887;Sello del rejuvenecimiento;Siegel der Verjüngung;Sello. Cura 15..75 de salud. 15..75 de salud extra si el objetivo (un aliado o tú mismo) está lanzando un conjuro o atacando.;2;13;21;3;0;0;1;8;0;0;0;0;0;0;0;
888;Hacha giratoria;Wirbelnde Axt;Ataque con hacha de élite. Hace +5..20 de daño y elimina una actitud. No se puede bloquear.;2;18;4;1;0;0;0;0;4;0;1;0;0;0;0;
889;Golpe eficaz;Energischer Schlag;Ataque con martillo de élite. Hace +10..30 de daño. Elimina la actitud del enemigo objetivo. Causa debilitamiento (5..20 segundos). No se puede bloquear.;2;19;8;1;0;0;0;0;4.8;0;1;0;0;0;0;
891;"¡No pasarán!";"Niemand darf vorbei!";Grito. Derriba a todos los enemigos cercanos en movimiento. Se recarga 1..8 segundos más deprisa por cada enemigo afectado (máximo 25 segundos).;2;21;20;1;0;5;0;45;0;0;0;0;0;0;0;
892;Espada temblorosa;Zitternde Klinge;Ataque con espada de élite. Hace +10..40 de daño. Causa aturdimiento (10 segundos) si el enemigo objetivo está moviéndose.;2;20;10;1;0;0;0;0;4;0;1;0;0;0;0;
893;Flechas dirigidas;Suchende Pfeile;Preparación["Preparaciones"]. (3..14 segundos). Tus flechas no se pueden bloquear. Acaba si fallas.;2;25;17;2;0;10;2;15;0;0;0;0;0;0;0;
898;Sobrecarga;Überlastung;Conjuro con maleficio. (5 segundos). Causa -1..3 de degeneración de salud. Si el enemigo objetivo está usando una habilidad, ese enemigo sufre 15..75 de daño y todos los enemigos adyacentes a él reciben un 75 % de ese daño.;2;2;24;5;0;5;.25;5;0;0;0;0;0;0;0;
899;Imágenes de remordimiento;Bilder der Reue;Conjuro con maleficio. (5..10 segundos). Causa -1..3 de degeneración de salud. Efecto inicial: 10..52 de daño si este enemigo está atacando.;2;1;24;5;0;5;1;5;0;0;0;0;0;0;0;
900;Carga compartida;Geteilte Bürde;Conjuro con maleficio de élite. También se aplica el maleficio a los enemigos en la zona de tu objetivo (5..20 segundos). Estos enemigos atacan, lanzan conjuros y se mueven un 50 % más despacio.;2;1;24;5;0;5;2;15;0;0;1;0;0;0;0;
901;Vínculo de almas;Seelenfessel;Conjuro con maleficio de élite. (30 segundos). Cada vez que el enemigo objetivo sea curado, el que le cure recibe 20..80 de daño. Acaba si el objetivo tiene un maleficio de plegarias de ataque.;2;7;24;4;0;10;1;5;0;0;1;0;0;0;0;
902;Sangre del agresor;Blut des Aggressoren;Conjuro. Roba 5..45 de salud. Causa debilitamiento (3..12 segundos) si el enemigo objetivo estaba atacando.;3;4;22;4;0;5;1;5;0;0;0;0;0;0;0;
903;Prisma helado;Eisprisma;Conjuro. Hace 15..75 de daño frío. Hace +15..75 de daño frío a los demás enemigos cercanos si el objetivo tiene un maleficio de magia de agua.;2;11;22;6;0;5;1;5;0;0;0;0;5;0;0;
904;Hacha furiosa;Zornige Axt;Ataque con hacha. Hace +5..35 de daño. Te da 3 golpes de adrenalina si se bloquea.;2;18;4;1;0;5;0;6;0;0;0;0;0;0;0;
905;Golpe auspiciante;Günstiger Schlag;Ataque con martillo. Hace +5..20 de daño y ganas adrenalina y 3..8 de energía. No se puede bloquear si el enemigo objetivo está debilitado.;2;19;8;1;0;0;0;0;4.8;0;0;0;0;0;0;
906;"¡De rodillas!";"Auf Eure Knie!";Grito. Recarga todas tus actitudes si un enemigo adyacente está derribado. Pierdes toda la adrenalina.;2;-1;20;1;0;0;0;0;6;0;0;0;0;0;0;
907;Golpe del dragón;Drachenhieb;Ataque con espada de élite. Hace +10..40 de daño. Ganas 1..5 golpes de adrenalina.;2;20;10;1;0;0;0;0;7;0;1;0;0;0;0;
908;Disparo del merodeador;Plünderer-Schuss;Ataque con arco. Hace +25..55 de daño. Tus demás habilidades que no sean de ataque se desactivan (5 segundos) si este ataque impacta.;2;25;2;2;0;5;0;6;0;0;0;0;0;0;0;
909;Disparo certero;Scharfschuss;Ataque con arco. Deals +10..40 damage. Unblockable. This shot moves three times faster.Your other attack skills are disabled (8..4 seconds).;2;25;2;2;0;5;0;8;0;0;0;0;0;0;0;
910;Grieta del abismo;Geisterriss;Conjuro. Después de 3 segundos, afecta a los enemigos adyacentes a la ubicación inicial del enemigo. Hace 25..125 de daño de relámpago y causa armadura rota (1..20 segundos).;2;34;22;8;0;10;2;5;0;0;0;0;0;0;0;
911;Unión;Vereinigung;Ritual con espíritus. Crea un espíritu de nivel 1..12 (30..60 segundos de vida). Siempre que un aliado no espíritu reciba daño o pierda vida dentro de su zona, el daño se reducirá en 15 y el espíritu recibirá 15 de daño.;2;32;18;8;0;15;.75;45;0;0;0;0;0;0;0;
913;Calmado sea Tanasen;Ruhig war Tanasen;Conjuro con objeto de élite. (5..20 segundos). Tienes +10..25 de armadura. No se te puede interrumpir.;2;33;25;8;0;5;1;15;0;0;1;0;0;0;0;
914;Alma consumida;Seele verzehren;Conjuro de élite. Roba 5..70 de salud. Causa 25..125 de daño a las criaturas hostiles invocadas que se encuentran cerca del enemigo objetivo.;2;36;22;8;0;5;1;5;0;0;1;0;0;0;0;
915;Luz espiritual;Geisterlicht;Conjuro. Cura 60..180 de salud. No sacrificas tu salud si hay espíritus al alcance del oído.;2;33;22;8;0;5;1;4;0;17;0;0;0;0;0;
916;Lamento;Wehklage;Conjuro con maleficio. También afecta a los enemigos cercanos al objetivo (5..20 segundos). Causa -0..3 de degeneración de salud. Efecto inicial: hace 10..50 de daño a estos enemigos si estás al alcance del oído de algún espíritu o cadáver.;2;34;24;8;0;10;1;15;0;0;0;0;0;0;0;
917;Alma rota;Seele zerreißen;Conjuro. Destruye al espíritu aliado objetivo. Hace 50..140 de daño de relámpago y causa ceguera (3..12 segundos) a los enemigos cercanos.;2;36;22;8;0;10;.75;5;0;0;0;0;0;0;0;
918;Espíritu carnal;Geist zu Fleisch;Conjuro de toque. Destruye al espíritu aliado tocado. Cura 30..240 de salud a los aliados cercanos.;2;36;22;8;0;10;.75;15;0;0;0;0;0;0;0;
919;Quemadura espiritual;Geisterbrand;Conjuro. Causa 5..50 de daño relámpago. Causa quemadura (1..5 segundos) si estás al alcance del oído de algún espíritu.;2;34;22;8;0;5;1;6;0;0;0;0;0;0;0;
920;Destrucción;Vernichtung;Ritual con espíritus. Creas un espíritu de nivel 1..14 que muere al cabo de 30 segundos. Cuando éste muera, todos los enemigos de la zona reciben 5..25 de daño por cada segundo que haya vivido (máximo 150 de daño).;2;34;18;8;0;10;.75;20;0;0;0;0;0;0;0;
921;Disonancia;Missklang;Ritual con espíritus. Crea un espíritu de nivel 1..12 (10..25 segundos de vida). Sus ataques hacen 5..20 de daño e interrumpen.;2;32;18;8;0;25;1;45;0;0;0;0;0;0;0;
923;Desencantamiento;Entzauberung;Ritual con espíritus. Crea un espíritu de nivel 1..12 (10..35 segundos de vida). Sus ataques hacen 5..20 de daño y eliminan un encantamiento.;2;32;18;8;0;15;1;30;0;0;0;0;0;0;0;
925;Recuerdo;Rückruf;Conjuro con encantamiento. Efecto final: das un paso sombrío hasta el aliado objetivo. No te puedes apuntar a ti mismo y desactiva todas tus habilidades durante 3 segundos cuando acabe.;2;-1;23;7;-1;10;1;10;0;0;0;0;0;0;0;
926;Dagas afiladas;Dolche wetzen;Conjuro con encantamiento. (5..30 segundos.) Los ataques con daga causan hemorragia (5..15 segundos).;2;35;23;7;0;5;.5;20;0;0;0;0;0;0;0;
927;Temor vergonzoso;Schändliche Angst;Conjuro con maleficio. (10 segundos). El enemigo objetivo recibe 5..20 de daño por segundo mientras esté moviéndose, pero se mueve un 10% más deprisa.;2;30;24;7;0;10;1;10;0;0;0;0;0;0;0;
928;Mortaja sombría;Schattenschleier;Conjuro con maleficio de élite. (3..9 segundos). Al enemigo objetivo no le podrán echar encantamientos.;2;31;24;7;0;5;.25;20;0;0;1;0;0;0;0;
929;Sombra fugaz;Schatten der Eile;Actitud. (10..40 segundos). Te mueves un 15% más rápido. Efecto final: vuelves a tu ubicación original.;2;31;29;7;0;5;0;45;0;0;0;0;0;0;0;
930;Encantamiento próspero;Günstige Beschwörung;Conjuro con encantamiento. (20 segundos). Tu siguiente conjuro te da el 110..200% de su coste de energía.Este conjuro tarda 10..5 segundos más en recargarse.;2;3;23;5;0;5;1;20;0;0;0;0;0;0;0;
931;Regreso poderoso;Kraftrevanche;Conjuro. Interrumpe un conjuro o cántico. Efecto de interrupción: el enemigo objetivo gana 10..5 de energía.;2;0;22;5;0;5;.25;7;0;0;0;0;0;0;0;
932;Complicación;Erschweren;Conjuro. Interrumpe una habilidad. Efecto de interrupción: desactiva la habilidad interrumpida (+5..12 segundos) para el enemigo objetivo y los enemigos cercanos.;2;2;22;5;0;10;.25;20;0;0;0;0;0;0;0;
933;Tormenta fragmentadora;Sturm zerschlagen;Conjuro de élite. Elimina todos los encantamientos. Coste de la eliminación: la Tormenta fragmentadora está desactivada durante +7 segundos por cada encantamiento eliminado.;2;-1;22;5;0;10;1;0;0;0;1;0;0;0;0;
934;Sello antinatural;Unnatürliches Siegel;Sello. Hace 15..75 de daño. Hace 5..50 de daño a otros enemigos adyacentes si el objetivo tiene un maleficio o un encantamiento.;2;2;21;5;0;0;1;10;0;0;0;0;0;0;0;
935;Subida de bilis;Hochkommende Galle;Conjuro con maleficio. (20 segundos). Efecto final: hace 1..6 de daño por cada segundo que haya estado activada la Subida de bilis. También afecta a los demás enemigos de la zona.;2;5;24;4;0;10;1;20;0;0;0;0;0;0;0;
936;Envenenaencantamientos;Verzauberungen vergiften;Conjuro. Elimina un encantamiento del enemigo objetivo. Causa envenenamiento (3..10 segundos por cada encantamiento que le quede a ese enemigo).;3;7;22;4;0;5;1;15;0;0;0;0;0;0;0;
937;Onda expansiva;Stoßwelle;Conjuro de élite. Todos los enemigos de la zona reciben 15..60 de daño de tierra y padecen debilitamiento (1..10 segundos). Los enemigos cercanos también reciben +15..60 de daño de tierra y tienen la armadura rota (1..10 segundos). Los adyacentes también reciben +15..60 de daño de tierra y quedan cegados (1..10 segundos).;2;9;22;6;0;10;1;15;0;0;1;0;0;0;0;
938;Protección de estabilidad;Kreis der Stabilität;Conjuro de protección. (10..25 segundos). No se puede derribar a los aliados dentro de esta protección. No afecta a los aliados espíritus.;2;9;26;6;0;10;1;30;0;0;0;0;0;0;0;
939;Grilletes de hielo;Eisfesseln;Conjuro con maleficio de élite. (1..10 segundos). El enemigo objetivo se mueve un 66% más despacio. Este enemigo se mueve un 90% más despacio si está encantado.;3;11;24;6;0;10;1;12;0;0;1;0;0;0;0;
941;Luz bendita;Gesegnetes Licht;Conjuro de élite. Cura 10..120 de salud. Quita una condición y un maleficio.;2;16;22;3;0;5;.75;5;0;0;1;0;0;0;0;
942;Sacamaleficios;Verhexungen zurücknehmen;Conjuro de élite. Elimina todos los maleficios. También afecta a los aliados adyacentes. Coste de la eliminación: +2 segundos de recarga por cada maleficio eliminado. 50 % de probabilidades de fallar con favor divino inferior a 5.;2;16;22;3;0;5;1;5;0;0;1;0;0;0;0;
943;Extinción;Löschen;Conjuro. Afecta a todos los miembros del equipo. Elimina una condición. Los miembros curados de quemadura se curan 10..100 de salud.;2;15;22;3;0;15;1;12;0;0;0;0;0;0;0;
944;Sello de fuerza;Siegel der Stärke;Sello. Tus ataques hacen +5 de daño. Acaba después de 1..16 ataques.;2;17;21;1;0;0;1;45;0;0;0;0;0;0;0;
946;Poder de tramperos;Fokus des Fallenstellers;Preparación["Preparaciones"] de élite. (12..36 segundos). Será más difícil que te interrumpan si estás colocando una trampa. Ganas +0..4 de supervivencia en la naturaleza.;2;23;17;2;0;5;2;12;0;0;1;0;0;0;0;
947;Zarzas;Dornenranken;Ritual de la naturaleza. Creas un espíritu de nivel 1..10 (30..240 segundos de vida). Las criaturas derribadas reciben 5 de daño y sufren hemorragia (5..20 segundos). No afecta a los espíritus.;2;24;19;2;0;10;2;60;0;0;0;0;0;0;0;
948;Ataque de la desesperación;Verzweifelter Stoß;Ataque inicial. Hace +15..60 de daño si tienes menos del 50..80% de salud.;2;29;5;7;0;5;0;6;0;0;0;0;0;0;0;
949;Camino del zorro;Weg des Fuchses;Conjuro con encantamiento. (10..35 segundos). Tus ataques no se pueden bloquear. Acaba después de 1..6 ataques.;2;31;23;7;0;5;.25;30;0;0;0;0;0;0;0;
950;Carga sombría;Schattenbürde;Conjuro con maleficio. (3..15 segundos). El enemigo objetivo se mueve un 25% más lento y tiene 20..30 menos de armadura contra tus ataques.La reducción de armadura sólo afecta al enemigo si no tiene otros maleficios.;2;31;24;7;0;10;.25;15;0;0;0;0;0;0;0;
951;Chorro de velocidad;Geschwindigkeitsentzug;Conjuro con maleficio. (5..15 segundos) El enemigo objetivo se mueve un 33% más lento y tú un 33 % más deprisa. Se recarga un 50 % más rápido si se lanza contra un enemigo en movimiento.;2;30;24;7;0;5;1;30;0;0;0;0;0;0;0;
952;Carga mortal;Angriff des Todes;Conjuro. Das un paso sombrío hasta el enemigo objetivo. Te curas 65..200 de salud si este enemigo tiene más que tú.;2;31;22;7;0;5;.25;30;0;0;0;0;0;0;0;
953;Flujo de poder;Kraftfluss;Conjuro con maleficio de élite. Interrumpe un conjuro o cántico. Efecto de interrupción: -2 de degeneración de energía (4..10 segundos).;3;2;24;5;0;10;.25;15;0;0;1;0;0;0;0;
954;Maleficios exhortados;Verhexungen vertreiben;Conjuro de élite. Elimina 2 maleficios del objetivo (un aliado o tú mismo).;2;-1;22;5;0;5;1;8;0;0;1;0;0;0;0;
955;Rasgar encantamiento;Verzauberung zerreißen;Conjuro. Elimina 1 encantamientos. Efecto de la eliminación: causa una hemorragia (5..25 segundos).;3;7;22;4;0;5;1;15;0;0;0;0;0;0;0;
957;Escudo de conjuros;Zauberschild;Conjuro con encantamiento. (5..20 segundos). Mientras lances conjuros, no te los podrán lanzar a ti. Efecto final: tus habilidades se desactivan (8..4 segundos).;2;16;23;3;0;10;1;30;0;0;0;0;0;0;0;
958;Susurro de curación;Heilendes Geflüster;Conjuro con mitad de alcance. Cura 40..100 de salud. No te puedes apuntar a ti mismo.;2;13;22;3;0;5;1;1;0;0;0;0;0;0;0;
959;Luz etérea;Ätherisches Licht;Conjuro. Cura 25..100 de salud. Se puede interrumpir con facilidad.;2;13;22;3;0;5;1;5;0;0;0;0;0;0;0;
960;Liberación de encantamientos;Verzauberungen freisetzen;Conjuro. Elimina todos tus encantamientos. Cura 5..35 de salud a todos los miembros del grupo por cada encantamiento de Monje eliminado.;2;16;22;3;0;5;.25;5;0;0;0;0;0;0;0;
961;Desgarre;Zerfetzen;Ritual de la naturaleza de élite. Crea un espíritu de nivel 1..10 (30..240 segundos de vida). Las criaturas dentro de la zona con hemorragia tienen -2 de degeneración de salud: Efecto final: causa hemorragia (5..25 segundos) a las criaturas de la zona que tengan menos del 90% de salud. No afecta a los espíritus.;2;22;19;2;0;10;2;15;0;0;1;0;0;0;0;
962;Transfusión espiritual;Geistübertragung;Conjuro. El espíritu más cercano pierde 5..50 de salud. Cura 5 de salud al aliado objetivo por cada punto de salud perdido.;2;33;22;8;0;10;.25;5;0;0;0;0;0;0;0;
963;Restauración;Wiederherstellung;Ritual con espíritus. Crea un espíritu de nivel 1..14 (30 segundos de vida). Efecto final: los miembros del grupo muertos en la zona resucitan con el 5..50% de salud y 0 de energía.;2;32;18;8;0;10;1;30;0;0;0;0;0;0;0;
964;Arma vengativa;Rachsüchtige Waffe;Conjuro con arma. (8 segundos.) Roba 15..60 de salud del siguiente enemigo que haga daño o robe vida al aliado objetivo.;2;33;27;8;0;5;.25;3;0;0;0;0;0;0;0;
973;Pólvora lacrimosa;Blendpulver;Conjuro. Causa ceguera (3..15 segundos) al enemigo objetivo y los adyacentes. Debe ir precedido de un ataque complementario.;2;31;22;7;0;5;.25;20;0;0;0;0;0;0;0;
974;Toque de la mantis;Berührung der Fangschrecke;Habilidad. Causa incapacitación (5..20 segundos). Esta habilidad cuenta como un ataque complementario.;2;30;1;7;0;5;.75;10;0;0;0;0;0;0;0;
975;Ataque agotador;Ermüdender Angriff;Ataque doble. Interrumpe una acción. Causa 10 de sobrelanzamiento si la acción interrumpida era el lanzamiento de un conjuro. Debe seguir a un ataque inicial.;2;29;7;7;0;5;.5;8;0;0;0;0;0;0;0;
976;Golpe repetitivo;Wiederholender Schlag;Ataque complementario. Hace +10..30 de daño. Esta habilidad tarda +15 segundos más en recargarse si falla. Debe ir precedida de un ataque complementario.;2;29;6;7;0;5;0;0;0;0;0;0;0;0;0;
977;Camino del loto;Weg des Lotus;Conjuro con encantamiento. (20 segundos). Ganas 5..20 de energía la próxima vez que hagas un ataque doble.;2;31;23;7;0;5;.25;20;0;0;0;0;0;0;0;
978;Marca de inestabilidad;Zeichen der Unbeständigkeit;Conjuro con maleficio. (20 segundos). Causa derribo al enemigo objetivo la próxima vez que le hagas un ataque doble.;2;-1;24;7;0;10;.25;20;0;0;0;0;0;0;0;
979;Recelo;Argwohn;Conjuro con maleficio. (6 segundos). El siguiente conjuro que el enemigo objetivo lance sobre uno de tus aliados falla y haces 10..80 de daño a este enemigo y un 75 % de ese daño a todos los enemigos cercanos.;3;2;24;5;0;10;2;12;0;0;0;0;0;0;0;
980;Festín espiritual;Schmaus der Seelen;Conjuro. Cura 50..100 de salud a todos los miembros del equipo por cada espíritu aliado cercano. Todos los espíritus aliados cercanos se destruyen.;2;36;22;8;0;5;.25;10;0;0;0;0;0;0;0;
981;Recuperación;Erholung;Ritual con espíritus. Crea un espíritu de nivel 1..14 (15..45 segundos de vida). Los aliados no espíritu dentro de la zona tienen +1..3 de regeneración de salud.;2;33;18;8;0;25;.75;45;0;0;0;0;0;0;0;
982;Cobijo;Unterschlupf;Ritual con espíritus. Crea un espíritu de nivel 1..12 (30..60 segundos de vida). Los aliados no espíritus dentro de la zona no pueden perder más del 10% del máximo de salud de un solo ataque. Coste por defensa: el espíritu pierde 75..45 de salud.;2;32;18;8;0;25;1;45;0;0;0;0;0;0;0;
983;Arma de sombra;Schattenwaffe;Conjuro con arma. (1..7 segundos). Causa ceguera (5 segundos) sobre cualquiera que ataque al aliado objetivo. Los próximos 1..3 ataques del aliado objetivo causan ceguera (5 segundos) si aciertan.;2;33;27;8;0;10;1;20;0;0;0;0;0;0;0;
985;Cebo;Trittnägel;Conjuro con mitad de alcance. Inflicts Crippled and Bleeding conditions (5..15 seconds) on target and adjacent foes.;2;31;22;7;0;5;.25;10;0;0;0;0;0;0;0;
986;Golpe de las nueve colas;Neunschwänziger Stoß;Ataque doble. Hace +15..40 de daño. No se puede bloquear. Debe ir precedido de un ataque complementario.;2;29;7;7;0;5;0;8;0;0;0;0;0;0;0;
987;Camino de la mano abierta;Weg der leeren Handfläche;Conjuro con encantamiento de élite. (5..15 segundos). Los ataques complementarios y dobles no consumen energía y se recargan un 25..50 % más rápido.;2;30;23;7;0;5;.25;10;0;0;1;0;0;0;0;
988;Golpe en las sienes;Schläfenstoß;Ataque complementario de élite. Interrumpe un conjuro. Causa aturdimiento y ceguera (1..10 segundos). Debe ir precedido de un ataque inicial.;2;29;6;7;0;15;0;20;0;0;1;0;0;0;0;
989;Golpe del fénix dorado;Goldener Phönix-Stoß;Ataque complementario. Hace +10..30 de daño al objetivo y 10..30 a los enemigos cercanos. Falla si no estás encantado.;2;29;6;7;0;5;0;8;0;0;0;0;0;0;0;
990;Cancelar encantamientos;Verzauberungen ausmerzen;Habilidad de toque. Eliminas un encantamiento por cada habilidad no de ataque que tengas. Todas tus habilidades que no sean de ataque están desactivadas (8..4 segundos).;2;30;1;7;0;10;.75;30;0;0;0;0;0;0;0;
991;Negación de maleficios;Verhexungen zurückweisen;Conjuro. Quita un maleficio del objetivo (un aliado o tú mismo) y un maleficio adicional por cada habilidad de favor divino que tengas recargándose.;2;16;22;3;0;5;1;12;0;0;0;0;0;0;0;
992;Tajada triple;Dreifachhieb;Ataque con hacha de élite. Hace +10..40 de daño. También alcanza a los enemigos adyacentes.;2;18;4;1;0;5;0;10;0;0;1;0;0;0;0;
993;Golpe enrabietado;Erzürnter Schlag;Ataque con martillo de élite. Ganas 1..4 de adrenalina si impacta. Hace +10..40 de daño y causa derribo si el objetivo estaba en movimiento.;2;19;8;1;0;5;0;5;0;0;1;0;0;0;0;
994;Golpe renovador;Erneuernder Schlag;Ataque con martillo. Hace +10..40 de daño. Ganas 3 de energía y esta habilidad se recargará instantáneamente si el enemigo estaba derribado.;2;19;8;1;0;5;1;30;0;0;0;0;0;0;0;
995;Actitud felina;Tigerhaltung;Actitud. (4..10 segundos). Atacas un 33% más deprisa. Acaba si fallas.;2;17;29;1;0;5;0;20;0;0;0;0;0;0;0;
996;Golpe firme;Stehender Hieb;Ataque con espada. Hace +5..20 de daño. 5..20 de daño extra si mantienes una actitud.;2;20;10;1;0;0;0;0;5.6;0;0;0;0;0;0;
997;Hambruna;Hungersnot;Ritual de la naturaleza de élite. Crea un espíritu de nivel 1..10 (30..180 segundos de vida). Hace 20..70 de daño a las criaturas de la zona que se queden sin energía. No afecta a los espíritus.;2;24;19;2;0;10;2;15;0;0;1;0;0;0;0;
1018;Ojo crítico;Kritisches Auge;Habilidad. (10..35 segundos). Tienes +3..15% de probabilidades de hacer un golpe crítico. Ganas 1 de energía cada vez que lo hagas.;2;35;1;7;0;5;0;30;0;0;0;0;0;0;0;
1019;Golpe crítico;Kritischer Stoß;Ataque doble. Hace +10..30 de daño. Golpe crítico automático. Ganas 1..3 de energía. Debe ir precedido de un ataque complementario.;2;35;7;7;0;5;0;6;0;0;0;0;0;0;0;
1020;Filos de acero;Stahlklingen;Ataque doble. Hace +5..16 de daño (máximo 60) por cada ataque con daga que se esté recargando. Debe ir precedido de un ataque complementario.;2;29;7;7;0;5;0;8;0;0;0;0;0;0;0;
1021;Golpe selvático;Dschungelschlag;Ataque complementario. Causa +10..25 de daño. Causa 1..31 de daño al enemigo objetivo, y los que estén cerca si el objetivo está lisiado. Debe ir precedido de un ataque inicial.;2;29;6;7;0;5;.5;6;0;0;0;0;0;0;0;
1022;Golpe salvaje;Wilder Stoß;Ataque complementario. Causa +10..35 de daño. Elimina la actitud del enemigo objetivo. No se puede bloquear. Debe ir precedido de un ataque inicial.;2;29;6;7;0;5;0;4;0;0;0;0;0;0;0;
1023;Picadura de mantis;Stich der springenden Mantis;Ataque inicial. Hace +5..15 de daño. Causa lisiadura (3..15 segundos) si el enemigo objetivo está moviéndose.;2;29;5;7;0;5;.5;8;0;0;0;0;0;0;0;
1024;Estocada de la mantis negra;Stoß der schwarzen Mantis;Ataque inicial. Hace +8..20 de daño. Causa lisiadura (3..15 segundos) si el enemigo objetivo tiene un maleficio.;2;29;5;7;0;5;1;6;0;0;0;0;0;0;0;
1025;Tajo de distracción;Unterbrechender Dolchstoß;Ataque inicial. Interrumpe una acción. Si la acción interrumpida era un conjuro, se desactivará (3..10 segundos).;2;29;5;7;0;5;0;10;0;0;0;0;0;0;0;
1026;Loto dorada;Goldener Lotus-Stoß;Ataque inicial. Hace +5..20 de daño. Ganas 5..8 de energía si tienes un encantamiento.;2;29;5;7;0;5;0;5;0;0;0;0;0;0;0;
1027;Defensas críticas;Kritische Verteidigungen;Conjuro con encantamiento. (4..10 segundos). Tienes 75% de probabilidades de bloquear. Renovación: cada vez que hagas un golpe crítico.;2;35;23;7;0;10;1;30;0;0;0;0;0;0;0;
1028;Camino de perfección;Weg der Perfektion;Conjuro con encantamiento. (60 segundos.) Los golpes críticos te hacen recuperar 10..40 de salud.;2;31;23;7;0;5;.25;30;0;0;0;0;0;0;0;
1029;Apostasía oscura;Dunkle Abtrünnigkeit;Conjuro con encantamiento de élite. (3..17 segundos). Tus golpes críticos eliminan un encantamiento. Coste de la eliminación: pierdes 10..3 de energía o la Apostasía oscura acaba.;2;35;23;7;0;10;.25;15;0;0;1;0;0;0;0;
1030;Furia de langosta;Wut der Heuschrecke;Conjuro con encantamiento de élite. (10..35 segundos). Tienes +50% de probabilidades de dar un golpe doble. No tiene efecto si no llevas unas dagas.;2;35;23;7;0;10;.5;10;0;0;1;0;0;0;0;
1031;Mortaja de agonía;Schleier des Kummers;Conjuro con encantamiento. (30..60 segundos.) Tienes +3..8 de regeneración de salud y un 75% de probabilidades de bloquear. Sólo surte efecto si tu Salud está por debajo del 50%.;2;31;23;7;0;10;1;45;0;0;0;0;0;0;0;
1032;Corazón de sombra;Herz der Schatten;Conjuro. Recuperas 30..150 de salud y das un paso sombrío a un lugar cercano, lejos de tu objetivo.;2;31;22;7;0;5;.25;15;0;0;0;0;0;0;0;
1033;Empalar;Aufspießen;Habilidad. Hace 25..100 de daño de tierra. Causa herida grave (5..20 segundos). Debe ir precedido de un ataque doble.;2;30;1;7;0;5;1;15;0;0;0;0;0;0;0;
1034;Herida supurante;Eiternde Wunde;Conjuro con maleficio de élite. (1..7 segundos). El enemigo objetivo se mueve un 33% más despacio. Éste recibirá 5..25 de daño por segundo mientras sufra una condición.;2;35;24;7;0;10;.25;10;0;0;1;0;0;0;0;
1035;Promesa del Asesino;Versprechen des Assassinen;Conjuro con maleficio de élite. (5..15 segundos). Ganas 5..20 de energía y se recargan todas tus habilidades si el enemigo objetivo muere.;2;30;24;7;0;5;.75;45;0;0;1;0;0;0;0;
1036;Sello de malicia;Siegel der Bosheit;Sello. Pierdes una condición por cada una que tenga el enemigo objetivo.;2;-1;21;7;0;0;.25;5;0;0;0;0;0;0;0;
1037;Huida oscura;Dunkle Flucht;Actitud. (5..15 segundos). Te mueves un 25% más deprisa y recibes la mitad de daño. Acaba si atacas con éxito.;2;31;29;7;0;5;0;30;0;0;0;0;0;0;0;
1038;Daga lisiadora;Verkrüppelnder Dolch;Conjuro con mitad de alcance. Proyectil: hace +15..60 de daño de tierra. Causa lisiadura (3..15 segundos) si el enemigo objetivo está moviéndose.;2;30;22;7;0;5;1;5;0;0;0;0;0;0;0;
1040;Paseo espiritual;Geistermarsch;Conjuro. Das un paso sombrío hasta el espíritu objetivo.;2;-1;22;7;0;5;.25;8;0;0;0;0;0;0;0;
1041;Furia inadvertida;Unsichtbare Wut;Actitud. Causa ceguera a los enemigos cercanos (3..10 segundos). Los enemigos cegados no podrán bloquear tus ataques (10..30 segundos).;2;31;29;7;0;5;0;20;0;0;0;0;0;0;0;
1042;Cuchillas fugaces;Blitzende Klingen;Actitud de élite. (5..30 segundos). 75% de probabilidades de bloquear mientras ataques. Efecto del bloqueo: 5..20 de daño a tu atacante.;2;29;29;7;0;10;0;30;0;0;1;0;0;0;0;
1043;Brío;Preschen;Actitud. (3 segundos). Te mueves un 50% más rápido.;2;31;29;7;0;5;0;8;0;0;0;0;0;0;0;
1044;Cárcel oscura;Dunkles Gefängnis;Conjuro con maleficio. Das un paso sombrío hasta el enemigo objetivo. Éste se mueve un 33% más lento (1..6 segundos).;2;30;24;7;0;10;.25;30;0;0;0;0;0;0;0;
1045;Bofetada;Handflächenschlag;Habilidad de élite de toque. Hace 10..65 de daño y causa lisiadura (1..5 segundoss). Esta habilidad cuenta como un ataque complementario.;2;35;1;7;0;5;.75;7;0;0;1;0;0;0;0;
1048;Encantamiento descubierto;Enthüllte Verzauberung;Conjuro. Elimina un encantamiento del enemigo objetivo. Efecto de la eliminación: ganas 3..15 de energía. este conjuro se sustituye por el encantamiento (20 segundos).;2;3;22;5;0;10;1;0;0;0;0;0;0;0;0;
1049;Maleficio revelado;Enthüllte Verhexung;Conjuro. Elimina un maleficio del aliado objetivo. Efecto de la eliminación: ganas 4..10 de energía. este conjuro se sustituye por el maleficio (20 segundos).;2;3;22;5;0;5;1;0;0;0;0;0;0;0;0;
1052;Dolor acumulado;Angehäufter Schmerz;Conjuro. Hace 15..75 de daño. Causa una herida grave (5..20 segundos) si el enemigo objetivo tiene 2 o más maleficios.;2;1;22;5;0;5;2;12;0;0;0;0;0;0;0;
1053;Distracción psíquica;Übernatürliche Ablenkung;Conjuro de élite. Interrumpe una habilidad. Efecto de interrupción: desactiva la habilidad interrumpida (+5..12 segundos). El resto de tus habilidades estarán desactivadas (8 segundos).;2;2;22;5;0;10;.25;2;0;0;1;0;0;0;0;
1054;Rostro ancestral;Antlitz des Ahnen;Conjuro con encantamiento. (4..10 segundos). Todos los enemigos adyacentes pierden su adrenalina y 3 de energía cada vez que el objetivo (un aliado o tú mismo) sea golpeado por un ataque cuerpo a cuerpo.;2;1;23;5;0;10;1;20;0;0;0;0;0;0;0;
1055;Inseguridad constante;Wiederkehrende Unsicherheit;Conjuro con maleficio de élite. (5 segundos). Causa -1..6 de degeneración de salud. Renovación: si el enemigo objetivo recibe otro maleficio antes de que la Inseguridad constante se haya acabado.;2;1;24;5;0;10;1;3;0;0;1;0;0;0;0;
1056;Carga de Kitah;Kitahs Bürde;Conjuro con maleficio. (6..12 segundos). El enemigo objetivo se mueve un 50% más lento. Efecto final: ganas 10..18 de energía.;2;1;24;5;0;15;1.5;30;0;0;0;0;0;0;0;
1057;Inestabilidad psíquica;Übernatürliche Labilität;Conjuro de élite. Interrumpe una acción. Efecto de interrupción: Si la acción es una habilidad, causa el derribo del enemigo objetivo y todos los enemigos adyacentes durante 2..4 segundos. 50% de posibilidades de fallar a menos que tengas lanzamiento de conjuros rápido 5 o superior.;2;0;22;5;0;5;.25;20;0;0;1;0;0;0;0;
1059;Sello de devoramaleficios;Verhexungsfresser-Siegel;Sello de toque. Elimina un maleficio al enemigo objetivo y a 2..5 aliados adyacentes. Efecto de la eliminación: ganas 1..4 de energía por cada maleficio eliminado.;2;3;21;5;0;0;1;15;0;0;0;0;0;0;0;
1061;Retroalimentación;Reaktion;Conjuro. Elimina un encantamiento. Efecto de la eliminación: el enemigo objetivo pierde 4..10 de energía.;2;3;22;5;0;10;1;30;0;0;0;0;0;0;0;
1062;Latrocinio arcano;Arkane Entwendung;Conjuro. (5..35 segundos). Desactiva un conjuro al azar. Esta habilidad se convierte en ese conjuro.;2;2;22;5;0;10;1;0;0;0;0;0;0;0;0;
1066;Aguafiestas;Sieger plündern;Conjuro con maleficio de élite. (3..15 segundos). El enemigo objetivo pierde 25..100 de salud cada vez que ataque o lance conjuros sobre una criatura con menos salud.;2;4;24;4;0;10;1;10;0;0;1;0;0;0;0;
1067;Golpe envenenado;Lebensfluchstoß;Conjuro. Hace 12..48 de daño. Roba 12..48 de salud si el enemigo objetivo está por encima del 50% de salud.;2;4;22;4;0;10;2;15;0;0;0;0;0;0;0;
1068;Escalofrío punzante;Bitterkalt;Conjuro. Hace 15..60 de daño frío. Se recarga al instante si el enemigo objetivo tiene más salud que tú.;2;5;22;4;0;5;1;10;0;0;0;0;0;0;0;
1069;Sabor del dolor;Geschmack der Schmerzen;Conjuro. Te curas 30..150 de salud. No funciona a menos que el enemigo objetivo esté por debajo del 50% de salud.;2;5;22;4;0;5;.25;10;0;0;0;0;0;0;0;
1070;Profanar encantamientos;Verzauberungen schänden;Conjuro. Hace 6..60 de daño al enemigo objetivo y los cercanos. Hace 4..20 de daño extra por encantamiento que tengan.;2;7;22;4;0;10;2;15;0;0;0;0;0;0;0;
1071;Escalofríos temerosos;Angstschauer;Conjuro con maleficio. (10..40 segundos). Interrumpe las habilidades del enemigo objetivo si recibe daño frío. Coste de la interrupción: pierdes 8..3 de energía o este maleficio acaba.;2;7;24;4;0;10;2;15;0;0;0;0;0;0;0;
1075;Enjambre vampírico;Vampirschwarm;Conjuro. Roba 15..60 de salud. Alcanza a 2 enemigos más en la zona.;2;4;22;4;0;15;2;8;0;0;0;0;0;0;0;
1076;Chupador de sangre;Bluttrinker;Conjuro. Roba 20..65 de salud. Sufres una hemorragia (6 segundos) si tu salud estaba por encima del 90%;2;4;22;4;0;5;2;8;0;0;0;0;0;0;0;
1077;Mordedura de vampiro;Vampirbiss;Habilidad de toque. Roba 29..74 de salud.;2;4;1;4;0;15;.75;2;0;0;0;0;0;0;0;
1078;Mordedura rastrera;Suhlerbiss;Habilidad de toque. Hace 20..58 de daño.;2;4;1;4;0;1;.75;3;0;10;0;0;0;0;0;
1079;Toque debilitante;Schwächende Berührung;Habilidad de toque. Causa 5..65 de pérdida de salud. Causa debilitamiento (5..20 segundos).;2;7;1;4;0;5;.75;3;0;0;0;0;0;0;0;
1081;Viento de Teinai;Teinais Wind;Conjuro. Hace 10..40 de daño frío. Los enemigos con quemadura reciben +40..80 de daño y son interrumpidos. También golpea a los adyacentes.;2;8;22;6;0;10;1;8;0;0;0;0;0;0;0;
1082;Flecha eléctrica;Schockpfeil;Conjuro. Proyectil rápido: causa 5..50 de daño de relámpago. Obtienes 5 de energía y 1 de energía por cada dos rangos de almacenamiento de energía si alcanzas a un enemigo con la armadura rota. 25% de penetración de armadura.;2;8;22;6;0;5;1;8;0;0;0;0;0;0;0;
1083;Suelo inestable;Schwankender Boden;Conjuro de élite. Hace 10..40 de daño de tierra por segundo (5 segundos) y causa derribo a los enemigos que estén atacando. Alcanza a los enemigos cercanos a la ubicación inicial del objetivo.;2;9;22;6;0;10;2;15;0;0;1;0;0;0;0;
1084;Armadura tajada;Splitter-Rüstung;Conjuro con encantamiento. (5..11 segundos). Tienes un 25..50% de probabilidad de bloquear. Hace 5..35 de daño de tierra a un enemigo cercano cuando seas el objetivo de ataques o conjuros hostiles.;2;9;23;6;0;10;1;30;0;0;0;0;0;0;0;
1085;Explosión de ceniza;Aschenexplosion;Conjuro con maleficio. Hace 35..65 de daño de tierra. Los enemigos que arden quedan malditos durante 5 y fallan un 20..75% de los ataques. También golpea a los adyacentes.;2;9;24;6;0;5;1;10;0;0;0;0;0;0;0;
1086;Pisotón de dragón;Drachenstampfer;Conjuro. Causa 26..100 de daño de tierra. Causa derribo. También afecta a los enemigos cercanos a este enemigo.;2;9;22;6;0;25;3;15;0;0;0;0;10;0;0;
1088;Viento secundario;Zweite Chance;Conjuro de élite. Ganas 1 de energía y 5 de salud por cada punto de sobrelanzamiento. Pierdes todos los encantamientos.;2;-1;22;6;0;5;1;5;0;0;1;0;5;0;0;
1090;Brasas humeantes;Glühende Kohle;Conjuro con maleficio. Hace 10..70 de daño de fuego al objetivo. Si estás sobrelanzando, ese enemigo queda maldito durante 3 segundos y recibe 5..25 de daño de fuego cada segundo.;2;10;24;6;0;10;1.5;7;0;0;0;0;0;0;0;
1091;Dragón doble;Doppeldrache;Conjuro con encantamiento de élite. (8 segundos). Os encanta a ti y al aliado objetivo. Los enemigos adyacentes reciben 10..40 de daño de fuego cada segundo. Las habilidades que apuntan a un enemigo también causan quemadura (1..4 segundos).;2;10;23;6;0;10;1;15;0;0;1;0;0;0;0;
1093;Calor de Teinai;Teinais Hitze;Conjuro de protección. (10..15 segundos.) Causa -2..5 de degeneración de salud. Los enemigos debilitados en la protección atacan un 33% más despacio. Desactivada durante 20 segundos.;2;10;26;6;0;15;1;20;0;0;0;0;0;0;0;
1094;Aliento de fuego;Feueratem;Conjuro. Causa 10..40 de daño de fuego por segundo (5 segundos). Alcanza a los enemigos adyacentes a la ubicación inicial del objetivo.;2;10;22;6;0;5;2;10;0;0;0;0;10;0;0;
1095;Supernova;Sternenexplosion;Conjuro de élite de toque. Hace 7..112 de daño de fuego. Causa quemadura (1..4 segundos). Ganas 2 de energía por cada enemigo alcanzado. También alcanza a los enemigos dentro del área.;2;10;22;6;0;5;.75;7;0;0;1;0;0;0;0;
1096;Glifo de esencia;Glyphe der Essenz;Glifo. (15 segundos). Tu siguiente conjuro se lanza instantáneamente. Pierdes toda la energía.;2;-1;16;6;0;5;1;20;0;0;0;0;0;0;0;
1097;Prisión de Teinai;Teinais Gefängnis;Conjuro con maleficio. (1..8 segundos.) El enemigo objetivo se mueve un 66% más despacio. Los enemigos con la armadura rota tienen 5..9 de degeneración de salud.;2;11;24;6;0;10;1;15;0;0;0;0;0;0;0;
1098;Espejo de hielo;Eisspiegel;Conjuro con maleficio de élite. Hace 15..70 de daño frío y los enemigos se mueven un 66% más despacio (2..6 segundos). Afecta a los enemigos cerca de ti y del aliado objetivo. Se recarga un 50% más deprisa si alcanza a un enemigo que tiene un maleficio de magia de agua.;2;11;24;6;0;10;.75;15;0;0;1;0;0;0;0;
1099;Cristales de Teinai;Teinais Kristalle;Conjuro. Hace 20..40 de daño al objetivo. Hace +20..40 más de daño y rompe la armadura (5..15 segundos) a los enemigos cercanos si ese enemigo tenía un maleficio de magia de agua.;2;9;22;6;0;5;1;8;0;0;0;0;0;0;0;
1113;Cólera del Kirin;Kirins Zorn;Conjuro. Hace 8..32 de daño sagrado por segundo (5 segundos). Alcanza a los enemigos adyacentes a tu ubicación inicial.;2;14;22;3;0;5;1;10;0;0;0;0;0;0;0;
1114;Vínculo espiritual;Geisterbindung;Conjuro con encantamiento. (8 segundos.) Cura 30..90 de salud siempre que el objetivo (un aliado o tú mismo) reciba más de 50 de daño. Acaba cuando este aliado reciba daño de 10 ataques o conjuros.;2;15;23;3;0;10;.25;2;0;0;0;0;0;0;0;
1115;Aire de encantamiento;Flair der Verzauberung;Conjuro con encantamiento de élite. (4..10 segundos). Los encantamientos sobre el aliado objetivo cuestan 10 menos de energía (mínimo 1 de energía). No te puedes apuntar a ti mismo.;2;15;23;3;0;5;.25;8;0;0;1;0;0;0;0;
1117;Deleite celestial;Himmlische Wonne;Conjuro. Tú y los miembros del grupo al alcance del oído os curáis 15..60 de salud.;2;16;22;3;0;5;1;12;0;0;0;0;0;0;0;
1118;Explosión curativa;Heilsalve;Conjuro de élite. Cura 20..120. Los miembros del grupo que estén al alcance del oído del objetivo ganan salud igual a la bonificación de favor divino. Deshabilita tus plegarias de ataque (20 segundos).;2;13;22;3;0;5;.75;6;0;0;1;0;0;0;0;
1119;Area curativa de Karei;Kareis Heilkreis;Conjuro. Te curas 30..180 de salud. También cura a las criaturas adyacentes.;2;13;22;3;0;10;1;5;0;0;0;0;0;0;0;
1120;Mirada de Jamei;Jameis Starren;Conjuro. Cura 35..180 de salud. No te puedes apuntar a ti mismo.;2;13;22;3;0;10;.75;3;0;0;0;0;0;0;0;
1121;Don de salud;Geschenk des Lebens;Conjuro. Cura 15..150 de salud. Desactiva tus otras habilidades de plegarias curativas (10..5 segundos). No te puedes apuntar a ti mismo.;2;13;22;3;0;5;.75;5;0;0;0;0;0;0;0;
1123;Vaina de vida;Lebensmantel;Conjuro con encantamiento de élite. (8 segundos.) Convierte el siguiente daño o robo de salud recibido (máximo 20..100) en curación. Efecto inicial: Elimina 0..2 condiciones.;2;15;23;3;0;5;.25;2;0;0;1;0;0;0;0;
1126;Eliminación empática;Ausdrückliche Entfernung;Conjuro de élite. Elimina una condición y un maleficio del aliado objetivo y de ti mismo, y cura 50 de salud. No te puedes apuntar a ti mismo.;2;-1;22;3;0;5;1;7;0;0;1;0;0;0;0;
1128;Canto de resurrección;Gesang der Wiederbelebung;Conjuro con mitad de alcance. Resucita al miembro del equipo objetivo con tu salud actual y 5..35% de energía.;2;13;22;3;0;10;6;15;0;0;0;0;0;0;0;
1129;Palabra de censura;Wort des Tadels;Conjuro de élite. Hace 30..130 de daño sagrado. +20 de tiempo de recarga si el enemigo objetivo está por debajo del 50 % de salud.;2;14;22;3;0;10;1;2;0;0;1;0;0;0;0;
1130;Lanza de luz;Speer des Lichts;Conjuro. Proyectil: hace 26..56 de daño sagrado. 15..60 de daño extra si el enemigo objetivo está atacando.;2;14;22;3;0;5;1;15;0;0;0;0;0;0;0;
1131;Alma de piedra;Steinseelenschlag;Habilidad de toque. Hace 10..55 de daño sagrado. 10..55 de daño sagrado extra si el enemigo objetivo está derribado.;2;14;1;3;0;5;.75;8;0;0;0;0;0;0;0;
1133;Golpe embriagado;Betrunkener Schlag;Ataque cuerpo a cuerpo. Hace +10..40 de daño. Causa una de estas condiciones al azar: herida grave (20 segundos), debilitamiento (20 segundos), hemorragia (25 segundos) o lisiadura (15 segundos). Eres derribado.;2;21;3;1;0;5;0;7;0;0;0;0;0;0;0;
1134;Barrido de Leviatán;Leviathanschlag;Ataque cuerpo a cuerpo. Hace +5..20 de daño. Causa derribo y hace 10..34 de daño si se bloquea.;2;17;3;1;0;5;0;8;0;0;0;0;0;0;0;
1135;Golpe de Jaizhenju;Jaizhenjuschlag;Ataque con espada. Hace +1..30 de daño. No se puede bloquear a menos que mantengas una actitud.;2;20;10;1;0;5;0;8;0;0;0;0;0;0;0;
1136;Tajo penetrante;Durchdringender Hieb;Ataque con hacha. Hace +10..25 de daño. 20% de penetración de armadura.;2;18;4;1;0;0;0;0;4.8;0;0;0;0;0;0;
1137;Golpe del yeti;Yetischlag;Ataque con martillo. Ataca a todos los enemigos adyacentes. Derriba a los enemigos padeciendo alguna condición. Pierdes toda la adrenalina. 50% de posibilidades de fallar a no ser que tengas dominio del martillo 5 o superior.;2;19;8;1;0;0;0;0;6;0;0;0;0;0;0;
1141;"¡Vais a morir!";"Ihr werdet sterben!";Grito. Ganas 1..3 golpes de adrenalina. No tiene efecto a menos que el enemigo objetivo esté por debajo del 90 % de salud.;2;17;20;1;0;5;0;15;0;0;0;0;0;0;0;
1142;Bloqueo favorable;Günstige Abwehr;Actitud de élite. (8 segundos). Bloquea un ataque. Efecto final: ganas 1..4 golpes de adrenalina.;2;21;29;1;0;0;0;2;1;0;1;0;0;0;0;
1144;Tajo de Aladeacero;Silberflügel-Hieb;Ataque con espada. Hace +1..40 de daño.;2;20;10;1;0;0;0;0;7;0;0;0;0;0;0;
1146;Empujón;Schubs;Habilidad de élite de toque. El enemigo tocado por el objetivo recibe 15..75 de daño, su postura acaba y cae derribado.;2;21;1;1;0;5;.75;10;0;0;1;0;0;0;0;
1191;Ataque incisivo;Trennender Angriff;Ataque con arco. Hace +5..25 de daño. 10% de penetración de armadura.;2;25;2;2;0;10;.75;4;0;0;0;0;0;0;0;
1192;Disparo de Zojun;Zojuns Schuss;Ataque con arco con mitad de alcance. Hace +10..40 de daño.;2;23;2;2;0;5;0;3;0;0;0;0;0;0;0;
1194;Vínculo depredador;Raubtierverbindung;Grito. (5..20 segundos.) Tu mascota ataca un 25% más rápido y recuperas 1..31 de energía con cada ataque realizado.;2;22;20;2;0;10;0;30;0;0;0;0;0;0;0;
1195;Curación simbiótica;Gemeinsame Heilung;Habilidad de élite. (15 segundos). Los ataques de tu mascota roban 1..20 de salud. Efecto inicial: tú y tu mascota os curáis 20..104 de salud. resucitas a tu mascota (50% de salud) si está muerta. Si tienes equipada esta habilidad, tu mascota viajará contigo.;2;22;1;2;0;5;1;5;0;0;1;0;0;0;0;
1196;Premura de Zojun;Zojuns Eile;Actitud. (5..11 segundos). Te mueves un 33% más rápido y tienes un 27..75% de probabilidades de bloquear proyectiles. Acaba si atacas.;2;23;29;2;0;5;0;30;0;0;0;0;0;0;0;
1197;Disparo molesto;Nadelschuss;Ataque con arco. Flecha rápida. Hace 10..30 de daño. Se recarga al instante si el enemigo objetivo está por debajo del 50% de salud. Tus otras habilidades de ataque estarán desactivadas (2 segundos).;2;25;2;2;0;5;.75;4;0;0;0;0;0;0;0;
1198;Flecha de punta ancha;Stahlspitzenpfeil;Ataque con arco de élite. Flecha lenta. Interrumpe un conjuro. Causa aturdimiento (5..20 segundos).;2;25;2;2;0;10;0;10;0;0;1;0;0;0;0;
1199;Flechas de cristal;Glaspfeile;Preparación["Preparaciones"] de élite. (10..35 segundos). Tus flechas hacen +6..20 de daño. Causan hemorragia si se bloquean (10..20 segundos).;2;23;17;2;0;5;2;12;0;0;1;0;0;0;0;
1200;Sello del arquero;Siegel des Bogenschützen;Sello de élite. (1..24 segundos). Las condiciones que causes mientras lleves un arco duran un 150% más.;2;23;21;2;0;0;1;12;0;0;1;0;0;0;0;
1201;Salto salvaje;Wilder Sprung;Ataque con mascota. Hace +5..20 de daño. Causa derribo si el enemigo objetivo está lanzando un conjuro.;2;22;11;2;0;5;0;10;0;0;0;0;0;0;0;
1202;Embestida enrabietada;Erzürnter Ausfall;Ataque con mascota de élite. Causa una herida grave (5..20 segundos) y provoca +10..50 de daño.;2;22;11;2;0;5;0;5;0;0;1;0;0;0;0;
1203;Vapuleo bestial;Bestienattacke;Ataque con mascota. Hace +5..20 de daño. Causa aturdimiento (4..10 segundos) si el enemigo objetivo está derribado.;2;22;11;2;0;5;0;10;0;0;0;0;0;0;0;
1205;Mordedura venenosa;Giftbiss;Ataque con mascota. Causa envenenamiento (5..20 segundos).;2;22;11;2;0;5;0;7;0;0;0;0;0;0;0;
1206;Brinco;Sprung;Ataque con mascota. Hace +5..20 daño. Causa derribo si el enemigo objetivo está en movimiento.;2;22;11;2;0;5;0;10;0;0;0;0;0;0;0;
1209;Furia bestial;Bestienwut;Actitud. (5..11 segundos). Atacas un 25% más deprisa. Tus otras habilidades que no son de ataque quedan desactivadas (5 segundos).;2;22;29;2;0;10;0;10;0;0;0;0;0;0;0;
1211;Nido de víboras;Vipernnest;Trampa. ((90 segundos). Afecta a los enemigos cercanos. Hace 5..35 de daño perforante. Causa envenenamiento (5..20 segundos). Se puede interrumpir con facilidad.;2;22;30;2;0;10;2;20;0;0;0;0;0;0;0;
1212;Equinoccio;Tagundnachtgleiche;Ritual de la naturaleza de élite. Crea un espíritu de nivel 1..10 (30..240 segundos de vida). Los conjuros que causen sobrelanzamiento lanzados en la zona de alcance causan 10 de sobrelanzamiento adicionales.;2;24;19;2;0;10;2;15;0;0;1;0;0;0;0;
1213;Tranquilidad;Ruhe (PvP);Ritual de la naturaleza. Crea un espíritu de nivel 1..10 (15..120 segundos de vida). Los encantamientos que tengan las criaturas de la zona acaban un 20..50% antes. No afecta a los espíritus.;2;24;19;2;0;15;2;60;0;0;0;0;0;0;0;
1215;Clamor de almas;Gezeter der Seelen;Conjuro de élite. Hace 10..65 de daño de relámpago al enemigo objetivo y los cercanos. Ganas 10 de energía si estás al alcance del oído de un espíritu o estás llevando un objeto de mano.;2;34;22;8;0;10;1;8;0;0;1;0;0;0;0;
1217;Señor de los rituales;Herr der Rituale;Habilidad de élite. (5..35 segundos). Tienes +2..4 puntos en todos los atributos de Ritualista con tu siguiente habilidad. Si ésta es un ritual de encadenamiento, se recarga un 10..60% más deprisa y el Señor de los rituales se recarga instantáneamente.;2;36;1;8;0;0;0;45;0;2;1;0;0;0;0;
1218;Malvado sea Daoshen;Grausam war Daoshen;Conjuro con objeto. (15..60 segundos). Tus habilidades de Ritualista tienen un 10% de penetración de armadura. Efecto al soltarse: hace 15..85 de daño de relámpago a todos los enemigos cercanos.;2;34;25;8;0;15;2;30;0;0;0;0;0;0;0;
1219;Protector sea Kaolai;Schützend war Kaolai;Conjuro con objeto. (15..60 segundos). Tienes +20 de armadura. Efecto al soltarse: todos los miembros del grupo se curan 20..95 de salud.;2;33;25;8;0;10;1;20;0;0;0;0;0;0;0;
1220;En sintonía sea Songkai;Eingestimmt war Songkai;Conjuro con objeto de élite. (45 segundos). Tus conjuros y rituales con espíritus cuestan un -5..50% del coste base de energía.;2;36;25;8;0;10;1.5;30;0;0;1;0;0;0;0;
1221;Resistente sea Xiko;Unverwüstlich war Xiko;Conjuro con objeto. (5..20 segundos). Tienes +3 de regeneración de salud por cada maleficio o condición que tengas. Efecto al soltarse: pierdes 1..4 condición["condiciones"].;2;33;25;8;0;5;1;10;0;0;0;0;0;0;0;
1222;Vivaz sea Naomei;Lebhaft war Naomei;Conjuro con objeto. (45 segundos). Efecto al soltarse: resucita a los miembros del equipo dentro de la zona (15..75% de salud y cero de energía).;2;33;25;8;0;15;6;20;0;0;0;0;0;0;0;
1223;Angustiosa sea Lingwah;Gequält war Lingwah;Conjuro con objeto. (10..60 segundos). Tus maleficios de Ritualista cuestan 1..5 menos de energía y duran un 50% más. Efecto al soltarse: todos tus maleficios de Ritualista se recargan.;2;36;25;8;0;5;1.5;30;0;0;0;0;0;0;0;
1224;Espíritu arrastrado;Geist entziehen;Conjuro. Teletransportas al espíritu aliado objetivo hasta tu ubicación.;2;-1;22;8;0;5;.25;5;0;0;0;0;0;0;0;
1225;Golpe canalizado;Gelenkter Schlag;Conjuro. Hace 5..95 de daño de relámpago. 5..35 de daño de relámpago extra si llevas un objeto.;2;34;22;8;0;10;2;4;0;0;0;0;0;0;0;
1226;Golpe del espíritu unido;Geistersegenstoß;Conjuro. Causa 20..65 de daño relámpago. Los espíritus que controles al alcance del oído ganan 20..65 de salud.;2;34;22;8;0;5;1;3;0;0;0;0;0;0;0;
1227;Golpe de esencia;Essenzschlag;Conjuro. Hace 15..60 de daño de relámpago. Ganas 1..9 de energía si hay espíritus al alcance del oído.;2;34;22;8;0;5;1;8;0;0;0;0;0;0;0;
1228;Chorro espiritual;Geist abzapfen;Conjuro. El espíritu que tengas más cerca pierde toda la energía. Tú ganas 30..60% de dicha energía.;2;34;22;8;0;5;.25;3;0;0;0;0;0;0;0;
1229;Crecimiento explosivo;Explosives Wachstum;Conjuro con encantamiento. (15..60 segundos). Hace 20..65 de daño de relámpago a 5 enemigos cercanos cada vez que invoques alguna criatura.;2;36;23;8;0;5;2;45;0;0;0;0;0;0;0;
1230;Bendición creadora;Segen der Schöpfung;Conjuro con encantamiento. (15..60 segundos). Ganas 5..50 de salud y 1..6 de energía cada vez que invoques una criatura.;2;36;23;8;0;10;2;45;0;0;0;0;0;0;0;
1231;Canalización espiritual;Geisterlenkung;Conjuro con encantamiento de élite. (12 segundos). Tienes +1..6 regeneración de energía. Efecto inicial: ganas 3..12 de energía si estás al alcance del oído de algún espíritu.;2;36;23;8;0;5;1;30;0;0;1;0;0;0;0;
1232;Armadura de insensibilidad;Rüstung der Gefühllosigkeit;Habilidad. (10..35 segundos.) Tus espíritus al alcance del oído reciben 50% menos de daño y son inmunes a ataques críticos.;2;32;1;8;0;5;1;20;0;0;0;0;0;0;0;
1233;Recuerdos calmantes;Beruhigende Erinnerungen;Conjuro. Cura 10..100 de salud. Ganas 3 de energía si estás llevando un objeto.;2;33;22;8;0;5;.75;4;0;0;0;0;0;0;0;
1234;Unir cuerpo y alma;Körper und Seele heilen;Conjuro. Cura 20..115 de salud. Quita una condición por cada espíritu al alcance del oído.;2;33;22;8;0;5;.75;3;0;0;0;0;0;0;0;
1235;Arma deslustrada;Stumpfe Waffe;Conjuro con maleficio. También afecta a los enemigos adyacentes al objetivo (5..20 segundos). Elimina la posibilidad de hacer un golpe crítico. Reduce el daño en 3..20.;2;32;24;8;0;15;1;20;0;0;0;0;0;0;0;
1236;Cadenas encadenadas;Fesselnde Ketten;Conjuro con maleficio. También afecta a los enemigos cercanos al objetivo (3 segundos). Estos enemigos se mueven un 90% más lento y reciben 1..30 de daño por segundo mientras se muevan.;2;32;24;8;0;10;1;15;0;0;0;0;0;0;0;
1237;Vínculo doloroso;Schmerzhafte Bindung;Conjuro con maleficio. También afecta a los enemigos cercanos a tu objetivo (10..20 segundos). Los espíritus hacen 8..20 más de daño a esos enemigos.;2;34;24;8;0;15;1;12;0;0;0;0;0;0;0;
1238;Sello de creación;Siegel der Schöpfung;Sello. Ganas 4 de energía (máximo 3..12 de energía) por cada criatura invocada que controles al alcance del oído.;2;36;21;8;0;0;1;20;0;0;0;0;0;0;0;
1239;Sello de espíritus;Siegel der Geister;Sello de élite. Crea 3 espíritus de nivel 1..12 (60 segundos de vida), cuyos ataques causan 5..20 de daño.;2;34;21;8;0;0;1;30;0;0;1;0;0;0;0;
1240;Almas unidas;Seelenverflechtung;Habilidad de élite. (5..45 segundos). Tus rituales de encadenamiento de espíritus cuestan 15 menos de energía (mínimo 5) y se recargan instantáneamente. Acaba después de 1..3 ritual[es] de encadenamiento.;2;36;1;8;0;5;0;15;0;0;1;0;0;0;0;
1244;Velocidad fantasmal;Geisterhafte Eile;Conjuro con encantamiento. (5..30 segundos). Los conjuros que lances se recargan un 25% más deprisa. No tiene efecto si no estás al alcance del oído de algún espíritu.;2;36;23;8;0;10;1;20;0;0;0;0;0;0;0;
1245;Mirada del más allá;Blick aus dem Jenseits;Conjuro. Causa 20..65 de daño relámpago. Causa ceguera durante 2..6 segundos si estás al alcance del oído de algún espíritu.;2;34;22;8;0;5;1;10;0;0;0;0;0;0;0;
1246;Rabia ancestral;Wut der Vorfahren;Habilidad. (1 segundos). Efecto final: hace 5..110 de daño de relámpago a todos los enemigos adyacentes al objetivo (un aliado o tú mismo).;2;34;1;8;0;5;.25;10;0;0;0;0;0;0;0;
1247;Dolor;Schmerzen;Ritual con espíritus. Creas un espíritu de nivel 1..12 (30..150 segundos de vida). Sus ataques hacen 5..30 de daño.;2;32;18;8;0;5;.75;30;0;0;0;0;0;0;0;
1249;Desplazamiento;Verschiebung;Ritual con espíritus. Crea un espíritu de nivel 1..14 (30..60 segundos de vida). Los aliados no espíritu de la zona tienen un 75% de probabilidades de bloquear. Efecto del bloqueo: este espíritu recibe 60 de daño.;2;32;18;8;0;15;.75;45;0;0;0;0;0;0;0;
1250;Conservación;Erhaltung;Ritual con espíritus de élite. Crea un espíritu de nivel 1..14 (90 segundos de vida). Cada 4 segundos, este espíritu cura 10..115 de salud a un aliado no espíritu de la zona.;2;33;18;8;0;5;.75;20;0;0;1;0;0;0;0;
1251;Vida;Leben;Ritual con espíritus. Crea un espíritu de nivel 1..14 (20 segundos de vida). Afecta a los aliados no espíritu dentro de la zona. Efecto final: cura 1..7 de salud por cada segundo que haya estado vivo.;2;33;18;8;0;10;.75;20;0;0;0;0;0;0;0;
1252;Atadura terrenal;Erdbindung;Ritual con espíritus. Crea un espíritu de nivel 1..14 (15..45 segundos de vida). Cada vez que los enemigos no espíritu de la zona sean derribados, estarán en el suelo al menos 3 segundos. Coste del derribo: el espíritu pierde 50..25 de salud.;2;32;18;8;0;15;1;30;0;0;0;0;0;0;0;
1253;Canción sangrienta;Blutgesang;Ritual con espíritus. Crea un espíritu de nivel 1..12 (30..150 segundos de vida). Sus ataques roban 5..25 de salud.;2;34;18;8;0;5;.75;30;0;0;0;0;0;0;0;
1255;Trotamundeo;Fernweh;Ritual con espíritus de élite. Crea un espíritu de nivel 1..12 (30..60 segundos de vida). Sus ataques contra los enemigos parados causan derribo.Coste del derribo: el espíritu pierde 70..50 de salud.;2;32;18;8;0;10;1;45;0;0;1;0;0;0;0;
1257;Arma de luz espiritual;Geisterlichtwaffe;Conjuro con arma de élite. (10 segundos). El aliado objetivo gana 5..25 de salud cada segundo. 5..25 de curación adicional por segundo si hay un espíritu al alcance del oído.;2;33;27;8;0;5;1;5;0;0;1;0;0;0;0;
1258;Arma brutal;Grausame Waffe;Conjuro con arma. (10..40 segundos). Los ataques hacen +5..15 de daño. No tiene efecto si el aliado objetivo está encantado.;2;32;27;8;0;10;1;15;0;0;0;0;0;0;0;
1259;Arma dirigida;Gelenkte Waffe;Conjuro con arma. (4..10 segundos). Los ataques no se pueden bloquear.;2;32;27;8;0;5;2;5;0;0;0;0;0;0;0;
1260;Docilidad;Sanftmut;Conjuro con maleficio. También afecta a los enemigos en la zona del objetivo (5..30 segundos). Atacan un 17% más despacio.;3;7;24;4;0;15;1;20;0;17;0;0;0;0;0;
1261;Armadura frígida;Kalte Rüstung;Conjuro con encantamiento. (10..25 segundos). Tienes +10..40 de armadura contra daño físico e inmunidad contra quemaduras.;3;11;23;6;0;5;1;20;0;0;0;0;0;0;0;
1262;Anillo curativo;Heilring;Conjuro. Cura a los aliados y enemigos adyacentes 30..180 de salud. No afecta a uno mismo.;3;13;22;3;0;5;1;10;0;0;0;0;0;0;0;
1263;Vuelta a la vida;Leben verlängern;Conjuro de toque. Resucita al miembro del equipo (50% de salud y 5..20% de energía). Cura 55..130.de salud a los aliados al alcance del oído.;3;13;22;3;0;15;4;5;0;0;0;0;0;0;0;
1264;Maldición;Untergang;Conjuro. Hace +10..60 de daño relámpago (daño máximo: 135) por cada ritual con espíritus recargándose.;2;36;22;8;0;10;1;8;0;0;0;0;0;0;0;
1265;Ventaja del atacante;Segen des Ausübers;Conjuro. Cura 15..60 de salud. Cura 15..75 de salud extra si este aliado está bajo un conjuro con arma.;2;33;22;8;0;5;.25;4;0;0;0;0;0;0;0;
1266;Calmante;Beruhigung;Ritual con espíritus. Crea un espíritu de nivel 1..12 (15..45 segundos de vida). Los enemigos de la zona tardan el doble en acumular adrenalina.;2;32;18;8;0;15;1;45;0;0;0;0;0;0;0;
1267;Arma vital;Wesentliche Waffe;Conjuro con arma. (5..30 segundos). +40..175 de salud máxima.;2;32;27;8;0;5;1;2;0;0;0;0;0;0;0;
1268;Arma de velocidad;Waffe der Beschleunigung;Conjuro con arma de élite. (5..25 segundos). Los conjuros y rituales con espíritus se recargan un 33% más rápido.;2;32;27;8;0;5;1;5;0;0;1;0;0;0;0;
1269;Sello de rabia;Siegel der Wut;Sello. Hace 5..50 de daño sagrado. 5..10 de daño sagrado extra por cada habilidad de adrenalina del enemigo objetivo.;2;14;21;3;0;0;1;20;0;0;0;0;0;0;0;
1333;Prolongar condiciones;Zustände ausweiten;Conjuro de élite. Propagas todas las condiciones que tenga tu objetivo a los enemigos adyacentes. La duración de las condiciones se incrementará en un 5..100% (máximo 30 segundos).;3;3;22;5;0;5;.25;5;0;0;1;0;0;0;0;
1334;Hipocondría;Hypochondrie;Conjuro. Transfieres todas las condiciones de los enemigos de la zona al enemigo objetivo.;3;-1;22;5;0;5;.25;7;0;0;0;0;0;0;0;
1335;Muerte del derrochador;Ableben des Verschwenders;Conjuro con maleficio. (5 segundos). Por cada segundo que dura el maleficio, el enemigo objetivo y todos los enemigos adyacentes a él reciben 1..10 de daño. Los enemigos reciben un daño de +1..10 por cada segundo que el maleficio esté activo. Termina de forma prematura si el enemigo objetivo usa una habilidad.;3;2;24;5;0;5;.25;4;0;0;0;0;0;0;0;
1336;Dolor espiritual;Geisterschmerz;Conjuro. Causa 15..75 de daño. Hace 25..125 de daño a las criaturas hostiles invocadas que se encuentran en la zona del enemigo objetivo.;3;2;22;5;0;5;1;7;0;0;0;0;0;0;0;
1337;Quitailusiones;Täuschungen entziehen;Conjuro. Elimina un maleficio de Hipnotizador del enemigo objetivo. Hace perder 1..5 de energía. Ganas 4 de energía por cada punto perdido. No tiene efecto si no se elimina un maleficio.;3;3;22;5;0;5;.25;12;0;0;0;0;0;0;0;
1338;Persistencia de los recuerdos;Beharrliche Erinnerungen;Conjuro con encantamiento. (5..20 segundos). Tus conjuros interrumpidos se recargan al instante.;3;0;23;5;0;5;1;20;0;0;0;0;0;0;0;
1339;Símbolos de inspiración;Symbole der Inspiration;Habilidad de élite. (6..40 segundos). Esta habilidad se transforma en la habilidad de élite del enemigo objetivo. Las habilidades de élite usarán tu atributo lanzamiento rápido en lugar de su atributo correspondiente.;3;0;1;5;0;5;1;10;0;0;1;0;0;0;0;
1340;Celeridad simbólica;Symbolische Schnelligkeit;Conjuro con encantamiento. (36..60 segundos). Tus sellos utilizan tu atributo de lanzamiento rápido de conjuros.;3;0;23;5;0;15;1;30;0;0;0;0;0;0;0;
1341;Frustración;Frustration;Conjuro con maleficio. (5..20 segundos). Hace que los conjuros tarden un 50% más en lanzarse. El enemigo objetivo recibe 5..50 de daño cada vez que se le interrumpa. Hace el doble de daño si se interrumpe una habilidad.;3;1;24;5;0;10;1;7;0;0;0;0;0;0;0;
1342;Bromista;Reizen;Conjuro de élite. Interrumpe una habilidad. Efecto de interrupción: también interrumpe a otros enemigos de la zona y robas 0..5 de energía a todos ellos.;3;3;22;5;0;5;.25;15;0;0;1;0;0;0;0;
1343;Fantasma de éter;Äther-Phantom;Conjuro con maleficio. (10 segundos). Causa -1 de degeneración de energía. Hace perder 1..5 de energía si este maleficio acaba antes.;3;3;24;5;0;5;1;10;0;0;0;0;0;0;0;
1344;Red interruptora;Netz der Störung;Conjuro con maleficio. (10 segundos). Efecto inicial: interrumpe una habilidad. Efecto final: interrumpe una habilidad.;3;-1;24;5;0;5;.25;15;0;0;0;0;0;0;0;
1345;Enigma del encantador;Rätsel des Verzauberers;Conjuro con maleficio de élite. Hace que los encantamientos tarden un 100..200 % más en lanzarse (10 segundos). Efecto inicial: causa 10..100 de daño al enemigo objetivo y un 75 % de ese daño a todos los enemigos adyacentes si el objetivo no tiene ningún encantamiento.;3;2;24;5;0;10;2;10;0;0;1;0;0;0;0;
1346;Sello de las ilusiones;Siegel der Illusionen;Sello de élite. Tus siguientes conjuros (1..3) usan el atributo "magia de ilusión" en vez de su atributo normal.;3;1;21;5;0;0;2;5;0;0;1;0;0;0;0;
1347;Descargar encantamiento;Verzauberung entlassen;Conjuro. Elimina un encantamiento del enemigo objetivo. 20..50% menos de tiempo de recarga si el enemigo tiene un maleficio.;3;3;22;5;0;10;1;15;0;0;0;0;0;0;0;
1348;Vórtice devoramaleficios;Verhexungsfresser-Strudel;Conjuro de élite. Elimina un maleficio de un objetivo aliado. Efecto de la eliminación: hace 30..90 de daño y elimina un encantamiento de los enemigos de la zona de ese aliado.;3;2;22;5;0;5;.25;15;0;0;1;0;0;0;0;
1349;Espejo del desencantamiento;Spiegel der Entzauberung;Conjuro. Elimina un encantamiento del enemigo objetivo. Los miembros del grupo del enemigo objetivo también pierden ese encantamiento.;3;-1;22;5;0;5;1;15;0;0;0;0;0;0;0;
1350;Robo simple;Simpler Diebstahl;Conjuro de élite. Interrumpe una acción. Efecto: si se interrumpe una habilidad, quedará desactivada y el Robo simple es sustituido por esa habilidad (5..20 segundos).;3;2;22;5;0;10;.25;10;0;0;1;0;0;0;0;
1351;Animar horror de mole;Schlurfschreck beleben;Conjuro. Crea un horror de mole de nivel 1..17. Cuando muera, se sustituirá por un horror de sierra de nivel 0..15 que causa hemorragias al atacar. Explotas un cadáver.;3;5;22;4;0;10;1;25;0;0;0;0;0;0;0;
1352;Orden de los muertos vivientes;Orden der Untoten;Conjuro de élite. (5 segundos). Tus siervos hacen +3..16 de daño. Efecto por cada ataque de siervo: pierdes un 2% de tu salud máxima.;3;5;22;4;0;10;1;5;0;0;1;0;0;0;0;
1353;Carne putrefacta;Verwesendes Fleisch;Conjuro. Destruye uno de tus siervos. Causa enfermedad (5..15 segundos) a los enemigos cercanos a este siervo.;3;5;22;4;0;10;.25;0;0;0;0;0;0;0;0;
1354;Festín mortal;Fest für die Toten;Conjuro. Destruye uno de tus siervos. Cura a tus demás siervos 10..100 de salud.;3;5;22;4;0;5;.25;10;0;0;0;0;0;0;0;
1355;Huesos serrados;Versplitterte Knochen;Conjuro con encantamiento de élite. (60 segundos). Cada vez que muera el siervo objetivo, se sustituirá por un horror de sierra de nivel 0..15 que causa hemorragia al atacar.;3;5;23;4;0;5;1;10;0;0;1;0;0;0;0;
1356;Contagio;Erkrankung;Conjuro con encantamiento de élite. (60 segundos). Cada vez que recibas una condición, todos los enemigos de la zona reciben la misma. Sacrificas el 10..5% de salud máxima cada vez que esto ocurra.;3;5;23;4;0;5;1;10;0;0;1;0;0;0;0;
1358;Pulmones ulcerosos;Geschwürige Lungen;Conjuro con maleficio. También afecta a los enemigos cercanos a tu objetivo (10..30 segundos). Causa -4 de degeneración de salud a los que tengan una hemorragia. Causa hemorragia (5..20 segundos) cada vez que esos enemigos usen un grito o cántico.;3;7;24;4;0;10;1;10;0;0;0;0;0;0;0;
1359;Dolor del desencantamiento;Schmerz der Entzauberung;Conjuro de élite. El enemigo objetivo pierde 1..3 encantamientos. Efecto: ese enemigo y todos los adyacentes pierden 10..100 de salud.;3;7;22;4;0;10;1;15;0;0;1;0;0;0;0;
1360;Marca de furia;Zeichen der Wut;Conjuro con maleficio. (5 segundos). Los aliados que golpeen al enemigo ganan 0..2 golpes de adrenalina. Efecto final: causa armadura rota (1..15 segundos).;3;4;24;4;0;5;.75;10;0;0;0;0;0;0;0;
1362;Corrompencantamientos;Verzauberung verderben;Conjuro con maleficio de élite. Elimina un encantamiento del enemigo objetivo. Efecto de la eliminación: -1..8 de degeneración de salud (10 segundos).;3;7;24;4;0;5;.75;5;0;0;1;0;0;0;0;
1363;Sello del pesar;Siegel des Kummers;Sello. Causa 15..75 de daño. Recarga instantánea si el enemigo objetivo está cerca de un cadáver o tiene una mascota muerta.;3;6;21;4;0;0;1;30;0;0;0;0;0;0;0;
1364;Sello de sufrimiento;Siegel des Leidens;Sello de élite. Sufres hemorragia durante 6 segundos. Causa hemorragia (2..16 segundos) al objetivo de la próxima habilidad de Nigromante.;3;4;21;4;0;0;0;4;0;0;1;0;0;0;0;
1365;Sello de las almas perdidas;Siegel der verlorenen Seelen;Sello. Ganas 10..100 de salud y 1..10 de energía si el enemigo objetivo está por debajo del 50% de salud.;3;6;21;4;0;0;.25;8;0;0;0;0;0;0;0;
1366;Pozo de oscuridad;Brunnen der Dunkelheit;Conjuro de pozo. (5..50 segundos). Los enemigos con maleficio dentro de este pozo tienen un 50 % de probabilidades de fallar. Explotas un cadáver reciente o sacrificas un 66 % de salud.;3;7;28;4;0;10;1;20;0;0;0;0;0;0;0;
1367;Oleada cegadora;Blendende Welle;Conjuro de élite. Causa 5..50 de daño de relámpago. Causa ceguera al objetivo y a los enemigos cercanos (3..8 segundos). 25% de penetración de armadura. Si el objetivo estaba atacando, también alcanza a los enemigos adyacentes y hace un 50% más de daño.;3;8;22;6;0;10;.75;6;0;0;1;0;0;0;0;
1368;Vientos fríos;Kühle Winde;Conjuro con maleficio. (10 segundos.) El siguiente maleficio de agua sobre el enemigo objetivo durará un 25..100% más. Efecto inicial: 30..60 de daño frío. También golpea a los adyacentes.;3;8;24;6;0;5;1;8;0;0;0;0;0;0;0;
1369;Descarga eléctrica;Blitzstrahl;Conjuro. Proyectil: hace 5..50 de daño de relámpago. Hace 5..50 más de daño de relámpago si el objetivo se está moviendo. 25% de penetración de armadura.;3;8;22;6;0;5;1;8;0;0;0;0;0;0;0;
1370;Prisa del Djinn de tormenta;Eile des Sturm-Dschinn;Conjuro con encantamiento. (10..25 segundos). Te mueves un 25% más rápido. Pierdes 1 de energía cada segundo mientras te estés moviendo.;3;8;23;6;0;5;.25;10;0;0;0;0;0;0;0;
1371;Atacante de piedra;Steinschläger;Conjuro con encantamiento. (5..30 segundos). Convierte en daño de tierra el daño físico y de los elementos que recibas o hagas.;3;9;23;6;0;5;.25;20;0;0;0;0;0;0;0;
1372;Tormenta de arena;Sandsturm;Conjuro de élite. Causa 20..40 de daño de tierra por segundo (10 segundos). Alcanza a los enemigos cercanos a la ubicación inicial del enemigo objetivo. Hace 10..30 de daño de tierra extra por segundo a los enemigos atacando.;3;9;22;6;0;15;2;20;0;0;1;0;0;0;0;
1373;Vaina de piedra;Steinmantel;Conjuro con encantamiento de élite. (5..20 segundos). Os da a ti y al aliado objetivo +1..30 de armadura e inmunidad a los golpes críticos. Efecto inicial: Los enemigos cerca de ti y del aliado objetivo reciben 15..70 de daño de tierra y padecen debilitamiento (5..20 segundos).;3;9;23;6;0;10;1;15;0;0;1;0;0;0;0;
1374;Halcón de ébano;Ebonfalke;Conjuro. Proyectil: causa 10..85 de daño de tierra y provoca debilitamiento (5..15 segundos).;3;9;22;6;0;10;1;5;0;0;0;0;0;0;0;
1375;Aura de carne de piedra;Steinfleisch-Aura;Conjuro con encantamiento. (5..15 segundos). Reduce el daño que recibes en 1..31 y eres inmune a ataques críticos.;3;9;23;6;0;10;2;15;0;0;0;0;0;0;0;
1376;Glifo de restauración;Glyphe der Wiederherstellung;Glifo. (15 segundos.) Tus siguientes 2 conjuros te curan 30..105 de salud y además te curas el 150..400% del coste de energía de cada conjuro.;3;12;16;6;0;5;1;8;0;0;0;0;0;0;0;
1377;Prisma de éter;Ätherprisma;Habilidad de élite. (3 segundos). Todo el daño que recibes se reduce un 75%. Efecto final: ganas 5..20 de energía.;3;12;1;6;0;5;0;20;0;0;1;0;0;0;0;
1378;Maestro de magias;Meister der Magie;Conjuro con encantamiento de élite. (1..61 segundos). Tus atributos de los elementos pasan a 8..14 y tus conjuros de los elementos devuelven 1 de energía más el 30 % de su coste.;3;12;23;6;0;5;1;10;0;0;1;0;0;0;0;
1379;Mirada brillante;Glühender Blick;Conjuro. Hace 5..50 de daño de fuego. Ganas 5 de energía más 1 de energía por cada 2 rangos de almacenamiento de energía si el enemigo objetivo está ardiendo.;3;10;22;6;0;5;1;8;0;0;0;0;0;0;0;
1380;Calor de la sabana;Hitze der Savanne;Conjuro de élite. Causa 5..20 de daño de fuego por segundo desde el momento en que se lanza el conjuro (5 segundos). Alcanza a los enemigos cercanos a la ubicación inicial del objetivo.;3;10;22;6;0;5;2;25;0;0;1;0;0;0;0;
1381;Prisa del Djinn de fuego;Eile des Flammen-Dschinn;Conjuro con encantamiento. (8..14 segundos). Te mueves un 25% más rápido. Efecto inicial: hace 15..120 de daño de fuego a los enemigos adyacentes a ti. Si haces daño a un enemigo con este conjuro, se recarga un 50% más rápido.;3;10;23;6;0;10;.75;20;0;0;0;0;0;0;0;
1382;Bocanada helada;Gefrierende Böe;Conjuro con maleficio. Hace 20..80 de daño frío si el enemigo objetivo está bajo los efectos de un maleficio de agua. De lo contrario, el enemigo se mueve un 66% más despacio (1..5 segundos).;3;11;24;6;0;10;1;8;0;0;0;0;0;0;0;
1390;Intervención del juez;Intervention des Richters;Conjuro con encantamiento. (10 segundos.) Impide el siguiente ataque crítico. Efecto: hace 30..180 de daño sagrado a un enemigo cercano al objetivo (un aliado o tú mismo).;3;14;23;3;0;5;.25;8;0;0;0;0;0;0;0;
1391;Espíritu de apoyo;Unterstützender Geist;Conjuro con encantamiento. (5..23 segundos). Cura 5..50 de salud cada vez que el objetivo (un aliado o tú mismo) reciba daño mientras esté derribado.;3;13;23;3;0;10;.75;8;0;0;0;0;0;0;0;
1392;Curación atenta;Wachsame Heilung;Conjuro con encantamiento. (10 segundos). El objetivo (un aliado o tú mismo) tiene +1..4 de regeneración de salud y gana 30..120 de salud si este encantamiento acaba antes de tiempo.;3;16;23;3;0;5;1;10;0;0;0;0;0;0;0;
1393;Bendición del sanador;Segen des Heilers;Conjuro con encantamiento de élite. (10..55 segundos). Los conjuros de plegarias curativas se lanzan un 50% más deprisa y curan un 50% más.;3;16;23;3;0;5;.25;10;0;0;1;0;0;0;0;
1394;Pacto del sanador;Verpflichtung des Heilers;Conjuro con encantamiento de élite. Tus conjuros de plegarias curativas cuestan 1..4 menos de energía. Estos conjuros curan un 20% menos.;3;13;23;3;-1;5;.25;5;0;0;1;0;0;0;0;
1395;Péndulo de Balthazar;Balthasars Pendel;Conjuro con encantamiento de élite. (5..25 segundos). Causa derribo al siguiente enemigo que intente derribar al objetivo (un aliado o tú mismo).;3;14;23;3;0;5;.25;5;0;0;1;0;0;0;0;
1396;Palabras confortantes;Tröstende Worte;Conjuro. Cura 20..65 de salud. Cura 20..50 de salud extra si el objetivo (un aliado o tú mismo) tiene una condición.;3;13;22;3;0;5;1;4;0;0;0;0;0;0;0;
1397;Luz de liberación;Licht der Erlösung;Conjuro de élite. Cura 5..70 de salud a todo el grupo.;3;13;22;3;0;5;1;6;0;0;1;0;0;0;0;
1398;Castigar encantamiento;Geißelverzauberung;Conjuro con maleficio. (30 segundos). Hace 15..75 de daño a cualquiera que eche un encantamiento al enemigo objetivo.;3;14;24;3;0;10;1.5;5;0;0;0;0;0;0;0;
1399;Escudo de absorción;Schild der Absorption;Conjuro con encantamiento. (3..7 segundos). Reduce 5 del daño que el objetivo (un aliado o tú mismo) reciba.;3;15;23;3;0;5;1;10;0;0;0;0;0;0;0;
1400;Inversión del daño;Umkehrung des Schadens;Conjuro con encantamiento. (8 segundos). Impide el siguiente daño y le devuelve al atacante esa cantidad (máximo 5..75).;3;14;23;3;0;5;.25;3;0;0;0;0;0;0;0;
1401;Toque sanador;Genesungsberührung;Conjuro de toque. Elimina dos condiciones. Cura 15..60 de salud por condición.;3;15;22;3;0;5;.75;6;0;0;0;0;0;0;0;
1402;Hachazo crítico;Kritischer Hieb;Ataque con hacha. Hace +5..20 de daño. Interrumpe una acción si consigues un golpe crítico.;3;18;4;1;0;5;1;15;0;0;0;0;0;0;0;
1403;Hachazo agonizante;Qualvoller Hieb;Ataque con hacha. Hace +5..20 de daño. Interrumpe una acción si el enemigo objetivo tiene una herida grave.;3;18;4;1;0;0;1;0;6;0;0;0;0;0;0;
1404;Flagelo;Dreschen;Actitud. (1..15 segundos). Atacas un 33% más deprisa. Te mueves un 33% más lento.;3;17;29;1;0;0;0;0;4;0;0;0;0;0;0;
1405;Ataque en embestida;Angreifender Schlag;Actitud de élite. (1..10 segundos). Te mueves un 33% más deprisa y haces +10..90 de daño con tu próximo golpe cuerpo a cuerpo. Acaba si golpeas o usas una habilidad.;3;17;29;1;0;5;0;5;0;0;1;0;0;0;0;
1406;Cabezazo;Kopfstoß;Habilidad de élite de toque. Hace 40..100 de daño. Quedas aturdido (10 segundos).;3;17;1;1;0;10;.75;10;0;0;1;0;0;0;0;
1407;Comodidad del león;Trost des Löwen;Habilidad. Te curas 50..110 de salud y ganas 0..3 de adrenalina. Desactiva tus sellos (12 segundos).;3;17;1;1;0;0;1;1;3.2;0;0;0;0;0;0;
1408;Furia del Ntouka;Wut des Ntouka;Habilidad de élite. Ganas 1..7 de adrenalina. Durante 8 segundos, las habilidades de adrenalina tardan 3 segundos en recargarse cuando las uses.;3;17;1;1;0;5;0;15;0;0;1;0;0;0;0;
1409;Golpe de mokele;Mokele-Schlag;Ataque con martillo. Hace +5..20 de daño y ganas 2 de adrenalina.;3;19;8;1;0;5;0;12;0;0;0;0;0;0;0;
1410;Golpe autoritario;Anmaßender Schlag;Ataque con martillo. Hace +1..20 de daño. Si se derriban los enemigos objetivo, quedan aturdidos durante (1..8 segundos).;3;19;8;1;0;5;0;20;0;0;0;0;0;0;0;
1411;Sello de vitalidad;Siegel der Ausdauer;Sello. Tienes +50..300 de salud máxima. Acaba si atacas con éxito.;3;17;21;1;0;0;.25;20;0;0;0;0;0;0;0;
1412;"¡Te han abandonado!";"Ihr seid ganz allein!";Grito de élite. Causa lisiadura y debilitamiento (8 segundos). No funciona si el enemigo objetivo está cercano a alguno de sus aliados.;3;-1;20;1;0;5;0;10;0;0;1;0;0;0;0;
1413;Explosión agresiva;Aggressiver Ausbruch;Actitud. (2..10 segundos). Atacas un 33% más deprisa. Efecto final: pierdes toda la adrenalina.;3;17;29;1;0;5;0;12;0;0;0;0;0;0;0;
1414;Carga enrabietada;Wütender Angriff;Actitud. (5..15 segundos.) Te mueves un 25% más rápido. Ganas +0..3 de adrenalina en el próximo ataque cuerpo a cuerpo. Termina cuando vuelves a golpear.;3;17;29;1;0;5;0;20;0;0;0;0;0;0;0;
1415;Tajo lisiador;Verkrüppelnder Hieb;Ataque con espada de élite. Causa lisiadura (5..15 segundos) y hemorragia (10..25 segundos).;3;20;10;1;0;0;0;0;5;0;1;0;0;0;0;
1416;Corte bárbaro;Barbarischer Schnitt;Ataque con espada. Hace +5..30 de daño. Causa hemorragia (5..15 segundos) si no mantienes ninguna actitud.;3;20;10;1;0;0;0;0;6;0;0;0;0;0;0;
1465;Disparo preparado;Vorbereiteter Schuss;Ataque con arco de élite. Hace +10..25 de daño. Ganas 1..9 de energía si tienes una preparación activa.;3;25;2;2;0;5;0;6;0;0;1;0;0;0;0;
1466;Flecha ardiente;Brennender Pfeil;Ataque con arco de élite. Hace +10..30 de daño. Causa quemadura (2..8 segundos).;3;25;2;2;0;10;0;5;0;0;1;0;0;0;0;
1467;Disparo parabólico;Bogenschuss;Ataque con arco. Hace +10..35 de daño. No se puede bloquear. Esta flecha se mueve un 50% más despacio.;3;25;2;2;0;5;0;3;0;0;0;0;0;0;0;
1468;Golpe al unísono;Gemeinsam zuschlagen;Grito de élite. Tu mascota se mueve instantáneamente al objetivo y causa hemorragia (5..15 segundos) con el siguiente ataque. La próxima vez que consigas hacer un ataque, causas lisiadura (5..15 segundos).;3;22;20;2;0;5;0;10;0;0;1;0;0;0;0;
1469;Fuego cruzado;Kreuzfeuer;Ataque con arco. Hace +5..20 de daño. No se puede bloquear si el enemigo objetivo está cerca de alguno de tus aliados.;3;25;2;2;0;5;0;4;0;0;0;0;0;0;0;
1470;Flechas con espinas;Stachelpfeile;Preparación["Preparaciones"]. (24 segundos). Tus flechas causan hemorragia (3..15 segundos). Tienes -40 de armadura mientras actives esta habilidad.;3;24;17;2;0;10;2;12;0;0;0;0;0;0;0;
1471;Foco del carroñero;Fokus des Plünderers;Habilidad de élite. (10 segundos). Ganas 3..12 de energía si golpeas a un enemigo que tenga alguna condición.;3;24;1;2;0;5;0;12;0;0;1;0;0;0;0;
1472;Toxicidad;Giftigkeit;Ritual de la naturaleza. Crea un espíritu de nivel 1..10 (30..180 segundos de vida). Las criaturas envenenadas o enfermas dentro de la zona tienen -2 de degeneración de salud.;3;22;19;2;0;15;2;60;0;0;0;0;0;0;0;
1473;Arenas movedizas;Treibsand;Ritual de la naturaleza de élite. Crea un espíritu de nivel 1..10 (30..180 segundos de vida). Las criaturas pierden 1 de energía cada vez que ataquen o usen una habilidad. No afecta a los espíritus.;3;24;19;2;0;10;2;30;0;0;1;0;0;0;0;
1474;Abrazo de la tormenta;Umarmung des Sturms;Actitud. (10 segundos). Te mueves un 25% más deprisa. Renovación: cada vez que recibas daños de los elementos.;3;-1;29;2;0;5;0;30;0;0;0;0;0;0;0;
1475;Velocidad del trampero;Geschwindigkeit des Fallenstellers;Actitud. (5..30 segundos). Tus trampas se recargan un 25% más deprisa y se activan un 25% antes. Acaba si atacas con éxito.;3;23;29;2;0;5;0;20;0;0;0;0;0;0;0;
1476;Suelo alambrado;Stolperdraht;Trampa. (90 segundos). Hace 5..20 de daño perforante a los enemigos cercanos. Causa derribo a los enemigos lisiados. Se puede interrumpir con facilidad.;3;24;30;2;0;10;2;30;0;0;0;0;0;0;0;
1478;Oleada renovadora;Erneuernde Welle;Conjuro con maleficio. (8 segundos). Hace 2..12 de daño por segundo. Efecto final: Ganas 1..8 de energía.;3;34;24;8;0;5;1;15;0;0;0;0;0;0;0;
1479;Ofrenda de espíritu;Opfer des Geistes;Conjuro de élite. Ganas 8..17 de energía. No sacrificas salud si hay espíritus al alcance del oído.;3;34;22;8;0;3;.25;15;0;17;1;0;0;0;0;
1480;Don espiritual;Geschenk des Geistes;Conjuro con encantamiento. (60 segundos). Cuando crees una criatura, todos los aliados cercanos ganan 5..50 de salud y pierden una condición.;3;36;23;8;0;10;1;45;0;0;0;0;0;0;0;
1481;Sello del pacto de muerte;Todespakt-Siegel;Sello. Resucita al miembro del grupo objetivo con tu salud actual y el 15..100% de energía máxima. Durante 120 segundos, si el aliado objetivo muere, tú también lo harás.;3;33;21;8;0;0;3;12;0;0;0;0;0;0;0;
1482;Reclamo de esencia;Essenz zurückfordern;Conjuro de élite. Todos tus espíritus mueren. Si alguno muere de esta forma, ganas 5..20 de energía y todos tus rituales de encadenamiento se recargan.;3;36;22;8;0;5;1;30;0;0;1;0;0;0;0;
1483;Golpe del destierro;Bannstoß;Ataque cuerpo a cuerpo. Hace 10..60 de daño sagrado. Causa el doble de daño a las criaturas invocadas.;3;44;3;10;0;5;1;3;0;0;0;0;0;0;0;
1484;Barrido místico;Mystischer Schwung;Ataque cuerpo a cuerpo. Hace +3..12 de daño. Hace +3..12 de daño adicional si estás encantado.;3;44;3;10;0;5;1;6;0;0;0;0;0;0;0;
1485;Ataque del ermitaño;Angriff des Eremiten;Ataque con guadaña. Hace +1..10 de daño y elimina un encantamiento de Derviche. Efecto de eliminación: hace +1..10 de daño adicional y golpea a todos los enemigos adyacentes.;3;41;9;10;0;5;0;6;0;0;0;0;0;0;0;
1486;Segar impurezas;Unreinheiten ausnutzen;Ataque cuerpo a cuerpo. Hace +3..15 de daño. Los enemigos que golpeas pierden una condición. Efecto de eliminación: todos los enemigos adyacentes a los que alcances reciben 10..40 de daño sagrado.;3;41;3;10;0;0;0;0;4.8;0;0;0;0;0;0;
1487;Barrido de la doble luna;Doppelter Mondschwung;Ataque cuerpo a cuerpo. Elimina uno de tus encantamientos de Derviche. Ganas 10..50 de salud. Efecto de eliminación: no te pueden bloquear, atacas dos veces y ganas 10..70 de salud adicional.;3;41;3;10;0;0;0;0;6.4;0;0;0;0;0;0;
1488;Barrido victorioso;Siegreicher Schwung;Ataque cuerpo a cuerpo. Hace +5..25 de daño. Ganas 30..80 de salud por cada enemigo alcanzado que tenga menos salud que tú.;3;41;3;10;0;5;0;4;0;0;0;0;0;0;0;
1489;Barrido irresistible;Unwiderstehlicher Schwung;Ataque con guadaña. Hace +3..15 de daño. Elimina uno de tus encantamientos de Derviche. Efecto de eliminación: no te pueden bloquear, quita una actitud, hace +3..15 de daño adicional.;3;41;9;10;0;5;0;6;0;0;0;0;0;0;0;
1490;Asalto piadoso;Frommer Angriff;Ataque cuerpo a cuerpo. Hace +10..20 de daño. Quita uno de tus encantamientos de Derviche. Efecto de eliminación: esta habilidad se recarga un 75% más rápido y los enemigos adyacentes reciben 15..40 de daño.;3;41;3;10;0;5;0;12;0;0;0;0;0;0;0;
1491;Tornado místico;Mystischer Wirbelsturm;Conjuro. Hace 10..60 de daño de frío a todos los enemigos cercanos. Hace 10..60 de daño de frío adicional si estás encantado.;3;42;22;10;0;0;.5;4;4.8;0;0;0;0;0;0;
1493;Dedos de Grenth;Grenths Finger;Conjuro con encantamiento de destello. (30 segundos). Tus ataques hacen daño de frío. Efecto inicial: los enemigos cercanos reciben 10..40 de daño de frío. Efecto final: transfiere 1..2 condiciones a todos los enemigos cercanos.;3;42;33;10;0;5;0;10;0;0;0;0;0;0;0;
1495;Aura de espinas;Dornenaura;Conjuro con encantamiento de destello. (30 segundos). Efecto inicial: causa hemorragia (5..15 segundos) a los enemigos cercanos. Efecto final: causa lisiadura (3..8 segundos) a los enemigos cercanos.;3;43;33;10;0;5;0;10;0;0;0;0;0;0;0;
1496;Cólera de Balthazar;Balthasars Wut;Conjuro con encantamiento de destello. (20 segundos). Efecto inicial: causa quemadura (1..3 segundos) a los enemigos cercanos. Efecto final: ganas 1..2 golpes de adrenalina si hay enemigos al alcance del oído.;3;44;33;10;0;10;0;10;0;0;0;0;0;0;0;
1497;Manto polvoriento;Staubdecke;Conjuro con encantamiento de destello. (30 segundos). Tus ataques hacen daño de tierra. Efecto inicial: hace 10..40 de daño de tierra a los enemigos cercanos. Efecto final: causa ceguera (1..4 segundos) a los enemigos cercanos.;3;43;33;10;0;10;0;6;0;0;0;0;0;0;0;
1498;Fuerza desequilibrante;Umwerfende Gewalt;Conjuro con encantamiento de destello. (30 segundos). Tus ataques hacen daño de tierra. Efecto inicial: hace 10..40 de daño de tierra a los enemigos cercanos. Efecto final: causa armadura rota (1..10 segundos) a los enemigos cercanos.;3;43;33;10;0;10;0;6;0;0;0;0;0;0;0;
1499;Renovación piadosa;Fromme Erneuerung;Conjuro con encantamiento de destello de élite. (8 segundos). Efecto final: se recarga a sí mismo y ganas 0..5 de energía y 0..30 de salud.;3;44;33;10;0;5;0;8;0;0;1;0;0;0;0;
1500;Manto milagroso;Trugbild-Umhang;Conjuro con encantamiento de destello. (20 segundos). Tienes un 40 % de probabilidad de bloquear y un 4..10 % extra por cada encantamiento adicional. 10..40 de daño de tierra a los enemigos cercanos cada vez que te quitan un encantamiento de Derviche.;3;43;33;10;0;15;0;24;0;0;0;0;0;0;0;
1502;Celo arcano;Arkaner Eifer;Conjuro con encantamiento de élite. (10 segundos). Ganas 2 de energía (máximo 2..7) por cada encantamiento que tengas cuando lances un conjuro.;3;44;23;10;0;10;1;5;0;0;1;0;0;0;0;
1503;Vigor místico;Mystische Vitalität;Conjuro con encantamiento. (20 segundos). Ganas 3..15 de salud (máximo 25) por cada encantamiento que tengas cuando ataques con éxito.;3;44;23;10;0;5;.25;15;0;0;0;0;0;0;0;
1504;Intervención atenta;Wachsame Intervention;Conjuro con encantamiento. (60 segundos). Cura 50..200 de salud la próxima vez que el daño haga caer la salud del objetivo (un aliado o tú mismo) por debajo del 25%.;3;44;23;10;0;10;1;15;0;0;0;0;0;0;0;
1505;Voto de piedad;Gelübde der Frömmigkeit;Conjuro con encantamiento. (20 segundos). +24 de armadura y +1..4 de regeneración de salud. Renovación: cada vez que finaliza un encantamiento sobre tu personaje.;3;42;23;10;0;15;.25;45;0;0;0;0;0;0;0;
1506;Dádiva vital;Wesentliche Wohltat;Conjuro con encantamiento. (20 segundos). Tienes +40..100 de salud máxima. Efecto final: te curas 75..200 de salud.;3;43;23;10;0;5;1;8;0;0;0;0;0;0;0;
1507;Corazón de la llama sagrada;Herz der heiligen Flamme;Conjuro con encantamiento de destello. (30 segundos). Tus ataques hacen daño sagrado. Efecto inicial: hace 5..30 de daño sagrado a los enemigos cercanos. Efecto final: causa quemadura (2..5 segundos) a los enemigos cercanos.;3;44;33;10;0;10;0;10;0;0;0;0;0;0;0;
1508;Prolongar encantamientos;Verzauberungen ausweiten;Habilidad. (10 segundos)Tu próximo encantamiento de Derviche durará un 10..150% más.;3;44;1;10;0;5;0;10;0;0;0;0;0;0;0;
1509;Intervención de fe;Vertrauensvolle Intervention;Conjuro con encantamiento. Ganas 30..150 de salud la próxima vez que te quedes por debajo del 50% de salud.;3;44;23;10;0;5;2;20;0;0;0;0;0;0;0;
1510;Cristales de arena;Sandscherben;Conjuro con encantamiento de destello. (30 segundos). Los ataques con guadaña hacen 10..60 de daño de tierra a todos los enemigos adyacentes al objetivo. Termina después de 1..5 golpes.;3;43;33;10;0;10;0;10;0;0;0;0;0;0;0;
1512;Premura de Lyssa;Lyssas Eile;Conjuro con encantamiento de destello. (3..15 segundos). Tus encantamientos de Derviche se recargan un 33% más rápido. Efecto inicial: interrumpe la acción de todos los enemigos adyacentes. Efecto final: interrumpe la acción de todos los enemigos adyacentes. (50% de posibilidades de fallar a menos que tengas plegarias de viento 5 o superior).;3;42;33;10;0;10;0;15;0;0;0;0;0;0;0;
1513;Manos guiadoras;Lenkende Hände;Conjuro con encantamiento. (20 segundos). Tus próximos 0..3 ataques no se pueden bloquear. Efecto inicial: quita la ceguera.;3;42;23;10;0;10;.25;10;0;0;0;0;0;0;0;
1514;Estabilidad pasajera;Flüchtige Stabilität;Conjuro con encantamiento de destello. (4..10 segundos). No te pueden derribar y te mueves un 25% más deprisa. Termina si evita un derribo.;3;43;33;10;0;5;0;10;0;0;0;0;0;0;0;
1515;Armadura de santidad;Rüstung der Heiligkeit;Conjuro con encantamiento. Causa debilidad a los enemigos cercanos (5..15 segundos). Recibes 5..20 menos de daño de los enemigos que tengan una condición (15 segundos).;3;43;23;10;0;5;.25;15;0;0;0;0;0;0;0;
1516;Regeneración mística;Mystische Regeneration;Conjuro con encantamiento. (5..20 segundos). Ganas +1..4 de regeneración de salud por cada encantamiento que posea tu personaje (máximo 8).;3;43;23;10;0;15;.25;10;0;0;0;0;0;0;0;
1517;Voto de silencio;Schweigegelübde;Conjuro con encantamiento de élite. (5..10 segundos). No puedes ser objetivo de conjuros. No puedes lanzar conjuros.;3;44;23;10;0;5;.25;10;0;0;1;0;0;0;0;
1518;Avatar de Balthazar;Balthasars Avatar;Transformación["Transformaciones"] de élite. (10..90 segundos). Ganas +20 de armadura contra daño físico, ganas adrenalina un 25% más rápido, tus ataques hacen daño sagrado, causas quemadura (1..3 segundos) a los enemigos cercanos cuando pierdes un encantamiento de Derviche. La habilidad queda desactivada durante 45 segundos.;3;44;15;10;0;5;2;20;0;0;1;0;0;0;0;
1519;Avatar de Dwayna;Dwaynas Avatar;Transformación["Transformaciones"] de élite. (10..90 segundos.) Hace daño sagrado. Pierdes un maleficio cada vez que utilizas una habilidad de ataque de Derviche. Todos los aliados al alcance del oído se curan 5..50 de salud cada vez que pierdes un encantamiento de Derviche. La habilidad queda desactivada durante 45 segundos.;3;44;15;10;0;5;2;20;0;0;1;0;0;0;0;
1520;Avatar de Grenth;Grenths Avatar;Transformación["Transformaciones"] de élite. (10..90 segundos). Tus ataques con guadaña hacen daño oscuro y roban 0..12 de salud. Eres inmune a la enfermedad. Causa enfermedad a todos los enemigos adyacentes (3 segundos) cuando pierdes un encantamiento de Derviche. Esta habilidad está desactivada durante 45 segundos.;3;44;15;10;0;5;2;20;0;0;1;0;0;0;0;
1521;Avatar de Lyssa;Lyssas Avatar;Transformación["Transformaciones"] de élite. (10..90 segundos). Tus encantamientos de Derviche se recargan un 50% más deprisa e infliges daño de caos con tus ataques. Robas 1 de energía de los enemigos cercanos cuando pierdes un encantamiento de Derviche. Esta habilidad está desactivada durante 45 segundos.;3;44;15;10;0;5;2;20;0;0;1;0;0;0;0;
1522;Avatar de Melandru;Melandrus Avatar;Transformación["Transformaciones"] de élite. (10..90 segundos). Tienes +150 de salud máxima, +30 de armadura contra daño de los elementos y tus ataques infligen daño de tierra. Curas una condición de todos tus compañeros al alcance del oído cada vez que pierdes un encantamiento de Derviche. Esta habilidad está desactivada durante 45 segundos.;3;44;15;10;0;5;2;20;0;0;1;0;0;0;0;
1523;Meditación;Meditation;Conjuro con encantamiento. (20 segundos). Pierdes toda la adrenalina. Ganas 1..4 de energía cada vez que termina uno de tus encantamientos.;3;44;23;10;0;10;.25;15;0;0;0;0;0;0;0;
1524;Celo del ermitaño;Eifer des Eremiten;Conjuro con encantamiento. (10 segundos). Efecto inicial: ganas 1..3 de energía (máximo 8) por cada enemigo al alcance del oído. Efecto final: ganas 1..3 de energía (máximo 8) por cada enemigo al alcance del oído.;3;44;23;10;0;5;.25;15;0;0;0;0;0;0;0;
1525;Curación innata;Natürliche Heilung;Conjuro. Cura 50..170 de salud. Esta habilidad se activa un 50% más rápido si no estás encantado.;3;42;22;10;0;5;1;6;0;0;0;0;0;0;0;
1526;Imbuir salud;Mit Leben durchdringen;Conjuro. Cura el 5..50% de tu salud actual (máximo 300). No te puedes apuntar a ti mismo.;3;44;22;10;0;10;.25;10;0;0;0;0;0;0;0;
1527;Curación mística;Mystische Heilung;Conjuro. Te curas 5..65 de salud. Cura 5..65 de salud a todos tus compañeros encantados.;3;42;22;10;0;5;1;4;0;0;0;0;0;0;0;
1528;Toque de Dwayna;Dwaynas Berührung;Conjuro de toque. Cura 60 de salud (máximo 60..240) por cada encantamiento que tengas.;3;42;22;10;0;5;.75;5;0;0;0;0;0;0;0;
1529;Restauración piadosa;Fromme Wiederherstellung;Conjuro. Ganas 80..150 de salud y pierdes 1 encantamiento de Derviche. Efecto de eliminación: pierdes 1..3 maleficios.;3;42;22;10;0;5;1;8;0;0;0;0;0;0;0;
1530;Sello de luz piadosa;Siegel des frommen Lichts;Sello. Cura 30..150 de salud. Quita uno de tus encantamientos de Derviche. Efecto de eliminación: se recarga un 75% más rápido.;3;43;21;10;0;0;1;20;0;0;0;0;0;0;0;
1531;Aura intimidante;Einschüchternde Aura;Conjuro con encantamiento. (60 segundos). Tienes +40..100 de salud máxima y recibes -1..10 de daño de los enemigos que tienen menos salud que tú.;3;44;23;10;0;10;.75;20;0;0;0;0;0;0;0;
1532;Tormenta de arena mística;Mystischer Sandsturm;Conjuro. (3 segundos). Hace 10..40 de daño de tierra por segundo. Hace 10..20 de daño adicional a los enemigos que atacan. Alcanza a los enemigos cercanos a tu ubicación inicial. Dura el doble de tiempo si estás encantado.;3;43;22;10;0;0;1;8;4.8;0;0;0;0;0;0;
1533;Vientos del desencantamiento;Wind der Entzauberung;Conjuro. Elimina uno de tus encantamientos de Derviche. Efecto de eliminación: todos los enemigos cercanos pierden un encantamiento y sufren 20..80 de daño de frío.;3;42;22;10;0;5;.75;15;0;0;0;0;0;0;0;
1534;Toque desgarrador;Zerreißende Berührung;Conjuro de toque. Hace 15..65 de daño de frío. Pierdes un encantamiento de Derviche. Efecto de eliminación: el enemigo objetivo pierde un encantamiento y tú ganas 2 golpes de adrenalina.;3;44;22;10;0;5;.75;12;0;0;0;0;0;0;0;
1535;Barrido lisiador;Verkrüppelnder Schwung;Ataque con guadaña. (3..12 segundos.) Causa lisiadura. Hace +3..15 de daño a los enemigos en movimiento.;3;41;9;10;0;5;0;6;0;0;0;0;0;0;0;
1536;Golpe hiriente;Verwundender Schlag;Ataque con guadaña de élite. Hace +5..20 de daño y causa hemorragia (5..20 segundos). Quita un encantamiento de Derviche. Efecto de eliminación: causa una herida grave (5..20 segundos).;3;41;9;10;0;5;0;3;0;0;1;0;0;0;0;
1537;Golpe cansado;Ermüdender Schlag;Ataque con guadaña. Quita un encantamiento de Derviche. Efecto de eliminación: causa una herida grave (3..10 segundos). Sufres debilitamiento (10 segundos) si no se pierde un encantamiento.;3;41;9;10;0;0;0;0;6;0;0;0;0;0;0;
1538;Asalto de Lyssa;Lyssas Angriff;Ataque con guadaña. Interrumpe una acción. Si estás encantado, las habilidades que interrumpas se desactivarán durante 1..10 segundos más. Este ataque hace 50% de daño normal.;3;41;9;10;0;5;.5;15;0;0;0;0;0;0;0;
1539;Victoria espeluznante;Kühler Sieg;Ataque con guadaña. Hace +3..15 de daño. Hace 10..30 de daño de frío a cada enemigo alcanzado cuya salud sea menor que la de tu personaje y a los enemigos adyacentes a ellos.;3;41;9;10;0;0;0;0;6;0;0;0;0;0;0;
1540;Convicción;Überzeugung;Conjuro con encantamiento de destello. (10 segundos). Ganas +10 de armadura mientras sufras una condición. Ganas 1..3 de regeneración de salud por cada condición que tengas. Efecto final: elimina 1..2 condiciones.;3;43;33;10;0;5;0;10;0;0;0;0;0;0;0;
1541;Prisa encantada;Verzauberte Eile;Conjuro con encantamiento de destello. (7 segundos). Te mueves un 25% más rápido. Pierdes 1 condiciones si el encantamiento termina antes de tiempo.;3;-1;33;10;0;10;0;15;0;0;0;0;0;0;0;
1542;Concentración piadosa;Fromme Konzentration;Actitud. (5..20 segundos). Evita que puedan interrumpirte. Coste por defensa: pierdes un encantamiento de Derviche o la Concentración piadosa finaliza.;3;43;29;10;0;10;0;10;0;0;0;0;0;0;0;
1543;Prisa piadosa;Fromme Eile;Actitud. (1..7 segundos). Pierdes un encantamiento de Derviche y te mueves un 25% más rápido. Efecto de eliminación: corres un 50% más rápido.;3;44;29;10;0;5;0;12;0;0;0;0;0;0;0;
1544;Torbellino de asalto;Wirbelangriff;Conjuro con encantamiento de destello. (1..6 segundos). Te mueves un 33% más rápido. Harás 10..60 de daño frío al resto de enemigos cercanos la próxima vez que golpees a un enemigo y este encantamiento terminará.;3;42;33;10;0;5;0;8;0;0;0;0;0;0;0;
1545;Prueba de fe;Glaubensprüfung;Conjuro de toque. Hace 15..75 de daño frío y elimina un encantamiento. El enemigo queda aturdido durante 2..6 segundos si no estaba encantado.;3;42;22;10;0;0;.5;5;5;0;0;0;0;0;0;
1546;Lanza resplandeciente;Lodernder Speer;Ataque con lanza. Hace 5..25 de daño. Causa quemadura (1..3 segundos).;3;37;12;9;0;0;0;0;6;0;0;0;0;0;0;
1547;Lanzamiento poderoso;Mächtiger Wurf;Ataque con lanza. Hace +10..40 de daño. Esta lanza vuela tres veces más rápido.;3;37;12;9;0;0;1;0;4;0;0;0;0;0;0;
1548;Lanza cruel;Grausamer Speer;Ataque con lanza de élite. Hace +10..50 de daño. Causa herida grave (5..20 segundos) si el enemigo objetivo está parado.;3;37;12;9;0;0;0;0;6;0;1;0;0;0;0;
1549;Lanzamiento del cazador;Wurf des Läufers;Ataque con lanza. Hace +5..20 de daño. +5..40 de daño extra si el enemigo objetivo se está moviendo.;3;37;12;9;0;10;.5;10;0;0;0;0;0;0;0;
1550;Lanzamiento imparable;Unblockbarer Wurf;Ataque con lanza. Hace +10..40 de daño. No se puede bloquear.;3;37;12;9;0;0;1;1;6;0;0;0;0;0;0;
1551;Lanza de relámpago;Speer des Blitzes;Ataque con lanza. Inflige +10..20 de daño de relámpago. 25 % de penetración de armadura. Golpea a todos los enemigos que haya entre tu objetivo y tú.;3;37;12;9;0;5;0;6;0;0;0;0;0;0;0;
1552;Lanza cansada;Ermüdender Speer;Ataque con lanza. Hace +10..40 de daño. Quedas debilitado (5 segundos).;3;37;12;9;0;0;0;0;3;0;0;0;0;0;0;
1553;Himno de furia;Hymne der Wut;Cántico de élite. (10 segundos). Los miembros del grupo al alcance del oído ganan 2..5 de adrenalina con su siguiente habilidad de ataque.;3;40;13;9;0;5;1;10;0;0;1;0;0;0;0;
1554;Himno lisiador;Verkrüppelungs-Hymne;Cántico de élite. (10 segundos). Los aliados al alcance del oído causan lisiadura (5..15 segundos) con su siguiente habilidad de ataque.;3;38;13;9;0;0;1;0;3;0;1;0;0;0;0;
1555;Himno defensivo;Verteidigungshymne;Cántico de élite. (4..10 segundos). Los miembros del grupo al alcance del oído tienen un 50% de probabilidades de bloquear. Acaba al usar con éxito una habilidad de ataque.;3;40;13;9;0;10;1;15;0;0;1;0;0;0;0;
1556;Bienandanza;Gute Reise;Grito. (5..20 segundos). Los aliados al alcance del oído se mueven un 25% más rápido si tienen un encantamiento.;3;38;20;9;0;10;0;30;0;0;0;0;0;0;0;
1557;Himno de fuego;Hymne der Flamme;Cántico. (10 segundos). Los miembros del grupo al alcance del oído causan quemadura (1..5 segundos) con su siguiente habilidad de ataque.;3;40;13;9;0;5;1;10;0;0;0;0;0;0;0;
1558;"¡A la yugular!";"Zielt auf die Augen!";Grito. (10 segundos). Los aliados al alcance del oído tienen +30..100% de probabilidades de hacer un golpe crítico con su siguiente ataque.;3;38;20;9;0;0;0;0;4;0;0;0;0;0;0;
1559;Himno de envidia;Hymne des Neids;Cántico. (10 segundos). Los aliados al alcance del oído hacen +10..25 de daño con su siguiente habilidad de ataque. El extra de daño sólo afecta a los enemigos con más del 50% de salud.;3;38;13;9;0;0;1;0;6;0;0;0;0;0;0;
1560;Canción de poder;Machtgesang;Cántico. (5..20 segundos). Los aliados al alcance del oído ganan +4 de regeneración de energía. Acaba al usar una habilidad.;3;39;13;9;0;15;1;30;0;0;0;0;0;0;0;
1561;Himno de celo;Eifrige Hymne;Cántico. (10 segundos). Los aliados al alcance del oído ganan 1..8 de energía con su siguiente habilidad de ataque.;3;39;13;9;0;10;1;10;0;0;0;0;0;0;0;
1562;Aria de celo;Arie des Eifers;Cántico. (10 segundos). Los aliados al alcance del oído ganan 1..6 de energía con su siguiente conjuro.;3;39;13;9;0;5;1;10;0;0;0;0;0;0;0;
1563;Lírica de celo;Lyrik des Eifers;Cántico. (10 segundos). Los aliados al alcance del oído ganan 1..8 de energía con su siguiente sello.;3;39;13;9;0;0;1;0;6;0;0;0;0;0;0;
1564;Balada de restauración;Ballade der Wiederherstellung;Cántico. (10 segundos). Los miembros del grupo al alcance del oído ganan 15..75 de salud la próxima vez que reciban daño.;3;39;13;9;0;10;1;10;0;0;0;0;0;0;0;
1565;Coro de restauración;Chor der Wiederherstellung;Cántico. (10 segundos). Los aliados al alcance del oído se curan 30..90 de salud con su siguiente grito o cántico.;3;39;13;9;0;0;1;5;4;0;0;0;0;0;0;
1566;Aria de restauración;Arie der Wiederherstellung;Cántico. (10 segundos). Los miembros del grupo al alcance del oído ganan 30..90 de salud con su siguiente conjuro.;3;39;13;9;0;10;1;10;0;0;0;0;0;0;0;
1567;Canción de concentración;Lied der Konzentration;Cántico. (10 segundos). A los aliados al alcance del oído no se les puede interrumpir su próxima habilidad.;3;-1;13;9;0;0;2;5;8;0;0;0;0;0;0;
1568;Himno de guía;Hymne der Führung;Cántico de élite. (10 segundos). A los miembros del grupo al alcance del oído no se les puede interrumpir su próxima habilidad de ataque.;3;38;13;9;0;0;1;0;2;0;1;0;0;0;0;
1569;Coro vitalizante;Energie bringender Chor;Cántico. (10 segundos). A los aliados al alcance del oído les cuesta 3..7 menos de energía su siguiente grito o cántico.;3;39;13;9;0;0;1;0;3;0;0;0;0;0;0;
1570;Canción de purificación;Lied der Läuterung;Cántico de élite. (20 segundos). Los aliados al alcance del oído pierden una condición con sus siguientes habilidades (1..6).;3;39;13;9;0;0;2;0;3;0;1;0;0;0;0;
1571;Aria rompemaleficios;Verhexungsbrech-Arie;Cántico. (10 segundos). Los aliados al alcance del oído pierden un maleficio con su siguiente conjuro.;3;-1;13;9;0;0;2;0;8;0;0;0;0;0;0;
1572;"¡Firme!";"Seid vorbereitet!";Grito. (5..15 segundos.) Evita el siguiente derribo y causa 15..75 de daño a todos los enemigos cercanos al aliado objetivo. No te puedes apuntar a ti mismo como objetivo.;3;38;20;9;0;5;0;4;0;0;0;0;0;0;0;
1573;Pavor;Ehrfurcht;Habilidad. Causa aturdimiento. (5..15 segundos). No tiene efecto si el objetivo no está derribado.;3;40;1;9;0;10;.75;10;0;0;0;0;0;0;0;
1574;Armonía duradera;Dauerhafte Harmonie;Eco. (10..35 segundos). Los cánticos y gritos duran un 50% más en el aliado objetivo. No se puede apuntar a un espíritu.;3;40;14;9;0;5;1;10;0;0;0;0;0;0;0;
1575;Cierre llameante;Loderndes Finale;Eco. (10..35 segundos). Causa quemadura (1..7 segundos) a los enemigos adyacentes cada vez que los efectos de un cántico o grito acaban en el objetivo (un aliado o tú mismo). No se puede apuntar a un espíritu.;3;40;14;9;0;5;1;8;0;0;0;0;0;0;0;
1576;Estribillo quemador;Brennender Refrain;Eco. (20 segundos). Causa quemadura (1..3 segundos) si el objetivo (un aliado o tú mismo) alcanza a un enemigo con más salud. Renovación: cada que vez que los efectos de un cántico o grito acaben en ese aliado. No se puede apuntar a un espíritu.;3;40;14;9;0;10;1;10;0;0;0;0;0;0;0;
1577;Cierre de restauración;Finale der Wiederherstellung;Eco. (10..35 segundos.) El aliado objetivo gana 15..75 de salud cada vez que los efectos de un cántico o grito le alcancen. No puedes apuntar a espíritus.;3;39;14;9;0;5;1;10;0;0;0;0;0;0;0;
1578;Estribillo sanador;Genesungsrefrain;Eco. (15 segundos). El objetivo (un aliado o tú mismo) tiene +2..3 de regeneración de salud. Renovación: cada vez que los efectos de un cántico o grito acaben en él.No se puede apuntar a un espíritu.;3;39;14;9;0;10;1;8;0;0;0;0;0;0;0;
1579;Cierre purificador;Reinigendes Finale;Eco. (10..35 segundos). El objetivo (un aliado o tú mismo) pierde una condición cada vez que los efectos de un cántico o grito acaben en él.No se puede apuntar a un espíritu.;3;39;14;9;0;5;.25;5;0;0;0;0;0;0;0;
1580;Estribillo afilado;Klingenumkehr-Refrain;Eco. (20 segundos.) El aliado objetivo tiene un 5..20% de posibilidades de bloquear ataques. Renovación: Cada vez que los efectos de un cántico o grito alcancen al aliado. No puedes apuntar a los espíritus.;3;38;14;9;0;5;1;8;0;0;0;0;0;0;0;
1581;Sello brillante;Glühendes Siegel;Sello. Ganas 5..15 de energía si el enemigo objetivo está ardiendo.;3;40;21;9;0;0;.25;15;0;0;0;0;0;0;0;
1583;Celo del líder;Eifer des Anführers;Habilidad. Ganas 2..4 de energía (máximo 8..12) por cada aliado cercano.;3;39;1;9;0;5;0;12;0;0;0;0;0;0;0;
1584;Comodidad del líder;Trost des Anführers;Habilidad. Ganas 30..75 de salud y 10..20 extra (máximo 140) por cada aliado al alcance del oído.;3;40;1;9;0;5;2;8;0;0;0;0;0;0;0;
1585;Sello de sinergia;Siegel der Synergie;Sello. Cura al aliado objetivo 40..100 de salud. Tú también te curas 40..100 si no tienes ningún encantamiento. No te puedes apuntar a ti mismo.;3;39;21;9;0;0;1;10;0;0;0;0;0;0;0;
1586;Protección angelical;Engelsschutz;Habilidad. (10 segundos). Cada segundo que el aliado objetivo reciba daño por encima de 250..80, ese aliado se cura esa cantidad. No te puedes apuntar a ti mismo.;3;40;1;9;0;5;0;30;0;0;0;0;0;0;0;
1587;Vínculo angelical;Engelsbindung;Habilidad de élite. (10 segundos). La próxima vez que un objetivo (un aliado o tú mismo) al alcance del oído reciba daño que podría ser letal, el daño es bloqueado y ese objetivo recupera 20..200 de salud. Acaba en los demás aliados.;3;40;1;9;0;5;1;15;0;0;1;0;0;0;0;
1588;Sello de cauterio;Siegel der Verätzung;Sello de élite. Los miembros del grupo pierden todas las condiciones. Empiezas a arder (un segundo por cada condición eliminada).;3;-1;21;9;0;0;2;15;0;0;1;0;0;0;0;
1589;"¡Mantente en guardia!";"Haltet Eure Stellung!";Grito. (5..20 segundos). Los miembros del grupo al alcance del oído ganan +24 de armadura si no se están moviendo.;3;38;20;9;0;10;0;20;0;0;0;0;0;0;0;
1590;"¡Lidera la marcha!";"Geht voran!";Grito. El aliado objetivo se mueve un 25% más deprisa durante 1..5 segundos (máximo 30 segundos) por cada aliado al alcance del oído.;3;40;20;9;0;5;0;8;0;0;0;0;0;0;0;
1591;"¡Rápido!";"Beeilt Euch!";Grito. (5..20 segundos). El aliado objetivo se mueven un 33% más deprisa. Acaba si el aliado hace un ataque. No te puedes apuntar a ti mismo.;3;38;20;9;0;5;0;10;0;0;0;0;0;0;0;
1592;"¡Volveremos!";"Wir kommen wieder!";Grito. Todos los miembros del grupo al alcance del oído resucitarán (25..50% de salud y 5..20% de energía).;3;38;20;9;0;25;0;30;0;0;0;0;0;0;0;
1593;"¡No te rindas!";"Gebt nicht auf!";Grito. Los aliados al alcance del oído ganan 1..10 de energía. Sólo afecta a los aliados por debajo del 75% de salud.;3;38;20;9;0;5;0;15;0;0;0;0;0;0;0;
1594;"¡Ayuda!";"Hilfe!";Grito. (1..10 segundos). El aliado no espíritu objetivo gana 15..90 de salud y los conjuros que te lancen los otros aliados se invocarán un 50 % más deprisa.;3;38;20;9;0;5;0;10;0;0;0;0;0;0;0;
1595;"¡Atrás!";"Zieht Euch zurück!";Grito. (4..10 segundos). Los aliados al alcance del oído ganan 5..15 de salud por segundo mientras se muevan y se mueven un 33% más deprisa. Los efectos acaban en un aliado cuando ataque con éxito.;3;38;20;9;0;10;0;20;0;0;0;0;0;0;0;
1596;"¡Que vienen!";"Schon unterwegs!";Grito de élite. (4..10 segundos.) Los aliados al alcance del oído se mueven un 33% más rápido y ganarán 5..15 de salud al moverse.;3;38;20;9;0;5;0;20;0;0;1;0;0;0;0;
1597;"¡Están ardiendo!";"Sie brennen!";Grito. (10 segundos). Los miembros del grupo al alcance del oído reciben 5..35% menos de daño de los enemigos ardiendo.;3;40;20;9;0;10;0;10;0;0;0;0;0;0;0;
1598;"¡Arriba!";"Ergebt Euch nicht!";Grito. (15 segundos). Los miembros del grupo al alcance del oído ganan +1..5 de regeneración de salud. Sólo afecta a los miembros del grupo por debajo del 75% de salud.;3;38;20;9;0;5;0;15;0;0;0;0;0;0;0;
1599;¡Es sólo un rasguño!;Es ist nur eine Fleischwunde.;Grito de élite. Elimina todas las condiciones del aliado objetivo. Ese aliado se mueve un 25% más deprisa (1..10 segundos) si se elimina una condición. No te puedes apuntar a ti mismo.;3;39;20;9;0;5;0;2;0;0;1;0;0;0;0;
1600;Lanza espinada;Stachelspeer;Ataque con lanza. Causa hemorragia (5..20 segundos).;3;37;12;9;0;0;0;0;2;0;0;0;0;0;0;
1601;Ataque malintencionado;Bösartiger Angriff;Ataque con lanza. Hace +5..20 de daño. Causa herida grave (5..15 segundos) con un golpe crítico.;3;37;12;9;0;5;0;8;0;0;0;0;0;0;0;
1602;Golpe abrumador;Betäubender Schlag;Ataque con lanza de élite. Hace +10..50 de daño. Causa aturdimiento (4..10 segundos) si el enemigo objetivo tiene alguna condición.;3;37;12;9;0;0;0;0;8;0;1;0;0;0;0;
1603;Lanza despiadada;Unbarmherziger Speer;Ataque con lanza. Causa herida grave (5..20 segundos). No tiene efecto a menos que el objetivo tenga menos del 50% de salud.;3;37;12;9;0;0;0;0;6;0;0;0;0;0;0;
1604;Lanzamiento desbaratador;Unterbrechender Wurf;Ataque con lanza. Interrumpe las acciones. No tiene efecto a menos que el enemigo objetivo tenga un condición.;3;37;12;9;0;5;.5;10;0;0;0;0;0;0;0;
1605;Lanzamiento salvaje;Wilder Wurf;Ataque con lanza. Hace +5..20 de daño. No se puede bloquear. Elimina la actitud del objetivo.Desactiva todas tus habilidades que no sean ataques con lanza durante 3 segundos.;3;37;12;9;0;0;0;0;7;0;0;0;0;0;0;
1633;Golpe malicioso;Böswilliger Stoß;Ataque cuerpo a cuerpo. Si el enemigo objetivo tiene una condición, este ataque hace +10..30 de daño y es golpe crítico.;3;35;3;7;0;5;0;6;0;0;0;0;0;0;0;
1634;Asalto destructivo;Vernichtender Angriff;Ataque doble de élite. Hace 5..50 de daño. Elimina un encantamiento. No se puede bloquear. Debe ir precedido de un ataque complementario.;3;35;7;7;0;10;0;6;0;0;1;0;0;0;0;
1635;Golpe del cráneo dorado;Goldener Schädel-Stoß;Ataque complementario de élite. Causa aturdimiento. (1..12 segundos). No tiene efecto a menos que tengas algún encantamiento.;3;29;6;7;0;10;0;15;0;0;1;0;0;0;0;
1636;Golpe de la araña negra;Schwarzer Spinnen-Stoß;Ataque complementario. Hace +5..20 de daño. Causa envenenamiento (5..20 segundos). Debe golpear a un enemigo con maleficio.;3;29;6;7;0;5;0;8;0;0;0;0;0;0;0;
1637;Golpe del zorro dorado;Goldener Fuchs-Stoß;Ataque inicial. Hace +10..30 de daño. No se puede bloquear si tienes un encantamiento.;3;29;5;7;0;5;0;4;0;0;0;0;0;0;0;
1638;Prisa mortal;Tödliche Eile;Conjuro con encantamiento. (10..35 segundos). Tus conjuros de alcance medio se lanzan y se recargan un 5..50% y un 5..60% más deprisa respectivamente.;3;35;23;7;0;5;1;20;0;0;0;0;0;0;0;
1639;Remedio del Asesino;Mittel des Assassinen;Conjuro con encantamiento. (30 segundos). Tus siguientes habilidades de ataque (1..10) eliminan una condición cada una.;3;35;23;7;0;5;1;20;0;0;0;0;0;0;0;
1640;Promesa del zorro;Versprechen des Fuchses;Conjuro con encantamiento de élite. (5..20 segundos). Tus ataques con dagas no se pueden bloquear. Acaba la próxima vez que falles.;3;29;23;7;0;10;1;20;0;0;1;0;0;0;0;
1641;Neutralidad fingida;Vorgetäuschte Neutralität;Conjuro con encantamiento. (4..10 segundos). Tienes +7 de regeneración de salud y +80 de armadura. Acaba si atacas con éxito o usas una habilidad.;3;31;23;7;0;5;.25;25;0;0;0;0;0;0;0;
1642;Cebos escondidos;Versteckte Trittnägel;Conjuro con maleficio de élite. (1..10 segundos). Causa una reducción del 50% en el movimiento. Efecto final: causa lisiadura (1..15 segundos). Tus habilidades que no sean de Asesino se desactivan (10 segundos).;3;31;24;7;0;5;1;12;0;0;1;0;0;0;0;
1643;Asaltaencantamientos;Verzauberungen angreifen;Habilidad de élite. Elimina todos los encantamientos. Debe ir precedido de un ataque doble.;3;-1;1;7;0;5;.25;8;0;0;1;0;0;0;0;
1644;Colapso del derrochador;Verfall des Verschwenders;Habilidad de élite. Das un paso sombrío hasta el enemigo objetivo. Causa derribo si éste no estaba usando ninguna habilidad. Desactiva todas tus habilidades de ataque que no sean para daga (10 segundos).;3;-1;1;7;0;5;.25;20;0;0;1;0;0;0;0;
1645;Saquear encantamiento;Verzauberung lösen;Habilidad de toque. Elimina un encantamiento. No tiene efecto si el enemigo objetivo no está derribado.;3;-1;1;7;0;5;.25;10;0;0;0;0;0;0;0;
1646;Augurio de muerte;Todesomen;Conjuro con maleficio con mitad de alcance. (5..35 segundos). Causa herida grave (5..20 segundos) y das un paso sombrío hasta el enemigo objetivo la próxima vez que un ataque le deje con menos del 50% de salud.;3;30;24;7;0;5;1;20;0;0;0;0;0;0;0;
1647;Sello del shock tóxico;Siegel des toxischen Schocks;Sello. Hace 10..100 de daño. No tiene efecto si el enemigo objetivo no está envenenado.;3;30;21;7;0;0;1;15;0;0;0;0;0;0;0;
1648;Sello de la penumbra;Siegel des Zwielichts;Sello. Elimina un encantamiento por cada maleficio que tenga el enemigo objetivo.;3;-1;21;7;0;0;1;20;0;0;0;0;0;0;0;
1649;Camino del Asesino;Weg des Assassinen;Actitud de élite. (20 segundos). Mientras lleves dagas, atacas un 5..20% más deprisa y tienes +5..35% de probabilidades de dar un golpe crítico.;3;35;29;7;0;5;0;12;0;0;1;0;0;0;0;
1650;Paseo sombrío;Schattenmarsch;Actitud. (15 segundos). Das un paso sombrío hasta el enemigo objetivo. Efecto final: regresas a tu ubicación original. Deshabilita tus habilidades de ataque durante 1 segundo. Deshabilita tus encantamientos y actitudes durante 10 segundos.;3;-1;29;7;0;5;0;30;0;0;0;0;0;0;0;
1651;Retirada mortal;Rückzug des Todes;Conjuro. Ganas 40..130 de salud si tienes menos que el aliado objetivo. Efecto inicial: das un paso sombrío hasta ese aliado. No te puedes apuntar a ti mismo.;3;31;22;7;0;5;.25;20;0;0;0;0;0;0;0;
1652;Cárcel sombría;Schattengefängnis;Conjuro con maleficio de élite. Das un paso sombrío hasta el enemigo objetivo. Éste se mueve un 66% más lento (1..7 segundos).;3;30;24;7;0;5;.25;15;0;0;1;0;0;0;0;
1653;Intercambio;Tauschen;Conjuro. Tú y la criatura invocada objetivo intercambiáis vuestra posición dando un paso sombrío.;3;-1;22;7;0;5;.25;10;0;0;0;0;0;0;0;
1654;Mezcla sombría;Schattenverschmelzung;Conjuro con encantamiento de élite. Das un paso sombrío hasta el aliado objetivo. Efecto final: vuelves a tu ubicación original. No te puedes apuntar a ti mismo.;3;-1;23;7;-1;5;.25;10;0;0;1;0;0;0;0;
1655;Precio del orgullo;Preis des Stolzes;Conjuro con maleficio. (5 segundos). Hace perder 3..15 de energía la próxima vez que el enemigo objetivo use una habilidad de élite.;3;2;24;5;0;5;1;8;0;0;0;0;0;0;0;
1656;Aire de desencantamiento;Flair der Entzauberung;Conjuro con maleficio de élite. También afecta a los enemigos cercanos al objetivo (5..20 segundos). Elimina un encantamiento del objetivo y los enemigos cercanos. Los encantamientos que tengan acaban un 150..300% antes.;3;1;24;5;0;10;1;10;0;0;1;0;0;0;0;
1657;Sello de torpeza;Siegel der Unbeholfenheit;Sello. Interrumpe un ataque del enemigo objetivo y los enemigos adyacentes a él. Efecto de interrupción: hace 15..60 de daño. derriba a los enemigos usando habilidades de ataque.;3;1;21;5;0;0;.25;8;0;0;0;0;0;0;0;
1658;Postura simbólica;Symbolische Haltung;Actitud. (5..20 segundos). Tu siguiente sello se recarga un 20..80% más rápido.;3;0;29;5;0;10;0;20;0;0;0;0;0;0;0;
1659;Frío tóxico;Toxische Kälte;Conjuro de élite. Hace 15..75 de daño frío. Causa envenenamiento (10..25 segundos) si el enemigo objetivo tiene un maleficio o un encantamiento.;3;5;22;4;0;5;1;5;0;0;1;0;0;0;0;
1660;Pozo de silencio;Brunnen der Stille;Conjuro de pozo. (10..30 segundos). Los enemigos en este pozo no pueden usar gritos ni cánticos, y sufren -1..4 de degeneración de salud. Explotas un cadáver reciente o sacrificas un 66 % de salud.;3;7;28;4;0;10;1;20;0;0;0;0;0;0;0;
1661;Piedra brillante;Leuchtstein;Conjuro. Proyectil: causa 5..50 de daño de tierra. Ganas 5 de energía más 1 de energía por cada 2 rangos de almacenamiento de energía si el enemigo objetivo está debilitado.;3;9;22;6;0;5;.75;7;0;0;0;0;0;0;0;
1662;Maldición mental;Geistige Explosion;Conjuro de élite. Hace 15..60 de daño de fuego. Si tienes más energía que el enemigo objetivo, ganas 1..8 de energía.;3;10;22;6;0;5;1;2;0;0;1;0;0;0;0;
1663;Llama elemental;Elementare Flamme;Conjuro con encantamiento. (10..35 segundos.) Causa quemadura (1..5 segundos) cuando se lanza un maleficio elemental al objetivo.;3;10;23;6;0;10;1;30;0;0;0;0;0;0;0;
1664;Relámpago invocado;Blitz herbeirufen;Conjuro de élite. Causa 10..90 de daño de relámpago. Golpea a dos enemigos cerca del objetivo. 25% de penetración de armadura.;3;8;22;6;0;10;1;6;0;0;1;0;5;0;0;
1683;Guardián meditabundo;Nachdenklicher Wächter;Conjuro con encantamiento. (5..11 segundos). 50% de probabilidades de bloquear a enemigos encantados.;3;15;23;3;0;5;1;5;0;0;0;0;0;0;0;
1684;Perspicacia del escriba;Einblick des Schreibers;Conjuro con encantamiento de élite. (10..35 segundos). Ganas 3 de energía cada vez que uses un sello.;3;16;23;3;0;5;.25;20;0;0;1;0;0;0;0;
1685;Rapidez sagrada;Heilige Eile;Conjuro con encantamiento. (1..60 segundos). Tus conjuros de plegarias curativas se lanzan un 50% más deprisa. Acaba si usas un encantamiento.;3;16;23;3;0;5;1;10;0;0;0;0;0;0;0;
1686;Atisbo de luz;Lichtschimmer;Conjuro de élite. Cura 10..115 de salud.;3;13;22;3;0;5;.25;1;0;0;1;0;0;0;0;
1687;Bendición de celo;Eifrige Segnung;Conjuro de élite. Cura 30..180 de salud. Ganas 7 de energía si el objetivo (un aliado o tú mismo) estaba por debajo del 50% de salud.;3;15;22;3;0;10;.75;4;0;0;1;0;0;0;0;
1688;Celo del defensor;Eifer des Verteidigers;Conjuro con maleficio de élite. (10..30 segundos). Ganas 2 de energía siempre que el enemigo objetivo consiga hacer un ataque.;3;14;24;3;0;5;1;5;0;0;1;0;0;0;0;
1689;Sello de ira mística;Siegel des mystischen Zorns;Sello. Hace 25 de daño sagrado por cada encantamiento que tengas (máximo 30..120 de daño sagrado).;3;14;21;3;0;0;2;20;0;0;0;0;0;0;0;
1690;Sello de eliminación;Siegel der Entfernung;Sello de élite. Elimina un maleficio y una condición. No tiene efecto a menos que el objetivo (un aliado o tú mismo) tenga un encantamiento.;3;-1;21;3;0;0;.25;5;0;0;1;0;0;0;0;
1691;Terminar condición;Zustand aufheben;Conjuro. Elimina una condición. Cura 15..75 de salud si el objetivo (un aliado o tú mismo) tiene un encantamiento.;3;15;22;3;0;5;.75;3;0;0;0;0;0;0;0;
1692;Desviar maleficios;Verhexungen umleiten;Conjuro de élite. Elimina 1..3 maleficios. Por cada uno eliminado, el objetivo (un aliado o tú mismo) pierde una condición y gana 15..75 de salud.;3;15;22;3;0;5;.75;8;0;0;1;0;0;0;0;
1693;Contraataque;Gegenangriff;Ataque cuerpo a cuerpo. Hace +5..35 de daño. Ganas 2..6 de energía si el enemigo objetivo está atacando.;3;17;3;1;0;5;0;6;0;0;0;0;0;0;0;
1694;Golpe antihechizos;Magierschlag;Ataque cuerpo a cuerpo de élite. Hace +7..25 de daño. No se puede bloquear si el enemigo objetivo tiene un encantamiento.;3;17;3;1;0;5;.5;3;0;0;1;0;0;0;0;
1695;Golpe del soldado;Soldatenstoß;Ataque cuerpo a cuerpo. Hace +10..40 de daño. No se puede bloquear si estás bajo los efectos de un cántico o grito.;3;21;3;1;0;5;0;4;0;0;0;0;0;0;0;
1696;Decapitación;Köpfen;Ataque con hacha de élite. Deals +5..80 damage. Inflicts Deep Wound condition (5..20 seconds). Automatic critical hit. If foe is killed, nearby foes are Weakened (8 seconds). You lose all adrenaline and Energy.;3;18;4;1;0;0;0;0;7;0;1;0;0;0;0;
1697;Golpe del cazamagos;Magiejägerschmetterer;Ataque con martillo de élite. Causa derribo. No se puede bloquear si el enemigo objetivo tiene un encantamiento.;3;19;8;1;0;0;0;0;8;0;1;0;0;0;0;
1698;Actitud del soldado;Soldaten-Haltung;Actitud de élite. (5..15 segundos). Tienes un 75% de probabilidades de bloquear. Atacas un 33% más deprisa si estás bajo los efectos de un grito o cántico.;3;21;29;1;0;5;0;15;0;0;1;0;0;0;0;
1699;Defensa del soldado;Soldaten-Verteidigung;Actitud. (1..6 segundos). Tienes un 75% de probabilidades de bloquear si estás bajo los efectos de un grito o cántico. Efecto al bloquear: ganas 1 de adrenalina.;3;21;29;1;0;5;0;15;0;0;0;0;0;0;0;
1700;Defensa frenética;Fieberhafte Verteidigung;Actitud. (8 segundos). Tienes un 75% de probabilidades de bloquear. Recibes el doble de daño.;3;-1;29;1;0;5;0;10;0;0;0;0;0;0;0;
1701;Actitud firme;Ruhige Haltung;Actitud de élite. (10 segundos). La próxima vez que deberías ser derribado, ganas 1..4 de adrenalina y 1..7 de energía.;3;21;29;1;0;5;0;4;0;0;1;0;0;0;0;
1702;Golpe de los colmillos de acero;Hieb des stählernen Fangzahns;Ataque con espada. Hace +1..31 de daño. Ganas 1..5 de adrenalina si el enemigo objetivo está derribado.;3;20;10;1;0;0;0;1;7;0;0;0;0;0;0;
1719;Disparo estridente;Schreischuss;Ataque con arco. Hace +10..25 de daño. Causa hemorragia (5..20 segundos) si el enemigo objetivo está al alcance del oído.;3;25;2;2;0;10;0;8;0;0;0;0;0;0;0;
1720;Flecha afilada;Scharfer Pfeil;Ataque con arco. Hace +5..20 de daño. +5..25 de daño extra si das un golpe crítico.;3;25;2;2;0;5;0;6;0;0;0;0;0;0;0;
1721;Violencia al unísono;Gemeinsam toben;Habilidad de élite. (3..15 segundos). Tú y tu mascota atacáis un 33% más deprisa y os movéis un 25% más rápido. No tiene efecto a menos que la mascota esté viva.;3;22;1;2;0;25;0;10;0;0;1;0;0;0;0;
1722;Flecha ahorquillada;Gegabelter Pfeil;Ataque con arco. Disparas dos flechas simultáneamente. Sólo disparas una flecha si estás bajo los efectos de un maleficio o un encantamiento.;3;-1;2;2;0;10;0;5;0;0;0;0;0;0;0;
1723;Precisión interruptora;Unterbrechende Genauigkeit;Preparación["Preparaciones"]. (36 segundos). Interrumpe una acción siempre que tus flechas hagan un golpe crítico.;3;25;17;2;0;5;2;12;0;0;0;0;0;0;0;
1724;Destreza del experto;Gewandtheit des Profis;Actitud de élite. (1..20 segundos). Atacas un 33% más deprisa y ganas +2 en tu atributo puntería.;3;23;29;2;0;5;0;20;0;0;1;0;0;0;0;
1725;Vientos ruidosos;Tosender Wind;Ritual de la naturaleza. Creas un espíritu de nivel 1..10 (30..180 segundos de vida). A las criaturas de la zona les cuesta 1..5 de energía usar cánticos y gritos.;3;24;19;2;0;10;2;60;0;0;0;0;0;0;0;
1726;Disparo antimagos;Verderben des Magiers-Schuss;Ataque con arco de élite. Interrumpe una acción. Efecto: la habilidad interrumpida queda desactivada durante +10 segundos. No se puede bloquear.;3;-1;2;2;0;10;.5;5;0;0;1;0;0;0;0;
1727;Zancada natural;Natürlicher Schwung;Actitud. (1..8 segundos). Te mueves un 33% más deprisa y tienes un 33% de probabilidades de bloquear. Acaba si recibes un maleficio o un encantamiento.;3;24;29;2;0;5;0;12;0;0;0;0;0;0;0;
1728;Violencia del heket;Heket-Toben;Actitud. (5..11 segundos). Atacas un 33% más deprisa. Acaba si usas una habilidad.;3;22;29;2;0;5;0;10;0;0;0;0;0;0;0;
1729;Trampa de humo;Rauchfalle;Trampa de élite. (90 segundos). Causa ceguera y aturdimiento (5..10 segundos) a los enemigos de la zona. Se puede interrumpir con facilidad.;3;24;30;2;0;10;2;15;0;0;1;0;0;0;0;
1730;Calor indignante;Irritierende Hitze;Ritual de la naturaleza de élite. Crea un espíritu de nivel 1..10 (30..120 segundos de vida). Las criaturas de la zona ganan el doble de adrenalina.;3;23;19;2;0;5;2;15;0;0;1;0;0;0;0;
1731;Elocuente sea Sogolon;Lautstark war Sogolon;Conjuro con objeto. (60 segundos). Los gritos y cánticos que uses duran un 20..50% más.;3;33;25;8;0;10;1;30;0;0;0;0;0;0;0;
1732;Destructora sea Glaive;Vernichtend war Glaive;Conjuro con objeto de élite. (30..60 segundos). Tus habilidades de Ritualista tienen un 20% de penetración de armadura. Efecto al soltarse: hace 15..85 de daño de relámpago a los enemigos de la zona.;3;34;25;8;0;5;.75;5;0;0;1;0;0;0;0;
1733;Golpe del atacante;Stoß des Ausübers;Conjuro. Hace 10..60 de daño de relámpago. 10..50 de daño de relámpago extra si tienes un conjuro con arma.;3;34;22;8;0;5;1;6;0;0;0;0;0;0;0;
1734;Mirada de furia;Wütendes Starren;Ritual con espíritus. Destruye un espíritu. Creas un espíritu de nivel 1..14 (30..60 segundos de vida). Sus ataques hacen 5..20 de daño.;3;34;18;8;0;10;.75;20;0;0;0;0;0;0;0;
1736;Fuerza espiritual;Geistesstärke;Conjuro con encantamiento de élite. (15..60 segundos). Tus ataques hacen +5..35 de daño si tienes un conjuro con arma.;3;36;23;8;0;5;1;20;0;0;1;0;0;0;0;
1737;Celo del atacante;Eifer des Ausübers;Conjuro con encantamiento de élite. (10..40 segundos). Ganas 1..5 de energía cuando lances un conjuro con arma.;3;36;23;8;0;5;1;10;0;0;1;0;0;0;0;
1738;Visión del más allá;Sicht jenseits der Sicht;Conjuro con encantamiento. (8..20 segundos). Eres inmune a la ceguera.;3;36;23;8;0;5;.25;15;0;0;0;0;0;0;0;
1739;Recuerdos renovadores;Erneuernde Erinnerungen;Conjuro con encantamiento. (5..20 segundos). Tus conjuros con armas y objetos consumen un 5..35% menos de energía. No tiene efecto si no estás llevando algún objeto.;3;36;23;8;0;5;1;20;0;0;0;0;0;0;0;
1740;Remedio del atacante;Mittel des Ausübers;Conjuro con encantamiento. (10..30 segundos). Cada vez que lances un conjuro de arma, el aliado objetivo pierde 2 condiciones.;3;36;23;8;0;3;1;10;0;0;0;0;0;0;0;
1741;Luz de espejo fantasmal;Geisterspiegel-Licht;Conjuro. Cura 15..90 de salud. Ganas 15..90 de salud si hay algún espíritu al alcance del oído. No te puedes apuntar a ti mismo.;3;33;22;8;0;5;1;3;0;0;0;0;0;0;0;
1742;Sello de poder fantasmal;Siegel der Macht der Geister;Sello de élite. (5..20 segundos). Todos los espíritus al alcance del oído que controles atacan un 33% más rápido y hacen +5..10 de daño.;3;32;21;8;0;0;1;15;0;0;1;0;0;0;0;
1743;Sello de encadenamiento;Siegel der Bindung;Sello. Pierdes 200..50 de salud. Asumes el control del espíritu objetivo controlado por el enemigo. 50% de posibilidades de fallar a menos que tengas engendramiento 5 o superior.;3;36;21;8;0;0;2;15;0;0;0;0;0;0;0;
1744;Carga del cuidador;Angriff des Verwalters;Conjuro de élite. Hace 20..85 de daño de relámpago. Ganas 7 de energía y 5..50 de salud si llevas algún objeto.;3;34;22;8;0;5;1;4;0;0;1;0;0;0;0;
1745;Angustia;Qual;Ritual con espíritus. Creas un espíritu de nivel 1..11 (15..45 segundos de vida). Sus ataques hacen 5..20 de daño. Doble de daño a los enemigos con maleficio.;3;32;18;8;0;15;.75;45;0;0;0;0;0;0;0;
1747;Fortalecimiento;Ermächtigung;Ritual con espíritus. Crea un espíritu de nivel 1..14 (15..60 segundos de vida). Los aliados dentro de su radio que lleven un objeto ganan 15..45 de salud máxima y 10 de energía máxima.;3;36;18;8;0;5;.75;30;0;0;0;0;0;0;0;
1748;Mejoría;Gesundung;Ritual con espíritus. Crea un espíritu de nivel 1..14 (30..60 segundos de vida). Las condiciones que tengan los aliados de la zona duran un 20..50% menos.;3;33;18;8;0;15;.75;30;0;0;0;0;0;0;0;
1749;Arma de furia;Waffe der Wut;Conjuro con arma de élite. (5..20 segundos). Ganas un 100% más de adrenalina y +1 de energía cada vez que el objetivo (un aliado o tú mismo) consiga hacer un ataque.;3;34;27;8;0;5;1;8;0;0;1;0;0;0;0;
1750;Arma de Xinrae;Xinraes Waffe;Conjuro con arma de élite. (8 segundos). La siguiente vez que el objetivo (un aliado o tú mismo) reciba daño de un enemigo, éste se reduce al 5% de la salud máxima del objetivo, que roba además 20..80 de salud del enemigo.;3;33;27;8;0;5;.25;3;0;0;1;0;0;0;0;
1751;Arma del militar;Waffe des Kriegshetzers;Conjuro con arma. (3..13 segundos). Los ataques interrumpen una acción. No interrumpe a los enemigos atacando.;3;34;27;8;0;10;1;30;0;0;0;0;0;0;0;
1752;Arma de remedio;Waffe der Behebung;Conjuro con arma de élite. (8 segundos). La próxima vez que el objetivo aliado reciba daño o pierda vida debido al ataque de un enemigo, el aliado le robará 20..80 de salud al enemigo y perderá 2 condiciones.;3;33;27;8;0;3;.25;3;0;0;1;0;0;0;0;
1753;Barrido desgarrador;Zerreißender Schwung;Ataque con guadaña. Hace +5..20 de daño. Pierdes un encantamiento de Derviche. Efecto de eliminación: los enemigos que golpeas pierden un encantamiento.;3;41;9;10;0;0;0;0;6;0;0;0;0;0;0;
1754;Acometida;Attacke;Conjuro con encantamiento de destello de élite. (3..15 segundos). Atacas, te mueves y acumulas adrenalina un 25% más rápido.;3;42;33;10;0;10;0;10;0;0;1;0;0;0;0;
1755;Corrupción mística;Mystische Verdorbenheit;Conjuro con encantamiento de destello. (20 segundos). Efecto inicial: todos los enemigos cercanos sufren enfermedad (1..10 segundos). Si ya estás encantado, la duración se dobla. Efecto final: los miembros del grupo al alcance del oído pierden la enfermedad.;3;44;33;10;0;5;0;10;0;0;0;0;0;0;0;
1756;Garra de Grenth;Grenths Griff;Conjuro con encantamiento de destello de élite. (20 seconds.) Inflict Cripple (1..11 seconds) with your attack skills and transfer 1..3 conditions.;3;42;33;10;0;5;0;10;0;0;1;0;0;0;0;
1757;Velo de espinas;Dornenschleier;Conjuro con encantamiento de destello. (5..25 segundos). El daño que recibas de los conjuros se reduce un 5..35%. Efecto inicial: todos los enemigos cercanos reciben 5..50 de daño perforante.;3;43;33;10;0;10;0;15;0;0;0;0;0;0;0;
1758;Garra del hostigador;Griff des Läufers;Conjuro con encantamiento de destello. (5..20 segundos). Los ataques a los enemigos en movimiento los dejan lisiados. Efecto inicial: pierdes la lisiadura y otra condición más. Termina después de causar lisiadura 1..3 veces.;3;42;33;10;0;10;0;15;0;0;0;0;0;0;0;
1759;Voto de fuerza;Gelübde der Stärke;Conjuro con encantamiento de élite. (15 segundos). Los ataques con guadaña hacen 10..25 de daño cortante a todos los enemigos adyacentes.;3;43;23;10;0;5;.25;20;0;0;1;0;0;0;0;
1760;Aura de polvo de ébano;Ebon-Staubaura;Conjuro con encantamiento de destello de élite. (30 segundos). Haces +3..30 de daño de tierra con tus ataques cuerpo a cuerpo. Efecto inicial: los enemigos cercanos se quedan ciego durante 1..7 segundos. Efecto final: quita la ceguera. No surte efecto si no llevas un arma de tierra.;3;43;33;10;0;10;0;20;0;0;1;0;0;0;0;
1761;Voto de celo;Eifriges Gelübde;Conjuro con encantamiento de élite. (20 segundos). Ganas 1..6 de energía cada vez que ataques con éxito. Tienes -2 de regeneración de energía.;3;42;23;10;0;5;.25;12;0;0;1;0;0;0;0;
1762;Corazón de furia;Herz der Wut;Actitud. (2..10 segundos). Atacas un 25% más rápido.;3;44;29;10;0;0;0;0;3.2;0;0;0;0;0;0;
1763;Renovación de celo;Eifrige Erneuerung;Conjuro con encantamiento de destello. (5..25 segundos). Efecto inicial: hace 5..30 de daño sagrado a los enemigos cercanos. Tienes -1 de regeneración de energía y ganas 1 de energía cada vez que golpeas a un enemigo. Gana 1..5 de energía si este encantamiento termina prematuramente.;3;44;33;10;0;5;0;10;0;0;0;0;0;0;0;
1764;Perspicacia del atacante;Einblick des Angreifers;Conjuro con encantamiento de destello. (3..10 segundos). Tienes 50% de probabilidades de bloquear mientras atacas. Efecto final: causa debilidad durante 3..15 segundos a los enemigos adyacentes.;3;42;33;10;0;10;0;10;0;0;0;0;0;0;0;
1765;Aura desgarradora;Zerreißende Aura;Conjuro con encantamiento de destello. (30 segundos). Tus habilidades de ataque quitan encantamientos a los enemigos derribados. Efecto inicial: hace 10..40 de daño de frío a todos los enemigos cercanos. Efecto final: los enemigos cercanos tienen la armadura rota durante 1..10 segundos.;3;42;33;10;0;10;0;10;0;0;0;0;0;0;0;
1766;Gracia del pie con plumas;Anmut des Federfußes;Conjuro con encantamiento. (5..20 segundos). Te mueves un 25% más rápido y las condiciones desaparecen un 50% antes.;3;42;23;10;0;10;.25;15;0;0;0;0;0;0;0;
1767;Barrido del segador;Schwung des Schnitters;Ataque con guadaña de élite. (3..15 segundos.) Causa lisiadura. Pierdes un encantamiento de Derviche. Efecto de eliminación: causa derribo durante 2..3 segundos.;3;41;9;10;0;0;0;0;7;0;1;0;0;0;0;
1768;Rapidez del hostigador;Eile des Läufers;Conjuro con encantamiento de destello. (2..8 segundos). Te mueves un 25% más rápido y haces +3..12 de daño a los enemigos en movimiento.;3;42;33;10;0;10;0;10;0;0;0;0;0;0;0;
1769;Enfado dirigido;Konzentrierter Zorn;Habilidad de élite. (45 segundos). Ganas un 0..150% más de adrenalina.;3;40;1;9;0;10;0;45;0;0;1;0;0;0;0;
1770;Temperamento natural;Natürliche Laune;Habilidad. (4..15 segundos). Ganas un 33% más de adrenalina. No tiene efecto si no tienes un encantamiento.;3;40;1;9;0;0;0;0;3;0;0;0;0;0;0;
1771;Canción de la restauración;Gesang der Wiederherstellung;Cántico de élite. (10 segundos). Los miembros del grupo al alcance del oído ganan 45..110 de salud con su siguiente habilidad.;3;39;13;9;0;10;1;10;0;0;1;0;0;0;0;
1772;Lírica de purificación;Lyrik der Läuterung;Cántico. (5..20 segundos). Los aliados al alcance del oído pierden una condición con su siguiente sello.;3;39;13;9;0;5;1;10;0;0;0;0;0;0;0;
1773;Furia del soldado;Wut des Soldaten;Eco de élite. (10..35 segundos). Atacas un 33% más deprisa y ganas 33% de adrenalina si estás bajo los efectos de un grito o cántico. Tienes -20 de armadura.;3;40;14;9;0;5;1;5;0;0;1;0;0;0;0;
1774;Estribillo agresivo;Aggressiver Refrain;Eco. (5..25 segundos). Atacas un 25% más rápido. Renovación: cada vez que los efectos de un cántico o grito acaben. Tienes -20 de armadura.;3;40;14;9;0;15;1;20;0;0;0;0;0;0;0;
1775;Final vigorizante;Energie bringendes Finale;Eco. (10..35 segundos). El objetivo (un aliado o tú mismo) gana 1..2 de energía cada vez que los efectos de un cántico o grito acaben en él.No se puede apuntar a un espíritu.;3;39;14;9;0;10;1;5;0;0;0;0;0;0;0;
1776;Sello de agresión;Siegel der Aggression;Sello. Ganas 2 de adrenalina si estás bajo los efectos de un cántico o grito.;3;-1;21;9;0;0;1;5;0;0;0;0;0;0;0;
1777;Sello del remedio;Heilmittel-Siegel;Sello. Pierdes una condición.;3;-1;21;9;0;0;1;4;0;0;0;0;0;0;0;
1778;Sello del retorno;Siegel der Wiederkehr;Sello. Resucita al aliado objetivo (5..20% de salud y 1..4% de energía por cada miembro del grupo al alcance del oído).;3;40;21;9;0;0;4;5;0;0;0;0;0;0;0;
1779;"¡Esta es la nuestra!";"Nehmt Euch Zeit!";Grito. Ganas 2 de adrenalina (máximo 1..8) por cada miembro del grupo al alcance del oído.;3;40;20;9;0;10;0;10;0;0;0;0;0;0;0;
1780;"¡No nos toquéis!";"Darf nicht angerührt werden!";Grito. (20 segundos.) Las siguientes habilidads de toque 1..5 contra ti fallarán.;3;38;20;9;0;5;0;10;0;0;0;0;0;0;0;
1781;"¡A por su punto débil!";"Findet ihren Schwachpunkt!";Grito. (5..20 segundos.) El aliado objetivo causará causa +5..50 de daño y hará una herida grave (5..20 segundos) con el siguiente ataque.;3;38;20;9;0;10;0;15;0;0;0;0;0;0;0;
1782;"¡El poder es vuestro!";"Die Macht ist Euer!";Grito de élite. (2..4 segundos). Todos los aliados al alcance del oído ganan +1..2 de regeneración de energía.;3;39;20;9;0;0;0;0;4;0;1;0;0;0;0;
1783;Lanza del homicida;Speer des Würgers;Ataque con lanza. Hace +5..25 de daño. Causa herida grave (5..20 segundos) si el enemigo objetivo tiene más salud que tú.;3;37;12;9;0;10;0;4;0;0;0;0;0;0;0;
1784;Jabalina ligera;Schneller Speer;Ataque con lanza. Hace +5..20 de daño. Esta lanza vuela el doble de rápido y no se puede bloquear si tienes un encantamiento.;3;37;12;9;0;5;0;10;0;0;0;0;0;0;0;
1814;Mirada del Iluminador;Blick des Lichtbringers;Habilidad. Haces 100 de daño sagrado al demonio de Abaddon objetivo y le interrumpes. Alcanza a un enemigo adicional en la zona por cada rango de Iluminador que hayas conseguido. Esta habilidad queda desactivada (15 segundos).;3;-3;1;0;0;5;1;15;0;0;0;1;0;0;0;
1815;Sello del Iluminador;Lichtbringer-Siegel;Sello. Ganas 3..5 de adrenalina y 16..24 de energía si estás dentro de la zona de un demonio de Abaddon.;3;-3;21;0;0;0;.25;25;0;0;0;1;0;0;0;
1816;Sello de renacimiento de los Lanceros;Sonnenspeer-Wiedergeburtssiegel;Sello. Resucitas al miembro del grupo objetivo en tu posición (toda la salud y 10% de energía por cada rango de Lancero que hayas conseguido). Este sello sólo volverá a estar activado cuando consigas un aumento de moral.;3;-2;21;0;0;0;3;0;0;0;0;1;0;0;0;
1948;Santuario sombrío;Schattenzuflucht (Luxon);Conjuro con encantamiento. (10 segundos). Ganas +7..10 de regeneración de salud y +40 de armadura. Sufres ceguera (5 segundos).;2;-4;23;7;0;5;.25;30;0;0;0;1;0;0;0;
1949;Pesadilla de éter;Äther-Alptraum (Luxon);Conjuro con maleficio. Hace perder 5..8 de energía. El enemigo objetivo y los de la zona tienen -1 de degeneración de salud por cada punto de energía perdido (10 segundos).;2;-4;24;5;0;10;3;25;0;0;0;1;0;0;0;
1950;Sello de corrupción;Siegel der Verdorbenheit (Luxon);Sello. Hace 20..30 de daño al enemigo objetivo y los cercanos. Ganas 2 de energía (máximo 12..20) por cada uno de esos enemigos que tenga una condición o maleficio.;2;-4;21;4;0;0;1;20;0;0;0;1;0;0;0;
1951;Señor elemental;Elementarlord (Luxon);Conjuro con encantamiento. (40..60 segundos). Tus atributos de los elementos aumentan en 1. Cada vez que lances un conjuro, ganas 1 de energía por cada 10 rangos de almacenamiento de energía y además te curas el 100..300% del coste de energía del conjuro.;2;-4;23;6;0;5;.25;45;0;0;0;1;0;0;0;
1952;Espíritu caritativo;Selbstloser Geist (Luxon);Conjuro con encantamiento. (15..20 segundos.) Los conjuros que tengan como objetivo otro aliado te costarán 3 menos de energía.;2;-4;23;3;0;5;.25;45;0;0;0;1;0;0;0;
1953;Disparo triple;Dreifachschuss (Luxon);Ataque con arco. Disparas 3 flechas simultáneamente al enemigo objetivo. Estas flechas hacen un 40..25% menos de daño.;2;-4;2;2;0;10;0;10;0;0;0;1;0;0;0;
1954;"¡Poneos a salvo!";"Rettet Euch selbst!" (Luxon);Grito. (4..6 segundos). Los demás miembros del grupo ganan +100 de armadura.;2;-4;20;1;0;0;0;0;8;0;0;1;0;0;0;
1955;Aura del poder divino;Aura der Heiligen Macht (Luxon);Conjuro con encantamiento. (45 segundos). Cuando pierdes un encantamiento de Derviche, los enemigos adyacentes reciben 20..25 de daño sagrado.;2;-4;23;10;0;10;.75;30;0;0;0;1;0;0;0;
1957;Lanza de furia;Speer der Wut (Luxon);Ataque con lanza. Hace +30..40 de daño. Ganas 3..6 golpes de adrenalina si golpeas a algún enemigo con condición.;2;-4;12;9;0;5;1;8;0;0;0;1;0;0;0;
1986;Asalto vampírico;Vampirangriff;Ataque doble. Roba 10..40 de salud si este ataque impacta. Debe ir precedido de un ataque complementario.;4;30;7;7;0;5;0;8;0;0;0;0;0;0;0;
1987;Ataque de loto;Lotus-Stoß;Ataque complementario. Hace +10..25 de daño. ganas 5..20 de energía. Debe ir precedido de un ataque inicial.;4;29;6;7;0;10;0;12;0;0;0;0;0;0;0;
1988;Ataque del colmillo dorado;Goldfangstoß;Ataque complementario. Causa herida grave (5..20 segundos) si tienes algún encantamiento. Debe ir precedido de un ataque inicial.;4;29;6;7;0;5;0;4;0;0;0;0;0;0;0;
1990;Ataque de loto caída;Fallender Lotus-Stoß;Ataque complementario. Hace +15..35 de daño. Ganas 1..12 de energía. No tiene efecto si el enemigo objetivo no está derribado.;4;29;6;7;0;5;0;8;0;0;0;0;0;0;0;
1991;Sello del sádico;Siegel des Sadisten;Sello. Ganas 10..45 de salud por cada condición que sufra el enemigo objetivo.;4;30;21;7;0;0;1;8;0;0;0;0;0;0;0;
1992;Sello de distracción;Siegel der Ablenkung;Sello. Interrumpe un conjuro. Efecto de interrupción: el conjuro del enemigo objetivo queda desactivado durante 1..5 segundos por cada sello que lleves.;4;2;21;5;0;0;.25;15;0;0;0;0;0;0;0;
1993;Sello del recuerdo;Siegel der Zurückrufung;Sello. (6 segundos). Tienes -4 de regeneración de energía. Efecto final: ganas 13..20 de energía.;4;3;21;5;0;0;.25;20;0;0;0;0;0;0;0;
1994;Cerrojo de poder;Kraftsperre;Conjuro. Interrumpe un conjuro o cántico. Efecto de interrupción: el conjuro o cántico interrumpido está desactivado durante +5..13 segundos.;4;2;22;5;0;5;.25;20;0;0;0;0;0;0;0;
1995;Quien no derrocha, no necesita;Spare in der Zeit ...;Conjuro. Ganas 8..13 de energía si el enemigo objetivo no está lanzando un conjuro ni atacando.;4;3;22;5;0;5;.25;15;0;0;0;0;0;0;0;
1996;Suma de todos los temores;Summe aller Ängste;Conjuro con maleficio. (4..12 segundos). El enemigo objetivo se mueve, ataca y lanza conjuros un 33% más lento.;4;1;24;5;0;10;1.5;10;0;0;0;0;0;0;0;
1997;Aura desdeñosa;Verkümmernde Aura;Conjuro con encantamiento. (5..20 segundos). Los ataques cuerpo a cuerpo del aliado objetivo causan debilitamiento (5..20 segundos).;4;5;23;4;0;5;1;3;0;0;0;0;0;0;0;
1998;Cacofonía;Kakophonie;Conjuro con maleficio. (15 segundos). Hace 30..105 de daño cada vez que el enemigo objetivo use un grito o un cántico.;4;7;24;4;0;10;1;15;0;0;0;0;0;0;0;
1999;Abrazo de invierno;Umarmung des Winters;Conjuro con maleficio. (2..6 segundos). El enemigo objetivo se mueve un 66% más despacio y sufre 5..15 de daño al moverse.;4;11;24;6;0;10;.75;15;0;0;0;0;0;0;0;
2000;Grilletes de tierra;Irdene Fesseln;Conjuro con maleficio. (3 segundos.) El enemigo objetivo y los cercanos se mueven un 90% más despacio. Causa debilitamiento durante 5..20 segundos al acabar.;4;9;24;6;0;10;1;15;0;0;0;0;0;0;0;
2001;Protección de debilidad;Kreis der Schwäche;Conjuro de protección. (5..20 segundos). Causa debilitamiento (5..20 segundos) a los enemigos que reciban daño de los elementos dentro de la protección.;4;9;26;6;0;5;1;20;0;0;0;0;0;0;0;
2002;Glifo de rapidez;Glyphe der Schnelligkeit;Glifo. (15 segundos). Tus siguientes 1..5 conjuro["conjuros"] se recargan un 25% más rápido y sus proyectiles se mueven un 200% más deprisa.;4;8;16;6;0;5;1;10;0;0;0;0;0;0;0;
2003;Curar maleficio;Verhexung heilen;Conjuro. Elimina un maleficio. Efecto de la eliminación: cura 30..100 de salud.;4;13;22;3;0;5;1;12;0;0;0;0;0;0;0;
2004;Condición atacante;Zustand zerschlagen;Conjuro. Elimina una condición. Efecto de la eliminación: hace 10..60 de daño sagrado a los enemigos de la zona del objetivo (un aliado o tú mismo).;4;14;22;3;0;5;1;7;0;0;0;0;0;0;0;
2005;Bendición del atacante;Segen des Peinigers;Conjuro con encantamiento. (30 segundos). Tus plegarias de ataque tienen el doble del extra de curación del favor divino.;4;16;23;3;0;5;.25;10;0;0;0;0;0;0;0;
2006;Sello de castigo;Geißelungs-Siegel;Sello. Hace 26..56 de daño sagrado. Ganas 4..14 de energía si el enemigo objetivo está atacando.;4;14;21;3;0;0;1;15;0;0;0;0;0;0;0;
2007;Velo purificador;Reinigender Schleier;Conjuro con encantamiento. Las condiciones del objetivo (un aliado o tú mismo) acaban un 5..50% antes. Efecto final: elimina una condición.;4;15;23;3;-1;5;1;6;0;0;0;0;0;0;0;
2008;Golpe pulverizador;Zermalmender Schlag;Ataque con martillo. Causa debilitamiento y herida grave (5..20 segundos) si el enemigo objetivo está derribado.;4;19;8;1;0;0;0;0;3.2;0;0;0;0;0;0;
2009;Hachazo vivaz;Verwegener Hieb;Ataque con hacha. Siempre golpe crítico.;4;18;4;1;0;0;0;0;3;0;0;0;0;0;0;
2010;Cortarodillas;Knieschneider;Ataque con espada. Ganas 2..7 de energía y 1..3 de adrenalina si el enemigo objetivo está lisiado.;4;20;10;1;0;0;0;1;4.8;0;0;0;0;0;0;
2011;Pulso;Raufen;Habilidad de toque. Causa derribo. También eres derribado. La actitud que tengas acaba.;4;-1;1;1;0;5;.75;8;0;0;0;0;0;0;0;
2012;Guadaña radiante;Strahlende Sense;Ataque con guadaña. Hace +1 de daño (máximo 5..30) por cada punto de energía que tengas. Ganas 1..7 de energía.;4;41;9;10;0;0;0;0;6;0;0;0;0;0;0;
2013;Aura de Grenth;Grenths Aura;Conjuro con encantamiento de destello. (20 segundos). Haces 5..25 menos de daño y robas 5..25 de salud cuando atacas con guadaña. Efecto inicial: robas 5..25 de salud a todos los enemigos adyacentes.;4;42;33;10;0;10;0;10;0;0;0;0;0;0;0;
2014;Sello de retención piadosa;Siegel der frommen Zurückhaltung;Sello. Causa lisiadura (5..15 segundos). Elimina uno de tus encantamientos de Derviche. Efecto de eliminación: también causa lisiadura a los enemigos de la zona de tu objetivo y se recarga un 75 % más rápido.;4;42;21;10;0;0;1;10;0;0;0;0;0;0;0;
2015;Guadaña de granjero;Sense des Bauern;Ataque con guadaña. Hace +5..20 de daño. Se recarga al instante si alcanzas a más de un enemigo.;4;41;9;10;0;5;0;12;0;0;0;0;0;0;0;
2016;Vigoroso sea Lee Sa;Energisch war Lee Sa;Conjuro con objeto. (5..15 segundos). Tienes +2 de regeneración de energía. Efecto al soltarse: ganas +1..10 de energía.;4;36;25;8;0;10;2;20;0;0;0;0;0;0;0;
2017;Himno de debilidad;Hymne der Müdigkeit;Cántico. (8 segundos). Los aliados al alcance del oído causan debilitamiento (1..16 segundos) con su próxima habilidad de ataque.;4;38;13;9;0;5;1;10;0;0;0;0;0;0;0;
2018;Himno de interrupción;Hymne der Störung;Cántico. (1..10 segundos). Los aliados al alcance del oído interrumpen una acción con su siguiente habilidad de ataque.;4;38;13;9;0;10;1;15;0;0;0;0;0;0;0;
2051;Invocar espíritus;Geister herbeirufen (Luxon);Conjuro. Los espíritus que controles dan un paso sombrío hasta tu ubicación y ganan 60..100 de salud.;2;-4;22;8;0;5;.25;5;0;0;0;1;0;0;0;
2052;Colmillo sombrío;Schattenfangzahn;Conjuro con maleficio. Das un paso sombrío hasta el enemigo objetivo. Efecto final tras 10 segundos: causa herida grave (5..20 segundos). vuelves a tu ubicación original.;4;30;24;7;0;10;.25;20;0;0;0;0;0;0;0;
2053;Riesgo calculado;Kalkuliertes Risiko;Conjuro con maleficio. (3..24 segundos). Los ataques del enemigo objetivo hacen +10 de daño. Cada ataque tiene 50% de posibilidades de que el enemigo reciba el daño realizado con cada ataque (máximo 15..100).;4;1;24;5;0;5;1;7;0;0;0;0;0;0;0;
2054;Armadura encogida;Schrumpfende Rüstung;Conjuro con maleficio. (10 segundos). Causa -1..4 de degeneración de salud. Efecto final: causa armadura rota (5..20 segundos).;4;1;24;5;0;5;1;8;0;0;0;0;0;0;0;
2055;Aneurisma;Aneurysma;Conjuro. El enemigo objetivo recupera toda la energía. Por cada punto de energía que recupere, el objetivo recibe 1..3 de daño y todos los enemigos adyacentes pierden 1 de energía (máximo 1..30).;4;2;22;5;0;5;1;5;0;0;0;0;0;0;0;
2056;Ojo errante;Wanderndes Auge;Conjuro con maleficio. (4 segundos). Interrumpe el siguiente ataque del enemigo objetivo. Efecto: 30..110 de daño a los enemigos cercanos.;4;1;24;5;0;5;2;12;0;0;0;0;0;0;0;
2057;Festín corrupto;Widerliches Gelage;Conjuro. Recibes todas las condiciones que tenga el aliado objetivo. Ganas 0..45 de salud y 2..4 de energía por cada condición que recibes. La mitad de la recarga si quitas la enfermedad. Tú mismo no puedes ser el objetivo.;4;6;22;4;0;5;.25;4;0;0;0;0;0;0;0;
2058;Bilis putrefacta;Verwesende Galle;Conjuro con maleficio. (5..25 segundos). Causa -1..3 de degeneración de salud. Hace 25..85 de daño a todos los enemigos cercanos si el objetivo muere.;4;5;24;4;0;10;1;12;0;0;0;0;0;0;0;
2059;Descarga de caparazón;Kriegsneurose;Conjuro. Causa 10..30 de daño de relámpago. Causa armadura rota (5..20 segundos). 25% de penetración de armadura. Si estás sobrelanzando, golpea a los adyacentes.;4;8;22;6;0;5;1;8;0;0;0;0;0;0;0;
2060;Glifo de inmolación;Glyphe der Aufopferung;Glifo. (15 segundos). Tus siguientes 1..4 conjuro["conjuros"] lanzados contra enemigos también causan quemadura (1..4 segundos).;4;10;16;6;0;5;1;10;0;0;0;0;0;0;0;
2061;Espíritu paciente;Geduldiger Geist;Conjuro con encantamiento. (2 segundos). Efecto final: cura 30..120 de salud. Ningún efecto si termina antes de tiempo.;4;13;23;3;0;5;.25;4;0;0;0;0;0;0;0;
2062;Cinta curadora;Heilendes Band;Conjuro. Cura 20..110 de salud. Cura 10..100 de salud a dos aliados cercanos al aliado objetivo. No te puedes apuntar a ti mismo.;4;13;22;3;0;10;1;5;0;0;0;0;0;0;0;
2063;Aura de estabilidad;Aura der Stabilität;Conjuro con encantamiento. (3..8 segundos). No pueden derribar al aliado objetivo. No te puedes apuntar a ti mismo.;4;15;23;3;0;5;.25;12;0;0;0;0;0;0;0;
2064;Mente pura;Makelloser Verstand;Conjuro con encantamiento. (1..15 segundos). Elimina un maleficio cada 5 segundos. No te puedes apuntar a ti mismo.;4;13;23;3;0;5;.25;12;0;0;0;0;0;0;0;
2065;Alma pura;Makellose Seele;Conjuro con encantamiento. (1..15 segundos). Elimina una condición cada 3 segundos. No te puedes apuntar a ti mismo.;4;13;23;3;0;5;.25;12;0;0;0;0;0;0;0;
2066;Desarme;Entwaffnen;Ataque con espada. Interrumpe al enemigo objetivo. Efecto de la interrupción: desactiva la habilidad del enemigo (0..3 segundos) si era de ataque.;4;17;10;1;0;5;.5;20;0;0;0;0;0;0;0;
2067;"¡Quería hacerlo!";"Das war Absicht!";Grito. Ganas 1..6 golpes de adrenalina si te derriban.;4;17;20;1;0;5;0;8;0;0;0;0;0;0;0;
2068;Fuego rápido;Schnellfeuer;Preparación["Preparaciones"]. (5..25 segundos). Atacas un 33% más rápido con el arco.;4;25;17;2;0;5;2;12;0;0;0;0;0;0;0;
2069;Disparo del cazador perezoso;Schuss des Faultierjägers;Ataque con arco. Hace +10..25 de daño. +10..35 de daño extra si el enemigo objetivo no está usando ninguna habilidad.;4;25;2;2;0;10;0;8;0;0;0;0;0;0;0;
2070;Rebanador de auras;Auraschneider;Ataque cuerpo a cuerpo. Causa hemorragia (5..15 segundos). También causa armadura rota (1..10 segundos) si estás encantado.;4;44;3;10;0;0;0;0;3.2;0;0;0;0;0;0;
2071;Barrido celoso;Eifriger Schwung;Ataque con guadaña. Hace +5..20 de daño. Ganas 3 de energía y 1 de adrenalina por cada enemigo que golpees.;4;41;9;10;0;5;0;10;0;0;0;0;0;0;0;
2072;Puro sea Li Ming;Rein war Li Ming;Conjuro con objeto. (5..20 segundos). Las condiciones que tengas acaban un 10..50% más rápido. Efecto al soltarse: elimina 1..4 condiciones de los aliados al alcance del oído.;4;33;25;8;0;5;1;20;0;0;0;0;0;0;0;
2073;Arma de agresión;Waffe der Aggression;Conjuro con arma. (5..15 segundos). Atacas un 25% más rápido.;4;34;27;8;0;10;.25;10;0;0;0;0;0;0;0;
2074;Aplastador de pectorales;Brusttrommler;Ataque con lanza. Causa herida grave (5..20 segundos) si el enemigo objetivo tiene la armadura rota.;4;37;12;9;0;5;0;5;0;0;0;0;0;0;0;
2075;Estribillo apresurado;Hastiger Refrain;Eco. (8..20 segundos). El objetivo (un aliado o tú mismo) se mueve un 25% más deprisa. Renovación: cada vez que los efectos de un grito o cántico terminen en él.;4;40;14;9;0;5;1;10;0;0;0;0;0;0;0;
2091;Santuario sombrío;Schattenzuflucht (Kurzick);Conjuro con encantamiento. (10 segundos). Ganas +7..10 de regeneración de salud y +40 de armadura. Sufres ceguera (5 segundos).;2;-5;23;7;0;5;.25;30;0;0;0;1;0;0;0;
2092;Pesadilla de éter;Äther-Alptraum (Kurzick);Conjuro con maleficio. Hace perder 5..8 de energía. El enemigo objetivo y los de la zona tienen -1 de degeneración de salud por cada punto de energía perdido (10 segundos).;2;-5;24;5;0;10;3;25;0;0;0;1;0;0;0;
2093;Sello de corrupción;Siegel der Verdorbenheit (Kurzick);Sello. Hace 20..30 de daño al enemigo objetivo y los cercanos. Ganas 2 de energía (máximo 12..20) por cada uno de esos enemigos que tenga una condición o maleficio.;2;-5;21;4;0;0;1;20;0;0;0;1;0;0;0;
2094;Señor elemental;Elementarlord (Kurzick);Conjuro con encantamiento. (40..60 segundos). Tus atributos de los elementos aumentan en 1. Cada vez que lances un conjuro, ganas 1 de energía por cada 10 rangos de almacenamiento de energía y además te curas el 100..300% del coste de energía del conjuro.;2;-5;23;6;0;5;.25;45;0;0;0;1;0;0;0;
2095;Espíritu caritativo;Selbstloser Geist (Kurzick);Conjuro con encantamiento. (15..20 segundos.) Los conjuros que tengan como objetivo otro aliado te costarán 3 menos de energía.;2;-5;23;3;0;5;.25;45;0;0;0;1;0;0;0;
2096;Disparo triple;Dreifachschuss (Kurzick);Ataque con arco. Disparas 3 flechas simultáneamente al enemigo objetivo. Estas flechas hacen un 40..25% menos de daño.;2;-5;2;2;0;10;0;10;0;0;0;1;0;0;0;
2097;"¡Poneos a salvo!";"Rettet Euch selbst!" (Kurzick);Grito. (4..6 segundos). Los demás miembros del grupo ganan +100 de armadura.;2;-5;20;1;0;0;0;0;8;0;0;1;0;0;0;
2098;Aura del poder divino;Aura der Heiligen Macht (Kurzick);Conjuro con encantamiento. (45 segundos). Cuando pierdes un encantamiento de Derviche, los enemigos adyacentes reciben 20..25 de daño sagrado.;2;-5;23;10;0;10;.75;30;0;0;0;1;0;0;0;
2099;Lanza de furia;Speer der Wut (Kurzick);Ataque con lanza. Hace +30..40 de daño. Ganas 3..6 golpes de adrenalina si golpeas a algún enemigo con condición.;2;-5;12;9;0;5;1;8;0;0;0;1;0;0;0;
2100;Invocar espíritus;Geister herbeirufen (Kurzick);Conjuro. Los espíritus que controles dan un paso sombrío hasta tu ubicación y ganan 60..100 de salud.;2;-5;22;8;0;5;.25;5;0;0;0;1;0;0;0;
2101;Agilidad crítica;Kritische Beweglichkeit;Conjuro con encantamiento. (4 segundos y 1 segundo extra por cada nivel de golpes críticos que tengas). Atacas un 33% más deprisa y ganas +15..25 de armadura. Renovación: cada vez que hagas un golpe crítico.;3;-2;23;7;0;5;1;30;0;0;0;1;0;0;0;
2102;Grito de dolor;Schmerzensschrei;Conjuro. Interrumpe una habilidad. Si el enemigo objetivo ya padecía otro maleficio de Hipnotizador, recibe 25..50 de daño y los enemigos de la zona sufren -3..5 de degeneración de salud (10 segundos).;3;-2;22;5;0;10;.25;15;0;0;0;1;0;0;0;
2103;Necrosis;Nekrose;Habilidad. Hace 60..90 de daño si el enemigo objetivo tiene una condición o maleficio.;3;-2;1;4;0;5;1;2;0;0;0;1;0;0;0;
2104;Intensidad;Intensität;Habilidad. (10 segundos.) La próxima vez que causes daño elemental con un conjuro, los demás objetivos de la zona recibirán un 60..70% de ese daño.;3;-2;1;6;0;5;0;10;0;0;0;1;0;0;0;
2105;Semilla de vida;Lebenssaat;Conjuro con encantamiento. (2..5 segundos.) Los miembros del grupo recuperan 2 de salud por cada nivel de favor divino cada vez que el aliado reciba daño. No puedes apuntarte a ti mismo como objetivo.;3;-2;23;3;0;5;.25;20;0;0;0;1;0;0;0;
2107;Ataque en torbellino;Wirbelsturmangriff;Ataque cuerpo a cuerpo. Hace +13..20 de daño al enemigo objetivo y los adyacentes.;3;-2;3;1;0;0;0;1;5.2;0;0;1;0;0;0;
2108;Nunca embistes solo;Tobt niemals allein;Habilidad. (18..25 segundos). Tú y tu mascota atacáis un 25% más deprisa y tenéis +1..3 de regeneración de salud.;3;-2;1;2;0;15;0;20;0;0;0;1;0;0;0;
2109;Aura eterna;Ewige Aura;Conjuro con encantamiento. Tienes +100 de salud máxima. Efecto final: todos los miembros del grupo que estén en el área resucitarán con 40..50% de salud y 20..30% de energía.;3;-2;23;10;0;15;4;30;0;0;0;1;0;0;0;
2110;Vampirismo;Vampirismus;Ritual con espíritus. Crea un espíritu de nivel 4..14 (75..150 segundos de vida). Sus ataques roban 10..20 de salud y tú te curas 10..20.;3;-2;18;8;0;10;.75;30;0;0;0;1;0;0;0;
2112;"¡No hay nada que temer!";"Es gibt nichts zu befürchten!";Grito. (4 segundos y 1 segundo extra por cada 2 niveles de liderazgo que tengas). Reduce un 20..35% el daño que reciban los miembros del grupo al alcance del oído. Efecto final: cura 35..60 de salud.;3;-2;20;9;0;15;0;20;0;0;0;1;0;0;0;
2116;Ataque escurridizo;Überraschungsangriff;Ataque cuerpo a cuerpo. Causa ceguera (5..8 segundos). Cuenta como un ataque inicial.;4;-8;3;0;0;5;0;5;0;0;0;1;0;0;0;
2135;Buey pisoteador;Trampelnder Ochse;Ataque doble. Hace +5..20 de daño. Causa derribo si el enemigo objetivo está lisiado. Debe ir precedido de un ataque complementario.;4;29;7;7;0;5;0;8;0;0;0;0;0;0;0;
2136;Polvo de humo defensivo;Rauchpulver-Verteidigung;Actitud. (8 segundos.) La próxima vez que te alcance un ataque, recibes la mitad de daño y causas ceguera (2..6 segundos) en los enemigos cercanos.;4;31;29;7;0;5;0;20;0;0;0;0;0;0;0;
2137;Imagenes confusas;Verwirrende Bilder;Conjuro con maleficio. (2..10 segundos.) El enemigo objetivo tarda el doble en activar habilidades que no sean de ataque.;4;1;24;5;0;10;1;20;0;0;0;0;0;0;0;
2138;Vigor del hechicero;Lebenskraft des Verhexers;Conjuro con encantamiento. (10 segundos.) Tienes +1..8 de regeneración de salud. Termina si utilizas una habilidad que no sea un maleficio.;4;6;23;4;0;5;.25;10;0;0;0;0;0;0;0;
2139;Masoquismo;Masochismus;Conjuro con encantamiento. (10..40 segundos.) Magia de muerte y cosecha de almas aumentan en +2. Sacrificas un 5..3% del nivel de salud máximo al lanzar un conjuro.;4;6;23;4;0;5;1;20;0;0;0;0;0;0;0;
2140;Trampa perforante;Durchbohrende Falle;Trampa. (90 segundos). Afecta a los enemigos cercanos. Hace 5..50 de daño perforante. 15..60 de daño extra a los enemigos con la armadura rota. Se puede interrumpir con facilidad.;4;24;30;2;0;10;2;30;0;0;0;0;0;0;0;
2141;Camaradería;Kameradschaft;Habilidad. Te curas 30..120 de salud si tienes menos que tu mascota. Cura 30..120 de salud a la mascota si tiene menos que tú.;4;22;1;2;0;5;2;10;0;0;0;0;0;0;0;
2142;Agresión salvaje;Wilde Aggression;Habilidad. (5..20 segundos). Tu mascota ataca un 33% más deprisa y hace +3..10 de daño.;4;22;1;2;0;15;0;20;0;0;0;0;0;0;0;
2143;Disparo interruptor;Unterbrechender Schuss;Ataque con arco. Interrumpe una acción. Efecto de la interrupción: +10..40 de daño si interrumpes una habilidad.;4;25;2;2;0;10;.5;15;0;0;0;0;0;0;0;
2144;Embestida de flechas;Salve;Ataque con arco. Hace +1..10 de daño. Alcanza a un máximo de 3 enemigos adyacentes a tu objetivo. Se eliminan todas tus preparaciones.;4;25;2;2;0;5;0;2;0;0;0;0;0;0;0;
2145;Foco de experto;Expertenfokus;Preparación["Preparaciones"]. (24 segundos.) Tus habilidades de ataque con arco cuestan 1..2 menos de energía y hacen +1..10 de daño.;4;23;17;2;0;10;2;12;0;0;0;0;0;0;0;
2146;Furia piadosa;Frommer Zorn;Actitud. (1..7 segundos)Atacas un 25% más rápido y pierdes uno de tus encantamientos de Derviche. Efecto de eliminación: esta actitud dura el doble de tiempo.;4;44;29;10;0;5;0;10;0;0;0;0;0;0;0;
2147;Victoria lisiadora;Verkrüppelnder Sieg;Ataque con guadaña. (3..8 segundos). Causa lisiadura en el enemigo objetivo. Si tienes más salud que el enemigo objetivo, todos los enemigos adyacentes recibirán 10..30 de daño de tierra.;4;41;9;10;0;0;0;0;6;0;0;0;0;0;0;
2148;Arma incisiva;Trennende Waffe;Conjuro con arma. (4..10 segundos). Los siguientes 3 ataques del objetivo (un aliado o tú mismo) causan armadura rota (5..20 segundos) y tienen un 10% de penetración de armadura.;4;32;27;8;0;5;1;10;0;0;0;0;0;0;0;
2149;Arma de renovación;Waffe der Erneuerung;Conjuro con arma. (5..20 segundos). El objetivo (un aliado o tú mismo) gana 1..7 de energía la próxima vez que golpee con una habilidad de ataque.;4;36;27;8;0;5;1;10;0;0;0;0;0;0;0;
2150;Lanza mutiladora;Verkrüppelungs-Speer;Ataque con lanza. Causa lisiadura (5..20 segundos) si el enemigo sufre hemorragia.;4;37;12;9;0;5;0;5;0;0;0;0;0;0;0;
2186;Sello de corrupcion mortal;Siegel der tödlichen Verdorbenheit;Sello. Causa +5..35 de daño (máximo 130) por cada condición que tenga el enemigo objetivo.;4;30;21;7;0;0;1;12;0;0;0;0;0;0;0;
2187;Camino del maestro;Weg des Meisters;Conjuro con encantamiento. (60 segundos). Si llevas un arma que no sea una daga, tienes +3..33% de probabilidades de dar un golpe crítico.;4;35;23;7;0;5;.25;30;0;0;0;0;0;0;0;
2188;Profanar defensas;Verteidigung entweihen;Conjuro con maleficio. (5..20 segundos). Hace 30..120 de daño la próxima vez que el enemigo objetivo bloquee un ataque.;4;7;24;4;0;5;1;5;0;0;0;0;0;0;0;
2189;Mirada de Angorodon;Angorodons Starren;Conjuro. Roba 10..50 de salud. Ganas 3..12 de energía si tienes una condición.;4;6;22;4;0;5;1;10;0;0;0;0;0;0;0;
2190;Aumento magnético;Magnetschub;Conjuro con encantamiento. Causa 15..75 de daño. Si estás sobrelanzando, los aliados al alcance del oído quedan encantados durante 1..5 y bloquean el siguiente ataque dirigido a ellos.;4;9;23;6;0;10;1;15;0;0;0;0;0;0;0;
2191;Suelo resbaladizo;Rutschiger Boden;Conjuro. Si el enemigo está cegado o moviéndose, es derribado. Afecta a los enemigos adyacentes a tu objetivo. 50% de probabilidad de fallo a menos que se tenga magia de agua por encima del nivel 4.;4;11;22;6;0;5;1;10;0;0;0;0;0;0;0;
2192;Hielo brillante;Leuchtendes Eis;Conjuro. Hace 5..50 de daño frío. Ganas 5 de energía más 1 de energía por cada 2 rangos de almacenamiento de energía si el enemigo objetivo está bajo los efectos de un maleficio de magia de agua.;4;11;22;6;0;5;1;8;0;0;0;0;0;0;0;
2193;Explosión de energía;Energieexplosion;Conjuro. Hace 1..2 de daño (máximo 130) por cada punto de energía que tengas.;4;12;22;6;0;5;1.5;20;0;0;0;0;0;0;0;
2194;Ataque de distracción;Ablenkender Stoß;Ataque cuerpo a cuerpo. Interrumpe una acción. Efecto de interrupción: Desactiva la habilidad interrumpida (30 segundos) si el enemigo objetivo tiene la armadura rota. No hace daño.;4;-1;3;1;0;5;.5;15;0;0;0;0;0;0;0;
2195;Ataque simbólico;Symbolischer Schlag;Ataque cuerpo a cuerpo. Hace +12 de daño (máximo 70) por cada sello que tengas equipado.;4;-1;3;1;0;0;0;0;3.2;0;0;0;0;0;0;
2196;Velocidad de soldado;Geschwindigkeit des Soldaten;Actitud. (3..18 segundos). Te mueves un 15% más deprisa, y un 15% extra más deprisa si estás bajo los efectos de un grito o cántico.;4;21;29;1;0;5;0;12;0;0;0;0;0;0;0;
2197;Golpe corporal;Körperschlag;Ataque cuerpo a cuerpo. Hace +10..40 de daño. Causa herida grave (0..15 segundos) si el enemigo objetivo tiene la armadura rota.;4;17;3;1;0;0;0;0;6.4;0;0;0;0;0;0;
2198;Disparo corporal;Körperschuss;Ataque con arco. Hace +5..20 de daño. Ganas 5..10 de energía si el enemigo objetivo tiene la armadura rota.;4;25;2;2;0;5;0;8;0;0;0;0;0;0;0;
2199;Sello de punta venenosa;Giftspitzen-Siegel;Sello. (60 segundos). Causa envenenamiento (8..15 segundos) con tu siguiente ataque.;4;24;21;2;0;0;1;6;0;0;0;0;0;0;0;
2200;Sello de velocidad mística;Siegel der mystischen Geschwindigkeit;Sello. (30 segundos). Los próximos 1..3 encantamientos que apunten a ti mismo se lanzan instantáneamente. Los encantamientos de destello no consumen usos de esta habilidad.;4;42;21;10;0;0;1;20;0;0;0;0;0;0;0;
2201;Escudo de fuerza;Kraftschild;Conjuro con encantamiento de destello. (1..16 segundos). Bloquea los próximos 1 ataques que recibas. Derriba a los enemigos adyacentes que atacan y les causa lisiadura (5..20 segundos).;4;43;33;10;0;10;0;12;0;0;0;0;0;0;0;
2202;Agarre sanador;Genesungsgriff;Conjuro. Cura 30..90 de salud. Elimina una condición si el objetivo (un aliado o tú mismo) tiene un conjuro con arma.;4;33;22;8;0;5;1;4;0;0;0;0;0;0;0;
2203;Aura de la sanguijuela espiritual;Geistsauger-Aura;Habilidad. (5..20 segundos.) Todos tus espíritus al alcance del oído hacen 5..20 menos de daño y roban 5..20 de salud cuando atacan.;4;33;1;8;0;5;.25;20;0;0;0;0;0;0;0;
2204;Rejuvenecimiento;Verjüngung;Ritual con espíritus. Crea un espíritu de nivel 1..20 (30..90 segundos de vida). Cura 3..10 de salud a los miembros del grupo al alcance del oído. Coste por curación: el espíritu pierde 3..10 de salud.;4;33;18;8;0;10;.75;30;0;0;0;0;0;0;0;
2205;Agonía;Todesqual;Ritual con espíritus. Crea un espíritu de nivel 1..12 (30..90 segundos de vida). Hace perder 3..10 de salud por segundo a los enemigos al alcance del oído. El espíritu pierde 3..10 de salud por cada enemigo que pierda salud.;4;34;18;8;0;10;.75;30;0;0;0;0;0;0;0;
2206;Arma fantasmal;Geisterwaffe;Conjuro con arma. (5..20 segundos). No se puede bloquear el siguiente ataque del aliado objetivo. No te puedes apuntar a ti mismo.;4;32;27;8;0;3;.25;1;0;0;0;0;0;0;0;
2207;Discurso inspirador;Inspirative Rede;Habilidad. El aliado objetivo gana 1..8 de adrenalina. No te puedes apuntar a ti mismo. Pierdes toda la adrenalina.;4;39;1;9;0;5;0;10;0;0;0;0;0;0;0;
2208;Escudo ardiente;Brennender Schild;Habilidad. (3..9 segundos). Bloquea la siguiente habilidad de ataque contra ti. Causa quemadura (1..6 segundos) si era un ataque cuerpo a cuerpo. No funciona si no llevas un escudo.;4;40;1;9;0;5;0;20;0;0;0;0;0;0;0;
2209;Lanza sagrada;Heiliger Speer;Ataque con lanza. Hace +5..20 de daño. 15..90 de daño sagrado y causa quemadura (3 segundos) a los enemigos cercanos si alcanzas a una criatura invocada.;4;37;12;9;0;0;0;0;4;0;0;0;0;0;0;
2210;Barrido de lanza;Speerschlag;Ataque cuerpo a cuerpo con lanza. Hace +5..20 de daño y causa aturdimiento (4..10 segundos). Este ataque tiene alcance cuerpo a cuerpo.;4;40;12;9;0;5;0;20;0;0;0;0;0;0;0;
2211;Ácido alquímico de Alkar;Alkars Alchemiesäure;Conjuro. Proyectil: hace 40..50 de daño al enemigo objetivo y los adyacentes. Hace 45..70 de daño extra y causa armadura rota (14..20 segundos) a los Destructores.;4;-7;22;0;0;10;1;10;0;0;0;1;0;0;0;
2212;Luz de Deldrimor;Licht von Deldrimor;Conjuro. Hace 55..80 de daño sagrado a los enemigos de la zona. Desvela en la brújula los objetos ocultos de la zona.;4;-7;22;0;0;5;.75;20;0;0;0;1;0;0;0;
2213;Mordedura de oreja;Ohrenbiss;Habilidad de toque. Hace 50..70 de daño perforante y causa hemorragia (15..25 segundos).;4;-7;1;0;0;0;.75;0;4;0;0;1;0;0;0;
2214;Golpe bajo;Unter der Gürtellinie;Habilidad de toque. Hace 45..70 de daño. Hace 30..50 más de daño y rompe la armadura (durante 14..20 segundos) si el enemigo objetivo está derribado.;4;-7;1;0;0;0;.75;0;6;0;0;1;0;0;0;
2215;Cabezazo de camorrista;Rauf-Kopfstoß;Habilidad de toque. Hace 45..70 de daño. Causa derribo.;4;-7;1;0;0;0;.75;0;7;0;0;1;0;0;0;
2216;"¡No tropecéis!";"Stolpert nicht!";Grito. (3..5 segundos). Impide derribos. afecta a los miembros del grupo al alcance del oído.;4;-7;20;0;0;5;0;20;0;0;0;1;0;0;0;
2217;"¡Por el martillo de Ural!";"Bei Urals Hammer!";Grito. (30 segundos). Resucita a todos los miembros del grupo muertos al alcance del oído con toda la salud y toda la energía. Los miembros del grupo afectados hacen 25..33% de daño adicional. Los miembros del grupo afectados mueren cuando termina el efecto, pero no reciben penalización por resucitar.;4;-7;20;0;0;5;0;60;0;0;0;1;0;0;0;
2218;Maestro borracho;Betrunkener Meister;Actitud. (72..90 segundos). Te mueves y atacas un 10..15% más rápido si no estás borracho. Te mueves y atacas un 25..33% más rápido si lo estás.;4;-7;29;0;0;5;0;60;0;0;0;1;0;0;0;
2219;Arma del Gran Enano;Waffe des Großen Zwergs;Conjuro con arma. (20 segundos). +15..20 de daño con el arma y 28..40% de probabilidades de causar derribo al atacar. No te puedes apuntar a ti mismo.;4;-7;27;0;0;10;1;5;0;0;0;1;0;0;0;
2220;Armadura del Gran Enano;Rüstung des Großen Zwergs;Conjuro con encantamiento. (22..40 segundos). +24 de armadura y +60 de salud máxima. +24 de armadura extra contra Destructores.;4;-7;23;0;0;5;1;10;0;0;0;1;0;0;0;
2221;Aliento del Gran Enano;Atem des Großen Zwergs;Conjuro. Elimina la quemadura y cura 50..60 de salud. Afecta a los miembros del grupo.;4;-7;22;0;0;10;.25;15;0;0;0;1;0;0;0;
2222;Tormenta de nieve;Schneesturm;Conjuro. Hace 30..40 de daño frío por segundo (5 segundos). Alcanza a los enemigos adyacentes a la ubicación inicial del enemigo objetivo.;4;-7;22;0;0;10;1;10;0;0;0;1;0;0;0;
2223;Mina de pólvora;Schwarzpulvermine;Trampa. (90 segundos). Afecta a los enemigos cercanos. Hace 20..30 de daño. Causa ceguera y hemorragia (7..10 segundos). Se puede interrumpir con facilidad.;4;-7;30;0;0;10;2;20;0;0;0;1;0;0;0;
2224;Invocar Mursaat;Mursaat herbeirufen;Conjuro. Invocas un Mursaat de nivel 14..20 (40..60 segundos de vida) que tiene la Carga debilitante. Sólo puede usarse una invocación de Asura a la vez.;4;-6;22;0;0;10;3;60;0;0;0;1;0;0;0;
2225;Invocar Djinn de rubí;Rubin-Dschinn herbeirufen;Conjuro. Invocas un djinn de rubí de nivel 14..20 (40..60 segundos de vida) que tiene la Inmolación. Sólo puede usarse una invocación de Asura a la vez.;4;-6;22;0;0;10;3;60;0;0;0;1;0;0;0;
2226;Invocar diablillo de hielo;Eis-Kobold herbeirufen;Conjuro. Invocas un diablillo de hielo de nivel 14..20 (40..60 segundos de vida) que tiene las Púas de hielo. Sólo puede usarse una invocación de Asura a la vez.;4;-6;22;0;0;10;3;60;0;0;0;1;0;0;0;
2227;Invocar chamán naga;Naga-Schamanen herbeirufen;Conjuro. Invocas un chamán Naga de nivel 14..20 (40..60 segundos de vida) que tiene la Pedrada. Sólo puede usarse una invocación de Asura a la vez.;4;-6;22;0;0;10;3;60;0;0;0;1;0;0;0;
2228;Golpe diestro;Geschickter Schlag;Ataque a distancia. Hace 18..30 de daño. Causa hemorragia (18..30 segundos) si el enemigo objetivo tiene la armadura rota.;4;-8;31;0;0;5;.5;8;0;0;0;1;0;0;0;
2229;Sello de infección;Siegel der Infektion;Sello. Causa enfermedad (13..20 segundos) si el enemigo sufre hemorragia.;4;-8;21;0;0;0;1;10;0;0;0;1;0;0;0;
2230;Sello de triptófano;Tryptophan-Siegel;Sello. (14..20 segundos). El enemigo objetivo y los adyacentes se mueven y atacan un 23..40% más despacio.;4;-8;21;0;0;0;1;15;0;0;0;1;0;0;0;
2231;Estandarte de valor de la Vanguardia de Ébano;Ebon-Kampfstandarte des Mutes;Conjuro de protección. (14..20 segundos). Los aliados dentro de esta protección tienen +24 de armadura y +24 de armadura extra contra los Charr. No afecta a los espíritus.;4;-8;26;0;0;10;1;20;0;0;0;1;0;0;0;
2232;Estandarte de sabiduría de la Vanguardia de Ébano;Ebon-Kampfstandarte der Weisheit;Conjuro de protección. (14..20 segundos). Los conjuros de los aliados dentro de esta protección tienen un 44..60% de probabilidades de recargarse un 50% más rápido. No afecta a los espíritus.;4;-8;26;0;0;10;1;20;0;0;0;1;0;0;0;
2233;Estandarte de honor de la Vanguardia de Ébano;Ebon-Kampfstandarte der Ehre;Conjuro de protección. (14..20 segundos). Los aliados dentro de esta protección hacen +8..15 de daño y +7..10 de daño extra contra los Charr. No afecta a los espíritus.;4;-8;26;0;0;10;1;20;0;0;0;1;0;0;0;
2234;Tirador de refuerzo de la Vanguardia de Ébano;Ebon-Vorhut-Heckenschützen-Unterstützung;Conjuro. Hace 54..90 de daño perforante y causa hemorragia (5..25 segundos). 10% de probabilidades de hacer +540..900 de daño perforante extra. 25% de probabilidades de hacer +540..900 de daño perforante extra si el enemigo objetivo es un Charr.;4;-8;22;0;0;10;1;15;0;0;0;1;0;0;0;
2235;Asesino de refuerzo de la Vanguardia de Ébano;Ebon-Vorhut-Assassinen-Unterstützung;Conjuro. Invoca un Asesino de nivel 14..20 con Palma de hierro, Colmillos de zorro y Golpe de las nueve colas. Da un paso sombrío hasta el enemigo objetivo. Si éste era un Charr, el Asesino vive durante 24..30 segundos, de lo contrario vive durante 12..15 segundos.;4;-8;22;0;0;10;1;30;0;0;0;1;0;0;0;
2236;Pozo de ruina;Brunnen des Ruins;Conjuro de pozo. (5..30 segundos). Rompes la armadura (durante 5..20 segundos) de los enemigos dentro del pozo que reciban daño físico. Explotas un cadáver reciente o sacrificas un 66 % de salud.;4;7;28;4;0;10;1;20;0;0;0;0;0;0;0;
2237;Atrofia;Schwund;Conjuro con maleficio. (3..7 segundos). Reduce a 0 el atributo primario del enemigo objetivo.;4;7;24;4;0;10;1;20;0;0;0;0;0;0;0;
2238;Lanza de redención;Speer der Erlösung;Ataque con lanza. Hace +5..20 de daño. Si falla, pierdes una condición.;4;37;12;9;0;0;0;0;3;0;0;0;0;0;0;
2353;"¡Acaba con él!";"Erledigt ihn!";Grito. Hace 44..80 de daño y causa armadura rota y herida grave (12..20 segundos). No tiene efecto a menos que el objetivo tenga menos del 50% de salud.;4;-9;20;0;0;10;0;15;0;0;0;1;0;0;0;
2354;"¡Esquiva esto!";"Weicht aus!";Grito. (16..20 segundos). Tu siguiente ataque no se puede bloquear y hace +14..20 de daño.;4;-9;20;0;0;0;0;0;4;0;0;1;0;0;0;
2355;¡Soy el más fuerte!;Ich bin am stärksten!;Grito. Tus siguientes 5..8 ataques hacen +14..20 de daño.;4;-9;20;0;0;5;0;20;0;0;0;1;0;0;0;
2356;"¡Soy imparable!";"Ich bin unaufhaltbar!";Grito. (16..20 segundos). Tienes +24 de armadura y no te pueden derribar ni dejar lisiado.;4;-9;20;0;0;5;0;30;0;0;0;1;0;0;0;
2357;Un toque de astucia;Ein Funken Arglist;Conjuro con maleficio de toque. Hace 44..80 de daño. El enemigo objetivo no puede atacar (5..8 segundos) si estaba derribado.;4;-9;24;0;0;5;.75;15;0;0;0;1;0;0;0;
2358;"¡Te mueves como un enano!";"Ihr bewegt Euch wie ein Zwerg!";Grito. Hace 44..80 de daño, causa derribo e inflige lisiadura (8..15 segundos).;4;-9;20;0;0;10;0;10;0;0;0;1;0;0;0;
2359;"¡Sois unos enclenques!";"Ihr seid alle Schwächlinge!";Grito. Causa debilitamiento (8..12 segundos). También afecta a los enemigos adyacentes.;4;-9;20;0;0;5;0;12;0;0;0;1;0;0;0;
2360;No sientas dolor;Den Schmerz nicht spüren;Habilidad. (30 segundos). Tienes +2..3 de regeneración de salud. Tienes +200..300 de salud máxima si activas esta habilidad mientras estás borracho.;4;-9;1;0;0;5;0;20;0;0;0;1;0;0;0;
2361;Garrote de los mil osos;Tausend-Bären-Prügel;Ataque cuerpo a cuerpo. Hace +6..9 de daño por cada enemigo adyacente (máximo 60 de daño). Causa derribo si el enemigo objetivo no es humano.;4;-9;3;0;0;5;0;12;0;0;0;1;0;0;0;
2374;Bendición de la Osa Mayor;Segen der Bärin;Transformación["Transformaciones"] de élite. Pierdes todos tus efectos y adoptas el aspecto de la Osa (60 segundos). Todos tus atributos bajan a 0 y tus habilidades son reemplazadas por las de la Osa. Tienes 100 de armadura y 750..800 de salud.;4;-9;15;0;0;10;0;60;0;0;1;1;0;0;0;
2379;Bendición del lobo;Segen des Wolfes;Transformación["Transformaciones"] de élite. Pierdes todos tus efectos y adoptas el aspecto del lobo (60 segundos). Todos tus atributos bajan a 0 y tus habilidades son reemplazadas por las del lobo. Tienes 80 de armadura, 660..700 de salud y 2..4 de regeneración de salud.;4;-9;15;0;0;10;0;60;0;0;1;1;0;0;0;
2384;Bendición del cuervo;Segen des Raben;Transformación["Transformaciones"] de élite. Pierdes todos tus efectos y adoptas el aspecto del cuervo (60 segundos). Todos tus atributos bajan a 0 y tus habilidades son reemplazadas por las del cuervo. Tienes 80 de armadura, 660..700 de salud y un 20..30% de probabilidades de bloquear.;4;-9;15;0;0;10;0;60;0;0;1;1;0;0;0;
2411;Efecto óptico;Geistbrecher;Conjuro con encantamiento. (10..16 segundos). Te mueves un 20..33% más rápido y lanzas conjuros un 20% más deprisa.;4;-6;23;0;0;5;1;24;0;0;0;1;0;0;0;
2412;Criminal elegante;Durchtriebener Krimineller;Conjuro. (10..20 segundos). Desactiva un conjuro. Esta habilidad se convierte en ese conjuro. Ganas 5..10 de energía.;4;-6;22;0;0;5;1;20;0;0;0;1;0;0;0;
2413;Tecnocháchara;Technobabbel;Conjuro. Hace 30..40 de daño al enemigo objetivo y los adyacentes. Causa aturdimiento (3..5 segundos) a esos enemigos si el objetivo no es un jefe.;4;-6;22;0;0;10;1;10;0;0;0;1;0;0;0;
2414;Campo de radiación;Strahlungsfeld;Conjuro de protección. (5 segundos). Causa -4..6 de degeneración de salud a los enemigos de la zona. Efecto final: causa enfermedad (12..20 segundos) a los enemigos de la zona.;4;-6;26;0;0;15;2;12;0;0;0;1;0;0;0;
2415;Barrido Asura;Asurischer Scan;Conjuro con maleficio. (9..12 segundos). Tus ataques al enemigo objetivo no pueden fallar. Si eliminas al enemigo, pierdes 5% de penalización por resucitar.;4;-6;24;0;0;5;0;5;0;0;0;1;0;0;0;
2416;Aire de superioridad;Hochnäsigkeit;Habilidad. (20..30 segundos). Ganas un extra Asura al azar cada vez que consigas experiencia de matar algún enemigo.;4;-6;1;0;0;5;0;20;0;0;0;1;0;0;0;
2417;Bloqueo mental;Geistige Sperre;Conjuro con encantamiento. (5..11 segundos). Tienes 50% de probabilidades de bloquear. Renovación: cada vez que un enemigo te alcance.;4;-6;23;0;0;10;1;15;0;0;0;1;0;0;0;
2418;Inversión de dolor;Schmerztauscher;Conjuro con maleficio. (6..10 segundos). Devuelve un 100..140% del daño que haga el enemigo objetivo (máximo 80) cada vez que ataque.;4;-6;24;0;0;10;1;20;0;0;0;1;0;0;0;
2420;Huida de ébano;Ebon-Flucht;Conjuro. Te cura a ti y al aliado objetivo 70..110 de salud. Efecto inicial: das un paso sombrío hasta ese aliado. No te puedes apuntar a ti mismo.;4;-8;22;0;0;5;.25;10;0;0;0;1;0;0;0;
2421;Trampa de debilidad;Schwäche-Falle;Trampa. (90 segundos). Afecta a los enemigos cercanos. Hace 24..50 de relámpago. Causa debilitamiento (10..20 segundos). Derriba a los Charr. Se puede interrumpir con facilidad.;4;-8;30;0;0;10;2;30;0;0;0;1;0;0;0;
2422;Vientos;Winde;Ritual de la Vanguardia de Ébano. Crea un espíritu de nivel 4..10 (54..90 segundos de vida). Afecta a los enemigos de la zona. 15% de probabilidades de que los ataques a distancia fallen.;4;-8;32;0;0;5;5;30;0;0;0;1;0;0;0;
2423;Estabilidad de enano;Zwergenstabilität;Conjuro con encantamiento. (24..30 segundos). Tus actitudes duran un 55..100% más. No te pueden derribar si activas esta habilidad mientras estás borracho.;4;-7;23;0;0;5;.25;30;0;0;0;1;0;0;0;
3422;Defensa de tiempo;Zeitabwehr;Conjuro de protección de élite. (6..20 segundos). Los aliados protegidos por esta defensa lanzan los hechizos un 15..20 % más rápido y recargan las habilidades un 15..20 % más rápido. No afecta a espíritus aliados. Habilidad de PvE;0;0;26;5;0;10;2;30;0;0;1;1;0;0;0;
3423;Entrega del alma;Seelengreifer;Conjuro con encantamiento de élite. (3..30 segundos). Los ataques infligen +15..20 de daño y sacrifican 15..20 de salud. Habilidad de PvE;0;6;23;4;0;5;1;15;0;0;1;1;0;0;0;
3424;Más allá del límite;Über die Grenze hinaus;Conjuro con encantamiento de élite. Los hechizos se lanzan un 20..50 % más rápido y se recargan un 40..80 % más rápido. Sufrirás agotamiento de forma constante mientras permanezca activo. Habilidad de PvE;0;12;23;6;-1;5;1;20;0;0;1;1;0;0;0;
3425;Golpe del juicio;Urteilsschlag;Ataque cuerpo a cuerpo de élite. Atacas al objetivo y a los enemigos adyacentes e infliges +13..30 de daño sagrado. Derribas a los enemigos que ataquen. Habilidad de PvE;0;16;3;3;0;5;1;8;0;0;1;1;0;0;0;
3426;Postura de las siete armas;Sieben Waffen-Haltung;Actitud de élite. (3..20 segundos). Los atributos de las armas aumentan en 1..15. Atacas 33 % más rápido. Habilidad de PvE;0;17;29;1;0;5;0;20;0;0;1;1;0;0;0;
3427;"¡Todos a una!";"Gemeinsam als Eines!";Grito de élite. Durante 3..15 segundoss, todos los miembros de tu grupo que estén cerca de ti o de tu mascota infligirán +5..15 de daño adicional al atacar y obtendrán +1..7 de regeneración de salud. Habilidad de PvE;0;23;20;2;0;10;0;15;0;0;1;1;0;0;0;
3428;Robo sombrío;Schattendiebstahl;Habilidad de élite. Das un paso sombrío hasta el enemigo objetivo. Durante 5..20 segundos, los atributos de ese enemigo se reducirán en 1..5 y los tuyos aumentarán en 1..5. Cuenta como ataque inicial. Habilidad de PvE;0;35;1;7;0;5;.25;20;0;0;1;1;0;0;0;
3429;Armas de las tres forjas;Waffen aus drei Schmieden;Conjuro con arma de élite. (3..20 segundos). Los aliados que puedan oírte ganan el efecto de un hechizo de arma al azar. No afecta a espíritus aliados. Habilidad de PvE;0;36;27;8;0;10;2;15;0;0;1;1;0;0;0;
3430;Voto de la revolución;Schwur der Revolution;Conjuro con encantamiento de élite. (3..10 segundos). Ganas +1..6 de regeneración de energía. Renovación: cada vez que usas una habilidad que no sea de derviche. Habilidad de PvE;0;44;23;10;0;10;1;20;0;0;1;1;0;0;0;
3431;Estribillo heroico;Heroischer Refrain;Eco de élite. (3..15 segundos). El aliado objetivo gana +1..3 a todos los atributos. Renovación: cada vez que termina un cántico o un grito que afecta a este aliado. No afecta a espíritus aliados. Habilidad de PvE;0;40;14;9;0;5;1;10;0;0;1;1;0;0;0;
3446;Soul Ignition;Soul Ignition;Conjuro con encantamiento. Reduce Overcast by 1..2 per second. You and all adjacent foes are afflicted with burning.;0;12;23;6;-1;10;.5;30;0;0;0;1;0;0;0;
