0;No Skill;Keine Fertigkeit;Empty skill slot;0;-1;0;0;0;0;0;0;0;0;0;0;0;0;0;
1;Sello de curación;Siegel der Heilung;Sello. Ganas 82..172 de salud. Tendrás -40 de armadura cuando uses esta habilidad.;0;21;21;1;0;0;2;4;0;0;0;0;0;0;0;
2;Sello de resurrección;Siegel der Wiederbelebung;Sello. Resucitas a un aliado, que regresa a la vida con 100% de salud y 25% de energía. Este sello sólo volverá a estar activado cuando consigas un aumento de moral.;0;-1;21;0;0;0;3;0;0;0;0;0;0;0;0;
3;Sello de captura;Siegel der Erbeutung;Sello. Escoges una habilidad de un jefe muerto cercano de tu profesión. Sustituirá de forma permanente al Sello de captura. Si la habilidad es de élite ganarás 250 PE por cada nivel que seas.;0;-1;21;0;0;0;2;2;0;0;0;1;0;0;0;
5;Bloqueo de poder;Kraftblock;Conjuro de élite. Si el enemigo objetivo está lanzando un conjuro o cántico, se cancelará, y esa habilidad y todas las del mismo atributo quedarán anuladas durante 1..12 segundos.;1;2;22;5;0;15;.25;20;0;0;1;0;0;0;0;
6;Mantra de la tierra;Mantra der Erde;Actitud. Durante 30..90 segundos, siempre que recibas daño de tierra, el daño se reduce en un 26..50% y ganas 2 de energía.;0;3;29;5;0;10;0;20;0;0;0;0;0;0;0;
7;Mantra de la llama;Mantra des Feuers;Actitud. Durante 30..90 segundos, siempre que recibas daño de fuego, el daño se reduce en un 26..50% y ganas 2 de energía.;0;3;29;5;0;10;0;20;0;0;0;0;0;0;0;
8;Mantra del frío;Mantra des Frosts;Actitud. Durante 30..90 segundos, siempre que recibas daño frío, el daño se reduce en un 26..50% y ganas 2 de energía.;0;3;29;5;0;10;0;20;0;0;0;0;0;0;0;
9;Mantra del relámpago;Mantra des Blitzes;Actitud. Durante 30..90 segundos, siempre que recibas daño de relámpago, el daño se reduce en un 26..50% y ganas 2 de energía.;0;3;29;5;0;10;0;20;0;0;0;0;0;0;0;
10;Destructor de maleficios;Gebrochene Verhexung;Actitud. Durante 5..80 segundos, la próxima vez que seas la víctima de un maleficio, éste no tendrá efecto y el que te ataque recibirá 10..46 de daño.;0;2;29;5;0;5;0;15;0;0;0;0;0;0;0;
11;Distorsión;Verzerrung;Actitud. Durante 1..5 segundos, tendrás un 75% de posibilidades de bloquear ataques. Siempre que bloquees un ataque de esta forma, pierdes 2 de energía o la Distorsión finalizará.;1;1;29;5;0;5;0;8;0;0;0;0;0;0;0;
13;Mantra de recuperación;Mantra der Erholung;Actitud de élite. Durante 5..20 segundos, los conjuros que lances se recargarán un 33% más rápido.;0;0;29;5;0;5;0;15;0;0;1;0;0;0;0;
14;Mantra de persistencia;Mantra des Bestehens;Actitud. Durante 5..25 segundos, cualquier maleficio de magia de ilusión que lances durará un 10..40% más.;0;3;29;5;0;5;0;15;0;0;0;0;0;0;0;
15;Mantra de inscripciones;Mantra der Inschriften;Actitud. Durante 5..25 segundos, los sellos que actives mientras mantengas esta actitud se recargan un 10..40% más rápido.;0;3;29;5;0;10;0;20;0;0;0;0;0;0;0;
16;Mantra de concentración;Mantra der Konzentration;Actitud. Durante 1..38 segundos, no se te podrá interrumpir la próxima vez que lo intenten.;1;3;29;5;0;5;0;30;0;0;0;0;0;0;0;
17;Mantra de determinación;Mantra des Abschlusses;Actitud. Durante 30..90 segundos no podrás ser interrumpido, pero cada vez que se te hubiera podido interrumpir, perderás 10..4 de energía o el Mantra de determinación finalizará.;0;3;29;5;0;10;0;20;0;0;0;0;0;0;0;
18;Mantra de sellos;Mantra der Siegel;Actitud. Durante 10..40 segundos, tienes +3 de armadura por cada sello que lleves. Cada vez que utilizas un sello, ganas 5..60 de salud.;1;3;29;5;0;5;0;20;0;0;0;0;0;0;0;
19;Fragilidad;Zerbrechlichkeit;Conjuro con maleficio. Durante 8..20 segundos, el enemigo objetivo y los que le rodeen recibirán 5..20 de daño cada vez que sufran o se recuperen de una nueva condición.;0;1;24;5;0;5;1;5;0;0;0;0;0;0;0;
21;Encantamiento inspirado;Inspirierte Verzauberung;Conjuro. Quitas un encantamiento del enemigo objetivo y obtienes 3..15 de energía. Durante 20 segundos, el Encantamiento inspirado será sustituido por el encantamiento que se haya quitado al enemigo.;1;3;22;5;0;10;1;0;0;0;0;0;0;0;0;
22;Maleficio inspirado;Inspirierte Verhexung;Conjuro. Se elimina un maleficio del objetivo (un aliado o tú mismo) y obtienes 4..10 de energía. Durante 20 segundos, el Maleficio inspirado será sustituido por el maleficio que hayas quitado.;1;3;22;5;0;5;1;0;0;0;0;0;0;0;0;
23;Punzada de poder;Kraftdorn;Conjuro. Si el enemigo objetivo está lanzando un conjuro o cántico, éste se interrumpirá y el enemigo recibirá 30..120 de daño.;0;2;22;5;0;5;.25;12;0;0;0;0;0;0;0;
24;Pérdida de poder;Kraftleck;Conjuro. Si el enemigo objetivo está lanzando un conjuro o cántico, éste se interrumpirá y el enemigo objetivo perderá 3..17 de energía.;1;2;22;5;0;10;.25;20;0;0;0;0;0;0;0;
25;Drenaje de poder;Kraftentzug;Conjuro. Si el enemigo objetivo está lanzando un conjuro o cántico, éste se interrumpirá y ganarás 1..31 de energía.;0;3;22;5;0;5;.25;20;0;0;0;0;0;0;0;
26;Empatía;Empathie;Conjuro con maleficio. Durante 5..15 segundos, siempre que el enemigo objetivo ataque, éste recibirá 10..55 de daño y hará 1..15 menos de daño.;0;2;24;5;0;10;2;10;0;0;0;0;0;0;0;
27;Destruir ilusiones;Täuschungen brechen;Conjuro. Quitas un maleficio de hipnotizador al enemigo objetivo. Si lo haces, el enemigo recibe 15..75 de daño y todos los adyacentes sufren un 75 % de ese daño.;1;2;22;5;0;5;.25;6;0;0;0;0;0;0;0;
28;Detonación;Rückschlag;Conjuro con maleficio. Durante 10 segundos, siempre que el enemigo objetivo lance un conjuro, ese enemigo recibirá 35..140 de daño.;0;2;24;5;0;15;3;20;0;0;0;0;0;0;0;
29;Suspensión;Blackout;Habilidad. Durante 2..8 segundos, se desactivan todas las habilidades del enemigo al que toques, al igual que todas las tuyas por 5 segundos.;1;2;1;5;0;10;1;12;0;0;0;0;0;0;0;
30;Distracción;Ablenkung;Conjuro con maleficio. Durante 6 segundos, la próxima vez que el enemigo objetivo utilice una habilidad tardará 10..56 segundos adicionales en recargarse.;0;2;24;5;0;10;3;12;0;0;0;0;0;0;0;
31;Conjurar fantasma;Trugbild beschwören;Conjuro con maleficio. Durante 4..18 segundos, el enemigo objetivo sufre una degeneración de salud de -5.;0;1;24;5;0;10;1;5;0;0;0;0;0;0;0;
32;Ilusión de debilidad;Illusion der Schwäche;Conjuro con encantamiento. Pierdes 50..240 de salud. La Ilusión de debilidad finalizará si tu salud pasa a estar por debajo del 25% del máximo. Cuando termine esta habilidad, recuperarás 50..240 de salud.;1;1;23;5;0;10;2;30;0;0;0;0;0;0;0;
33;Armamento irreal;Illusion der Waffen;Conjuro con encantamiento de élite. Durante 30 segundos, tus ataques cuerpo a cuerpo no impactan ni fallan. En su lugar, el Armamento irreal hace 20..60 de daño a los objetivos con cada ataque cuerpo a cuerpo. Tienes +5 de armadura por cada habilidad de magia de ilusión equipada.;1;1;23;5;0;5;1;10;0;0;1;0;0;0;0;
34;Semblante cordial;Sympathisches Gesicht;Conjuro con encantamiento. Durante 4..10 segundos, siempre que el objetivo (un aliado o tú mismo) sea golpeado en un ataque cuerpo a cuerpo, todos los enemigos cercanos pierden su adrenalina y 3 de energía.;1;1;23;5;0;10;1;20;0;0;0;0;0;0;0;
35;Ignorancia;Ignoranz;Conjuro con maleficio. Durante 8..20 segundos, el enemigo objetivo no puede utilizar sellos.;0;2;24;5;0;10;1;10;0;0;0;0;0;0;0;
36;Acertijo arcano;Arkanes Rätsel;Conjuro con maleficio. Durante 5..15 segundos, el enemigo objetivo y los adyacentes necesitarán el doble de tiempo para lanzar conjuros. Cuando este maleficio acabe, ganas 1..7 de energía.;0;1;24;5;0;10;2;30;0;0;0;0;0;0;0;
37;Ilusión de velocidad;Illusion der Eile;Conjuro con encantamiento. Durante 5..11 segundos no estarás lisiado y podrás moverte un 33% más rápido. Cuando termine la Ilusión de velocidad, estarás lisiado durante 3 segundos.;0;1;23;5;0;5;1;5;0;0;0;0;0;0;0;
38;Canalización;Kanalisieren;Conjuro con encantamiento. Durante 8..56 segundos, siempre que lances un conjuro, ganas 1 de energía por cada enemigo en la zona.;1;3;23;5;0;5;1;10;0;0;0;0;0;0;0;
39;Sobretensión de energía;Energiewelle;Conjuro de élite. El enemigo objetivo pierde 1..10 de energía. Por cada punto de energía que pierda, ese enemigo recibe 7 de daño y todos los enemigos cercanos sufren un 75 % de ese daño.;0;2;22;5;0;5;2;15;0;0;1;0;0;0;0;
40;Festín de éter;Ätherschmaus;Conjuro. El enemigo objetivo pierde 3 de energía. Te curas 20..65 de salud por cada punto de energía perdido.;0;3;22;5;0;5;1;8;0;0;0;0;0;0;0;
41;Señor del éter;Herr über den Äther;Conjuro con maleficio. Pierdes toda tu energía. Durante 5..10 segundos, el enemigo objetivo sufre una degeneración de energía de -1..3 y tú obtienes una regeneración de energía de +1..3.;1;3;24;5;0;5;2;20;0;0;0;0;0;0;0;
42;Quemadura de energía;Energiebrand;Conjuro. El enemigo objetivo pierde 1..10 de energía y recibe 9 de daño por cada punto de energía que pierda.;0;2;22;5;0;10;2;20;0;0;0;0;0;0;0;
43;Torpeza;Ungeschick;Conjuro con maleficio. Durante 4 segundos, el enemigo objetivo y los adyacentes tienen el maleficio Torpeza. La próxima vez que alguno de ellos ataque, éste se interrumpe y el enemigo recibe 10..80 de daño.;0;1;24;5;0;10;2;12;0;0;0;0;0;0;0;
44;Dolor fantasma;Phantomschmerz;Conjuro con maleficio. Durante 10 segundos, el enemigo objetivo sufre una degeneración de -1..4 de salud. Cuando finalice el Dolor fantasma, ese enemigo sufrirá una herida grave, lo que reducirá su salud máxima en un 20% durante 5..20 segundos.;1;1;24;5;0;5;2;10;0;0;0;0;0;0;0;
45;Carga etérea;Ätherische Bürde;Conjuro con maleficio. Durante 6..12 segundos, el enemigo objetivo se moverá un 50% más lento. Cuando la Carga etérea finalice, ganarás 10..18 de energía.;1;1;24;5;0;15;1.5;30;0;0;0;0;0;0;0;
46;Culpa;Schuld;Conjuro con maleficio. Durante 6 segundos, la próxima vez que el enemigo objetivo lance un conjuro sobre un enemigo, el conjuro fallará y le robarás un máximo de 5..14 de energía.;1;2;24;5;0;5;2;25;0;0;0;0;0;0;0;
47;Ineptitud;Unbeholfenheit;Conjuro con maleficio de élite. Durante 4 segundos, la próxima vez que el enemigo objetivo y cualquier enemigo adyacente a él ataque, recibirán 30..135 de daño y se quedarán cegados durante 10 segundos.;1;1;24;5;0;10;1;15;0;0;1;0;0;0;0;
48;Espíritu del fracaso;Geist des Versagens;Conjuro con maleficio. Durante 30 segundos, el enemigo objetivo tiene un 25% de posibilidades de fallar en sus ataques. Ganas 1..3 de energía por cada fallo.;1;3;24;5;0;15;3;20;0;0;0;0;0;0;0;
49;Sacudida mental;Geistiges Wrack;Conjuro con maleficio. Durante 5..40 segundos, cuando este enemigo es el objetivo de cualquiera de tus habilidades de Hipnotizador que no sean un maleficio, pierde 1 de energía y recibe 5..25 de daño por cada punto de energía perdido. Si el enemigo objetivo pierde toda su energía, la Sacudida mental acaba y dicho enemigo recibe 15..100 de daño.;0;2;24;5;0;5;1;7;0;0;0;0;0;0;0;
50;Preocupación del gandul;Verschwendung;Conjuro con maleficio. Después de 3 segundos, el enemigo objetivo recibe 20..100 de daño y todos los adyacentes sufren un 75 % de ese daño. Si ese enemigo utiliza una habilidad con éxito, la Preocupación del gandul finalizará prematuramente y no hará ningún daño.;1;2;24;5;0;5;.25;2;0;0;0;0;0;0;0;
51;Vergüenza;Schande;Conjuro con maleficio. Durante 6 segundos, la próxima vez que el enemigo objetivo lance un conjuro sobre un aliado, el conjuro fallará y le robarás un máximo de 5..14 de energía.;1;2;24;5;0;10;2;30;0;0;0;0;0;0;0;
52;Pánico;Panik;Conjuro con maleficio de élite. Durante 1..10 segundos, el enemigo objetivo y los enemigos cercanos sufren el maleficio del Pánico. Cuando un enemigo con el maleficio del Pánico utiliza una habilidad con éxito, se interrumpe la acción de todos los enemigos cercanos a él.;1;2;24;5;0;10;1;15;0;0;1;0;0;0;0;
53;Migraña;Migräne;Conjuro con maleficio de élite. Durante 5..20 segundos, el enemigo objetivo sufre una degeneración de salud de -1..8 y tardará un 100% más en activar sus habilidades.;1;1;24;5;0;10;2;12;0;0;1;0;0;0;0;
54;Angustia agobiante;Verkrüppelnde Qual;Conjuro con maleficio de élite. Durante 5..20 segundos, el enemigo objetivo se mueve y ataca un 50% más lento y sufre una degeneración de salud de -1..8.;0;1;24;5;0;5;1;12;0;0;1;0;0;0;0;
55;Sueños febriles;Fieberträume;Conjuro con maleficio de élite. Durante 10..25 segundos, siempre que el objetivo enemigo sufra una nueva condición, todos los enemigos de la zona también sufrirán la misma. Si el enemigo objetivo tiene dos o más condiciones, queda aturdido durante 1..3 segundos.;1;1;24;5;0;5;1;10;0;0;1;0;0;0;0;
56;Imágenes relajantes;Beruhigende Bilder;Conjuro con maleficio. Durante 8..20 segundos, el enemigo objetivo y los adyacentes no pueden ganar adrenalina.;0;1;24;5;0;15;2;8;0;0;0;0;0;0;0;
57;Grito de frustración;Schrei der Frustration;Conjuro. Si el enemigo objetivo está utilizando una habilidad, ese enemigo y todos los de la zona serán interrumpidos. El enemigo recibe 15..75 de daño y todos los enemigos cercanos sufren un 75 % de ese daño.;0;2;22;5;0;10;.25;20;0;0;0;0;0;0;0;
58;Sello de la medianoche;Siegel der Mitternacht;Sello de élite. Tú y el enemigo al que toques pasareis a estar ciegos durante 15 segundos.;1;-1;21;5;0;0;2;10;0;0;1;0;0;0;0;
59;Sello del cansancio;Siegel der Müdigkeit;Sello. El enemigo objetivo y los cercanos a él pierden 3..8 de energía y quedan debilitados durante 1..12 segundos.;1;2;21;5;0;0;2;30;0;0;0;0;0;0;0;
61;Sello de la sanguijuela;Blutsauger-Siegel;Sello. Interrumpe la acción del enemigo objetivo. Si la acción era un conjuro, ganarás 3..15 de energía.;0;3;21;5;0;0;.25;30;0;0;0;0;0;0;0;
62;Sello de la humildad;Siegel der Demut;Sello. La habilidad de élite del enemigo objetivo se desactiva durante 1..16 segundos. Tus habilidades que no sean de Hipnotizador se desactivan durante 4 segundos.;0;3;21;5;0;0;3;20;0;0;0;0;0;0;0;
63;Sello de la piedra angular;Schlussstein-Siegel;Sello de élite. Todos tus otros sellos excepto el Sello de la piedra angular se recargarán. Durante 20 segundos, las próximas 0..6 veces que utilices un sello que alcance a un enemigo, todos los enemigos adyacentes a tu objetivo reciben 15..60 de daño y se interrumpe su acción.;1;0;21;5;0;0;1;15;0;0;1;0;0;0;0;
65;Imitación arcana;Arkane Mimikry;Conjuro. Durante 20 segundos, dispondrás de la habilidad de élite del aliado objetivo (siempre que no sea una forma).;0;-1;22;5;0;15;2;60;0;0;0;0;0;0;0;
66;Grilletes espirituales;Geistfesseln;Conjuro con maleficio. Durante 5..20 segundos, el enemigo objetivo perderá 5 de energía siempre que ataque.;0;3;24;5;0;10;3;8;0;0;0;0;0;0;0;
67;Destruir maleficio;Verhexung brechen;Conjuro. Se elimina un maleficio del objetivo (un aliado o tú mismo). Si se quita un maleficio, los enemigos cercanos a ese aliado reciben 30..120 de daño.;0;2;22;5;0;10;1;10;0;0;0;0;0;0;0;
68;Drenar encantamiento;Verzauberung entziehen;Conjuro. Quitas un encantamiento del enemigo objetivo. Si se quita un encantamiento, ganarás 8..17 de energía y 40..120 de salud.;0;3;22;5;0;5;2;20;0;0;0;0;0;0;0;
69;Destruir encantamiento;Verzauberung brechen;Conjuro. Quita un encantamiento del enemigo objetivo. Si se quita un encantamiento, ese enemigo recibirá 14..100 de daño.;0;2;22;5;0;10;1;20;0;0;0;0;0;0;0;
72;Resistencia elemental;Elementarwiderstand;Actitud. Durante 30..90 segundos, ganarás +40 de armadura contra daño elemental, pero perderás 24..12 contra daño físico.;1;3;29;5;0;10;0;20;0;0;0;0;0;0;0;
73;Resistencia física;Körperlicher Widerstand;Actitud. Durante 30..90 segundos, ganarás +40 de armadura contra daño físico, pero perderás 24..12 contra daño elemental.;1;3;29;5;0;10;0;20;0;0;0;0;0;0;0;
74;Eco;Echo;Conjuro con encantamiento de élite. Durante 30 segundos, el Eco se reemplaza por la siguiente habilidad que utilices. El Eco funciona como esta habilidad durante 30 segundos.;0;-1;23;5;0;5;1;10;0;0;1;0;0;0;0;
75;Eco arcano;Arkanes Echo;Conjuro con encantamiento. Si lanzas un conjuro en los siguientes 20 segundos, el Eco arcano es reemplazado por ese conjuro durante 20 segundos. Finalizará antes de tiempo si utilizas una habilidad que no sea un conjuro.;0;-1;23;5;0;15;2;20;0;0;0;0;0;0;0;
76;Carga imaginaria;Eingebildete Bürde;Conjuro con maleficio. Durante 8..20 segundos, el enemigo objetivo se moverá un 50% más lento.;0;1;24;5;0;15;1;30;0;0;0;0;0;0;0;
77;Tormenta del caos;Chaossturm;Conjuro. Creas una Tormenta del caos en la ubicación del enemigo objetivo que dura 10 segundos. Cada segundos, los enemigos adyacentes a su ubicación recibirán 5..25 de daño y perderán 0..2 de energía.;1;2;22;5;0;5;2;30;0;0;0;0;0;0;0;
78;Epidemia;Epidemie;Conjuro. Propagas a todos los enemigos adyacentes a tu objetivo todas las condiciones negativas que éste tenga con el tiempo que les quede para que terminen.;0;-1;22;5;0;5;.25;5;0;0;0;0;0;0;0;
79;Drenaje de energía;Energieentzug;Conjuro de élite. El enemigo objetivo pierde 2..9 de energía. Tú ganas 3 puntos de energía por cada uno perdido.;0;3;22;5;0;5;1;20;0;0;1;0;0;0;0;
80;Grifo de energía;Energie abzapfen;Conjuro. El enemigo objetivo pierde 4..7 de energía y tú ganas 2 puntos de energía por cada uno perdido.;0;3;22;5;0;5;2;30;0;0;0;0;0;0;0;
81;Robo arcano;Arkaner Diebstahl;Conjuro. Durante 5..35 segundos, un conjuro aleatorio del enemigo objetivo se desactiva y el Robo arcano es sustituido por ese conjuro.;1;2;22;5;0;10;1;0;0;0;0;0;0;0;0;
82;Mantra del recuerdo;Mantra der Zurückrufung;Conjuro con encantamiento de élite. Durante 20 segundos, no obtendrás beneficio de él. Ganarás 10..25 de energía cuando el Mantra del recuerdo finalice.;1;3;23;5;0;10;1;30;0;0;1;0;0;0;0;
83;Animar horror de hueso;Knochenschreck beleben;Conjuro. Explotas al cadáver más cercano para crear un Horror de Hueso de nivel 1..17.;1;5;22;4;0;5;1;5;0;0;0;0;0;0;0;
84;Animar demonio de hueso;Knochenteufel beleben;Conjuro. Explotas al cadáver más cercano para crear un Demonio de Hueso de nivel 1..17, que podrá atacar a distancia.;0;5;22;4;0;15;1;5;0;0;0;0;0;0;0;
85;Animar siervos de hueso;Knochendiener beleben;Conjuro. Explotas al cadáver más cercano para crear dos Siervos de Hueso de nivel 0..12.;0;5;22;4;0;10;1;5;0;0;0;0;0;0;0;
86;Balanza de Grenth;Grenths Ausgleich;Conjuro de élite. Si el enemigo objetivo tiene más salud, ganarás la mitad de la diferencia (o hasta que se llene del todo tu barra de salud) y éste la perderá. Si el enemigo tiene menos salud que tú, perderás la mitad de la diferencia, y él ganará la misma cantidad.;0;-1;22;4;0;10;.25;10;0;0;1;0;0;0;0;
87;Mirada de Verata;Veratas Starren;Conjuro. Si el muerto viviente enemigo objetivo tiene un maestro, se romperá el vínculo con éste, lo que lo convertirá en hostil para las demás criaturas. Si no tiene maestro, pasarás a serlo tú y lo curarás por valor de 60..80. (50 % de posibilidades de fallo con magia de muerte 4 o inferior).;1;5;22;4;0;5;1;5;0;0;0;0;0;0;0;
88;Aura de Verata;Veratas Aura;Conjuro con encantamiento. Todos los muertos vivientes hostiles del área pasarán a estar vinculados contigo. El Aura de Verata acaba a los 120..300 segundos. Cuando finalice, perderás el vínculo que tengas con los muertos vivientes. (50% de posibilidades de fallo con Magia de muerte 4 o inferior).;1;5;23;4;0;15;.75;30;0;33;0;0;0;0;0;
89;Escalofrío de muerte;Tödliche Kühlung;Conjuro. El enemigo objetivo recibe 5..50 de daño frío. Si la salud de ese enemigo está por encima del 50%, le haces 5..50 de daño de sombra adicional.;1;5;22;4;0;10;1;5;0;0;0;0;0;0;0;
90;Sacrificio de Verata;Veratas Opfer;Conjuro. Durante 5..10 segundos, tus muertos vivientes aliados recuperan +10 de salud y todas las condiciones desaparecen de ellos y pasan a ti. Si este conjuro tiene éxito y controlas 3 siervos o menos, se recargará de forma inmediata.;1;5;22;4;0;10;2;60;0;15;0;0;0;0;0;
91;Pozo de poder;Brunnen der Kraft;Conjuro de pozo de élite. Explotas el cadáver más cercano o sacrificas un 66 % de salud para crear un Pozo de poder en esa ubicación. Durante 10..30 segundos, los aliados dentro de la zona del Pozo de poder regenerarán +1..6 de salud y +2 de energía.;1;4;28;4;0;5;1;10;0;0;1;0;0;0;0;
92;Pozo de sangre;Brunnen des Blutes;Conjuro de pozo. Explotas el cadáver más cercano o sacrificas un 66 % de salud para crear un Pozo de sangre en esa ubicación. Durante 8..20 segundos, los aliados que haya en el área ganarán +1..6 de regeneración de salud.;0;4;28;4;0;10;1;2;0;0;0;0;0;0;0;
93;Pozo de sufrimiento;Brunnen des Leidens;Conjuro de pozo. Explotas el cadáver más cercano o sacrificas un 66 % de salud para crear un Pozo de sufrimiento en esa ubicación. Durante 10..30 segundos, los enemigos que se encuentren en esa zona sufren -1..6 de degeneración de salud.;1;5;28;4;0;10;1;10;0;0;0;0;0;0;0;
94;Pozo del profano;Gottloser Brunnen;Conjuro de pozo. Explotas el cadáver más cercano o sacrificas un 66 % de salud para crear un Pozo del profano en esa ubicación. Durante 8..20 segundos, los enemigos del área se librarán de todos los encantamientos y no podrán ser objetivo de otros encantamientos. (50 % de probabilidad de fallar con magia de muerte 4 o inferior).;0;5;28;4;0;25;3;10;0;0;0;0;0;0;0;
95;Explosión de putrefacción;Explosion der Verwesung;Conjuro. El cadáver más cercano al objetivo explota, enviando una onda expansiva que hará 24..120 de daño a todos los enemigos cercanos.;0;5;22;4;0;10;1;5;0;0;0;0;0;0;0;
96;Festín de almas;Seelenschmaus;Conjuro. Explotas al cadáver más cercano para ganar 50..280 de salud.;0;5;22;4;0;10;1;0;0;0;0;0;0;0;0;
97;Travesía necrótica;Nekrotische Verwechslung;Conjuro. Explotas un cadáver cualquiera o sacrificas 30..20 % de salud para teletransportarte a la ubicación de tu enemigo. Caes enfermo[f:"enferma"] durante 6 segundos y todos los enemigos cercanos quedan envenenados durante 5..20 segundos.;1;5;22;4;0;5;.75;0;0;0;0;0;0;0;0;
98;Consumir cadáver;Kadaver verzehren;Conjuro. Explotas un cadáver cualquiera para teletransportarte a esa ubicación y conseguir 25..100 de salud y 5..20 de energía.;1;5;22;4;0;5;1;0;0;0;0;0;0;0;0;
99;Vínculo parasitario;Parasitäre Fesseln;Conjuro con maleficio. Durante 20 segundos, el enemigo objetivo sufre una degeneración de salud de -1. Te curarás 30..120 de salud cuando finalice el Vínculo parasitario.;0;7;24;4;0;5;1;2;0;0;0;0;0;0;0;
100;Púas del alma;Seelenwiderhaken;Conjuro con maleficio. Durante 30 segundos, el enemigo objetivo recibe 15..30 de daño cuando se lance un encantamiento o maleficio sobre él.;1;7;24;4;0;10;2;10;0;0;0;0;0;0;0;
101;Púas;Widerhaken;Conjuro con maleficio. Durante 30 segundos, el enemigo objetivo recibe 4..16 de daño cuando reciba daño físico.;0;7;24;4;0;10;1;5;0;0;0;0;0;0;0;
102;Golpe de las sombras;Schattenschlag;Conjuro. El enemigo objetivo recibe 12..48 de daño de sombra. Si la salud de ese enemigo está por encima del 50%, le robarás 12..48 de salud.;1;4;22;4;0;10;2;15;0;0;0;0;0;0;0;
103;Precio del fracaso;Preis des Versagens;Conjuro con maleficio. Durante 30 segundos, el enemigo objetivo tendrá un 25% de posibilidades de fallar sus ataques y recibirá 1..46 de daño siempre que falle.;1;7;24;4;0;15;2;20;0;0;0;0;0;0;0;
104;Nova de muerte;Todesnova;Conjuro con encantamiento. Durante 30 segundos, si el objetivo (un aliado o tú mismo) muere, todos los enemigos cercanos recibirán 26..100 de daño y estarán envenenados durante 15 segundos.;0;5;23;4;0;5;2;0;0;0;0;0;0;0;0;
105;Enjambre mortal;Tödlicher Schwarm;Conjuro. El Enjambre mortal sobrevolará lentamente un máximo de tres objetivos en la zona y les hará 30..90 de daño de frío.;0;5;22;4;0;10;2;6;0;0;0;0;0;0;0;
106;Carne pútrida;Verrottendes Fleisch;Conjuro. El enemigo de carne objetivo queda enfermo durante 10..25 segundos y perderá salud lentamente.;0;5;22;4;0;15;3;3;0;0;0;0;0;0;0;
107;Virulencia;Ansteckung;Conjuro de élite. Si el enemigo objetivo ya tenía una condición, ese enemigo pasará a estar enfermo, envenenado y debilitado durante 3..15 segundos.;1;5;22;4;0;5;1;15;0;0;1;0;0;0;0;
108;Sufrimiento;Leiden;Conjuro con maleficio. Durante 6..30 segundos, el enemigo objetivo y todos los enemigos cercanos sufrirán -0..3 de degeneración de salud.;0;7;24;4;0;15;1;10;0;0;0;0;0;0;0;
109;Grifo de vida;Leben abzapfen;Conjuro con maleficio. Durante 12..24 segundos, el enemigo objetivo sufrirá una degeneración de salud de - 1..3, y tú obtendrás una regeneración de salud de +1..3.;0;4;24;4;0;10;1;5;0;0;0;0;0;0;0;
110;Festín impío;Unheiliger Schmaus;Conjuro. Robas 10..65 de salud de hasta 1..4 enemigos en la zona.;0;4;22;4;0;15;.75;8;0;0;0;0;0;0;0;
111;Despertar la sangre;Das Blut erwecken;Conjuro con encantamiento. Durante 20..44 segundos, ganas +2 de magia de sangre y +2 de maldiciones, pero siempre que sacrifiques salud, sacrificarás un 50% más de lo normal.;1;4;23;4;0;10;1;45;0;0;0;0;0;0;0;
112;Profanación de encantamientos;Verzauberungsschändung;Conjuro. El enemigo objetivo y todos los enemigos cercanos reciben 6..60 de daño de sombra y 4..20 de daño de sombra por cada encantamiento que tengan.;1;7;22;4;0;10;2;15;0;0;0;0;0;0;0;
113;Carne infectada;Verdorbenes Fleisch;Conjuro con encantamiento de élite. Durante 20..44 segundos, los aliados de la zona son inmunes a enfermedades, y todo el que le golpee en combate cuerpo a cuerpo pasará a estar enfermo durante 3..15 segundos.;0;5;23;4;0;5;1;0;0;0;1;0;0;0;0;
114;Aura del liche;Aura des Lich;Conjuro con encantamiento de élite. Explotas a todos los cadáveres al alcance del oído para animar a un horror de hueso de nivel 1..17 además de uno por cada cadáver explotado de esta manera. Durante 5..45 segundos, tu atributo magia de muerte aumenta +1.;1;5;23;4;0;15;2;45;0;0;1;0;0;0;0;
115;Renovación de la sangre;Bluterneuerung;Conjuro con encantamiento. Durante 7 segundos, ganas +3..6 de regeneración de salud. Cuando la Renovación de la sangre acabe, ganas 40..190 de salud.;1;4;23;4;0;1;1;7;0;15;0;0;0;0;0;
116;Aura oscura;Dunkle Aura;Conjuro con encantamiento. Durante 30 segundos, siempre que el objetivo (un aliado o tú mismo) sacrifique salud, el Aura oscura hará 5..50 de daño a los enemigos adyacentes y perderás 5..20 de salud.;0;5;23;4;0;10;1;10;0;0;0;0;0;0;0;
117;Debilitar;Schwächen;Conjuro. El objetivo estará debilitado durante 10..30 segundos.;1;7;22;4;0;5;.25;5;0;0;0;0;0;0;0;
118;Sangre debilitante;Schwächendes Blut;Conjuro. El enemigo objetivo y los cercanos a él quedarán debilitados durante 5..20 segundos.;0;7;22;4;0;1;1;8;0;10;0;0;0;0;0;
119;La sangre es poder;Blut ist Kraft;Conjuro con encantamiento de élite. Durante 10 segundos, el aliado objetivo ganará +3..6 de regeneración de energía.;0;4;23;4;0;1;.25;0;0;33;1;0;0;0;0;
120;Sangre del maestro;Blut des Meisters;Conjuro. Todos tus muertos vivientes recuperan 30..116 de salud. Sacrificarás además un 2% de tu salud máxima por cada siervo que se cure así.;0;5;22;4;0;5;1;2;0;5;0;0;0;0;0;
121;Espíritu rencoroso;Boshafter Geist;Conjuro con maleficio de élite. Durante 10..25 segundos, siempre que el enemigo objetivo ataque o utilice una habilidad, el Espíritu rencoroso hará 15..45 de daño de sombra a ese enemigo y a todos los enemigos adyacentes a él.;1;7;24;4;0;15;2;10;0;0;1;0;0;0;0;
122;Intervención maligna;Unheilvoller Eingriff;Conjuro con maleficio. Durante 5..20 segundos, el enemigo objetivo se beneficia un 20% menos de las curaciones. Si éste muere mientras tenga la Intervención maligna encima, se creará a un Horror de hueso sin maestro de nivel 1..17.;1;5;24;4;0;10;1;5;0;0;0;0;0;0;0;
123;Parásito insidioso;Heimtückischer Parasit;Conjuro con maleficio. Durante 5..15 segundos, cada vez que el enemigo objetivo golpee al atacar, le robarás hasta 15..45 de salud.;1;7;24;4;0;10;1;8;0;0;0;0;0;0;0;
124;Escalofríos;Rückenschauer;Conjuro con maleficio. Durante 10..40 segundos, cada vez que el enemigo objetivo reciba daño de frío al usar una habilidad, ese enemigo será interrumpido y tú perderás 8..3 de energía o finalizarán los Escalofríos.;1;7;24;4;0;10;2;15;0;0;0;0;0;0;0;
125;Marchitar;Verwelken;Conjuro con maleficio de élite. Durante 5..35 segundos, el enemigo objetivo sufre una degeneración de -2..4 de salud y de -1 de energía. Si la energía del enemigo objetivo llega a 0, Marchitar finalizará y el enemigo recibirá 15..75 de daño.;1;7;24;4;0;10;1;5;0;0;1;0;0;0;0;
126;Transferencia de vida;Lebensübertragung;Conjuro con maleficio de élite. Durante 6..12 segundos, el enemigo objetivo y los adyacentes sufrirán una degeneración de salud de -3..8, que ganarás como regeneración de salud.;1;4;24;4;0;5;1;20;0;0;1;0;0;0;0;
127;Marca de subversión;Zeichen der Subversion;Conjuro con maleficio. Durante 6 segundos, la próxima vez que el enemigo objetivo lance un conjuro sobre un aliado suyo, éste fallará y le robarás hasta 10..92 de salud.;1;4;24;4;0;10;2;30;0;0;0;0;0;0;0;
128;Sanguijuela del alma;Seelenfresser;Conjuro con maleficio de élite. Durante 10 segundos, siempre que el enemigo objetivo lance un conjuro, le robarás hasta 16..80 de salud.;1;4;24;4;0;15;1;7;0;0;1;0;0;0;0;
129;Profanar la carne;Fleisch schänden;Conjuro con maleficio. Durante 5..35 segundos, el enemigo objetivo se beneficiará sólo dos tercios de las curaciones.;0;7;24;4;0;10;1;10;0;10;0;0;0;0;0;
130;Carne demoníaca;Dämonenfleisch;Conjuro con encantamiento. Durante 30..60 segundos, siempre que uses una habilidad sobre un enemigo, haces 5..20 de daño de sombra a todos los demás enemigos que tengas adyacentes.;0;4;23;4;0;5;1;30;0;0;0;0;0;0;0;
131;Sello de espinas;Siegel der Widerhaken;Sello. Causas hemorragia durante 3..15 segundos al enemigo objetivo y a todos los adyacentes.;0;4;21;4;0;0;1;10;0;8;0;0;0;0;0;
132;Sello pestilente;Pest-Siegel;Sello de élite. Transfiere todas tus condiciones negativas con un 100..200% de la duración restante al enemigo objetivo. (50% de posibilidades de fallar con Maldiciones de nivel 4 o inferior.);0;7;21;4;0;0;1;4;0;0;1;0;0;0;0;
133;Pacto oscuro;Dunkler Pakt;Conjuro. Haces 20..60 de daño de sombra al enemigo objetivo.;0;4;22;4;0;1;1;2;0;10;0;0;0;0;0;
134;Orden del dolor;Orden der Schmerzen;Conjuro con encantamiento. Durante 5 segundos, siempre que un miembro del grupo golpee a un enemigo con daño físico, ese miembro causará +3..16 de daño adicional.;0;4;23;4;0;10;2;0;0;17;0;0;0;0;0;
135;Miedo visceral;Mutlosigkeit;Conjuro con maleficio. Durante los próximos 4..18 segundos, la velocidad de ataque del enemigo objetivo se reduce en un 50% y ese enemigo sufrirá una degeneración de salud de -1..3.;0;7;24;4;0;10;1;8;0;0;0;0;0;0;0;
136;Sombra del miedo;Schatten der Angst;Conjuro con maleficio. El enemigo objetivo y todos los enemigos adyacentes atacarán un 50% más lento de lo normal durante los próximos 5..30 segundos.;1;7;24;4;0;10;2;5;0;0;0;0;0;0;0;
137;Rigor mortis;Totenstarre;Conjuro con maleficio. Durante 8..20 segundos, el enemigo objetivo no puede bloquear ataques.;0;7;24;4;0;10;1;20;0;0;0;0;0;0;0;
138;Vínculo oscuro;Dunkles Band;Conjuro con encantamiento. Durante los próximos 30..60 segundos, siempre que recibas daños, el 75% de ese daño lo sufrirá tu siervo más cercano.;0;4;23;4;0;5;2;20;0;0;0;0;0;0;0;
139;Infundir condición;Zustand einflößen;Conjuro con encantamiento. Durante los próximos 15..60 segundos, cuando recibas una condición la sufrirá tu siervo más cercano.;1;5;23;4;0;5;1;20;0;0;0;0;0;0;0;
140;Malestar;Unwohlsein;Conjuro con maleficio. Durante 5..35 segundos, el enemigo objetivo sufre una degeneración de -1 de energía y tú una degeneración de -1 de salud. Si la energía del enemigo objetivo llega a 0, el Malestar finalizará y el enemigo recibirá 5..50 de daño.;1;7;24;4;0;5;2;2;0;0;0;0;0;0;0;
141;Desgarrar encantamientos;Verzauberungen entreißen;Conjuro. Eliminas 5..9 encantamientos del enemigo objetivo. Por cada encantamiento de Monje eliminado, perderás 55..25 de salud.;0;7;22;4;0;5;2;20;0;0;0;0;0;0;0;
142;Maldición persistente;Bleibender Fluch;Conjuro con maleficio de élite. Durante 6..30 segundos, el enemigo objetivo y todos los enemigos cercanos sufrirán -1..4 de degeneración de salud y se beneficiarán un 25% menos de las curaciones.;0;7;24;4;0;15;1;10;0;0;1;0;0;0;0;
143;Quitar encantamiento;Verzauberung rauben;Conjuro. Elimina 0..2 encantamientos del enemigo objetivo. Si se quita un encantamiento, robas 5..65 de salud.;0;4;22;4;0;10;1;20;0;0;0;0;0;0;0;
144;Sabañones;Frostbeulen;Conjuro. Pasarás a estar envenenado durante 10 segundos. Los enemigos dentro de la zona de tu objetivo recibirán 10..44 de daño de frío y perderán 1..2 encantamientos.;0;7;22;4;0;25;2;8;0;0;0;0;0;0;0;
145;Sello de la agonía;Siegel der Qual;Sello. Sufres una hemorragia durante 25 segundos. Todos los enemigos cercanos reciben 10..70 de daño.;0;4;21;4;0;0;.75;8;0;10;0;0;0;0;0;
146;Ofrenda de sangre;Blutopfer;Conjuro de élite. Ganas 8..20 de energía.;1;4;22;4;0;1;.25;15;0;20;1;0;0;0;0;
147;Furia oscura;Dunkle Wut;Conjuro con encantamiento. Durante 5 segundos, cada vez que un miembro del grupo golpee a alguien, ganará uno de adrenalina (50% de probabilidades de fallar con magia de sangre 4 o inferior).;1;4;23;4;0;10;.75;5;0;17;0;0;0;0;0;
148;Orden del vampiro;Orden des Vampirs;Conjuro con encantamiento de élite. Durante 5 segundos, siempre que un miembro del grupo que no esté bajo los efectos de otro encantamiento de Nigromante golpee a un enemigo con daño físico, robará hasta 3..16 de salud.;1;4;23;4;0;5;2;5;0;17;1;0;0;0;0;
149;Envío pestilente;Pest aussenden;Conjuro. Transfieres 1..3 condición[f:"condiciones"] negativas tuyas al enemigo objetivo y los adyacentes, que durarán el tiempo que le quedaba para terminar.;1;7;22;4;0;1;1;5;0;10;0;0;0;0;0;
150;Marca del dolor;Zeichen des Schmerzes;Conjuro con maleficio. Durante 30 segundos, siempre que el enemigo objetivo reciba daño físico, la Marca del dolor hará 10..40 de daño de sombra a los enemigos adyacentes.;0;7;24;4;0;10;1;20;0;0;0;0;0;0;0;
151;Festín de corrupción;Schmaus der Verdorbenheit;Conjuro de élite. El enemigo objetivo y los enemigos adyacentes recibirán 16..80 de daño de sombra. Robas hasta 8..40 de salud a cada enemigo que golpees que tenga un maleficio.;1;7;22;4;0;15;2;15;0;0;1;0;0;0;0;
152;Sabor de la muerte;Geschmack des Todes;Conjuro. Robas hasta 100..400 de salud de un muerto viviente aliado.;0;5;22;4;0;5;.25;0;0;0;0;0;0;0;0;
153;Mirada vampírica;Vampir-Starren;Conjuro. Robas hasta 18..60 de salud del enemigo objetivo.;0;4;22;4;0;10;1;8;0;0;0;0;0;0;0;
154;Toque pestilente;Pest-Berührung;Habilidad. Transfieres 1..3 condición[f:"condiciones"] negativas tuyas al enemigo que toques, que durarán el tiempo que le quedaba para terminar.;0;7;1;4;0;5;.75;0;0;0;0;0;0;0;0;
155;Toque vil;Abscheuliche Berührung;Habilidad. El enemigo objetivo al que toques recibe 20..65 de daño.;0;5;1;4;0;10;.75;2;0;0;0;0;0;0;0;
156;Toque vampírico;Vampir-Berührung;Habilidad. Toca a un enemigo para robarle hasta 29..74 de salud.;1;4;1;4;0;15;.75;2;0;0;0;0;0;0;0;
157;Ritual de sangre;Blutritual;Conjuro con encantamiento. Durante 8..14 segundos, el aliado al que toques gana +3 de regeneración de energía. No se puede usar el Ritual de sangre sobre uno mismo.;1;4;23;4;0;5;1;2;0;17;0;0;0;0;0;
158;Toque de agonía;Berührung der Qual;Habilidad. El enemigo objetivo tocado recibe 20..58 de daño de sombra.;1;4;1;4;0;1;.75;3;0;10;0;0;0;0;0;
159;Debilitar armadura;Rüstung schwächen;Conjuro. El enemigo objetivo y los adyacentes tienen la armadura rota durante 5..20 segundos.;0;7;22;4;0;5;.5;5;0;0;0;0;0;0;0;
160;Velocidad del viento;Windgeschwindigkeit;Conjuro con encantamiento. Durante 5..13 segundos, el objetivo (un aliado o tú mismo) se moverá el 33% más rápido de lo normal.;1;8;23;6;0;10;.75;5;0;0;0;0;0;0;0;
162;Vendaval;Orkan;Conjuro. Derriba al enemigo objetivo durante 2 segundos. (50% de posibilidades de fallar con magia de aire 4 o inferior).;0;8;22;6;0;10;1;5;0;0;0;0;10;0;0;
163;Torbellino;Wirbelsturm;Conjuro. Todos los enemigos adyacentes reciben 15..75 de daño frío. Derriba a los enemigos atacantes alcanzados por Torbellino. Si estás sobrelanzando, este conjuro golpea a los enemigos cercanos en vez de a los adyacentes.;1;8;22;6;0;5;.75;8;0;0;0;0;0;0;0;
164;Sintonía con los elementos;Elementareinstimmung;Conjuro con encantamiento de élite. Durante 25..60 segundos estás en sintonía con el aire, el fuego, el agua y la tierra, y obtienes +1..2 a estos atributos. Ganas 1 de energía más un 50 % del coste base de energía de la habilidad cada vez que utilices magia asociada a cualquiera de estos elementos.;0;12;23;6;0;10;1;20;0;0;1;0;0;0;0;
165;Armadura de tierra;Erdrüstung;Conjuro con encantamiento. Durante 30 segundos, ganas 24..60 de armadura, pero te mueves un 50..14% más lento.;0;9;23;6;0;10;.75;15;0;0;0;0;0;0;0;
166;Armadura cinética;Kinetik-Rüstung;Conjuro con encantamiento. Durante 12 segundos, ganas +20..80 de armadura. Siempre que lances un conjuro, la Armadura cinética se renueva durante 12 segundos.;1;9;23;6;0;15;3;30;0;0;0;0;0;0;0;
167;Erupción;Eruption;Conjuro. Creas una Erupción en la ubicación del enemigo objetivo. Cada segundo durante 5, los enemigos cercanos a esa ubicación recibirán 10..40 de daño de tierra y quedarán cegados durante 10 segundos.;1;9;22;6;0;25;2;30;0;0;0;0;0;0;0;
168;Aura magnética;Magnet-Aura;Conjuro con encantamiento. Durante 1..8 segundos, bloqueas el siguiente ataque dirigido a ti y haces 10..50 de daño a tu atacante. Si estás sobrelanzando, todos los miembros del grupo al alcance del oído también quedan encantados.;1;9;23;6;0;10;1;12;0;0;0;0;0;0;0;
169;Sintonía con la tierra;Erdeinstimmung;Conjuro con encantamiento. Durante 36..60 segundos, estarás en sintonía con la tierra Ganas 1 de energía además de un 30% del coste base de la habilidad en energía cada vez que utilices magia de tierra.;0;9;23;6;0;10;1;30;0;0;0;0;0;0;0;
170;Terremoto;Erdbeben;Conjuro. Creas un Terremoto en la ubicación del enemigo objetivo. Todos los enemigos cercanos a esta ubicación son derribados y reciben 26..100 de daño de tierra.;1;9;22;6;0;25;3;15;0;0;0;0;10;0;0;
171;Pedrada;Steinigung;Conjuro. Lanzas una piedra grande, que hace 45..105 de daño de tierra al enemigo objetivo si le da. Si Pedrada alcanza a un enemigo que esté sufriendo debilitamiento, lo derribarás.;0;9;22;6;0;15;1;5;0;0;0;0;0;0;0;
172;Dagas de piedra;Steindolche;Conjuro. Arrojas dos dagas de piedra. Si impactan, cada una hace 8..33 de daño de tierra al enemigo objetivo. Si estás sobrelanzando, cada proyectil causa hemorragia durante 1..5 segundos.;0;9;22;6;0;5;1;0;0;0;0;0;0;0;0;
173;Presa de la tierra;Zupackende Erde;Conjuro con maleficio. Durante 5..20 segundos, todos los enemigos cercanos se moverán un 50% más lento de lo normal.;1;9;24;6;0;10;.75;12;0;0;0;0;0;0;0;
174;Descarga de respuesta;Nachbeben;Conjuro. Los enemigos cercanos reciben 15..85 de daño de tierra. Los enemigos derribados reciben 15..85 de daño de tierra adicional.;0;9;22;6;0;10;.75;10;0;0;0;0;0;0;0;
175;Protección contra los elementos;Abwehr gegen Elemente;Conjuro de protección. Creas una Protección contra los elementos en tu ubicación actual. Durante 8..20 segundos, los aliados que no sean espíritus de esta zona ganan +24 de armadura contra daño de los elementos.;1;9;26;6;0;10;1;20;0;0;0;0;0;0;0;
176;Protección ataques cuerpo a cuerpo;Abwehr gegen Nahkampf;Conjuro de protección. Creas una Protección ataques cuerpo a cuerpo en tu ubicación actual. Durante 5..20 segundos, los aliados no espíritus que haya en el área tendrán un 50% de posibilidades de bloquear ataques cuerpo a cuerpo.;0;9;26;6;0;15;1;30;0;0;0;0;0;0;0;
177;Protección contra enemigos;Abwehr gegen Feinde;Conjuro de protección. Creas una Protección contra enemigos en tu ubicación actual. Durante 8..20 segundos, los enemigos no espíritus en esta zona se mueven un 50% más lento.;0;9;26;6;0;15;1;20;0;0;0;0;0;0;0;
178;Prodigio de éter;Ätherwunder;Conjuro con encantamiento de élite. Pierdes todos los encantamientos. Durante 8..20 segundos, tienes +6 de regeneración de energía. Cuando finalice el Prodigio de éter, perderás 2 de salud por cada punto de energía que tengas.;1;12;23;6;0;5;1;5;0;0;1;0;10;0;0;
179;Vínculos incendiarios;Brandbänder;Conjuro con maleficio. Tras 3 segundos, el enemigo objetivo y todos los cercanos reciben 20..80 de daño de fuego y arden durante 1..3 segundos. Se activa antes si el enemigo objetivo muere.;1;10;24;6;0;10;1;7;0;0;0;0;5;0;0;
180;Aura de restauración;Wiederherstellungs-Aura;Conjuro con encantamiento. Durante 60 segundos, ganas 0..1 de energía y te curas un 200..500% del coste de energía cada vez que lances un conjuro.;0;12;23;6;0;5;.25;20;0;0;0;0;0;0;0;
181;Renovación de éter;Äthererneuerung;Conjuro con encantamiento de élite. Durante 5..20 segundos, cada vez que lances un conjuro, ganas 1..4 de energía y 5..20 de salud por cada encantamiento que tengas.;1;12;23;6;0;10;1;30;0;0;1;0;0;0;0;
182;Conjurar llama;Flammenbeschwörung;Conjuro con encantamiento. Durante 60 segundos, si llevas un arma de fuego, tus ataques hacen 5..20 de daño de fuego adicional.;0;10;23;6;0;10;1;30;0;0;0;0;0;0;0;
183;Infierno;Inferno;Conjuro. Los enemigos adyacentes reciben 30..135 de daño de fuego.;0;10;22;6;0;10;.75;10;0;0;0;0;0;0;0;
184;Sintonía con el fuego;Feuereinstimmung;Conjuro con encantamiento. Durante 36..60 segundos, estarás en sintonía con el fuego. Ganas 1 de energía además de un 30% del coste base de la habilidad en energía cada vez que utilices magia de fuego.;0;10;23;6;0;10;1;30;0;0;0;0;0;0;0;
185;Quemadura mental;Geistige Verbrennung;Conjuro de élite. El enemigo objetivo y los adyacentes reciben 15..60 de daño de fuego. Si tienes más energía que el enemigo objetivo, ese enemigo y todos los adyacentes reciben 15..60 de daño de fuego adicional y arden durante 1..10 segundos.;0;10;22;6;0;5;1;5;0;0;1;0;5;0;0;
186;Bola de fuego;Feuerball;Conjuro. Lanzas una bola de fuego que hace 7..112 de daño de fuego al enemigo objetivo y a todos los enemigos cercanos.;0;10;22;6;0;10;1.5;7;0;0;0;0;0;0;0;
187;Meteoro;Meteor;Conjuro. El enemigo objetivo y todos los adyacentes son derribados y reciben 7..112 de daño de fuego.;0;10;22;6;0;5;2;30;0;0;0;0;10;0;0;
188;Llamaradas;Flammenstoß;Conjuro. Los enemigos cercanos reciben 15..120 de daño de fuego.;1;10;22;6;0;15;.75;5;0;0;0;0;0;0;0;
189;Invocación de Rodgort;Anrufung von Rodgort;Conjuro. El enemigo objetivo y todos los enemigos cercanos reciben 15..120 de daño de fuego y arden durante 1..3 segundos.;1;10;22;6;0;25;2;8;0;0;0;0;0;0;0;
190;Marca de Rodgort;Zeichen des Rodgort;Conjuro con maleficio. Tanto el objetivo enemigo como todos los cercanos quedan malditos con la Marca de Rodgort. Durante 10..35 segundos, cada vez que alguno de ellos reciba daño de fuego, arderá durante 1..4 segundos.;1;10;24;6;0;15;1;15;0;0;0;0;0;0;0;
191;Inmolación;Feueropfer;Conjuro. El enemigo objetivo recibe 20..75 de daño de fuego y arde durante 1..3 segundos.;0;10;22;6;0;10;1;5;0;0;0;0;0;0;0;
192;Lluvia de meteoros;Meteorschauer;Conjuro. Creas una Lluvia de meteoros en la ubicación del enemigo objetivo. Durante 9 segundos, los enemigos adyacentes a la zona reciben 7..112 de daño de fuego y son derribados cada 3 segundos.;1;10;22;6;0;25;5;60;0;0;0;0;10;0;0;
193;Fénix;Phönix;Conjuro. Un fénix envuelto en llamas surge en tu ubicación y se dirige hacia tu objetivo, explotando al impactar. La explosión alcanzará al enemigo objetivo y los adyacentes y les hará 10..60 de daño de fuego. Si estás sobrelanzando, los aliados en el radio de la explosión reciben 20..80 de salud.;1;10;22;6;0;10;1.5;7;0;0;0;0;0;0;0;
194;Bengala;Feuergeschoss;Conjuro. Lanzas una bengala que hará 20..65 de daño de fuego al enemigo. Si estás sobrelanzando, la bengala también golpea a los enemigos adyacentes.;0;10;22;6;0;5;1;0;0;0;0;0;0;0;0;
195;Fuente de lava;Lavabecken;Conjuro. Durante 5 segundos, los enemigos adyacentes al lugar donde se lanzó el conjuro recibirán 5..50 de daño de fuego por segundo. Si estás sobrelanzando, este conjuro golpea a los enemigos cercanos en vez de a los adyacentes.;1;10;22;6;0;10;1.5;4;0;0;0;0;0;0;0;
196;Calor abrasador;Sengende Hitze;Conjuro. Creas Calor abrasador en la ubicación del enemigo objetivo. Durante 5 segundos, los enemigos adyacentes a la zona reciben 10..40 de daño de fuego por segundo. Cuando el Calor abrasador finalice, los enemigos del área de efecto empezarán a arder durante 3 segundos.;1;10;22;6;0;15;2;25;0;0;0;0;0;0;0;
197;Tormenta de fuego;Feuersturm;Conjuro. Creas una Tormenta de fuego en la ubicación del enemigo objetivo. Durante 10 segundos, los enemigos adyacentes a la zona reciben 5..35 de daño de fuego por segundo.;0;10;22;6;0;10;2;20;0;0;0;0;0;0;0;
198;Glifo de poder elemental;Glyphe der Elementarkraft;Glifo. Durante 25 segundos, tus atributos de los elementos se aumentan en 2 para tus próximos 10 conjuros.;0;-1;16;6;0;5;1;5;0;0;0;0;0;0;0;
199;Glifo de energía;Glyphe der Energie;Glifo de élite. Tus siguientes 1..3 conjuros no causan sobrelanzamiento y lanzarlos cuesta 10..25 menos de energía. Tus atributos de los elementos aumentan en 1..2.;1;12;16;6;0;5;1;25;0;0;1;0;0;0;0;
200;Glifo de energía menor;Glyphe der geringeren Energie;Glifo. Durante 15 segundos, te costará 10..18 menos de energía lanzar tus próximos 2 conjuros.;0;12;16;6;0;5;1;30;0;0;0;0;0;0;0;
201;Glifo de concentración;Glyphe der Konzentration;Glifo. Durante 15 segundos, tus próximos conjuros (1) no se pueden interrumpir ni causan aturdimiento.;1;-1;16;6;0;5;1;10;0;0;0;0;0;0;0;
202;Glifo de sacrificio;Glyphe der Opferung;Glifo. Durante 15 segundos, tu próximo conjuro se lanza de forma instantánea, pero tardará 30 segundos más en recargarse. Termina prematuramente si utilizas una habilidad que no sea un conjuro.;1;-1;16;6;0;5;1;15;0;0;0;0;0;0;0;
203;Glifo de renovación;Glyphe der Erneuerung;Glifo de élite. Durante 15 segundos, tu siguiente conjuro se recargará de forma instantánea.;1;-1;16;6;0;5;1;10;0;0;1;0;0;0;0;
204;Óxido;Rost;Conjuro con maleficio. Hace 10..85 de daño frío al enemigo objetivo y los adyacentes. Durante 5..20 segundos, el enemigo objetivo y todos los adyacentes tardarán el doble en activar sellos. Si estás sobrelanzando, los sellos de los enemigos impactados con Óxido quedan interrumpidos y desactivados durante 1..10 segundos.;0;11;24;6;0;10;1;8;0;0;0;0;0;0;0;
205;Oleada de relámpagos;Blitzwelle;Conjuro con maleficio de élite. Tras 3 segundos, derriba al objetivo enemigo, le hace 14..100 de daño de relámpago y tiene la armadura rota durante 5..20 segundos. Este conjuro tiene un 25% de penetración de armadura.;0;8;24;6;0;10;1;10;0;0;1;0;0;0;0;
206;Armadura de escarcha;Frostrüstung;Conjuro con encantamiento. Durante 10..34 segundos, ganas +40 de armadura contra daño físico y tienes +1 magia de agua.;1;11;23;6;0;5;1;20;0;0;0;0;0;0;0;
207;Conjurar escarcha;Frost beschwören;Conjuro con encantamiento. Durante 60 segundos, si llevas un arma de frío, tus ataques hacen 5..20 de daño frío adicional.;0;11;23;6;0;10;1;30;0;0;0;0;0;0;0;
208;Sintonía con el agua;Wassereinstimmung;Conjuro con encantamiento. Durante 36..60 segundos, estarás en sintonía con el agua. Ganas 1 de energía además de un 30% del coste base de la habilidad en energía cada vez que utilices magia de agua.;0;11;23;6;0;10;1;30;0;0;0;0;0;0;0;
209;Congelar mente;Geistige Erfrierung;Conjuro con maleficio de élite. El enemigo objetivo recibe 10..60 de daño frío. Si tienes más energía que el enemigo objetivo, ese enemigo recibe 10..60 de daño frío adicional y se mueve un 90% más despacio durante 1..5 segundos.;0;11;24;6;0;5;1;5;0;0;1;0;5;0;0;
210;Prisión de hielo;Eisgefängnis;Conjuro con maleficio. Durante 8..20 segundos, las piernas del enemigo objetivo estarán atrapadas en hielo y se moverá un 66% más lento.;1;11;24;6;0;10;2;30;0;0;0;0;0;0;0;
211;Púas de hielo;Eisdornen;Conjuro con maleficio. El enemigo objetivo y los adyacentes reciben 20..80 de daño frío y se mueven un 66% más lentos durante 2..6 segundos.;0;11;24;6;0;15;1.5;10;0;0;0;0;0;0;0;
212;Estallido helado;Frostexplosion;Conjuro con maleficio. Todos los enemigos cercanos reciben 10..85 de daño frío y se mueven un 66% más lentos durante 3..8 segundos.;1;11;24;6;0;15;.75;8;0;0;0;0;0;0;0;
213;Tormenta de fragmentos;Scherbensturm;Conjuro con maleficio. Lanzas un témpano de hielo que causará 10..85 de daño frío al enemigo y hará que se mueva un 66% más lento durante 2..6 segundos.;1;11;24;6;0;10;1;10;0;0;0;0;0;0;0;
214;Lanza de hielo;Eisspeer;Conjuro con encantamiento. Tiras una lanza de hielo, que hace 10..60 de daño frío al enemigo objetivo si acierta. Si estás sobrelanzando, obtienes +1..4 de regeneración de salud durante 5 segundos.;0;11;23;6;0;5;1;0;0;0;0;0;0;0;0;
215;Vorágine;Strudel;Conjuro. Creas una Vorágine en la ubicación del enemigo objetivo. Durante 10 segundos, los enemigos adyacentes a la zona reciben 10..25 de daño frío por segundo. Vorágine interrumpe el lanzamiento de conjuros cuando impacta.;0;11;22;6;0;15;1.5;20;0;0;0;0;10;0;0;
216;Niebla de hierro;Eisennebel;Conjuro con encantamiento. Durante 8..15 segundos, tienes +15 de armadura. Tus conjuros de magia de aire que hagan objetivo a un enemigo se activan y recargan un 33 % más rápido, pero tienes 2 puntos de sobrelanzamiento.;1;9;23;6;0;10;1;20;0;0;0;0;0;0;0;
217;Ola de cristales;Kristallwelle;Conjuro. Los enemigos adyacentes reciben 10..70 de daño, pero se curan de toda condición negativa. Cada condición eliminada causa 5..15 de daño.;1;9;22;6;0;15;.75;15;0;0;0;0;0;0;0;
218;Carne de obsidiana;Obsidianfleisch;Conjuro con encantamiento de élite. Durante 8..20 segundos, ganas +20 de armadura y no puedes ser objetivo de conjuros enemigos, pero no puedes atacar y tienes -2 de degeneración de energía.;0;9;23;6;0;25;1;30;0;0;1;0;0;0;0;
219;Llama de obsidiana;Obsidianflamme;Conjuro. Hace 22..112 de daño al enemigo objetivo. Este conjuro ignora la armadura.;0;9;22;6;0;5;1.5;5;0;0;0;0;5;0;0;
220;Destello cegador;Blitzblendung;Conjuro. El enemigo objetivo se queda ciego durante 3..8 segundos.;0;8;22;6;0;10;.75;8;0;0;0;0;0;0;0;
221;Conjurar relámpago;Blitzbeschwörung;Conjuro con encantamiento. Durante 60 segundos, si llevas un arma de relámpago, tus ataques hacen 5..20 de daño de relámpago adicional.;0;8;23;6;0;10;1;30;0;0;0;0;0;0;0;
222;Ataque de relámpago;Blitzschlag;Conjuro con maleficio. Alcanzas al enemigo objetivo con 10..60 de daño de relámpago. Este conjuro tiene un 25% de penetración de armadura. Si estás sobrelanzando, ese enemigo queda maldito con Ataque de relámpago durante 3 segundos. Cuando este maleficio acabe, el enemigo recibirá 20..40 de daño de relámpago.;0;8;24;6;0;5;1;5;0;0;0;0;0;0;0;
223;Relámpago encadenado;Kettenblitz;Conjuro. El enemigo objetivo y otros dos enemigos que se encuentren cerca recibirán 10..85 de daño de relámpago. Este conjuro tiene un 25% de penetración de armadura.;1;8;22;6;0;10;2;6;0;0;0;0;5;0;0;
224;Carga debilitante;Schwächende Aufladung;Conjuro. El enemigo objetivo recibe 25..50 de daño de relámpago y está debilitado durante 5..20 segundos. Este conjuro tiene un 25% de penetración de armadura.;0;8;22;6;0;10;1;8;0;0;0;0;0;0;0;
225;Sintonía con el aire;Lufteinstimmung;Conjuro con encantamiento. Durante 36..60 segundos, estarás en sintonía con el aire. Ganas 1 de energía además de un 30% del coste base de la habilidad en energía cada vez que utilices magia de aire.;0;8;23;6;0;10;1;30;0;0;0;0;0;0;0;
226;Impacto mental;Geistiger Schock;Conjuro de élite. El enemigo objetivo recibe 10..50 de daño de relámpago. Si tienes más energía que el enemigo objetivo, éste recibe 10..50 más de daño de relámpago y es derribado. Este conjuro tiene un 25% de penetración de armadura.;1;8;22;6;0;5;1;8;0;0;1;0;5;0;0;
227;Marca atenuada;Schimmerndes Zeichen;Conjuro con maleficio de élite. Durante 10 segundos, el enemigo objetivo y todos los enemigos adyacentes reciben 5..25 de daño por segundo. Los enemigos que estén utilizando habilidades de ataque quedan cegados durante 3 segundos. Este maleficio acaba si usas una habilidad que apunte a este objetivo.;1;8;24;6;0;10;1;15;0;0;1;0;0;0;0;
228;Trueno;Donnerschlag;Conjuro de élite. Creas una onda expansiva enorme en la ubicación del enemigo objetivo. Hace 10..50 de daño de relámpago al enemigo objetivo y a los enemigos cercanos. Interrumpe a los enemigos alcanzados y sufren debilitamiento y armadura rota durante 5..20 segundos. Este conjuro tiene un 25 % de penetración de armadura.;1;8;22;6;0;10;1;8;0;0;1;0;0;0;0;
229;Esfera de relámpago;Kugelblitz;Conjuro. Lanzas una Esfera de relámpago que hace 10..100 de daño de relámpago al enemigo objetivo. Este conjuro tiene un 25% de penetración de armadura.;0;8;22;6;0;10;2;5;0;0;0;0;0;0;0;
230;Jabalina de relámpago;Blitzspeer;Conjuro. Lanzas una Jabalina de relámpago que hace 15..50 de daño de relámpago al enemigo objetivo si le alcanza. Jabalina de relámpago interrumpe a los enemigos que estén atacando. Este conjuro tiene un 25% de penetración de armadura y golpea a todos los enemigos entre tu objetivo y tú.;1;8;22;6;0;5;1;5;0;0;0;0;0;0;0;
231;Descarga;Schock;Habilidad. El enemigo objetivo alcanzado es derribado y recibe 10..60 de daño de relámpago. Esta habilidad tiene un 25% de penetración de armadura.;1;8;1;6;0;5;.75;10;0;0;0;0;10;0;0;
232;Toque de relámpago;Blitz-Berührung;Habilidad. El enemigo que toques y los enemigos adyacentes reciben 10..60 de daño de relámpago, quedan cegados durante 1..4 segundos y tienen la armadura rota durante 1..10 segundos. Esta habilidad tiene un 25% de penetración de armadura.;0;8;1;6;0;5;.75;5;0;0;0;0;0;0;0;
233;Torbellino de aura;Wirbelnde Aura;Conjuro con encantamiento. Durante 3..7 segundos, quedas encantado con Torbellino de aura y tienes 1..6 de regeneración de salud y un 50% de probabilidad de bloquear proyectiles. Si estás sobrelanzando cuando lanzas este conjuro, todos los miembros del grupo que estén al alcance del oído quedan también afectados por el encantamiento.;1;11;23;6;0;10;1;15;0;0;0;0;0;0;0;
234;Congelación;Tiefgefrieren;Conjuro con maleficio. Invocas una Congelación en la ubicación del enemigo. Todos los que estén en el área reciben 10..85 de daño frío y su velocidad se reduce un 66% durante 10 segundos.;0;11;24;6;0;25;2;15;0;0;0;0;0;0;0;
235;Visión borrosa;Verschwommene Sicht;Conjuro con maleficio. Durante 4..10 segundos, el enemigo objetivo y todos los adyacentes recibirán el maleficio Visión borrosa. Mientras éste dure, tendrán un 50% de posibilidades de fallar en sus ataques.;0;11;24;6;0;10;1;12;0;0;0;0;0;0;0;
236;Forma de niebla;Nebelform;Conjuro con encantamiento de élite. Durante 10..45 segundos, recibes un 33% menos de daño de los enemigos que estén bajo el efecto de maleficios de magia de agua. Cada vez que lances un conjuro de los elementos, todos aliados no espíritus al alcance del oído se curarán un 50..250% del coste de energía del conjuro.;1;11;23;6;0;5;1;20;0;0;1;0;0;0;0;
237;Tridente de agua;Wasserdreizack;Conjuro de élite. Arrojas un Tridente de agua al enemigo objetivo, que hace 10..90 de daño frío si impacta al enemigo objetivo y a otros dos enemigos cercanos. Si este ataque impacta a un enemigo en movimiento, lo derriba.;1;11;22;6;0;5;1;3;0;0;1;0;0;0;0;
238;Armadura de niebla;Nebelrüstung;Conjuro con encantamiento. Durante 8..20 segundos, ganas +10..40 de armadura y te mueves un 33% más rápido.;1;11;23;6;0;10;1;30;0;0;0;0;0;0;0;
239;Protección contra daños;Abwehr gegen Schaden;Conjuro de protección de élite. Creas una Protección contra daños en esta ubicación. Durante 5..15 segundos, los aliados no espíritus de la zona tienen +1..3 de regeneración de salud, +12..24 de armadura y un +12..24 adicional de armadura contra daño de los elementos. Este conjuro queda desactivado durante 20 segundos.;1;11;26;6;0;15;1;20;0;0;1;0;0;0;0;
240;Golpe;Peinigung;Conjuro. Este ataque hace 10..55 de daño sagrado. Además, si el objetivo está atacando recibe 10..35 de daño sagrado extra.;1;14;22;3;0;10;1;10;0;0;0;0;0;0;0;
241;Vínculo de vida;Lebensbindung;Conjuro con encantamiento. Mientras mantengas este encantamiento, siempre que el aliado objetivo reciba daño de un ataque, la mitad de éste lo recibes tú. El daño que recibas de esta forma se reduce en 3..30.;0;15;23;3;-1;10;2;0;0;0;0;0;0;0;0;
242;Espíritu de Balthazar;Balthasars Geist;Conjuro con encantamiento. Mientras mantengas este encantamiento, el objetivo (un aliado o tú mismo) ganará adrenalina y energía siempre que reciba daño (la cantidad de adrenalina dependerá del nivel de plegarias de ataques que se tenga).;1;14;23;3;-1;10;2;0;0;0;0;0;0;0;0;
243;Fuerza del honor;Stärke der Ehre;Conjuro con encantamiento. Mientras mantengas este encantamiento, el objetivo (un aliado o tú mismo) hace 5..25 más de daño en ataques cuerpo a cuerpo.;0;14;23;3;-1;10;2;15;0;0;0;0;0;0;0;
244;Sintonía con la vida;Lebenseinstimmung;Conjuro con encantamiento. Mientras mantengas este encantamiento, el objetivo (un aliado o tú mismo) hace un 30% menos de daño, pero gana un 14..50% más de salud cuando se cura.;1;15;23;3;-1;10;2;0;0;0;0;0;0;0;0;
245;Espíritu protector;Schutzgeist;Conjuro con encantamiento. Durante 5..23 segundos, el objetivo (un aliado o tú mismo) no puede perder más de un 10% del máximo de salud como resultado de un ataque o un conjuro.;0;15;23;3;0;10;.25;5;0;0;0;0;0;0;0;
246;Intervención divina;Göttliche Intervention;Conjuro con encantamiento. Durante 10 segundos, la próxima vez que el objetivo (un aliado o tú mismo) reciba daño que podría ser letal, el daño es bloqueado y recupera 26..240 de salud.;0;16;23;3;0;5;.25;30;0;0;0;0;0;0;0;
247;Símbolo de la ira;Symbol des Zorns;Conjuro. Creas un símbolo de ira en la ubicación del enemigo objetivo. Durante 5 segundos, los enemigos adyacentes reciben su efecto y sufren 10..40 de daño sagrado por segundo.;1;14;22;3;0;5;1;20;0;0;0;0;0;0;0;
248;Retribución;Vergeltung;Conjuro con encantamiento. Mientras mantengas este encantamiento, siempre que el objetivo (un aliado o tú mismo) reciba daño al ser atacado, se devolverá un 33% del daño al que lo ha causado (5..20 como máximo).;0;14;23;3;-1;10;2;0;0;0;0;0;0;0;0;
249;Ira sagrada;Heiliger Zorn;Conjuro con encantamiento. Durante 10..30 segundos, las siguientes veces (1..10) que el aliado objetivo reciba daño de ataques, este conjuro devuelve un 66% del daño al que lo ha causado (5..50 como máximo).;1;14;23;3;0;10;1;10;0;0;0;0;0;0;0;
250;Vínculo de esencia;Essenzbindung;Conjuro con encantamiento. Mientras mantengas este encantamiento, siempre que el objetivo (un aliado o tú mismo) reciba daño físico o elemental, ganas 1 de energía.;1;-1;23;3;-1;10;2;0;0;0;0;0;0;0;0;
251;Castigar curación;Geißelheilung;Conjuro con maleficio. Durante 30 segundos, cada vez que el enemigo objetivo sea sanado, el que lo cure recibirá 15..80 de daño sagrado.;0;14;24;3;0;10;2;5;0;0;0;0;0;0;0;
252;Desvanecer;Verbannung;Conjuro. El enemigo objetivo recibe 20..65 de daño sagrado. Este conjuro hace el doble de daño a las criaturas invocadas.;0;14;22;3;0;5;1;10;0;0;0;0;0;0;0;
253;Castigar sacrificio;Geißelopfer;Conjuro con maleficio. Durante 8..20 segundos, cuando el enemigo objetivo y los adyacentes sacrifiquen vida, sacrificarán el doble de lo normal.;1;14;24;3;0;5;1;5;0;0;0;0;0;0;0;
254;Espíritu vigoroso;Energischer Geist;Conjuro con encantamiento. Durante 30 segundos, cada vez que el objetivo (un aliado o tú mismo) ataque o lance un conjuro, éste se curará 5..20 de salud.;1;13;23;3;0;5;.25;4;0;0;0;0;0;0;0;
255;Espíritu guardián;Wachsamer Geist;Conjuro con encantamiento. Mientras mantengas este encantamiento, el objetivo (un aliado o tú mismo) ganará +2 de regeneración de salud. Ese aliado se curará en 30..180 de salud cuando el Espíritu guardián termine.;1;16;23;3;-1;15;1;5;0;0;0;0;0;0;0;
256;Aura bendita;Gesegnete Aura;Conjuro con encantamiento. Mientras mantengas este encantamiento, los encantamientos de Monje que lances durarán un 10..35% más de lo normal.;1;16;23;3;-1;10;2;2;0;0;0;0;0;0;0;
257;Égida;Aegis;Conjuro con encantamiento. Durante 6..15 segundos, todos tus compañeros al alcance del oído tendrán un 50% de posibilidades de bloquear ataques.;0;15;23;3;0;10;2;30;0;0;0;0;0;0;0;
258;Guardián;Wächter;Conjuro con encantamiento. Durante 2..7 segundos, el objetivo (un aliado o tú mismo) tendrá un 50% de posibilidades de bloquear ataques.;0;15;23;3;0;5;1;6;0;0;0;0;0;0;0;
259;Escudo desviador;Ablenkungsschild;Conjuro con encantamiento de élite. Durante 3..10 segundos, el objetivo (un aliado o tú mismo) tiene un 75% de posibilidades de bloquear ataques y gana 15..30 de armadura.;1;15;23;3;0;10;.25;5;0;0;1;0;0;0;0;
260;Aura de fe;Glaubensaura;Conjuro con encantamiento de élite. Durante 3 segundos, el objetivo (un aliado o tú mismo) gana un 50..100% más de salud de las curaciones y recibe 5..50% menos de daño.;1;15;23;3;0;5;.25;8;0;0;1;0;0;0;0;
261;Escudo de regeneración;Schild der Regeneration;Conjuro con encantamiento de élite. Durante 5..13 segundos, el aliado marcado gana +3..10 de regeneración de salud y 20..45 de armadura.;0;15;23;3;0;10;.25;8;0;0;1;0;0;0;0;
262;Escudo del juicio;Schild des Urteils;Conjuro con encantamiento de élite. Durante 8..20 segundos, todo el que golpee al objetivo (un aliado o tú mismo) será derribado y sufrirá 5..50 de daño sagrado.;1;14;23;3;0;15;1;45;0;0;1;0;0;0;0;
263;Vínculo de protección;Band des Schutzes;Conjuro con encantamiento. Mientras mantengas este encantamiento, el objetivo (un aliado o tú mismo) no podrá perder más del 5% de salud máxima de un solo ataque o conjuro. Siempre que el Vínculo de protección evite daños, pierdes 6..3 de energía o el conjuro termina.;1;15;23;3;-1;10;2;0;0;0;0;0;0;0;0;
264;Pacifismo;Pazifismus;Conjuro con maleficio. Durante 4..8 segundos, el enemigo objetivo no puede atacar. Los efectos desaparecerán si el objetivo recibe daño.;1;15;24;3;0;10;2;15;0;0;0;0;0;0;0;
265;Concordia;Freundschaft;Conjuro con maleficio de élite. Durante 4..12 segundos, los enemigos adyacentes no pueden atacar. La Concordia acabará para cada enemigo cuando éste reciba daño.;1;15;24;3;0;5;.25;20;0;0;1;0;0;0;0;
266;Paz y armonía;Frieden und Harmonie;Conjuro con encantamiento de élite. El aliado objetivo pierde 0..9 condición["condiciones"] y maleficios. Durante 1..3 segundos, las condiciones y maleficios que ese aliado tenga acaban un 90% antes. Todas tus plegarias de ataque quedan desactivadas durante 20 segundos.;1;16;23;3;0;5;.25;10;0;0;1;0;0;0;0;
267;Perspicacia del juez;Einblick des Richters;Conjuro con encantamiento. Durante 8..20 segundos, los ataques del objetivo (un aliado o tú mismo) sólo hacen daño sagrado y tienen un +20% de penetración de armadura.;0;14;23;3;0;10;2;10;0;0;0;0;0;0;0;
268;Aura de persistencia;Unnachgiebige Aura;Conjuro con encantamiento de élite. Mientras mantengas este encantamiento, tus conjuros de Monje curan un +15..60% más de salud. Cuando este encantamiento acabe, un miembro muerto al azar del grupo resucita con toda la salud y energía y se teletransporta a tu ubicación.;1;16;23;3;-1;5;.25;10;0;0;1;0;0;0;0;
269;Marca de protección;Schutzzeichen;Conjuro con encantamiento de élite. Durante 10 segundos, siempre que el objetivo (un aliado o tú mismo) debería haber recidido daño, en lugar de eso se curará en esa cantidad de daño, siendo el máximo 6..60. Todas tus Plegarias de protección estarán desactivadas durante 5 segundos.;1;15;23;3;0;10;.25;15;0;0;1;0;0;0;0;
270;Barrera de vida;Lebenssperre;Conjuro con encantamiento de élite. Mientras mantengas este encantamiento, el daño que el aliado objetivo reciba se reduce al 20..50%. Si tu salud está por debajo del 50% cuando ese aliado reciba daño, la Barrera de vida terminará.;1;15;23;3;-1;15;2;5;0;0;1;0;0;0;0;
271;Fuego del zelote;Eifererfeuer;Conjuro con encantamiento. Durante 60 segundos, siempre que utilices una habilidad sobre un aliado, todos los enemigos adyacentes a dicho aliado reciben 5..35 de daño de fuego y tú pierdes 1 de energía.;0;14;23;3;0;10;.25;30;0;0;0;0;0;0;0;
272;Aura de Balthazar;Balthasars Aura;Conjuro con encantamiento. Durante 8 segundos, los enemigos adyacentes al objetivo (un aliado o tú mismo) recibirán 10..30 de daño sagrado por segundo.;0;14;23;3;0;15;1;20;0;0;0;0;0;0;0;
273;Rompeconjuros;Zauberbrecher;Conjuro con encantamiento de élite. Durante 5..17 segundos, el aliado objetivo no puede ser objetivo de conjuros enemigos.;0;16;23;3;0;15;1;45;0;0;1;0;0;0;0;
274;Semilla de curación;Heilender Samen;Conjuro con encantamiento. Si el aliado objetivo recibe daño durante los próximos 10 segundos, ese aliado y todos los adyacentes ganan 3..30 de salud.;0;13;23;3;0;10;2;25;0;0;0;0;0;0;0;
275;Arreglar condición;Zustand bessern;Conjuro. Quita una condición (veneno, enfermedad, ceguera, aturdimiento, hemorragia, lisiadura, quemadura, debilidad, armadura rota o herida grave) del aliado objetivo. Si se quita una condición, el aliado recibe 5..70 de salud.;1;15;22;3;0;5;.75;2;0;0;0;0;0;0;0;
276;Restaurar condición;Zustand wiederherstellen;Conjuro de élite. Quita todas las condiciones (veneno, enfermedad, ceguera, aturdimiento, hemorragia, lisiadura, quemadura, debilidad, armadura rota y herida grave) del aliado objetivo, que recuperará 10..70 de salud por cada una.;1;15;22;3;0;5;.75;2;0;0;1;0;0;0;0;
277;Curar mal;Leiden heilen;Conjuro. Quita una condición (veneno, enfermedad, ceguera, aturdimiento, hemorragia, lisiadura, quemadura, debilidad, armadura rota o herida grave) del objetivo (otro aliado o tú mismo), que recuperará 5..70 de salud por cada condición que aún le quede.;0;15;22;3;0;5;.75;5;0;0;0;0;0;0;0;
278;Curar condiciones;Zustände reinigen;Conjuro. Quita todas las condiciones (veneno, enfermedad, ceguera, aturdimiento, hemorragia, lisiadura, quemadura, debilidad, armadura rota y herida grave) del aliado objetivo.;0;-1;22;3;0;5;.25;20;0;0;0;0;0;0;0;
279;Curación divina;Göttliche Heilung;Conjuro. Tanto tú como los miembros del grupo al alcance del oído os curáis 15..60 de salud.;1;16;22;3;0;5;1;12;0;0;0;0;0;0;0;
280;Curar área;Gebiet heilen;Conjuro. Tanto tú como todas las criaturas adyacentes os curáis 30..180 de salud.;1;13;22;3;0;10;1;5;0;0;0;0;0;0;0;
281;Letanía de curación;Fürbitte der Heilung;Conjuro. Curas 30..80 de salud al objetivo (un aliado o tú mismo).;0;13;22;3;0;5;1;2;0;0;0;0;0;0;0;
282;Palabra de curación;Wort der Heilung;Conjuro de élite. Curas 5..100 de salud al objetivo (un aliado o tú mismo). Curas 30..115 adicionales si la salud del aliado está por debajo del 50%.;0;13;22;3;0;5;.75;3;0;0;1;0;0;0;0;
283;Beso de Dwayna;Dwaynas Kuss;Conjuro. Curas 20..65 de salud al aliado objetivo y 15..40 extra por cada encantamiento o maleficio que ése tenga.;1;13;22;3;0;5;1;3;0;0;0;0;0;0;0;
284;Ayuda divina;Göttlicher Segen;Conjuro con encantamiento. Mientras mantengas este encantamiento, siempre que lances un conjuro de plegaria de protección o favor divino sobre un aliado, éste recuperará 15..60 de salud y tú perderás 1 de energía.;0;16;23;3;-1;5;.25;10;0;0;0;0;0;0;0;
285;Manos sanadoras;Heilende Hände;Conjuro con encantamiento de élite. Durante 10 segundos, el aliado objetivo se curará en 5..35 de salud siempre que reciba daño.;1;13;23;3;0;5;.25;15;0;0;1;0;0;0;0;
286;Curar a otro;Anderen heilen;Conjuro. Curas 35..180 de salud al aliado objetivo.;1;13;22;3;0;10;.75;3;0;0;0;0;0;0;0;
287;Curar grupo;Gruppe heilen;Conjuro. Curas 30..75 de salud a todo el grupo.;0;13;22;3;0;15;2;2;0;0;0;0;0;0;0;
288;Brisa curativa;Heilender Hauch;Conjuro con encantamiento. Durante 15 segundos, el objetivo (un aliado o tú mismo) gana +4..9 de regeneración de salud.;0;13;23;3;0;10;1;5;0;0;0;0;0;0;0;
289;Bendición vital;Lebendige Segnung;Conjuro con encantamiento. Mientras mantengas este encantamiento, el objetivo (un aliado o tú mismo) tendrá +40..200 de salud máxima.;1;15;23;3;-1;10;.75;2;0;0;0;0;0;0;0;
290;Curación;Genesung;Conjuro con encantamiento. Mientras mantengas este encantamiento, el objetivo (un aliado o tú mismo) ganará +1..4 de regeneración de salud.;0;13;23;3;-1;10;2;0;0;0;0;0;0;0;0;
291;Transferencia de salud;Ersatzleben;Conjuro con encantamiento. Mientras mantengas este encantamiento, siempre que el aliado objetivo golpee a un enemigo ganarás 2..17 de salud.;1;13;23;3;-1;5;2;0;0;0;0;0;0;0;0;
292;Infundir salud;Leben einflößen;Conjuro. Pierdes la mitad de tu salud actual. El aliado objetivo se cura el 100..136% de la cantidad que hayas perdido.;0;13;22;3;0;10;.25;0;0;0;0;0;0;0;0;
293;Sello de devoción;Siegel der Hingabe;Sello. Curas 20..120 de salud al objetivo (un aliado o tú mismo).;0;16;21;3;0;0;2;5;0;0;0;0;0;0;0;
294;Sello del juicio;Siegel des Urteils;Sello de élite. Derribas al enemigo objetivo. Ese enemigo y todos los adyacentes reciben 15..75 de daño sagrado.;0;14;21;3;0;0;1;20;0;0;1;0;0;0;0;
295;Sello de purga;Siegel der Reinigung;Sello. Se quitan todos los maleficios y condiciones del objetivo (un aliado o tú mismo). Pierdes 10 de energía por cada maleficio y condición eliminada.;0;-1;21;3;0;0;2;20;0;0;0;0;0;0;0;
296;Sello de pesadilla;Siegel des Ruins;Sello. El enemigo objetivo recibe 30..60 de daño sagrado. Si estaba atacando, es derribado.;0;14;21;3;0;0;1;15;0;0;0;0;0;0;0;
297;Sello bendito;Gesegnetes Siegel;Sello. Por cada encantamiento que mantengas, ganas 3 de energía. No puedes ganar más de 3..24 de energía de este modo.;0;16;21;3;0;0;2;10;0;0;0;0;0;0;0;
298;Mártir;Märtyrer;Conjuro de élite. Transfieres todas las condiciones de los aliados a ti mismo, que durarán el tiempo que les quedaba para terminar.;0;-1;22;3;0;5;.25;10;0;0;1;0;0;0;0;
299;Manos protectoras;Schützende Hände;Conjuro con encantamiento. Durante 8 segundos, el daño y el robo de salud recibido por el aliado objetivo se reduce en 3..18. Cuando finaliza el efecto de Manos protectoras, el aliado recibe 5..50 de salud.;0;15;23;3;0;5;.25;15;0;0;0;0;0;0;0;
300;Contemplación de pureza;Gebot der Reinheit;Habilidad. Pierdes todos los encantamientos. Por cada uno que se pierda, ganas 0..80 de salud y pierdes un maleficio y una condición (máximo 1..8 maleficios y condiciones).;1;16;1;3;0;5;.25;10;0;0;0;0;0;0;0;
301;Quitar maleficio;Verhexung entfernen;Conjuro. Quita un maleficio del objetivo (un aliado o tú mismo).;0;-1;22;3;0;5;1;8;0;0;0;0;0;0;0;
302;Deshacer maleficio;Verhexung zerschlagen;Conjuro. Eliminas un maleficio del objetivo (un aliado o tú mismo). Al hacerlo, los enemigos en la zona sufren 10..85 de daño sagrado.;0;14;22;3;0;5;1;12;0;0;0;0;0;0;0;
303;Convertir maleficios;Verhexungen umwandeln;Conjuro. Quita todos los maleficios del aliado objetivo. Durante 8..20 segundos, ese aliado gana +10 de armadura por cada maleficio de Nigromante quitado.;0;15;22;3;0;15;1;12;0;0;0;0;0;0;0;
304;Luz de Dwayna;Licht von Dwayna;Conjuro. Resucita a todos los miembros del grupo muertos de la zona. Vuelven a la vida con el 25% de salud y 0 puntos de energía.;1;-1;22;3;0;25;4;20;0;0;0;0;0;0;0;
305;Resurrección;Wiederbeleben;Conjuro. Resucita a un aliado, que vuelve a la vida con el 25% de salud y 0 puntos de energía.;0;-1;22;3;0;10;5;8;0;0;0;0;0;0;0;
306;Renacimiento;Wiedergeburt;Conjuro. Resucitas a un aliado con el 25% de salud y 0 puntos de energía, y lo teletransportas además a tu ubicación actual. Todas sus habilidades estarán desactivadas durante 10..3 segundos. Este conjuro utilizará el resto de tu energía.;0;15;22;3;0;10;5;0;0;0;0;0;0;0;0;
307;Inversión de la fortuna;Umkehrung des Schicksals;Conjuro con encantamiento. Durante 8 segundos, la próxima vez que al objetivo (un aliado o tú mismo) le hubieran hecho daño o robado vida, éste ganará esa cantidad de salud en lugar de perderla (máximo 15..80).;0;15;23;3;0;5;.25;2;0;0;0;0;0;0;0;
308;Auxilio;Beistand;Conjuro con encantamiento. Mientras mantengas este encantamiento, el aliado objetivo ganará una regeneración de +1 de salud y de energía, pero perderás 1 de energía cada vez que ese aliado lance un conjuro.;1;-1;23;3;-1;5;1;10;0;0;0;0;0;0;0;
309;Velo sagrado;Heiliger Schleier;Conjuro con encantamiento. Mientras mantengas este encantamiento, los maleficios que echen sobre el objetivo (un aliado o tú mismo) tardarán el doble en invocarse. Cuando finalice el Velo sagrado, se quita un maleficio del objetivo.;0;-1;23;3;-1;5;1;12;0;0;0;0;0;0;0;
310;Espíritu divino;Göttlicher Geist;Conjuro con encantamiento. Durante 1..14 segundos, lanzar conjuros de Monje te costará 5 menos de energía. (Coste mínimo: 1 de energía).;1;16;23;3;0;10;.25;60;0;0;0;0;0;0;0;
311;Robar condiciones;Zustände entziehen;Conjuro. Todas las condiciones negativas se transferirán del aliado objetivo a ti. Por cada condición que adquieras, ganas 6..26 de salud.;0;15;22;3;0;5;.25;4;0;0;0;0;0;0;0;
312;Golpe sagrado;Heiliger Schlag;Habilidad. El enemigo al que toques recibe 10..55 de daño sagrado. Si está derribado, recibirá 10..55 de daño sagrado extra.;1;14;1;3;0;5;.75;8;0;0;0;0;0;0;0;
313;Toque curativo;Heilende Berührung;Conjuro. Curas 20..80 de salud al aliado que toques. La salud recuperada con el Favor divino se dobla gracias a este conjuro.;0;13;22;3;0;5;.75;5;0;0;0;0;0;0;0;
314;Restaurar vida;Leben erneuern;Conjuro. Toca el cuerpo de un miembro caído del grupo. El miembro del grupo volverá a la vida con un 20..65% de salud y un 42..90% de energía.;1;13;22;3;0;10;4;8;0;0;0;0;0;0;0;
315;Venganza;Rache;Conjuro con encantamiento. Devuelve la vida al aliado objetivo con la salud y energía al máximo. Durante 30 segundos, ese aliado hará un 25% más de daño pero morirá cuando este encantamiento termine. No se penalizará por resucitar si se muere bajo sus efectos.;1;-1;23;3;0;10;4;30;0;0;0;0;0;0;0;
316;¡Hasta el límite!;Bis ans Limit!;Grito. Por cada enemigo al alcance del oído (un máximo de 1..6), ganas un golpe de adrenalina. Durante 10..20 segundos, tu máximo de salud aumenta en 10..60.;1;21;20;1;0;5;0;10;0;0;0;0;0;0;0;
317;Furia de batalla;Kampfwut;Actitud de élite. Durante 5..20 segundos, te mueves un 33% más rápido y ganas el doble de adrenalina de los ataques. La Furia de batalla termina si utilizas alguna habilidad que no sea de adrenalina.;0;17;29;1;0;0;0;0;3.2;0;1;0;0;0;0;
318;Desafiar al dolor;Schmerz trotzen;Habilidad de élite. Durante 20 segundos, tienes 90..300 de salud adicional, 20 de armadura adicional y recibes -1..10 de daño.;1;17;1;1;0;0;0;0;4.8;0;1;0;0;0;0;
319;Aceleración;Ansturm;Actitud. Corres un 25% más rápido durante 8..20 segundos.;1;17;29;1;0;0;0;0;3.2;0;0;0;0;0;0;
320;Cortar tendón;Lähmung;Ataque con espada. Si este ataque impacta, tu objetivo pasará a estar lisiado durante 3..15 segundos, lo que reducirá su movimiento.;0;20;10;1;0;5;0;10;0;0;0;0;0;0;0;
321;Golpe violento;Rundumschlag;Ataque cuerpo a cuerpo. Se pierde toda la adrenalina. Si impacta, este ataque será un golpe crítico y cualquier actitud que estaba usando el enemigo terminará. No se puede bloquear.;0;-1;3;1;0;5;0;8;0;0;0;0;0;0;0;
322;Ataque poderoso;Kraftangriff;Ataque cuerpo a cuerpo. Este ataque hace +10..40 de daño si impacta.;0;17;3;1;0;5;0;3;0;0;0;0;0;0;0;
323;Golpe desesperado;Verzweiflungsschlag;Ataque cuerpo a cuerpo. Si este ataque impacta, harás +10..40 de daño y tu objetivo sufrirá una de las siguientes condiciones: herida grave (durante 20 segundos), debilidad (20 segundos), hemorragia (25 segundos) o lisiadura (15 segundos). Después del Golpe desesperado, caerás al suelo.;1;21;3;1;0;5;0;7;0;0;0;0;0;0;0;
324;Emoción de la victoria;Rausch des Sieges;Ataque cuerpo a cuerpo. Si este ataque impacta, hace +20..40 de daño. Si tienes más salud que el enemigo objetivo, ganas 1..2 golpes de adrenalina.;0;21;3;1;0;5;0;8;0;0;0;0;0;0;0;
325;Golpe de distracción;Ablenkungsschlag;Ataque cuerpo a cuerpo. Golpeas con tu arma al objetivo, sin hacer daño pero interrumpiendo la acción que esté realizando (y las de los enemigos adyacentes).;0;-1;3;1;0;5;.5;10;0;0;0;0;0;0;0;
326;Golpe del protector;Schlag des Beschützers;Ataque cuerpo a cuerpo. Si este ataque golpea a un enemigo en movimiento, le harás 10..40 de daño adicional.;1;17;3;1;0;5;.5;3;0;0;0;0;0;0;0;
327;Barrido del grifo;Greifenschlag;Ataque cuerpo a cuerpo. Si este ataque impacta, harás +5..20 de daño. Si se bloquea este ataque, tu objetivo es derribado y sufre 10..34 de daño.;1;17;3;1;0;5;0;8;0;0;0;0;0;0;0;
328;Golpe puro;Reiner Schlag;Ataque con espada. Si el Golpe puro impacta, harás +1..30 de daño. Si no estás utilizando una actitud, no se podrá bloquear.;1;20;10;1;0;5;0;8;0;0;0;0;0;0;0;
329;Rompecráneos;Schädel spalten;Ataque cuerpo a cuerpo de élite. Si este ataque impacta, interrumpirás la acción del enemigo objetivo. Si está lanzando un conjuro, quedará atontado durante 15 segundos.;1;-1;3;1;0;0;.25;0;6;0;1;0;0;0;0;
330;Hacha ciclón;Zyklonaxt;Ataque con hacha. Realizas un ataque de hacha giratorio contra todos los oponentes adyacentes que causa +4..12 de daño.;0;18;4;1;0;5;0;4;0;0;0;0;0;0;0;
331;Martillazo;Hammerstreich;Ataque con martillo. Se pierde toda la adrenalina. Si el Martillazo impacta, tu objetivo es derribado.;0;19;8;1;0;0;0;0;5.2;0;0;0;0;0;0;
332;Golpe del toro;Bullenstoß;Ataque cuerpo a cuerpo. Si este ataque impacta a un enemigo en movimiento, le harás +5..30 de daño y caerá al suelo.;0;17;3;1;0;5;0;10;0;0;0;0;0;0;0;
333;¡Os vengaré!;Ich werde Euch rächen!;Grito. Por cada aliado muerto, durante 10 segundos la salud se regenera en +3..7 y atacas un 25% más deprisa.;1;17;20;1;0;5;0;45;0;0;0;0;0;0;0;
334;Barrido de hacha;Harkenaxt;Ataque con hacha. Si este ataque impacta a un enemigo que tenga una herida grave, harás +4..16 de daño, y ese enemigo quedará lisiado durante 15 segundos.;0;18;4;1;0;0;0;0;4.8;0;0;0;0;0;0;
335;Partir en dos;Spalten;Ataque con hacha de élite. Si este ataque impacta, inflige +10..40 de daño y alcanza a 1..2 enemigos adyacentes provocándoles 10..40 de daño cortante.;0;18;4;1;0;0;0;0;3.2;0;1;0;0;0;0;
336;Golpe del ejecutor;Henkerschlag;Ataque con hacha. Este ataque hace +15..45 de daño si impacta.;0;18;4;1;0;0;0;0;7;0;0;0;0;0;0;
337;Desmembrar;Zerstückeln;Ataque con hacha. Si impacta, este hachazo causará una herida grave al enemigo objetivo, lo que reducirá la salud máxima de ese objetivo en 20% durante 5..20 segundos.;0;18;4;1;0;0;0;0;4.8;0;0;0;0;0;0;
338;Eviscerar;Ausweiden;Ataque con hacha de élite. Si impacta, haces +10..45 de daño y causarás una herida grave, lo que reducirá el máximo de salud de tu objetivo en 20% durante 5..20 segundos.;1;18;4;1;0;0;0;0;8;0;1;0;0;0;0;
339;Golpe penetrante;Durchdringender Schlag;Ataque con hacha. Si impacta, harás +10..25 de daño. Este ataque de hacha tiene un 20% de penetración de armadura.;1;18;4;1;0;0;0;0;4.8;0;0;0;0;0;0;
340;Hachazo desbaratador;Unterbrechender Hieb;Ataque con hacha. Si impacta, este ataque interrumpe la acción actual del objetivo. Si esa acción era una habilidad, estará desactivada durante 20 segundos.;0;18;4;1;0;0;0;0;5;0;0;0;0;0;0;
341;Hachazo rápido;Schneller Hieb;Ataque con hacha. Este ataque hace +1..20 de daño si impacta. Si se bloquea Hachazo rápido, el enemigo objetivo recibe 1..20 de daño y sufre una herida grave durante 20 segundos.;0;18;4;1;0;5;0;4;0;0;0;0;0;0;0;
342;Giro y hachazo;Axtdrehung;Ataque con hacha. Si este ataque impacta a un enemigo que tenga una herida grave, harás 5..25 más de daño y ese enemigo pasará a estar débil durante 20 segundos.;1;18;4;1;0;0;0;0;4.8;0;0;0;0;0;0;
343;¡Por la justicia!;Für höhere Gerechtigkeit!;Grito. Durante 20 segundos, ganas un 100% más de adrenalina.;0;-1;20;1;0;5;0;45;0;0;0;0;0;0;0;
344;Ráfaga;Schauer;Actitud. Durante 5 segundos, tu velocidad de ataque se aumenta en un 33%, pero haces 25% menos de daño.;1;-1;29;1;0;5;0;5;0;0;0;0;0;0;0;
345;Actitud defensiva;Verteidigungshaltung;Actitud. Durante 1..5 segundos, tienes un 75% de posibilidades de bloquear ataques cuerpo a cuerpo y proyectiles. Cuando la Actitud defensiva acabe, ganas un golpe de adrenalina por cada habilidad de ataque cuerpo a cuerpo que tengas (máximo 0..4).;0;21;29;1;0;0;0;8;4.8;0;0;0;0;0;0;
346;Frenesí;Raserei;Actitud. Durante 8 segundos, atacas un 33 % más rápido, pero recibes 175..125 % de daño.;0;17;29;1;0;5;0;4;0;0;0;0;0;0;0;
347;Soportar el dolor;Schmerz ertragen;Habilidad. Durante 7..18 segundos tienes 90..300 de salud adicional.;0;17;1;1;0;5;0;30;0;0;0;0;0;0;0;
348;¡Cuidado!;Passt auf Euch auf!;Grito. Los miembros del grupo al alcance del oído ganan +5..25 de armadura durante 10 segundos. Este grito acaba después de 10 ataques recibidos.;0;21;20;1;0;0;0;4;3.2;0;0;0;0;0;0;
349;Propulsión;Sprinten;Actitud. Corres un 25% más rápido durante 8..14 segundos.;0;17;29;1;0;5;0;15;0;0;0;0;0;0;0;
350;Golpe de barriga;Bauchklatscher;Ataque con martillo. Si este ataque golpea a un enemigo que esté derribado, la nube de polvo resultante cegará a los enemigos adyacentes durante 3..7 segundos.;1;19;8;1;0;5;1;10;0;0;0;0;0;0;0;
351;Golpe poderoso;Mächtiger Schlag;Ataque con martillo. Este ataque hace +10..40 de daño si impacta.;0;19;8;1;0;0;0;0;6.4;0;0;0;0;0;0;
352;Golpe aplastante;Vernichtender Schlag;Ataque con martillo. Si este ataque impacta, harás +1..20 de daño. Si golpeas a un enemigo caído, le harás una herida grave, lo que reducirá el máximo de salud de tu objetivo en un 20% durante 5..20 segundos.;1;19;8;1;0;5;0;10;0;0;0;0;0;0;0;
353;Tajo brutal;Grober Schwung;Ataque con martillo. Ataca a todos los enemigos adyacentes. Cada enemigo al que alcances recibe +1..20 de daño.;1;19;8;1;0;5;0;5;0;0;0;0;0;0;0;
354;Temblor de tierra;Erdrüttler;Ataque con martillo de élite. El enemigo objetivo y todos los adyacentes caen al suelo. (50% de posibilidades de fallo con dominio del martillo 4 o inferior).;1;19;8;1;0;0;0;0;8;0;1;0;0;0;0;
355;Martillo devastador;Verheerender Hammer;Ataque con martillo de élite. Si el Martillo devastador impacta, tu objetivo es derribado y sufrirá debilidad durante 5..20 segundos.;0;19;8;1;0;0;0;0;6.4;0;1;0;0;0;0;
356;Golpe brutal;Brutaler Schlag;Ataque con martillo. Si este ataque impacta, harás +5..20 de daño. Si se bloquea este ataque, tu objetivo es derribado y sufre 5..20 de daño.;0;19;8;1;0;5;0;6;0;0;0;0;0;0;0;
357;Contraataque de martillo;Gegenschlag;Ataque con martillo. Si este ataque impacta a un objetivo que esté atacando, éste es derribado.;0;19;8;1;0;0;0;0;4;0;0;0;0;0;0;
358;Rompespaldas;Rückenbrecher;Ataque con martillo de élite. Si el Rompespaldas impacta, haces +1..20 de daño y tu objetivo es derribado. Si tienes un nivel de fuerza 8 o superior, el derribo dura 4 segundos.;1;19;8;1;0;0;0;0;8.8;0;1;0;0;0;0;
359;Golpe duro;Heftiger Schlag;Ataque con martillo. Se pierde toda la adrenalina. Si este ataque impacta a un enemigo que sufra debilidad, ese enemigo es derribado y harás +1..30 de daño.;0;19;8;1;0;0;0;0;4.8;0;0;0;0;0;0;
360;Golpe de desequilibrio;Umwerfender Schlag;Ataque con martillo. Si este martillazo impacta, tu objetivo sufrirá debilidad durante 5..20 segundos.;0;19;8;1;0;0;1;0;3.2;0;0;0;0;0;0;
361;Sello de Dolyak;Dolyak-Siegel;Sello. Durante 8..20 segundos, tienes +10..40 de armadura y no te pueden derribar, pero tu movimiento se reduce en un 75%.;1;17;21;1;0;0;0;20;0;0;0;0;0;0;0;
362;Astucia del Guerrero;Verschlagenheit des Kriegers;Habilidad. Durante 5..11 segundos, tus ataques de combate cuerpo a cuerpo no se pueden bloquear.;0;17;1;1;0;10;0;60;0;0;0;0;0;0;0;
363;Golpe de escudo;Heftiger Schildschlag;Habilidad. Durante 5..11 segundos, si estás llevando un escudo, bloquearás la siguiente habilidad de ataque cuerpo a cuerpo contra ti, tu atacante caerá derribado y esa habilidad quedará desactivada durante 15 segundos adicionales.;0;17;1;1;0;5;0;20;0;0;0;0;0;0;0;
364;¡Carga!;Angriff!;Grito de élite. Todos los aliados al alcance del oído dejan de estar lisiados. Durante 5..13 segundos, estos aliados se mueven un 33% más rápido.;0;21;20;1;0;5;0;20;0;0;1;0;0;0;0;
365;¡La victoria es mía!;Der Sieg ist mein!;Grito de élite. Ganas 10..68 de salud y 3..7 de energía por cada condición que sufra el enemigo objetivo.;1;21;20;1;0;5;0;10;0;0;1;0;0;0;0;
366;¡Temedme!;Fürchtet mich!;Grito. Todos los enemigos cercanos pierden 2..6 de energía. Durante 1..15 segundoss, tus ataques cuerpo a cuerpo tienen +5..30% de probabilidades de dar un golpe crítico contra enemigos parados.;1;21;20;1;0;0;0;4;3.2;0;0;0;0;0;0;
367;¡Alzad los escudos!;Schilde hoch!;Grito. Durante 5..11 segundos, tú y los miembros del equipo al alcance del oído ganan +60 de armadura contra ataques con proyectil.;0;21;20;1;0;10;0;30;0;0;0;0;0;0;0;
368;¡Sobreviviré!;Ich überlebe!;Grito. Ganas +3 de regeneración de salud por cada condición que sufras. Esta regeneración finaliza a los 5..11 segundos.;1;17;20;1;0;5;0;30;0;0;0;0;0;0;0;
370;Actitud berserker;Berserkerhaltung;Actitud. Durante 8..14 segundos, atacas un 33% más rápido y ganas un 100 % más de adrenalina. La Actitud Berserker finaliza si usas una habilidad.;0;17;29;1;0;10;0;10;0;0;0;0;0;0;0;
371;Actitud equilibrada;Ausgeglichene Haltung;Actitud. Durante 8..20 segundos, no puedes ser derribado ni recibir daño extra de un ataque crítico.;0;21;29;1;0;5;0;30;0;0;0;0;0;0;0;
372;Defensa del gladiador;Gladiatoren-Verteidigung;Actitud de élite. Durante 5..11 segundos, tienes un 75% de posibilidades de bloquear los ataques que te hagan. Siempre que bloquees de este modo un ataque cuerpo a cuerpo, el atacante sufrirá 5..35 de daño.;1;21;29;1;0;5;0;20;0;0;1;0;0;0;0;
373;Desviar flechas;Pfeilablenkung;Actitud. Durante 1..6 segundos, tienes un 75% de posibilidades de bloquear ataques. Si bloqueas un ataque con proyectil, los enemigos adyacentes sufren una hemorragia durante 5..15 segundos.;1;21;29;1;0;0;0;12;4.8;0;0;0;0;0;0;
374;Fortaleza del Guerrero;Ausdauer des Kriegers;Habilidad de élite. Durante 5..35 segundos, ganas 3 de energía cada vez que golpees cuerpo a cuerpo. La Fortaleza del Guerrero no puede aumentar tu energía por encima de 10..25.;1;17;1;1;0;5;0;30;0;0;1;0;0;0;0;
375;Actitud de batalla de enano;Zwergen-Kampfhaltung;Actitud de élite. Durante 5..11 segundos, si llevas un martillo, atacas un 33% más deprisa, ganas +40 de armadura y tus habilidades de ataque interrumpen a los enemigos si los alcanzas.;1;17;29;1;0;5;0;20;0;0;1;0;0;0;0;
376;Actitud disciplinada;Disziplinierte Haltung;Actitud. Durante 1..4 segundos, ganas +10 de armadura y tienes un 75% de probabilidades de bloquear ataques. La Actitud disciplinada finaliza si utilizas una habilidad de adrenalina.;1;21;29;1;0;5;0;15;0;0;0;0;0;0;0;
377;Actitud precavida;Wachsame Haltung;Actitud. Durante 1..6 segundos, bloqueas todas las habilidades de ataque que se utilicen contra ti. Por cada una que detengas, ganas adrenalina y 5 de energía. La Actitud precavida finaliza si utilizas una habilidad.;1;21;29;1;0;10;0;10;0;0;0;0;0;0;0;
378;Actitud protectora;Schildhaltung;Actitud. Durante 1..6 segundos, mientras lleves un escudo, tienes un 75% de probabilidades de bloquear y el daño se reduce en 2 por cada rango de fuerza (15 de reducción máxima de daño).;1;21;29;1;0;5;0;15;0;0;0;0;0;0;0;
379;Carga de toro;Angriff des Bullen;Actitud de élite. Durante 1..7 segundos, te mueves un 50 % más rápido y, si golpeas a un enemigo en movimiento cuerpo a cuerpo, será derribado. La Carga de toro finaliza si utilizas una habilidad.;1;17;29;1;0;5;0;12;0;0;1;0;0;0;0;
380;Defensa de Bonetti;Bonettis Verteidigung;Actitud. Durante 5..11 segundos, tienes un 75% de posibilidades de bloquear ataques cuerpo a cuerpo y con proyectiles. Ganas 5 de energía por cada ataque cuerpo a cuerpo bloqueado. La Defensa de Bonetti finaliza si utilizas una habilidad.;1;21;29;1;0;0;0;0;8;0;0;0;0;0;0;
381;Cien espadas;Hundert Klingen;Habilidad de élite. Durante 15 segundos, siempre que ataques con una espada, todos los enemigos adyacentes reciben 10..35 de daño perforante.;0;20;1;1;0;5;0;20;0;0;1;0;0;0;0;
382;Cortar arteria;Arterienabtrennung;Ataque con espada. Si este ataque impacta, el oponente sufrirá una hemorragia durante 5..25 segundos, lo que le hará ir perdiendo salud.;0;20;10;1;0;0;0;0;3;0;0;0;0;0;0;
383;Tajo de Galrath;Galrath-Hieb;Ataque con espada. Este ataque hace +1..40 de daño si impacta.;1;20;10;1;0;0;0;0;7;0;0;0;0;0;0;
384;Corte profundo;Schnittwunde;Ataque con espada. Si este ataque impacta a un enemigo con una hemorragia, haces 5..20 más de daño y el enemigo sufrirá una herida grave, lo que reducirá el máximo de su salud en 20% durante 5..20 segundos.;0;20;10;1;0;0;0;0;5;0;0;0;0;0;0;
385;Estocada final;Endstoß;Ataque con espada. Se pierde toda la adrenalina. Si la Estocada final impacta, harás 5..40 más de daño. El daño se dobla si el objetivo tenía menos del 50% de salud.;0;20;10;1;0;0;0;0;8;0;0;0;0;0;0;
386;Cuchillada precisa;Suchende Klinge;Ataque con espada. Si este ataque impacta, harás +1..20 de daño. Si se bloquea este ataque, tu objetivo sufrirá una hemorragia durante 25 segundos y recibirá 1..20 de daño.;0;20;10;1;0;5;0;4;0;0;0;0;0;0;0;
387;Estocada;Entgegnung;Habilidad. Durante 8 segundos, mientras empuñes una espada, bloquearás el próximo ataque cuerpo a cuerpo contra ti, y tu atacante recibirá 20..80 de daño.;1;21;1;1;0;0;0;0;3.2;0;0;0;0;0;0;
388;Estocada mortal;Tödliche Entgegnung;Habilidad. Durante 8 segundos, mientras empuñes una espada, bloquearás el próximo ataque cuerpo a cuerpo contra ti, y tu atacante sufrirá 15..90 de daño y una hemorragia durante 3..25 segundos.;1;21;1;1;0;5;0;10;0;0;0;0;0;0;0;
389;Blandir;Blütezeit;Habilidad de élite. Todas tus habilidades de ataque pasarán a estar recargadas. Ganas 2..7 de energía por cada habilidad que recargues con Blandir.;1;17;1;1;0;5;1;8;0;0;1;0;0;0;0;
390;Tajo salvaje;Wilder Hieb;Ataque con espada. Si este ataque impacta, interrumpe la acción del enemigo objetivo. Si la acción era un conjuro, haces 1..40 de daño adicional.;0;20;10;1;0;5;.5;10;0;0;0;0;0;0;0;
391;Disparo del cazador;Jägerschuss;Ataque con arco. Si el Disparo del cazador impacta, el objetivo sufrirá una hemorragia durante 3..25 segundos.;0;25;2;2;0;5;1;10;0;0;0;0;0;0;0;
392;Inmovilizar;Festnageln;Ataque con arco. Si Inmovilizar impacta, tu objetivo quedará lisiado durante 3..15 segundos.;0;25;2;2;0;15;0;8;0;0;0;0;0;0;0;
393;Disparo lesionador;Verkrüppelungs-Schuss;Ataque con arco de élite. Si el Disparo lesionador impacta, tu objetivo quedará lisiado durante 4..14 segundos. Este ataque no puede bloquearse.;1;25;2;2;0;5;0;2;0;0;1;0;0;0;0;
394;Disparo poderoso;Kraftschuss;Ataque con arco. Si el Disparo poderoso impacta, el enemigo objetivo recibe +25..50 de daño.;0;25;2;2;0;10;0;3;0;0;0;0;0;0;0;
395;Descarga de flechas;Sperrfeuer;Ataque con arco de élite. Se eliminan todas tus preparaciones. Disparas flechas al enemigo objetivo y a un máximo de 5 enemigos adyacentes a él. Estas flechas hacen +5..20 de daño si impactan.;0;25;2;2;0;5;0;1;0;0;1;0;0;0;0;
396;Disparo doble;Doppelschuss;Ataque con arco. Disparas dos flechas simultáneamente al enemigo objetivo. Estas flechas hacen un 25% menos de daño.;0;-1;2;2;0;10;0;10;0;0;0;0;0;0;0;
397;Disparo rápido;Schnellschuss;Ataque con arco de élite. Lanzas una flecha que vuela el doble de rápido.;0;-1;2;2;0;5;.5;1;0;0;1;0;0;0;0;
398;Ataque penetrante;Durchbohr-Angriff;Ataque con arco. Si el Ataque penetrante golpea al enemigo, le harás +5..25 de daño. Tiene un 10% de penetración de armadura.;1;25;2;2;0;10;.75;4;0;0;0;0;0;0;0;
399;Disparo de distracción;Ablenk-Schuss;Ataque con arco. Si el Disparo de distracción impacta, interrumpe la acción del enemigo pero hace sólo 1..16 de daño. Si la acción interrumpida era una habilidad, ésta estará desactivada durante 20 segundos adicionales.;0;23;2;2;0;5;.5;10;0;0;0;0;0;0;0;
400;Disparo preciso;Präzisionsschuss;Ataque con arco. Si el Disparo preciso impacta, harás +3..10 de daño. El Disparo preciso no puede bloquearse. Esta acción se interrumpe con facilidad.;0;25;2;2;0;10;1;6;0;0;0;0;0;0;0;
402;Disparo definido;Entschlossener Schuss;Ataque con arco. Harás +5..20 de daño si golpeas al enemigo. Si este ataque falla, todas tus habilidades de ataque se recargarán.;0;25;2;2;0;5;0;10;0;0;0;0;0;0;0;
403;Disparo veloz;Ankündigungs-Schuss;Ataque con arco. Disparas una flecha que se mueve 3 veces más rápido de lo normal y no se puede bloquear.;0;-1;2;2;0;5;0;3;0;0;0;0;0;0;0;
404;Flecha envenenada;Giftpfeil;Ataque con arco de élite. Si la Flecha envenenada impacta, tu objetivo estará envenenado durante 5..20 segundos.;1;24;2;2;0;5;0;1;0;0;1;0;0;0;0;
405;Disparo de promesa;Eidschuss;Ataque con arco de élite. Si el Disparo de promesa impacta, todas tus habilidades se recargan excepto Disparo de promesa. Si falla, todas tus habilidades se desactivan durante 10..4 segundos. (50% de probabilidades de fallar con Pericia 7 o menos.);1;23;2;2;0;10;0;25;0;0;1;0;0;0;0;
406;Disparo debilitador;Entkräftungs-Schuss;Ataque con arco. Si el Disparo debilitador impacta, tu objetivo pierde 1..10 de energía.;0;25;2;2;0;10;0;10;0;0;0;0;0;0;0;
407;Disparo a quemarropa;Kurzdistanzschuss;Ataque con arco. Disparas una flecha que tiene la mitad de alcance, pero que hace +10..40 de daño.;1;23;2;2;0;5;0;3;0;0;0;0;0;0;0;
408;Conmoción;Erschütterungsschuss;Ataque con arco. Si la Conmoción impacta mientras el enemigo objetivo está lanzado un conjuro, éste se interrumpe y tu objetivo quedará aturdido durante 5..20 segundos. Este ataque hace sólo 1..16 de daño.;0;25;2;2;0;25;.5;5;0;0;0;0;0;0;0;
409;Disparo de castigo;Bestrafungs-Schuss;Ataque con arco de élite. Si Disparo de castigo impacta, haces +10..20 de daño y tu objetivo es interrumpido.;1;25;2;2;0;10;.5;5;0;0;1;0;0;0;0;
411;Encantar animal;Tier zähmen;Habilidad. Encantar al animal objetivo. Una vez encantado, tu compañero animal viajará contigo siempre que tengas equipado Encantar animal. No es posible encantar animales que estén más de 4 niveles por encima del personaje.;0;22;1;2;0;10;10;0;0;0;0;0;0;0;0;
412;Llamada de protección;Ruf des Schutzes;Grito. Durante 120 segundos, tu compañero animal tendrá una reducción del daño base de 5..20.;1;22;20;2;0;5;0;90;0;0;0;0;0;0;0;
415;Llamada de celeridad;Ruf der Eile;Grito. Durante 30 segundos, tu mascota ataca un 33% más rápido y se mueve un 33% más deprisa.;0;22;20;2;0;10;0;25;0;0;0;0;0;0;0;
422;Revivir animal;Tier wiederbeleben;Habilidad. Resucita a todos los compañeros animales aliados cercanos, que vuelven a la vida con el 10..94 % de salud.;1;22;1;2;0;5;.25;5;0;0;0;0;0;0;0;
423;Vínculo simbiótico;Symbiotisches Band;Grito. Durante 120..300 segundos, tu animal compañero gana 1..3 de regeneración de salud y la mitad de todo el daño que reciba tu animal lo recibes tú en su lugar.;1;22;20;2;0;10;0;55;0;0;0;0;0;0;0;
424;Arrojar tierra;Dreck werfen;Habilidad. El enemigo al que toques y todos los adyacentes se quedarán ciegos durante 3..15 segundos.;0;23;1;2;0;5;1;30;0;0;0;0;0;0;0;
425;Esquiva;Abducken;Actitud. Durante 5..11 segundos, te mueves un 33% más rápido y tienes un 27..75% de posibilidad de bloquear los proyectiles que te lancen. La esquiva finaliza si atacas.;1;23;29;2;0;5;0;30;0;0;0;0;0;0;0;
426;Disparo violento;Wilder Schuss;Ataque con arco. Si el Disparo violento impacta, interrumpes la acción del enemigo objetivo. Si la acción era un conjuro, haces +13..28 de daño.;0;25;2;2;0;10;.5;5;0;0;0;0;0;0;0;
427;Sello de antídoto;Gegengift-Siegel;Sello. Te curas de veneno, enfermedad, ceguera y una condición adicional.;0;-1;21;2;0;0;1;4;0;0;0;0;0;0;0;
428;Flechas incendiarias;Flammenpfeile;Ataque con arco de élite. Disparas flechas al enemigo objetivo y a un máximo de 2 enemigos cercanos a él, que arderán durante 1..3 segundos.;1;24;2;2;0;5;0;5;0;0;1;0;0;0;0;
429;Flechas de Melandru;Melandrus Pfeile;Preparación["Preparaciones"] de élite. Durante 18 segundos, tus flechas causan una hemorragia durante 3..25 segundos y hacen +8..28 de daño si impactan en un objetivo que esté bajo un encantamiento.;1;24;17;2;0;5;2;12;0;0;1;0;0;0;0;
430;Apuesta del tirador;Schützenwette;Preparación["Preparaciones"] de élite. Durante 18 segundos, ganas 5..10 de energía siempre que tus flechas impacten, pero pierdes 10 de energía siempre que fallen.;1;23;17;2;0;5;1;24;0;0;1;0;0;0;0;
431;Flechas inflamables;Brandpfeile;Preparación["Preparaciones"]. Durante 24 segundos, tus flechas explotan al contacto, haciendo 3..18 de daño de fuego al enemigo objetivo y los adyacentes.;1;24;17;2;0;10;2;12;0;0;0;0;0;0;0;
432;Medir el viento;Wind lesen;Preparación["Preparaciones"]. Durante 24 segundos, tus flechas se mueven el doble de rápido de lo normal y hacen 3..10 de daño adicional.;0;25;17;2;0;5;2;12;0;0;0;0;0;0;0;
433;Flechas en llamas;Zündelpfeile;Preparación["Preparaciones"]. Durante 24 segundos, tus flechas hacen daño de fuego además de hacer 3..24 de daño de fuego adicional.;0;24;17;2;0;5;2;12;0;0;0;0;0;0;0;
434;Gas asfixiante;Würgegas;Preparación["Preparaciones"]. Durante 1..12 segundos, tus flechas hacen 1..8 de daño adicional y dispersan un gas asfixiante al impactar en los enemigos adyacentes. Este gas interrumpe a los enemigos que intenten lanzar conjuros.;0;24;17;2;0;15;2;24;0;0;0;0;0;0;0;
435;Aplicar veneno;Gift auftragen;Preparación["Preparaciones"]. Durante los 24 segundos que dura esta habilidad, los enemigos a los que alcancen tus ataques físicos quedan envenenados durante 3..15 segundos.;0;24;17;2;0;15;2;12;0;0;0;0;0;0;0;
436;Confortar animal;Tier erquicken;Habilidad. Curas 40..120 de salud a tu mascota animal. Si está muerta, la resucitarás con 10..58% de salud. Si tienes equipado Confortar animal, tu mascota viajará contigo.;0;22;1;2;0;5;1;1;0;0;0;0;0;0;0;
437;Ataque bestial;Bestiensprung;Ataque con mascota. El siguiente ataque de tu mascota será el Ataque bestial, que causa +5..20 de daño. Si consigue golpear a un enemigo lanzando un conjuro, será derribado.;1;22;11;2;0;5;0;10;0;0;0;0;0;0;0;
438;Ataque mutilador;Verkrüppelungs-Schlag;Ataque con mascota. Con el Ataque mutilador, tu compañero animal hará +5..20 de daño. Si el golpe impacta, ese enemigo quedará lisiado durante 3..15 segundos.;0;22;11;2;0;10;0;5;0;0;0;0;0;0;0;
439;Embestida animal;Wilder Ausfall;Ataque con mascota. El siguiente ataque de tu mascota será la Embestida animal, que causa +5..35 de daño. Si golpea a un enemigo atacando, sufrirá una hemorragia durante 5..25 segundos.;1;22;11;2;0;5;0;10;0;0;0;0;0;0;0;
440;Golpe carroñero;Aasfresser-Schlag;Ataque con mascota. Con el Golpe carroñero tu compañero animal hará +10..25 de daño. Si el ataque alcanza a un enemigo que esté sufriendo una condición, ganas 3..15 de energía.;0;22;11;2;0;5;0;10;0;0;0;0;0;0;0;
441;Salto de Melandru;Melandrus Angriff;Ataque con mascota. Tu mascota hará un Salto de Melandru que causa +5..20 de daño a todos los enemigos cercanos.;1;22;11;2;0;10;0;5;0;0;0;0;0;0;0;
442;Ataque feroz;Wilder Schlag;Ataque con mascota de élite. Con el Ataque feroz tu compañero animal hará +13..28 de daño. Si el ataque impacta, ganarás adrenalina y 3..10 de energía.;0;22;11;2;0;5;0;8;0;0;1;0;0;0;0;
443;Salto de depredador;Raubtier-Sprung;Ataque con mascota. Con el Salto de depredador tu compañero animal hará +5..35 de daño y ganará 5..50 de salud cuando golpee al enemigo.;1;22;11;2;0;5;0;5;0;0;0;0;0;0;0;
444;Ataque brutal;Schonungsloser Schlag;Ataque con mascota. Con el Ataque brutal tu compañero animal hará +5..35 de daño. Si el ataque alcanza a un enemigo cuya salud esté por debajo del 50%, recibirá +5..35 de daño extra.;1;22;11;2;0;10;0;5;0;0;0;0;0;0;0;
445;Embestida;Unterbrechender Ausfall;Ataque con mascota. Con la Embestida tu compañero animal hará +1..12 de daño. Si el ataque alcanza a un enemigo que esté usando una habilidad, ésta se interrumpirá y está desactivada durante 20 segundos.;0;22;11;2;0;5;0;10;0;0;0;0;0;0;0;
446;Ungüento de Troll;Trollsalbe;Habilidad. Durante 13 segundos, ganas +3..10 de regeneración de salud.;0;24;1;2;0;5;3;10;0;0;0;0;0;0;0;
447;Grito de Otyugh;Otyughs Schrei;Grito. Durante 10..25 segundos, tu compañero animal gana +24 de armadura y no se le puede bloquear.;1;22;20;2;0;5;0;30;0;0;0;0;0;0;0;
448;Escape;Flucht;Actitud de élite. Durante 1..8 segundos, te mueves un 33% más rápido y tienes un 75% de posibilidades de bloquear ataques.;0;23;29;2;0;5;0;12;0;0;1;0;0;0;0;
449;Actitud de preparación;Geübte Haltung;Actitud de élite. Durante 20..35 segundos, tus preparaciones se recargarán un 50% más rápido y durarán un 30..300% más.;1;23;29;2;0;5;0;15;0;0;1;0;0;0;0;
450;Torbellino defensivo;Wirbelverteidigung;Actitud. Durante 8..20 segundos, tienes un 75% de posibilidades de bloquear ataques. Si consigues bloquear un proyectil, los enemigos adyacentes recibirán 5..11 de daño.;0;23;29;2;0;10;0;60;0;0;0;0;0;0;0;
451;Resistencia de Melandru;Melandrus Belastbarkeit;Actitud de élite. Durante 8..20 segundos, ganas una regeneración de salud de +4 y de +1 de energía por cada condición y maleficio que sufras.;1;24;29;2;0;5;0;15;0;0;1;0;0;0;0;
452;Defensas de arácnido;Dryders Verteidigungen;Actitud. Durante 5..11 segundos, ganas un 75% de posibilidades de bloquear ataques y 34..60 de armadura contra daño elemental.;1;24;29;2;0;5;0;60;0;0;0;0;0;0;0;
453;Reflejos felinos;Blitzreflexe;Actitud. Durante 5..11 segundos, tienes un 75% de posibilidades de bloquear ataques cuerpo a cuerpo y proyectiles, y atacarás un 33% más deprisa.;0;23;29;2;0;10;0;30;0;0;0;0;0;0;0;
454;Furia del tigre;Wut des Tigers;Actitud. Todas tus habilidades que no sean de ataque estarán desactivadas durante 5 segundos. Durante 5..11 segundos, atacas un 25% más rápido.;1;22;29;2;0;10;0;10;0;0;0;0;0;0;0;
455;Cazador de tormentas;Sturmjäger;Actitud. Durante 8..20 segundos, te moverás un 25% más rápido y obtendrás 1..5 de energía cada vez que recibas daños elementales.;0;24;29;2;0;10;0;20;0;0;0;0;0;0;0;
456;Rapidez de la serpiente;Schlangen-Schnelligkeit;Actitud. Durante 15..30 segundos, los tiempos de recarga de tus habilidades se reducen en un 33%. La Rapidez de la serpiente termina si tu salud está por debajo del 50%.;1;24;29;2;0;5;0;45;0;0;0;0;0;0;0;
457;Trampa de polvo;Staubfalle;Trampa. Cuando se active esta trampa, por cada segundo que pase (5 en total), todos los enemigos cercanos se quedarán ciegos durante 3..8 segundos y recibirán 10..25 de daño. Cuando actives esta habilidad, se te podrá interrumpir con facilidad. La Trampa de polvo dura 90 segundos.;1;24;30;2;0;25;2;30;0;0;0;0;0;0;0;
458;Trampa de espinas;Stachelfalle;Trampa. Cuando se activa esta trampa, todos los enemigos del área reciben 7..23 de daño perforante, quedarán lisiados y sufrirán una hemorragia durante 3..25 segundos. La Trampa de espinas dura 90 segundos. Cuando actives esta habilidad, se te podrá interrumpir con facilidad.;0;24;30;2;0;10;2;20;0;0;0;0;0;0;0;
459;Trampa de fuego;Flammenfalle;Trampa. Cuando se active esta trampa, por cada segundo que pase (3 en total) todos los enemigos del área reciben 5..20 de daño de fuego y arden durante 1..3 segundos. La Trampa de fuego se desactiva a los 90 segundos. Cuando la estés colocando, se te podrá interrumpir con facilidad.;0;24;30;2;0;10;2;20;0;0;0;0;0;0;0;
460;Manantial de curación;Heilquelle;Trampa. Durante 10 segundos, los aliados adyacentes se curan 15..60 de salud cada 2 segundos. Se te podrá interrumpir con facilidad mientras estés activando esta habilidad.;1;24;30;2;0;10;2;20;0;0;0;0;0;0;0;
461;Trampa de pinchos;Dornenfalle;Trampa de élite. Cuando se activa esta trampa, cada segundo (durante 2 en total) todos los enemigos cercanos reciben 10..40 de daño perforante, quedan lisiados durante 3..25 segundos y son derribados. La Trampa de pinchos dura 90 segundos. Se te podrá interrumpir con facilidad mientras la estés colocando.;0;24;30;2;0;10;2;20;0;0;1;0;0;0;0;
462;Invierno;Winter;Ritual de la naturaleza. Creas un espíritu de nivel 1..10. Las criaturas que estén en su zona recibirán daño frío en vez de daño elemental. Morirá a los 30..240 segundos.;1;24;19;2;0;5;2;60;0;0;0;0;0;0;0;
463;Aventamiento;Trennung;Ritual de la naturaleza. Creas un espíritu de nivel 1..10. Las criaturas no espíritus que estén en su zona recibirán 4 puntos de daño adicional cada vez que reciban daño físico. Morirá a los 30..240 segundos.;0;24;19;2;0;5;2;60;0;0;0;0;0;0;0;
464;Filo de extinción;Rand der Auslöschung;Ritual de la naturaleza. Creas un espíritu de nivel 1..10. Si alguna criatura no espíritu muere dentro de su zona, el Filo de extinción hará 14..50 de daño a todas las criaturas del mismo tipo que estén por debajo del 90% de salud y dentro de su zona. El espíritu morirá a los 30..240 segundos.;1;22;19;2;0;5;2;60;0;0;0;0;0;0;0;
465;Gran conflagración;Großflächenbrand;Ritual de la naturaleza de élite. Creas un espíritu de nivel 1..10. Las criaturas no espíritus que estén en su zona recibirán daño de fuego en vez de daño físico. Morirá a los 30..240 segundos.;1;24;19;2;0;5;2;15;0;0;1;0;0;0;0;
466;Conflagración;Feuersbrunst;Ritual de la naturaleza. Creas un espíritu de nivel 1..10. Las criaturas no espíritus que estén en su zona recibirán daño de fuego cuando sean alcanzados por flechas. Morirá a los 30..240 segundos.;2;24;19;2;0;5;2;60;0;0;0;0;0;0;0;
467;Temporada de fertilidad;Fruchtbare Jahreszeit;Ritual de la naturaleza. Creas un espíritu de nivel 1..10. Las criaturas no espíritus que estén en su zona tendrán +50..150 de salud máxima y +8 de armadura. Morirá a los 15..90 segundos.;1;22;19;2;0;15;2;60;0;0;0;0;0;0;0;
468;Simbiosis;Symbiose;Ritual de la naturaleza. Creas un espíritu de nivel 1..10. Por cada encantamiento que tenga una criatura no espíritu dentro la zona, ganará +27..150 de salud máxima. Morirá a los 30..240 segundos.;1;22;19;2;0;5;2;60;0;0;0;0;0;0;0;
469;Ecos primarios;Urechos;Ritual de la naturaleza. Creas un espíritu de nivel 1..10. A las criaturas no espíritus que estén en su zona les costará 10 de energía usar sellos. Morirá a los 30..240 segundos.;0;22;19;2;0;5;2;60;0;0;0;0;0;0;0;
470;Temporada de depredadores;Jagdsaison;Ritual de la naturaleza. Creas un espíritu de nivel 1..10. Las criaturas no espíritus que estén en su zona se benefician un 20% menos de las curaciones. Si tus ataques impactan, ganarás 5 de salud. Morirá a los 30..240 segundos.;1;22;19;2;0;5;2;60;0;0;0;0;0;0;0;
471;Suelo congelado;Eisboden;Ritual de la naturaleza. Creas un espíritu de nivel 1..10. Las criaturas no espíritus que estén en su zona no podrán activar habilidades de resurrección. Morirá a los 30..180 segundos.;1;24;19;2;0;10;2;30;0;0;0;0;0;0;0;
472;Vientos favorables;Günstige Winde;Ritual de la naturaleza. Creas un espíritu de nivel 1..10. Las criaturas no espíritus que estén en su zona dispararán las flechas el doble de deprisa y harán +6 de daño. Morirá a los 30..240 segundos.;0;25;19;2;0;5;2;60;0;0;0;0;0;0;0;
474;Viento vigorizante;Treibwind;Ritual de la naturaleza. Creas un espíritu de nivel 1..6. A las criaturas no espíritus que estén en su zona les costará 15 de energía menos usar las habilidades (coste mínimo 10) y éstas se recargarán un 25% más lento. Morirá a los 1..60 segundos.;0;22;19;2;0;15;2;60;0;0;0;0;0;0;0;
475;Céfiro acelerador;Beschleunigender Zephyr;Ritual de la naturaleza. Creas un espíritu de nivel 1..10. Las criaturas no espíritus que estén en su zona recargarán sus habilidades el doble de rápido y les costará 30% más energía usarlas. Morirá a los 15..90 segundos.;0;24;19;2;0;25;2;60;0;0;0;0;0;0;0;
476;Renovación de la naturaleza;Erneuerung der Natur;Ritual de la naturaleza. Creas un espíritu de nivel 1..10. Durante 30..240 segundos, los encantamientos y maleficios lanzados por criaturas no espíritus tardan el doble en invocarse y además costará el doble de energía mantener encantamientos. Morirá a los 30..240 segundos.;0;24;19;2;0;5;2;60;0;0;0;0;0;0;0;
477;Terreno fangoso;Schlammiges Terrain;Ritual de la naturaleza. Creas un espíritu de nivel 1..10. Las criaturas no espíritus que estén en su zona se moverán un 10% más despacio y los aumentos de velocidad no funcionarán. Morirá a los 30..180 segundos.;1;24;19;2;0;5;2;30;0;0;0;0;0;0;0;
570;Marca de inseguridad;Zeichen der Unsicherheit;Conjuro con maleficio de élite. Durante 5..25 segundos, el enemigo objetivo sufre -1..5 de degeneración de salud, y los encantamientos y posturas de ese enemigo acaban un 20..60 % antes. Todas tus habilidades que no sean de Asesino se desactivan durante 5 segundos.;3;30;24;7;0;5;1;10;0;0;1;0;0;0;0;
571;Daga desbaratadora;Unterbrechender Dolch;Conjuro. Lanzas una Daga desbaratadora al enemigo objetivo que le hará 10..35 de daño de tierra. Si estaba intentando usar una habilidad, le interrumpirás. Este conjuro tiene la mitad de alcance de lo normal.;3;30;22;7;0;5;.25;10;0;0;0;0;0;0;0;
572;Paradoja mortal;Tödliches Paradoxon;Actitud. Todas tus habilidades de ataque quedan desactivadas durante 10 segundos. Además, durante 5..15 segundos tus habilidades de Asesino se activarán y recargarán un 33% más deprisa.;3;30;29;7;0;15;0;10;0;0;0;0;0;0;0;
763;Mirada ictérica;Neidvoller Blick;Conjuro con encantamiento. Eliminas un encantamiento del enemigo objetivo. Si se elimina un encantamiento, durante los próximos 1..20 segundos, tu próximo conjuro con encantamiento se lanza 0..1 segundos más deprisa y cuesta 1..10 menos de energía.;2;4;23;4;0;5;1;15;0;0;0;0;0;0;0;
764;Gemido de condena;Schicksalsklage;Conjuro con maleficio de élite. Durante 2..6 segundos, todos los atributos del enemigo objetivo se borran a 0.;2;6;24;4;0;1;.25;15;0;10;1;0;0;0;0;
766;Mirada de desprecio;Verächtlicher Blick;Conjuro. Si el enemigo objetivo tiene más del 50% de salud, perderá todos sus encantamientos.;2;-1;22;4;0;10;2;10;0;0;0;0;0;0;0;
769;Defensa de la víbora;Verteidigung der Viper;Conjuro. Todos los enemigos cercanos quedan envenados durante 5..20 segundos. Das un paso sombrío a un lugar cercano, lejos de tu objetivo.;2;31;22;7;0;5;.25;10;0;0;0;0;0;0;0;
770;Retorno;Rückkehr;Conjuro. Todos los enemigos adyacentes quedan lisiados durante 3..8 segundos. Das un paso sombrío a la ubicación del aliado objetivo.;2;31;22;7;0;5;.25;15;0;0;0;0;0;0;0;
771;Aura de desplazamiento;Aura der Verschiebung;Conjuro con encantamiento de élite. Al invocar el Aura de desplazamiento, das un paso sombrío hasta el enemigo objetivo. Cuando dejes de mantener el aura, volverás a tu ubicación original.;2;-1;23;7;-1;5;.25;20;0;0;1;0;0;0;0;
772;Generoso sea Tsungrai;Großzügig war Tsungrai;Conjuro con objeto. Llevas las cenizas de Tsungrai durante 15..60 segundos y mientras ganarás +50..140 de salud máxima. Si las sueltas, recuperarás 100..280 de salud.;2;33;25;8;0;5;1;15;0;10;0;0;0;0;0;
773;Bendito sea Vorizun;Mächtig war Vorizun;Conjuro con objeto. Llevas las cenizas de Vorizun durante 15..60 segundos. Mientras, ganarás +15 de armadura y +30 de energía máxima.;2;32;25;8;0;5;2;30;0;0;0;0;0;0;0;
775;Brote mortal;Todesblüte;Ataque doble. Debe ir precedido de un "ataque complementario". Si impacta, el Brote mortal hará +20..45 al enemigo objetivo y 20..45 a los enemigos adyacentes.;2;29;7;7;0;5;0;2;0;0;0;0;0;0;0;
776;Colmillos afilados;Schlangenzähne;Ataque doble. Debe ir precedido de un "ataque complementario". Si impacta, los Comillos afilados harán +10..20 de daño al enemigo, que también sufrirá una hemorragia y una herida grave durante 5..20 segundos.;2;35;7;7;0;10;0;15;0;0;0;0;0;0;0;
777;Cuernos del buey;Hörner des Ochsen;Ataque doble. Debe ir precedido de un "ataque complementario". Si impactan, los cuernos harán +1..11 de daño. Si el enemigo golpeado no tiene aliados adyacentes, será derribado.;2;29;7;7;0;5;0;12;0;0;0;0;0;0;0;
778;Araña colgante;Fallende Spinne;Ataque complementario. Debe lanzarse sobre un enemigo derribado. Si impacta, hará +15..35 de daño y el enemigo quedará envenenado durante 5..20 segundos.;2;29;6;7;0;5;0;8;0;0;0;0;0;0;0;
779;Loto negra;Schwarzer Lotus-Stoß;Ataque inicial. Si impacta, este ataque hace +10..31 de daño. Si el enemigo objetivo está sufriendo un maleficio, ganas 5..13 de energía.;2;35;5;7;0;5;0;6;0;0;0;0;0;0;0;
780;Colmillos de zorro;Reißzähne des Fuchses;Ataque complementario. Debe ir precedido de un ataque inicial. Los colmillos no pueden bloquearse y hacen +10..35 si impactan.;2;29;6;7;0;5;.5;3;0;0;0;0;0;0;0;
781;Golpe de Moebius;Möbiusstoß;Ataque complementario de élite. Debe ir acompañado de un ataque doble. Si impacta, hará +10..35 de daño y si golpeas a un enemigo cuya salud está por debajo del 50%, todas tus otras habilidades de ataque se recargarán.;2;29;6;7;0;5;0;2;0;0;1;0;0;0;0;
782;Ataque dentado;Gezackter Stoß;Ataque inicial. Si impacta, el enemigo objetivo sufrirá una hemorragia durante 5..20 segundos.;2;29;5;7;0;5;.5;2;0;0;0;0;0;0;0;
783;Ataque imprevisto;Unvermuteter Stoß;Ataque inicial. Si este ataque impacta, harás +19..31 de daño. Si el enemigo objetivo estaba por encima del 90% de su salud, le harás 15..75 de daño adicional.;2;35;5;7;0;10;0;2;0;0;0;0;0;0;0;
784;Aspid;Schlingnatter;Conjuro. Debe ir precedido de un ataque inicial. El enemigo objetivo es derribado y queda envenenado durante 5..20 segundos.;2;30;22;7;0;10;1;20;0;0;0;0;0;0;0;
785;Marca de muerte;Zeichen des Todes;Conjuro con maleficio. Durante 4..10 segundos, el enemigo objetivo se beneficia un 50% menos de las curaciones.;2;30;24;7;0;10;.25;20;0;0;0;0;0;0;0;
786;Palma de hierro;Eiserne Handfläche;Habilidad. Haces 5..50 de daño al enemigo que toques y si éste estaba padeciendo una condición o un maleficio, le derribarás. La Palma de hierro cuenta como ataque inicial.;2;30;1;7;0;5;.75;20;0;0;0;0;0;0;0;
787;Arma elástica;Unverwüstliche Waffe;Conjuro con arma. Durante 3..12 segundos, el objetivo (un aliado o tú mismo) llevará un Arma elástica. Cuando esté padeciendo una condición o maleficio, ganará +1..6 de regeneración de salud y +24 de armadura.;2;33;27;8;0;10;1;6;0;0;0;0;0;0;0;
788;Ciego sea Mingson;Blind war Mingson;Conjuro con objeto. Llevas las cenizas de Mingson durante 15..60 segundos. Al soltarlas, todos los enemigos cercanos quedan cegados durante 3..8 segundos.;2;33;25;8;0;5;1;20;0;0;0;0;0;0;0;
789;Codicioso sea Kuurong;Erfassend war Kuurong;Conjuro con objeto de élite. Llevas las cenizas de Kuurong durante 15..60 segundos. Al soltarlas, todos los enemigos de la zona reciben 15..75 de daño y son derribados.;2;34;25;8;0;15;1.5;25;0;0;1;0;0;0;0;
790;Rencoroso sea Khanhei;Nachtragend war Khanhei;Conjuro con objeto de élite. Llevas las cenizas de Khanhei durante 5..11 segundos. Mientras, siempre que un enemigo te golpee, le robarás 10..45 de salud.;2;33;25;8;0;5;.75;15;0;0;1;0;0;0;0;
791;Carne de mi carne;Fleisch von meinem Fleisch;Conjuro. Pierdes la mitad de la salud para resucitar al miembro del grupo objetivo con la que tengas y 5..20% de energía.;2;33;22;8;0;5;4;0;0;0;0;0;0;0;0;
792;Arma de astillas;Splitterwaffe;Conjuro con arma. Durante 20 segundos, el aliado objetivo tiene un Arma de astillas. Los siguientes (1..5) ataques del aliado objetivo harán 5..50 de daño a un máximo de 4 enemigos adyacentes.;2;34;27;8;0;5;1;5;0;0;0;0;0;0;0;
793;Arma de guardia;Waffe der Abwehr;Conjuro con arma. Durante 3..8 segundos, el aliado objetivo tiene un Arma de guardia, que le dará un 50% de probabilidades de bloquear ataques y +2..4 de regeneración de salud.;2;33;27;8;0;10;1;5;0;0;0;0;0;0;0;
794;Arma de lamentos;Klagende Waffe;Conjuro con arma. Durante 3..14 segundos, el objetivo (un aliado o tú mismo) tiene un Arma de lamentos. Siempre que ésta golpee a un enemigo atacando, le interrumpirá.;2;34;27;8;0;5;1;15;0;0;0;0;0;0;0;
795;Arma de pesadilla;Alptraumwaffe;Conjuro con arma. Durante 12 segundos, el aliado objetivo llevará un Arma de pesadilla, gracias a la que el daño de sus siguientes ataques (3) se reduce en 10..50 y roban hasta 10..50 de salud.;2;34;27;8;0;5;1;10;0;0;0;0;0;0;0;
799;Mirada de seducción;Verführerischer Dunst;Conjuro de élite. Das un paso sombrío hasta el enemigo objetivo, quien quedará aturdido durante 3..9 segundos.;2;31;22;7;0;10;.25;20;0;0;1;0;0;0;0;
800;Toxina persistente;Dauerhaftes Toxin;Conjuro con maleficio. Durante 5 segundos, el enemigo objetivo sufre una degeneración de -1..5 de salud. Si el enemigo está en movimiento cuando la Toxina persistente acabe, ésta se renovará durante otros 5 segundos.;2;30;24;7;0;5;.25;10;0;0;0;0;0;0;0;
801;Mortaja de silencio;Schleier des Schweigens;Conjuro con maleficio de élite. Se desactivan todos tus conjuros durante 15 segundos. Durante 1..6 segundos, el enemigo al que toques no podrá lanzar conjuros.;2;30;24;7;0;10;.75;30;0;0;1;0;0;0;0;
802;Defensas expuestas;Verteidigungen aufdecken;Conjuro con maleficio. Durante 1..11 segundos, el enemigo objetivo no puede bloquear tus ataques.;2;30;24;7;0;5;1;25;0;0;0;0;0;0;0;
803;Sanguijuela poderosa;Kraftfresser;Conjuro con maleficio de élite. Si el enemigo objetivo está lanzando un conjuro o cántico, se interrumpirá y durante 10 segundos le robarás hasta 5..15 de energía cada vez que lance un conjuro.;2;3;24;5;0;5;.25;20;0;0;1;0;0;0;0;
804;Languidez arcana;Arkane Schwäche;Conjuro con maleficio de élite. Durante 1..10 segundos, todos los conjuros lanzados por el enemigo objetivo causan 10 de sobrelanzamiento.;2;0;24;5;0;10;2;15;0;0;1;0;0;0;0;
805;Animar horror vampírico;Vampirschreck beleben;Conjuro. Explotas al cadáver más cercano para crear un Horror vampírico de nivel 1..17. Siempre que éste haga daño, tú ganarás la misma cantidad de salud.;2;5;22;4;0;10;1;15;0;0;0;0;0;0;0;
806;Fervor del profano;Eifer des Sektierers;Conjuro con encantamiento de élite. Durante 5 segundos y 3 segundos más por cada rango de cosecha de almas, tus conjuros de Nigromante cuestan -1..6 de energía, pero sufres una hemorragia durante 10 segundos cada vez que lances uno.;2;4;23;4;0;5;1;15;0;0;1;0;0;0;0;
808;Marca del segador;Zeichen des Schnitters;Conjuro con maleficio de élite. Durante 30 segundos, el enemigo objetivo sufre una degeneración de salud de -1..5. Si muere mientras tenga la Marca del segador, ganarás 5..15 de energía.;3;6;24;4;0;5;1;10;0;0;1;0;0;0;0;
809;Guijarro;Trümmerstein;Conjuro con maleficio de élite. El enemigo objetivo recibe 25..100 de daño frío, se mueve un 66 % más lento y queda maldecido con Guijarro durante 3 segundos. Cuando este termine, ese enemigo y todos los enemigos cercanos recibirán 25..100 de daño frío adicional.;2;11;24;6;0;10;2;8;0;0;1;0;0;0;0;
810;Defensa del protector;Verteidigung des Beschützers;Habilidad. Durante 5..11 segundos, los aliados adyacentes tienen un 75% de probabilidades de bloquear ataques. La Defensa del protector acaba cuando te muevas.;2;21;1;1;0;5;0;30;0;0;0;0;0;0;0;
811;Corramos juntos;Gemeinsam rennen;Actitud. Durante 5..15 segundos, tú y tu mascota corréis un 25% más rápido.;2;22;29;2;0;5;0;15;0;0;0;0;0;0;0;
812;Desafiante sea Xinrae;Trotzig war Xinrae;Conjuro con objeto de élite. Llevas las cenizas de Xinrae durante 15..60 segundos. Mientras, no puedes perder más del 20% de tu salud máxima de un solo golpe. Cuando sueltes las cenizas, robarás 5..50 de salud de todos los enemigos cercanos.;2;33;25;8;0;5;1;20;0;0;1;0;0;0;0;
813;Aura de Lyssa;Lyssas Aura;Conjuro con encantamiento de élite. Durante 10 segundos, tienes +0..5 de regeneración de energía. Este encantamiento se vuelve a activar cada vez que lances un conjuro contra un enemigo.;2;3;23;5;0;5;1;30;0;0;1;0;0;0;0;
814;Refugio sombrío;Schattenzuflucht;Conjuro con encantamiento. Durante 6 segundos, ganarás una regeneración de salud de 5..10. Cuando el Refugio sombrío acabe, ganarás 40..100 de salud si estás atacando.;2;31;23;7;0;5;1;8;0;0;0;0;0;0;0;
815;Alambre de escorpión;Skorpiondraht;Conjuro con maleficio. Durante 8..20 segundos, la próxima vez que estés separado del enemigo objetivo en más de 75 metros, darás un paso sombrío a donde esté y le derribarás. Este conjuro tiene la mitad del alcance normal.;2;30;24;7;0;5;1;10;0;0;0;0;0;0;0;
816;Actitud copiada;Gespiegelte Haltung;Conjuro con maleficio. Durante 10..35 segundos, cuando el enemigo objetivo esté usando una actitud, la utilizarás tú también.;2;31;24;7;0;5;.25;15;0;0;0;0;0;0;0;
817;Discordia;Zwietracht;Conjuro de élite. Si el enemigo objetivo sufre una condición y está bajo los efectos de un maleficio o encantamiento, recibirá 30..110 de daño.;2;5;22;4;0;5;1;2;0;0;1;0;0;0;0;
818;Pozo de cansancio;Brunnen der Müdigkeit;Conjuro de pozo. Explotas el cadáver más cercano o sacrificas un 66 % de salud para crear un Pozo de cansancio durante 10..55 segundos. Los enemigos dentro de él sufren -1 de degeneración de energía.;2;7;28;4;0;5;1;5;0;0;0;0;0;0;0;
819;Espíritu vampírico;Vampirgeist;Conjuro con encantamiento de élite. Robas 15..60 de salud del enemigo objetivo. Durante 10 segundos, tienes +5..10 de regeneración de salud.;2;4;23;4;0;5;1;8;0;0;1;0;0;0;0;
820;Depravación;Verderbtheit;Conjuro con maleficio de élite. Durante 5..20 segundos, siempre que el enemigo objetivo lance un conjuro, éste y un enemigo cercano perderán 1..5 de energía.;3;7;24;4;0;10;1;15;0;0;1;0;0;0;0;
821;Venas heladas;Eisadern;Conjuro con maleficio de élite. El enemigo objetivo recibe 10..90 de daño frío. Además, durante 10..35 segundos, todos los enemigos cercanos recibirán 20..110 de daño frío si muere.;2;6;24;4;0;10;1;5;0;0;1;0;0;0;0;
822;Rodillas debilitadas;Weiche Knie;Conjuro con maleficio de élite. Durante 1..16 segundos, el enemigo objetivo sufre -1..4 de degeneración de salud y recibe 5..20 de daño mientras se mueva.;2;7;24;4;0;5;1;5;0;0;1;0;0;0;0;
823;Velocidad del fuego;Brennende Eile;Conjuro con encantamiento. Durante 7 segundos, ardes y te mueves un 30..45% más rápido. Cuando termina Velocidad del fuego, todos los enemigos adyacentes arden durante 3..9 segundos.;2;10;23;6;0;10;.25;0;0;0;0;0;0;0;0;
824;Flechas de lava;Lavapfeile;Conjuro. Las flechas de lava pueden alcanzar a 3 enemigos cercanos al objetivo y causan 20..65 de daño de fuego si impactan.;2;10;22;6;0;5;1;2;0;0;0;0;0;0;0;
825;Manto de ascuas;Kohlenbett;Conjuro. Creas un Manto de ascuas en la ubicación del enemigo objetivo. Durante 5 segundos, todos los enemigos adyacentes al objetivo reciben 5..29 de daño de fuego cada segundo. Cualquier enemigo derribado en el Manto de ascuas arde durante 3..7 segundos.;2;10;22;6;0;10;1;15;0;0;0;0;0;0;0;
826;Forma sombría;Schattenform;Conjuro con encantamiento de élite. Durante 5..21 segundos, no puedes ser objetivo de conjuros enemigos y ganas 5 de reducción de daño por cada encantamiento de Asesino que tengas. No puedes hacer más de 5..25 de daño con cada habilidad o ataque.;2;31;23;7;0;5;1;30;0;0;1;0;0;0;0;
827;Sifón de fuerza;Kraft abzapfen;Conjuro con maleficio de élite. Durante 5..20 segundos, el enemigo objetivo hace 5..50 de daño menos con sus ataques, y todos tus ataques contra él tienen un 50% más de probabilidades de ser críticos.;2;30;24;7;0;10;1;10;0;0;1;0;0;0;0;
828;Miasma vil;Fauler Gestank;Conjuro con maleficio. El enemigo objetivo recibe 10..65 de daño frío. Si está padeciendo una condición, recibirá el Miasma vil y sufrirá una degeneración de salud de -1..5 durante 10 segundos.;2;5;24;4;0;10;1;15;0;0;0;0;0;0;0;
830;Rayo del juicio;Strahl des Urteils;Conjuro de élite. Invocas un Rayo del juicio en la ubicación del enemigo objetivo. Durante 5 segundos, los enemigos adyacentes a esa ubicación recibirán 10..50 de daño sagrado y arderán durante 1..3 segundos por segundo.;2;14;22;3;0;10;1;15;0;0;1;0;0;0;0;
831;Furia primitiva;Urzorn;Actitud de élite. Durante 1..9 segundos, atacas un 33 % más rápido y te mueves un 33 % más rápido, pero recibes 150..125 % de daño.;2;17;29;1;0;5;0;4;0;0;1;0;0;0;0;
832;Animar gólem de carne;Fleischgolem beleben;Conjuro de élite. Explotas al cadáver más cercano para animar un Gólem de carne de nivel 3..25, que dejará 1..4 cadáveres aprovechables. Solo podrás tener un Gólem de carne a la vez.;2;5;22;4;0;10;1;30;0;0;1;0;0;0;0;
834;Prisa temeraria;Rücksichtslose Hast;Conjuro con maleficio. Durante 6..12 segundos, el enemigo objetivo y los adyacentes recibirán el maleficio Prisa temeraria. Mientras éste dure, atacarán un 25% más deprisa pero tendrán un 50% de posibilidades de fallar en sus ataques.;2;7;24;4;0;15;1;12;0;0;0;0;0;0;0;
835;Vínculo de sangre;Blutsbande;Conjuro con maleficio. Durante 3..12 segundos, el enemigo objetivo y todos los adyacentes recibirán el maleficio Vínculo de sangre. Cada vez que un aliado alcance a alguno de ellos con un ataque, el aliado ganará 5..20 de salud. Si alguno de esos enemigos muere mientras tenía el Vínculo de sangre, todos los aliados adyacentes a él se curan 20..100 de salud.;2;4;24;4;0;5;1;8;0;0;0;0;0;0;0;
836;Cabalga en el rayo;Den Blitz reiten;Conjuro de élite. Cabalgas hacia el objetivo sobre un relámpago. Todos los enemigos cercanos quedan cegados durante 1..5 segundos. Si tu objetivo es un enemigo, recibe 10..70 de daño de relámpago. Este conjuro tiene un 25% de penetración de armadura.;2;8;22;6;0;5;1;5;0;0;1;0;5;0;0;
837;Bendición de energía;Energiesegen;Conjuro con encantamiento de élite. Durante 36..60 segundos, Bendición de energía aumenta tu salud máxima y la del aliado objetivo en 1..3 por cada punto de vuestra energía máxima respectiva. Cuando se aplica este encantamiento por primera vez, tú y tu objetivo ganáis 1..12 de energía. Ganas 1 de energía adicional por cada 2 puntos de almacenamiento de energía que tengas.;2;12;23;6;0;10;1;12;0;0;1;0;0;0;0;
838;Pesar de Dwayna;Dwaynas Leid;Conjuro con encantamiento. Durante 30 segundos, el objetivo (un aliado o tú mismo) y todos los cercanos quedan encantados con el Pesar de Dwayna. Si alguno muere mientras, el grupo se cura 5..50 de salud.;2;13;23;3;0;5;1;5;0;0;0;0;0;0;0;
839;"¡Retirada!";"Rückzug!";Grito. Si hay algún aliado muerto al alcance del oído, tu grupo se moverá un 33% más deprisa durante 5..11 segundos.;2;21;20;1;0;5;0;20;0;0;0;0;0;0;0;
840;Corazón envenenado;Vergiftetes Herz;Conjuro. Tú y todos los enemigos cercanos quedan envenados durante 5..15 segundos.;3;7;22;4;0;5;.25;12;0;0;0;0;0;0;0;
841;Suelo fétido;Stinkender Boden;Conjuro. El enemigo objetivo recibe 15..65 de daño frío. Si está derribado, quedará envenenado durante 5..20 segundos.;2;5;22;4;0;5;.75;10;0;0;0;0;0;0;0;
842;Arco de relámpagos;Blitzbogen;Conjuro. El enemigo objetivo recibe 5..40 de daño de relámpago. Si estás sobrelanzando, dos enemigos próximos a tu objetivo reciben 15..85 de daño de relámpago. El daño de Arco de relámpagos tiene un 25% de penetración de armadura.;2;8;22;6;0;5;1.5;8;0;0;0;0;0;0;0;
843;Soplo;Böe;Conjuro con encantamiento de élite. Durante 5..11 segundos, tú y el aliado objetivo os movéis un 33% más rápido. Cuando lanzas este conjuro, todos los enemigos adyacentes a ti y tu objetivo reciben 15..70 de daño frío. Los enemigos alcanzados por Soplo mientras estén atacando o moviéndose serán derribados.;2;8;23;6;0;10;.75;15;0;0;1;0;0;0;0;
844;Movimiento de tierra;Aufgeworfene Erde;Conjuro. Creas un Movimiento de tierra en la ubicación del enemigo objetivo. Durante los próximos 5 segundos, los enemigos cercanos a esa ubicación recibirán 10..40 de daño de tierra por segundo. Todos los enemigos que se estén moviendo más rápido de lo normal cuando les alcance el Movimiento de tierra caerán al suelo.;2;9;22;6;0;15;2;30;0;0;0;0;0;0;0;
845;Llama líquida;Flüssige Flamme;Conjuro. El enemigo objetivo recibe 7..112 de daño de fuego. Si éste estaba atacando o lanzando un conjuro, los enemigos cercanos también reciben 7..112 de daño de fuego.;3;10;22;6;0;10;1;15;0;0;0;0;0;0;0;
846;Vapor;Dampf;Conjuro. El enemigo objetivo recibe 20..60 de daño frío. Si el enemigo objetivo está ardiendo, el Vapor lo cegará durante 5..10 segundos, además de infligirle 20..60 de daño de fuego adicional.;3;11;22;6;0;5;1;8;0;0;0;0;0;0;0;
847;Sello vinculante;Siegel des Segens;Sello de élite. Curas al objetivo (un aliado o tú mismo) 20..80 de salud. Tu siguiente conjuro de curación o protección que lances sobre el mismo objetivo cura 20..100 de salud extra.;2;16;21;3;0;0;1;6;0;0;1;0;0;0;0;
848;Maleficio inverso;Verhexung umkehren;Conjuro con encantamiento. Quita un maleficio del objetivo (un aliado o tú mismo). Si quitas un maleficio de esta forma, durante 5..10 segundos, el próximo ataque que éste reciba se reduce en 5..50.;2;15;23;3;0;10;.25;10;0;0;0;0;0;0;0;
849;Tajo desgarrador;Zerfetzender Hieb;Ataque con hacha. Haces +5..20 de daño si este golpe impacta. Si alcanza a un enemigo derribado, sufrirá una hemorragia durante 5..20 segundos.;2;18;4;1;0;0;0;0;4.8;0;0;0;0;0;0;
850;Golpe feroz;Erbitterter Schlag;Ataque con martillo. Si el Golpe feroz impacta, harás +5..20 de daño. Si el enemigo objetivo está sufriendo debilitamiento, también padecerá herida grave durante 1..8 segundos.;2;19;8;1;0;0;0;0;5.6;0;0;0;0;0;0;
851;Tajada del sol y la luna;Sonne-Mond-Hieb;Ataque con espada. Atacas al enemigo objetivo por partida doble. No se puede bloquear.;2;20;10;1;0;0;0;0;8;0;0;0;0;0;0;
852;Disparo astillado;Splitterschuss;Ataque con arco. Si el Disparo astillado impacta, harás +3..15 de daño. En caso de que se bloquee este golpe, todos los enemigos de la zona de tu objetivo recibirán 5..65 de daño.;2;25;2;2;0;10;0;5;0;0;0;0;0;0;0;
853;Disparo de Melandru;Melandrus Schuss;Ataque con arco de élite. Si el Disparo de Melandru impacta, tu objetivo sufrirá una hemorragia durante 5..25 segundos. Si impacta en un enemigo que se está moviendo o ha sido derribado, le harás +10..25 de daño y quedará lisiado durante 5..15 segundos.;2;25;2;2;0;5;1;8;0;0;1;0;0;0;0;
854;Cepo;Schlinge;Trampa. Cuando se activa esta trampa, todos los enemigos cercanos quedarán lisiados durante 3..15 segundos. La trampa dura 90 segundos. Cuando actives esta habilidad, se te podrá interrumpir con facilidad.;2;24;30;2;0;5;1.5;15;0;0;0;0;0;0;0;
858;Dagas danzantes;Tanzende Dolche;Conjuro. Lanzas tres Dagas danzantes al enemigo, que hacen 5..35 de daño de tierra al impactar. Tienen la mitad de alcance de lo normal. Esta habilidad cuenta como un ataque inicial.;2;30;22;7;0;5;1;5;0;0;0;0;0;0;0;
859;Conjurar pesadilla;Alptraum beschwören;Conjuro con maleficio. Durante 2..16 segundos, el enemigo objetivo sufre una degeneración de salud de -8.;2;1;24;5;0;15;1;5;0;0;0;0;0;0;0;
860;Sello de interrupción;Siegel der Unterbrechung;Sello. Si el enemigo objetivo está lanzando un conjuro, le interrumpes y le haces 10..51 de daño. Si el enemigo tiene un maleficio, el Sello de interrupción podrá interrumpir habilidades que no sean conjuros.;2;2;21;5;0;0;.25;15;0;0;0;0;0;0;0;
862;Mirada rapaz;Heißhungriger Blick;Conjuro de élite. Hace 20..40 de daño y roba 20..40 de salud del enemigo objetivo y todos los cercanos.;3;4;22;4;0;1;1;10;0;8;1;0;0;0;0;
863;Orden de la apostasía;Orden der Abtrünnigkeit;Conjuro con encantamiento de élite. Durante 5 segundos, siempre que un aliado golpee a algún enemigo con daño físico, éste perderá un encantamiento. Si es un encantamiento de Monje, perderás 10..3% de salud máxima.;2;7;23;4;0;25;2;0;0;0;1;0;0;0;0;
864;Mirada opresora;Repressiver Blick;Conjuro. El enemigo objetivo y los adyacentes reciben 10..30 de daño de sombra. Los enemigos que ya estén padeciendo alguna condición quedan envenenados y debilitados durante 3..12 segundos.;2;4;22;4;0;10;1;10;0;0;0;0;0;0;0;
865;Martillo de relámpago;Blitzhammer;Conjuro. El enemigo objetivo recibe 10..100 de daño de relámpago y tiene la armadura rota durante 5..20 segundos. Martillo de relámpago tiene un 25% de penetración de armadura.;2;8;22;6;0;25;2;4;0;0;0;0;0;0;0;
866;Cuchilla de vapor;Dunstklinge;Conjuro. El enemigo objetivo recibe 15..135 de daño frío. Cuchilla de vapor hace la mitad de daño si el enemigo tiene algún encantamiento sobre él.;2;11;22;6;0;5;1.5;7;0;0;0;0;5;0;0;
867;Luz sanadora;Heilendes Licht;Conjuro de élite. Curas 40..120 de salud al objetivo (un aliado o tú mismo). Si tiene un encantamiento, ganas 1..3 de energía.;2;13;22;3;0;5;.75;4;0;0;1;0;0;0;0;
869;"¡Cobarde!";"Feigling!";Grito de élite. Si el enemigo objetivo se está moviendo, es derribado.;2;-1;20;1;0;0;0;2;4;0;1;0;0;0;0;
870;Pestilencia;Pestilenz;Ritual de la naturaleza. Creas un espíritu de nivel 1..10. Si alguna criatura no espíritu muere en su zona, todas las condiciones que tenía se contagian a las criaturas de la zona que ya tenían alguna condición. El espíritu morirá a los 30..180 segundos.;3;24;19;2;0;5;2;60;0;0;0;0;0;0;0;
871;Nanasombría;Schattengesang;Ritual con espíritus. Creas un espíritu de nivel 1..10. Los ataques de estos espíritus hacen un 5..20 de daño y causan ceguera durante 1..6 segundos. El espíritu morirá a los 30 segundos.;2;32;18;8;0;15;1;30;0;0;0;0;0;0;0;
876;Sello de sombras;Siegel der Schatten;Sello. Haces 5..35 de daño al enemigo objetivo. Si éste estaba ciego, le harás 15..60 de daño de sombra adicional.;2;30;21;7;0;0;1;15;0;0;0;0;0;0;0;
877;Balanza de Lyssa;Lyssas Ausgleich;Conjuro. El enemigo objetivo pierde un encantamiento. Si tienes más encantamientos que el enemigo objetivo, esta habilidad no tendrá efecto.;2;-1;22;5;0;5;1;15;0;0;0;0;0;0;0;
878;Visiones de arrepentimiento;Visionen des Bedauerns;Conjuro con maleficio de élite. Durante 10 segundos, el enemigo objetivo y los enemigos adyacentes reciben 15..45 de daño cada vez que utilicen una habilidad y 5..50 de daño adicional si no están bajo los efectos de ningún otro maleficio de Hipnotizador.;3;2;24;5;0;10;2;20;0;0;1;0;0;0;0;
879;Ilusión de dolor;Illusion der Schmerzen;Conjuro con maleficio. Durante 8 segundos, el enemigo objetivo sufre -3..10 de degeneración de salud y recibe 3..10 de daño por segundo. Cuando la Ilusión de dolor termine, el enemigo se cura 36..120 de salud.;2;1;24;5;0;10;2;5;0;0;0;0;0;0;0;
880;Velocidad robada;Gestohlene Eile;Conjuro con maleficio de élite. Durante 1..10 segundos, el enemigo objetivo y los adyacentes necesitarán 100% más de tiempo para lanzar conjuros. Los conjuros dirigidos a estos enemigos lanzados por ti o tus aliados tardan 50% menos en lanzarse.;2;0;24;5;0;5;1;12;0;0;1;0;0;0;0;
881;Sello de éter;Äther-Siegel;Sello. Si tienes menos de 5..10 de energía, ganarás 10..20.;2;3;21;5;0;0;1;45;0;0;0;0;0;0;0;
882;Sello del desencantamiento;Siegel der Entzauberung;Sello. Pierdes toda la energía. El enemigo objetivo pierde un encantamiento.;2;-1;21;5;0;0;1;15;0;0;0;0;0;0;0;
883;Minoría ruidosa;Stimmminderheit;Conjuro con maleficio. Durante 5..20 segundos, el enemigo objetivo y todos los enemigos cercanos no podrán usar gritos o cánticos.;3;7;24;4;0;10;1;20;0;0;0;0;0;0;0;
884;Llamas abrasadoras;Versengende Flammen;Conjuro de élite. Atacas al enemigo objetivo y a los cercanos con unas Llamas abrasadoras. Harás 10..100 de daño de fuego cuando alcances a enemigos que ya estaban ardiendo. Los que no lo estaban arderán durante 1..7 segundos.;3;10;22;6;0;15;1;2;0;0;1;0;0;0;0;
885;Guardián de acero;Schildwächter;Conjuro con encantamiento. Durante 2..6 segundos, todos los miembros del equipo al alcance del oído tendrán un 75% de posibilidades de bloquear ataques. Si se bloquea un ataque, todos los aliados al alcance del oído se curarán 10..40 de salud y el Guardián de acero terminará.;2;15;23;3;0;5;1.5;20;0;0;0;0;0;0;0;
886;Brisa apacible;Beruhigender Hauch;Conjuro con encantamiento. Durante 8..18 segundos, el objetivo (un aliado o tú mismo) tiene +10 de regeneración de salud. Este encantamiento terminará si ataca o usa alguna habilidad.;3;13;23;3;0;5;1;8;0;0;0;0;0;0;0;
887;Sello del rejuvenecimiento;Siegel der Verjüngung;Sello. Curas al objetivo (un aliado o tú mismo) 15..75 de salud. Si estaba atacando o lanzando un conjuro, se curará 15..75 de salud extra.;2;13;21;3;0;0;1;8;0;0;0;0;0;0;0;
888;Hacha giratoria;Wirbelnde Axt;Ataque con hacha de élite. Si el Hacha giratoria impacta, harás +5..20 de daño y cualquier actitud que estuviera usando el enemigo terminará. No se puede bloquear.;2;18;4;1;0;0;0;0;4;0;1;0;0;0;0;
889;Golpe eficaz;Energischer Schlag;Ataque con martillo de élite. Si el Golpe feroz impacta, haces +10..30 de daño y anulas cualquier actitud que esté usando el enemigo objetivo. El enemigo objetivo estará debilitado durante 5..20 segundos. Este ataque no puede bloquearse.;2;19;8;1;0;0;0;0;4.8;0;1;0;0;0;0;
891;"¡No pasarán!";"Niemand darf vorbei!";Grito. Todos los enemigos adyacentes en movimiento son derribados. Esta habilidad se recarga 1..8 segundos más deprisa por cada enemigo derribado (máximo 25 segundos).;2;21;20;1;0;5;0;45;0;0;0;0;0;0;0;
892;Espada temblorosa;Zitternde Klinge;Ataque con espada de élite. Si la Espada temblorosa impacta, haces +10..40 de daño. Si este ataque golpea a un enemigo en movimiento, quedará aturdido durante 10 segundos.;2;20;10;1;0;0;0;0;4;0;1;0;0;0;0;
893;Flechas dirigidas;Suchende Pfeile;Preparación["Preparaciones"]. Durante 3..14 segundos, tus flechas no se pueden bloquear. Esta habilidad terminará si fallas al atacar.;2;25;17;2;0;10;2;15;0;0;0;0;0;0;0;
898;Sobrecarga;Überlastung;Conjuro con maleficio. Durante 5 segundos, el enemigo objetivo sufre -1..3 de degeneración de salud. Si el enemigo objetivo está usando una habilidad, Sobrecarga hace 15..75 de daño al enemigo y un 75 % de ese daño a todos los enemigos adyacentes.;2;2;24;5;0;5;.25;5;0;0;0;0;0;0;0;
899;Imágenes de remordimiento;Bilder der Reue;Conjuro con maleficio. Durante 5..10 segundos, el enemigo objetivo sufre una degeneración de salud de -1..3. Si estaba atacando, recibirá 10..52 de daño.;2;1;24;5;0;5;1;5;0;0;0;0;0;0;0;
900;Carga compartida;Geteilte Bürde;Conjuro con maleficio de élite. Durante 5..20 segundos, el enemigo objetivo y todos los que estén en la zona atacarán, lanzarán conjuros y se moverán un 50 % más despacio.;2;1;24;5;0;5;2;15;0;0;1;0;0;0;0;
901;Vínculo de almas;Seelenfessel;Conjuro con maleficio de élite. Durante 30 segundos, cada vez que el enemigo objetivo sea curado, el que le cure recibe 20..80 de daño. Este maleficio acaba si el objetivo tiene un maleficio de plegarias de ataque.;2;7;24;4;0;10;1;5;0;0;1;0;0;0;0;
902;Sangre del agresor;Blut des Aggressoren;Conjuro. Robas hasta 5..45 de salud del enemigo objetivo. Si éste estaba atacando, queda debilitado durante 3..12 segundos.;3;4;22;4;0;5;1;5;0;0;0;0;0;0;0;
903;Prisma helado;Eisprisma;Conjuro. El enemigo objetivo recibe 15..75 de daño frío. Si ese enemigo tiene un maleficio de magia de agua, Prisma helado hace +15..75 de daño frío a los demás enemigos cercanos.;2;11;22;6;0;5;1;5;0;0;0;0;5;0;0;
904;Hacha furiosa;Zornige Axt;Ataque con hacha. Si el Hacha furiosa impacta, harás +5..35 de daño. Si se bloquea el ataque, ganarás 3 de adrenalina.;2;18;4;1;0;5;0;6;0;0;0;0;0;0;0;
905;Golpe auspiciante;Günstiger Schlag;Ataque con martillo. Si el Golpe auspiciante impacta, haces +5..20 de daño y ganas 3..8 de energía. Si el enemigo objetivo está sufriendo debilitamiento, este ataque no se puede bloquear.;2;19;8;1;0;0;0;0;4.8;0;0;0;0;0;0;
906;"¡De rodillas!";"Auf Eure Knie!";Grito. Pierdes toda la adrenalina. Si algún enemigo adyacente está derribado, recargarás todas tus actitudes.;2;-1;20;1;0;0;0;0;6;0;0;0;0;0;0;
907;Golpe del dragón;Drachenhieb;Ataque con espada de élite. Si el Golpe del dragón impacta, harás +10..40 de daño y ganarás 1..5 de adrenalina.;2;20;10;1;0;0;0;0;7;0;1;0;0;0;0;
908;Disparo del merodeador;Plünderer-Schuss;Ataque con arco. Si el Disparo del merodeador impacta, harás +25..55 de daño y todas tus habilidades que no sean de ataque estarán desactivadas durante 5 segundos.;2;25;2;2;0;5;0;6;0;0;0;0;0;0;0;
909;Disparo certero;Scharfschuss;Ataque con arco. This shot moves three times faster, cannot be blocked, and strikes for +10..40 damage but all of your other attack skills are disabled for 8..4 seconds.;2;25;2;2;0;5;0;8;0;0;0;0;0;0;0;
910;Grieta del abismo;Geisterriss;Conjuro. Abres un abismo en la ubicación del enemigo objetivo. Después de 3 segundoss, todos los enemigos adyacentes reciben 25..125 de daño de relámpago y tienen la armadura rota durante 1..20 segundos.;2;34;22;8;0;10;2;5;0;0;0;0;0;0;0;
911;Unión;Vereinigung;Ritual con espíritus. Creas un espíritu de nivel 1..12. Siempre que un aliado no espíritu reciba daño o pierda vida dentro de su zona, el daño se reducirá en 15 y el espíritu recibirá 15 de daño. El espíritu morirá a los 30..60 segundos.;2;32;18;8;0;15;.75;45;0;0;0;0;0;0;0;
913;Calmado sea Tanasen;Ruhig war Tanasen;Conjuro con objeto de élite. Llevas las cenizas de Tanasen durante 5..20 segundos. Mientras, tendrás +10..25 de armadura y no te podrán interrumpir.;2;33;25;8;0;5;1;15;0;0;1;0;0;0;0;
914;Alma consumida;Seele verzehren;Conjuro de élite. Robas 5..70 de salud del enemigo objetivo. Todas las criaturas hostiles invocadas que se encuentren cerca del enemigo reciben 25..125 de daño.;2;36;22;8;0;5;1;5;0;0;1;0;0;0;0;
915;Luz espiritual;Geisterlicht;Conjuro. Curas 60..180 de salud al objetivo (un aliado o tú mismo). Si hay espíritus al alcance del oído, no sacrificarás salud.;2;33;22;8;0;5;1;4;0;17;0;0;0;0;0;
916;Lamento;Wehklage;Conjuro con maleficio. Durante 5..20 segundos, el enemigo objetivo y todos los enemigos cercanos sufrirán -0..3 de degeneración de salud. Cuando este maleficio se active, los enemigos afectados reciben 10..50 de daño si estás al alcance del oído de un espíritu o cadáver.;2;34;24;8;0;10;1;15;0;0;0;0;0;0;0;
917;Alma rota;Seele zerreißen;Conjuro. Destruyes al espíritu aliado objetivo. Todos los enemigos cercanos reciben 50..140 de daño de relámpago y quedan cegados durante 3..12 segundos.;2;36;22;8;0;10;.75;5;0;0;0;0;0;0;0;
918;Espíritu carnal;Geist zu Fleisch;Conjuro. Destruyes al espíritu aliado que toques y todos los aliados cercanos se curan 30..240 de salud.;2;36;22;8;0;10;.75;15;0;0;0;0;0;0;0;
919;Quemadura espiritual;Geisterbrand;Conjuro. Haces 5..50 de daño de relámpago al enemigo objetivo. Si hay espíritus al alcance del oído, este ataque causará quemadura durante 1..5 segundos.;2;34;22;8;0;5;1;6;0;0;0;0;0;0;0;
920;Destrucción;Vernichtung;Ritual con espíritus. Creas un espíritu de nivel 1..14 que muere al cabo de 30 segundos. Cuando éste muera, todos los enemigos de la zona reciben 5..25 de daño por cada segundo que haya vivido (máximo 150 de daño).;2;34;18;8;0;10;.75;20;0;0;0;0;0;0;0;
921;Disonancia;Missklang;Ritual con espíritus. Creas un espíritu de nivel 1..12 que hará 5..20 de daño e interrumpe a cualquiera que alcance. Morirá a los 10..25 segundos.;2;32;18;8;0;25;1;45;0;0;0;0;0;0;0;
923;Desencantamiento;Entzauberung;Ritual con espíritus. Crea un espíritu de nivel 1..12. Hace 5..20 de daño y quita un encantamiento a cualquiera que alcance. Muere a los 10..35 segundos.;2;32;18;8;0;15;1;30;0;0;0;0;0;0;0;
925;Recuerdo;Rückruf;Conjuro con encantamiento. Nada ocurrirá mientras mantengas el Recuerdo. Cuando acabe, darás un paso sombrío hasta el aliado objetivo y todas tus habilidades quedarán desactivadas durante 3 segundos.;2;-1;23;7;-1;10;1;10;0;0;0;0;0;0;0;
926;Dagas afiladas;Dolche wetzen;Conjuro con encantamiento. Durante 5..30 segundos, los ataques con daga que realices causarán una hemorragia al enemigo que durará 5..15 segundos.;2;35;23;7;0;5;.5;20;0;0;0;0;0;0;0;
927;Temor vergonzoso;Schändliche Angst;Conjuro con maleficio. Durante 10 segundos, el enemigo objetivo se mueve un 10% más rápido de lo normal, pero por cada segundo que esté en movimiento recibirá 5..20 de daño.;2;30;24;7;0;10;1;10;0;0;0;0;0;0;0;
928;Mortaja sombría;Schattenschleier;Conjuro con maleficio de élite. Durante 3..9 segundos, al enemigo objetivo no le podrán echar encantamientos.;2;31;24;7;0;5;.25;20;0;0;1;0;0;0;0;
929;Sombra fugaz;Schatten der Eile;Actitud. Durante 10..40 segundos, te mueves un 15% más rápido de lo normal. Cuando la Sombra fugaz acabe, darás un paso sombrío hasta tu ubicación original.;2;31;29;7;0;5;0;45;0;0;0;0;0;0;0;
930;Encantamiento próspero;Günstige Beschwörung;Conjuro con encantamiento. Durante 20 segundos, el siguiente conjuro que lances estará desactivado 10..5 segundos más de lo normal, pero ganarás un 110..200% del coste de energía de ese conjuro.;2;3;23;5;0;5;1;20;0;0;0;0;0;0;0;
931;Regreso poderoso;Kraftrevanche;Conjuro. Si el enemigo objetivo está lanzando un conjuro o cántico, éste se interrumpirá y el enemigo objetivo ganará 10..5 de energía.;2;0;22;5;0;5;.25;7;0;0;0;0;0;0;0;
932;Complicación;Erschweren;Conjuro. Si el enemigo objetivo está utilizando una habilidad, la interrumpirás y se desactivará durante 5..12 segundos más para el enemigo objetivo y los enemigos cercanos a él.;2;2;22;5;0;10;.25;20;0;0;0;0;0;0;0;
933;Tormenta fragmentadora;Sturm zerschlagen;Conjuro de élite. El enemigo objetivo pierde todos los encantamientos. Por cada uno que pierda así, la Tormenta fragmentadora estará desactivada durante 7 segundos.;2;-1;22;5;0;10;1;0;0;0;1;0;0;0;0;
934;Sello antinatural;Unnatürliches Siegel;Sello. El enemigo objetivo recibe 15..75 de daño. Si el enemigo se encuentra bajo los efectos de un maleficio o un encantamiento, los enemigos adyacentes al objetivo reciben 5..50 de daño.;2;2;21;5;0;0;1;10;0;0;0;0;0;0;0;
935;Subida de bilis;Hochkommende Galle;Conjuro con maleficio. Durante 20 segundos, este maleficio no hace nada. Cuando la Subida de bilis termine, el enemigo objetivo y todos los que estén en la zona reciben 1..6 de daño por cada segundo que haya estado activado el maleficio.;2;5;24;4;0;10;1;20;0;0;0;0;0;0;0;
936;Envenenaencantamientos;Verzauberungen vergiften;Conjuro. El enemigo objetivo pierde un encantamiento. Por cada uno que le quede, estará envenenado durante 3..10 segundos.;3;7;22;4;0;5;1;15;0;0;0;0;0;0;0;
937;Onda expansiva;Stoßwelle;Conjuro de élite. Todos los enemigos de la zona reciben 15..60 de daño de tierra y padecen debilitamiento durante 1..10 segundos. Los enemigos cercanos también reciben +15..60 de daño de tierra y tienen la armadura rota durante 1..10 segundos. Los enemigos adyacentes sufren los efectos anteriores, reciben +15..60 de daño de tierra y quedan cegados durante 1..10 segundos.;2;9;22;6;0;10;1;15;0;0;1;0;0;0;0;
938;Protección de estabilidad;Kreis der Stabilität;Conjuro de protección. Creas una Protección de estabilidad en el lugar donde estés. Durante 10..25 segundos, los aliados no espíritus no podrán ser derribados.;2;9;26;6;0;10;1;30;0;0;0;0;0;0;0;
939;Grilletes de hielo;Eisfesseln;Conjuro con maleficio de élite. Durante 1..10 segundos, la velocidad de movimiento del enemigo objetivo se reduce un 66%. Mientras esté bajo los efectos de un encantamiento, el movimiento de ese enemigo se reduce un 90%.;3;11;24;6;0;10;1;12;0;0;1;0;0;0;0;
941;Luz bendita;Gesegnetes Licht;Conjuro de élite. Curas 10..120 de salud al objetivo (un aliado o tú mismo) y le quitas una condición y un maleficio.;2;16;22;3;0;5;.75;5;0;0;1;0;0;0;0;
942;Sacamaleficios;Verhexungen zurücknehmen;Conjuro de élite. Quitas todos los maleficios del objetivo (un aliado o tú mismo) y de los adyacentes. Por cada uno que quites, este conjuro tardará 2 segundos más en recargarse. (50 % de probabilidad de fallo con un nivel de favor divino de 4 o menos.);2;16;22;3;0;5;1;5;0;0;1;0;0;0;0;
943;Extinción;Löschen;Conjuro. Quitas una condición de cada miembro del grupo. Si alguno estaba sufriendo una quemadura, se curará 10..100 de salud.;2;15;22;3;0;15;1;12;0;0;0;0;0;0;0;
944;Sello de fuerza;Siegel der Stärke;Sello. Tus siguientes ataques (1..16) hacen +5 de daño.;2;17;21;1;0;0;1;45;0;0;0;0;0;0;0;
946;Poder de tramperos;Fokus des Fallenstellers;Preparación["Preparaciones"] de élite. Durante 12..36 segundos, será más difícil que te interrumpan si estás colocando una trampa y tu atributo supervivencia en la naturaleza aumenta 0..4.;2;23;17;2;0;5;2;12;0;0;1;0;0;0;0;
947;Zarzas;Dornenranken;Ritual de la naturaleza. Creas un espíritu de nivel 1..10. Cuando alguna criatura no espíritu de la zona sea derribada, recibirá 5 de daño y sufrirá una hemorragia durante 5..20 segundos. El espíritu morirá a los 30..240 segundos.;2;24;19;2;0;10;2;60;0;0;0;0;0;0;0;
948;Ataque de la desesperación;Verzweifelter Stoß;Ataque inicial. Si tienes menos de 50..80% de salud, harás +15..60 de daño.;2;29;5;7;0;5;0;6;0;0;0;0;0;0;0;
949;Camino del zorro;Weg des Fuchses;Conjuro con encantamiento. Durante 10..35 segundos, tus siguientes ataques (1..6) no se pueden bloquear.;2;31;23;7;0;5;.25;30;0;0;0;0;0;0;0;
950;Carga sombría;Schattenbürde;Conjuro con maleficio. Durante 3..15 segundos, el enemigo objetivo se mueve un 25% más lento y tiene 20..30 menos de armadura contra tus ataques siempre que no tenga otros maleficios.;2;31;24;7;0;10;.25;15;0;0;0;0;0;0;0;
951;Chorro de velocidad;Geschwindigkeitsentzug;Conjuro con maleficio. Durante 5..15 segundos, el enemigo objetivo se mueve un 33 % más lento y tú un 33 % más deprisa. Este conjuro se recarga un 50 % más rápido si se lanza contra un enemigo en movimiento.;2;30;24;7;0;5;1;30;0;0;0;0;0;0;0;
952;Carga mortal;Angriff des Todes;Conjuro. Das un paso sombrío hasta el enemigo objetivo. Si éste tiene más salud que tú, te curarás 65..200 de salud.;2;31;22;7;0;5;.25;30;0;0;0;0;0;0;0;
953;Flujo de poder;Kraftfluss;Conjuro con maleficio de élite. Si el enemigo objetivo está lanzando un conjuro o cántico, se interrumpirá y durante 4..10 segundos, el enemigo sufrirá -2 de degeneración de energía.;3;2;24;5;0;10;.25;15;0;0;1;0;0;0;0;
954;Maleficios exhortados;Verhexungen vertreiben;Conjuro de élite. Eliminas un máximo de 2 maleficios del objetivo (un aliado o tú mismo).;2;-1;22;5;0;5;1;8;0;0;1;0;0;0;0;
955;Rasgar encantamiento;Verzauberung zerreißen;Conjuro. Eliminas 1 encantamientos del enemigo objetivo. Si se elimina un encantamiento, ese enemigo sufrirá una hemorragia durante 5..25 segundos.;3;7;22;4;0;5;1;15;0;0;0;0;0;0;0;
957;Escudo de conjuros;Zauberschild;Conjuro con encantamiento. Durante 5..20 segundos, mientras estés invocando conjuros, los enemigos no te los podrán lanzar a ti. Cuando el Escudo de conjuros acabe, todas tus habilidades estarán desactivadas durante 8..4 segundos.;2;16;23;3;0;10;1;30;0;0;0;0;0;0;0;
958;Susurro de curación;Heilendes Geflüster;Conjuro. El aliado objetivo se cura 40..100 de salud. Este conjuro tiene la mitad de alcance de lo normal.;2;13;22;3;0;5;1;1;0;0;0;0;0;0;0;
959;Luz etérea;Ätherisches Licht;Conjuro. El objetivo (un aliado o tú mismo) se cura 25..100 de salud. Este conjuro se puede interrumpir con facilidad.;2;13;22;3;0;5;1;5;0;0;0;0;0;0;0;
960;Liberación de encantamientos;Verzauberungen freisetzen;Conjuro. Pierdes todos los encantamientos. Cada miembro del grupo se cura 5..35 de salud por encantamiento de Monje perdido.;2;16;22;3;0;5;.25;5;0;0;0;0;0;0;0;
961;Desgarre;Zerfetzen;Ritual de la naturaleza de élite. Creas un espíritu de nivel 1..10. Las criaturas dentro de la zona con hemorragia sufrirán -2 de degeneración de salud. Este espíritu muere a los 30..240 segundos. Cuando lo haga, todas las criaturas no espíritus por debajo del 90% de salud sufrirán una hemorragia durante 5..25 segundos.;2;22;19;2;0;10;2;15;0;0;1;0;0;0;0;
962;Transfusión espiritual;Geistübertragung;Conjuro. El espíritu más cercano pierde 5..50 de salud y el objetivo (un aliado o tú mismo) se cura 5 por cada punto perdido.;2;33;22;8;0;10;.25;5;0;0;0;0;0;0;0;
963;Restauración;Wiederherstellung;Ritual con espíritus. Creas un espíritu de nivel 1..14. Cuando muera, todos los miembros del grupo en la zona resucitan con 5..50% de salud y nada de energía. Muere a los 30 segundos.;2;32;18;8;0;10;1;30;0;0;0;0;0;0;0;
964;Arma vengativa;Rachsüchtige Waffe;Conjuro con arma. Durante 8 segundos, la siguiente vez que al objetivo aliado reciba daño o pierda vida por el ataque de un enemigo, el aliado le robará 15..60 de salud al enemigo.;2;33;27;8;0;5;.25;3;0;0;0;0;0;0;0;
973;Pólvora lacrimosa;Blendpulver;Conjuro. Debe ir precedido de un ataque complementario. El enemigo objetivo y todos los adyacentes quedarán cegados durante 3..15 segundos.;2;31;22;7;0;5;.25;20;0;0;0;0;0;0;0;
974;Toque de la mantis;Berührung der Fangschrecke;Habilidad. El enemigo objetivo quedará lisiado durante 5..20 segundos. Esta habilidad cuenta como si fuese un ataque complementario.;2;30;1;7;0;5;.75;10;0;0;0;0;0;0;0;
975;Ataque agotador;Ermüdender Angriff;Ataque doble. Debe seguir a un ataque inicial. Interrumpe la acción del enemigo objetivo. Si estaba lanzando un conjuro, el enemigo objetivo sufre 10 de sobrelanzamiento.;2;29;7;7;0;5;.5;8;0;0;0;0;0;0;0;
976;Golpe repetitivo;Wiederholender Schlag;Ataque complementario. Debe ir precedido de un "ataque complementario". Si impacta, este ataque hará +10..30 de daño, y si falla, tardará 15 segundos más en recargarse.;2;29;6;7;0;5;0;0;0;0;0;0;0;0;0;
977;Camino del loto;Weg des Lotus;Conjuro con encantamiento. Durante 20 segundos, la próxima vez que golpees con una habilidad de ataque doble, ganarás 5..20 de energía.;2;31;23;7;0;5;.25;20;0;0;0;0;0;0;0;
978;Marca de inestabilidad;Zeichen der Unbeständigkeit;Conjuro con maleficio. Durante 20 segundos, la próxima vez que golpees al enemigo objetivo con una habilidad de ataque doble, éste será derribado.;2;-1;24;7;0;10;.25;20;0;0;0;0;0;0;0;
979;Recelo;Argwohn;Conjuro con maleficio. Durante 6 segundos, el siguiente conjuro que el enemigo objetivo lance sobre uno de tus aliados falla y haces 10..80 de daño a este enemigo y un 75 % de ese daño a todos los enemigos adyacentes.;3;2;24;5;0;10;2;12;0;0;0;0;0;0;0;
980;Festín espiritual;Schmaus der Seelen;Conjuro. Destruyes a todos los espíritus aliados cercanos. Por cada uno destruido así, todos los miembros del grupo se curan 50..100 de salud.;2;36;22;8;0;5;.25;10;0;0;0;0;0;0;0;
981;Recuperación;Erholung;Ritual con espíritus. Creas un espíritu de nivel 1..14. Los aliados no espíritu dentro de la zona ganan +1..3 de regeneración de salud. Morirá a los 15..45 segundos.;2;33;18;8;0;25;.75;45;0;0;0;0;0;0;0;
982;Cobijo;Unterschlupf;Ritual con espíritus. Creas un espíritu de nivel 1..12. Los aliados no espíritus dentro de la zona no pueden perder más del 10% del máximo de salud de un solo ataque. Cuando este espíritu prevenga daño, perderá 75..45 de salud. Morirá a los 30..60 segundos.;2;32;18;8;0;25;1;45;0;0;0;0;0;0;0;
983;Arma de sombra;Schattenwaffe;Conjuro con arma. Durante 1..7 segundos, el aliado objetivo tiene un Arma de sombra. Cada vez que un ataque impacta sobre el aliado, el atacante queda cegado durante 5 segundos. Las próximas 1..3 veces que el aliado acierte un ataque, su objetivo quedará cegado durante 5 segundos.;2;33;27;8;0;10;1;20;0;0;0;0;0;0;0;
985;Cebo;Trittnägel;Conjuro. Target foe and all foes adjacent to your target are Crippled and Bleeding for 5..15 seconds. Caltrops has half the normal range.;2;31;22;7;0;5;.25;10;0;0;0;0;0;0;0;
986;Golpe de las nueve colas;Neunschwänziger Stoß;Ataque doble. Debe ir precedido de un ataque complementario. Esta habilidad no puede bloquearse y hace +15..40 de daño si impacta.;2;29;7;7;0;5;0;8;0;0;0;0;0;0;0;
987;Camino de la mano abierta;Weg der leeren Handfläche;Conjuro con encantamiento de élite. Durante 5..15 segundos, los ataques complementarios y dobles no consumen energía y se recargan un 25..50 % más rápido.;2;30;23;7;0;5;.25;10;0;0;1;0;0;0;0;
988;Golpe en las sienes;Schläfenstoß;Ataque complementario de élite. Debe ir precedido de un ataque inicial. Si impacta, el enemigo objetivo quedará aturdido y cegado durante 1..10 segundos y, si estaba lanzando un conjuro, le interrumpirás.;2;29;6;7;0;15;0;20;0;0;1;0;0;0;0;
989;Golpe del fénix dorado;Goldener Phönix-Stoß;Ataque complementario. Si no estás bajo el efecto de un encantamiento, esta habilidad fallará. Si alcanza al enemigo, el Golpe del fénix dorado causa +10..30 de daño y todos los enemigos cercanos sufrirán 10..30 de daño.;2;29;6;7;0;5;0;8;0;0;0;0;0;0;0;
990;Cancelar encantamientos;Verzauberungen ausmerzen;Habilidad. El enemigo objetivo pierde un encantamiento. Todas tus demás habilidades que no sean de ataque quedarán desactivadas durante 8..4 segundos. Por cada habilidad desactivada de esta manera, el enemigo objetivo tocado pierde 1 encantamiento extra.;2;30;1;7;0;10;.75;30;0;0;0;0;0;0;0;
991;Negación de maleficios;Verhexungen zurückweisen;Conjuro. Quitas un maleficio del objetivo (un aliado o tú mismo) y un maleficio adicional por cada habilidad de favor divino que tengas recargándose.;2;16;22;3;0;5;1;12;0;0;0;0;0;0;0;
992;Tajada triple;Dreifachhieb;Ataque con hacha de élite. Atacas al enemigo objetivo y a los adyacentes. Cada ataque hace +10..40 de daño.;2;18;4;1;0;5;0;10;0;0;1;0;0;0;0;
993;Golpe enrabietado;Erzürnter Schlag;Ataque con martillo de élite. Si el Golpe enrabietado impacta, ganas 1..4 de adrenalina. Si alcanzas a un enemigo en movimiento, haces +10..40 de daño y le derribas.;2;19;8;1;0;5;0;5;0;0;1;0;0;0;0;
994;Golpe renovador;Erneuernder Schlag;Ataque con martillo. Si impacta, el Golpe renovador hace +10..40 de daño. Si golpeas a un enemigo derribado, ganas 3 de energía y esta habilidad se recargará instantáneamente.;2;19;8;1;0;5;1;30;0;0;0;0;0;0;0;
995;Actitud felina;Tigerhaltung;Actitud. Durante 4..10 segundos, atacas un 33% más deprisa. La Actitud felina termina si alguno de tus ataques fallan.;2;17;29;1;0;5;0;20;0;0;0;0;0;0;0;
996;Golpe firme;Stehender Hieb;Ataque con espada. Si consigues dar este golpe, harás +5..20 de daño, además de 5..20 extra si estás manteniendo alguna actitud.;2;20;10;1;0;0;0;0;5.6;0;0;0;0;0;0;
997;Hambruna;Hungersnot;Ritual de la naturaleza de élite. Creas un espíritu de nivel 1..10. Cuando cualquier criatura no espíritu dentro de la zona se quede sin energía, recibirá 20..70 de daño. Morirá a los 30..180 segundos.;2;24;19;2;0;10;2;15;0;0;1;0;0;0;0;
1018;Ojo crítico;Kritisches Auge;Habilidad. Durante 10..35 segundos, tienes un 3..15% de probabilidades extra de hacer un golpe crítico al atacar. Ganarás 1 de energía cuando lo logres.;2;35;1;7;0;5;0;30;0;0;0;0;0;0;0;
1019;Golpe crítico;Kritischer Stoß;Ataque doble. Debe ir precedido de un "ataque complementario". Si impacta, este ataque será crítico, hará +10..30 de daño y ganarás 1..3 de energía.;2;35;7;7;0;5;0;6;0;0;0;0;0;0;0;
1020;Filos de acero;Stahlklingen;Ataque doble. Debe ir precedido de un "ataque complementario". Si impacta, este ataque hará +5..16 de daño (máximo 60 extra) por cada ataque con daga que se esté recargando.;2;29;7;7;0;5;0;8;0;0;0;0;0;0;0;
1021;Golpe selvático;Dschungelschlag;Ataque complementario. Debe ir precedido de un ataque inicial. Si alcanza al enemigo, este ataque hace +10..25 de daño. Si el enemigo objetivo está lisiado, dicho enemigo y los que estén cerca sufrirán 1..31 de daño.;2;29;6;7;0;5;.5;6;0;0;0;0;0;0;0;
1022;Golpe salvaje;Wilder Stoß;Ataque complementario. Debe ir precedido de un ataque inicial. Si alcanza al enemigo, este ataque causa +10..35 de daño y anula cualquier actitud que esté usando el enemigo objetivo. Este ataque no puede bloquearse.;2;29;6;7;0;5;0;4;0;0;0;0;0;0;0;
1023;Picadura de mantis;Stich der springenden Mantis;Ataque inicial. Si alcanzas al enemigo objetivo, le harás +5..15 de daño. Si estaba en movimiento, quedará lisiado durante 3..15 segundos.;2;29;5;7;0;5;.5;8;0;0;0;0;0;0;0;
1024;Estocada de la mantis negra;Stoß der schwarzen Mantis;Ataque inicial. Si impacta, harás al enemigo objetivo +8..20 de daño. Si tiene un maleficio, quedará lisiado durante 3..15 segundos.;2;29;5;7;0;5;1;6;0;0;0;0;0;0;0;
1025;Tajo de distracción;Unterbrechender Dolchstoß;Ataque inicial. Si impacta, este ataque interrumpe la acción del enemigo objetivo. Si la acción era un conjuro, éste quedará desactivado durante 3..10 segundos.;2;29;5;7;0;5;0;10;0;0;0;0;0;0;0;
1026;Loto dorada;Goldener Lotus-Stoß;Ataque inicial. Si impacta el ataque, harás de +5..20 daño. Si estás bajo los efectos de un encantamiento, ganarás 5..8 de energía.;2;29;5;7;0;5;0;5;0;0;0;0;0;0;0;
1027;Defensas críticas;Kritische Verteidigungen;Conjuro con encantamiento. Durante 4..10 segundos, tienes un 75% de probabilidades de bloquear ataques. Las Defensas críticas se recargan cada vez que hagas un golpe crítico.;2;35;23;7;0;10;1;30;0;0;0;0;0;0;0;
1028;Camino de perfección;Weg der Perfektion;Conjuro con encantamiento. Durante 60 segundos, siempre que consigas hacer un golpe crítico recuperarás 10..40 de salud.;2;31;23;7;0;5;.25;30;0;0;0;0;0;0;0;
1029;Apostasía oscura;Dunkle Abtrünnigkeit;Conjuro con encantamiento de élite. Durante 3..17 segundos, cada vez que consigas dar un golpe crítico, quitarás un encantamiento del objetivo. Si lo quitas de este modo, perderás 10..3 de energía o la Apostasía oscura finalizará.;2;35;23;7;0;10;.25;15;0;0;1;0;0;0;0;
1030;Furia de langosta;Wut der Heuschrecke;Conjuro con encantamiento de élite. Durante 10..35 segundos tienes un 50% más de probabilidades de dar un golpe doble mientras uses dagas.;2;35;23;7;0;10;.5;10;0;0;1;0;0;0;0;
1031;Mortaja de agonía;Schleier des Kummers;Conjuro con encantamiento. Durante 30..60 segundos, si estás por debajo del 50% de salud, tendrás +3..8 de regeneración de salud y un 75% de probabilidades de bloquear ataques.;2;31;23;7;0;10;1;45;0;0;0;0;0;0;0;
1032;Corazón de sombra;Herz der Schatten;Conjuro. Recuperas 30..150 de salud. Das un paso sombrío a un lugar cercano, lejos de tu objetivo.;2;31;22;7;0;5;.25;15;0;0;0;0;0;0;0;
1033;Empalar;Aufspießen;Habilidad. Debe ir precedido de ataque doble. El enemigo objetivo recibe 25..100 de daño de tierra y sufre una herida grave durante 5..20 segundos.;2;30;1;7;0;5;1;15;0;0;0;0;0;0;0;
1034;Herida supurante;Eiternde Wunde;Conjuro con maleficio de élite. For 1..7 seconds, target foe moves 33% slower. That foe takes 5..25 damage each second while suffering from a condition.;2;35;24;7;0;10;.25;10;0;0;1;0;0;0;0;
1035;Promesa del Asesino;Versprechen des Assassinen;Conjuro con maleficio de élite. Durante 5..15 segundos, si el enemigo objetivo muere, ganarás 5..20 de energía y todas tus habilidades quedarán recargadas.;2;30;24;7;0;5;.75;45;0;0;1;0;0;0;0;
1036;Sello de malicia;Siegel der Bosheit;Sello. Por cada condición que padezca el enemigo objetivo, tú perderás una condición.;2;-1;21;7;0;0;.25;5;0;0;0;0;0;0;0;
1037;Huida oscura;Dunkle Flucht;Actitud. Durante 5..15 segundos, te mueves un 25% más deprisa y recibes la mitad de daño. La Huida oscura finaliza si atacas con éxito.;2;31;29;7;0;5;0;30;0;0;0;0;0;0;0;
1038;Daga lisiadora;Verkrüppelnder Dolch;Conjuro. Envías una Daga lisiadora al enemigo objetivo, que le hará 15..60 de daño de tierra y le dejará lisiado durante 3..15 segundos si estaba en movimiento. Este conjuro tiene la mitad de alcance de lo normal.;2;30;22;7;0;5;1;5;0;0;0;0;0;0;0;
1040;Paseo espiritual;Geistermarsch;Conjuro. Das un paso sombrío hasta el espíritu objetivo.;2;-1;22;7;0;5;.25;8;0;0;0;0;0;0;0;
1041;Furia inadvertida;Unsichtbare Wut;Actitud. Todos los enemigos cercanos quedan cegados durante 3..10 segundos. Durante 10..30 segundos, los enemigos cegados no te podrán bloquear.;2;31;29;7;0;5;0;20;0;0;0;0;0;0;0;
1042;Cuchillas fugaces;Blitzende Klingen;Actitud de élite. Durante 5..30 segundos, tienes un 75% de posibilidades de bloquear los ataques que te hagan mientras ataques. Si bloqueas un ataque de este modo, el atacante recibirá 5..20 de daño.;2;29;29;7;0;10;0;30;0;0;1;0;0;0;0;
1043;Brío;Preschen;Actitud. Durante 3 segundos, corres un 50% más rápido.;2;31;29;7;0;5;0;8;0;0;0;0;0;0;0;
1044;Cárcel oscura;Dunkles Gefängnis;Conjuro con maleficio. Das un paso sombrío hasta el enemigo objetivo. Durante 1..6 segundos, el enemigo objetivo se moverá un 33% más lento.;2;30;24;7;0;10;.25;30;0;0;0;0;0;0;0;
1045;Bofetada;Handflächenschlag;Habilidad de élite. El enemigo objetivo tocado recibe 10..65 de daño y queda lisiado durante 1..5 segundos. Esta habilidad cuenta como ataque complementario.;2;35;1;7;0;5;.75;7;0;0;1;0;0;0;0;
1048;Encantamiento descubierto;Enthüllte Verzauberung;Conjuro. Quitas un encantamiento del enemigo objetivo y ganas 3..15 de energía. Durante 20 segundos, el Encantamiento revelado será sustituido por el encantamiento que se haya quitado al enemigo.;2;3;22;5;0;10;1;0;0;0;0;0;0;0;0;
1049;Maleficio revelado;Enthüllte Verhexung;Conjuro. Se elimina un maleficio del objetivo (un aliado o tú mismo) y ganas 4..10 de energía. Durante 20 segundos, el Maleficio revelado será sustituido por el maleficio que hayas quitado.;2;3;22;5;0;5;1;0;0;0;0;0;0;0;0;
1052;Dolor acumulado;Angehäufter Schmerz;Conjuro. Haces 15..75 de daño al enemigo. Si estaba padeciendo 2 o más maleficios, sufrirá una herida grave durante 5..20 segundos.;2;1;22;5;0;5;2;12;0;0;0;0;0;0;0;
1053;Distracción psíquica;Übernatürliche Ablenkung;Conjuro de élite. El resto de tus habilidades se desactivarán durante 8 segundos. Si el enemigo objetivo está utilizando una habilidad, ésta se interrumpirá y estará desactivada durante 5..12 segundos más.;2;2;22;5;0;10;.25;2;0;0;1;0;0;0;0;
1054;Rostro ancestral;Antlitz des Ahnen;Conjuro con encantamiento. Durante 4..10 segundos, siempre que el objetivo (un aliado o tú mismo) sea golpeado en un ataque cuerpo a cuerpo, todos los enemigos adyacentes pierden su adrenalina y 3 de energía.;2;1;23;5;0;10;1;20;0;0;0;0;0;0;0;
1055;Inseguridad constante;Wiederkehrende Unsicherheit;Conjuro con maleficio de élite. Durante 5 segundos, el enemigo objetivo sufre -1..6 de degeneración de salud. Si ese enemigo tiene otro maleficio cuando la Inseguridad constante se hubiese acabado, ésta se vuelve a reactivar.;2;1;24;5;0;10;1;3;0;0;1;0;0;0;0;
1056;Carga de Kitah;Kitahs Bürde;Conjuro con maleficio. Durante 6..12 segundos, el enemigo objetivo se moverá un 50% más lento. Cuando la Carga de Kitah finalice, ganarás 10..18 de energía.;2;1;24;5;0;15;1.5;30;0;0;0;0;0;0;0;
1057;Inestabilidad psíquica;Übernatürliche Labilität;Conjuro de élite. Interrumpe la acción del enemigo objetivo. Si se trata de un habilidad, derribas al enemigo y a todos los enemigos cercanos durante 2..4 segundos. (50% de posibilidades de fallar con lanzamiento de conjuros rápido 4 o inferior.);2;0;22;5;0;5;.25;20;0;0;1;0;0;0;0;
1059;Sello de devoramaleficios;Verhexungsfresser-Siegel;Sello. El aliado tocado y hasta 2..5 aliados adyacentes pierden un maleficio. Ganas 1..4 de energía por cada maleficio eliminado de esta manera.;2;3;21;5;0;0;1;15;0;0;0;0;0;0;0;
1061;Retroalimentación;Reaktion;Conjuro. El enemigo objetivo pierde un encantamiento. Si se elimina de esta manera, pierde además 4..10 de energía.;2;3;22;5;0;10;1;30;0;0;0;0;0;0;0;
1062;Latrocinio arcano;Arkane Entwendung;Conjuro. Durante 5..35 segundos, un conjuro aleatorio del enemigo objetivo se desactiva y el Latrocinio arcano es sustituido por ese conjuro.;2;2;22;5;0;10;1;0;0;0;0;0;0;0;0;
1066;Aguafiestas;Sieger plündern;Conjuro con maleficio de élite. Durante 3..15 segundos, siempre que el enemigo objetivo ataque o lance un conjuro sobre una criatura con menos salud, perderá 25..100 de salud.;2;4;24;4;0;10;1;10;0;0;1;0;0;0;0;
1067;Golpe envenenado;Lebensfluchstoß;Conjuro. El enemigo objetivo recibe 12..48 de daño de sombra. Si la salud de ese enemigo está por encima del 50%, le robarás 12..48 de salud.;2;4;22;4;0;10;2;15;0;0;0;0;0;0;0;
1068;Escalofrío punzante;Bitterkalt;Conjuro. Haces al enemigo objetivo 15..60 de daño frío. Si éste tenía más salud que tú, el Escalofrío punzante se recargará inmediatamente.;2;5;22;4;0;5;1;10;0;0;0;0;0;0;0;
1069;Sabor del dolor;Geschmack der Schmerzen;Conjuro. Si el enemigo objetivo está por debajo del 50% de salud, ganas 30..150 de salud.;2;5;22;4;0;5;.25;10;0;0;0;0;0;0;0;
1070;Profanar encantamientos;Verzauberungen schänden;Conjuro. El enemigo objetivo y todos los enemigos cercanos reciben 6..60 de daño de sombra y 4..20 de daño de sombra por cada encantamiento que tengan.;2;7;22;4;0;10;2;15;0;0;0;0;0;0;0;
1071;Escalofríos temerosos;Angstschauer;Conjuro con maleficio. Durante 10..40 segundos, siempre que el enemigo objetivo reciba daño frío al usar una habilidad, ese enemigo será interrumpido y tú perderás 8..3 de energía o finalizarán los Escalofríos temerosos.;2;7;24;4;0;10;2;15;0;0;0;0;0;0;0;
1075;Enjambre vampírico;Vampirschwarm;Conjuro. Un Enjambre vampírico roba 15..60 de salud de hasta tres enemigos en la zona.;2;4;22;4;0;15;2;8;0;0;0;0;0;0;0;
1076;Chupador de sangre;Bluttrinker;Conjuro. Si tienes más del 90% de salud, sufrirás una hemorragia durante 6 segundos. Robas 20..65 de salud del enemigo objetivo.;2;4;22;4;0;5;2;8;0;0;0;0;0;0;0;
1077;Mordedura de vampiro;Vampirbiss;Habilidad. Toca a un enemigo para robarle hasta 29..74 de salud.;2;4;1;4;0;15;.75;2;0;0;0;0;0;0;0;
1078;Mordedura rastrera;Suhlerbiss;Habilidad. El enemigo objetivo tocado recibe 20..58 de daño.;2;4;1;4;0;1;.75;3;0;10;0;0;0;0;0;
1079;Toque debilitante;Schwächende Berührung;Habilidad. El enemigo tocado pierde 5..65 de salud y queda debilitado durante 5..20 segundos.;2;7;1;4;0;5;.75;3;0;0;0;0;0;0;0;
1081;Viento de Teinai;Teinais Wind;Conjuro. El enemigo objetivo y los adyacentes reciben 10..40 de daño frío. Los enemigos con quemadura alcanzados por el viento de Teinai reciben 40..80 de daño adicional y los interrumpe.;2;8;22;6;0;10;1;8;0;0;0;0;0;0;0;
1082;Flecha eléctrica;Schockpfeil;Conjuro. Mandas un Flecha eléctrica que vuela presta hacia el enemigo objetivo y le causa 5..50 de daño de relámpago. Si la Flecha eléctrica alcanza a un enemigo con la armadura rota, ganas 5 de energía y 1 de energía por cada dos rangos de almacenamiento de energía. Flecha eléctrica tiene un 25% de penetración de armadura.;2;8;22;6;0;5;1;8;0;0;0;0;0;0;0;
1083;Suelo inestable;Schwankender Boden;Conjuro de élite. Creas un Suelo inestable donde se encuentre el enemigo objetivo. Durante 5 segundos, los enemigos cercanos reciben 10..40 de daño de tierra por segundo. Los enemigos alcanzados por Suelo inestable que estén atacando serán derribados.;2;9;22;6;0;10;2;15;0;0;1;0;0;0;0;
1084;Armadura tajada;Splitter-Rüstung;Conjuro con encantamiento. Durante 5..11 segundos, tienes 25..50% de probabilidades de bloquear ataques y, cuando seas el objetivo de ataques o conjuros hostiles, un enemigo cercano recibirá 5..35 de daño de tierra.;2;9;23;6;0;10;1;30;0;0;0;0;0;0;0;
1085;Explosión de ceniza;Aschenexplosion;Conjuro con maleficio. El enemigo objetivo y los adyacentes reciben 35..65 de daño de tierra. Los enemigos con quemadura alcanzados por la Explosión de ceniza quedan malditos durante 5 segundos y tienen un 20..75% de posibilidades de fallar en sus ataques.;2;9;24;6;0;5;1;10;0;0;0;0;0;0;0;
1086;Pisotón de dragón;Drachenstampfer;Conjuro. Invocas un Pisotón de dragón en la ubicación del enemigo objetivo. Todos los enemigos cercanos a esa ubicación son derribados y reciben 26..100 de daño de tierra.;2;9;22;6;0;25;3;15;0;0;0;0;10;0;0;
1088;Viento secundario;Zweite Chance;Conjuro de élite. Ganas 1 de energía y 5 de salud por cada punto de energía restringido por el sobrelanzamiento. Pierdes todos los encantamientos.;2;-1;22;6;0;5;1;5;0;0;1;0;5;0;0;
1090;Brasas humeantes;Glühende Kohle;Conjuro con maleficio. El enemigo objetivo recibe 10..70 de daño de fuego. Si estás sobrelanzando, ese enemigo queda maldito por las Brasas humeantes durante 3 segundos y recibe 5..25 de daño de fuego adicional cada segundo.;2;10;24;6;0;10;1.5;7;0;0;0;0;0;0;0;
1091;Dragón doble;Doppeldrache;Conjuro con encantamiento de élite. Invocas el poder del dragón. Durante 8 segundos, tú y el aliado objetivo quedáis encantados con Dragón doble. Los enemigos adyacentes reciben 10..40 de daño de fuego cada segundo. Además, cuando tú o tu aliado uséis habilidades que apunten a un enemigo, ese enemigo arderá durante 1..4 segundos.;2;10;23;6;0;10;1;15;0;0;1;0;0;0;0;
1093;Calor de Teinai;Teinais Hitze;Conjuro de protección. Coloca una protección de Calor de Teinai en tu ubicación durante 10..15 segundos. Los enemigos del interior de la protección sufren 2..5 de degeneración de salud. Los enemigos debilitados atacan un 33% más despacio. Esta habilidad estará desactivada durante 20 segundos.;2;10;26;6;0;15;1;20;0;0;0;0;0;0;0;
1094;Aliento de fuego;Feueratem;Conjuro. Creas un Aliento de fuego en la ubicación actual del enemigo objetivo. Durante 5 segundos, los enemigos adyacentes a la zona reciben 10..40 de daño de fuego por segundo.;2;10;22;6;0;5;2;10;0;0;0;0;10;0;0;
1095;Supernova;Sternenexplosion;Conjuro de élite. El enemigo objetivo alcanzado y todos los enemigos de la zona reciben 7..112 de daño de fuego y arden durante 1..4 segundos. Por cada enemigo que alcances, recibes 2 de energía.;2;10;22;6;0;5;.75;7;0;0;1;0;0;0;0;
1096;Glifo de esencia;Glyphe der Essenz;Glifo. Durante 15 segundos, tu siguiente conjuro se lanzará de forma instantánea pero perderás toda la energía.;2;-1;16;6;0;5;1;20;0;0;0;0;0;0;0;
1097;Prisión de Teinai;Teinais Gefängnis;Conjuro con maleficio. Durante 1..8 segundos, las piernas del enemigo objetivo quedan aprisionadas en hielo, haciendo que el enemigo se mueva un 66% más despacio. Si el enemigo tiene la armadura rota, el hielo penetra y causa 5..9 de degeneración de salud.;2;11;24;6;0;10;1;15;0;0;0;0;0;0;0;
1098;Espejo de hielo;Eisspiegel;Conjuro con maleficio de élite. Destrozas un Espejo de hielo. Todos los enemigos cerca de ti y del aliado objetivo reciben 15..70 de daño frío y se mueven un 66% más despacio durante 2..6 segundos. Si alcanzas a un enemigo que tiene un maleficio de magia de agua, el Espejo de hielo se recarga un 50% más rápido.;2;11;24;6;0;10;.75;15;0;0;1;0;0;0;0;
1099;Cristales de Teinai;Teinais Kristalle;Conjuro. El enemigo objetivo recibe 20..40 de daño. Si el enemigo objetivo tiene una maldición de magia de agua, este conjuro le causa a él y a los enemigos cercanos 20..40 puntos de daño adicionales y los enemigos cercanos también tienen la armadura rota durante 5..15 segundos.;2;9;22;6;0;5;1;8;0;0;0;0;0;0;0;
1113;Cólera del Kirin;Kirins Zorn;Conjuro. Durante 5 segundos, los enemigos adyacentes recibirán 8..32 de daño sagrado por segundo.;2;14;22;3;0;5;1;10;0;0;0;0;0;0;0;
1114;Vínculo espiritual;Geisterbindung;Conjuro con encantamiento. Durante 8 segundos, siempre que el objetivo (un aliado o tú mismo) reciba más de 50 de daño de los próximos 10 ataques o conjuros, se curará 30..90 de salud.;2;15;23;3;0;10;.25;2;0;0;0;0;0;0;0;
1115;Aire de encantamiento;Flair der Verzauberung;Conjuro con encantamiento de élite. Durante 4..10 segundos, costará 10 menos energía lanzar encantamientos sobre el aliado objetivo (mínimo 1 de energía).;2;15;23;3;0;5;.25;8;0;0;1;0;0;0;0;
1117;Deleite celestial;Himmlische Wonne;Conjuro. Tanto tú como los miembros del grupo al alcance del oído os curáis 15..60 de salud.;2;16;22;3;0;5;1;12;0;0;0;0;0;0;0;
1118;Explosión curativa;Heilsalve;Conjuro de élite. Curas 20..120 de salud al aliado objetivo. Todos los miembros del grupo que estén al alcance del oído del objetivo ganan salud igual a la bonificación de favor divino de este hechizo. Tus plegarias de ataque quedan deshabilitadas durante 20 segundos.;2;13;22;3;0;5;.75;6;0;0;1;0;0;0;0;
1119;Area curativa de Karei;Kareis Heilkreis;Conjuro. Tanto tú como todas las criaturas adyacentes os curáis 30..180 de salud.;2;13;22;3;0;10;1;5;0;0;0;0;0;0;0;
1120;Mirada de Jamei;Jameis Starren;Conjuro. Curas 35..180 de salud al aliado objetivo.;2;13;22;3;0;10;.75;3;0;0;0;0;0;0;0;
1121;Don de salud;Geschenk des Lebens;Conjuro. Todas tus demás habilidades de plegarias curativas quedan desactivadas durante 10..5 segundos. El aliado objetivo se cura 15..150 de salud.;2;13;22;3;0;5;.75;5;0;0;0;0;0;0;0;
1123;Vaina de vida;Lebensmantel;Conjuro con encantamiento de élite. Eliminas 0..2 condiciones del objetivo aliado. Durante 8 segundos, la próxima vez que hagan daño o roben salud al aliado, éste ganará esa cantidad de salud en lugar de perderla (máximo 20..100).;2;15;23;3;0;5;.25;2;0;0;1;0;0;0;0;
1126;Eliminación empática;Ausdrückliche Entfernung;Conjuro de élite. Tú y el aliado objetivo os quitáis una condición y un maleficio, y os curáis 50 de salud.;2;-1;22;3;0;5;1;7;0;0;1;0;0;0;0;
1128;Canto de resurrección;Gesang der Wiederbelebung;Conjuro. Resucitas a un aliado con la misma salud que tengas y 5..35% de energía. Este conjuro tiene la mitad de alcance que los normales.;2;13;22;3;0;10;6;15;0;0;0;0;0;0;0;
1129;Palabra de censura;Wort des Tadels;Conjuro de élite. Haces 30..130 de daño sagrado al enemigo objetivo. Si tiene menos del 50 % de salud, la Palabra de censura tardará 20 segundos más en recargarse.;2;14;22;3;0;10;1;2;0;0;1;0;0;0;0;
1130;Lanza de luz;Speer des Lichts;Conjuro. Una lanza de luz vuela al enemigo objetivo, que hará 26..56 de daño sagrado si le alcanza y +15..60 de daño extra si estaba atacando.;2;14;22;3;0;5;1;15;0;0;0;0;0;0;0;
1131;Alma de piedra;Steinseelenschlag;Habilidad. El enemigo al que toques recibe 10..55 de daño sagrado. Si está derribado, recibirá 10..55 de daño sagrado extra.;2;14;1;3;0;5;.75;8;0;0;0;0;0;0;0;
1133;Golpe embriagado;Betrunkener Schlag;Ataque cuerpo a cuerpo. Si este ataque impacta, harás +10..40 de daño y tu objetivo sufrirá una de las siguientes condiciones: herida grave (durante 20 segundos), debilidad (20 segundos), hemorragia (25 segundos) o lisiadura (15 segundos). Después del Golpe embriagado, serás derribado.;2;21;3;1;0;5;0;7;0;0;0;0;0;0;0;
1134;Barrido de Leviatán;Leviathanschlag;Ataque cuerpo a cuerpo. Si este ataque impacta, harás +5..20 de daño. Si se bloquea este ataque, tu objetivo es derribado y sufre 10..34 de daño.;2;17;3;1;0;5;0;8;0;0;0;0;0;0;0;
1135;Golpe de Jaizhenju;Jaizhenjuschlag;Ataque con espada. Si el Golpe de Jaizhenju impacta, harás +1..30 de daño. Si no estás utilizando ninguna actitud, no se podrá bloquear.;2;20;10;1;0;5;0;8;0;0;0;0;0;0;0;
1136;Tajo penetrante;Durchdringender Hieb;Ataque con hacha. Si impacta, harás +10..25 de daño. Este ataque de hacha tiene un 20% de posibilidades de penetrar la armadura.;2;18;4;1;0;0;0;0;4.8;0;0;0;0;0;0;
1137;Golpe del yeti;Yetischlag;Ataque con martillo. Pierdes toda la adrenalina. Ataca a todos los enemigos adyacentes. Si este ataque alcanza a un enemigo que esté sufriendo una condición, le derribarás. (50% de posibilidades de fallar con dominio del martillo 4 o inferior).;2;19;8;1;0;0;0;0;6;0;0;0;0;0;0;
1141;"¡Vais a morir!";"Ihr werdet sterben!";Grito. Si el enemigo objetivo está por debajo del 90 % de salud, ganas 1..3 golpes de adrenalina.;2;17;20;1;0;5;0;15;0;0;0;0;0;0;0;
1142;Bloqueo favorable;Günstige Abwehr;Actitud de élite. Durante 8 segundos, bloqueas el siguiente ataque contra ti. Ganas 1..4 golpes de adrenalina cuando esta actitud acabe.;2;21;29;1;0;0;0;2;1;0;1;0;0;0;0;
1144;Tajo de Aladeacero;Silberflügel-Hieb;Ataque con espada. Este ataque hace +1..40 de daño si impacta.;2;20;10;1;0;0;0;0;7;0;0;0;0;0;0;
1146;Empujón;Schubs;Habilidad de élite. El enemigo tocado por el objetivo recibe 15..75 de daño, su postura acaba y cae derribado.;2;21;1;1;0;5;.75;10;0;0;1;0;0;0;0;
1191;Ataque incisivo;Trennender Angriff;Ataque con arco. Si el Ataque incisivo impacta, harás +5..25 de daño. Tiene un 10% de penetración de armadura.;2;25;2;2;0;10;.75;4;0;0;0;0;0;0;0;
1192;Disparo de Zojun;Zojuns Schuss;Ataque con arco. Disparas una flecha que tiene la mitad de alcance, pero que hace +10..40 de daño.;2;23;2;2;0;5;0;3;0;0;0;0;0;0;0;
1194;Vínculo depredador;Raubtierverbindung;Grito. Durante 5..20 segundos, tu mascota ataca un 25% más rápido y te hace recuperar 1..31 de salud con cada ataque realizado.;2;22;20;2;0;10;0;30;0;0;0;0;0;0;0;
1195;Curación simbiótica;Gemeinsame Heilung;Habilidad de élite. Durante 15 segundos, tu mascota roba 1..20 de salud cada vez que logre hacer un ataque. Tú y tu mascota os curáis 20..104 de salud. Si tu mascota está muerta, la resucitarás con el 50% de salud. Si tienes equipada esta habilidad, tu mascota viajará contigo.;2;22;1;2;0;5;1;5;0;0;1;0;0;0;0;
1196;Premura de Zojun;Zojuns Eile;Actitud. Durante 5..11 segundos, te mueves un 33% más rápido y tienes un 27..75% de posibilidades de bloquear los proyectiles que te lancen. La Premura de Zojun finaliza si atacas.;2;23;29;2;0;5;0;30;0;0;0;0;0;0;0;
1197;Disparo molesto;Nadelschuss;Ataque con arco. El Disparo molesto hace sólo 10..30 de daño pero es el doble de rápido de lo normal. Si alcanzas a un enemigo por debajo del 50% de salud, se recargará al instante. El resto de tus habilidades de ataque estarán desactivadas durante 2 segundos.;2;25;2;2;0;5;.75;4;0;0;0;0;0;0;0;
1198;Flecha de punta ancha;Stahlspitzenpfeil;Ataque con arco de élite. Lanzas una flecha de punta ancha que se mueve más despacio de lo normal. Si consigues alcanzar al enemigo, quedará aturdido durante 5..20 segundos y si además estaba lanzando un conjuro, le interrumpirás.;2;25;2;2;0;10;0;10;0;0;1;0;0;0;0;
1199;Flechas de cristal;Glaspfeile;Preparación["Preparaciones"] de élite. Durante 10..35 segundos, tus flechas hacen +6..20 de daño y causan hemorragia durante 10..20 segundos si las bloquean.;2;23;17;2;0;5;2;12;0;0;1;0;0;0;0;
1200;Sello del arquero;Siegel des Bogenschützen;Sello de élite. Durante 1..24 segundos, las condiciones que causes mientras lleves un arco duran un 150% más.;2;23;21;2;0;0;1;12;0;0;1;0;0;0;0;
1201;Salto salvaje;Wilder Sprung;Ataque con mascota. El siguiente ataque de tu mascota será el Salto salvaje, que causa +5..20 de daño. Si consigue golpear a un enemigo preparando un conjuro, es derribado.;2;22;11;2;0;5;0;10;0;0;0;0;0;0;0;
1202;Embestida enrabietada;Erzürnter Ausfall;Ataque con mascota de élite. Tu mascota lanzará un ataque Embestida enrabietada que causa una herida grave al enemigo objetivo durante 5..20 segundoss y provoca +10..50 de daño.;2;22;11;2;0;5;0;5;0;0;1;0;0;0;0;
1203;Vapuleo bestial;Bestienattacke;Ataque con mascota. El siguiente ataque de tu mascota será el Vapuleo bestial, que causa +5..20 de daño. Si consigue golpear a un enemigo derribado, quedará éste aturdido durante 4..10 segundos.;2;22;11;2;0;5;0;10;0;0;0;0;0;0;0;
1205;Mordedura venenosa;Giftbiss;Ataque con mascota. Tu mascota hará una mordedura que envenenará al enemigo objetivo durante 5..20 segundos.;2;22;11;2;0;5;0;7;0;0;0;0;0;0;0;
1206;Brinco;Sprung;Ataque con mascota. Tu mascota pegará un salto que causa +5..20 de daño. Si consigue golpear a un enemigo moviéndose, éste será derribado.;2;22;11;2;0;5;0;10;0;0;0;0;0;0;0;
1209;Furia bestial;Bestienwut;Actitud. Todas tus habilidades que no sean de ataque estarán desactivadas durante 5 segundos. Durante 5..11 segundos, atacas un 25% más rápido.;2;22;29;2;0;10;0;10;0;0;0;0;0;0;0;
1211;Nido de víboras;Vipernnest;Trampa. Creas un Nido de víboras. Al activarse, los enemigos cercanos recibirán 5..35 de daño perforante y quedarán envenenados durante 5..20 segundos. El Nido de víboras se morirá a los 90 segundos. Se te podrá interrumpir con facilidad mientras lo coloques.;2;22;30;2;0;10;2;20;0;0;0;0;0;0;0;
1212;Equinoccio;Tagundnachtgleiche;Ritual de la naturaleza de élite. Creas un espíritu de nivel 1..10. Los conjuros lanzados en su zona de alcance que causen sobrelanzamiento causan 10 de sobrelanzamiento adicionales. El espíritu morirá a los 30..240 segundos.;2;24;19;2;0;10;2;15;0;0;1;0;0;0;0;
1213;Tranquilidad;Ruhe (PvP);Ritual de la naturaleza. Creas un espíritu de nivel 1..10. Los encantamientos lanzados por criaturas no espíritus dentro de su radio se acaban un 20..50% más rápido. Morirá a los 15..120 segundos.;2;24;19;2;0;15;2;60;0;0;0;0;0;0;0;
1215;Clamor de almas;Gezeter der Seelen;Conjuro de élite. El enemigo objetivo y los cercanos reciben 10..65 de daño de relámpago. Si estás al alcance del oído de un espíritu o estás llevando un objeto de mano, ganas 10 de energía.;2;34;22;8;0;10;1;8;0;0;1;0;0;0;0;
1217;Señor de los rituales;Herr der Rituale;Habilidad de élite. Durante 5..35 segundos, tus atributos de Ritualista aumentan en 2..4 puntos con tu siguiente habilidad. Si ésta es un ritual de encadenamiento, se recarga un 10..60% más deprisa y el Señor de los rituales se recarga instantáneamente.;2;36;1;8;0;0;0;45;0;2;1;0;0;0;0;
1218;Malvado sea Daoshen;Grausam war Daoshen;Conjuro con objeto. Llevas las cenizas de Daoshen durante 15..60 segundos. Mientras las lleves, todas las habilidades de Ritualista tienen 10% de penetración de armadura. Cuando las sueltes, todos los enemigos cercanos reciben 15..85 de daño de relámpago.;2;34;25;8;0;15;2;30;0;0;0;0;0;0;0;
1219;Protector sea Kaolai;Schützend war Kaolai;Conjuro con objeto. Llevas las cenizas de Kaolai durante 15..60 segundos. Mientras, ganarás 20 de armadura y, cuando las sueltes, todos los miembros del grupo se curarán 20..95 de salud.;2;33;25;8;0;10;1;20;0;0;0;0;0;0;0;
1220;En sintonía sea Songkai;Eingestimmt war Songkai;Conjuro con objeto de élite. Llevas las cenizas de Songkai durante 45 segundos. Mientras, tus conjuros y rituales de encadenamiento de espíritus consumirán 5..50% menos de energía base.;2;36;25;8;0;10;1.5;30;0;0;1;0;0;0;0;
1221;Resistente sea Xiko;Unverwüstlich war Xiko;Conjuro con objeto. Llevas las cenizas de Xiko durante 5..20 segundos. Por cada maleficio o condición que estés padeciendo mientras tanto, ganarás +3 de regeneración de salud. Cuando sueltes las cenizas, perderás 1..4 condiciones.;2;33;25;8;0;5;1;10;0;0;0;0;0;0;0;
1222;Vivaz sea Naomei;Lebhaft war Naomei;Conjuro con objeto. Llevas las cenizas de Naomei durante 45 segundos. Al soltarlas, todos los miembros del equipo dentro de la zona resucitarán con 15..75% de salud y cero de energía.;2;33;25;8;0;15;6;20;0;0;0;0;0;0;0;
1223;Angustiosa sea Lingwah;Gequält war Lingwah;Conjuro con objeto. Llevas las cenizas de Lingwah durante 10..60 segundos. Mientras las lleves, tus maleficios de Ritualista cuestan 1..5 menos de energía y duran un 50% más. Cuando sueltes las cenizas, se recargarán todos tus maleficios de Ritualista.;2;36;25;8;0;5;1.5;30;0;0;0;0;0;0;0;
1224;Espíritu arrastrado;Geist entziehen;Conjuro. Teletransportas al espíritu aliado objetivo hasta tu ubicación.;2;-1;22;8;0;5;.25;5;0;0;0;0;0;0;0;
1225;Golpe canalizado;Gelenkter Schlag;Conjuro. Haces 5..95 de daño de relámpago al enemigo objetivo y 5..35 adicional si estás llevando algún objeto.;2;34;22;8;0;10;2;4;0;0;0;0;0;0;0;
1226;Golpe del espíritu unido;Geistersegenstoß;Conjuro. Haces 20..65 de daño de relámpago al enemigo objetivo y todos los espíritus que controles al alcance del oído ganan 20..65 de salud.;2;34;22;8;0;5;1;3;0;0;0;0;0;0;0;
1227;Golpe de esencia;Essenzschlag;Conjuro. Haces 15..60 de daño de relámpago al enemigo objetivo. Si hay espíritus al alcance del oído, ganas 1..9 de energía.;2;34;22;8;0;5;1;8;0;0;0;0;0;0;0;
1228;Chorro espiritual;Geist abzapfen;Conjuro. El espíritu que tengas más cerca pierde toda la energía. Tú ganas 30..60% de dicha energía.;2;34;22;8;0;5;.25;3;0;0;0;0;0;0;0;
1229;Crecimiento explosivo;Explosives Wachstum;Conjuro con encantamiento. Durante 15..60 segundos, cuando crees una criatura, hasta un máximo de 5 enemigos cercanos recibirán 20..65 de daño de relámpago.;2;36;23;8;0;5;2;45;0;0;0;0;0;0;0;
1230;Bendición creadora;Segen der Schöpfung;Conjuro con encantamiento. Durante 15..60 segundos, cuando crees una criatura ganarás 5..50 de salud y 1..6 de energía.;2;36;23;8;0;10;2;45;0;0;0;0;0;0;0;
1231;Canalización espiritual;Geisterlenkung;Conjuro con encantamiento de élite. Durante 12 segundos, tienes +1..6 de regeneración de energía. Cuando lances este conjuro, ganas 3..12 de energía si estás al alcance del oído de un espíritu.;2;36;23;8;0;5;1;30;0;0;1;0;0;0;0;
1232;Armadura de insensibilidad;Rüstung der Gefühllosigkeit;Habilidad. Durante 10..35 segundos, tus espíritus al alcance del oído reciben 50% menos de daño y son inmunes a ataques críticos.;2;32;1;8;0;5;1;20;0;0;0;0;0;0;0;
1233;Recuerdos calmantes;Beruhigende Erinnerungen;Conjuro. El objetivo (un aliado o tú mismo) se cura 10..100 de salud. Además, si estás llevando algún objeto, ganarás 3 de energía.;2;33;22;8;0;5;.75;4;0;0;0;0;0;0;0;
1234;Unir cuerpo y alma;Körper und Seele heilen;Conjuro. Curas 20..115 de salud al aliado objetivo. El aliado pierde una condición por cada espíritu al alcance del oído.;2;33;22;8;0;5;.75;3;0;0;0;0;0;0;0;
1235;Arma deslustrada;Stumpfe Waffe;Conjuro con maleficio. Durante 5..20 segundos, el enemigo objetivo y los adyacentes no podrán hacer un golpe crítico y hacen 3..20 menos de daño.;2;32;24;8;0;15;1;20;0;0;0;0;0;0;0;
1236;Cadenas encadenadas;Fesselnde Ketten;Conjuro con maleficio. Durante 3 segundos, el enemigo objetivo y los cercanos se mueven un 90% más despacio y reciben 1..30 de daño por segundo mientras se muevan.;2;32;24;8;0;10;1;15;0;0;0;0;0;0;0;
1237;Vínculo doloroso;Schmerzhafte Bindung;Conjuro con maleficio. Durante 10..20 segundos, el enemigo objetivo y los cercanos quedan maldecidos con el Vínculo doloroso y reciben 8..20 de daño siempre que un espíritu les golpee.;2;34;24;8;0;15;1;12;0;0;0;0;0;0;0;
1238;Sello de creación;Siegel der Schöpfung;Sello. Ganas 4 de energía por cada criatura invocada que controles al alcance del oído (máximo 3..12 de energía).;2;36;21;8;0;0;1;20;0;0;0;0;0;0;0;
1239;Sello de espíritus;Siegel der Geister;Sello de élite. Creas 3 espíritus de nivel 1..12, cuyos ataques causan 5..20 de daño y mueren al cabo de 60 segundos.;2;34;21;8;0;0;1;30;0;0;1;0;0;0;0;
1240;Almas unidas;Seelenverflechtung;Habilidad de élite. Durante 5..45 segundos, tus rituales de encadenamiento de espíritus cuestan 15 menos de energía (mínimo 5) y se recargan instantáneamente. Almas unidas acaba después de 1..3 ritual[es] de encadenamiento.;2;36;1;8;0;5;0;15;0;0;1;0;0;0;0;
1244;Velocidad fantasmal;Geisterhafte Eile;Conjuro con encantamiento. Durante 5..30 segundos, los conjuros que lances al alcance del oído de un espíritu se recargan un 25% más rápido.;2;36;23;8;0;10;1;20;0;0;0;0;0;0;0;
1245;Mirada del más allá;Blick aus dem Jenseits;Conjuro. El enemigo objetivo recibe 20..65 de daño de relámpago. Si estás al alcance del oído de algún espíritu, el enemigo queda cegado durante 2..6 segundos.;2;34;22;8;0;5;1;10;0;0;0;0;0;0;0;
1246;Rabia ancestral;Wut der Vorfahren;Habilidad. Durante 1 segundos, no ocurre nada. Cuando esta habilidad acabe, todos los enemigos adyacentes al enemigo objetivo reciben 5..110 de daño de relámpago.;2;34;1;8;0;5;.25;10;0;0;0;0;0;0;0;
1247;Dolor;Schmerzen;Ritual con espíritus. Creas un espíritu de nivel 1..12, cuyos ataques causan 5..30 de daño. Morirá a los 30..150 segundos.;2;32;18;8;0;5;.75;30;0;0;0;0;0;0;0;
1249;Desplazamiento;Verschiebung;Ritual con espíritus. Creas un espíritu de nivel 1..14. Todos los aliados no espíritus al alcance del oído tienen un 75% de probabilidades de bloquear ataques. Cada vez que se bloquee uno así, este espíritu recibirá 60 de daño. Morirá a los 30..60 segundos.;2;32;18;8;0;15;.75;45;0;0;0;0;0;0;0;
1250;Conservación;Erhaltung;Ritual con espíritus de élite. Creas un espíritu de nivel 1..14 que, cada 4 segundos, curará a un aliado no espíritu de la zona 10..115 de salud. Morirá a los 90 segundos.;2;33;18;8;0;5;.75;20;0;0;1;0;0;0;0;
1251;Vida;Leben;Ritual con espíritus. Creas un espíritu de nivel 1..14. Cuando éste muera, todos los aliados no espíritus de la zona se curarán 1..7 de salud por cada segundo que haya estado vivo. Morirá a los 20 segundos.;2;33;18;8;0;10;.75;20;0;0;0;0;0;0;0;
1252;Atadura terrenal;Erdbindung;Ritual con espíritus. Creas un espíritu de nivel 1..14. Todos los enemigos no espíritu derribados dentro de su zona no se podrán levantar en al menos 3 segundos. Cuando esto ocurra, el espíritu perderá 50..25 de salud. Morirá a los 15..45 segundos.;2;32;18;8;0;15;1;30;0;0;0;0;0;0;0;
1253;Canción sangrienta;Blutgesang;Ritual con espíritus. Creas un espíritu de nivel 1..12 que muere a los 30..150 segundos. Los ataques de este espíritu roban hasta 5..25 de salud.;2;34;18;8;0;5;.75;30;0;0;0;0;0;0;0;
1255;Trotamundeo;Fernweh;Ritual con espíritus de élite. Creas un espíritu de nivel 1..12. Cuando ataque a un enemigo parado, éste será derribado y el espíritu perderá 70..50 de salud. Morirá a los 30..60 segundos.;2;32;18;8;0;10;1;45;0;0;1;0;0;0;0;
1257;Arma de luz espiritual;Geisterlichtwaffe;Conjuro con arma de élite. Durante 10 segundos, el objetivo (un aliado o tú mismo) gana 5..25 de salud por segundo y 5..25 extra por segundo si está al alcance del oído de un espíritu.;2;33;27;8;0;5;1;5;0;0;1;0;0;0;0;
1258;Arma brutal;Grausame Waffe;Conjuro con arma. Le das al objetivo (un aliado o tú mismo) un Arma brutal durante 10..40 segundos, con la que hará +5..15 de daño al golpear siempre que no tenga ningún encantamiento.;2;32;27;8;0;10;1;15;0;0;0;0;0;0;0;
1259;Arma dirigida;Gelenkte Waffe;Conjuro con arma. Durante 4..10 segundos, los ataques de objetivo (un aliado o tú mismo) no pueden bloquearse.;2;32;27;8;0;5;2;5;0;0;0;0;0;0;0;
1260;Docilidad;Sanftmut;Conjuro con maleficio. Durante 5..30 segundos, el enemigo objetivo y todos los que estén en la zona atacarán un 50% más despacio.;3;7;24;4;0;15;1;20;0;17;0;0;0;0;0;
1261;Armadura frígida;Kalte Rüstung;Conjuro con encantamiento. Durante 10..25 segundos, ganas +10..40 de armadura contra daño físico y no puedes arder.;3;11;23;6;0;5;1;20;0;0;0;0;0;0;0;
1262;Anillo curativo;Heilring;Conjuro. Curas 30..180 de salud a las criaturas adyacentes. No afecta a uno mismo.;3;13;22;3;0;5;1;10;0;0;0;0;0;0;0;
1263;Vuelta a la vida;Leben verlängern;Conjuro. Resucitas al compañero del grupo que toques con el 50% de salud y 5..20% de energía. Ese compañero y todos los aliados al alcance del oído se curan 55..130 de salud.;3;13;22;3;0;15;4;5;0;0;0;0;0;0;0;
1264;Maldición;Untergang;Conjuro. Haces 10..60 de daño de relámpago (máximo 135) al enemigo objetivo por cada ritual de encadenamiento de espíritus recargándose que tengas.;2;36;22;8;0;10;1;8;0;0;0;0;0;0;0;
1265;Ventaja del atacante;Segen des Ausübers;Conjuro. Curas al objetivo (un aliado o tú mismo) 15..60 de salud. Si está bajo los efectos de un conjuro de arma, la Ventaja del atacante le curará 15..75 de salud extra.;2;33;22;8;0;5;.25;4;0;0;0;0;0;0;0;
1266;Calmante;Beruhigung;Ritual con espíritus. Creas un espíritu de nivel 1..12. Los enemigos de la zona tardan el doble en crear adrenalina. Morirá a los 15..45 segundos.;2;32;18;8;0;15;1;45;0;0;0;0;0;0;0;
1267;Arma vital;Wesentliche Waffe;Conjuro con arma. Durante 5..30 segundos, el objetivo (un aliado o tú mismo) tiene un Arma vital y +40..175 de salud máxima.;2;32;27;8;0;5;1;2;0;0;0;0;0;0;0;
1268;Arma de velocidad;Waffe der Beschleunigung;Conjuro con arma de élite. Durante 5..25 segundos, el objetivo (un aliado o tú mismo) tiene un Arma de velocidad, gracias a la cual los conjuros y los rituales de encadenamiento de espíritus se recargan un 33% más deprisa.;2;32;27;8;0;5;1;5;0;0;1;0;0;0;0;
1269;Sello de rabia;Siegel der Wut;Sello. Haces 5..50 de daño sagrado al enemigo objetivo, además de +5..10 de daño sagrado extra por cada habilidad de adrenalina que tenga.;2;14;21;3;0;0;1;20;0;0;0;0;0;0;0;
1333;Prolongar condiciones;Zustände ausweiten;Conjuro de élite. Propagas todas las condiciones que tenga tu objetivo a los enemigos adyacentes. La duración de las condiciones se incrementará en un 5..100% (máximo 30 segundos).;3;3;22;5;0;5;.25;5;0;0;1;0;0;0;0;
1334;Hipocondría;Hypochondrie;Conjuro. Transfieres todas las condiciones de los enemigos de la zona al enemigo objetivo.;3;-1;22;5;0;5;.25;7;0;0;0;0;0;0;0;
1335;Muerte del derrochador;Ableben des Verschwenders;Conjuro con maleficio. Durante 5 segundos, el enemigo objetivo se ve afectado por el maleficio Muerte del derrochador. Por cada segundo que dura el maleficio, el enemigo objetivo y todos los enemigos adyacentes a él reciben 1..10 de daño y 1..10 de daño adicional por cada segundo que el conjuro esté activo. El maleficio termina de forma prematura si el enemigo objetivo usa una habilidad.;3;2;24;5;0;5;.25;4;0;0;0;0;0;0;0;
1336;Dolor espiritual;Geisterschmerz;Conjuro. El enemigo objetivo recibe 15..75 de daño. Todas las criaturas hostiles invocadas que se encuentran en la zona del enemigo reciben 25..125 de daño.;3;2;22;5;0;5;1;7;0;0;0;0;0;0;0;
1337;Quitailusiones;Täuschungen entziehen;Conjuro. Eliminas un maleficio de Hipnotizador al enemigo objetivo. Si lo haces, perderá 1..5 de energía y tú ganarás 4 por cada punto que pierda.;3;3;22;5;0;5;.25;12;0;0;0;0;0;0;0;
1338;Persistencia de los recuerdos;Beharrliche Erinnerungen;Conjuro con encantamiento. Durante 5..20 segundos, siempre que te interrumpan al lanzar un conjuro, éste se recargará al instante.;3;0;23;5;0;5;1;20;0;0;0;0;0;0;0;
1339;Símbolos de inspiración;Symbole der Inspiration;Habilidad de élite. Durante 6..40 segundos, esta habilidad se transforma en la habilidad de élite del enemigo objetivo. Las habilidades de élite que lances usarán tu atributo lanzamiento rápido en lugar de su atributo correspondiente.;3;0;1;5;0;5;1;10;0;0;1;0;0;0;0;
1340;Celeridad simbólica;Symbolische Schnelligkeit;Conjuro con encantamiento. Durante 36..60 segundos, todos tus sellos utilizan tu atributo de lanzamiento rápido de conjuros, en lugar de los atributos normales.;3;0;23;5;0;15;1;30;0;0;0;0;0;0;0;
1341;Frustración;Frustration;Conjuro con maleficio. Durante 5..20 segundos, el enemigo objetivo lanza los conjuros un 50% más despacio y recibe 5..50 de daño cada vez que se le interrumpa. Si se interrumpe una habilidad, la Frustración hace el doble de daño.;3;1;24;5;0;10;1;7;0;0;0;0;0;0;0;
1342;Bromista;Reizen;Conjuro de élite. Si el enemigo objetivo está utilizando una habilidad, ese enemigo y los de la zona serán interrumpidos y tú robarás 0..5 de energía de todos ellos.;3;3;22;5;0;5;.25;15;0;0;1;0;0;0;0;
1343;Fantasma de éter;Äther-Phantom;Conjuro con maleficio. Durante 10 segundos, el enemigo objetivo tiene una degeneración de energía de -1. Si este maleficio se elimina antes de tiempo, el enemigo pierde 1..5 de energía.;3;3;24;5;0;5;1;10;0;0;0;0;0;0;0;
1344;Red interruptora;Netz der Störung;Conjuro con maleficio. Interrumpes al enemigo objetivo. Durante 10 segundos, el enemigo tiene encima una Red interruptora. Cuando este maleficio termine, volverás a interrumpirlo de nuevo.;3;-1;24;5;0;5;.25;15;0;0;0;0;0;0;0;
1345;Enigma del encantador;Rätsel des Verzauberers;Conjuro con maleficio de élite. Durante 10 segundos, el enemigo objetivo lanzará los encantamientos un 100..200 % más lento. Si el enemigo objetivo no está bajo los efectos de ningún encantamiento cuando este maleficio se active, el enemigo sufre 10..100 de daño y todos los enemigos adyacentes reciben un 75 % de ese daño.;3;2;24;5;0;10;2;10;0;0;1;0;0;0;0;
1346;Sello de las ilusiones;Siegel der Illusionen;Sello de élite. Tus siguientes conjuros (1..3) usan el atributo "magia de ilusión" en vez de su atributo normal.;3;1;21;5;0;0;2;5;0;0;1;0;0;0;0;
1347;Descargar encantamiento;Verzauberung entlassen;Conjuro. Le quitas un encantamiento al enemigo objetivo. Si éste tenía un maleficio, esta habilidad se recargará un 20..50% más deprisa.;3;3;22;5;0;10;1;15;0;0;0;0;0;0;0;
1348;Vórtice devoramaleficios;Verhexungsfresser-Strudel;Conjuro de élite. Se elimina un maleficio de un objetivo aliado. Si se quita un maleficio de esta forma, los enemigos de la zona de ese aliado reciben 30..90 de daño y pierden un encantamiento.;3;2;22;5;0;5;.25;15;0;0;1;0;0;0;0;
1349;Espejo del desencantamiento;Spiegel der Entzauberung;Conjuro. Eliminas un encantamiento del enemigo objetivo y todos sus compañeros también pierden el mismo.;3;-1;22;5;0;5;1;15;0;0;0;0;0;0;0;
1350;Robo simple;Simpler Diebstahl;Conjuro de élite. Interrumpes la acción del enemigo objetivo. Si la acción era una habilidad, quedará desactivada durante 5..20 segundos, y el Robo simple es sustituido por esa habilidad.;3;2;22;5;0;10;.25;10;0;0;1;0;0;0;0;
1351;Animar horror de mole;Schlurfschreck beleben;Conjuro. Explotas al cadáver más cercano para crear un horror de mole de nivel 1..17. Cuando muera, se sustituirá por un horror de sierra de nivel 0..15 que causará hemorragias al atacar.;3;5;22;4;0;10;1;25;0;0;0;0;0;0;0;
1352;Orden de los muertos vivientes;Orden der Untoten;Conjuro de élite. Durante 5 segundos, tus siervos hacen +3..16 de daño, pero pierdes 2% de tu salud máxima siempre que alguno de ellos logre golpear con un ataque.;3;5;22;4;0;10;1;5;0;0;1;0;0;0;0;
1353;Carne putrefacta;Verwesendes Fleisch;Conjuro. Destruyes a uno de tus siervos animados objetivo. Todos los enemigos cercanos a esa criatura quedan enfermos durante 5..15 segundos.;3;5;22;4;0;10;.25;0;0;0;0;0;0;0;0;
1354;Festín mortal;Fest für die Toten;Conjuro. Destruyes al muerto viviente aliado objetivo y todos tus otros muertos vivientes se curan 10..100 de salud.;3;5;22;4;0;5;.25;10;0;0;0;0;0;0;0;
1355;Huesos serrados;Versplitterte Knochen;Conjuro con encantamiento de élite. En los próximos 60 segundos, cada vez que muera el siervo objetivo, se sustituirá por un horror de sierra de nivel 0..15 que hará hemorragias al atacar.;3;5;23;4;0;5;1;10;0;0;1;0;0;0;0;
1356;Contagio;Erkrankung;Conjuro con encantamiento de élite. Durante 60 segundos, cada vez que sufras una nueva condición, todos los enemigos de la zona la sufrirán también y sacrificarás el 10..5% del máximo de salud.;3;5;23;4;0;5;1;10;0;0;1;0;0;0;0;
1358;Pulmones ulcerosos;Geschwürige Lungen;Conjuro con maleficio. Durante 10..30 segundos, el enemigo objetivo y todos los cercanos sufrirán -4 de degeneración de salud cuando tengan una hemorragia, y cada vez que usen un grito o cántico sangrarán durante 5..20 segundos.;3;7;24;4;0;10;1;10;0;0;0;0;0;0;0;
1359;Dolor del desencantamiento;Schmerz der Entzauberung;Conjuro de élite. El enemigo objetivo pierde 1..3 encantamientos. Si pierde alguno de este modo, ese enemigo y todos los adyacentes pierden 10..100 de salud.;3;7;22;4;0;10;1;15;0;0;1;0;0;0;0;
1360;Marca de furia;Zeichen der Wut;Conjuro con maleficio. Durante 5 segundos, los aliados que golpeen al enemigo objetivo ganan 0..2 golpes de adrenalina. Cuando este maleficio acabe, el enemigo tendrá la armadura rota durante 1..15 segundos.;3;4;24;4;0;5;.75;10;0;0;0;0;0;0;0;
1362;Corrompencantamientos;Verzauberung verderben;Conjuro con maleficio de élite. Quita un encantamiento del enemigo objetivo. Si se quita un encantamiento de esta forma, éste sufrirá una degeneración de -1..8 de salud durante 10 segundos.;3;7;24;4;0;5;.75;5;0;0;1;0;0;0;0;
1363;Sello del pesar;Siegel des Kummers;Sello. Haces 15..75 de daño al enemigo objetivo. Si está cerca de un cadáver o tiene una mascota muerta, esta habilidad se recargará al instante.;3;6;21;4;0;0;1;30;0;0;0;0;0;0;0;
1364;Sello de sufrimiento;Siegel des Leidens;Sello de élite. Sufres hemorragia durante 6 segundos. La próxima habilidad de Nigromante que lances sobre un enemigo causará hemorragia durante 2..16 segundos.;3;4;21;4;0;0;0;4;0;0;1;0;0;0;0;
1365;Sello de las almas perdidas;Siegel der verlorenen Seelen;Sello. Si el enemigo objetivo está por debajo del 50% de salud, ganas 10..100 de salud y 1..10 de energía.;3;6;21;4;0;0;.25;8;0;0;0;0;0;0;0;
1366;Pozo de oscuridad;Brunnen der Dunkelheit;Conjuro de pozo. Explotas el cadáver más cercano o sacrificas un 66 % de salud para crear un Pozo de oscuridad durante 5..50 segundos. Los enemigos con algún maleficio dentro del pozo fallarán el 50 % de las veces.;3;7;28;4;0;10;1;20;0;0;0;0;0;0;0;
1367;Oleada cegadora;Blendende Welle;Conjuro de élite. El enemigo objetivo recibe 5..50 de daño de relámpago. Ese enemigo y todos los enemigos cercanos quedan cegados durante 3..8 segundos. Este conjuro tiene un 25% de penetración de armadura. Si este conjuro alcanza a un enemigo que esté atacando, también alcanza a los enemigos adyacentes y hace un 50% más de daño.;3;8;22;6;0;10;.75;6;0;0;1;0;0;0;0;
1368;Vientos fríos;Kühle Winde;Conjuro con maleficio. El enemigo objetivo y todos los adyacentes reciben 30..60 de daño frío. Durante 10 segundos, el siguiente maleficio de agua dirigido a un enemigo con maleficio durará un 25..100% más.;3;8;24;6;0;5;1;8;0;0;0;0;0;0;0;
1369;Descarga eléctrica;Blitzstrahl;Conjuro. Lanzas una Descarga eléctrica que hace 5..50 de daño de relámpago si acierta. Si impacta a un enemigo que esté moviéndose, le harás 5..50 de daño de relámpago extra. Este conjuro tiene un 25% de penetración de armadura.;3;8;22;6;0;5;1;8;0;0;0;0;0;0;0;
1370;Prisa del Djinn de tormenta;Eile des Sturm-Dschinn;Conjuro con encantamiento. Te mueves un 25% más rápido durante 10..25 segundos. Por cada segundo en movimiento, pierdes 1 de energía.;3;8;23;6;0;5;.25;10;0;0;0;0;0;0;0;
1371;Atacante de piedra;Steinschläger;Conjuro con encantamiento. Durante 5..30 segundos, siempre que te golpeen con algún ataque elemental o físico, el daño recibido será de tierra.;3;9;23;6;0;5;.25;20;0;0;0;0;0;0;0;
1372;Tormenta de arena;Sandsturm;Conjuro de élite. Creas una Tormenta de arena en la ubicación del enemigo objetivo. Durante 10 segundos, los enemigos cercanos reciben 20..40 de daño de tierra por segundo y los que estén atacando 10..30 de daño de tierra adicional.;3;9;22;6;0;15;2;20;0;0;1;0;0;0;0;
1373;Vaina de piedra;Steinmantel;Conjuro con encantamiento de élite. Durante 5..20 segundos, tú y el aliado objetivo tenéis +1..30 de armadura y sois inmunes a los golpes críticos. Cuando lanzas este conjuro, todos los enemigos cerca de ti y de tu objetivo reciben 15..70 de daño de tierra y sufren debilitamiento durante 5..20 segundos.;3;9;23;6;0;10;1;15;0;0;1;0;0;0;0;
1374;Halcón de ébano;Ebonfalke;Conjuro. Lanza un proyectil que provoca 10..85 de daño de tierra en el objetivo y causa debilitamiento durante 5..15 segundos si alcanza al enemigo.;3;9;22;6;0;10;1;5;0;0;0;0;0;0;0;
1375;Aura de carne de piedra;Steinfleisch-Aura;Conjuro con encantamiento. Durante 5..15 segundos, el daño que recibas se reduce en 1..31 y eres inmune a ataques críticos.;3;9;23;6;0;10;2;15;0;0;0;0;0;0;0;
1376;Glifo de restauración;Glyphe der Wiederherstellung;Glifo. Durante 15 segundos, tus siguientes 2 conjuros te curan 30..105 de salud y además te curas el 150..400% del coste de energía de cada conjuro.;3;12;16;6;0;5;1;8;0;0;0;0;0;0;0;
1377;Prisma de éter;Ätherprisma;Habilidad de élite. Durante 3 segundos, todo el daño que recibes se reduce un 75%. Cuando el Prisma de éter acabe, ganarás 5..20 de energía.;3;12;1;6;0;5;0;20;0;0;1;0;0;0;0;
1378;Maestro de magias;Meister der Magie;Conjuro con encantamiento de élite. Durante 1..61 segundos, todos tus atributos de los elementos pasan a 8..14 y tus conjuros de los elementos devuelven 1 de energía más el 30 % de su coste.;3;12;23;6;0;5;1;10;0;0;1;0;0;0;0;
1379;Mirada brillante;Glühender Blick;Conjuro. El enemigo objetivo recibe 5..50 de daño de fuego. Si ese enemigo está ardiendo, ganas 5 de energía más 1 de energía por cada 2 rangos de almacenamiento de energía.;3;10;22;6;0;5;1;8;0;0;0;0;0;0;0;
1380;Calor de la sabana;Hitze der Savanne;Conjuro de élite. Creas un Calor de la Sabana en la ubicación del enemigo objetivo. Durante 5 segundos, todos los enemigos cercanos reciben 5..20 de daño de fuego cada segundo que el conjuro esté activo.;3;10;22;6;0;5;2;25;0;0;1;0;0;0;0;
1381;Prisa del Djinn de fuego;Eile des Flammen-Dschinn;Conjuro con encantamiento. Los enemigos adyacentes reciben 15..120 de daño de fuego. Te mueves un 25% más rápido durante 8..14 segundos. Prisa del Djinn de fuego se recarga un 50% más rápido si el conjuro ha alcanzado a un enemigo.;3;10;23;6;0;10;.75;20;0;0;0;0;0;0;0;
1382;Bocanada helada;Gefrierende Böe;Conjuro con maleficio. Si el enemigo objetivo está bajo los efectos de un maleficio de agua, recibe 20..80 de daño frío. De lo contrario, se mueve un 66% más despacio durante 1..5 segundos.;3;11;24;6;0;10;1;8;0;0;0;0;0;0;0;
1390;Intervención del juez;Intervention des Richters;Conjuro con encantamiento. Durante 10 segundos, la próxima vez que el objetivo (un aliado o tú mismo) reciba daño que podría ser letal, el daño se bloquea y haces 30..180 de daño sagrado a un enemigo cercano.;3;14;23;3;0;5;.25;8;0;0;0;0;0;0;0;
1391;Espíritu de apoyo;Unterstützender Geist;Conjuro con encantamiento. Durante 5..23 segundos, cada vez que el objetivo (un aliado o tú mismo) reciba daño mientras esté derribado, se curará 5..50 de salud.;3;13;23;3;0;10;.75;8;0;0;0;0;0;0;0;
1392;Curación atenta;Wachsame Heilung;Conjuro con encantamiento. Durante 10 segundos, el objetivo (un aliado o tú mismo) gana una regeneración de salud de +1..4. Si esta habilidad acaba antes de tiempo, ganará además 30..120 de salud.;3;16;23;3;0;5;1;10;0;0;0;0;0;0;0;
1393;Bendición del sanador;Segen des Heilers;Conjuro con encantamiento de élite. Durante 10..55 segundos, los conjuros de plegarias curativas se lanzarán un 50% más deprisa y curarán un 50% más.;3;16;23;3;0;5;.25;10;0;0;1;0;0;0;0;
1394;Pacto del sanador;Verpflichtung des Heilers;Conjuro con encantamiento de élite. Mientras mantengas este encantamiento, tus conjuros de plegarias curativas curan un 20% menos pero costarán 1..4 menos de energía.;3;13;23;3;-1;5;.25;5;0;0;1;0;0;0;0;
1395;Péndulo de Balthazar;Balthasars Pendel;Conjuro con encantamiento de élite. Durante 5..25 segundos, la próxima vez que un enemigo intente derribar al objetivo (un aliado o tú mismo), será el enemigo quien caiga.;3;14;23;3;0;5;.25;5;0;0;1;0;0;0;0;
1396;Palabras confortantes;Tröstende Worte;Conjuro. Curas al objetivo (un aliado o tú mismo) 20..65 de salud y 20..50 extra si está sufriendo alguna condición.;3;13;22;3;0;5;1;4;0;0;0;0;0;0;0;
1397;Luz de liberación;Licht der Erlösung;Conjuro de élite. Curas 5..70 de salud a todos los miembros del grupo.;3;13;22;3;0;5;1;6;0;0;1;0;0;0;0;
1398;Castigar encantamiento;Geißelverzauberung;Conjuro con maleficio. Durante 30 segundos, cada vez que echen un encantamiento sobre el enemigo objetivo, quien lo lance recibirá 15..75 de daño.;3;14;24;3;0;10;1.5;5;0;0;0;0;0;0;0;
1399;Escudo de absorción;Schild der Absorption;Conjuro con encantamiento. Durante 3..7 segundos, el daño que reciba el objetivo (un aliado o tú mismo) se reduce en 5 cada vez que éste sea golpeado estando bajo los efectos de este encantamiento.;3;15;23;3;0;5;1;10;0;0;0;0;0;0;0;
1400;Inversión del daño;Umkehrung des Schadens;Conjuro con encantamiento. Durante 8 segundos, la próxima vez que el objetivo (un aliado o tú mismo) sea atacado, en vez de recibir él el daño lo recibirá el enemigo (máximo 5..75).;3;14;23;3;0;5;.25;3;0;0;0;0;0;0;0;
1401;Toque sanador;Genesungsberührung;Conjuro. Quitas dos condiciones al aliado que toques y le curas 15..60 de salud por cada una que le quites.;3;15;22;3;0;5;.75;6;0;0;0;0;0;0;0;
1402;Hachazo crítico;Kritischer Hieb;Ataque con hacha. Si consigues dar este golpe, harás +5..20 de daño y si consigues un ataque crítico interrumpirás además al enemigo.;3;18;4;1;0;5;1;15;0;0;0;0;0;0;0;
1403;Hachazo agonizante;Qualvoller Hieb;Ataque con hacha. Si este ataque impacta, harás +5..20 de daño. Si el enemigo objetivo tenía una herida grave, le interrumpirás.;3;18;4;1;0;0;1;0;6;0;0;0;0;0;0;
1404;Flagelo;Dreschen;Actitud. Durante 1..15 segundos, atacas un 33% más rápido pero te mueves un 33% más despacio.;3;17;29;1;0;0;0;0;4;0;0;0;0;0;0;
1405;Ataque en embestida;Angreifender Schlag;Actitud de élite. Durante 1..10 segundos, corres un 33% más deprisa. Tu siguiente ataque cuerpo a cuerpo hará +10..90 de daño y esta actitud terminará. También acabará si usas alguna habilidad.;3;17;29;1;0;5;0;5;0;0;1;0;0;0;0;
1406;Cabezazo;Kopfstoß;Habilidad de élite. Haces 40..100 de daño al enemigo al que toques. Quedas aturdido durante 10 segundos.;3;17;1;1;0;10;.75;10;0;0;1;0;0;0;0;
1407;Comodidad del león;Trost des Löwen;Habilidad. Todos tus sellos quedan desactivados durante 12 segundos. Te curas 50..110 de salud y ganas 0..3 de adrenalina.;3;17;1;1;0;0;1;1;3.2;0;0;0;0;0;0;
1408;Furia del Ntouka;Wut des Ntouka;Habilidad de élite. Ganas 1..7 golpes de adrenalina. Durante 8 segundos, cada vez que uses una habilidad de adrenalina, se recargará durante 3 segundos.;3;17;1;1;0;5;0;15;0;0;1;0;0;0;0;
1409;Golpe de mokele;Mokele-Schlag;Ataque con martillo. Si este ataque impacta, harás +5..20 de daño y ganarás 2 golpes de adrenalina.;3;19;8;1;0;5;0;12;0;0;0;0;0;0;0;
1410;Golpe autoritario;Anmaßender Schlag;Ataque con martillo. Este ataque hace +1..20 de daño si impacta. Si se derriba al enemigo objetivo, queda aturdido durante 1..8 segundos.;3;19;8;1;0;5;0;20;0;0;0;0;0;0;0;
1411;Sello de vitalidad;Siegel der Ausdauer;Sello. Tienes +50..300 de salud máxima. Este sello se acaba si consigues dar un ataque.;3;17;21;1;0;0;.25;20;0;0;0;0;0;0;0;
1412;"¡Te han abandonado!";"Ihr seid ganz allein!";Grito de élite. Si el enemigo objetivo no se encuentra cerca de un aliado, quedará lisiado y debilitado durante 8 segundos.;3;-1;20;1;0;5;0;10;0;0;1;0;0;0;0;
1413;Explosión agresiva;Aggressiver Ausbruch;Actitud. Durante 2..10 segundos, atacas un 33% más rápido. Cuando esta actitud termine, perderás toda la adrenalina.;3;17;29;1;0;5;0;12;0;0;0;0;0;0;0;
1414;Carga enrabietada;Wütender Angriff;Actitud. Corres un 25% más rápido durante 5..15 segundos. La Carga enrabietada termina cuando consigues dar a un enemigo, y ganas 0..3 golpes de adrenalina si golpeas con un ataque cuerpo a cuerpo.;3;17;29;1;0;5;0;20;0;0;0;0;0;0;0;
1415;Tajo lisiador;Verkrüppelnder Hieb;Ataque con espada de élite. Si este ataque impacta, el enemigo objetivo quedará lisiado durante 5..15 segundos y sufrirá una hemorragia durante 10..25 segundos.;3;20;10;1;0;0;0;0;5;0;1;0;0;0;0;
1416;Corte bárbaro;Barbarischer Schnitt;Ataque con espada. Si este ataque impacta, harás +5..30 de daño. Si no estás manteniendo ninguna actitud, también harás una hemorragia durante 5..15 segundos.;3;20;10;1;0;0;0;0;6;0;0;0;0;0;0;
1465;Disparo preparado;Vorbereiteter Schuss;Ataque con arco de élite. Si impacta el ataque, harás +10..25 daño. Si estás bajo los efectos de una preparación, ganarás 1..9 de energía.;3;25;2;2;0;5;0;6;0;0;1;0;0;0;0;
1466;Flecha ardiente;Brennender Pfeil;Ataque con arco de élite. Si este ataque impacta, hace +10..30 de daño y causa una quemadura durante 2..8 segundos.;3;25;2;2;0;10;0;5;0;0;1;0;0;0;0;
1467;Disparo parabólico;Bogenschuss;Ataque con arco. Si esta flecha impacta, hará +10..35 de daño. No se podrá bloquear, pero va un 50% más despacio que las normales.;3;25;2;2;0;5;0;3;0;0;0;0;0;0;0;
1468;Golpe al unísono;Gemeinsam zuschlagen;Grito de élite. Tu mascota se mueve instantáneamente a tu objetivo y causa hemorragia durante 5..15 segundos con el siguiente ataque. La próxima vez que consigas hacer un ataque, el enemigo objetivo queda lisiado durante 5..15 segundos.;3;22;20;2;0;5;0;10;0;0;1;0;0;0;0;
1469;Fuego cruzado;Kreuzfeuer;Ataque con arco. Si esta flecha alcanza al objetivo, le hará +5..20 de daño. Si está cerca de algún aliado tuyo, no la podrá bloquear.;3;25;2;2;0;5;0;4;0;0;0;0;0;0;0;
1470;Flechas con espinas;Stachelpfeile;Preparación["Preparaciones"]. Durante 24 segundos, tus flechas causan una hemorragia durante 3..15 segundos. Tienes -40 de armadura mientras actives esta habilidad.;3;24;17;2;0;10;2;12;0;0;0;0;0;0;0;
1471;Foco del carroñero;Fokus des Plünderers;Habilidad de élite. Durante 10 segundos, si golpeas a un enemigo que esté sufriendo alguna condición, ganas 3..12 de energía.;3;24;1;2;0;5;0;12;0;0;1;0;0;0;0;
1472;Toxicidad;Giftigkeit;Ritual de la naturaleza. Creas un espíritu de nivel 1..10. Las criaturas enfermas o envenenadas dentro de la zona sufren -2 de degeneración de salud. Morirá a los 30..180 segundos.;3;22;19;2;0;15;2;60;0;0;0;0;0;0;0;
1473;Arenas movedizas;Treibsand;Ritual de la naturaleza de élite. Creas un espíritu de nivel 1..10. Todas las criaturas no espíritus de la zona perderán 1 de energía cuando ataquen o usen una habilidad. Morirá a los 30..180 segundos.;3;24;19;2;0;10;2;30;0;0;1;0;0;0;0;
1474;Abrazo de la tormenta;Umarmung des Sturms;Actitud. Durante 10 segundos te mueves un 25% más deprisa. Esta actitud se renovará cada vez que recibas daños elementales.;3;-1;29;2;0;5;0;30;0;0;0;0;0;0;0;
1475;Velocidad del trampero;Geschwindigkeit des Fallenstellers;Actitud. Durante 5..30 segundos, tus trampas se recargan un 25% más deprisa y se activan un 25% antes. Esta actitud acaba si haces un ataque.;3;23;29;2;0;5;0;20;0;0;0;0;0;0;0;
1476;Suelo alambrado;Stolperdraht;Trampa. Cuando se active esta trampa, todos los enemigos cercanos reciben 5..20 de daño perforante y los que estén lisiados caerán al suelo. Esta trampa dura 90 segundos y se te podrá interrumpir con facilidad mientras la estés colocando.;3;24;30;2;0;10;2;30;0;0;0;0;0;0;0;
1478;Oleada renovadora;Erneuernde Welle;Conjuro con maleficio. Durante 8 segundos, el enemigo objetivo recibe 2..12 de daño por segundo. Cuando este maleficio acabe, ganas 1..8 de energía.;3;34;24;8;0;5;1;15;0;0;0;0;0;0;0;
1479;Ofrenda de espíritu;Opfer des Geistes;Conjuro de élite. Ganas 8..17 de energía. Si hay espíritus al alcance del oído, no sacrificas salud;3;34;22;8;0;3;.25;15;0;17;1;0;0;0;0;
1480;Don espiritual;Geschenk des Geistes;Conjuro con encantamiento. Durante 60 segundos, cuando crees una criatura, todos los aliados cercanos ganarán 5..50 de salud y perderán 1 condición.;3;36;23;8;0;10;1;45;0;0;0;0;0;0;0;
1481;Sello del pacto de muerte;Todespakt-Siegel;Sello. Resucitas al miembro del grupo objetivo con tu salud actual y el 15..100% de energía máxima. La próxima vez que ese aliado muera en menos de 120 segundos, tú también morirás.;3;33;21;8;0;0;3;12;0;0;0;0;0;0;0;
1482;Reclamo de esencia;Essenz zurückfordern;Conjuro de élite. Todos tus espíritus mueren. Ganas 5..20 de energía y todos tus rituales de encadenamiento se recargan si algún espíritu muere de esta forma.;3;36;22;8;0;5;1;30;0;0;1;0;0;0;0;
1483;Golpe del destierro;Bannstoß;Ataque cuerpo a cuerpo. Si impacta, este ataque hace 10..60 de daño sagrado. Causa el doble de daño a las criaturas invocadas.;3;44;3;10;0;5;1;3;0;0;0;0;0;0;0;
1484;Barrido místico;Mystischer Schwung;Ataque cuerpo a cuerpo. Si impacta, este ataque hace +3..12 de daño. Si estás encantado, este ataque hace +3..12 de daño adicional.;3;44;3;10;0;5;1;6;0;0;0;0;0;0;0;
1485;Ataque del ermitaño;Angriff des Eremiten;Ataque con guadaña. Si impacta, este ataque hace +1..10 de daño y quita un encantamiento de Derviche. Si se quita un encantamiento, haces +1..10 de daño adicional y golpeas a todos los enemigos adyacentes.;3;41;9;10;0;5;0;6;0;0;0;0;0;0;0;
1486;Segar impurezas;Unreinheiten ausnutzen;Ataque cuerpo a cuerpo. Este ataque hace +3..15 de daño si impacta. Cada enemigo que alcances pierde una condición. Para cada enemigo que pierde una condición, todos los enemigos adyacentes a él reciben 10..40 de daño.;3;41;3;10;0;0;0;0;4.8;0;0;0;0;0;0;
1487;Barrido de la doble luna;Doppelter Mondschwung;Ataque cuerpo a cuerpo. Pierdes un encantamiento de Derviche y ganas 10..50 de salud. Si se pierde un encantamiento de esta manera, tus ataques no se pueden bloquear, golpeas dos veces y ganas 10..70 de salud adicional.;3;41;3;10;0;0;0;0;6.4;0;0;0;0;0;0;
1488;Barrido victorioso;Siegreicher Schwung;Ataque cuerpo a cuerpo. Este ataque hace +5..25 de daño si impacta. Si el enemigo objetivo está por debajo del 50% de salud, ganas 30..80 de salud.;3;41;3;10;0;5;0;4;0;0;0;0;0;0;0;
1489;Barrido irresistible;Unwiderstehlicher Schwung;Ataque con guadaña. Haces +3..15 de daño y pierdes un encantamiento de Derviche. Si pierdes un encantamiento de esta manera, Barrido irresistible no se puede bloquear, elimina una actitud y hace +3..15 de daño adicional.;3;41;9;10;0;5;0;6;0;0;0;0;0;0;0;
1490;Asalto piadoso;Frommer Angriff;Ataque cuerpo a cuerpo. Si impacta, este ataque hace +10..20 de daño y quita un encantamiento de Derviche. Si se quitó un encantamiento de Derviche, esta habilidad se recarga un 75% más rápido y los enemigos adyacentes reciben 15..40 de daño.;3;41;3;10;0;5;0;12;0;0;0;0;0;0;0;
1491;Tornado místico;Mystischer Wirbelsturm;Conjuro. Hace 10..60 de daño de frío a todos los enemigos cercanos. Si estás encantado, este conjuro hace 10..60 de daño de frío adicional.;3;42;22;10;0;0;.5;4;4.8;0;0;0;0;0;0;
1493;Dedos de Grenth;Grenths Finger;Conjuro con encantamiento de destello. Todos los enemigos cercanos reciben 10..40 de daño de frío. Durante 30 segundos, tus ataques hacen daño de frío. Cuando termina este encantamiento, transfieres 1..2 condiciones a todos los enemigos cercanos.;3;42;33;10;0;5;0;10;0;0;0;0;0;0;0;
1495;Aura de espinas;Dornenaura;Conjuro con encantamiento de destello. Todos los enemigos cercanos sufren hemorragia durante 5..15 segundos. Durante 30 segundos, este encantamiento no tiene ningún efecto. Cuando termina este encantamiento, todos los enemigos adyacentes quedan lisiados durante 3..8 segundos.;3;43;33;10;0;5;0;10;0;0;0;0;0;0;0;
1496;Cólera de Balthazar;Balthasars Wut;Conjuro con encantamiento de destello. Todos los enemigos cercanos arden durante 1..3 segundos. Durante los 20 segundos posteriores, este encantamiento no tendrá ningún efecto. Cuando este encantamiento termina, ganas 1..2 golpes de adrenalina si hay algún enemigo al alcance del oído.;3;44;33;10;0;10;0;10;0;0;0;0;0;0;0;
1497;Manto polvoriento;Staubdecke;Conjuro con encantamiento de destello. Los enemigos cercanos reciben 10..40 de daño de tierra. Durante 30 segundos, tus ataques hacen daño de tierra. Cuando termina este encantamiento, todos los enemigos adyacentes quedan cegados durante 1..4 segundos.;3;43;33;10;0;10;0;6;0;0;0;0;0;0;0;
1498;Fuerza desequilibrante;Umwerfende Gewalt;Conjuro con encantamiento de destello. Los enemigos cercanos reciben 10..40 de daño de tierra. Durante 30 segundos, tus ataques hacen daño de tierra. Cuando termina este encantamiento, todos los enemigos adyacentes tienen la armadura rota durante 1..10 segundos.;3;43;33;10;0;10;0;6;0;0;0;0;0;0;0;
1499;Renovación piadosa;Fromme Erneuerung;Conjuro con encantamiento de destello de élite. Durante 8 segundos, no ocurre nada. Cuando termina este encantamiento, se recarga Renovación piadosa y ganas 0..5 de energía y 0..30 de salud.;3;44;33;10;0;5;0;8;0;0;1;0;0;0;0;
1500;Manto milagroso;Trugbild-Umhang;Conjuro con encantamiento de destello. Durante 20 segundos, tienes un 40 % de probabilidad de bloquear y un 4..10 % extra por cada encantamiento adicional (máximo un 80 %). Todos los enemigos cercanos reciben 10..40 de daño de tierra cada vez que te quitan un encantamiento de Derviche.;3;43;33;10;0;15;0;24;0;0;0;0;0;0;0;
1502;Celo arcano;Arkaner Eifer;Conjuro con encantamiento de élite. Durante 10 segundos, cada vez que lances un conjuro, ganas 2 de energía por cada encantamiento que tengas encima (máximo 2..7 de energía).;3;44;23;10;0;10;1;5;0;0;1;0;0;0;0;
1503;Vigor místico;Mystische Vitalität;Conjuro con encantamiento. Durante 20 segundos, cada vez que ataques con éxito, ganas 3..15 de salud por cada encantamiento que tengas (máximo 25 de salud).;3;44;23;10;0;5;.25;15;0;0;0;0;0;0;0;
1504;Intervención atenta;Wachsame Intervention;Conjuro con encantamiento. Durante 60 segundos, la próxima vez que un ataque haga caer la salud del objetivo (un aliado o tú mismo) por debajo del 25%, se curará 50..200 de salud.;3;44;23;10;0;10;1;15;0;0;0;0;0;0;0;
1505;Voto de piedad;Gelübde der Frömmigkeit;Conjuro con encantamiento. Durante 20 segundos tienes +24 de armadura y +1..4 de regeneración de salud. Voto de piedad se renueva cada vez que finaliza un encantamiento sobre tu personaje.;3;42;23;10;0;15;.25;45;0;0;0;0;0;0;0;
1506;Dádiva vital;Wesentliche Wohltat;Conjuro con encantamiento. Durante 20 segundos, tienes +40..100 de salud máxima. Cuando este encantamiento termine, te curarás 75..200 de salud.;3;43;23;10;0;5;1;8;0;0;0;0;0;0;0;
1507;Corazón de la llama sagrada;Herz der heiligen Flamme;Conjuro con encantamiento de destello. Todos los enemigos cercanos reciben 5..30 de daño sagrado. Durante los 30 segundos posteriores, tus ataques hacen daño sagrado. Cuando termina este encantamiento, todos los enemigos cercanos arden durante 2..5 segundos.;3;44;33;10;0;10;0;10;0;0;0;0;0;0;0;
1508;Prolongar encantamientos;Verzauberungen ausweiten;Habilidad. Durante 10 segundos, tu próximo encantamiento de Derviche durará un 10..150% más.;3;44;1;10;0;5;0;10;0;0;0;0;0;0;0;
1509;Intervención de fe;Vertrauensvolle Intervention;Conjuro con encantamiento. Si tu salud cae por debajo del 50%, la Intervención de fe terminará. Al hacerlo, te curarás 30..150 de salud.;3;44;23;10;0;5;2;20;0;0;0;0;0;0;0;
1510;Cristales de arena;Sandscherben;Conjuro con encantamiento de destello. Durante 30 segundos, los próximos 1..5 ataques con guadaña hacen 10..60 de daño de tierra a todos los enemigos adyacentes al objetivo.;3;43;33;10;0;10;0;10;0;0;0;0;0;0;0;
1512;Premura de Lyssa;Lyssas Eile;Conjuro con encantamiento de destello. Durante 3..15 segundos, tus encantamientos de Derviche se recargarán un 33% más rápido. Cuando activas este encantamiento, se interrumpe la acción de todos los enemigos adyacentes. Cuando se termina este encantamiento, se interrumpe la acción de todos los enemigos adyacentes. 50% de posibilidades de fallar a menos que tengas plegarias de viento 5 o superior.;3;42;33;10;0;10;0;15;0;0;0;0;0;0;0;
1513;Manos guiadoras;Lenkende Hände;Conjuro con encantamiento. Durante 20 segundos, tus próximos 0..3 ataques no se pueden bloquear. Cuando se activa, esta habilidad quita la ceguera.;3;42;23;10;0;10;.25;10;0;0;0;0;0;0;0;
1514;Estabilidad pasajera;Flüchtige Stabilität;Conjuro con encantamiento de destello. Durante 4..10 segundos, no te pueden derribar y te mueves un 25% más deprisa. Este encantamiento termina prematuramente si evita un derribo.;3;43;33;10;0;5;0;10;0;0;0;0;0;0;0;
1515;Armadura de santidad;Rüstung der Heiligkeit;Conjuro con encantamiento. Todos los enemigos cercanos quedan debilitados durante 5..15 segundos. Durante 15 segundos, los enemigos que tengan una condición te harán 5..20 menos de daño.;3;43;23;10;0;5;.25;15;0;0;0;0;0;0;0;
1516;Regeneración mística;Mystische Regeneration;Conjuro con encantamiento. Durante 5..20 segundos, ganas +1..4 de regeneración de salud por cada encantamiento que posea tu personaje (máximo 8).;3;43;23;10;0;15;.25;10;0;0;0;0;0;0;0;
1517;Voto de silencio;Schweigegelübde;Conjuro con encantamiento de élite. Durante 5..10 segundos, no te podrán echar conjuros, pero tú tampoco podrás lanzarlos.;3;44;23;10;0;5;.25;10;0;0;1;0;0;0;0;
1518;Avatar de Balthazar;Balthasars Avatar;Transformación["Transformaciones"] de élite. Durante 10..90 segundos, ganas +20 de armadura contra daño físico, ganas adrenalina un 25% más rápido, tus ataques hacen daño sagrado y cada vez que pierdes un encantamiento de Derviche, los enemigos cercanos arden durante 1..3 segundos. La habilidad queda desactivada durante 45 segundos.;3;44;15;10;0;5;2;20;0;0;1;0;0;0;0;
1519;Avatar de Dwayna;Dwaynas Avatar;Transformación["Transformaciones"] de élite. Durante 10..90 segundos, tus ataques hacen daño sagrado. Cada vez que utilizas una habilidad de ataque de Derviche, pierdes un maleficio. Cada vez que pierdes un encantamiento de Derviche, todos los aliados al alcance del oído se curan 5..50 de salud. La habilidad queda desactivada durante 45 segundos.;3;44;15;10;0;5;2;20;0;0;1;0;0;0;0;
1520;Avatar de Grenth;Grenths Avatar;Transformación["Transformaciones"] de élite. Durante 10..90 segundos, tus ataques con guadaña hacen daño oscuro y roban 0..12 de salud. Eres inmune a la enfermedad y causas enfermedad en todos los enemigos adyacentes durante 3 segundos cada vez que pierdes un encantamiento de Derviche. Esta habilidad está desactivada durante 45 segundos.;3;44;15;10;0;5;2;20;0;0;1;0;0;0;0;
1521;Avatar de Lyssa;Lyssas Avatar;Transformación["Transformaciones"] de élite. Durante 10..90 segundos, tus encantamientos de Derviche se recargan un 50% más rápido e infliges daño de caos con tus ataques. Cada vez que pierdes un encantamiento de Derviche, robas 1 de energía de todos los enemigos cercanos. Esta habilidad está desactivada durante 45 segundos.;3;44;15;10;0;5;2;20;0;0;1;0;0;0;0;
1522;Avatar de Melandru;Melandrus Avatar;Transformación["Transformaciones"] de élite. Durante 10..90 segundos, tienes +150 de salud, +30 de armadura contra daño de los elementos y tus ataques infligen daño de tierra. Cada vez que pierdes un encantamiento de Derviche, todos los compañeros al alcance del oído pierden una condición. Esta habilidad está desactivada durante 45 segundos.;3;44;15;10;0;5;2;20;0;0;1;0;0;0;0;
1523;Meditación;Meditation;Conjuro con encantamiento. Pierdes toda la adrenalina. Durante 20 segundos, ganas 1..4 de energía cada vez que termina uno de tus encantamientos.;3;44;23;10;0;10;.25;15;0;0;0;0;0;0;0;
1524;Celo del ermitaño;Eifer des Eremiten;Conjuro con encantamiento. Ganas 1..3 de energía (máximo 8) por cada enemigo al alcance del oído. Durante los 10 segundos posteriores, este encantamiento no tendrá ningún efecto. Cuando este encantamiento termina, ganas 1..3 de energía (máximo 8) por cada enemigo al alcance del oído.;3;44;23;10;0;5;.25;15;0;0;0;0;0;0;0;
1525;Curación innata;Natürliche Heilung;Conjuro. Cura 50..170 de salud. Si no estás encantado, este conjuro se activa un 50% más rápido.;3;42;22;10;0;5;1;6;0;0;0;0;0;0;0;
1526;Imbuir salud;Mit Leben durchdringen;Conjuro. Curas al aliado objetivo un 5..50% de tu salud actual (300 de salud como máximo).;3;44;22;10;0;10;.25;10;0;0;0;0;0;0;0;
1527;Curación mística;Mystische Heilung;Conjuro. Cura 5..65 de salud. También cura 5..65 de salud a todos tus compañeros encantados.;3;42;22;10;0;5;1;4;0;0;0;0;0;0;0;
1528;Toque de Dwayna;Dwaynas Berührung;Conjuro. Curas al aliado que toques 60 de salud por cada encantamiento que tengas encima (máximo 60..240).;3;42;22;10;0;5;.75;5;0;0;0;0;0;0;0;
1529;Restauración piadosa;Fromme Wiederherstellung;Conjuro. Ganas 80..150 de salud y pierdes 1 encantamiento de Derviche. Si se elimina un encantamiento de este modo, también pierdes 1..3 maleficios.;3;42;22;10;0;5;1;8;0;0;0;0;0;0;0;
1530;Sello de luz piadosa;Siegel des frommen Lichts;Sello. Quita un encantamiento de Derviche. Curas 30..150 de salud al aliado objetivo. Si se quitó un encantamiento de esta manera, este sello se recarga un 75% más rápido.;3;43;21;10;0;0;1;20;0;0;0;0;0;0;0;
1531;Aura intimidante;Einschüchternde Aura;Conjuro con encantamiento. Durante 60 segundos, tienes +40..100 de salud máxima y recibes 1..10 menos de daño de los enemigos que tienen menos salud que tú.;3;44;23;10;0;10;.75;20;0;0;0;0;0;0;0;
1532;Tormenta de arena mística;Mystischer Sandsturm;Conjuro. Creas una Tormenta de arena en tu ubicación, que dura 3 segundos. Cada segundo, los enemigos cercanos a esta ubicación reciben 10..40 de daño de tierra. Los enemigos que atacan reciben 10..20 de daño adicional. Si estás encantado cuando lanzas este conjuro, dura el doble de tiempo.;3;43;22;10;0;0;1;8;4.8;0;0;0;0;0;0;
1533;Vientos del desencantamiento;Wind der Entzauberung;Conjuro. Elimina uno de tus encantamientos de Derviche. Si se quitó un encantamiento, todos los enemigos cercanos pierden un encantamiento y reciben 20..80 de daño de frío.;3;42;22;10;0;5;.75;15;0;0;0;0;0;0;0;
1534;Toque desgarrador;Zerreißende Berührung;Conjuro. Hace 15..65 de daño de frío al enemigo objetivo. Pierdes un encantamiento de Derviche. Si se quitó un encantamiento, el enemigo pierde un encantamiento y ganas 2 golpes de adrenalina.;3;44;22;10;0;5;.75;12;0;0;0;0;0;0;0;
1535;Barrido lisiador;Verkrüppelnder Schwung;Ataque con guadaña. Si este ataque impacta en un enemigo, éste quedará lisiado durante 3..12 segundos. Esta habilidad hace +3..15 de daño adicional si el enemigo está en movimiento.;3;41;9;10;0;5;0;6;0;0;0;0;0;0;0;
1536;Golpe hiriente;Verwundender Schlag;Ataque con guadaña de élite. Si este ataque impacta, haces +5..20 de daño, el enemigo objetivo sufre hemorragia durante 5..20 segundos y pierdes un encantamiento de Derviche. Si se quitó un encantamiento, el enemigo objetivo también padecerá herida grave durante 5..20 segundos.;3;41;9;10;0;5;0;3;0;0;1;0;0;0;0;
1537;Golpe cansado;Ermüdender Schlag;Ataque con guadaña. Quita un encantamiento de Derviche. Si se quitó un encantamiento, causas una herida grave durante 3..10 segundos. Sufres debilitamiento durante 10 segundos si no se quita un encantamiento.;3;41;9;10;0;0;0;0;6;0;0;0;0;0;0;
1538;Asalto de Lyssa;Lyssas Angriff;Ataque con guadaña. Si impacta, este ataque interrumpe la acción. Si estás encantado, todas las habilidades que interrumpas se desactivarán durante 1..10 segundos más. Este ataque hace 50% de daño normal.;3;41;9;10;0;5;.5;15;0;0;0;0;0;0;0;
1539;Victoria espeluznante;Kühler Sieg;Ataque con guadaña. Si alcanza al enemigo, este ataque hace +3..15 de daño. Para cada enemigo alcanzado que tenga menos salud que tu personaje, dicho enemigo y todos los adyacentes reciben 10..30 de daño de frío.;3;41;9;10;0;0;0;0;6;0;0;0;0;0;0;
1540;Convicción;Überzeugung;Conjuro con encantamiento de destello. Durante 10 segundos, ganas +10 de armadura si tienes una condición y ganas 1..3 de regeneración de salud por cada condición que estés padeciendo. Cuando termina este encantamiento, te curas de 1..2 condiciones;3;43;33;10;0;5;0;10;0;0;0;0;0;0;0;
1541;Prisa encantada;Verzauberte Eile;Conjuro con encantamiento de destello. Te mueves un 25% más rápido durante 7 segundos. Si este encantamiento termina antes de tiempo, pierdes 1 condiciones.;3;-1;33;10;0;10;0;15;0;0;0;0;0;0;0;
1542;Concentración piadosa;Fromme Konzentration;Actitud. Durante 5..20 segundos no podrás ser interrumpido, pero cada vez que intenten interrumpirte, perderás 1 encantamiento de Derviche o la Concentración piadosa finalizará.;3;43;29;10;0;10;0;10;0;0;0;0;0;0;0;
1543;Prisa piadosa;Fromme Eile;Actitud. Pierdes un encantamiento de Derviche y te mueves un 25% más rápido durante 1..7 segundos. Si se quitó un encantamiento, corres un 50% más rápido.;3;44;29;10;0;5;0;12;0;0;0;0;0;0;0;
1544;Torbellino de asalto;Wirbelangriff;Conjuro con encantamiento de destello. Durante 1..6 segundos, te mueves un 33% más rápido de lo normal. La próxima vez que golpees a un enemigo, todos los demás enemigos cercanos recibirán 10..60 de daño frío y este encantamiento terminará.;3;42;33;10;0;5;0;8;0;0;0;0;0;0;0;
1545;Prueba de fe;Glaubensprüfung;Conjuro. Hace 15..75 de daño frío y recibe un encantamiento por enemigo. Si un enemigo no estaba encantado, queda aturdido durante 2..6 segundos.;3;42;22;10;0;0;.5;5;5;0;0;0;0;0;0;
1546;Lanza resplandeciente;Lodernder Speer;Ataque con lanza. Si este ataque impacta, harás +5..25 de daño al enemigo y arderá durante 1..3 segundos.;3;37;12;9;0;0;0;0;6;0;0;0;0;0;0;
1547;Lanzamiento poderoso;Mächtiger Wurf;Ataque con lanza. Tu lanza vuela tres veces más rápido. Si impacta, hará +10..40 de daño.;3;37;12;9;0;0;1;0;4;0;0;0;0;0;0;
1548;Lanza cruel;Grausamer Speer;Ataque con lanza de élite. Si este ataque impacta, harás +10..50 de daño. Si impacta a un enemigo parado, le harás una herida grave que durará 5..20 segundos.;3;37;12;9;0;0;0;0;6;0;1;0;0;0;0;
1549;Lanzamiento del cazador;Wurf des Läufers;Ataque con lanza. Si este ataque impacta, harás +5..20 de daño y 5..40 extra si el enemigo estaba en movimiento.;3;37;12;9;0;10;.5;10;0;0;0;0;0;0;0;
1550;Lanzamiento imparable;Unblockbarer Wurf;Ataque con lanza. Si impacta, este ataque hace +10..40 de daño. No puede bloquearse.;3;37;12;9;0;0;1;1;6;0;0;0;0;0;0;
1551;Lanza de relámpago;Speer des Blitzes;Ataque con lanza. Golpea a todos los enemigos que haya entre tu objetivo y tú. Si impacta, inflige +10..20 de daño de relámpago. Este ataque tiene un 25 % de penetración de armadura.;3;37;12;9;0;5;0;6;0;0;0;0;0;0;0;
1552;Lanza cansada;Ermüdender Speer;Ataque con lanza. Si este ataque impacta, harás +10..40 de daño pero quedarás debilitado durante 5 segundos.;3;37;12;9;0;0;0;0;3;0;0;0;0;0;0;
1553;Himno de furia;Hymne der Wut;Cántico de élite. Durante 10 segundos, todos los miembros del grupo al alcance del oído ganan 2..5 de adrenalina la próxima vez que usen una habilidad de ataque.;3;40;13;9;0;5;1;10;0;0;1;0;0;0;0;
1554;Himno lisiador;Verkrüppelungs-Hymne;Cántico de élite. Durante 10 segundos, la siguiente habilidad de ataque que usen los aliados al alcance del oído causará lisiadura durante 5..15 segundos.;3;38;13;9;0;0;1;0;3;0;1;0;0;0;0;
1555;Himno defensivo;Verteidigungshymne;Cántico de élite. Durante 4..10 segundos, todos los miembros del grupo al alcance del oído tienen un 50% de posibilidades de bloquear ataques. Este cántico acaba si el miembro del grupo consigue golpear con una habilidad de ataque.;3;40;13;9;0;10;1;15;0;0;1;0;0;0;0;
1556;Bienandanza;Gute Reise;Grito. Durante 5..20 segundos, todos los aliados al alcance del oído se mueven un 25% más deprisa si están bajo los efectos de un encantamiento.;3;38;20;9;0;10;0;30;0;0;0;0;0;0;0;
1557;Himno de fuego;Hymne der Flamme;Cántico. Durante 10 segundos, la siguiente habilidad de ataque que usen los compañeros al alcance del oído causa también una quemadura durante 1..5 segundos.;3;40;13;9;0;5;1;10;0;0;0;0;0;0;0;
1558;"¡A la yugular!";"Zielt auf die Augen!";Grito. Durante 10 segundos, la próxima vez que algún aliado al alcance del oído ataque, habrá un 30..100% de posibilidades que sea un golpe crítico.;3;38;20;9;0;0;0;0;4;0;0;0;0;0;0;
1559;Himno de envidia;Hymne des Neids;Cántico. Durante 10 segundos, la siguiente habilidad de ataque que usen los aliados al alcance del oído hará +10..25 de daño a los enemigos con más del 50% de salud.;3;38;13;9;0;0;1;0;6;0;0;0;0;0;0;
1560;Canción de poder;Machtgesang;Cántico. Durante 5..20 segundos, todos los aliados al alcance del oído ganan 4 de regeneración de energía hasta que usen alguna habilidad.;3;39;13;9;0;15;1;30;0;0;0;0;0;0;0;
1561;Himno de celo;Eifrige Hymne;Cántico. Durante 10 segundos, la próxima vez que algún aliado al alcance del oído use una habilidad de ataque, recuperará 1..8 de energía.;3;39;13;9;0;10;1;10;0;0;0;0;0;0;0;
1562;Aria de celo;Arie des Eifers;Cántico. Durante 10 segundos, la próxima vez que algún aliado al alcance del oído use un conjuro, recuperará 1..6 de energía.;3;39;13;9;0;5;1;10;0;0;0;0;0;0;0;
1563;Lírica de celo;Lyrik des Eifers;Cántico. Durante 10 segundos, la próxima vez que algún aliado al alcance del oído use un sello, recuperará 1..8 de energía.;3;39;13;9;0;0;1;0;6;0;0;0;0;0;0;
1564;Balada de restauración;Ballade der Wiederherstellung;Cántico. Durante 10 segundos, la próxima vez que hagan daño a algún compañero al alcance del oído, se curará 15..75 de salud.;3;39;13;9;0;10;1;10;0;0;0;0;0;0;0;
1565;Coro de restauración;Chor der Wiederherstellung;Cántico. Durante 10 segundos, la próxima vez que algún aliado al alcance del oído use un grito o cántico, se curará 30..90 de salud.;3;39;13;9;0;0;1;5;4;0;0;0;0;0;0;
1566;Aria de restauración;Arie der Wiederherstellung;Cántico. Durante 10 segundos, la próxima vez que algún compañero al alcance del oído use un conjuro, se curará 30..90 de salud.;3;39;13;9;0;10;1;10;0;0;0;0;0;0;0;
1567;Canción de concentración;Lied der Konzentration;Cántico. Durante 10 segundos, la siguiente habilidad que use cada aliado al alcance del oído no se podrá interrumpir.;3;-1;13;9;0;0;2;5;8;0;0;0;0;0;0;
1568;Himno de guía;Hymne der Führung;Cántico de élite. Durante 10 segundos, la siguiente habilidad de ataque que use cada miembro del grupo al alcance del oído no se podrá bloquear.;3;38;13;9;0;0;1;0;2;0;1;0;0;0;0;
1569;Coro vitalizante;Energie bringender Chor;Cántico. Durante 10 segundos, el siguiente cántico o grito que use cada aliado al alcance del oído consume 3..7 menos de energía.;3;39;13;9;0;0;1;0;3;0;0;0;0;0;0;
1570;Canción de purificación;Lied der Läuterung;Cántico de élite. Durante 20 segundos, los aliados al alcance del oído se curarán 1 condición al usar sus siguientes habilidades (1..6).;3;39;13;9;0;0;2;0;3;0;1;0;0;0;0;
1571;Aria rompemaleficios;Verhexungsbrech-Arie;Cántico. Durante 10 segundos, la próxima vez que algún aliado al alcance del oído lance un conjuro, perderá 1 maleficio.;3;-1;13;9;0;0;2;0;8;0;0;0;0;0;0;
1572;"¡Firme!";"Seid vorbereitet!";Grito. Durante 5..15 segundos, la siguiente vez que se intente derribar al aliado objetivo no surtirá efecto y, en lugar de ello, todos los enemigos cercanos recibirán 15..75 de daño.;3;38;20;9;0;5;0;4;0;0;0;0;0;0;0;
1573;Pavor;Ehrfurcht;Habilidad. Si esta habilidad alcanza a un enemigo derribado, este quedará aturdido durante 5..15 segundos.;3;40;1;9;0;10;.75;10;0;0;0;0;0;0;0;
1574;Armonía duradera;Dauerhafte Harmonie;Eco. Durante 10..35 segundos, el efecto de los cánticos y gritos durarán un 50% más en el aliado objetivo no espíritu.;3;40;14;9;0;5;1;10;0;0;0;0;0;0;0;
1575;Cierre llameante;Loderndes Finale;Eco. Durante 10..35 segundos, cada vez que un grito o cántico termine en el aliado objetivo no espíritu, todos los enemigos adyacentes a él arderán durante 1..7 segundos.;3;40;14;9;0;5;1;8;0;0;0;0;0;0;0;
1576;Estribillo quemador;Brennender Refrain;Eco. Durante 20 segundos, si el aliado objetivo no espíritu golpea a un enemigo con más salud que él, éste arderá durante 1..3 segundos. Este eco se reactivará cada vez que los efectos de un grito o cántico terminen en el aliado.;3;40;14;9;0;10;1;10;0;0;0;0;0;0;0;
1577;Cierre de restauración;Finale der Wiederherstellung;Eco. Durante 10..35 segundos, cada vez que un grito o cántico alcance a un aliado no espíritu objetivo, éste recuperará 15..75 de salud.;3;39;14;9;0;5;1;10;0;0;0;0;0;0;0;
1578;Estribillo sanador;Genesungsrefrain;Eco. Durante 15 segundos, el aliado objetivo no espíritu tiene +2..3 de regeneración de salud. Este eco se reactivará cada vez que los efectos de un grito o cántico terminen en el aliado;3;39;14;9;0;10;1;8;0;0;0;0;0;0;0;
1579;Cierre purificador;Reinigendes Finale;Eco. Durante 10..35 segundos, el aliado objetivo no espíritu pierde 1 condición siempre que los efectos de un cántico o grito acaben en él.;3;39;14;9;0;5;.25;5;0;0;0;0;0;0;0;
1580;Estribillo afilado;Klingenumkehr-Refrain;Eco. Durante 20 segundos, el aliado objetivo no espíritu tendrá un 5..20% de posibilidades de bloquear los ataques que reciba. Este eco se reactivará cada vez que los efectos de un cántico o grito alcancen al aliado.;3;38;14;9;0;5;1;8;0;0;0;0;0;0;0;
1581;Sello brillante;Glühendes Siegel;Sello. Si el enemigo objetivo está ardiendo, ganas 5..15 de energía.;3;40;21;9;0;0;.25;15;0;0;0;0;0;0;0;
1583;Celo del líder;Eifer des Anführers;Habilidad. Ganas 2..4 de energía por cada aliado cercano (máximo 8..12 de energía).;3;39;1;9;0;5;0;12;0;0;0;0;0;0;0;
1584;Comodidad del líder;Trost des Anführers;Habilidad. Ganas 30..75 de salud y además +10..20 extra por cada aliado al alcance del oído (máximo 140 de salud).;3;40;1;9;0;5;2;8;0;0;0;0;0;0;0;
1585;Sello de sinergia;Siegel der Synergie;Sello. Curas al aliado objetivo 40..100 de salud. Si no estás bajo los efectos de un encantamiento, tú te curarás también 40..100 de salud.;3;39;21;9;0;0;1;10;0;0;0;0;0;0;0;
1586;Protección angelical;Engelsschutz;Habilidad. Durante 10 segundos, siempre que el aliado objetivo reciba más de 250..80 de daño por segundo, se curará en salud el número de puntos de daño que sobrepasen a esta cantidad.;3;40;1;9;0;5;0;30;0;0;0;0;0;0;0;
1587;Vínculo angelical;Engelsbindung;Habilidad de élite. Durante 10 segundos, la próxima vez que un objetivo (un aliado o tú mismo) al alcance del oído reciba daño que podría ser letal, el daño es bloqueado y ese objetivo recupera 20..200 de salud. El Vínculo angelical acaba en los demás aliados.;3;40;1;9;0;5;1;15;0;0;1;0;0;0;0;
1588;Sello de cauterio;Siegel der Verätzung;Sello de élite. Todos los miembros del grupo pierden todas las condiciones. Tú ardes 1 segundo por cada condición que elimines de esta forma.;3;-1;21;9;0;0;2;15;0;0;1;0;0;0;0;
1589;"¡Mantente en guardia!";"Haltet Eure Stellung!";Grito. Durante 5..20 segundos, todos los miembros del grupo al alcance del oído ganan +24 de armadura si no se están moviendo.;3;38;20;9;0;10;0;20;0;0;0;0;0;0;0;
1590;"¡Lidera la marcha!";"Geht voran!";Grito. El aliado objetivo se mueve un 25% más deprisa durante 1..5 segundos por cada aliado al alcance del oído (máximo 30 segundos).;3;40;20;9;0;5;0;8;0;0;0;0;0;0;0;
1591;"¡Rápido!";"Beeilt Euch!";Grito. Durante 5..20 segundos, el aliado objetivo se mueve un 33% más deprisa. Esta habilidad termina si ataca con éxito.;3;38;20;9;0;5;0;10;0;0;0;0;0;0;0;
1592;"¡Volveremos!";"Wir kommen wieder!";Grito. Todos los miembros del grupo al alcance del oído resucitarán con 25..50% de salud y 5..20% de energía.;3;38;20;9;0;25;0;30;0;0;0;0;0;0;0;
1593;"¡No te rindas!";"Gebt nicht auf!";Grito. Todos los aliados de la zona y por debajo del 75% de salud ganan 1..10 de energía.;3;38;20;9;0;5;0;15;0;0;0;0;0;0;0;
1594;"¡Ayuda!";"Hilfe!";Grito. El aliado no espíritu objetivo gana 15..90 de salud. Durante 1..10 segundos, los conjuros que te lancen los otros aliados se invocarán un 50 % más deprisa.;3;38;20;9;0;5;0;10;0;0;0;0;0;0;0;
1595;"¡Atrás!";"Zieht Euch zurück!";Grito. Durante 4..10 segundos, los aliados al alcance del oído ganan 5..15 de salud por segundo al moverse y van un 33% más deprisa. Este grito termina en un aliado si éste logra hacer un ataque.;3;38;20;9;0;10;0;20;0;0;0;0;0;0;0;
1596;"¡Que vienen!";"Schon unterwegs!";Grito de élite. Durante 4..10 segundos, todos los aliados al alcance del oído se mueven un 33% más rápido y ganan 5..15 de salud mientras se muevan.;3;38;20;9;0;5;0;20;0;0;1;0;0;0;0;
1597;"¡Están ardiendo!";"Sie brennen!";Grito. Durante 10 segundos, los compañeros de equipo al alcance del oído reciben 5..35% menos de daño de los enemigos ardiendo.;3;40;20;9;0;10;0;10;0;0;0;0;0;0;0;
1598;"¡Arriba!";"Ergebt Euch nicht!";Grito. Durante 15 segundos, todos los compañeros al alcance del oído y por debajo del 75% de salud ganarán +1..5 de regeneración de salud.;3;38;20;9;0;5;0;15;0;0;0;0;0;0;0;
1599;¡Es sólo un rasguño!;Es ist nur eine Fleischwunde.;Grito de élite. El aliado objetivo pierde todas las condiciones. Si pierde alguna de esta forma, se moverá un 25% más deprisa durante 1..10 segundos.;3;39;20;9;0;5;0;2;0;0;1;0;0;0;0;
1600;Lanza espinada;Stachelspeer;Ataque con lanza. Si este ataque impacta, tu objetivo sufrirá una hemorragia durante 5..20 segundos.;3;37;12;9;0;0;0;0;2;0;0;0;0;0;0;
1601;Ataque malintencionado;Bösartiger Angriff;Ataque con lanza. Si este ataque impacta, harás +5..20 de daño al enemigo. Si es un golpe crítico, le harás una herida grave que durará 5..15 segundos.;3;37;12;9;0;5;0;8;0;0;0;0;0;0;0;
1602;Golpe abrumador;Betäubender Schlag;Ataque con lanza de élite. Si alcanzas al enemigo, le harás +10..50 de daño. Si estaba sufriendo una condición, quedará aturdido durante 4..10 segundos.;3;37;12;9;0;0;0;0;8;0;1;0;0;0;0;
1603;Lanza despiadada;Unbarmherziger Speer;Ataque con lanza. Si alcanzas a un enemigo con menos del 50% de salud, sufrirá una herida grave durante 5..20 segundos.;3;37;12;9;0;0;0;0;6;0;0;0;0;0;0;
1604;Lanzamiento desbaratador;Unterbrechender Wurf;Ataque con lanza. Si alcanzas a un enemigo que esté sufriendo una condición, le interrumpirás.;3;37;12;9;0;5;.5;10;0;0;0;0;0;0;0;
1605;Lanzamiento salvaje;Wilder Wurf;Ataque con lanza. Si acierta, este ataque hace +5..20 de daño y anula cualquier actitud que esté usando tu objetivo. Este ataque no puede bloquearse. Todas tus habilidades que no sean ataques con lanza se desactivarán durante 3 segundos.;3;37;12;9;0;0;0;0;7;0;0;0;0;0;0;
1633;Golpe malicioso;Böswilliger Stoß;Ataque cuerpo a cuerpo. Si este ataque alcanza a un enemigo que esté sufriendo alguna condición, le harás +10..30 de daño y será un golpe crítico.;3;35;3;7;0;5;0;6;0;0;0;0;0;0;0;
1634;Asalto destructivo;Vernichtender Angriff;Ataque doble de élite. Debe ir precedido de un ataque complementario. Si impacta, harás 5..50 de daño al enemigo objetivo y perderá un encantamiento. No se puede bloquear este ataque.;3;35;7;7;0;10;0;6;0;0;1;0;0;0;0;
1635;Golpe del cráneo dorado;Goldener Schädel-Stoß;Ataque complementario de élite. Si estás bajo los efectos de un encantamiento y este ataque impacta, el enemigo objetivo quedará aturdido durante 1..12 segundos.;3;29;6;7;0;10;0;15;0;0;1;0;0;0;0;
1636;Golpe de la araña negra;Schwarzer Spinnen-Stoß;Ataque complementario. Debe golpear a un enemigo afectado por un maleficio. Si impacta, hará +5..20 de daño y el enemigo quedará envenenado durante 5..20 segundos.;3;29;6;7;0;5;0;8;0;0;0;0;0;0;0;
1637;Golpe del zorro dorado;Goldener Fuchs-Stoß;Ataque inicial. Si este ataque impacta, harás +10..30 de daño al enemigo objetivo. Si estás bajo los efectos de un encantamiento, no se te podrá bloquear.;3;29;5;7;0;5;0;4;0;0;0;0;0;0;0;
1638;Prisa mortal;Tödliche Eile;Conjuro con encantamiento. Durante 10..35 segundos, los conjuros de alcance medio se lanzarán y se recargarán un 5..50% y un 5..60% más deprisa respectivamente.;3;35;23;7;0;5;1;20;0;0;0;0;0;0;0;
1639;Remedio del Asesino;Mittel des Assassinen;Conjuro con encantamiento. Durante 30 segundos, tus siguientes habilidades de ataque (1..10) eliminarán una condición.;3;35;23;7;0;5;1;20;0;0;0;0;0;0;0;
1640;Promesa del zorro;Versprechen des Fuchses;Conjuro con encantamiento de élite. Durante 5..20 segundos, tus ataques con dagas no se pueden bloquear. Este encantamiento terminará si fallas al atacar.;3;29;23;7;0;10;1;20;0;0;1;0;0;0;0;
1641;Neutralidad fingida;Vorgetäuschte Neutralität;Conjuro con encantamiento. Durante 4..10 segundos, tienes +7 de regeneración de salud y +80 de armadura. Este encantamiento acaba si atacas con éxito o usas una habilidad.;3;31;23;7;0;5;.25;25;0;0;0;0;0;0;0;
1642;Cebos escondidos;Versteckte Trittnägel;Conjuro con maleficio de élite. Tus habilidades que no sean de asesino se desactivan durante 3 segundos. Durante 1..10 segundos, el enemigo objetivo se moverá un 50 % más lento. Cuando este maleficio acabe, el enemigo quedará lisiado durante 1..15 segundos.;3;31;24;7;0;5;1;12;0;0;1;0;0;0;0;
1643;Asaltaencantamientos;Verzauberungen angreifen;Habilidad de élite. Debe ir precedido de un ataque doble. El enemigo objetivo pierde todos los encantamientos.;3;-1;1;7;0;5;.25;8;0;0;1;0;0;0;0;
1644;Colapso del derrochador;Verfall des Verschwenders;Habilidad de élite. Das un paso sombrío hasta el enemigo objetivo. Si éste no estaba usando ninguna habilidad, le derribas. Todas tus habilidades de ataque que no sean para daga estarán desactivadas durante 10 segundos.;3;-1;1;7;0;5;.25;20;0;0;1;0;0;0;0;
1645;Saquear encantamiento;Verzauberung lösen;Habilidad. Si el enemigo objetivo tocado está derribado, perderá un encantamiento.;3;-1;1;7;0;5;.25;10;0;0;0;0;0;0;0;
1646;Augurio de muerte;Todesomen;Conjuro con maleficio. Durante 5..35 segundos, la próxima vez que un ataque debería dejar al enemigo objetivo con menos del 50% de salud, le harás una herida grave durante 5..20 segundos y darás un paso sombrío hasta él. Este conjuro tiene la mitad de alcance de lo normal.;3;30;24;7;0;5;1;20;0;0;0;0;0;0;0;
1647;Sello del shock tóxico;Siegel des toxischen Schocks;Sello. Si el enemigo objetivo está envenenado, le haces 10..100 de daño.;3;30;21;7;0;0;1;15;0;0;0;0;0;0;0;
1648;Sello de la penumbra;Siegel des Zwielichts;Sello. El enemigo objetivo pierde un encantamiento por cada maleficio que esté sufriendo.;3;-1;21;7;0;0;1;20;0;0;0;0;0;0;0;
1649;Camino del Asesino;Weg des Assassinen;Actitud de élite. Durante los próximos 20 segundos mientras lleves dagas, atacas un 5..20% más deprisa y tienes +5..35% de probabilidades de dar un golpe crítico.;3;35;29;7;0;5;0;12;0;0;1;0;0;0;0;
1650;Paseo sombrío;Schattenmarsch;Actitud. Das un paso sombrío hasta el enemigo objetivo. Durante 15 segundos, no ocurre nada. Tus habilidades de ataque quedan deshabilitadas durante 1 segundo. Tus actitudes y encantamientos quedan deshabilitados durante 10 segundos. Cuando termina esta actitud, regresas a tu ubicación original.;3;-1;29;7;0;5;0;30;0;0;0;0;0;0;0;
1651;Retirada mortal;Rückzug des Todes;Conjuro. Das un paso sombrío hasta el aliado objetivo. Si tienes menos salud que él, ganas 40..130 de salud.;3;31;22;7;0;5;.25;20;0;0;0;0;0;0;0;
1652;Cárcel sombría;Schattengefängnis;Conjuro con maleficio de élite. Das un paso sombrío hasta el enemigo objetivo. Durante 1..7 segundos, el enemigo objetivo se moverá un 66% más lento.;3;30;24;7;0;5;.25;15;0;0;1;0;0;0;0;
1653;Intercambio;Tauschen;Conjuro. Tú y la criatura invocada objetivo intercambiáis vuestra posición dando un paso sombrío.;3;-1;22;7;0;5;.25;10;0;0;0;0;0;0;0;
1654;Mezcla sombría;Schattenverschmelzung;Conjuro con encantamiento de élite. Das un paso sombrío hasta el aliado objetivo. Cuando acabe este encantamiento, volverás a tu ubicación original.;3;-1;23;7;-1;5;.25;10;0;0;1;0;0;0;0;
1655;Precio del orgullo;Preis des Stolzes;Conjuro con maleficio. Durante 5 segundos, la próxima vez que el enemigo objetivo use una habilidad de élite, perderá 3..15 de energía.;3;2;24;5;0;5;1;8;0;0;0;0;0;0;0;
1656;Aire de desencantamiento;Flair der Entzauberung;Conjuro con maleficio de élite. Eliminas un encantamiento del enemigo objetivo y todos los cercanos. Durante 5..20 segundos, los encantamientos que tengan acaban un 150..300% antes.;3;1;24;5;0;10;1;10;0;0;1;0;0;0;0;
1657;Sello de torpeza;Siegel der Unbeholfenheit;Sello. Si el enemigo objetivo está atacando, interrumpirás su acción y la de los enemigos adyacentes a él, y recibirán 15..60 de daño. Todos los enemigos que estén utilizando habilidades de ataque son derribados.;3;1;21;5;0;0;.25;8;0;0;0;0;0;0;0;
1658;Postura simbólica;Symbolische Haltung;Actitud. Durante 5..20 segundos, el siguiente sello que actives se recargará un 20..80% más rápido.;3;0;29;5;0;10;0;20;0;0;0;0;0;0;0;
1659;Frío tóxico;Toxische Kälte;Conjuro de élite. El enemigo objetivo recibe 15..75 de daño frío. Si está bajo los efectos de un maleficio o de un encantamiento, estará envenenado durante 10..25 segundos.;3;5;22;4;0;5;1;5;0;0;1;0;0;0;0;
1660;Pozo de silencio;Brunnen der Stille;Conjuro de pozo. Explotas el cadáver más cercano o sacrificas un 66 % de salud para crear un Pozo de silencio durante 10..30 segundos. Los enemigos en este pozo no pueden usar gritos ni cánticos, y sufren -1..4 de degeneración de salud.;3;7;28;4;0;10;1;20;0;0;0;0;0;0;0;
1661;Piedra brillante;Leuchtstein;Conjuro. Lanza un proyectil que causa 5..50 de daño de tierra si alcanza el objetivo. Si este conjuro alcanza a un enemigo debilitado, ganas 5 de energía más 1 de energía por cada 2 rangos de almacenamiento de energía.;3;9;22;6;0;5;.75;7;0;0;0;0;0;0;0;
1662;Maldición mental;Geistige Explosion;Conjuro de élite. El enemigo objetivo recibe 15..60 de daño de fuego. Si tienes más energía que el enemigo objetivo, ganas 1..8 de energía.;3;10;22;6;0;5;1;2;0;0;1;0;0;0;0;
1663;Llama elemental;Elementare Flamme;Conjuro con encantamiento. Durante 10..35 segundos, siempre que apliques un maleficio elemental a un enemigo, arderá durante 1..5 segundos.;3;10;23;6;0;10;1;30;0;0;0;0;0;0;0;
1664;Relámpago invocado;Blitz herbeirufen;Conjuro de élite. El enemigo objetivo y otros dos enemigos que se encuentren cerca recibirán 10..90 de daño de relámpago. Este conjuro tiene un 25% de penetración de armadura.;3;8;22;6;0;10;1;6;0;0;1;0;5;0;0;
1683;Guardián meditabundo;Nachdenklicher Wächter;Conjuro con encantamiento. Durante 5..11 segundos, el objetivo (un aliado o tú mismo) tiene un 50% de posibilidades de bloquear ataques de enemigos encantados.;3;15;23;3;0;5;1;5;0;0;0;0;0;0;0;
1684;Perspicacia del escriba;Einblick des Schreibers;Conjuro con encantamiento de élite. Durante 10..35 segundos, ganarás 3 de energía cada vez que uses un sello.;3;16;23;3;0;5;.25;20;0;0;1;0;0;0;0;
1685;Rapidez sagrada;Heilige Eile;Conjuro con encantamiento. Durante 1..60 segundos, lanzas un 50% más deprisa tus conjuros de plegarias curativas. Este encantamiento acabará si lanzas algún otro encantamiento.;3;16;23;3;0;5;1;10;0;0;0;0;0;0;0;
1686;Atisbo de luz;Lichtschimmer;Conjuro de élite. Curas 10..115 de salud al objetivo (un aliado o tú mismo).;3;13;22;3;0;5;.25;1;0;0;1;0;0;0;0;
1687;Bendición de celo;Eifrige Segnung;Conjuro de élite. Curas al objetivo (un aliado o tú mismo) 30..180 de salud. Si estaba por debajo del 50% de salud, ganarás 7 de energía.;3;15;22;3;0;10;.75;4;0;0;1;0;0;0;0;
1688;Celo del defensor;Eifer des Verteidigers;Conjuro con maleficio de élite. Durante 10..30 segundos, siempre que el enemigo objetivo ataque, ganarás 2 de energía.;3;14;24;3;0;5;1;5;0;0;1;0;0;0;0;
1689;Sello de ira mística;Siegel des mystischen Zorns;Sello. Haces 25 de daño sagrado al enemigo objetivo por cada encantamiento que tengas encima (máximo 30..120 de daño sagrado).;3;14;21;3;0;0;2;20;0;0;0;0;0;0;0;
1690;Sello de eliminación;Siegel der Entfernung;Sello de élite. Si el objetivo (un aliado o tú mismo) está bajo los efectos de un encantamiento, perderá un maleficio y una condición.;3;-1;21;3;0;0;.25;5;0;0;1;0;0;0;0;
1691;Terminar condición;Zustand aufheben;Conjuro. Quitas una condición al objetivo (un aliado o tú mismo). Si el objetivo está bajo los efectos de un encantamiento, se curará 15..75 de salud.;3;15;22;3;0;5;.75;3;0;0;0;0;0;0;0;
1692;Desviar maleficios;Verhexungen umleiten;Conjuro de élite. Quitas hasta 1..3 maleficios del objetivo (un aliado o tú mismo). Por cada uno que quites, perderá una condición y ganará 15..75 de salud.;3;15;22;3;0;5;.75;8;0;0;1;0;0;0;0;
1693;Contraataque;Gegenangriff;Ataque cuerpo a cuerpo. Si impacta este ataque, harás +5..35 daño. Si el enemigo estaba atacando, ganarás 2..6 de energía.;3;17;3;1;0;5;0;6;0;0;0;0;0;0;0;
1694;Golpe antihechizos;Magierschlag;Ataque cuerpo a cuerpo de élite. Si este ataque impacta, harás +7..25 de daño. Si el objetivo está bajo los efectos de un encantamiento, no lo podrá bloquear.;3;17;3;1;0;5;.5;3;0;0;1;0;0;0;0;
1695;Golpe del soldado;Soldatenstoß;Ataque cuerpo a cuerpo. Si este ataque impacta, harás +10..40 más de daño. Si estás bajo los efectos de un grito o cántico, no se podrá bloquear.;3;21;3;1;0;5;0;4;0;0;0;0;0;0;0;
1696;Decapitación;Köpfen;Ataque con hacha de élite. You lose all adrenaline and all Energy. This attack is unblockable, you deal +5..80 damage, and cause a Deep Wound for 5..20 seconds. This attack is always critical and if foe is killed, nearby foes are Weakened for 8 seconds.;3;18;4;1;0;0;0;0;7;0;1;0;0;0;0;
1697;Golpe del cazamagos;Magiejägerschmetterer;Ataque con martillo de élite. Si este ataque impacta, derribas al enemigo objetivo. Si éste está bajo los efectos de un encantamiento, no te podrá bloquear.;3;19;8;1;0;0;0;0;8;0;1;0;0;0;0;
1698;Actitud del soldado;Soldaten-Haltung;Actitud de élite. Durante 5..15 segundos, tienes un 75% de posibilidades de bloquear. Atacas un 33% más deprisa si estás bajo los efectos de un grito o cántico.;3;21;29;1;0;5;0;15;0;0;1;0;0;0;0;
1699;Defensa del soldado;Soldaten-Verteidigung;Actitud. Durante 1..6 segundos, tienes un 75% de probabilidades de bloquear ataques si estás bajo los efectos de un grito o cántico. Ganas 1 golpe de adrenalina por cada ataque bloqueado.;3;21;29;1;0;5;0;15;0;0;0;0;0;0;0;
1700;Defensa frenética;Fieberhafte Verteidigung;Actitud. Durante 8 segundos tienes un 75% de probabilidades de bloquear ataques, pero te harán el doble de daño.;3;-1;29;1;0;5;0;10;0;0;0;0;0;0;0;
1701;Actitud firme;Ruhige Haltung;Actitud de élite. Durante 10 segundos, la próxima vez que intenten derribarte, en lugar de ello ganas 1..4 golpes de adrenalina y 1..7 de energía.;3;21;29;1;0;5;0;4;0;0;1;0;0;0;0;
1702;Golpe de los colmillos de acero;Hieb des stählernen Fangzahns;Ataque con espada. Si este ataque impacta, harás +1..31 de daño. Si golpeas a un objetivo derribado, ganarás 1..5 de adrenalina.;3;20;10;1;0;0;0;1;7;0;0;0;0;0;0;
1719;Disparo estridente;Schreischuss;Ataque con arco. Si este ataque impacta, harás +10..25 de daño. Si tu objetivo está al alcance del oído, sufrirá una hemorragia durante 5..20 segundos.;3;25;2;2;0;10;0;8;0;0;0;0;0;0;0;
1720;Flecha afilada;Scharfer Pfeil;Ataque con arco. Si este ataque impacta, harás +5..20 de daño. Si es además un golpe crítico, harás +5..25 de daño adicional.;3;25;2;2;0;5;0;6;0;0;0;0;0;0;0;
1721;Violencia al unísono;Gemeinsam toben;Habilidad de élite. Durante 3..15 segundos, tú y tu mascota atacáis un 33% más rápido y os movéis un 25% más rápido también.;3;22;1;2;0;25;0;10;0;0;1;0;0;0;0;
1722;Flecha ahorquillada;Gegabelter Pfeil;Ataque con arco. Disparas dos flechas simultáneamente al enemigo objetivo. Si estás bajo los efectos de un maleficio o un encantamiento, sólo dispararás una flecha.;3;-1;2;2;0;10;0;5;0;0;0;0;0;0;0;
1723;Precisión interruptora;Unterbrechende Genauigkeit;Preparación["Preparaciones"]. Durante 36 segundos, siempre que consigas hacer un golpe crítico con tus flechas interrumpirás al enemigo.;3;25;17;2;0;5;2;12;0;0;0;0;0;0;0;
1724;Destreza del experto;Gewandtheit des Profis;Actitud de élite. Durante 1..20 segundos, atacas un 33% más deprisa y tu atributo puntería sube 2.;3;23;29;2;0;5;0;20;0;0;1;0;0;0;0;
1725;Vientos ruidosos;Tosender Wind;Ritual de la naturaleza. Creas un espíritu de nivel 1..10, que hará que los cánticos y gritos cuesten 1..5 más de energía. Morirá a los 30..180 segundos.;3;24;19;2;0;10;2;60;0;0;0;0;0;0;0;
1726;Disparo antimagos;Verderben des Magiers-Schuss;Ataque con arco de élite. Si impacta, este ataque interrumpe la acción del enemigo objetivo. Si la acción era un conjuro, quedará desactivado durante 10 segundos más. No se puede bloquear este ataque.;3;-1;2;2;0;10;.5;5;0;0;1;0;0;0;0;
1727;Zancada natural;Natürlicher Schwung;Actitud. Durante 1..8 segundos, corres un 33% más deprisa y tienes un 50% de posibilidades de bloquear ataques. La Zancada natural acaba si te echan un maleficio o un encantamiento.;3;24;29;2;0;5;0;12;0;0;0;0;0;0;0;
1728;Violencia del heket;Heket-Toben;Actitud. Durante 5..11 segundos, atacas un 33% más deprisa. Esta actitud termina si usas una habilidad de ataque.;3;22;29;2;0;5;0;10;0;0;0;0;0;0;0;
1729;Trampa de humo;Rauchfalle;Trampa de élite. Cuando se active esta trampa de humo, todos los enemigos situados en la zona quedarán cegados y atontados durante 5..10 segundos. La trampa de humo dura 90 segundos. Se te podrá interrumpir con facilidad mientras la coloques.;3;24;30;2;0;10;2;15;0;0;1;0;0;0;0;
1730;Calor indignante;Irritierende Hitze;Ritual de la naturaleza de élite. Creas un espíritu de nivel 1..10. Las criaturas no espíritus que estén en su zona ganarán adrenalina el doble de rápido. Morirá a los 30..120 segundos.;3;23;19;2;0;5;2;15;0;0;1;0;0;0;0;
1731;Elocuente sea Sogolon;Lautstark war Sogolon;Conjuro con objeto. Durante 60 segundos, todos los gritos y cánticos que uses durarán un 20..50% más.;3;33;25;8;0;10;1;30;0;0;0;0;0;0;0;
1732;Destructora sea Glaive;Vernichtend war Glaive;Conjuro con objeto de élite. Llevas las cenizas de Glaive durante 30..60 segundos. Mientras las lleves, todas las habilidades de Ritualista tienen 20% de penetración de armadura. Cuando las sueltes, todos los enemigos de la zona reciben 15..85 de daño de relámpago.;3;34;25;8;0;5;.75;5;0;0;1;0;0;0;0;
1733;Golpe del atacante;Stoß des Ausübers;Conjuro. El enemigo objetivo recibe 10..60 de daño de relámpago. Si estás bajo los efectos de un conjuro para armas, le harás 10..50 de daño de relámpago extra.;3;34;22;8;0;5;1;6;0;0;0;0;0;0;0;
1734;Mirada de furia;Wütendes Starren;Ritual con espíritus. Destruyes el espíritu objetivo y creas un espíritu de furia de nivel 1..14, cuyos ataques causan 5..20 de daño. Morirá a los 30..60 segundos.;3;34;18;8;0;10;.75;20;0;0;0;0;0;0;0;
1736;Fuerza espiritual;Geistesstärke;Conjuro con encantamiento de élite. Durante 15..60 segundos, tus ataques hacen 5..35 más de daño mientras estés bajo los efectos de un conjuro para arma.;3;36;23;8;0;5;1;20;0;0;1;0;0;0;0;
1737;Celo del atacante;Eifer des Ausübers;Conjuro con encantamiento de élite. Durante 10..40 segundos, cuando lances un conjuro con arma a algún aliado, ganarás 1..5 de energía.;3;36;23;8;0;5;1;10;0;0;1;0;0;0;0;
1738;Visión del más allá;Sicht jenseits der Sicht;Conjuro con encantamiento. Durante 8..20 segundos, no se te podrá cegar.;3;36;23;8;0;5;.25;15;0;0;0;0;0;0;0;
1739;Recuerdos renovadores;Erneuernde Erinnerungen;Conjuro con encantamiento. Durante 5..20 segundos, mientras lleves un objeto, los conjuros para armas y objetos que lances te costarán un 5..35% menos de energía.;3;36;23;8;0;5;1;20;0;0;0;0;0;0;0;
1740;Remedio del atacante;Mittel des Ausübers;Conjuro con encantamiento. Durante 10..30 segundos, cuando lances un conjuro para arma a algún aliado, este perderá 2 condiciones.;3;36;23;8;0;3;1;10;0;0;0;0;0;0;0;
1741;Luz de espejo fantasmal;Geisterspiegel-Licht;Conjuro. Curas a un aliado 15..90 de salud. Si estás al alcance del oído de un espíritu, tú te curarás también 15..90 de salud.;3;33;22;8;0;5;1;3;0;0;0;0;0;0;0;
1742;Sello de poder fantasmal;Siegel der Macht der Geister;Sello de élite. Durante 5..20 segundos, todos los espíritus al alcance del oído que controles atacan un 33% más rápido y hacen +5..10 de daño.;3;32;21;8;0;0;1;15;0;0;1;0;0;0;0;
1743;Sello de encadenamiento;Siegel der Bindung;Sello. Pierdes 200..50 de salud y asumes el control del espíritu objetivo controlado por el enemigo. (50% de posibilidades de fallar con engendramiento 4 o inferior.);3;36;21;8;0;0;2;15;0;0;0;0;0;0;0;
1744;Carga del cuidador;Angriff des Verwalters;Conjuro de élite. El enemigo objetivo recibe 20..85 de daño de relámpago. Si estás llevando algún objeto, ganas 7 de energía y 5..50 de salud.;3;34;22;8;0;5;1;4;0;0;1;0;0;0;0;
1745;Angustia;Qual;Ritual con espíritus. Creas un espíritu de nivel 1..11, cuyos ataques causan 5..20 de daño y hacen el doble de daño a los enemigos que tengan algún maleficio. Morirá a los 15..45 segundos.;3;32;18;8;0;15;.75;45;0;0;0;0;0;0;0;
1747;Fortalecimiento;Ermächtigung;Ritual con espíritus. Creas un espíritu de nivel 1..14. Todos los aliados dentro de su radio que lleven un objeto ganan 15..45 de salud y 10 de energía máxima. Este espíritu morirá a los 15..60 segundos.;3;36;18;8;0;5;.75;30;0;0;0;0;0;0;0;
1748;Mejoría;Gesundung;Ritual con espíritus. Creas un espíritu de nivel 1..14. Las condiciones que estén sufriendo los aliados de la zona terminarán un 20..50% más deprisa. Morirá a los 30..60 segundos.;3;33;18;8;0;15;.75;30;0;0;0;0;0;0;0;
1749;Arma de furia;Waffe der Wut;Conjuro con arma de élite. Durante 5..20 segundos, el objetivo (un aliado o tú mismo) gana 100% más de adrenalina y 1 de energía siempre que ataque con éxito.;3;34;27;8;0;5;1;8;0;0;1;0;0;0;0;
1750;Arma de Xinrae;Xinraes Waffe;Conjuro con arma de élite. Durante 8 segundos, la siguiente vez que el objetivo (un aliado o tú mismo) reciba daño de un enemigo, éste se reduce al 5% de la salud máxima del objetivo, que roba además 20..80 de salud del enemigo.;3;33;27;8;0;5;.25;3;0;0;1;0;0;0;0;
1751;Arma del militar;Waffe des Kriegshetzers;Conjuro con arma. Durante 3..13 segundos, si el objetivo (un aliado o tú mismo)ataca a un enemigo que no está atacando, le interrumpirá.;3;34;27;8;0;10;1;30;0;0;0;0;0;0;0;
1752;Arma de remedio;Waffe der Behebung;Conjuro con arma de élite. Durante 8 segundos, la siguiente vez que el objetivo aliado reciba daño o pierda vida debido al ataque de un enemigo, el aliado le robará 20..80 de salud al enemigo y perderá 2 condiciones.;3;33;27;8;0;3;.25;3;0;0;1;0;0;0;0;
1753;Barrido desgarrador;Zerreißender Schwung;Ataque con guadaña. Haces +5..20 de daño y pierdes un encantamiento de Derviche. Si se perdió un encantamiento, quitas uno de cada enemigo que golpees.;3;41;9;10;0;0;0;0;6;0;0;0;0;0;0;
1754;Acometida;Attacke;Conjuro con encantamiento de destello de élite. Durante 3..15 segundos, atacas, te mueves y acumulas adrenalina un 25% más rápido.;3;42;33;10;0;10;0;10;0;0;1;0;0;0;0;
1755;Corrupción mística;Mystische Verdorbenheit;Conjuro con encantamiento de destello. Todos los enemigos adyacentes sufren enfermedad durante 1..10 segundos. Durante 20 segundos, no ocurre nada. La duración de la enfermedad se dobla si estás encantado cuando activas esta habilidad. Cuando termina este encantamiento, todos los miembros del grupo que estén al alcance del oído se curan de la enfermedad.;3;44;33;10;0;5;0;10;0;0;0;0;0;0;0;
1756;Garra de Grenth;Grenths Griff;Conjuro con encantamiento de destello de élite. For 20 seconds, your attack skills also Cripple that foe for 1..11 seconds and you transfer 1..3 conditions from yourself to that foe.;3;42;33;10;0;5;0;10;0;0;1;0;0;0;0;
1757;Velo de espinas;Dornenschleier;Conjuro con encantamiento de destello. Cuando lanzas este encantamiento, todos los enemigos cercanos reciben 5..50 de daño perforante. Durante 5..25 segundos, recibes 5..35% menos daño de conjuros.;3;43;33;10;0;10;0;15;0;0;0;0;0;0;0;
1758;Garra del hostigador;Griff des Läufers;Conjuro con encantamiento de destello. Durante 5..20 segundos, los ataques contra los enemigos en movimiento también los dejarán lisiados durante 2..9 segundos. Cuando lanzas este encantamiento, pierdes la lisiadura y otra condición más. Este encantamiento termina después de causar lisiadura 1..3 veces.;3;42;33;10;0;10;0;15;0;0;0;0;0;0;0;
1759;Voto de fuerza;Gelübde der Stärke;Conjuro con encantamiento de élite. Durante 15 segundos, cuando ataques a un enemigo con tu guadaña, haces un 10..25 de daño cortante a todos los enemigos adyacentes.;3;43;23;10;0;5;.25;20;0;0;1;0;0;0;0;
1760;Aura de polvo de ébano;Ebon-Staubaura;Conjuro con encantamiento de destello de élite. Cuando lanzas este encantamiento, todos los enemigos cercanos quedan cegados durante 1..7 segundos. Durante 30 segundos, si llevas un arma de tierra, tus ataques cuerpo a cuerpo hacen +3..30 de daño de tierra. Cuando termina este encantamiento, tu ceguera se cura.;3;43;33;10;0;10;0;20;0;0;1;0;0;0;0;
1761;Voto de celo;Eifriges Gelübde;Conjuro con encantamiento de élite. Durante 20 segundos, tienes una regeneración de energía de -2 y ganas 1..6 de energía cada vez que golpees con un ataque.;3;42;23;10;0;5;.25;12;0;0;1;0;0;0;0;
1762;Corazón de furia;Herz der Wut;Actitud. Durante 2..10 segundos, atacas un 25% más rápido.;3;44;29;10;0;0;0;0;3.2;0;0;0;0;0;0;
1763;Renovación de celo;Eifrige Erneuerung;Conjuro con encantamiento de destello. Todos los enemigos cercanos reciben 5..30 de daño sagrado. Durante 5..25 segundos, tienes -1 de regeneración de energía y ganas 1 de energía cada vez que golpeas a un enemigo. Si este maleficio acaba prematuramente, ganas 1..5 de energía.;3;44;33;10;0;5;0;10;0;0;0;0;0;0;0;
1764;Perspicacia del atacante;Einblick des Angreifers;Conjuro con encantamiento de destello. Durante 3..10 segundos, tienes un 50% de posibilidades de bloquear mientras se ataca. Cuando termina este encantamiento, todos los enemigos adyacentes quedan debilitados durante 3..15 segundos.;3;42;33;10;0;10;0;10;0;0;0;0;0;0;0;
1765;Aura desgarradora;Zerreißende Aura;Conjuro con encantamiento de destello. Cuando lanzas este encantamiento, todos los enemigos cercanos reciben 10..40 de daño de frío. Durante 30 segundos, tus habilidades de ataque quitan encantamientos a los enemigos derribados. Cuando termina este encantamiento, todos los enemigos cercanos tienen la armadura rota durante 1..10 segundos.;3;42;33;10;0;10;0;10;0;0;0;0;0;0;0;
1766;Gracia del pie con plumas;Anmut des Federfußes;Conjuro con encantamiento. Durante 5..20 segundos, te mueves un 25% más rápido y las condiciones desaparecen un 50% antes.;3;42;23;10;0;10;.25;15;0;0;0;0;0;0;0;
1767;Barrido del segador;Schwung des Schnitters;Ataque con guadaña de élite. Si este ataque impacta, causarás lisiadura a tu objetivo durante 3..15 segundos. Pierdes un encantamiento de Derviche. Si se quitó un encantamiento, este ataque derriba durante 2..3 segundos.;3;41;9;10;0;0;0;0;7;0;1;0;0;0;0;
1768;Rapidez del hostigador;Eile des Läufers;Conjuro con encantamiento de destello. Durante 2..8 segundos, te mueves un 25% más rápido y haces +3..12 de daño contra los enemigos en movimiento.;3;42;33;10;0;10;0;10;0;0;0;0;0;0;0;
1769;Enfado dirigido;Konzentrierter Zorn;Habilidad de élite. Durante 45 segundos, ganas un 0..150% más de adrenalina.;3;40;1;9;0;10;0;45;0;0;1;0;0;0;0;
1770;Temperamento natural;Natürliche Laune;Habilidad. Durante 4..15 segundos, ganas un 33% más de adrenalina mientras no estés bajo los efectos de ningún encantamiento.;3;40;1;9;0;0;0;0;3;0;0;0;0;0;0;
1771;Canción de la restauración;Gesang der Wiederherstellung;Cántico de élite. Durante 10 segundos, la próxima vez que algún miembro del grupo al alcance del oído use una habilidad, se curará 45..110 de salud.;3;39;13;9;0;10;1;10;0;0;1;0;0;0;0;
1772;Lírica de purificación;Lyrik der Läuterung;Cántico. Durante 5..20 segundos, la próxima vez que algún aliado al alcance del oído use un sello, se curará 1 condición.;3;39;13;9;0;5;1;10;0;0;0;0;0;0;0;
1773;Furia del soldado;Wut des Soldaten;Eco de élite. Durante 10..35 segundos, si estás bajo los efectos de un cántico o grito, atacas un 33% más deprisa y ganas 33% más de adrenalina, pero tienes -20 de armadura.;3;40;14;9;0;5;1;5;0;0;1;0;0;0;0;
1774;Estribillo agresivo;Aggressiver Refrain;Eco. Durante 5..25 segundos, atacas un 25% más rápido pero tienes -20 de armadura. Este eco se reactivará cada vez que los efectos de un cántico o grito te alcancen.;3;40;14;9;0;15;1;20;0;0;0;0;0;0;0;
1775;Final vigorizante;Energie bringendes Finale;Eco. Durante 10..35 segundos, cada vez que los efectos de un grito o cántico terminen en el aliado objetivo no espíritu, éste ganará 1..2 de energía.;3;39;14;9;0;10;1;5;0;0;0;0;0;0;0;
1776;Sello de agresión;Siegel der Aggression;Sello. Si estás bajo los efectos de un grito o cántico, ganarás 2 de adrenalina.;3;-1;21;9;0;0;1;5;0;0;0;0;0;0;0;
1777;Sello del remedio;Heilmittel-Siegel;Sello. Pierdes 1 condición.;3;-1;21;9;0;0;1;4;0;0;0;0;0;0;0;
1778;Sello del retorno;Siegel der Wiederkehr;Sello. Resucitas al aliado objetivo con 5..20% de salud y 1..4% de energía por cada miembro del grupo al alcance del oído.;3;40;21;9;0;0;4;5;0;0;0;0;0;0;0;
1779;"¡Esta es la nuestra!";"Nehmt Euch Zeit!";Grito. Ganas 2 de adrenalina por cada miembro del grupo al alcance del oído (máximo 1..8 de adrenalina).;3;40;20;9;0;10;0;10;0;0;0;0;0;0;0;
1780;"¡No nos toquéis!";"Darf nicht angerührt werden!";Grito. Durante 20 segundos, las siguientes habilidads de toque 1..5 contra ti fallarán.;3;38;20;9;0;5;0;10;0;0;0;0;0;0;0;
1781;"¡A por su punto débil!";"Findet ihren Schwachpunkt!";Grito. Durante 5..20 segundos, la próxima vez que el aliado objetivo ataque, causará +5..50 de daño y hará una herida grave que durará 5..20 segundos.;3;38;20;9;0;10;0;15;0;0;0;0;0;0;0;
1782;"¡El poder es vuestro!";"Die Macht ist Euer!";Grito de élite. Durante 2..4 segundos, todos los aliados al alcance del oído ganan +1..2 de regeneración de energía.;3;39;20;9;0;0;0;0;4;0;1;0;0;0;0;
1783;Lanza del homicida;Speer des Würgers;Ataque con lanza. Si este ataque impacta, harás +5..25 de daño al enemigo. Si éste tiene más salud que tú, le harás una herida grave que durará 5..20 segundos.;3;37;12;9;0;10;0;4;0;0;0;0;0;0;0;
1784;Jabalina ligera;Schneller Speer;Ataque con lanza. Si este ataque impacta, harás +5..20 de daño. Si estás bajo los efectos de un encantamiento, la jabalina irá el doble de rápido y no se podrá bloquear.;3;37;12;9;0;5;0;10;0;0;0;0;0;0;0;
1814;Mirada del Iluminador;Blick des Lichtbringers;Habilidad. Haces 100 de daño sagrado al demonio de Abaddon objetivo y le interrumpes. Esta habilidad golpeará a un enemigo adicional por cada rango de Iluminador que hayas conseguido. Esta habilidad estará desactivada durante 15 segundos después de usarse.;3;-3;1;0;0;5;1;15;0;0;0;1;0;0;0;
1815;Sello del Iluminador;Lichtbringer-Siegel;Sello. Si estás dentro de la zona de un demonio de Abaddon, ganarás 3..5 de adrenalina y 16..24 de energía.;3;-3;21;0;0;0;.25;25;0;0;0;1;0;0;0;
1816;Sello de renacimiento de los Lanceros;Sonnenspeer-Wiedergeburtssiegel;Sello. Resucitas al miembro del grupo objetivo en tu posición con toda la salud y 10% de energía por cada rango de Lancero que hayas conseguido. Este sello sólo se puede usar una vez por misión a menos que lo recargue un aumento de moral.;3;-2;21;0;0;0;3;0;0;0;0;1;0;0;0;
1948;Santuario sombrío;Schattenzuflucht (Luxon);Conjuro con encantamiento. Quedas cegado durante 5 segundos. Además, durante 10 segundos, ganas 7..10 de regeneración de salud y +40 de armadura.;2;-4;23;7;0;5;.25;30;0;0;0;1;0;0;0;
1949;Pesadilla de éter;Äther-Alptraum (Luxon);Conjuro con maleficio. El enemigo objetivo pierde 5..8 de energía. Por cada punto de energía que pierda así, ese enemigo y todos los que estén en la zona sufrirán una degeneración de salud de -1 durante 10 segundos.;2;-4;24;5;0;10;3;25;0;0;0;1;0;0;0;
1950;Sello de corrupción;Siegel der Verdorbenheit (Luxon);Sello. Haces 20..30 de daño al enemigo objetivo y todos los cercanos. Por cada enemigo que tenga una condición o maleficio, ganas 2 de energía (máximo 12..20 de energía).;2;-4;21;4;0;0;1;20;0;0;0;1;0;0;0;
1951;Señor elemental;Elementarlord (Luxon);Conjuro con encantamiento. Durante 40..60 segundos, tus atributos de los elementos aumentan en 1 punto. Cada vez que lances un conjuro, ganas 1 de energía por cada 10 rangos de almacenamiento de energía y además te curas el 100..300% del coste de energía del conjuro.;2;-4;23;6;0;5;.25;45;0;0;0;1;0;0;0;
1952;Espíritu caritativo;Selbstloser Geist (Luxon);Conjuro con encantamiento. Durante 15..20 segundos, los conjuros cuyo objetivo sea otro aliado te costarán 3 menos de energía.;2;-4;23;3;0;5;.25;45;0;0;0;1;0;0;0;
1953;Disparo triple;Dreifachschuss (Luxon);Ataque con arco. Disparas 3 flechas simultáneamente al enemigo objetivo. Estas flechas hacen un 40..25% menos de daño.;2;-4;2;2;0;10;0;10;0;0;0;1;0;0;0;
1954;"¡Poneos a salvo!";"Rettet Euch selbst!" (Luxon);Grito. Durante 4..6 segundos, todos compañeros de equipo ganan +100 de armadura.;2;-4;20;1;0;0;0;0;8;0;0;1;0;0;0;
1955;Aura del poder divino;Aura der Heiligen Macht (Luxon);Conjuro con encantamiento. Durante (45 segundos), haces 20..25 de daño sagrado a todos los enemigos adyacentes cuando pierdes un encantamiento de Derviche.;2;-4;23;10;0;10;.75;30;0;0;0;1;0;0;0;
1957;Lanza de furia;Speer der Wut (Luxon);Ataque con lanza. Este ataque hace +30..40 de daño. Si impacta a un enemigo padeciendo alguna condición, ganarás 3..6 de adrenalina.;2;-4;12;9;0;5;1;8;0;0;0;1;0;0;0;
1986;Asalto vampírico;Vampirangriff;Ataque doble. Debe ir precedido de un ataque complementario. Si este ataque impacta, robas 10..40 de salud.;4;30;7;7;0;5;0;8;0;0;0;0;0;0;0;
1987;Ataque de loto;Lotus-Stoß;Ataque complementario. Debe ir precedido de un ataque inicial. Si impacta, este ataque hace +10..25 de daño y ganas 5..20 de energía.;4;29;6;7;0;10;0;12;0;0;0;0;0;0;0;
1988;Ataque del colmillo dorado;Goldfangstoß;Ataque complementario. Debe ir precedido de un ataque inicial. Si estás bajo los efectos de un encantamiento y este ataque impacta, el enemigo objetivo sufrirá una herida grave durante 5..20 segundos.;4;29;6;7;0;5;0;4;0;0;0;0;0;0;0;
1990;Ataque de loto caída;Fallender Lotus-Stoß;Ataque complementario. Debe alcanzar a un enemigo derribado. Si impacta, hará +15..35 de daño y ganarás 1..12 de energía.;4;29;6;7;0;5;0;8;0;0;0;0;0;0;0;
1991;Sello del sádico;Siegel des Sadisten;Sello. Ganas 10..45 de salud por cada condición que sufra el enemigo objetivo.;4;30;21;7;0;0;1;8;0;0;0;0;0;0;0;
1992;Sello de distracción;Siegel der Ablenkung;Sello. Si el enemigo objetivo está lanzando un conjuro, éste se interrumpirá y estará desactivado durante 1..5 segundos por cada sello que lleves.;4;2;21;5;0;0;.25;15;0;0;0;0;0;0;0;
1993;Sello del recuerdo;Siegel der Zurückrufung;Sello. Durante 6 segundos, tienes -4 de regeneración de energía. Cuando este efecto acabe, ganas 13..20 de energía.;4;3;21;5;0;0;.25;20;0;0;0;0;0;0;0;
1994;Cerrojo de poder;Kraftsperre;Conjuro. Si el enemigo objetivo está lanzando un conjuro o cántico, éste se interrumpirá y estará desactivado durante 5..13 segundos más.;4;2;22;5;0;5;.25;20;0;0;0;0;0;0;0;
1995;Quien no derrocha, no necesita;Spare in der Zeit ...;Conjuro. Si el enemigo objetivo no está lanzando un conjuro ni atacando, ganarás 8..13 de energía.;4;3;22;5;0;5;.25;15;0;0;0;0;0;0;0;
1996;Suma de todos los temores;Summe aller Ängste;Conjuro con maleficio. Durante 4..12 segundos, el enemigo objetivo se mueve, ataca y lanza conjuros un 33% más lento.;4;1;24;5;0;10;1.5;10;0;0;0;0;0;0;0;
1997;Aura desdeñosa;Verkümmernde Aura;Conjuro con encantamiento. Durante 5..20 segundos, los ataques cuerpo a cuerpo del aliado objetivo causan debilitamiento durante 5..20 segundos.;4;5;23;4;0;5;1;3;0;0;0;0;0;0;0;
1998;Cacofonía;Kakophonie;Conjuro con maleficio. Durante 15 segundos, cada vez que el enemigo objetivo use un grito o un cántico, recibirá 30..105 de daño.;4;7;24;4;0;10;1;15;0;0;0;0;0;0;0;
1999;Abrazo de invierno;Umarmung des Winters;Conjuro con maleficio. Durante 2..6 segundos, el enemigo objetivo se mueve un 66% más despacio y sufre 5..15 de daño mientras se mueva.;4;11;24;6;0;10;.75;15;0;0;0;0;0;0;0;
2000;Grilletes de tierra;Irdene Fesseln;Conjuro con maleficio. Durante 3 segundos, el enemigo objetivo y los cercanos se mueven un 90% más despacio. Cuando Grilletes de tierra termina, aplica debilitamiento durante 5..20 segundos.;4;9;24;6;0;10;1;15;0;0;0;0;0;0;0;
2001;Protección de debilidad;Kreis der Schwäche;Conjuro de protección. Creas una Protección de debilidad en tu ubicación actual. Durante 5..20 segundos, los enemigos del área sufren debilitamiento durante 5..segundos cuando reciban daño de los elementos.;4;9;26;6;0;5;1;20;0;0;0;0;0;0;0;
2002;Glifo de rapidez;Glyphe der Schnelligkeit;Glifo. Durante 15 segundos, tus próximos conjuros (1..5) se recargan un 25% más rápido y sus proyectiles se mueven un 200% más deprisa.;4;8;16;6;0;5;1;10;0;0;0;0;0;0;0;
2003;Curar maleficio;Verhexung heilen;Conjuro. Eliminas un maleficio del objetivo (un aliado o tú mismo). Al hacerlo, ese aliado se cura 30..100 de salud.;4;13;22;3;0;5;1;12;0;0;0;0;0;0;0;
2004;Condición atacante;Zustand zerschlagen;Conjuro. Eliminas una condición del objetivo (un aliado o tú mismo). Al hacerlo, los enemigos de la zona reciben 10..60 de daño sagrado.;4;14;22;3;0;5;1;7;0;0;0;0;0;0;0;
2005;Bendición del atacante;Segen des Peinigers;Conjuro con encantamiento. Durante 30 segundos, tus plegarias de ataque tienen un extra doble de favor divino.;4;16;23;3;0;5;.25;10;0;0;0;0;0;0;0;
2006;Sello de castigo;Geißelungs-Siegel;Sello. Haces 26..56 de daño sagrado al enemigo objetivo. Si estaba atacando, ganas 4..14 de energía.;4;14;21;3;0;0;1;15;0;0;0;0;0;0;0;
2007;Velo purificador;Reinigender Schleier;Conjuro con encantamiento. Mientras mantengas este encantamiento, las condiciones acaban un 5..50% antes en el aliado objetivo. Cuando este encantamiento acabe, ese objetivo se quita una condición.;4;15;23;3;-1;5;1;6;0;0;0;0;0;0;0;
2008;Golpe pulverizador;Zermalmender Schlag;Ataque con martillo. Si alcanzas a un enemigo derribado, sufrirá debilitamiento y una herida grave durante 5..20 segundos.;4;19;8;1;0;0;0;0;3.2;0;0;0;0;0;0;
2009;Hachazo vivaz;Verwegener Hieb;Ataque con hacha. Si impacta, este ataque es siempre un golpe crítico.;4;18;4;1;0;0;0;0;3;0;0;0;0;0;0;
2010;Cortarodillas;Knieschneider;Ataque con espada. Si este ataque impacta a un enemigo lisiado, ganas 2..7 de energía y 1..3 golpes de adrenalina.;4;20;10;1;0;0;0;1;4.8;0;0;0;0;0;0;
2011;Pulso;Raufen;Habilidad. Tú y el enemigo al que toques sois derribados. Pierdes la actitud que tengas en este momento.;4;-1;1;1;0;5;.75;8;0;0;0;0;0;0;0;
2012;Guadaña radiante;Strahlende Sense;Ataque con guadaña. Este ataque hace +1 de daño por cada punto de energía que tengas (máximo 5..30 de daño). Ganas 1..7 de energía si el ataque impacta.;4;41;9;10;0;0;0;0;6;0;0;0;0;0;0;
2013;Aura de Grenth;Grenths Aura;Conjuro con encantamiento de destello. Durante 20 segundos, haces 5..25 menos de daño y robas 5..25 de salud cada vez que atacas con guadaña. Cuando lanzas este encantamiento, robas 5..25 de salud a todos los enemigos adyacentes.;4;42;33;10;0;10;0;10;0;0;0;0;0;0;0;
2014;Sello de retención piadosa;Siegel der frommen Zurückhaltung;Sello. Quita un encantamiento de Derviche. El enemigo objetivo se queda lisiado durante 5..15 segundos. Si se quitó un encantamiento, todos los enemigos de la zona del objetivo también quedan lisiados y este sello se recarga un 75 % más rápido.;4;42;21;10;0;0;1;10;0;0;0;0;0;0;0;
2015;Guadaña de granjero;Sense des Bauern;Ataque con guadaña. Si impacta, este ataque hará +5..20 de daño. Si alcanzas a más de un enemigo, se recargará de forma instantánea.;4;41;9;10;0;5;0;12;0;0;0;0;0;0;0;
2016;Vigoroso sea Lee Sa;Energisch war Lee Sa;Conjuro con objeto. Llevas las cenizas de Lee Sa durante 5..15 segundos. Mientras, ganarás +2 de regeneración de energía. Cuando las sueltes, ganarás +1..10 de energía.;4;36;25;8;0;10;2;20;0;0;0;0;0;0;0;
2017;Himno de debilidad;Hymne der Müdigkeit;Cántico. Durante 8 segundos, la siguiente habilidad de ataque que usen los aliados al alcance del oído causa también debilitamiento durante 1..16 segundos.;4;38;13;9;0;5;1;10;0;0;0;0;0;0;0;
2018;Himno de interrupción;Hymne der Störung;Cántico. Durante 1..10 segundos, la siguiente habilidad de ataque que usen los aliados al alcance del oído interrumpe también.;4;38;13;9;0;10;1;15;0;0;0;0;0;0;0;
2051;Invocar espíritus;Geister herbeirufen (Luxon);Conjuro. Todos los espíritus que controles dan un paso sombrío hasta tu ubicación y ganan 60..100 de salud.;2;-4;22;8;0;5;.25;5;0;0;0;1;0;0;0;
2052;Colmillo sombrío;Schattenfangzahn;Conjuro con maleficio. Das un paso sombrío hasta el enemigo objetivo. Durante 10 segundos, este maleficio no hace nada. Cuando acabe, volverás a tu ubicación original y el enemigo sufrirá una herida grave durante 5..20 segundos.;4;30;24;7;0;10;.25;20;0;0;0;0;0;0;0;
2053;Riesgo calculado;Kalkuliertes Risiko;Conjuro con maleficio. Durante 3..24 segundos, los ataques del enemigo objetivo hacen +10 de daño, pero hay un 50% de posibilidades de que dicho enemigo reciba el daño realizado con cada ataque. (Máximo 15..100 de daño.);4;1;24;5;0;5;1;7;0;0;0;0;0;0;0;
2054;Armadura encogida;Schrumpfende Rüstung;Conjuro con maleficio. Durante 10 segundos, el enemigo objetivo sufre -1..4 de degeneración de salud. Cuando este maleficio termine, tendrá la armadura rota durante 5..20 segundos.;4;1;24;5;0;5;1;8;0;0;0;0;0;0;0;
2055;Aneurisma;Aneurysma;Conjuro. El enemigo objetivo recupera toda la energía. Por cada punto de energía que recupere, el enemigo recibe 1..3 de daño y los enemigos adyacentes a él pierden 1 de energía. (Máximo 1..30 de energía perdida).;4;2;22;5;0;5;1;5;0;0;0;0;0;0;0;
2056;Ojo errante;Wanderndes Auge;Conjuro con maleficio. Durante 4 segundos, la próxima vez que el enemigo objetivo ataque, le interrumpirás y todos los enemigos cercanos recibirán 30..110 de daño.;4;1;24;5;0;5;2;12;0;0;0;0;0;0;0;
2057;Festín corrupto;Widerliches Gelage;Conjuro. Todas las condiciones se transfieren del aliado objetivo a ti mismo. Por cada condición adquirida de esta manera, ganas 0..45 de salud y 2..4 de energía. Esta habilidad se recarga dos veces más rápido si quitas la enfermedad de tu objetivo.;4;6;22;4;0;5;.25;4;0;0;0;0;0;0;0;
2058;Bilis putrefacta;Verwesende Galle;Conjuro con maleficio. Durante 5..25 segundos, el enemigo objetivo sufre -1..3 de degeneración de salud. Si muere mientras estaba bajo los efectos de este maleficio, los enemigos cercanos recibirán 25..85 de daño.;4;5;24;4;0;10;1;12;0;0;0;0;0;0;0;
2059;Descarga de caparazón;Kriegsneurose;Conjuro. El enemigo objetivo recibe 10..30 de daño de relámpago y tiene la armadura rota durante 5..20 segundos. Este conjuro tiene un 25% de penetración de armadura. Si estás sobrelanzando, este conjuro golpea a los enemigos adyacentes.;4;8;22;6;0;5;1;8;0;0;0;0;0;0;0;
2060;Glifo de inmolación;Glyphe der Aufopferung;Glifo. Durante 15 segundos, tus siguientes conjuros lanzados contra un enemigo (1..4) también causan quemadura durante 1..4 segundos.;4;10;16;6;0;5;1;10;0;0;0;0;0;0;0;
2061;Espíritu paciente;Geduldiger Geist;Conjuro con encantamiento. Durante 2 segundos, el aliado objetivo queda encantado con Espíritu paciente. A menos que el encantamiento termine antes de tiempo, el aliado recibe 30..120 de salud como efecto final.;4;13;23;3;0;5;.25;4;0;0;0;0;0;0;0;
2062;Cinta curadora;Heilendes Band;Conjuro. Curas al aliado objetivo 20..110 de salud. Hasta 2 aliados adicionales cercanos al objetivo se curan 10..100 de salud.;4;13;22;3;0;10;1;5;0;0;0;0;0;0;0;
2063;Aura de estabilidad;Aura der Stabilität;Conjuro con encantamiento. Durante 3..8 segundos, no podrán derribar al aliado objetivo.;4;15;23;3;0;5;.25;12;0;0;0;0;0;0;0;
2064;Mente pura;Makelloser Verstand;Conjuro con encantamiento. Durante 1..15 segundos, el aliado objetivo pierde un maleficio cada 5 segundos.;4;13;23;3;0;5;.25;12;0;0;0;0;0;0;0;
2065;Alma pura;Makellose Seele;Conjuro con encantamiento. Durante 1..15 segundos, el aliado objetivo pierde una condición cada 3 segundos.;4;13;23;3;0;5;.25;12;0;0;0;0;0;0;0;
2066;Desarme;Entwaffnen;Ataque con espada. Interrumpes la acción del enemigo. Si éste estaba atacando, todas sus habilidades de ataque estarán desactivadas durante 0..3 segundos.;4;17;10;1;0;5;.5;20;0;0;0;0;0;0;0;
2067;"¡Quería hacerlo!";"Das war Absicht!";Grito. Si te derriban, ganas 1..6 golpes de adrenalina.;4;17;20;1;0;5;0;8;0;0;0;0;0;0;0;
2068;Fuego rápido;Schnellfeuer;Preparación["Preparaciones"]. Durante 5..25 segundos, atacas un 33% más rápido con el arco.;4;25;17;2;0;5;2;12;0;0;0;0;0;0;0;
2069;Disparo del cazador perezoso;Schuss des Faultierjägers;Ataque con arco. Si este ataque impacta, el enemigo objetivo recibe +10..25 de daño. Si no estaba usando ninguna habilidad, este disparo hará +10..35 de daño extra.;4;25;2;2;0;10;0;8;0;0;0;0;0;0;0;
2070;Rebanador de auras;Auraschneider;Ataque cuerpo a cuerpo. Si este ataque impacta, causarás hemorragia durante 5..15 segundos. Si estás encantado, también causas armadura rota durante 1..10 segundos.;4;44;3;10;0;0;0;0;3.2;0;0;0;0;0;0;
2071;Barrido celoso;Eifriger Schwung;Ataque con guadaña. Si impacta, este ataque hace +5..20 de daño. Ganas 3 de energía y 1 de adrenalina por cada enemigo que golpees.;4;41;9;10;0;5;0;10;0;0;0;0;0;0;0;
2072;Puro sea Li Ming;Rein war Li Ming;Conjuro con objeto. Llevas las cenizas de Li Ming durante 5..20 segundos. Mientras, las condiciones que sufras se quitarán un 10..50% antes. Cuando las sueltes, todos los aliados al alcance del oído perderán 1..4 condición["condiciones"].;4;33;25;8;0;5;1;20;0;0;0;0;0;0;0;
2073;Arma de agresión;Waffe der Aggression;Conjuro con arma. Durante 5..15 segundos, atacas un 25% más rápido.;4;34;27;8;0;10;.25;10;0;0;0;0;0;0;0;
2074;Aplastador de pectorales;Brusttrommler;Ataque con lanza. Si este ataque impacta a un enemigo con la armadura rota, sufrirá una herida grave durante 5..20 segundos.;4;37;12;9;0;5;0;5;0;0;0;0;0;0;0;
2075;Estribillo apresurado;Hastiger Refrain;Eco. Durante 8..20 segundos, el objetivo (un aliado o tú mismo) se mueve un 25% más deprisa. Este eco se reactivará cada vez que los efectos de un grito o cántico terminen en él.;4;40;14;9;0;5;1;10;0;0;0;0;0;0;0;
2091;Santuario sombrío;Schattenzuflucht (Kurzick);Conjuro con encantamiento. Quedas cegado durante 5 segundos. Además, durante 10 segundos, ganas +7..10 de regeneración de salud y +40 de armadura.;2;-5;23;7;0;5;.25;30;0;0;0;1;0;0;0;
2092;Pesadilla de éter;Äther-Alptraum (Kurzick);Conjuro con maleficio. El enemigo objetivo pierde 5..8 de energía. Por cada punto de energía que pierda así, ese enemigo y todos los que estén en la zona sufrirán una degeneración de salud de -1 durante 10 segundos.;2;-5;24;5;0;10;3;25;0;0;0;1;0;0;0;
2093;Sello de corrupción;Siegel der Verdorbenheit (Kurzick);Sello. Haces 20..30 de daño al enemigo objetivo y todos los cercanos. Por cada enemigo que tenga una condición o maleficio, ganas 2 de energía (máximo 12..20 de energía).;2;-5;21;4;0;0;1;20;0;0;0;1;0;0;0;
2094;Señor elemental;Elementarlord (Kurzick);Conjuro con encantamiento. Durante 40..60 segundos, tus atributos de los elementos aumentan en 1 punto. Cada vez que lances un conjuro, ganas 1 de energía por cada 10 rangos de almacenamiento de energía y además te curas el 100..300% del coste de energía del conjuro.;2;-5;23;6;0;5;.25;45;0;0;0;1;0;0;0;
2095;Espíritu caritativo;Selbstloser Geist (Kurzick);Conjuro con encantamiento. Durante 15..20 segundos, los conjuros cuyo objetivo sea otro aliado te costarán 3 menos de energía.;2;-5;23;3;0;5;.25;45;0;0;0;1;0;0;0;
2096;Disparo triple;Dreifachschuss (Kurzick);Ataque con arco. Disparas 3 flechas simultáneamente al enemigo objetivo. Estas flechas hacen un 40..25% menos de daño.;2;-5;2;2;0;10;0;10;0;0;0;1;0;0;0;
2097;"¡Poneos a salvo!";"Rettet Euch selbst!" (Kurzick);Grito. Durante 4..6 segundos, los demás compañeros de equipo ganan +100 de armadura.;2;-5;20;1;0;0;0;0;8;0;0;1;0;0;0;
2098;Aura del poder divino;Aura der Heiligen Macht (Kurzick);Conjuro con encantamiento. Durante (45 segundos), haces 20..25 de daño sagrado a todos los enemigos adyacentes cuando pierdes un encantamiento de Derviche.;2;-5;23;10;0;10;.75;30;0;0;0;1;0;0;0;
2099;Lanza de furia;Speer der Wut (Kurzick);Ataque con lanza. Este ataque hace +30..40 de daño. Si impacta a un enemigo padeciendo alguna condición, ganarás 3..6 de adrenalina.;2;-5;12;9;0;5;1;8;0;0;0;1;0;0;0;
2100;Invocar espíritus;Geister herbeirufen (Kurzick);Conjuro. Todos los espíritus que controles dan un paso sombrío hasta tu ubicación y ganan 60..100 de salud.;2;-5;22;8;0;5;.25;5;0;0;0;1;0;0;0;
2101;Agilidad crítica;Kritische Beweglichkeit;Conjuro con encantamiento. Durante 4 segundos y 1 segundo extra por cada nivel de golpes críticos que tengas, atacas un 33% más deprisa y tienes +15..25 de armadura. Esta habilidad se reactivará cada vez que hagas un golpe crítico.;3;-2;23;7;0;5;1;30;0;0;0;1;0;0;0;
2102;Grito de dolor;Schmerzensschrei;Conjuro. Interrumpes la habilidad del enemigo objetivo. Si éste ya padecía un maleficio de Hipnotizador, dicho enemigo y todos los enemigos de la zona recibirán 25..50 de daño y sufrirán 3..5 de degeneración de salud durante 10 segundos.;3;-2;22;5;0;10;.25;15;0;0;0;1;0;0;0;
2103;Necrosis;Nekrose;Habilidad. Si el enemigo objetivo está sufriendo una condición o maleficio, le harás 60..90 de daño.;3;-2;1;4;0;5;1;2;0;0;0;1;0;0;0;
2104;Intensidad;Intensität;Habilidad. Durante 10 segundos, la próxima vez que causes daño elemental con un conjuro a un objetivo, todos los demás enemigos de la zona recibirán un 60..70% de ese daño.;3;-2;1;6;0;5;0;10;0;0;0;1;0;0;0;
2105;Semilla de vida;Lebenssaat;Conjuro con encantamiento. Durante 2..5 segundos, cada vez que el aliado objetivo recibe daño, todos los miembros del grupo recuperan 2 de salud por cada nivel de favor divino.;3;-2;23;3;0;5;.25;20;0;0;0;1;0;0;0;
2107;Ataque en torbellino;Wirbelsturmangriff;Ataque cuerpo a cuerpo. Atacas al enemigo objetivo y a los adyacentes. Cada ataque hace +13..20 de daño.;3;-2;3;1;0;0;0;1;5.2;0;0;1;0;0;0;
2108;Nunca embistes solo;Tobt niemals allein;Habilidad. Durante 18..25 segundos, tú y tu mascota atacáis un 25% más deprisa y tenéis +1..3 de regeneración de salud.;3;-2;1;2;0;15;0;20;0;0;0;1;0;0;0;
2109;Aura eterna;Ewige Aura;Conjuro con encantamiento. Tienes +100 de salud máxima. Cuando termine este encantamiento, todos los miembros del grupo que estén en el área resucitarán con 40..50% de salud y 20..30% de energía.;3;-2;23;10;0;15;4;30;0;0;0;1;0;0;0;
2110;Vampirismo;Vampirismus;Ritual con espíritus. Creas un espíritu de nivel 4..14 que morirá a los 75..150 segundos. Los ataques de este espíritu roban 10..20 de salud y tú te curas 10..20.;3;-2;18;8;0;10;.75;30;0;0;0;1;0;0;0;
2112;"¡No hay nada que temer!";"Es gibt nichts zu befürchten!";Grito. Durante 4 segundos más 1 segundo extra por cada 2 niveles de liderazgo que tengas, todos los miembros del grupo al alcance del oído reciben un 20..35% menos de daño. Cuando este grito acabe, los miembros del grupo afectados se curarán 35..60 de salud.;3;-2;20;9;0;15;0;20;0;0;0;1;0;0;0;
2116;Ataque escurridizo;Überraschungsangriff;Ataque cuerpo a cuerpo. Si este ataque impacta, el enemigo objetivo queda cegado durante 5..8 segundos. Este ataque cuenta como un ataque inicial.;4;-8;3;0;0;5;0;5;0;0;0;1;0;0;0;
2135;Buey pisoteador;Trampelnder Ochse;Ataque doble. Debe ir precedido de un ataque complementario. Si impacta, harás +5..20 de daño. Si alcanzas a un enemigo lisiado, le derribirás.;4;29;7;7;0;5;0;8;0;0;0;0;0;0;0;
2136;Polvo de humo defensivo;Rauchpulver-Verteidigung;Actitud. Durante 8 segundos, la próxima vez que te golpeen, recibes la mitad del daño y todos los enemigos cercanos quedan cegados durante 2..6 segundos.;4;31;29;7;0;5;0;20;0;0;0;0;0;0;0;
2137;Imagenes confusas;Verwirrende Bilder;Conjuro con maleficio. Durante 2..10 segundos, el enemigo objetivo tarda el doble en activar habilidades que no sean de ataque.;4;1;24;5;0;10;1;20;0;0;0;0;0;0;0;
2138;Vigor del hechicero;Lebenskraft des Verhexers;Conjuro con encantamiento. Durante 10 segundos, tienes +1..8 de regeneración de salud. Vigor del hechicero acaba si utilizas una habilidad que no sea un maleficio.;4;6;23;4;0;5;.25;10;0;0;0;0;0;0;0;
2139;Masoquismo;Masochismus;Conjuro con encantamiento. Durante 10..40 segundos, los atributos magia de muerte y cosecha de almas aumentan en +2, y se sacrifica un 5..3% del nivel de salud máximo al lanzar un conjuro.;4;6;23;4;0;5;1;20;0;0;0;0;0;0;0;
2140;Trampa perforante;Durchbohrende Falle;Trampa. Cuando se activa la trampa perforante, todos los enemigos cercanos reciben 5..50 de daño perforante. Los que tengan la armadura rota, reciben 15..60 de daño adicional. La trampa perforante dura 90 segundos. Es muy fácil interrumpirte mientras activas esta habilidad.;4;24;30;2;0;10;2;30;0;0;0;0;0;0;0;
2141;Camaradería;Kameradschaft;Habilidad. Si tienes menos salud que tu mascota, te curas 30..120 de salud. Si la mascota tiene menos que tú, se cura 30..120 de salud.;4;22;1;2;0;5;2;10;0;0;0;0;0;0;0;
2142;Agresión salvaje;Wilde Aggression;Habilidad. Durante 5..20 segundos, tu mascota ataca un 33% más deprisa y hace 3..10 más de daño.;4;22;1;2;0;15;0;20;0;0;0;0;0;0;0;
2143;Disparo interruptor;Unterbrechender Schuss;Ataque con arco. Si este ataque impacta, interrumpes la acción del enemigo. Si era una habilidad, haces +10..40 de daño.;4;25;2;2;0;10;.5;15;0;0;0;0;0;0;0;
2144;Embestida de flechas;Salve;Ataque con arco. Se eliminan todas tus preparaciones. Disparas flechas al enemigo objetivo y a un máximo de 3 enemigos adyacentes a él, que harán +1..10 de daño si impactan.;4;25;2;2;0;5;0;2;0;0;0;0;0;0;0;
2145;Foco de experto;Expertenfokus;Preparación["Preparaciones"]. Durante 24 segundos, tus habilidades de ataque con arco consumen 1..2 menos de energía y hacen 1..10 de daño extra.;4;23;17;2;0;10;2;12;0;0;0;0;0;0;0;
2146;Furia piadosa;Frommer Zorn;Actitud. Quita un encantamiento de Derviche. Durante 1..7 segundos, atacas un 25% más rápido. Si se quitó un encantamiento, esta actitud dura el doble de tiempo.;4;44;29;10;0;5;0;10;0;0;0;0;0;0;0;
2147;Victoria lisiadora;Verkrüppelnder Sieg;Ataque con guadaña. Si este ataque impacta en un enemigo, éste quedará lisiado durante 3..8 segundos. Si tienes más salud que el enemigo objetivo, todos los enemigos adyacentes recibirán 10..30 de daño de tierra.;4;41;9;10;0;0;0;0;6;0;0;0;0;0;0;
2148;Arma incisiva;Trennende Waffe;Conjuro con arma. Durante 4..10 segundos, los siguientes 3 ataques del objetivo (un aliado o tú mismo) tienen un 10% de penetración de armadura y causan armadura rota durante 5..20 segundos.;4;32;27;8;0;5;1;10;0;0;0;0;0;0;0;
2149;Arma de renovación;Waffe der Erneuerung;Conjuro con arma. Durante 5..20 segundos, la próxima vez que el objetivo (un aliado o tú mismo) golpee con una habilidad de ataque, recuperará 1..7 de energía.;4;36;27;8;0;5;1;10;0;0;0;0;0;0;0;
2150;Lanza mutiladora;Verkrüppelungs-Speer;Ataque con lanza. Si este ataque impacta a un enemigo con hemorragia, quedará lisiado durante 5..20 segundos.;4;37;12;9;0;5;0;5;0;0;0;0;0;0;0;
2186;Sello de corrupcion mortal;Siegel der tödlichen Verdorbenheit;Sello. El enemigo objetivo recibe 5..35 de daño por cada condición que tenga (daño máximo: 130).;4;30;21;7;0;0;1;12;0;0;0;0;0;0;0;
2187;Camino del maestro;Weg des Meisters;Conjuro con encantamiento. Durante 60 segundos, si llevas un arma que no sea una daga, tienes un 3..33% de probabilidades extra de dar un golpe crítico.;4;35;23;7;0;5;.25;30;0;0;0;0;0;0;0;
2188;Profanar defensas;Verteidigung entweihen;Conjuro con maleficio. Durante 5..20 segundos, la próxima vez que el enemigo objetivo bloquee un ataque, recibirá 30..120 de daño.;4;7;24;4;0;5;1;5;0;0;0;0;0;0;0;
2189;Mirada de Angorodon;Angorodons Starren;Conjuro. Robas 10..50 de salud del enemigo objetivo. Si estás sufriendo alguna condición, ganas 3..12 de energía.;4;6;22;4;0;5;1;10;0;0;0;0;0;0;0;
2190;Aumento magnético;Magnetschub;Conjuro con encantamiento. El enemigo objetivo recibe 15..75 de daño. Si estás sobrelanzando, Aumento magnético encanta a todos los aliados al alcance del oído durante 1..5 segundos para que bloqueen el siguiente ataque dirigido a ellos.;4;9;23;6;0;10;1;15;0;0;0;0;0;0;0;
2191;Suelo resbaladizo;Rutschiger Boden;Conjuro. Si el objetivo y los enemigos adyacentes están cegados o en movimiento, son derribados. Hay un 50% de probabilidad de fallo con magia de agua de nivel 5 o inferior.;4;11;22;6;0;5;1;10;0;0;0;0;0;0;0;
2192;Hielo brillante;Leuchtendes Eis;Conjuro. El enemigo objetivo recibe 5..50 de daño frío. Si ese enemigo está bajo los efectos de un maleficio de magia de agua, ganas 5 de energía más 1 de energía por cada 2 rangos de almacenamiento de energía.;4;11;22;6;0;5;1;8;0;0;0;0;0;0;0;
2193;Explosión de energía;Energieexplosion;Conjuro. Haces 1..2 de daño al enemigo objetivo por cada punto de energía que tengas (máximo 130 de daño).;4;12;22;6;0;5;1.5;20;0;0;0;0;0;0;0;
2194;Ataque de distracción;Ablenkender Stoß;Ataque cuerpo a cuerpo. Si el Ataque de distracción impacta, no hace ningún daño e interrumpe la acción del enemigo objetivo. Si éste tenía la armadura rota, la habilidad quedará desactivada durante 30 segundos.;4;-1;3;1;0;5;.5;15;0;0;0;0;0;0;0;
2195;Ataque simbólico;Symbolischer Schlag;Ataque cuerpo a cuerpo. Si este ataque impacta, harás +12 de daño por cada sello que lleves equipado (máximo 70 de daño adicional).;4;-1;3;1;0;0;0;0;3.2;0;0;0;0;0;0;
2196;Velocidad de soldado;Geschwindigkeit des Soldaten;Actitud. Te mueves un 15% más rápido durante 3..18 segundos. Te mueves un 15% extra más deprisa si estás bajo los efectos de un grito o cántico.;4;21;29;1;0;5;0;12;0;0;0;0;0;0;0;
2197;Golpe corporal;Körperschlag;Ataque cuerpo a cuerpo. Si este ataque impacta, haces +10..40 de daño al enemigo objetivo. Si tiene la armadura rota, sufrirá una herida grave durante 0..15 segundos.;4;17;3;1;0;0;0;0;6.4;0;0;0;0;0;0;
2198;Disparo corporal;Körperschuss;Ataque con arco. Si este ataque impacta, harás +5..20 de daño. Si alcanza a un enemigo con la armadura rota, ganarás 5..10 de energía.;4;25;2;2;0;5;0;8;0;0;0;0;0;0;0;
2199;Sello de punta venenosa;Giftspitzen-Siegel;Sello. Durante 60 segundos, tu siguiente ataque también causa envenenamiento durante 8..15 segundos.;4;24;21;2;0;0;1;6;0;0;0;0;0;0;0;
2200;Sello de velocidad mística;Siegel der mystischen Geschwindigkeit;Sello. Durante 30 segundos, los próximos 1..3 encantamientos que apunten a ti mismo se lanzan instantáneamente. Los encantamientos de destello no consumen usos de esta habilidad.;4;42;21;10;0;0;1;20;0;0;0;0;0;0;0;
2201;Escudo de fuerza;Kraftschild;Conjuro con encantamiento de destello. Durante 1..16 segundos, se bloquearán los próximos 1 ataques que recibas. Si se bloquea un ataque, todos los enemigos adyacentes que atacan quedan derribados y sufren debilitamiento durante 5..20 segundos.;4;43;33;10;0;10;0;12;0;0;0;0;0;0;0;
2202;Agarre sanador;Genesungsgriff;Conjuro. Curas 30..90 de salud al objetivo (un aliado o tú mismo). Si el objetivo está bajo los efectos de un conjuro para arma, perderá una condición.;4;33;22;8;0;5;1;4;0;0;0;0;0;0;0;
2203;Aura de la sanguijuela espiritual;Geistsauger-Aura;Habilidad. Durante 5..20 segundos, todos tus espíritus al alcance del oído hacen 5..20 menos de daño y roban 5..20 de salud cuando atacan.;4;33;1;8;0;5;.25;20;0;0;0;0;0;0;0;
2204;Rejuvenecimiento;Verjüngung;Ritual con espíritus. Creas un espíritu de nivel 1..20 que cura 3..10 de salud por segundo a todos los miembros del equipo al alcance del oído. El espíritu perderá 3..10 de salud por cada uno que cure. Morirá a los 30..90 segundos.;4;33;18;8;0;10;.75;30;0;0;0;0;0;0;0;
2205;Agonía;Todesqual;Ritual con espíritus. Creas un espíritu de nivel 1..12 que hace perder 3..10 de salud por segundo a los enemigos al alcance del oído. El espíritu perderá 3..10 de salud por cada enemigo dañado. Morirá a los 30..90 segundos.;4;34;18;8;0;10;.75;30;0;0;0;0;0;0;0;
2206;Arma fantasmal;Geisterwaffe;Conjuro con arma. Durante 5..20 segundos, el siguiente ataque del aliado objetivo no puede bloquearse.;4;32;27;8;0;3;.25;1;0;0;0;0;0;0;0;
2207;Discurso inspirador;Inspirative Rede;Habilidad. Pierdes toda la adrenalina y el aliado objetivo gana 1..8 de adrenalina.;4;39;1;9;0;5;0;10;0;0;0;0;0;0;0;
2208;Escudo ardiente;Brennender Schild;Habilidad. Durante 3..9 segundos, mientras estés llevando un escudo, la siguiente habilidad de ataque contra ti será bloqueada. Si era un ataque cuerpo a cuerpo, el atacante arderá durante 1..6 segundos.;4;40;1;9;0;5;0;20;0;0;0;0;0;0;0;
2209;Lanza sagrada;Heiliger Speer;Ataque con lanza. Si este ataque impacta, harás +5..20 de daño. Si impacta a una criatura invocada, todos los enemigos cercanos recibirán 15..90 de daño sagrado y arderán durante 3 segundos.;4;37;12;9;0;0;0;0;4;0;0;0;0;0;0;
2210;Barrido de lanza;Speerschlag;Ataque con lanza. Si este ataque impacta, harás +5..20 de daño y el enemigo objetivo quedará aturdido durante 4..10 segundos. Este ataque tiene alcance cuerpo a cuerpo.;4;40;12;9;0;5;0;20;0;0;0;0;0;0;0;
2211;Ácido alquímico de Alkar;Alkars Alchemiesäure;Conjuro. Lanzas el ácido alquímico de Alkar al enemigo objetivo. Éste y los enemigos adyacentes reciben 40..50 de daño. Los Destructores reciben 45..70 de daño extra y tienen la armadura rota durante 14..20 segundos.;4;-7;22;0;0;10;1;10;0;0;0;1;0;0;0;
2212;Luz de Deldrimor;Licht von Deldrimor;Conjuro. Todos los enemigos de la zona reciben 55..80 de daño sagrado. Además, ves en tu brújula por un momento todos los objetos ocultos.;4;-7;22;0;0;5;.75;20;0;0;0;1;0;0;0;
2213;Mordedura de oreja;Ohrenbiss;Habilidad. El objetivo al que toques recibe 50..70 de daño perforante y sufre hemorragia durante 15..25 segundos.;4;-7;1;0;0;0;.75;0;4;0;0;1;0;0;0;
2214;Golpe bajo;Unter der Gürtellinie;Habilidad. Golpeas al enemigo objetivo con 45..70 de daño. Si el enemigo está derribado, recibirá 30..50 de daño adicional y tendrá la armadura rota durante 14..20 segundos.;4;-7;1;0;0;0;.75;0;6;0;0;1;0;0;0;
2215;Cabezazo de camorrista;Rauf-Kopfstoß;Habilidad. Das un cabezazo al enemigo objetivo tocado, que hace 45..70 de daño y causa derribo si impacta.;4;-7;1;0;0;0;.75;0;7;0;0;1;0;0;0;
2216;"¡No tropecéis!";"Stolpert nicht!";Grito. Durante 3..5 segundos, no podrán derribar a los miembros del grupo al alcance del oído.;4;-7;20;0;0;5;0;20;0;0;0;1;0;0;0;
2217;"¡Por el martillo de Ural!";"Bei Urals Hammer!";Grito. Durante 30 segundos, todos los miembros del grupo muertos que estén al alcance del oído resucitan con toda la salud y toda la energía. Los miembros del grupo resucitados hacen 25..33% de daño adicional. Cuando este efecto termina, los miembros del grupo afectados mueren. Esta habilidad no causa penalización por resucitar.;4;-7;20;0;0;5;0;60;0;0;0;1;0;0;0;
2218;Maestro borracho;Betrunkener Meister;Actitud. Durante 72..90 segundos, te mueves y atacas un 10..15% más deprisa. Si estás borracho mientras activas esta habilidad, te moverás y atacarás un 25..33% más deprisa.;4;-7;29;0;0;5;0;60;0;0;0;1;0;0;0;
2219;Arma del Gran Enano;Waffe des Großen Zwergs;Conjuro con arma. Durante 20 segundos, el arma del aliado objetivo hace +15..20 de daño y tiene 28..40% de posibilidades de causar derribos.;4;-7;27;0;0;10;1;5;0;0;0;1;0;0;0;
2220;Armadura del Gran Enano;Rüstung des Großen Zwergs;Conjuro con encantamiento. Durante 22..40 segundos, el objetivo (un aliado o tú mismo) tiene +24 de armadura, +60 de salud máxima y +24 de armadura extra contra Destructores.;4;-7;23;0;0;5;1;10;0;0;0;1;0;0;0;
2221;Aliento del Gran Enano;Atem des Großen Zwergs;Conjuro. Todos los miembros del grupo se quitan la quemadura y se curan 50..60 de salud.;4;-7;22;0;0;10;.25;15;0;0;0;1;0;0;0;
2222;Tormenta de nieve;Schneesturm;Conjuro. Creas una tormenta de nieve en la ubicación del enemigo objetivo. Durante 5 segundos, los enemigos adyacentes recibirán 30..40 de daño frío por segundo.;4;-7;22;0;0;10;1;10;0;0;0;1;0;0;0;
2223;Mina de pólvora;Schwarzpulvermine;Trampa. Cuando se active esta trampa, todos los enemigos cercanos reciben 20..30 de daño, quedarán ciegos y sufrirán una hemorragia durante 7..10 segundos. La Mina de pólvora dura 90 segundos. Cuando la estés colocando, se te podrá interrumpir con facilidad.;4;-7;30;0;0;10;2;20;0;0;0;1;0;0;0;
2224;Invocar Mursaat;Mursaat herbeirufen;Conjuro. Invocas un Mursaat de nivel 14..20 que vive durante 40..60 segundos y tiene la Carga debilitante. Sólo puede haber una invocación de Asura a la vez.;4;-6;22;0;0;10;3;60;0;0;0;1;0;0;0;
2225;Invocar Djinn de rubí;Rubin-Dschinn herbeirufen;Conjuro. Invocas un djinn de rubí de nivel 14..20 que vive durante 40..60 segundos y tiene la Inmolación. Sólo puede haber una invocación de Asura a la vez.;4;-6;22;0;0;10;3;60;0;0;0;1;0;0;0;
2226;Invocar diablillo de hielo;Eis-Kobold herbeirufen;Conjuro. Invocas un diablillo de hielo de nivel 14..20 que vive durante 40..60 segundos y tiene las Púas de hielo. Sólo puede haber una invocación de Asura a la vez.;4;-6;22;0;0;10;3;60;0;0;0;1;0;0;0;
2227;Invocar chamán naga;Naga-Schamanen herbeirufen;Conjuro. Invocas un chamán naga de nivel 14..20 que vive durante 40..60 segundos y tiene la Pedrada. Sólo puede haber una invocación de Asura a la vez.;4;-6;22;0;0;10;3;60;0;0;0;1;0;0;0;
2228;Golpe diestro;Geschickter Schlag;Ataque a distancia. Si este ataque impacta, haces 18..30 de daño al enemigo objetivo. Si tiene la armadura rota, sufrirá una hemorragia durante 18..30 segundos.;4;-8;31;0;0;5;.5;8;0;0;0;1;0;0;0;
2229;Sello de infección;Siegel der Infektion;Sello. Si el enemigo objetivo está sufriendo una hemorragia, queda enfermo durante 13..20 segundos.;4;-8;21;0;0;0;1;10;0;0;0;1;0;0;0;
2230;Sello de triptófano;Tryptophan-Siegel;Sello. Durante 14..20 segundos, el enemigo objetivo y los adyacentes se mueven y atacan un 23..40% más despacio.;4;-8;21;0;0;0;1;15;0;0;0;1;0;0;0;
2231;Estandarte de valor de la Vanguardia de Ébano;Ebon-Kampfstandarte des Mutes;Conjuro de protección. Colocas un estandarte de valor de la Vanguardia de Ébano en tu ubicación actual. Durante 14..20 segundos, los aliados no espíritus de la zona ganarán +24 de armadura y +24 extra contra los Charr.;4;-8;26;0;0;10;1;20;0;0;0;1;0;0;0;
2232;Estandarte de sabiduría de la Vanguardia de Ébano;Ebon-Kampfstandarte der Weisheit;Conjuro de protección. Colocas un estandarte de sabiduría de la Vanguardia de Ébano en tu ubicación actual. Durante 14..20 segundos, los aliados no espíritus de la zona tendrán un 44..60% de probabilidades de que sus conjuros tarden la mitad en recargarse.;4;-8;26;0;0;10;1;20;0;0;0;1;0;0;0;
2233;Estandarte de honor de la Vanguardia de Ébano;Ebon-Kampfstandarte der Ehre;Conjuro de protección. Colocas un estandarte de honor de la Vanguardia de Ébano en tu ubicación actual. Durante 14..20 segundos, los aliados no espíritus de la zona harán +8..15 de daño y +7..10 extra contra los Charr.;4;-8;26;0;0;10;1;20;0;0;0;1;0;0;0;
2234;Tirador de refuerzo de la Vanguardia de Ébano;Ebon-Vorhut-Heckenschützen-Unterstützung;Conjuro. El enemigo objetivo recibe 54..90 de daño perforante y sufre hemorragia durante 5..25 segundos. Este ataque tiene un 10% de probabilidades de hacer 540..900 de daño perforante extra. Si este ataque alcanza a un Charr, tiene un 25% de probabilidades de hacer 540..900 de daño perforante extra.;4;-8;22;0;0;10;1;15;0;0;0;1;0;0;0;
2235;Asesino de refuerzo de la Vanguardia de Ébano;Ebon-Vorhut-Assassinen-Unterstützung;Conjuro. Invocas un Asesino de la Vanguardia de Ébano de nivel 14..20 con Palma de hierro, Colmillos de zorro y Golpe de las nueve colas. Este Asesino da un paso sombrío hasta el enemigo objetivo. Si éste era un Charr, vivirá durante 24..30 segundos, de lo contrario vivirá durante 12..15 segundos.;4;-8;22;0;0;10;1;30;0;0;0;1;0;0;0;
2236;Pozo de ruina;Brunnen des Ruins;Conjuro de pozo. Explotas el cadáver más cercano o sacrificas un 66 % de salud para crear un Pozo de ruina en esa ubicación. Durante 5..30 segundos, cada vez que un enemigo en este pozo reciba daño físico, tendrá la armadura rota durante 5..20 segundos.;4;7;28;4;0;10;1;20;0;0;0;0;0;0;0;
2237;Atrofia;Schwund;Conjuro con maleficio. Durante 3..7 segundos, el atributo primario del enemigo objetivo baja hasta 0.;4;7;24;4;0;10;1;20;0;0;0;0;0;0;0;
2238;Lanza de redención;Speer der Erlösung;Ataque con lanza. Este ataque hará +5..20 de daño si alcanza al objetivo. Si falla, perderás una condición.;4;37;12;9;0;0;0;0;3;0;0;0;0;0;0;
2353;"¡Acaba con él!";"Erledigt ihn!";Grito. Si el enemigo objetivo tiene menos del 50% de salud, le haces 44..80 de daño y sufre una herida grave y armadura rota durante 12..20 segundos.;4;-9;20;0;0;10;0;15;0;0;0;1;0;0;0;
2354;"¡Esquiva esto!";"Weicht aus!";Grito. Durante 16..20 segundos, tu siguiente ataque no se puede bloquear y hace +14..20 de daño.;4;-9;20;0;0;0;0;0;4;0;0;1;0;0;0;
2355;¡Soy el más fuerte!;Ich bin am stärksten!;Grito. Tus siguientes ataques (5..8) hacen +14..20 de daño extra.;4;-9;20;0;0;5;0;20;0;0;0;1;0;0;0;
2356;"¡Soy imparable!";"Ich bin unaufhaltbar!";Grito. Durante 16..20 segundos, tienes +24 de armadura y no te pueden derribar ni dejar lisiado.;4;-9;20;0;0;5;0;30;0;0;0;1;0;0;0;
2357;Un toque de astucia;Ein Funken Arglist;Conjuro con maleficio. Haces 44..80 de daño al enemigo objetivo tocado. Si estaba derribado, no podrá atacar durante 5..8 segundos.;4;-9;24;0;0;5;.75;15;0;0;0;1;0;0;0;
2358;"¡Te mueves como un enano!";"Ihr bewegt Euch wie ein Zwerg!";Grito. Derriba al enemigo objetivo y le causa 44..80 de daño. Ese enemigo también queda lisiado durante 8..15 segundos.;4;-9;20;0;0;10;0;10;0;0;0;1;0;0;0;
2359;"¡Sois unos enclenques!";"Ihr seid alle Schwächlinge!";Grito. El enemigo objetivo y los enemigos adyacentes quedan debilitados durante 8..12 segundos.;4;-9;20;0;0;5;0;12;0;0;0;1;0;0;0;
2360;No sientas dolor;Den Schmerz nicht spüren;Habilidad. Durante 30 segundos, tienes +2..3 de regeneración de salud. Si activas esta habilidad mientras estás borracho, tendrás +200..300 de salud máxima.;4;-9;1;0;0;5;0;20;0;0;0;1;0;0;0;
2361;Garrote de los mil osos;Tausend-Bären-Prügel;Ataque cuerpo a cuerpo. Si este ataque impacta, harás +6..9 de daño por cada enemigo adyacente (máximo 60 de daño). Si el enemigo objetivo no era humano, le derribarás.;4;-9;3;0;0;5;0;12;0;0;0;1;0;0;0;
2374;Bendición de la Osa Mayor;Segen der Bärin;Transformación["Transformaciones"] de élite. Pierdes todos tus efectos y adoptas el aspecto de la Osa. Durante 60 segundos, tienes 100 de armadura y 750..800 de salud. Todos tus atributos bajan a 0 y tus habilidades son reemplazadas por las de la Osa.;4;-9;15;0;0;10;0;60;0;0;1;1;0;0;0;
2379;Bendición del lobo;Segen des Wolfes;Transformación["Transformaciones"] de élite. Pierdes todos tus efectos y adoptas el aspecto del lobo. Durante 60 segundos, tienes 80 de armadura, 660..700 de salud y 2..4 de regeneración de salud. Todos tus atributos bajan a 0 y tus habilidades son reemplazadas por las del lobo.;4;-9;15;0;0;10;0;60;0;0;1;1;0;0;0;
2384;Bendición del cuervo;Segen des Raben;Transformación["Transformaciones"] de élite. Pierdes todos tus efectos y adoptas el aspecto del cuervo. Durante 60 segundos, tienes 80 de armadura, 660..700 de salud y un 20..30% de probabilidades de bloquear. Todos tus atributos bajan a 0 y tus habilidades son reemplazadas por las del cuervo.;4;-9;15;0;0;10;0;60;0;0;1;1;0;0;0;
2411;Efecto óptico;Geistbrecher;Conjuro con encantamiento. Durante 10..16 segundos, te mueves un 20..33% más deprisa y tus conjuros tardan un 20% menos en lanzarse.;4;-6;23;0;0;5;1;24;0;0;0;1;0;0;0;
2412;Criminal elegante;Durchtriebener Krimineller;Conjuro. Durante 10..20 segundos, un conjuro aleatorio del enemigo objetivo se desactiva y el Criminal elegante será reemplazado por el conjuro desactivado. Además ganas 5..10 de energía.;4;-6;22;0;0;5;1;20;0;0;0;1;0;0;0;
2413;Tecnocháchara;Technobabbel;Conjuro. El enemigo objetivo y todos los adyacentes reciben 30..40 de daño. Si el objetivo no es un jefe, él y los enemigos adyacentes quedarán aturdidos durante 3..5 segundos.;4;-6;22;0;0;10;1;10;0;0;0;1;0;0;0;
2414;Campo de radiación;Strahlungsfeld;Conjuro de protección. Durante 5 segundos, los enemigos en la zona tienen una degeneración de salud de -4..6. Cuando este portal acabe, los enemigos en la zona quedan enfermos durante 12..20 segundos.;4;-6;26;0;0;15;2;12;0;0;0;1;0;0;0;
2415;Barrido Asura;Asurischer Scan;Conjuro con maleficio. Durante 9..12 segundos, tus ataques al enemigo objetivo no pueden fallar. Si eliminas a un enemigo que tiene el maleficio Barrido asura, pierdes 5% de penalización por resucitar.;4;-6;24;0;0;5;0;5;0;0;0;1;0;0;0;
2416;Aire de superioridad;Hochnäsigkeit;Habilidad. Durante 20..30 segundos, ganas un extra Asura al azar cada vez que consigas experiencia de matar algún enemigo.;4;-6;1;0;0;5;0;20;0;0;0;1;0;0;0;
2417;Bloqueo mental;Geistige Sperre;Conjuro con encantamiento. Durante 5..11 segundos, tienes un 50% de probabilidades de bloquear ataques. Este encantamiento se vuelve a activar cada vez que un enemigo te golpee.;4;-6;23;0;0;10;1;15;0;0;0;1;0;0;0;
2418;Inversión de dolor;Schmerztauscher;Conjuro con maleficio. Durante 6..10 segundos, cada vez que el enemigo objetivo haga daño, recibirá un 100..140% del que haga (máximo 80).;4;-6;24;0;0;10;1;20;0;0;0;1;0;0;0;
2420;Huida de ébano;Ebon-Flucht;Conjuro. Das un paso sombrío hasta el aliado objetivo. Los dos os curáis 70..110 de salud.;4;-8;22;0;0;5;.25;10;0;0;0;1;0;0;0;
2421;Trampa de debilidad;Schwäche-Falle;Trampa. Cuando se active esta trampa, todos los enemigos cercanos quedan debilitados durante 10..20 segundos y reciben 24..50 de daño de relámpago. Todos los Charr son derribados. Esta trampa dura 90 segundos y se te podrá interrumpir con facilidad mientras la estés colocando.;4;-8;30;0;0;10;2;30;0;0;0;1;0;0;0;
2422;Vientos;Winde;Ritual de la Vanguardia de Ébano. Creas un espíritu de nivel 4..10. Todos los enemigos dentro de su zona tienen un 15% de probabilidades de fallar ataques a distancia. Morirá a los 54..90 segundos.;4;-8;32;0;0;5;5;30;0;0;0;1;0;0;0;
2423;Estabilidad de enano;Zwergenstabilität;Conjuro con encantamiento. Durante 24..30 segundos, tus actitudes duran un 55..100% más. Si activas esta habilidad mientras estás borracho, no te podrán derribar.;4;-7;23;0;0;5;.25;30;0;0;0;1;0;0;0;
3422;Defensa de tiempo;Zeitabwehr;Conjuro de protección de élite. Creas una Defensa de tiempo en tu ubicación actual. Durante 6..20 segundos, los aliados que no sean espíritus y que estén en el área lanzarán los hechizos un 15..20 % más rápido y recargarán las habilidades un 15..20 % más rápido. Habilidad de PvE;0;0;26;5;0;10;2;30;0;0;1;1;0;0;0;
3423;Entrega del alma;Seelengreifer;Conjuro con encantamiento de élite. Durante 3..30 segundos, tus ataques sacrificarán 15..20 de salud e infligirán 15..20 más de daño. Habilidad de PvE;0;6;23;4;0;5;1;15;0;0;1;1;0;0;0;
3424;Más allá del límite;Über die Grenze hinaus;Conjuro con encantamiento de élite. Mientras mantengas este encantamiento, lanzarás tus hechizos un 20..50 % más rápido y los recargarás un 40..80 % más rápido, pero sufrirás agotamiento de forma constante. Habilidad de PvE;0;12;23;6;-1;5;1;20;0;0;1;1;0;0;0;
3425;Golpe del juicio;Urteilsschlag;Ataque cuerpo a cuerpo de élite. Atacas al objetivo y a los enemigos adyacentes. Cada ataque que impacte infligirá +13..30 de daño sagrado y derribará a los enemigos que ataquen. Habilidad de PvE;0;16;3;3;0;5;1;8;0;0;1;1;0;0;0;
3426;Postura de las siete armas;Sieben Waffen-Haltung;Actitud de élite. Durante 3..20 segundos, los atributos de tus armas aumentarán en 1..15 y atacarás 33 % más rápido. Habilidad de PvE;0;17;29;1;0;5;0;20;0;0;1;1;0;0;0;
3427;"¡Todos a una!";"Gemeinsam als Eines!";Grito de élite. Durante 3..15 segundoss, todos los miembros de tu grupo que estén cerca de ti o de tu mascota infligirán +5..15 de daño adicional al atacar y obtendrán +1..7 de regeneración de salud. Habilidad de PvE;0;23;20;2;0;10;0;15;0;0;1;1;0;0;0;
3428;Robo sombrío;Schattendiebstahl;Habilidad de élite. Das un paso sombrío hasta el enemigo objetivo. Durante 5..20 segundos, los atributos de ese enemigo se reducirán en 1..5 y los tuyos aumentarán en 1..5. Esta habilidad cuenta como ataque inicial. Habilidad de PvE;0;35;1;7;0;5;.25;20;0;0;1;1;0;0;0;
3429;Armas de las tres forjas;Waffen aus drei Schmieden;Conjuro con arma de élite. Durante 3..20 segundos, todos los aliados que no sean espíritus y puedan oírte ganarán el efecto de un hechizo de arma al azar. Habilidad de PvE;0;36;27;8;0;10;2;15;0;0;1;1;0;0;0;
3430;Voto de la revolución;Schwur der Revolution;Conjuro con encantamiento de élite. Durante 3..10 segundos ganarás +1..6 de regeneración de energía. Esta habilidad se volverá a aplicar sola cada vez que uses una habilidad que no sea de derviche. Habilidad de PvE;0;44;23;10;0;10;1;20;0;0;1;1;0;0;0;
3431;Estribillo heroico;Heroischer Refrain;Eco de élite. Durante 3..15 segundos, el aliado objetivo que no sea un espíritu ganará +1..3 en todos los atributos. Este eco volverá a aplicarse cada vez que termine un cántico o un grito que afecte a ese aliado. Habilidad de PvE;0;40;14;9;0;5;1;10;0;0;1;1;0;0;0;
3446;Soul Ignition;Soul Ignition;Conjuro con encantamiento. While you maintain this enchantment, reduce Overcast at a rate of 1..2 per second. You and all adjacent foes are afflicted with burning while this enchantment is active.;0;12;23;6;-1;10;.5;30;0;0;0;1;0;0;0;
