0;Compétence vide;Keine Fertigkeit;Emplacement vide;0;-1;0;0;0;0;0;0;0;0;0;0;0;0;0;
1;Sceau de guérison;Siegel der Heilung;Vous gagnez 82..172 points de vie. Votre bonus d'armure est réduit de -40 quand vous utilisez cette compétence.;0;21;21;1;0;0;2;4;0;0;0;0;0;0;0;
2;Sceau de résurrection;Siegel der Wiederbelebung;Ressuscite le membre du groupe visé (100% de santé et 25% d'énergie).;0;-1;21;0;0;0;3;0;0;0;0;0;0;0;0;
3;Sceau de capture;Siegel der Erbeutung;Choisissez une compétence d'un boss de votre profession mort à proximité. Le Sceau de Capture sera remplacé par cette compétence de façon permanente. Si c'était une compétence élite, vous obtenez 250 points d'XP pour chaque niveau gagné.;0;-1;21;0;0;0;2;2;0;0;0;1;0;0;0;
5;Blocage de pouvoir;Kraftblock;Interrompt un sort ou un chant. Effet de l'interruption : cette compétence et toutes les autres compétences de la même caractéristique sont inutilisables (1..16 secondes) pour l'ennemi visé.;1;2;22;5;0;15;.25;20;0;0;1;0;0;0;0;
6;Mantra de la terre;Mantra der Erde;;0;3;29;5;0;10;0;20;0;0;0;0;0;0;0;
7;Mantra de flamme;Mantra des Feuers;(30..90 secondes.) Réduit de 26..50% les dégâts du feu que vous subissez. Vous gagnez 2 points d'énergie quand vous subissez des dégâts du feu.;0;3;29;5;0;10;0;20;0;0;0;0;0;0;0;
8;Mantra de givre;Mantra des Frosts;(30..90 secondes.) Réduit de 26..50% les dégâts du froid que vous subissez. Vous gagnez 2 points d'énergie quand vous subissez des dégâts du froid.;0;3;29;5;0;10;0;20;0;0;0;0;0;0;0;
9;Mantra de foudre;Mantra des Blitzes;;0;3;29;5;0;10;0;20;0;0;0;0;0;0;0;
10;Leveur de maléfice;Gebrochene Verhexung;(5..80 secondes.) Le prochain maléfice qui vous est lancé échoue et son lanceur subit 10..46 points de dégâts.;0;2;29;5;0;5;0;15;0;0;0;0;0;0;0;
11;Distorsion;Verzerrung;(1..5 seconde(s).) Vous avez 75% de chances de bloquer.;1;1;29;5;0;5;0;8;0;0;0;0;0;0;0;
13;Mantra de récupération;Mantra der Erholung;(5..20 secondes). Les sorts que vous lancez se rechargent 33% plus vite.;0;0;29;5;0;5;0;15;0;0;1;0;0;0;0;
14;Mantra de persévérance;Mantra des Bestehens;(5..25 secondes). Les maléfices d'Illusion que vous lancez durent 10..40% plus longtemps.;0;3;29;5;0;5;0;15;0;0;0;0;0;0;0;
15;Mantra des inscriptions;Mantra der Inschriften;(30..90 secondes.) Vos sceaux se rechargent 25..50% plus vite.;0;3;29;5;0;10;0;20;0;0;0;0;0;0;0;
16;Mantra de concentration;Mantra der Konzentration;;1;3;29;5;0;5;0;30;0;0;0;0;0;0;0;
17;Mantra de résolution (PvP);Mantra des Abschlusses (PvP);;0;3;29;5;0;10;0;20;0;0;0;0;0;0;0;
18;Mantra des sceaux (PvP);Mantra der Siegel (PvP);;1;3;29;5;0;5;0;20;0;0;0;0;0;0;0;
19;Fragilité (PvP);Zerbrechlichkeit (PvP);(8..20 secondes.) L'ennemi visé subit 5..20 points de dégâts chaque fois qu'il gagne ou perd une condition.;0;1;24;5;0;5;1;8;0;0;0;0;0;0;0;
21;Enchantement inspiré;Inspirierte Verzauberung;Supprime un enchantement à la cible ennemie. Effet de la suppression : vous obtenez 3..15 points d'énergie . ce sort est remplacé par cet enchantement (20 secondes).;1;3;22;5;0;10;1;0;0;0;0;0;0;0;0;
22;Maléfice inspiré;Inspirierte Verhexung;Lève un maléfice qui frappe la cible alliée. Effets de la suppression : vous obtenez 4..10 points d'énergie . ce sort est remplacé par ce maléfice (20 secondes).;1;3;22;5;0;5;1;0;0;0;0;0;0;0;0;
23;Dissipation de pouvoir;Kraftdorn;Interrompt un sort ou un chant. Effet de l'interruption : inflige 30..120 points de dégâts.;0;2;22;5;0;5;.25;12;0;0;0;0;0;0;0;
24;Fuite de pouvoir;Kraftleck;Interrompt un sort ou un chant. Effet de l'interruption : provoque une perte de 3..17 points d'énergie.;1;2;22;5;0;10;.25;20;0;0;0;0;0;0;0;
25;Drain de pouvoir;Kraftentzug;;0;3;22;5;0;5;.25;20;0;0;0;0;0;0;0;
26;Empathie (PvP);Empathie (PvP);;0;2;24;5;0;10;2;10;0;0;0;0;0;0;0;
27;Dispersion des illusions (PvP);Täuschungen brechen (PvP);Lève un maléfice d'Envoûteur de la cible ennemie. Effet de la suppression : inflige 15..75 points de dégâts à la cible et aux ennemis adjacents.;1;2;22;5;0;5;.25;10;0;0;0;0;0;0;0;
28;Retour de flamme;Rückschlag;(10 secondes.) L'ennemi visé subit 35..140 points de dégâts chaque fois qu'il lance un sort.;0;2;24;5;0;15;3;20;0;0;0;0;0;0;0;
29;Black-out;Blackout;(2..6 secondes). Désactive les compétences. Vos compétences sont désactivées (5 secondes).;1;2;1;5;0;10;1;12;0;0;0;0;0;0;0;
30;Diversion;Ablenkung;(6 secondes.) La compétence suivante de l'ennemi visé a un temps de recharge accru de +10..56 secondes.;0;2;24;5;0;10;3;12;0;0;0;0;0;0;0;
31;Conjuration de fantasme;Trugbild beschwören;(2..16 secondes.) Provoque une dégénération de santé de -5.;0;1;24;5;0;10;1;5;0;0;0;0;0;0;0;
32;Illusion de faiblesse;Illusion der Schwäche;Vous perdez 50..240 points de vie. Effet final : vous gagnez 50..240 points de vie. Prend fin si les dégâts que vous subissez font descendre votre santé au-dessous de 25% de votre maximum.;1;1;23;5;0;10;2;30;0;0;0;0;0;0;0;
33;Armes illusoires (PvP);Illusion der Waffen (PvP);;1;1;23;5;0;5;1;15;0;0;1;0;0;0;0;
34;Visage avenant;Sympathisches Gesicht;;1;1;23;5;0;10;1;20;0;0;0;0;0;0;0;
35;Ignorance;Ignoranz;(8..20 secondes.) L'ennemi visé ne peut pas utiliser de sceaux.;0;2;24;5;0;10;1;10;0;0;0;0;0;0;0;
36;Enigme des arcanes;Arkanes Rätsel;Inflige également des maléfices aux ennemis adjacents à la cible (5..15 secondes). Double le temps d'incantation des sort. Lorsque ce maléfice prend fin, vous gagnez 1..7 point(s) d'énergie.;0;1;24;5;0;10;2;30;0;0;0;0;0;0;0;
37;Illusion de hâte (PvP);Illusion der Eile (PvP);;0;1;23;5;0;5;1;8;0;0;0;0;0;0;0;
38;Canalisation;Kanalisieren;(8..56 secondes.) Chaque fois que vous lancez un sort, vous gagnez 1 point d'énergie par ennemi dans la zone.;1;3;23;5;0;5;1;15;0;0;0;0;0;0;0;
39;Afflux d'énergie;Energiewelle;Provoque une perte de 1..10 point(s) d'énergie, inflige 9 points de dégâts à la cible et aux ennemis à proximité par point d'énergie perdu.;0;2;22;5;0;5;2;15;0;0;1;0;0;0;0;
40;Festin éthéré;Ätherschmaus;Provoque une perte de 3 points d'énergie. Vous gagnez 20..65 points de vie par point d'énergie perdu.;0;3;22;5;0;5;1;8;0;0;0;0;0;0;0;
41;Seigneur éthéré;Herr über den Äther;L'ennemi visé subit une dégénération d'énergie de -1..3 et vous bénéficiez d'une régénration d'énergie de +1..3. (5..10 secondes).;1;3;24;5;0;5;2;20;0;0;0;0;0;0;0;
42;Flamme d'énergie;Energiebrand;Provoque une perte de 1..10 points d'énergie. Inflige 9 points de dégâts par point d'énergie perdu.;0;2;22;5;0;10;2;20;0;0;0;0;0;0;0;
43;Maladresse;Ungeschick;(4 secondes.) Les ennemis adjacents sont également affectés. Interrompt l'attaque suivante. Effet de l'interruption : 10..92 points de dégâts.;0;1;24;5;0;10;2;12;0;0;0;0;0;0;0;
44;Douleur fantôme;Phantomschmerz;(10 secondes.) Provoque une dégénération de santé de -1..4. Effet initial : provoque la Blessure profonde (5..20 secondes.);1;1;24;5;0;5;2;15;0;0;0;0;0;0;0;
45;Fardeau éthéré;Ätherische Bürde;(10 secondes.) La cible ennemie se déplace 50% moins vite. Effet initial : vous gagnez 10..22 points d'énergie.;1;1;24;5;0;15;1.5;30;0;0;0;0;0;0;0;
46;Culpabilité;Schuld;(6 secondes). Le sort suivant de l'ennemi visé échoue et vous volez 5..14 points d'énergie.;1;2;24;5;0;5;2;25;0;0;0;0;0;0;0;
47;Incompétence;Unbeholfenheit;(4 secondes.) affecte également les ennemis proches de la cible. Inflige 30..135 points de dégâts. Provoque l'Aveuglement (10 secondes). Aucun effet sauf si l'ennemi affecté attaque.;1;1;24;5;0;10;1;15;0;0;1;0;0;0;0;
48;Esprit de l'échec;Geist des Versagens;(30 secondes.) L'ennemi visé a 25% de chances de manquer. Vous gagnez 1..3 point(s) d'énergie chaque fois qu'il manque.;1;3;24;5;0;15;3;20;0;0;0;0;0;0;0;
49;Délabrement spirituel (PvP);Geistiges Wrack (PvP);;0;2;24;5;0;5;1;7;0;0;0;0;0;0;0;
50;Embarras de l'incapable;Verschwendung;(3 secondes.) Effet initial : 20..100 points de dégâts à la cible et aux ennemis adjacents. Est sans effet et prend fin prématurément si la cible ennemie utilise une compétence.;1;2;24;5;0;5;.25;4;0;0;0;0;0;0;0;
51;Honte;Schande;;1;2;24;5;0;10;2;30;0;0;0;0;0;0;0;
52;Panique;Panik;;1;2;24;5;0;10;1;15;0;0;1;0;0;0;0;
53;Migraine (PvP);Migräne (PvP);;1;1;24;5;0;10;2;12;0;0;1;0;0;0;0;
54;Angoisse paralysante (PvP);Verkrüppelnde Qual (PvP);;0;1;24;5;0;10;1;20;0;0;1;0;0;0;0;
55;Rêves enfiévrés (PvP);Fieberträume (PvP);;1;1;24;5;0;5;1;20;0;0;1;0;0;0;0;
56;Images apaisantes;Beruhigende Bilder;;0;1;24;5;0;15;2;8;0;0;0;0;0;0;0;
57;Cri de frustration;Schrei der Frustration;Si l'ennemi visé utilise une compétence, lui et tous les ennemis de la zone sont interrompus et subissent 15..75 points de dégâts.;0;2;22;5;0;10;.25;20;0;0;0;0;0;0;0;
58;Sceau de minuit;Siegel der Mitternacht;(15 secondes.) Inflige l'Aveuglement. Vous souffrez de l'Aveuglement (15 secondes).;1;-1;21;5;0;0;2;10;0;0;1;0;0;0;0;
59;Sceau de lassitude;Siegel der Müdigkeit;;1;2;21;5;0;0;2;30;0;0;0;0;0;0;0;
61;Sceau sangsue;Blutsauger-Siegel;Interrompt une action. Effet de l'interruption : vous gagnez 3..15 points d'énergie si l'action est un sort.;0;3;21;5;0;0;.25;30;0;0;0;0;0;0;0;
62;Sceau d'humilité;Siegel der Demut;Désactivation de compétence d'élite sur cible (1..16 seconde(s)). Désactive vos compétences sauf celles d'Envoûteur (10 secondes).;0;3;21;5;0;0;3;20;0;0;0;0;0;0;0;
63;Sceau de voûte;Schlussstein-Siegel;(20 secondes.) 0..6 de vos prochains sceaux interrompent et infligent 15..60 points aux ennemis adjacents à votre cible. Effet initial : recharge tous vos autres sceaux.;1;0;21;5;0;0;1;15;0;0;1;0;0;0;0;
65;Mimétisme des arcanes;Arkane Mimikry;Cette compétence devient la compétence élite de l'allié visé (20 secondes).;0;-1;22;5;0;15;2;60;0;0;0;0;0;0;0;
66;Chaînes spirituelles;Geistfesseln;(5..20 secondes.) L'ennemi visé perd 5 points d'énergie chaque fois qu'il attaque.;0;3;24;5;0;10;3;8;0;0;0;0;0;0;0;
67;Annihilateur de maléfices;Verhexung brechen;Lève un maléfice qui frappe la cible alliée. Effet de la suppression : inflige 30..120 points de dégâts aux ennemis à proximité de cet allié.;0;2;22;5;0;10;1;10;0;0;0;0;0;0;0;
68;Drain d'enchantement;Verzauberung entziehen;Supprime un enchantement à la cible ennemie. Effet de la suppression : vous gagnez 8..17 points d'énergie et 40..120 points de vie.;0;3;22;5;0;5;2;20;0;0;0;0;0;0;0;
69;Dissipation des enchantements;Verzauberung brechen;Supprime un enchantement à la cible ennemie. Effet de la suppression : inflige 14..100 points de dégâts.;0;2;22;5;0;10;1;20;0;0;0;0;0;0;0;
72;Résistance aux éléments;Elementarwiderstand;(30..90 secondes.) Vous bénéficiez d'un bonus d'armure de +40 contre les dégâts élémentaires. Votre bonus d'armure est réduit de -24..12 contre les dégâts physiques.;1;3;29;5;0;10;0;20;0;0;0;0;0;0;0;
73;Résistance physique;Körperlicher Widerstand;;1;3;29;5;0;10;0;20;0;0;0;0;0;0;0;
74;Echo;Echo;(30 secondes.) L'Echo est remplacé par la compétence suivante que vous utilisez (30 secondes).;0;-1;23;5;0;5;1;10;0;0;1;0;0;0;0;
75;Echo des arcanes;Arkanes Echo;(20 secondes.) L'Echo des arcanes est remplacé par le sort suivant que vous utilisez (20 secondes).;0;-1;23;5;0;15;2;20;0;0;0;0;0;0;0;
76;Fardeau imaginaire;Eingebildete Bürde;(8..20 secondes.) La cible ennemie se déplace 50% moins vite.;0;1;24;5;0;15;1;30;0;0;0;0;0;0;0;
77;Tempête chaotique;Chaossturm;;1;2;22;5;0;5;2;30;0;0;0;0;0;0;0;
78;Epidémie;Epidemie;Les conditions dont souffre l'ennemi visé sont transmises aux ennemis adjacents.;0;-1;22;5;0;5;.25;5;0;0;0;0;0;0;0;
79;Drain d'énergie;Energieentzug;;0;3;22;5;0;5;1;20;0;0;1;0;0;0;0;
80;Siphon d'énergie;Energie abzapfen;Provoque une perte de 4..7 points d'énergie. Vous obtenez 2 points d'énergie par point d'énergie perdu.;0;3;22;5;0;5;2;30;0;0;0;0;0;0;0;
81;Vol des arcanes;Arkaner Diebstahl;(5..35 secondes.) Désactive un sort aléatoire. Cette compétence remplace ce sort.;1;2;22;5;0;10;1;0;0;0;0;0;0;0;0;
82;Mantra de rappel;Mantra der Zurückrufung;;1;3;23;5;0;10;1;30;0;0;1;0;0;0;0;
83;Animation d'horreur squelettique;Knochenschreck beleben;;1;5;22;4;0;5;1;5;0;0;0;0;0;0;0;
84;Animation de démon squelette;Knochenteufel beleben;;0;5;22;4;0;15;1;5;0;0;0;0;0;0;0;
85;Animation de serviteurs squelettes;Knochendiener beleben;;0;5;22;4;0;10;1;5;0;0;0;0;0;0;0;
86;Equilibre de Grenth;Grenths Ausgleich;Vous gagnez la moitié de la différence de santé entre vous et l'ennemi visé et celui-ci en perd autant. Si cet ennemi a moins de santé que vous, vous perdez la moitié de la différence et l'ennemi récupère la même quantité.;0;-1;22;4;0;10;.25;10;0;0;1;0;0;0;0;
87;Regard de Verata;Veratas Starren;;1;5;22;4;0;5;1;5;0;0;0;0;0;0;0;
88;Aura de Verata;Veratas Aura;;1;5;23;4;0;15;.75;30;0;33;0;0;0;0;0;
89;Froideur mortelle;Tödliche Kühlung;;1;5;22;4;0;10;1;5;0;0;0;0;0;0;0;
90;Sacrifice de Verata;Veratas Opfer;;1;5;22;4;0;10;2;60;0;15;0;0;0;0;0;
91;Puits de pouvoir;Brunnen der Kraft;;1;4;28;4;0;5;1;15;0;0;1;0;0;0;0;
92;Puits de sang;Brunnen des Blutes;;0;4;28;4;0;10;1;2;0;0;0;0;0;0;0;
93;Puits de souffrance;Brunnen des Leidens;;1;5;28;4;0;10;1;10;0;0;0;0;0;0;0;
94;Puits du profane;Gottloser Brunnen;;0;5;28;4;0;25;3;10;0;0;0;0;0;0;0;
95;Explosion putride;Explosion der Verwesung;Fait exploser un cadavre qui inflige 24..120 points de dégâts aux ennemis à proximité.;0;5;22;4;0;10;1;5;0;0;0;0;0;0;0;
96;Festin de l'âme;Seelenschmaus;;0;5;22;4;0;10;1;0;0;0;0;0;0;0;0;
97;Voyage nécrotique;Nekrotische Verwechslung;;1;5;22;4;0;5;.75;0;0;0;0;0;0;0;0;
98;Combustion corporelle;Kadaver verzehren;;1;5;22;4;0;5;1;0;0;0;0;0;0;0;0;
99;Lien parasitaire;Parasitäre Fesseln;(20 secondes.) Provoque une dégénération de santé de -1. Effet final : vous gagnez 30..120 points de vie.;0;7;24;4;0;5;1;2;0;0;0;0;0;0;0;
100;Ame barbelée;Seelenwiderhaken;;1;7;24;4;0;10;2;20;0;0;0;0;0;0;0;
101;Barbelés;Widerhaken;;0;7;24;4;0;10;2;5;0;0;0;0;0;0;0;
102;Choc de l'ombre;Schattenschlag;;1;4;22;4;0;10;2;15;0;0;0;0;0;0;0;
103;Prix de l'échec;Preis des Versagens;;1;7;24;4;0;15;2;20;0;0;0;0;0;0;0;
104;Nova mortelle;Todesnova;;0;5;23;4;0;5;2;0;0;0;0;0;0;0;0;
105;Essaim mortel;Tödlicher Schwarm;;0;5;22;4;0;10;2;6;0;0;0;0;0;0;0;
106;Putréfaction;Verrottendes Fleisch;;0;5;22;4;0;15;3;3;0;0;0;0;0;0;0;
107;Virulence;Ansteckung;;1;5;22;4;0;5;1;15;0;0;1;0;0;0;0;
108;Souffrance;Leiden;Inflige également des maléfices aux ennemis à proximité de la cible (6..30 secondes). Ces ennemis subissent une dégénération de santé de -0..3.;0;7;24;4;0;15;1;10;0;0;0;0;0;0;0;
109;Siphon de vie;Leben abzapfen;(12..24 secondes.) L'ennemi visé subit une dégénrération de -1..3. Vous bénéficiez d'une régénération de santé de +1..3.;0;4;24;4;0;10;1;5;0;0;0;0;0;0;0;
110;Festin impie (PvP);Unheiliger Schmaus (PvP);;0;4;22;4;0;15;.75;20;0;0;0;0;0;0;0;
111;Réveil du sang;Das Blut erwecken;;1;4;23;4;0;10;1;45;0;0;0;0;0;0;0;
112;Désacralisation d'enchantements;Verzauberungsschändung;;1;7;22;4;0;10;2;15;0;0;0;0;0;0;0;
113;Chair putréfiée;Verdorbenes Fleisch;;0;5;23;4;0;5;1;0;0;0;1;0;0;0;0;
114;Aura de la liche;Aura des Lich;Exploite tous les cadavres à portée de voix. Anime une horreur squelettique de niveau 1..17, plus une horreur squelettique pour chaque cadavre exploité. Votre Magie de la mort est augmentée de +1 (5..45 secondes).;1;5;23;4;0;15;2;45;0;0;1;0;0;0;0;
115;Transfusion sanguine;Bluterneuerung;;1;4;23;4;0;1;1;7;0;15;0;0;0;0;0;
116;Aura noire;Dunkle Aura;;0;5;23;4;0;10;1;10;0;0;0;0;0;0;0;
117;Affaiblissement (PvP);Schwächen (PvP);Inflige la Faiblesse (10..30 secondes).;1;7;22;4;0;5;.25;10;0;0;0;0;0;0;0;
118;Sang du faible (PvP);Schwächendes Blut (PvP);;0;7;22;4;0;1;1;8;0;17;0;0;0;0;0;
119;Pouvoir du sang;Blut ist Kraft;;0;4;23;4;0;1;.25;0;0;33;1;0;0;0;0;
120;Sang du Maître;Blut des Meisters;;0;5;22;4;0;5;1;2;0;5;0;0;0;0;0;
121;Esprit malveillant;Boshafter Geist;(8..20 secondes.) Chaque fois que l'ennemi visé attaque ou utilise une compétence, lui et les ennemis adjacents subissent 5..35 points de dégâts.;1;7;24;4;0;15;2;10;0;0;1;0;0;0;0;
122;Intervention néfaste;Unheilvoller Eingriff;;1;5;24;4;0;10;1;5;0;0;0;0;0;0;0;
123;Parasite sournois;Heimtückischer Parasit;;1;7;24;4;0;15;1;12;0;0;0;0;0;0;0;
124;Frissons glacés;Rückenschauer;;1;7;24;4;0;10;2;15;0;0;0;0;0;0;0;
125;Flétrissure;Verwelken;;1;7;24;4;0;10;1;5;0;0;1;0;0;0;0;
126;Transfert de vie;Lebensübertragung;;1;4;24;4;0;5;1;20;0;0;1;0;0;0;0;
127;Marque de subversion;Zeichen der Subversion;;1;4;24;4;0;10;2;30;0;0;0;0;0;0;0;
128;Sangsue de l'âme;Seelenfresser;;1;4;24;4;0;15;1;7;0;0;1;0;0;0;0;
129;Souillure charnelle;Fleisch schänden;;0;7;24;4;0;10;1;10;0;10;0;0;0;0;0;
130;Chair démoniaque;Dämonenfleisch;;0;4;23;4;0;5;1;30;0;0;0;0;0;0;0;
131;Sceau barbelé;Siegel der Widerhaken;;0;4;21;4;0;0;1;10;0;8;0;0;0;0;0;
132;Sceau du fléau;Pest-Siegel;;0;7;21;4;0;0;1;4;0;0;1;0;0;0;0;
133;Pacte noir;Dunkler Pakt;;0;4;22;4;0;1;1;2;0;10;0;0;0;0;0;
134;Ordre de la douleur;Orden der Schmerzen;;0;4;23;4;0;10;2;0;0;17;0;0;0;0;0;
135;Appréhension;Mutlosigkeit;;0;7;24;4;0;10;1;8;0;0;0;0;0;0;0;
136;Ombre de terreur;Schatten der Angst;;1;7;24;4;0;10;2;5;0;0;0;0;0;0;0;
137;Rigor Mortis;Totenstarre;;0;7;24;4;0;10;1;20;0;0;0;0;0;0;0;
138;Lien noir;Dunkles Band;;0;4;23;4;0;5;2;20;0;0;0;0;0;0;0;
139;Transfert de condition;Zustand einflößen;;1;5;23;4;0;5;1;20;0;0;0;0;0;0;0;
140;Malaise;Unwohlsein;;1;7;24;4;0;5;2;2;0;0;0;0;0;0;0;
141;Abolition des enchantements;Verzauberungen entreißen;Supprime 5..9 enchantements affectant l'ennemi visé. Coût de la suppression : vous perdez 55..25 points de vie par enchantement de Moine supprimé.;0;7;22;4;0;5;2;20;0;0;0;0;0;0;0;
142;Malédiction latente;Bleibender Fluch;(6..30 secondes.) La cible et tous les ennemis à proximité souffrent d'une dégénération de santé de -0..3 et reçoivent 20% de guérison en moins.;0;7;24;4;0;15;1;10;0;0;1;0;0;0;0;
143;Suppression d'un enchantement;Verzauberung rauben;;0;4;22;4;0;10;1;20;0;0;0;0;0;0;0;
144;Engelures;Frostbeulen;;0;7;22;4;0;25;2;8;0;0;0;0;0;0;0;
145;Sceau d'agonie (PvP);Siegel der Qual (PvP);;0;4;21;4;0;0;.75;20;0;10;0;0;0;0;0;
146;Offrande de sang;Blutopfer;Vous gagnez 8..20 ponts d'énergie.;1;4;22;4;0;1;.25;15;0;20;1;0;0;0;0;
147;Fureur noire;Dunkle Wut;;1;4;23;4;0;10;.75;5;0;17;0;0;0;0;0;
148;Ordre du vampire;Orden des Vampirs;;1;4;23;4;0;5;2;5;0;17;1;0;0;0;0;
149;Propagation du fléau;Pest aussenden;;1;7;22;4;0;1;1;5;0;10;0;0;0;0;0;
150;Marque de douleur;Zeichen des Schmerzes;;0;7;24;4;0;10;1;20;0;0;0;0;0;0;0;
151;Festin de corruption;Schmaus der Verdorbenheit;;1;7;22;4;0;15;2;15;0;0;1;0;0;0;0;
152;Goût de la mort;Geschmack des Todes;;0;5;22;4;0;5;.25;0;0;0;0;0;0;0;0;
153;Regard vampirique;Vampir-Starren;;0;4;22;4;0;10;1;8;0;0;0;0;0;0;0;
154;Caresse contagieuse;Pest-Berührung;;0;7;1;4;0;5;.75;0;0;0;0;0;0;0;0;
155;Caresse nocive;Abscheuliche Berührung;;0;5;1;4;0;10;.75;2;0;0;0;0;0;0;0;
156;Caresse vampirique;Vampir-Berührung;;1;4;1;4;0;15;.75;2;0;0;0;0;0;0;0;
157;Rituel de sang;Blutritual;(8..14 secondes). Régénération d'énergie de +3. Vous ne pouvez pas vous prendre pour cible.;1;4;23;4;0;5;1;2;0;17;0;0;0;0;0;
158;Caresse d'agonie;Berührung der Qual;;1;4;1;4;0;1;.75;3;0;10;0;0;0;0;0;
159;Armure affaiblie;Rüstung schwächen;;0;7;22;4;0;5;.5;5;0;0;0;0;0;0;0;
160;Vitesse du vent;Windgeschwindigkeit;(5..11 secondes.) La cible (un allié ou vous-même) se déplace 33% plus vite.;1;8;23;6;0;10;.75;5;0;0;0;0;0;0;0;
162;Bourrasque;Orkan;Attaque assommante. Vous souffrez d'Epuisement. 50% de chances d'échouer sauf si la valeur de Magie de l'air est de 5 ou plus.;0;8;22;6;0;10;1;5;0;0;0;0;10;0;0;
163;Tornade;Wirbelsturm;Frappe les ennemis qui vous sont adjacents. Inflige 15..60 points de dégâts du froid. Assomme les assaillants ennemis.;1;8;22;6;0;5;.75;8;0;0;0;0;0;0;0;
164;Affinité élémentaire;Elementareinstimmung;(25..60 secondes.) Vos caractéristiques élémentaires augmentent de range;0;12;23;6;0;10;1;20;0;0;1;0;0;0;0;
165;Armure de la terre;Erdrüstung;(30 secondes.) Vous bénéficiez d'un bonus d'armure de +24..60. Vous vous déplacez 50..14% moins vite.;0;9;23;6;0;10;.75;15;0;0;0;0;0;0;0;
166;Armure cinétique;Kinetik-Rüstung;;1;9;23;6;0;15;3;30;0;0;0;0;0;0;0;
167;Eruption;Eruption;Inflige 10..40 points de dégâts de la terre par seconde (5 secondes). Frappe les ennemis à proximité de la position initiale de la cible. Inflige l'Aveuglement (10 secondes).;1;9;22;6;0;25;2;30;0;0;0;0;0;0;0;
168;Aura magnétique;Magnet-Aura;;1;9;23;6;0;10;1;12;0;0;0;0;0;0;0;
169;Affinité terrestre;Erdeinstimmung;(36..60 secondes.) Quand vous utilisez une compétence de Magie de la terre, vous gagnez 1 point d'énergie plus 30% de son coût en énergie.;0;9;23;6;0;10;1;30;0;0;0;0;0;0;0;
170;Séisme;Erdbeben;Inflige 26..100 points de dégâts de la terre. Affecte également les ennemis près de la cible. Attaque assomante. Vous souffrez d'Epuisement.;1;9;22;6;0;25;3;15;0;0;0;0;10;0;0;
171;Lapidation;Steinigung;Projectile : inflige 45..105 points de dégâts de la terre. Assomme si l'ennemi visé souffre de Faiblesse.;0;9;22;6;0;15;1;5;0;0;0;0;0;0;0;
172;Dagues de pierre;Steindolche;Deux projectiles : chacun inflige 8..33 points de dégâts de la Terre.;0;9;22;6;0;5;1;0;0;0;0;0;0;0;0;
173;Etreinte de la terre;Zupackende Erde;Inflige des maléfices aux ennemis à proximité de vous (8..20 secondes). Ces ennemis se déplacent 50% moins vite.;1;9;24;6;0;10;.75;12;0;0;0;0;0;0;0;
174;Réplique sismique;Nachbeben;Inflige 26..100 points de dégâts de la terre aux ennemis qui vous sont adjacents. Inflige 10..68 points de dégâts de la terre supplémentaires aux ennemis assommés.;0;9;22;6;0;10;.75;10;0;0;0;0;0;0;0;
175;Protection contre les éléments;Abwehr gegen Elemente;(8..20 secondes.) Les alliés dans cette Protection ont un bonus d'armure de +24 contre les dégâts élémentaires. N'affecte pas les esprits.;1;9;26;6;0;10;1;20;0;0;0;0;0;0;0;
176;Protection de contact;Abwehr gegen Nahkampf;;0;9;26;6;0;15;1;30;0;0;0;0;0;0;0;
177;Protection contre l'ennemi;Abwehr gegen Feinde;(8..20 secondes.) Les ennemis dans cette Protection se déplacent 50% moins vite.;0;9;26;6;0;15;1;20;0;0;0;0;0;0;0;
178;Prodige éthéré;Ätherwunder;;1;12;23;6;0;5;1;5;0;0;1;0;10;0;0;
179;Liens incendiaires;Brandbänder;(3 secondes.) Effet final : inflige 20..80 points de dégâts du feu et inflige la Brûlure (1..3 seconde(s)) aux ennemis à proximité de votre cible. S'active également si l'ennemi meurt.;1;10;24;6;0;10;1;7;0;0;0;0;5;0;0;
180;Aura de rétablissement (PvP);Aura der Wiederherstellung (PvP);;0;12;23;6;0;5;.25;20;0;0;0;0;0;0;0;
181;Renouveau éthéré (PvP);Äthererneuerung (PvP);(10 secondes.) Chaque fois que vous lancez un sort, vous gagnez 1..3 point(s) d'énergie et 5..20 points de vie par enchantement vous affectant.;1;12;23;6;0;10;1;30;0;0;1;0;0;0;0;
182;Conjuration de flamme;Flammenbeschwörung;(60 secondes.) Vos attaques infligent +5..20 points de dégâts du feu.;0;10;23;6;0;10;1;45;0;0;0;0;0;0;0;
183;Enfer;Inferno;Inflige 30..135 points de dégâts du feu aux ennemis qui vous sont adjacents.;0;10;22;6;0;10;.75;10;0;0;0;0;0;0;0;
184;Affinité ignée;Feuereinstimmung;(36..60 secondes.) Quand vous utilisez une compétence de Magie du feu, vous gagnez 1 point d'énergie plus 30% de son coût en énergie.;0;10;23;6;0;10;1;30;0;0;0;0;0;0;0;
185;Flamme spirituelle;Geistige Verbrennung;;0;10;22;6;0;5;1;5;0;0;1;0;5;0;0;
186;Boule de feu;Feuerball;Projectile : inflige 7..112 points de dégâts du feu à la cible et aux ennemis adjacents.;0;10;22;6;0;10;1.5;7;0;0;0;0;0;0;0;
187;Météore;Meteor;Inflige 7..112 points de dégâts du feu et assomme. Frappe également les ennemis adjacents à la cible. Vous souffrez d'Epuisement.;0;10;22;6;0;5;2;30;0;0;0;0;10;0;0;
188;Projection de flammes;Flammenstoß;Inflige 15..120 points de dégâts du feu à tous les ennemis proches de vous.;1;10;22;6;0;15;.75;5;0;0;0;0;0;0;0;
189;Invocation de Rodgort;Anrufung von Rodgort;Inflige 15..120 points de dégâts du feu. Affecte également les ennemis à proximité de votre cible. Inflige la Brûlure (1..3 seconde(s)).;1;10;22;6;0;25;2;8;0;0;0;0;0;0;0;
190;Marque de Rodgort;Zeichen des Rodgort;Inflige également des maléfices aux ennemis à proximité de votre cible (10..35 secondes). Inflige la Brûlure (1..4 secondes) quand ces ennemis subissent des dégâts du feu.;1;10;24;6;0;15;1;15;0;0;0;0;0;0;0;
191;Immolation;Feueropfer;Inflige 20..75 points de dégâts du feu. Inflige la Brûlure (1..3 seconde(s)).;0;10;22;6;0;10;1;5;0;0;0;0;0;0;0;
192;Pluie de météores;Meteorschauer;Inflige 7..112 points de dégâts du feu et assomme toutes les 3 secondes (9 secondes). Frappe les ennemis adjacents à la position initiale de la cible. Vous souffrez d'Epuisement.;1;10;22;6;0;25;5;60;0;0;0;0;10;0;0;
193;Phénix;Phönix;Projectile : inflige 15..90 points de dégâts du feu à la cible et aux ennemis adjacents. Effet initial: inflige 7..112 points de dégâts du feu aux ennemis qui vous sont adjacents.;1;10;22;6;0;10;1.5;7;0;0;0;0;0;0;0;
194;Eclat de feu;Feuergeschoss;Projectile : inflige 20..65 point de dégâts du feu.;0;10;22;6;0;5;1;0;0;0;0;0;0;0;0;
195;Fontaine de lave;Lavabecken;Inflige 5..50 points de dégâts du feu par secondes (5 secondes). Affecte les ennemis adjacents à votre position initiale.;1;10;22;6;0;10;1.5;4;0;0;0;0;0;0;0;
196;Chaleur de fournaise;Sengende Hitze;Inflige 10..40 points de dégâts du feu par seconde (5 secondes). Frappe les ennemis à proximité de la position initiale de la cible. Effet final : inflige la Brûlure (3 secondes).;1;10;22;6;0;15;2;25;0;0;0;0;0;0;0;
197;Tempête de feu;Feuersturm;Inflige 5..35 points de dégâts du feu par seconde (10 secondes). Frappe les ennemis adjacents à la position initiale de la cible.;0;10;22;6;0;10;2;20;0;0;0;0;0;0;0;
198;Glyphe de pouvoir élémentaire;Glyphe der Elementarkraft;;0;-1;16;6;0;5;1;5;0;0;0;0;0;0;0;
199;Glyphe d'énergie;Glyphe der Energie;;1;12;16;6;0;5;1;25;0;0;1;0;0;0;0;
200;Glyphe d'énergie mineure;Glyphe der geringeren Energie;(15 secondes.) Vos prochains sorts (2 sorts) coûtent 10..18 points d'énergie en moins.;0;12;16;6;0;5;1;30;0;0;0;0;0;0;0;
201;Glyphe de concentration;Glyphe der Konzentration;;1;-1;16;6;0;5;1;10;0;0;0;0;0;0;0;
202;Glyphe de sacrifice;Glyphe der Opferung;;1;-1;16;6;0;5;1;15;0;0;0;0;0;0;0;
203;Glyphe du renouveau;Glyphe der Erneuerung;(15 secondes.) Votre sort suivant se recharge instantanément.;1;-1;16;6;0;5;1;10;0;0;1;0;0;0;0;
204;Rouille;Rost;;0;11;24;6;0;10;1;8;0;0;0;0;0;0;0;
205;Décharge foudroyante;Blitzwelle;;0;8;24;6;0;15;1;10;0;0;1;0;0;0;0;
206;Armure de givre;Frostrüstung;;1;11;23;6;0;5;1;20;0;0;0;0;0;0;0;
207;Conjuration du froid;Frost beschwören;(60 secondes.) Vos attaques infligent +5..20 points de dégâts du froid.;0;11;23;6;0;10;1;45;0;0;0;0;0;0;0;
208;Affinité aquatique;Wassereinstimmung;(36..60 secondes.) Quand vous utilisez une compétence de Magie de l'eau, vous gagnez 1 point d'énergie plus 30% de son coût en énergie.;0;11;23;6;0;10;1;30;0;0;0;0;0;0;0;
209;Gel spirituel (PvP);Geistige Erfrierung (PvP);;0;11;24;6;0;10;1;5;0;0;1;0;5;0;0;
210;Prison de glace;Eisgefängnis;(8..20 secondes.) La cible ennemie se déplace 66% moins vite.;1;11;24;6;0;10;2;30;0;0;0;0;0;0;0;
211;Tessons de glace;Eisdornen;Inflige également des maléfices aux ennemis adjacent à la cible (2..6 secondes.) Ces ennemis se déplacent 66% moins vite. Effet initial : inflige 20..80 points de dégâts du froid.;0;11;24;6;0;15;1.5;10;0;0;0;0;0;0;0;
212;Explosion glaciale;Frostexplosion;Lance un maléfice aux ennemis à proximité de vous. Ces ennemis se déplacent 66% moins vite (3..8 secondes). Effet initial : inflige 10..85 points de dégâts du froid aux ennemis à proximité de vous.;1;11;24;6;0;15;.75;8;0;0;0;0;0;0;0;
213;Tempête de glace;Scherbensturm;Projectile : inflige 10..85 points de dégâts du froid. L'ennemi visé se déplace 66% moins vite (2..6 secondes).;1;11;24;6;0;10;1;10;0;0;0;0;0;0;0;
214;Lance de glace;Eisspeer;Projectile : inflige 10..70 points de dégâts du froid.;0;11;23;6;0;5;1;0;0;0;0;0;0;0;0;
215;Maelström;Strudel;Inflige 10..25 points de dégâts du froid et interrompt les sort toutes les secondes (10 secondes). Frappe les ennemis adjacents à la position initiale de la cible. Vous souffre d'Epuisement.;0;11;22;6;0;25;2;30;0;0;0;0;10;0;0;
216;Brume de fer;Eisennebel;(8..15 secondes.) Vous obtenez un bonus d'armure de +15. Vos sorts d'air qui ciblent un ennemi s'activent et se rechargent 33% plus vite, mais vous subissez un Afflux de 2 points.;1;9;23;6;0;10;1;20;0;0;0;0;0;0;0;
217;Vague de cristal;Kristallwelle;;1;9;22;6;0;15;.75;15;0;0;0;0;0;0;0;
218;Chair d'obsidienne;Obsidianfleisch;(8..20 secondes.) Vous bénéficiez d'un bonus d'armure de +20 et ne pouvez être la cible des sorts ennemis. Vous vous déplacez 50% moins vite.;0;9;23;6;0;25;1;30;0;0;1;0;0;0;0;
219;Flamme d'obsidienne (PvP);Obsidianflamme (PvP);;0;9;22;6;0;5;1.5;5;0;0;0;0;5;0;0;
220;Eblouissement;Blitzblendung;Provoque l'Aveuglement (3..8 secondes.);0;8;22;6;0;10;.75;8;0;0;0;0;0;0;0;
221;Conjuration de la foudre;Blitzbeschwörung;;0;8;23;6;0;10;1;45;0;0;0;0;0;0;0;
222;Eclair foudroyant;Blitzschlag;Inflige 5..50 points de la foudre. Pénétration d'armure de 25%.;0;8;24;6;0;5;1;5;0;0;0;0;0;0;0;
223;Chaîne d'éclairs;Kettenblitz;Inflige 10..85 points de dégâts de la foudre. Frappe également deux ennemis près de la cible 25% de pénétration d'armure. Entraine l'Epuisement si vous n'êtes pas sous les effet d'un enchantement.;1;8;22;6;0;10;2;6;0;0;0;0;5;0;0;
224;Décharge incapacitante;Schwächende Aufladung;Inflige 25..50 points de dégâts de la foudre. Inflige la Faiblesse (5..20 secondes). Pénétration d'armure de 25%.;0;8;22;6;0;10;1;8;0;0;0;0;0;0;0;
225;Affinité aérienne;Lufteinstimmung;(36..60 secondes.) Quand vous utilisez une compétence de Magie de l'air, vous gagnez 1 point d'énergie plus 30% de son coût en énergie.;0;8;23;6;0;10;1;30;0;0;0;0;0;0;0;
226;Choc spirituel (PvP);Geistiger Schock (PvP);;1;8;22;6;0;5;1;8;0;0;1;0;10;0;0;
227;Marque éblouissante;Schimmerndes Zeichen;(10 secondes.) Inflige 5..25 points de dégâts par seconde. Prend fin si vous lancez un sort qui cible cet ennemi.;1;8;24;6;0;10;1;15;0;0;1;0;0;0;0;
228;Coup de tonnerre;Donnerschlag;;1;8;22;6;0;10;1;8;0;0;1;0;0;0;0;
229;Globe de foudre;Kugelblitz;;0;8;22;6;0;15;2;5;0;0;0;0;0;0;0;
230;Javelot de foudre;Blitzspeer;;1;8;22;6;0;5;1;5;0;0;0;0;0;0;0;
231;Décharge électrique;Schock;;1;8;1;6;0;5;.75;10;0;0;0;0;10;0;0;
232;Caresse foudroyante;Blitz-Berührung;Inflige 10..60 points de dégâts de la foudre. Frappe également les ennemis adjacents à la cible. Inflige l'Aveuglement (3..8 secondes) aux ennemis sous les effets d'un maléfice de la magie de l'eau. Pénétration d'armure de 25%.;0;8;1;6;0;5;.75;10;0;0;0;0;0;0;0;
233;Aura tourbillon;Wirbelnde Aura;;1;11;23;6;0;10;1;15;0;0;0;0;0;0;0;
234;Congélation;Tiefgefrieren;Inflige également des maléfices aux ennemis à proximité de la cible (10 secondes). Ces ennemis se déplacent 66% moins vite. Effet initial : inflige 10..85 points de dégâts du froid.;0;11;24;6;0;25;2;15;0;0;0;0;0;0;0;
235;Vision troublée;Verschwommene Sicht;;0;11;24;6;0;10;1;12;0;0;0;0;0;0;0;
236;Forme de brume (PvP);Nebelform (PvP);;1;11;23;6;0;5;1;20;0;0;1;0;0;0;0;
237;Trident marin;Wasserdreizack;;1;11;22;6;0;5;1;3;0;0;1;0;0;0;0;
238;Armure de brume;Nebelrüstung;;1;11;23;6;0;10;1;30;0;0;0;0;0;0;0;
239;Protection contre le mal (PvP);Abwehr gegen Schaden (PvP);;1;11;26;6;0;15;1;30;0;0;1;0;0;0;0;
240;Châtiment;Peinigung;;1;14;22;3;0;10;1;10;0;0;0;0;0;0;0;
241;Lien de vie;Lebensbindung;;0;15;23;3;-1;10;2;0;0;0;0;0;0;0;0;
242;Esprit de Balthazar;Balthasars Geist;;1;14;23;3;-1;10;2;0;0;0;0;0;0;0;0;
243;Force de l'honneur (PvP);Stärke der Ehre (PvP);;0;14;23;3;-1;10;2;15;0;0;0;0;0;0;0;
244;Affinité vitale;Lebenseinstimmung;La cible alliée récupère 14..50% de santé en plus lorsqu'elle est guérie. Cet allié inflige 30% de dégâts en moins avec ses attaques.;1;15;23;3;-1;10;2;0;0;0;0;0;0;0;0;
245;Esprit protecteur;Schutzgeist;;0;15;23;3;0;10;.25;5;0;0;0;0;0;0;0;
246;Intervention divine;Göttliche Intervention;;0;16;23;3;0;5;.25;30;0;0;0;0;0;0;0;
247;Symbole de Courroux;Symbol des Zorns;;1;14;22;3;0;5;1;20;0;0;0;0;0;0;0;
248;Punition;Vergeltung;;0;14;23;3;-1;10;2;0;0;0;0;0;0;0;0;
249;Colère divine;Heiliger Zorn;;1;14;23;3;0;10;1;10;0;0;0;0;0;0;0;
250;Liens de l'Essence;Essenzbindung;;1;-1;23;3;-1;10;2;0;0;0;0;0;0;0;0;
251;Guérison néfaste;Geißelheilung;(30 secondes.) Chaque fois que l'ennemi visé est soigné, le soigneur subit 15..80 points de dégâts sacrés.;0;14;24;3;0;10;2;5;0;0;0;0;0;0;0;
252;Bannissement;Verbannung;Inflige 20..56 points de dégâts sacrés. Inflige deux fois plus de dégâts aux créatures invoquées.;0;14;22;3;0;5;1;10;0;0;0;0;0;0;0;
253;Sacrifice néfaste;Geißelopfer;;1;14;24;3;0;5;1;5;0;0;0;0;0;0;0;
254;Esprit vigoureux;Energischer Geist;;1;13;23;3;0;5;.25;4;0;0;0;0;0;0;0;
255;Esprit vigilant;Wachsamer Geist;;1;16;23;3;-1;15;1;5;0;0;0;0;0;0;0;
256;Aura sacrée;Gesegnete Aura;;1;16;23;3;-1;10;2;2;0;0;0;0;0;0;0;
257;Egide (PvP);Aegis (PvP);(1..3 seconde(s).) Les sorts hostiles et les attaques contre l'allié visé échouent. Vous ne pouvez pas vous prendre pour cible.;0;15;23;3;0;10;.25;30;0;0;0;0;0;0;0;
258;Gardien;Wächter;;0;15;23;3;0;5;1;6;0;0;0;0;0;0;0;
259;Bouclier de détournement;Ablenkungsschild;(3..10 secondes.) 75% de chances de bloquer. Bonus d'armure de +15..30.;1;15;23;3;0;10;.25;5;0;0;1;0;0;0;0;
260;Aura de foi;Glaubensaura;(3 secondes.) La cible (un allié ou vous-même) gagne 50..100% de santé supplémentaire lorsqu'elle est soignée et subit 5..50% de dégâts en moins.;1;15;23;3;0;5;.25;8;0;0;1;0;0;0;0;
261;Bouclier de régénération;Schild der Regeneration;(5..13 secondes.) Régénération de santé de +3..10 et bonus d'armure de +40.;0;15;23;3;0;10;.25;8;0;0;1;0;0;0;0;
262;Bouclier du jugement;Schild des Urteils;(8..20 secondes.) Inflige 5..50 points de dégâts sacrés aux ennemis qui attaquent la cible alliée. Attaque assomante.;1;14;23;3;0;15;1;45;0;0;1;0;0;0;0;
263;Lien de protection;Band des Schutzes;;1;15;23;3;-1;10;2;0;0;0;0;0;0;0;0;
264;Pacifisme;Pazifismus;;1;15;24;3;0;10;2;15;0;0;0;0;0;0;0;
265;Amitié;Freundschaft;(4..12 secondes.) Les ennemis adjacents à vous ne peuvent pas attaquer. Prend fin si un ennemi subit des dégâts.;1;15;24;3;0;5;.25;20;0;0;1;0;0;0;0;
266;Paix et harmonie;Frieden und Harmonie;;1;16;23;3;0;5;.25;10;0;0;1;0;0;0;0;
267;Clairvoyance du juge;Einblick des Richters;(8..20 secondes.) Convertit les dégâts des attaques de l'allié visé en dégâts sacrés et ajoute une pénétration d'armure de +20%.;0;14;23;3;0;10;2;10;0;0;0;0;0;0;0;
268;Aura inflexible (PvP);Unnachgiebige Aura (PvP);Ressuscite le membre du groupe visé (santé et énergie maximum). Effet final : cet allié meurt et laisse un cadavre exploité. N'entraîne pas de handicap. 50% de chances d'échouer sauf si la valeur de Faveur divine est de 5 ou plus.;1;16;23;3;-1;5;3;15;0;0;1;0;0;0;0;
269;Marque de protection;Schutzzeichen;(10 secondes.) Convertit les dégâts subis en soins (maximum : 6..60 points de vie). L'effet de toutes les prières de protection est annulé (5 secondes).;1;15;23;3;0;10;.25;15;0;0;1;0;0;0;0;
270;Barrière vitale;Lebenssperre;Réduit les dégâts de 20..50%. Vous ne pouvez pas vous prendre pour cible. Si vous avez moins de 50% de santé quand la cible subit des dégâts, la Barrière vitale se dissipe.;1;15;23;3;-1;15;2;5;0;0;1;0;0;0;0;
271;Feu du zélote;Eifererfeuer;;0;14;23;3;0;10;.25;30;0;0;0;0;0;0;0;
272;Aura de Balthazar;Balthasars Aura;(8 secondes.) Inflige 10..25 points de dégâts sacrés par seconde aux ennemis adjacents à la cible visée.;0;14;23;3;0;15;1;20;0;0;0;0;0;0;0;
273;Briseur de sorts;Zauberbrecher;(5..17 secondes.) La cible alliée ne peut pas être la cible de sorts ennemis.;0;16;23;3;0;15;1;45;0;0;1;0;0;0;0;
274;Graine de guérison;Heilender Samen;;0;13;23;3;0;10;2;25;0;0;0;0;0;0;0;
275;Rétablissement partiel;Zustand bessern;;1;15;22;3;0;5;.75;2;0;0;0;0;0;0;0;
276;Rétablissement total;Zustand wiederherstellen;Supprime toutes les conditions. Effet de la suppression : soigne de 10..70 points de vie par condition supprimée. Vous ne pouvez pas vous prendre pour cible.;1;15;22;3;0;5;.75;2;0;0;1;0;0;0;0;
277;Guérison des affections;Leiden heilen;;0;15;22;3;0;5;.75;5;0;0;0;0;0;0;0;
278;Purification des conditions;Zustände reinigen;Supprime toutes les conditions.;0;-1;22;3;0;5;.25;20;0;0;0;0;0;0;0;
279;Guérison divine;Göttliche Heilung;;1;16;22;3;0;5;1;12;0;0;0;0;0;0;0;
280;Zone de guérison;Gebiet heilen;Vous êtes soignés ainsi que les alliés et ennemis adjacents de 30..180 points de vie.;1;13;22;3;0;10;1;5;0;0;0;0;0;0;0;
281;Prière de guérison;Fürbitte der Heilung;Soigne de 20..70 points de vie.;0;13;22;3;0;5;1;2;0;0;0;0;0;0;0;
282;Parole de guérison;Wort der Heilung;Soigne de 5..100 points de vie. Soigne de 30..115 points de vie en plus si l'allié visé a moins de 50% de santé.;0;13;22;3;0;5;.75;3;0;0;1;0;0;0;0;
283;Baiser de Dwayna;Dwaynas Kuss;;1;13;22;3;0;5;1;3;0;0;0;0;0;0;0;
284;Bienfait divin;Göttlicher Segen;Chaque fois que vous lancez un sort de Prières de Protection ou de Faveur divine visant un allié, celui-ci est soigné de 15..60 point de vie. Coût de la guérison : vous perdez 1 point d'énergie.;0;16;23;3;-1;5;.25;10;0;0;0;0;0;0;0;
285;Mains du guérisseur;Heilende Hände;(10 secondes.) Soigne de 5..35 points de vie chaque fois que la cible subit des dégâts.;1;13;23;3;0;5;.25;15;0;0;1;0;0;0;0;
286;Guérison des autres;Anderen heilen;;1;13;22;3;0;10;.75;3;0;0;0;0;0;0;0;
287;Guérison de groupe (PvP);Gruppe heilen (PvP);;0;13;22;3;0;15;1;20;0;0;0;0;0;0;0;
288;Souffle de guérison;Heilender Hauch;(15 secondes.) Confère une régénération de santé de +4..9.;0;13;23;3;0;10;1;5;0;0;0;0;0;0;0;
289;Bénédiction vitale;Lebendige Segnung;;1;15;23;3;-1;10;.75;2;0;0;0;0;0;0;0;
290;Rénovation;Genesung;;0;13;23;3;-1;10;2;0;0;0;0;0;0;0;0;
291;Vie par procuration;Ersatzleben;;1;13;23;3;-1;5;2;0;0;0;0;0;0;0;0;
292;Transfert de santé;Leben einflößen;Soigne de 100..136% de votre santé actuelle divisée par deux. Vous perdez la moitié de vos points de vie actuels. Vous ne pouvez pas vous prendre pour cible.;0;13;22;3;0;10;.25;0;0;0;0;0;0;0;0;
293;Sceau de dévotion;Siegel der Hingabe;;0;16;21;3;0;0;2;5;0;0;0;0;0;0;0;
294;Sceau du jugement (PvP);Siegel des Urteils (PvP);Assomme la cible. Inflige 5..50 points de dégâts sacrés à la cible et aux ennemis adjacents.;0;14;21;3;0;0;1;20;0;0;1;0;0;0;0;
295;Sceau d'épuration;Siegel der Reinigung;;0;-1;21;3;0;0;2;20;0;0;0;0;0;0;0;
296;Sceau de la calamité;Siegel des Ruins;Inflige 26..56 points de dégâts sacrés. Attaque assommante si l'ennemi visé attaque.;0;14;21;3;0;0;1;20;0;0;0;0;0;0;0;
297;Sceau sacré;Gesegnetes Siegel;;0;16;21;3;0;0;2;10;0;0;0;0;0;0;0;
298;Martyre;Märtyrer;Vous transférez vers vous toutes les conditions de tous vos alliés.;0;-1;22;3;0;5;.25;10;0;0;1;0;0;0;0;
299;Mains du protecteur;Schützende Hände;(8 secondes.) Réduit les dégâts et le vol de vie subis de 3..18. Effet final : soigne de 5..50 points de vie.;0;15;23;3;0;5;.25;15;0;0;0;0;0;0;0;
300;Contemplation de la pureté;Gebot der Reinheit;;1;16;1;3;0;5;.25;10;0;0;0;0;0;0;0;
301;Annulation des maléfices;Verhexung entfernen;;0;-1;22;3;0;5;1;8;0;0;0;0;0;0;0;
302;Expiation des maléfices;Verhexung zerschlagen;;0;14;22;3;0;5;1;12;0;0;0;0;0;0;0;
303;Conversion des maléfices;Verhexungen umwandeln;Supprime tous les maléfices. Bonus d'armure de +10 par maléfice de Nécromant supprimé (8..20 secondes).;0;15;22;3;0;15;1;12;0;0;0;0;0;0;0;
304;Lumière de Dwayna;Licht von Dwayna;;1;-1;22;3;0;25;4;20;0;0;0;0;0;0;0;
305;Résurrection;Wiederbeleben;;0;-1;22;3;0;10;5;8;0;0;0;0;0;0;0;
306;Renaissance;Wiedergeburt;Ressuscite le membre du groupe visé (25% de santé et 0 point d'énergie). Téléporte la cible vers vous. Désactive les compétences de la cible (10..3 secondes). Vous perdez toute votre énergie.;0;15;22;3;0;10;5;0;0;0;0;0;0;0;0;
307;Revers de fortune;Umkehrung des Schicksals;;0;15;23;3;0;5;.25;2;0;0;0;0;0;0;0;
308;Secours;Beistand;Régénération de santé de +1 et régénération d'énergie de +1. Vous ne pouvez pas vous prendre pour cible. Vous perdez 1 point d'énergie chaque fois que l'allié visé lance un sort.;1;-1;23;3;-1;5;1;10;0;0;0;0;0;0;0;
309;Voile sacré;Heiliger Schleier;Double le temps d'incantation des maléfices lancés sur l'allié visé. Effet final : supprime un maléfice.;0;-1;23;3;-1;5;1;12;0;0;0;0;0;0;0;
310;Esprit divin;Göttlicher Geist;(1..14 seconde(s).) Les sorts de Moine coûtent 5 points en moins. Coût minimum : 1 point d'énergie.;1;16;23;3;0;10;.25;60;0;0;0;0;0;0;0;
311;Egalité de conditions;Zustände entziehen;;0;15;22;3;0;5;.25;4;0;0;0;0;0;0;0;
312;Choc sacré;Heiliger Schlag;;1;14;1;3;0;5;.75;8;0;0;0;0;0;0;0;
313;Caresse de guérison;Heilende Berührung;Soigne de 16..60 points de vie. Double la santé récupérée grâce à la Faveur Divine pour ce sort.;0;13;22;3;0;5;.75;5;0;0;0;0;0;0;0;
314;Reviviscence;Leben erneuern;;1;13;22;3;0;10;4;8;0;0;0;0;0;0;0;
315;Vengeance;Rache;;1;-1;23;3;0;10;4;30;0;0;0;0;0;0;0;
316;"Extrême limite !";Bis ans Limit!;;1;21;20;1;0;5;0;10;0;0;0;0;0;0;0;
317;Fureur guerrière;Kampfwut;(5..20 secondes.) Vous vous déplacez 33% plus vite et vos attaques vous font gagner 2 fois plus d'adrénaline.;0;17;29;1;0;0;0;0;3.2;0;1;0;0;0;0;
318;Défi à la douleur (PvP);Schmerz trotzen (PvP);;1;17;29;1;0;0;0;0;4.8;0;1;0;0;0;0;
319;Course;Ansturm;;1;17;29;1;0;0;0;0;3.2;0;0;0;0;0;0;
320;Coupe-jarret;Lähmung;;0;20;10;1;0;5;0;10;0;0;0;0;0;0;0;
321;Coup sauvage;Rundumschlag;;0;-1;3;1;0;5;0;8;0;0;0;0;0;0;0;
322;Attaque puissante;Kraftangriff;Inflige +10..40 points de dégâts.;0;17;3;1;0;5;0;3;0;0;0;0;0;0;0;
323;Frappe désespérée;Verzweiflungsschlag;;1;21;3;1;0;5;0;7;0;0;0;0;0;0;0;
324;Frisson de victoire;Rausch des Sieges;;0;21;3;1;0;5;0;8;0;0;0;0;0;0;0;
325;Coup de diversion;Ablenkungsschlag;;0;-1;3;1;0;5;.5;10;0;0;0;0;0;0;0;
326;Attaque du protecteur;Schlag des Beschützers;;1;17;3;1;0;5;.5;3;0;0;0;0;0;0;0;
327;Frappe du griffon;Greifenschlag;Inflige +5..21 points de dégâts. Attaque assommante infligeant 10..36 points de dégâts si elle est bloquée.;1;17;3;1;0;5;0;8;0;0;0;0;0;0;0;
328;Frappe pure;Reiner Schlag;;1;20;10;1;0;5;0;8;0;0;0;0;0;0;0;
329;Brise-crâne;Schädel spalten;;1;-1;3;1;0;0;.25;0;6;0;1;0;0;0;0;
330;Hache cyclone;Zyklonaxt;Inflige +4..12 poinrs de dégâts à tous les ennemis qui vous sont adjacents.;0;18;4;1;0;5;0;4;0;0;0;0;0;0;0;
331;Coup de marteau;Hammerstreich;;0;19;8;1;0;0;0;0;5.2;0;0;0;0;0;0;
332;Attaque du taureau;Bullenstoß;;0;17;3;1;0;5;0;10;0;0;0;0;0;0;0;
333;"Je vous vengerai !";Ich werde Euch rächen!;;1;17;20;1;0;5;0;45;0;0;0;0;0;0;0;
334;Ratissage;Harkenaxt;;0;18;4;1;0;0;0;0;4.8;0;0;0;0;0;0;
335;Clivage;Spalten;;0;18;4;1;0;0;0;0;3.2;0;1;0;0;0;0;
336;Frappe du bourreau;Henkerschlag;;0;18;4;1;0;0;0;0;8;0;0;0;0;0;0;
337;Démembrement;Zerstückeln;;0;18;4;1;0;0;0;0;4.8;0;0;0;0;0;0;
338;Eviscération;Ausweiden;;1;18;4;1;0;0;0;0;8;0;1;0;0;0;0;
339;Coup pénétrant;Durchdringender Schlag;;1;18;4;1;0;0;0;0;4.8;0;0;0;0;0;0;
340;Taillade d'interruption;Unterbrechender Hieb;;0;18;4;1;0;0;0;1;6;0;0;0;0;0;0;
341;Coup rapide;Schneller Hieb;Inflige + 1..20 points de dégâts. Inflige 1..20 points de dégâts et la Blessure profonde (20 secondes) si l'ennemi réussit à bloquer.;0;18;4;1;0;5;0;4;0;0;0;0;0;0;0;
342;Hache tournante;Axtdrehung;;1;18;4;1;0;0;0;0;4.8;0;0;0;0;0;0;
343;Pour la justice ! (PvP);"Für höhere Gerechtigkeit!" (PvP);;0;-1;20;1;0;5;0;45;0;0;0;0;0;0;0;
344;Rafale;Schauer;(5 secondes). Vous attaquez 33% plus vite.;1;-1;29;1;0;5;0;5;0;0;0;0;0;0;0;
345;Pose défensive;Verteidigungshaltung;;0;21;29;1;0;0;0;8;4.8;0;0;0;0;0;0;
346;Frénésie;Raserei;;0;-1;29;1;0;5;0;4;0;0;0;0;0;0;0;
347;Résistance à la douleur;Schmerz ertragen;(7..18 secondes.) Vous avez +90..300 de santé maximum.;0;17;1;1;0;5;0;30;0;0;0;0;0;0;0;
348;"Prenez garde !" (PvP);"Passt auf Euch auf!" (PvP);;0;21;20;1;0;0;0;4;3.2;0;0;0;0;0;0;
349;Sprint;Sprinten;;0;17;29;1;0;5;0;15;0;0;0;0;0;0;0;
350;Coup ventral;Bauchklatscher;;1;19;8;1;0;5;1;10;0;0;0;0;0;0;0;
351;Coup puissant;Mächtiger Schlag;;0;19;8;1;0;0;0;0;6.4;0;0;0;0;0;0;
352;Coup écrasant;Vernichtender Schlag;;1;19;8;1;0;5;0;10;0;0;0;0;0;0;0;
353;Swing brutal;Grober Schwung;;1;19;8;1;0;5;0;5;0;0;0;0;0;0;0;
354;Marteau pilon;Erdrüttler;;1;19;8;1;0;0;0;0;8;0;1;0;0;0;0;
355;Marteau dévastateur;Verheerender Hammer;;0;19;8;1;0;0;0;0;6.4;0;1;0;0;0;0;
356;Coup impérieux;Brutaler Schlag;Inflige +5..20 points de dégâts. Inflige 5..20 points de dégâts et assomme si l'ennemi réussit à bloquer.;0;19;8;1;0;5;0;6;0;0;0;0;0;0;0;
357;Contrecoup;Gegenschlag;;0;19;8;1;0;0;0;0;4;0;0;0;0;0;0;
358;Brise-échine;Rückenbrecher;;1;19;8;1;0;0;0;0;8.8;0;1;0;0;0;0;
359;Coup de brute;Heftiger Schlag;;0;19;8;1;0;0;0;0;4.8;0;0;0;0;0;0;
360;Coup de boutoir;Umwerfender Schlag;;0;19;8;1;0;0;1;0;3.2;0;0;0;0;0;0;
361;Sceau de dolyak;Dolyak-Siegel;;1;17;21;1;0;0;0;20;0;0;0;0;0;0;0;
362;Adresse du Guerrier;Verschlagenheit des Kriegers;;0;17;1;1;0;10;0;60;0;0;0;0;0;0;0;
363;Coup de bouclier;Heftiger Schildschlag;;0;17;1;1;0;5;0;20;0;0;0;0;0;0;0;
364;"Chargez !";Angriff!;;0;21;20;1;0;5;0;20;0;0;1;0;0;0;0;
365;A moi la victoire !;Der Sieg ist mein!;Vous gagnez 10..68 points de vie et 3..7 points d'énergie pour chaque condition sur l'ennemi ciblé.;1;21;20;1;0;5;0;10;0;0;1;0;0;0;0;
366;"Craignez-moi !";Fürchtet mich!;;1;21;20;1;0;0;0;4;3.2;0;0;0;0;0;0;
367;"Levez les boucliers !";Schilde hoch!;;0;21;20;1;0;10;0;30;0;0;0;0;0;0;0;
368;"Je survivrai !";Ich überlebe!;;1;17;20;1;0;5;0;30;0;0;0;0;0;0;0;
370;Pose du berserker;Berserkerhaltung;;0;17;29;1;0;10;0;10;0;0;0;0;0;0;0;
371;Pose d'équilibre;Ausgeglichene Haltung;;0;21;29;1;0;5;0;30;0;0;0;0;0;0;0;
372;Défense du gladiateur;Gladiatoren-Verteidigung;;1;21;29;1;0;5;0;20;0;0;1;0;0;0;0;
373;Déviation des flèches;Pfeilablenkung;;1;21;29;1;0;0;0;12;4.8;0;0;0;0;0;0;
374;Endurance du Guerrier (PvP);Ausdauer des Kriegers (PvP);(5..35 secondes.) Vous gagnez 3 points d'énergie pour chaque attaque au corps à corps réussie. Vous ne gagnez aucun point d'énergie si votre énergie est déjà supérieur à 10..25.;1;17;29;1;0;5;0;30;0;0;1;0;0;0;0;
375;Pose de combat des Nains;Zwergen-Kampfhaltung;;1;17;29;1;0;5;0;20;0;0;1;0;0;0;0;
376;Pose de discipline;Disziplinierte Haltung;(1..4 seconde(s).) Vous avez 75% de chances de bloquer et bénéficiez d'un bonus d'armure de +10. Prend fin si vous utilisez une compétence d'Adrénaline.;1;21;29;1;0;5;0;15;0;0;0;0;0;0;0;
377;Pose prudente;Wachsame Haltung;;1;21;29;1;0;10;0;10;0;0;0;0;0;0;0;
378;Pose du bouclier;Schildhaltung;(1..6 seconde(s).) Vous avez 75% de chances de bloquer les attaques. Les dégâts sont réduits de 2 pour chaque rang en Force (maximum de 15 points réduction de dégâts). Ne fonctionne que si vous êtes équipé d'un bouclier.;1;21;29;1;0;5;0;15;0;0;0;0;0;0;0;
379;Charge du taureau;Angriff des Bullen;;1;17;29;1;0;5;0;12;0;0;1;0;0;0;0;
380;Défense de Bonetti;Bonettis Verteidigung;;1;21;29;1;0;0;0;0;8;0;0;0;0;0;0;
381;Cent lames;Hundert Klingen;(15 secondes.) Infligent 10..25 points de dégâts à tous les ennemis adjacents chaque fois que vous attaquez avec une épée.;0;20;1;1;0;5;0;20;0;0;1;0;0;0;0;
382;Tranche-artère;Arterienabtrennung;;0;20;10;1;0;0;0;0;4;0;0;0;0;0;0;
383;Taillade de Galrath;Galrath-Hieb;;1;20;10;1;0;0;0;0;8;0;0;0;0;0;0;
384;Entaille;Schnittwunde;;0;20;10;1;0;0;0;0;5.6;0;0;0;0;0;0;
385;Botte fatale;Endstoß;Inflige +1..40 points de dégâts. Inflige +1..40 points de dégâts supplémentaires si l'ennemi visé a moins de 50% de santé.;0;20;10;1;0;0;0;0;9.6;0;0;0;0;0;0;
386;Lame chercheuse;Suchende Klinge;;0;20;10;1;0;5;0;4;0;0;0;0;0;0;0;
387;Riposte;Entgegnung;;1;21;1;1;0;0;0;0;3.2;0;0;0;0;0;0;
388;Riposte mortelle;Tödliche Entgegnung;;1;21;1;1;0;5;0;10;0;0;0;0;0;0;0;
389;Prospérité;Blütezeit;;1;17;1;1;0;5;1;8;0;0;1;0;0;0;0;
390;Taillade sauvage;Wilder Hieb;;0;20;10;1;0;5;.5;10;0;0;0;0;0;0;0;
391;Tir du chasseur;Jägerschuss;Provoque le Saignement (3..25 secondes).;0;25;2;2;0;5;1;10;0;0;0;0;0;0;0;
392;Immobilisation;Festnageln;;0;25;2;2;0;15;0;8;0;0;0;0;0;0;0;
393;Tir incapacitant;Verkrüppelungs-Schuss;Inflige l'Infirmité (1..12 seconde(s)). Impossible à bloquer.;1;25;2;2;0;10;0;2;0;0;1;0;0;0;0;
394;Tir puissant;Kraftschuss;;0;25;2;2;0;10;0;3;0;0;0;0;0;0;0;
395;Tir de barrage;Sperrfeuer;Inflige +5..20 points de dégâts. Affecte 6 ennemis adjacents à votre cible. Toutes vos préparations sont annulées.;0;25;2;2;0;5;0;1;0;0;1;0;0;0;0;
396;Tir double;Doppelschuss;;0;-1;2;2;0;10;0;10;0;0;0;0;0;0;0;
397;Tir rapide;Schnellschuss;Vous tirez une flèche qui se déplace deux fois plus vite.;0;-1;2;2;0;5;.5;1;0;0;1;0;0;0;0;
398;Attaque pénétrante (PvP);Durchbohr-Angriff (PvP);Inflige +3..10 points de dégâts. Pénétration d'armure de 10%.;1;25;2;2;0;10;1;4;0;0;0;0;0;0;0;
399;Tir de diversion;Ablenk-Schuss;;0;23;2;2;0;5;.5;10;0;0;0;0;0;0;0;
400;Tir de précision;Präzisionsschuss;;0;25;2;2;0;10;1;6;0;0;0;0;0;0;0;
402;Tir déterminé;Entschlossener Schuss;;0;25;2;2;0;5;0;10;0;0;0;0;0;0;0;
403;Tir ciblé;Ankündigungs-Schuss;;0;-1;2;2;0;5;0;3;0;0;0;0;0;0;0;
404;Flèche empoisonnée;Giftpfeil;Provoque l'Empoisonnement (5..20 secondes).;1;24;2;2;0;5;0;1;0;0;1;0;0;0;0;
405;Tir du serment;Eidschuss;;1;23;2;2;0;10;0;25;0;0;1;0;0;0;0;
406;Tir débilitant;Entkräftungs-Schuss;;0;25;2;2;0;10;0;10;0;0;0;0;0;0;0;
407;Tir à bout portant;Kurzdistanzschuss;Inflige +10..40 points de dégâts;1;23;2;2;0;5;0;3;0;0;0;0;0;0;0;
408;Coup cérébral;Erschütterungsschuss;;0;25;2;2;0;25;.5;5;0;0;0;0;0;0;0;
409;Tir de représailles;Bestrafungs-Schuss;Inflige +10..20 points de dégâts. Interrompt une action.;1;25;2;2;0;10;.5;5;0;0;1;0;0;0;0;
411;Charme animal;Tier zähmen;Charme l'animal visé. Une fois charmé, votre familier vous suivra tant que le charme animal sera équipé.;0;22;1;2;0;10;10;0;0;0;0;0;0;0;0;
412;Cri de protection;Ruf des Schutzes;;1;22;20;2;0;5;0;90;0;0;0;0;0;0;0;
415;Cri de hâte (PvP);Ruf der Eile (PvP);(30 secondes.) Votre familier se déplace et attaque 25% plus rapidement.;0;22;20;2;0;10;0;25;0;0;0;0;0;0;0;
422;Renaissance animale;Tier wiederbeleben;;1;22;1;2;0;5;.25;5;0;0;0;0;0;0;0;
423;Lien symbiotique;Symbiotisches Band;;1;22;20;2;0;10;0;55;0;0;0;0;0;0;0;
424;Jet de terre;Dreck werfen;;0;23;1;2;0;5;1;30;0;0;0;0;0;0;0;
425;Esquive;Abducken;;1;23;29;2;0;5;0;30;0;0;0;0;0;0;0;
426;Tir sauvage;Wilder Schuss;;0;25;2;2;0;10;.5;5;0;0;0;0;0;0;0;
427;Sceau antidote;Gegengift-Siegel;;0;-1;21;2;0;0;1;4;0;0;0;0;0;0;0;
428;Flèches incendiaires;Flammenpfeile;Frappe 2 ennemis près de votre cible et inflige la Brûlure (1..3 seconde(s)).;1;24;2;2;0;5;0;5;0;0;1;0;0;0;0;
429;Flèches de Melandru;Melandrus Pfeile;;1;24;17;2;0;5;2;12;0;0;1;0;0;0;0;
430;Pari du tireur;Schützenwette;;1;23;17;2;0;5;1;24;0;0;1;0;0;0;0;
431;Flèches de feu;Brandpfeile;(24 secondes.) Vos flèches infligent 3..18 points de dégâts du feu à la cible et aux ennemis adjacents.;1;24;17;2;0;10;2;12;0;0;0;0;0;0;0;
432;Lecture du vent (PvP);Wind lesen (PvP);(24 secondes.) Vos flèches se déplacent deux fois plus vite.;0;25;17;2;0;5;2;12;0;0;0;0;0;0;0;
433;Flèches enflammées;Zündelpfeile;;0;24;17;2;0;5;2;12;0;0;0;0;0;0;0;
434;Gaz suffocant;Würgegas;;0;24;17;2;0;15;2;24;0;0;0;0;0;0;0;
435;Application de poison;Gift auftragen;;0;24;17;2;0;15;2;12;0;0;0;0;0;0;0;
436;Bien-être animal (PvP);Tier erquicken (PvP);;0;22;1;2;0;10;1;1;0;0;0;0;0;0;0;
437;Assaut bestial;Bestiensprung;;1;22;11;2;0;5;0;10;0;0;0;0;0;0;0;
438;Assaut de mutilation;Verkrüppelungs-Schlag;;0;22;11;2;0;10;0;5;0;0;0;0;0;0;0;
439;Coup barbare;Wilder Ausfall;;1;22;11;2;0;5;0;10;0;0;0;0;0;0;0;
440;Assaut de charognard;Aasfresser-Schlag;Inflige +10..25 points de dégâts. Vous bénéficiez de +3..15 points d’énergie si vous frappez un ennemi souffrant d’une condition.;0;22;11;2;0;5;0;10;0;0;0;0;0;0;0;
441;Assaut de Melandru (PvP);Melandrus Angriff (PvP);;1;22;11;2;0;10;0;5;0;0;0;0;0;0;0;
442;Attaque féroce;Wilder Schlag;;0;22;11;2;0;5;0;8;0;0;1;0;0;0;0;
443;Coup du prédateur;Raubtier-Sprung;;1;22;11;2;0;5;0;5;0;0;0;0;0;0;0;
444;Coup brutal;Schonungsloser Schlag;;1;22;11;2;0;10;0;5;0;0;0;0;0;0;0;
445;Attaque d'interruption;Unterbrechender Ausfall;Inflige +1..12 point(s) de dégâts. Interrompt une compétence. Effet de l'interruption : la compétence interrompue est désactivée pendant +20 secondes.;0;22;11;2;0;5;0;10;0;0;0;0;0;0;0;
446;Onguent des trolls;Trollsalbe;;0;24;1;2;0;5;3;10;0;0;0;0;0;0;0;
447;Cri d'Otyugh;Otyughs Schrei;;1;22;20;2;0;5;0;30;0;0;0;0;0;0;0;
448;Echappatoire (PvP);Flucht (PvP);;0;23;29;2;0;5;0;12;0;0;1;0;0;0;0;
449;Pose de pratique;Geübte Haltung;;1;23;29;2;0;5;0;15;0;0;1;0;0;0;0;
450;Tourbillon défensif;Wirbelverteidigung;;0;23;29;2;0;10;0;60;0;0;0;0;0;0;0;
451;Résistance de Melandru;Melandrus Belastbarkeit;;1;24;29;2;0;5;0;15;0;0;1;0;0;0;0;
452;Défenses du Drider;Dryders Verteidigungen;;1;24;29;2;0;5;0;60;0;0;0;0;0;0;0;
453;Réflexes foudroyants (PvP);Blitzreflexe (PvP);;0;23;29;2;0;10;0;45;0;0;0;0;0;0;0;
454;Fureur du tigre;Wut des Tigers;;1;22;29;2;0;10;0;10;0;0;0;0;0;0;0;
455;Chasseur de tempêtes;Sturmjäger;;0;24;29;2;0;10;0;20;0;0;0;0;0;0;0;
456;Vitesse du serpent;Schlangen-Schnelligkeit;;1;24;29;2;0;5;0;45;0;0;0;0;0;0;0;
457;Piège à poussière;Staubfalle;;1;24;30;2;0;25;2;30;0;0;0;0;0;0;0;
458;Piège barbelé;Stachelfalle;;0;24;30;2;0;10;2;20;0;0;0;0;0;0;0;
459;Piège de flammes;Flammenfalle;;0;24;30;2;0;10;2;20;0;0;0;0;0;0;0;
460;Source de guérison;Heilquelle;;1;24;30;2;0;10;2;20;0;0;0;0;0;0;0;
461;Piège à pointes;Dornenfalle;;0;24;30;2;0;10;2;20;0;0;1;0;0;0;0;
462;Hiver;Winter;Crée un esprit de niveau 1..10 (durée de vie de 30..240 secondes). Convertit les dégâts élémentaires en dégâts du froid pour les créatures à portée. N'affecte pas les esprits.;1;24;19;2;0;5;2;60;0;0;0;0;0;0;0;
463;Vannage;Trennung;Crée un esprit de niveau 1..10 (durée de vie de 30..240 secondes). Augmente les dégâts physiques de +4 pour les créatures à portée. N'affecte pas les esprits.;0;24;19;2;0;5;2;60;0;0;0;0;0;0;0;
464;Voie d'extinction;Rand der Auslöschung;Crée un esprit de niveau 1..10 (durée de vie de 30..240 secondes). Il inflige 14..50 points de dégâts aux créatures à sa portée chaque fois qu'une créature du même type meurt. N'affecte pas les esprits. Les créatures qui ont plus de 90% de santé ne subissent aucun dégât.;1;22;19;2;0;5;2;60;0;0;0;0;0;0;0;
465;Grand brasier;Großflächenbrand;Crée un esprit de niveau 1..10 (durée de vie de 30..240 secondes). Convertit les dégâts physiques en dégâts du feu pour les créatures à portée. N'affecte pas les esprits.;1;24;19;2;0;5;2;15;0;0;1;0;0;0;0;
466;Brasier;Feuersbrunst;;2;24;19;2;0;5;2;60;0;0;0;0;0;0;0;
467;Saison fertile;Fruchtbare Jahreszeit;Crée un esprite de niveau 1..10 (durée de vie de 15..90 secondes). Les créatures à portée bénéficient de +50..150 de santé maximum et d'un bonus d'armure de +8. N'affecte pas les esprits.;1;22;19;2;0;15;2;60;0;0;0;0;0;0;0;
468;Symbiose;Symbiose;;1;22;19;2;0;5;2;60;0;0;0;0;0;0;0;
469;Echos primitifs;Urechos;;0;22;19;2;0;5;2;60;0;0;0;0;0;0;0;
470;Saison des prédateurs;Jagdsaison;;1;22;19;2;0;5;2;60;0;0;0;0;0;0;0;
471;Terre gelée;Eisboden;Crée un esprit de niveau 1..10 (durée de vie de 30..180 secondes). Les créatures à portée ne peuvent pas activer de compétences de résurrection. N'affecte pas les esprits.;1;24;19;2;0;10;2;30;0;0;0;0;0;0;0;
472;Vents favorables;Günstige Winde;;0;25;19;2;0;5;2;60;0;0;0;0;0;0;0;
474;Vent énergisant;Treibwind;;0;22;19;2;0;15;2;60;0;0;0;0;0;0;0;
475;Zéphyr véloce;Beschleunigender Zephyr;Crée un esprit de niveau 1..10 (durée de vie de 15..90 secondes). Les compétences coûtent 30% d'énergie en plus et se rechargent deux fois plus vite pour les créatures à portée. N'affecte pas les esprits.;0;24;19;2;0;25;2;60;0;0;0;0;0;0;0;
476;Renouveau de la nature;Erneuerung der Natur;;0;24;19;2;0;5;2;60;0;0;0;0;0;0;0;
477;Terrain boueux;Schlammiges Terrain;;1;24;19;2;0;5;2;30;0;0;0;0;0;0;0;
570;Marque d'insécurité;Zeichen der Unsicherheit;(5..25 secondes.) Provoque une dégénération de santé de -1..5. Les enchantements et les poses de combat de la cible ennemie prennent fin 30..80% plus vite. Désactive toutes vos compétences sauf celles d'Assassin (5 secondes).;3;30;24;7;0;5;1;10;0;0;1;0;0;0;0;
571;Dague d'interruption;Unterbrechender Dolch;Projectile : inflige 10..35 points de dégâts de la terre. Interrompt une compétence.;3;30;22;7;0;5;.25;10;0;0;0;0;0;0;0;
572;Paradoxe mortel;Tödliches Paradoxon;(5..15 secondes.) Vos compétences d'Assassin s'activent et se rechargent 33% plus vite. Désactive vos compétences d'attaque (10 secondes).;3;30;29;7;0;15;0;10;0;0;0;0;0;0;0;
763;Regard ictérique;Neidvoller Blick;;2;4;23;4;0;5;1;15;0;0;0;0;0;0;0;
764;Complainte Funeste;Schicksalsklage;(1..4 seconde(s).) Les caractéristiques de la cible ennemie se remettent à 0.;2;6;24;4;0;1;.25;15;0;10;1;0;0;0;0;
766;Regard du mépris;Verächtlicher Blick;Supprime les enchantements de la cible ennemie. Aucun effet si la santé de cet ennemi est inférieure à 50%.;2;-1;22;4;0;10;2;10;0;0;0;0;0;0;0;
769;Défense de la vipère;Verteidigung der Viper;Inflige l'Empoisonnement (5..20 secondes) à tous les ennemis adjacents. Vous faites une Foulée de l'ombre jusqu'à une position proche directement opposé à votre cible.;2;31;22;7;0;5;.25;10;0;0;0;0;0;0;0;
770;Retour;Rückkehr;Provoque l'Infirmité (3..8 secondes) chez tous les ennemis adjacents. Vous effectuez une foulée de l'ombre vers la position de la cible alliée visée. Vous ne pouvez pas vous prendre pour cible.;2;31;22;7;0;5;.25;15;0;0;0;0;0;0;0;
771;Aura de déplacement;Aura der Verschiebung;Vous faites une foulée de l'ombre vers la cible ennemie. Effet final : vous retournez sur votre position d'origine.;2;-1;23;7;-1;10;.25;20;0;0;1;0;0;0;0;
772;Tsungrai était généreux;Großzügig war Tsungrai;;2;33;25;8;0;5;1;15;0;10;0;0;0;0;0;
773;Vorizon était puissant;Mächtig war Vorizun;;2;32;25;8;0;5;2;30;0;0;0;0;0;0;0;
775;Efflorescence mortelle (PvP);Todesblüte (PvP);;2;29;7;7;0;5;0;6;0;0;0;0;0;0;0;
776;Crocs incisifs;Schlangenzähne;Inflige +10..20 points de dégâts. Provoque le Saignements et la Blessure profonde (5..20 secondes). Doit succéder à une attaque main gauche.;2;35;7;7;0;10;0;15;0;0;0;0;0;0;0;
777;Cornes du boeuf;Hörner des Ochsen;Inflige +1..11 points de dégâts. Assomme la cible ennemie si cette dernière n'est pas adjacente à l'un de ses alliés. Doit succéder à une attaque main gauche.;2;29;7;7;0;5;0;12;0;0;0;0;0;0;0;
778;Retombée arachnide;Fallende Spinne;Inflige +15..35 points de dégâts. Provoque l'Empoisonnement (5..20 secondes). Aucun effet si la cible ennemie n'est pas assommée.;2;29;6;7;0;5;0;8;0;0;0;0;0;0;0;
779;Coup du lotus noir;Schwarzer Lotus-Stoß;Inflige +10..31 points de dégâts. Vous gagnez 5..13 points d'énergie si la cible ennemie souffre d'un maléfice.;2;35;5;7;0;10;0;6;0;0;0;0;0;0;0;
780;Crocs du renard (PvP);Reißzähne des Fuchses (PvP);;2;29;6;7;0;5;.5;6;0;0;0;0;0;0;0;
781;Frappe de Moebius;Möbiusstoß;Inflige +10..35 points de dégâts. Recharge toutes vos autres compétences d'attaque si la santé de la cible ennemie est inférieure à 50%. Doit succéder à une attaque d'ambidextrie.;2;29;6;7;0;5;0;2;0;0;1;0;0;0;0;
782;Coup déchiqueteur;Gezackter Stoß;Provoque le Saignement (5..20 secondes).;2;29;5;7;0;5;.5;2;0;0;0;0;0;0;0;
783;Attaque sournoise;Unvermuteter Stoß;Inflige +19..31 points de dégâts. Inflige 15..75 points de dégâts supplémentaires si la santé de la cible est supérieur à 90%.;2;35;5;7;0;10;0;2;0;0;0;0;0;0;0;
784;Enlacement reptilien;Schlingnatter;Attaque assommante. Provoque l'Empoisonnement (5..20 secondes). Doit succéder à une attaque main droite.;2;30;22;7;0;10;1;20;0;0;0;0;0;0;0;
785;Stigmate mortel;Zeichen des Todes;(4..10 secondes.) La cible ennemie reçoit 50% de guérison en moins.;2;30;24;7;0;10;.25;20;0;0;0;0;0;0;0;
786;Paume d'acier;Eiserne Handfläche;Inflige 5..50 points de dégâts. Assomme la cible ennemie si cette dernière souffre d'un maléfice ou d'une condition. Compte comme une attaque main droite.;2;30;1;7;0;5;.75;20;0;0;0;0;0;0;0;
787;Arme résistante;Unverwüstliche Waffe;(3..12 secondes.) Régénération de santé de +1..6 et bonus d'armure de +24. Aucun effet si la cible allié visé n'est pas affecté par un maléfice ou une condition.;2;33;27;8;0;10;1;6;0;0;0;0;0;0;0;
788;Mingson était aveugle;Blind war Mingson;;2;33;25;8;0;5;1;20;0;0;0;0;0;0;0;
789;Kuurong était avide;Erfassend war Kuurong;;2;34;25;8;0;15;1.5;25;0;0;1;0;0;0;0;
790;Khanhei était revanchard;Nachtragend war Khanhei;(5..11 secondes.) Vous volez 5..35 points de vie à chaque ennemi vous touchant avec une une attaque.;2;33;25;8;0;5;.75;15;0;0;1;0;0;0;0;
791;Chair de ma chair (PvP);Fleisch von meinem Fleisch (PvP);;2;33;22;8;0;5;4;10;0;0;0;0;0;0;0;
792;Arme à fragmentation (PvP);Splitterwaffe (PvP);;2;34;27;8;0;5;1;8;0;0;0;0;0;0;0;
793;Arme de protection (PvP);Waffe der Abwehr (PvP);(3..8 secondes.) Confère une régénération de santé de +2..4. 50% de chances de bloquer. Prend fin si la cible attaque.;2;33;27;8;0;10;1;8;0;0;0;0;0;0;0;
794;Arme des doléances;Klagende Waffe;;2;34;27;8;0;5;1;15;0;0;0;0;0;0;0;
795;Arme du tourment;Alptraumwaffe;;2;34;27;8;0;5;1;10;0;0;0;0;0;0;0;
799;Mirage brumeux;Verführerischer Dunst;Vous faites une foulée de l'ombre vers cet ennemi. Inflige la Stupeur (3..9 secondes).;2;31;22;7;0;10;.25;20;0;0;1;0;0;0;0;
800;Toxine immuable;Dauerhaftes Toxin;(5 secondes.) Provoque une dégénération de santé de -1..5. Renouvellement : si l'ennemi visé se déplace lorsque ce maléfice prend fin.;2;30;24;7;0;5;.25;10;0;0;0;0;0;0;0;
801;Linceul du silence;Schleier des Schweigens;(1..6 seconde(s).) La cible ennemie ne peut pas lancer de sorts. Vos sorts sont désactivés pendant 15 secondes.;2;30;24;7;0;10;.75;30;0;0;1;0;0;0;0;
802;Vaines défenses;Verteidigungen aufdecken;(1..11 secondes.) La cible ennemie ne peut pas bloquer vos attaques.;2;30;24;7;0;5;1;25;0;0;0;0;0;0;0;
803;Buveur d'énergie;Kraftfresser;Interrompt un sort ou un chant. Effet de l'interruption : vole 5..15 points d'énergie chaque fois que la cible ennemie lance un sort (10 secondes).;2;3;24;5;0;5;.25;20;0;0;1;0;0;0;0;
804;Alanguissement arcane;Arkane Schwäche;;2;0;24;5;0;10;2;15;0;0;1;0;0;0;0;
805;Animation d'horreur vampirique;Vampirschreck beleben;;2;5;22;4;0;10;1;15;0;0;0;0;0;0;0;
806;Ferveur de l'adepte;Eifer des Sektierers;;2;4;23;4;0;5;1;25;0;0;1;0;0;0;0;
808;Empreinte du Faucheur;Zeichen des Schnitters;;3;6;24;4;0;5;1;15;0;0;1;0;0;0;0;
809;Brise-roc;Trümmerstein;;2;11;24;6;0;10;2;8;0;0;1;0;0;0;0;
810;Défense du protecteur;Verteidigung des Beschützers;;2;21;1;1;0;5;0;30;0;0;0;0;0;0;0;
811;Course unique;Gemeinsam rennen;;2;22;29;2;0;5;0;15;0;0;0;0;0;0;0;
812;Xinrae était rebelle;Trotzig war Xinrae;(15..60 secondes.) Vous ne pouvez pas perdre plus de 20% de votre santé maximum par attaque. Effet de la pose : vous volez 5..50 points de vie aux ennemis à proximité.;2;33;25;8;0;5;1;20;0;0;1;0;0;0;0;
813;Aura de Lyssa;Lyssas Aura;(10 secondes.) Vous bénéficiez d'une régénération d'énergie de +0..5. Renouvellement : chaque fois que vous lancez un sort sur un ennemi.;2;3;23;5;0;5;1;30;0;0;1;0;0;0;0;
814;Refuge ombreux;Schattenzuflucht;(6 secondes.) Vous bénéficiez d'une régénération de +5..10. Effet final : vous soigne de 40..100 points de vie si vous attaquez.;2;31;23;7;0;5;1;8;0;0;0;0;0;0;0;
815;Attache de Scorpion;Skorpiondraht;(8..20 secondes.) Vous faites une foulée de l'ombre jusqu'à la cible ennemie. Cette dernière sera assommée la prochaine fois qu'elle se trouvera à 30 mètres environ de vous.;2;30;24;7;0;5;1;10;0;0;0;0;0;0;0;
816;Imitation de pose;Gespiegelte Haltung;(10..35 secondes.) Vous adoptez la pose utilisez par la cible ennemie.;2;31;24;7;0;5;.25;15;0;0;0;0;0;0;0;
817;Discorde (PvP);Zwietracht (PvP);Inflige 30..110 points de dégâts. Sans effet si la cible ennemie ne souffre d'aucune condition et n'est sous les effets d'aucun maléfice ou enchantement.;2;5;22;4;0;5;2;2;0;0;1;0;0;0;0;
818;Puits de Lassitude;Brunnen der Müdigkeit;;2;7;28;4;0;5;1;5;0;0;0;0;0;0;0;
819;Esprit vampirique;Vampirgeist;Vous volez 5..50 points de vie à la cible ennemie. Vous bénéficiez d'une régénération de santé de +5..10 (10 secondes).;2;4;23;4;0;5;1;8;0;0;1;0;0;0;0;
820;Dépravation;Verderbtheit;;3;7;24;4;0;10;1;15;0;0;1;0;0;0;0;
821;Veines glaciales;Eisadern;;2;6;24;4;0;10;1;5;0;0;1;0;0;0;0;
822;Genoux flageolants;Weiche Knie;(1..16 seconde(s).) La cible ennemie souffre d'une dégénération de santé de -1..4 et subit 5..20 points de dégâts en se déplaçant.;2;7;24;4;0;5;1;5;0;0;1;0;0;0;0;
823;Vélocité Incandescente;Brennende Eile;;2;10;23;6;0;10;.25;0;0;0;0;0;0;0;0;
824;Flèches de Lave;Lavapfeile;Projectile : Inflige 20..65 points de dégâts du feu. Effet supplémentaire envoie des projectiles sur 2 autres ennemis près de votre cible.;2;10;22;6;0;5;1;2;0;0;0;0;0;0;0;
825;Lit de Braise;Kohlenbett;;2;10;22;6;0;10;1;15;0;0;0;0;0;0;0;
826;Silhouette (PvP);Schattenform (PvP);(5..15 secondes.) Tous les sorts hostiles qui vous sont lancés échouent et toutes les attaques contre vous manquent. Effet final : il ne vous reste que 5..50 points de vie.;2;31;23;7;0;10;1;60;0;0;1;0;0;0;0;
827;Siphon de force;Kraft abzapfen;(5..20 secondes.) La cible ennemie inflige -5..50 points de dégâts lors de ces attaques. Vous avez +50% de chances d'infliger un coup critique à cet ennemi.;2;30;24;7;0;10;1;10;0;0;1;0;0;0;0;
828;Miasme insalubre;Fauler Gestank;;2;5;24;4;0;10;1;15;0;0;0;0;0;0;0;
830;Lumière du jugement;Strahl des Urteils;Inflige 5..45 points de dégâts sacrés et une Brûlure (1..3 seconde(s)) toutes les secondes (5 secondes). Frappe les ennemis adjacents à la position initiale de la cible.;2;14;22;3;0;10;1;15;0;0;1;0;0;0;0;
831;Rage primitive;Urzorn;(1..9 seconde(s).) Vous attaquez 33% plus vite et vous vous déplacez 33% plus rapidement. Vous subissez le double de dégât.;2;17;29;1;0;5;0;4;0;0;1;0;0;0;0;
832;Animation du Golem de chair;Fleischgolem beleben;Crée un golem de chair de niveau 3..25 qui laisse un cadavre récent lorsqu'il meurt. Exploite un cadavre récent. Vous ne pouvez avoir qu'un seul golem de chair à la fois.;2;5;22;4;0;10;1;30;0;0;1;0;0;0;0;
834;Extrême hâte;Rücksichtslose Hast;;2;7;24;4;0;15;1;12;0;0;0;0;0;0;0;
835;Lien du sang;Blutsbande;;2;4;24;4;0;5;1;8;0;0;0;0;0;0;0;
836;Chevauchée de l'éclair (PvP);Den Blitz reiten (PvP);;2;8;22;6;0;15;1;10;0;0;1;0;5;0;0;
837;Compagnon d'énergie;Energiesegen;;2;12;23;6;0;10;1;12;0;0;1;0;0;0;0;
838;Douleur de Dwayna;Dwaynas Leid;;2;13;23;3;0;5;1;5;0;0;0;0;0;0;0;
839;"Battez en retraite !";"Rückzug!";;2;21;20;1;0;5;0;20;0;0;0;0;0;0;0;
840;Coeur empoisonné;Vergiftetes Herz;Provoque l'Empoisonnement (5..15 secondes) chez les ennemis adjacents. Vous êtes également empoisonné.;3;7;22;4;0;5;.25;12;0;0;0;0;0;0;0;
841;Humus fétide;Stinkender Boden;;2;5;22;4;0;5;.75;10;0;0;0;0;0;0;0;
842;Arc foudroyant;Blitzbogen;;2;8;22;6;0;5;1.5;8;0;0;0;0;0;0;0;
843;Rafale;Böe;;2;8;23;6;0;10;.75;15;0;0;1;0;0;0;0;
844;Bouleversement terrestre;Aufgeworfene Erde;;2;9;22;6;0;15;2;30;0;0;0;0;0;0;0;
845;Flamme liquide;Flüssige Flamme;;3;10;22;6;0;10;1;15;0;0;0;0;0;0;0;
846;Buée;Dampf;Inflige 5..50 points de dégâts du froid. Provoque l'Aveuglement (5..10 secondes) si l'ennemi est en feu.;3;11;22;6;0;5;1;8;0;0;0;0;0;0;0;
847;Sceau du compagnon;Siegel des Segens;;2;16;21;3;0;0;1;6;0;0;1;0;0;0;0;
848;Inversion de maléfice;Verhexung umkehren;;2;15;23;3;0;10;.25;10;0;0;0;0;0;0;0;
849;Taillade lacérante;Zerfetzender Hieb;;2;18;4;1;0;0;0;0;4.8;0;0;0;0;0;0;
850;Attaque féroce;Erbitterter Schlag;;2;19;8;1;0;0;0;0;5.6;0;0;0;0;0;0;
851;Attaque lunisolaire;Sonne-Mond-Hieb;;2;20;10;1;0;0;0;0;8;0;0;0;0;0;0;
852;Tir de ricochet;Splitterschuss;;2;25;2;2;0;10;0;5;0;0;0;0;0;0;0;
853;Tir de Melandru;Melandrus Schuss;Provoque le Saignement (5..25). Inflige +10..25 points de dégâts et provoque l'Infirmité (5..15 secondes) si la cible ennemie est en fuite ou assommée.;2;25;2;2;0;5;1;8;0;0;1;0;0;0;0;
854;Attrape;Schlinge;;2;24;30;2;0;5;1.5;15;0;0;0;0;0;0;0;
858;Valse des dagues;Tanzende Dolche;Trois projectiles : chacun inflige 5..35 points de dégâts de la terre. Est considérée comme une attaque main droite.;2;30;22;7;0;5;1;5;0;0;0;0;0;0;0;
859;Conjuration de cauchemar;Alptraum beschwören;;2;1;24;5;0;15;1;5;0;0;0;0;0;0;0;
860;Sceau d'interruption;Siegel der Unterbrechung;;2;2;21;5;0;0;.25;15;0;0;0;0;0;0;0;
862;Regard féroce;Heißhungriger Blick;;3;4;22;4;0;1;1;10;0;8;1;0;0;0;0;
863;Ordre d'apostasie;Orden der Abtrünnigkeit;Enchante tous les membres de l'équipe (5 secondes). Ces derniers perdent un enchantement lorsqu'ils infligent des dégâts physiques. Coût de la suppression : pour chaque enchantement de Moine, vous perdez 10..3% de santé maximum.;2;7;23;4;0;25;2;0;0;0;1;0;0;0;0;
864;Regard de l'oppresseur;Repressiver Blick;;2;4;22;4;0;10;1;10;0;0;0;0;0;0;0;
865;Masse foudroyante (PvP);Blitzhammer (PvP);;2;8;22;6;0;25;2;4;0;0;0;0;0;0;0;
866;Lame vaporeuse;Dunstklinge;;2;11;22;6;0;5;1.5;7;0;0;0;0;5;0;0;
867;Lumière rédemptrice;Heilendes Licht;Soigne de 40..100 points de vie. Vous gagnez 1..3 point(s) d'énergie si l'allié visé est enchanté.;2;13;22;3;0;5;1;4;0;0;1;0;0;0;0;
869;"Froussard !";"Feigling!";;2;-1;20;1;0;0;0;2;4;0;1;0;0;0;0;
870;Pestilence;Pestilenz;;3;24;19;2;0;5;2;60;0;0;0;0;0;0;0;
871;Mélodie des Ombres (PvP);Schattengesang (PvP);;2;32;18;8;0;15;2;30;0;0;0;0;0;0;0;
876;Sceau des Ombres;Siegel der Schatten;Inflige 5..35 points de dégâts. Inflige 15..60 points de dégâts supplémentaires si la cible est aveuglée.;2;30;21;7;0;0;1;15;0;0;0;0;0;0;0;
877;Equilibre de Lyssa;Lyssas Ausgleich;;2;-1;22;5;0;5;1;15;0;0;0;0;0;0;0;
878;Visions de Regret (PvP);Visionen des Bedauerns (PvP);Inflige également des maléfices aux ennemis adjacents à la cible (10 secondes). Ils subissent 10..41 points de dégâts chaque fois qu'ils utilisent une compétence et 5..42 points de dégâts s'ils ne sont pas affectés par un autre maléfice d'Envoûteur.;3;2;24;5;0;10;2;30;0;0;1;0;0;0;0;
879;Illusion de douleur (PvP);Illusion der Schmerzen (PvP);;2;1;24;5;0;10;2;5;0;0;0;0;0;0;0;
880;Vol de vitesse (PvP);Gestohlene Eile (PvP);;2;0;24;5;0;5;1;12;0;0;1;0;0;0;0;
881;Sceau éthéré;Äther-Siegel;;2;3;21;5;0;0;1;45;0;0;0;0;0;0;0;
882;Sceau de désenchantement;Siegel der Entzauberung;;2;-1;21;5;0;0;1;15;0;0;0;0;0;0;0;
883;Aphonie;Stimmminderheit;;3;7;24;4;0;10;1;20;0;0;0;0;0;0;0;
884;Flammes virulentes;Versengende Flammen;Frappe les ennemis près de votre cible. Inflige 10..100 points de dégâts du feu aux ennemis souffrant déjà de Brûlure. Inflige la Brûlure (1..7 seconde(s)) aux ennemis qui n'en souffrent pas.;3;10;22;6;0;15;1;2;0;0;1;0;0;0;0;
885;Gardien protecteur;Schildwächter;;2;15;23;3;0;5;1.5;20;0;0;0;0;0;0;0;
886;Bise reposante;Beruhigender Hauch;;3;13;23;3;0;5;1;8;0;0;0;0;0;0;0;
887;Sceau de rajeunissement;Siegel der Verjüngung;;2;13;21;3;0;0;1;8;0;0;0;0;0;0;0;
888;Hache tournoyante;Wirbelnde Axt;Inflige +5..20 de dégâts et supprime une pose de combat. Impossible à bloquer.;2;18;4;1;0;0;0;0;4;0;1;0;0;0;0;
889;Coup forcé;Energischer Schlag;;2;19;8;1;0;0;0;0;4.8;0;1;0;0;0;0;
891;"Nul ne passera !";"Niemand darf vorbei!";;2;21;20;1;0;5;0;45;0;0;0;0;0;0;0;
892;Lame vacillante;Zitternde Klinge;Inflige +10 points de dégâts. Provoque la Stupeur (10 secondes) si la cible ennemie est en déplacement.;2;20;10;1;0;0;0;0;4.8;0;1;0;0;0;0;
893;Flèches chercheuses;Suchende Pfeile;;2;25;17;2;0;10;2;15;0;0;0;0;0;0;0;
898;Surcharge;Überlastung;;2;2;24;5;0;5;.25;5;0;0;0;0;0;0;0;
899;Images d'attrition;Bilder der Reue;;2;1;24;5;0;5;1;5;0;0;0;0;0;0;0;
900;Fardeau partagé (PvP);Geteilte Bürde (PvP);;2;1;24;5;0;10;2;20;0;0;1;0;0;0;0;
901;Lien des âmes;Seelenfessel;;2;7;24;4;0;10;1;5;0;0;1;0;0;0;0;
902;Sang de l'agresseur;Blut des Aggressoren;;3;4;22;4;0;5;1;5;0;0;0;0;0;0;0;
903;Prisme de glace;Eisprisma;;2;11;22;6;0;10;1;5;0;0;0;0;5;0;0;
904;Hache de rage;Zornige Axt;;2;18;4;1;0;5;0;6;0;0;0;0;0;0;0;
905;Coup propice;Günstiger Schlag;;2;19;8;1;0;0;0;0;4.8;0;0;0;0;0;0;
906;"A genoux !";"Auf Eure Knie!";;2;-1;20;1;0;0;0;0;6;0;0;0;0;0;0;
907;Taillade du dragon;Drachenhieb;;2;20;10;1;0;0;0;0;8;0;1;0;0;0;0;
908;Tir du maraudeur;Plünderer-Schuss;;2;25;2;2;0;5;0;6;0;0;0;0;0;0;0;
909;Tir focalisé;Scharfschuss;;2;25;2;2;0;5;0;2;0;0;0;0;0;0;0;
910;Faille de l'esprit;Geisterriss;;2;34;22;8;0;10;2;5;0;0;0;0;0;0;0;
911;Union (PvP);Vereinigung (PvP);;2;32;18;8;0;15;3;45;0;0;0;0;0;0;0;
913;Tanasen était tranquille;Ruhig war Tanasen;;2;33;25;8;0;5;1;15;0;0;1;0;0;0;0;
914;Consommation des âmes;Seele verzehren;;2;36;22;8;0;5;1;5;0;0;1;0;0;0;0;
915;Esprit illuminé;Geisterlicht;;2;33;22;8;0;5;1;4;0;17;0;0;0;0;0;
916;Lamentation;Wehklage;Maléfice. Inflige également des maléfices aux ennemis proches de la cible (5..20 secondes). Provoque une dégénération de santé de -0..3. Effet initial : inflige 10..50 points de dégâts si vous êtes à portée de voix d'un esprit ou d'un cadavre.;2;34;24;8;0;10;1;15;0;0;0;0;0;0;0;
917;Rupture d'âme;Seele zerreißen;;2;36;22;8;0;10;.75;5;0;0;0;0;0;0;0;
918;Esprit de chair;Geist zu Fleisch;;2;36;22;8;0;10;.75;15;0;0;0;0;0;0;0;
919;Brûlure de l'esprit;Geisterbrand;;2;34;22;8;0;5;1;6;0;0;0;0;0;0;0;
920;Destruction (PvP);Vernichtung (PvP);;2;34;18;8;0;10;3;20;0;0;0;0;0;0;0;
921;Dissonance (PvP);Missklang (PvP);;2;32;18;8;0;25;2;30;0;0;0;0;0;0;0;
923;Désenchantement (PvP);Entzauberung (PvP);;2;32;18;8;0;25;5;45;0;0;0;0;0;0;0;
925;Rappel;Rückruf;Effet final : vous faites une foulée de l'ombre vers la cible alliée. Vous ne pouvez pas vous prendre pour cible et toutes vos compétences sont désactivées pendant 10 secondes lorsque la compétence prend fin.;2;-1;23;7;-1;15;1;10;0;0;0;0;0;0;0;
926;Dagues affûtées;Dolche wetzen;(5..30 secondes.) Vos attaques à la dague provoquent le Saignement (5..15 seconde).;2;35;23;7;0;5;1;20;0;0;0;0;0;0;0;
927;Peur honteuse;Schändliche Angst;(10 secondes.) La cible ennemie subit 5..20 points de dégâts par seconde lorsqu'elle est en mouvement mais se déplace 10% plus vite.;2;30;24;7;0;10;1;10;0;0;0;0;0;0;0;
928;Linceul de l'Ombre;Schattenschleier;(3..9 secondes.) La cible ennemie ne peut pas être la cible d'enchantements.;2;31;24;7;0;5;.25;20;0;0;1;0;0;0;0;
929;Ombre de hâte;Schatten der Eile;(10..40 secondes.) Vous vous déplacez 15% plus vite. Effet final : vous retournez sur votre position d'origine.;2;31;29;7;0;5;0;45;0;0;0;0;0;0;0;
930;Incantation propice;Günstige Beschwörung;;2;3;23;5;0;5;1;20;0;0;0;0;0;0;0;
931;Retour de pouvoir;Kraftrevanche;;2;0;22;5;0;5;.25;7;0;0;0;0;0;0;0;
932;Complication;Erschweren;Interrompt une compétence. Effet de l'interruption : désactive la compétence interrompue (+5..12 secondes) pour l'ennemi visé et tous les ennemis de la zone.;2;2;22;5;0;10;.25;20;0;0;0;0;0;0;0;
933;Tempête destructrice;Sturm zerschlagen;;2;-1;22;5;0;10;1;0;0;0;1;0;0;0;0;
934;Sceau contre nature (PvP);Unnatürliches Siegel (PvP);;2;2;21;5;0;0;1;20;0;0;0;0;0;0;0;
935;Fiel;Hochkommende Galle;;2;5;24;4;0;10;1;20;0;0;0;0;0;0;0;
936;Enchantements envenimés;Verzauberungen vergiften;Supprime un enchantement chez la cible ennemie. Provoque l'Empoisonnement (3..10 secondes par enchantement restant).;3;7;22;4;0;5;1;20;0;0;0;0;0;0;0;
937;Onde de choc;Stoßwelle;Inflige une fois 15..60 points de dégâts de la terre aux ennemis dans la zone. Les ennemis à proximité subissent les dégâts à deux reprises et les ennemis adjacents à trois reprises.;2;9;22;6;0;10;1;15;0;0;1;0;0;0;0;
938;Protection de stabilité;Kreis der Stabilität;;2;9;26;6;0;10;1;30;0;0;0;0;0;0;0;
939;Chaînes de glace;Eisfesseln;(1..10 seconde(s).) L'ennemi visé se déplace 66% moins vite. Il se déplace 90% moins vite s'il est enchanté.;3;11;24;6;0;10;1;12;0;0;1;0;0;0;0;
941;Lumière divine;Gesegnetes Licht;Soigne de 10..140 points de vie. Supprime une condition et un maléfice.;2;16;22;3;0;10;.75;3;0;0;1;0;0;0;0;
942;Retrait de maléfices;Verhexungen zurücknehmen;Supprime tous les maléfices. Affecte également les alliés adjacents. Coût de la suppression : +2 secondes de temps de recharge par maléfice supprimé. (50% d'échec avec Faveur divine de 4 ou moins.) ;2;16;22;3;0;5;1;5;0;0;1;0;0;0;0;
943;Extinction;Löschen;;2;15;22;3;0;15;1;12;0;0;0;0;0;0;0;
944;Sceau de force;Siegel der Stärke;;2;17;21;1;0;0;1;45;0;0;0;0;0;0;0;
946;Concentration du trappeur;Fokus des Fallenstellers;;2;23;17;2;0;5;2;12;0;0;1;0;0;0;0;
947;Ronces;Dornenranken;;2;24;19;2;0;10;2;60;0;0;0;0;0;0;0;
948;Coup désespéré;Verzweifelter Stoß;Inflige +15..60 points de dégâts si vous avez moins de 50..80% de santé.;2;29;5;7;0;5;0;6;0;0;0;0;0;0;0;
949;Méthode du renard;Weg des Fuchses;(10..35 secondes.) Vos attaques sont impossibles à bloquer. Prend fin au bout de 1..6 attaque(s).;2;31;23;7;0;5;.25;30;0;0;0;0;0;0;0;
950;Fardeau nébuleux;Schattenbürde;(3..15 secondes.) La cible ennemie se déplace 25% moins vite et son bonus d'armure est réduit de 20..30. La réduction du bonus d'armure n'affecte cet ennemi que s'il n'est victime d'aucun autre maléfice.;2;31;24;7;0;10;.25;15;0;0;0;0;0;0;0;
951;Siphon de vitesse;Geschwindigkeitsentzug;(5..15 secondes.) La cible ennemie se déplace 33% moins vite et vous vous déplacez 33% plus vite. Se recharge 50% plus vite s'il est lancé sur un ennemi en mouvement.;2;30;24;7;0;5;1;30;0;0;0;0;0;0;0;
952;Charge mortelle;Angriff des Todes;Vous faites une Foulée de l'ombre vers la cible ennemie. Vous êtes soigné de 65..200 points de vie si cette ennemi à une santé supérieure à la vôtre.;2;31;22;7;0;5;.25;30;0;0;0;0;0;0;0;
953;Flux de puissance;Kraftfluss;;3;2;24;5;0;10;.25;15;0;0;1;0;0;0;0;
954;Expulsion de maléfices;Verhexungen vertreiben;;2;-1;22;5;0;5;1;8;0;0;1;0;0;0;0;
955;Confiscation d'enchantement;Verzauberung zerreißen;;3;7;22;4;0;5;1;15;0;0;0;0;0;0;0;
957;Bouclier contre les sorts;Zauberschild;;2;16;23;3;0;10;1;30;0;0;0;0;0;0;0;
958;Souffle réparateur;Heilendes Geflüster;;2;13;22;3;0;5;1;1;0;0;0;0;0;0;0;
959;Lumière éthérée;Ätherisches Licht;;2;13;22;3;0;5;1;5;0;0;0;0;0;0;0;
960;Libération d'enchantements;Verzauberungen freisetzen;;2;16;22;3;0;5;.25;5;0;0;0;0;0;0;0;
961;Lacération;Zerfetzen;;2;22;19;2;0;10;2;15;0;0;1;0;0;0;0;
962;Transfert d'esprit;Geistübertragung;;2;33;22;8;0;10;.25;5;0;0;0;0;0;0;0;
963;Restauration (PvP);Wiederherstellung (PvP);;2;32;18;8;0;10;3;45;0;0;0;0;0;0;0;
964;Arme de vengeance;Rachsüchtige Waffe;;2;33;27;8;0;5;.25;3;0;0;0;0;0;0;0;
973;Poudre aveuglante;Blendpulver;Inflige l'Aveuglement (3..15 secondes) à la cible et à tous les ennemis adjacents. Doit succéder à une attaque main gauche.;2;31;22;7;0;5;.25;20;0;0;0;0;0;0;0;
974;Toucher de la mante;Berührung der Fangschrecke;Inflige l'Infirmité (5..20 secondes). Cette compétence est considérée comme une attaque main gauche. Doit succéder à une attaque main droite.;2;30;1;7;0;5;.75;20;0;0;0;0;0;0;0;
975;Assaut épuisant;Ermüdender Angriff;Interrompt une action. Provoque l'Epuisement si l'action interrompue était un sort. Doit succéder à une attaque main droite.;2;29;7;7;0;5;.5;8;0;0;0;0;0;0;0;
976;Coup répété;Wiederholender Schlag;Inflige +10..30 points de dégâts. Cette compétence met 15 secondes de plus à se recharger en cas d'échec. Doit succéder à une attaque main gauche.;2;29;6;7;0;5;0;0;0;0;0;0;0;0;0;
977;Méthode du lotus;Weg des Lotus;(20 secondes.) Vous obtenez 5..20 points d'énergie la prochaine fois que vous frappez avec une attaque d'ambidextrie.;2;31;23;7;0;5;.25;20;0;0;0;0;0;0;0;
978;Marque d'instabilité;Zeichen der Unbeständigkeit;(20 secondes.) La cible ennemie sera assommée par votre prochaine attaque d'ambidextrie.;2;-1;24;7;0;10;.25;20;0;0;0;0;0;0;0;
979;Défiance (PvP);Argwohn (PvP);;3;2;24;5;0;10;2;12;0;0;0;0;0;0;0;
980;Festin de l'esprit;Schmaus der Seelen;;2;36;22;8;0;5;.25;10;0;0;0;0;0;0;0;
981;Rétablissement (PvP);Erholung (PvP);;2;33;18;8;0;25;3;45;0;0;0;0;0;0;0;
982;Refuge (PvP);Unterschlupf (PvP);;2;32;18;8;0;25;5;45;0;0;0;0;0;0;0;
983;Arme de l'Ombre;Schattenwaffe;;2;33;27;8;0;10;1;20;0;0;0;0;0;0;0;
985;Chausse-trappes;Trittnägel;Inflige l'Infirmité (5..15 secondes) à la cible et à tous les ennemis adjacents.;2;31;22;7;0;10;.25;10;0;0;0;0;0;0;0;
986;Coup des neuf queues;Neunschwänziger Stoß;Inflige +15..40 points de dégâts. Impossible à bloquer. Doit succéder à une attaque main gauche.;2;29;7;7;0;5;0;8;0;0;0;0;0;0;0;
987;Méthode de la paume vide;Weg der leeren Handfläche;(5..20 secondes.) Vos attaques main gauche et d'ambidextrie ne vous coûtent aucune énergie.;2;30;23;7;0;5;.25;10;0;0;1;0;0;0;0;
988;Frappe à la tempe;Schläfenstoß;Interrompt un sort. Provoque la Stupeur et l'Aveuglement (1..10 seconde(s)). Doit succéder à une attaque main droite.;2;29;6;7;0;15;0;20;0;0;1;0;0;0;0;
989;Coup du phénix doré;Goldener Phönix-Stoß;Inflige +10..30 points de dégâts à la cible et 10..30 points de dégâts aux ennemis adjacents. Echoue si vous n'êtes pas sous l'effet d'un enchantement.;2;29;6;7;0;5;0;8;0;0;0;0;0;0;0;
990;Censure d'Enchantements;Verzauberungen ausmerzen;Supprime un enchantement pour chaque compétence non offensive dont vous disposez. Toutes vos compétences non offensive sont désactivées (10..5 secondes).;2;30;1;7;0;10;.75;30;0;0;0;0;0;0;0;
991;Négation de maléfices;Verhexungen zurückweisen;;2;16;22;3;0;5;1;12;0;0;0;0;0;0;0;
992;Triple coup;Dreifachhieb;;2;18;4;1;0;5;0;10;0;0;1;0;0;0;0;
993;Coup enragé (PvP);Erzürnter Schlag (PvP);;2;19;8;1;0;5;0;10;0;0;1;0;0;0;0;
994;Coup de renouvellement (PvP);Erneuernder Schlag (PvP);;2;19;8;1;0;5;0;30;0;0;0;0;0;0;0;
995;Pose du tigre;Tigerhaltung;;2;17;29;1;0;5;0;20;0;0;0;0;0;0;0;
996;Entaille permanente;Stehender Hieb;;2;20;10;1;0;0;0;0;5.6;0;0;0;0;0;0;
997;Famine;Hungersnot;Crée un esprit de niveau 1..10 (durée de vie de 30..180 secondes). Inflige 20..70 points de dégâts aux créatures à portée qui ont 0 point d'énergie. N'affecte pas les esprits.;2;24;19;2;0;10;2;15;0;0;1;0;0;0;0;
1018;Oeil critique;Kritisches Auge;(10..35 secondes.) Vous avez +3..15% de chances d'infliger un coup critique. Vous obtenez 1 point d'énergie chaque fois que vous infligez un coup critique.;2;35;1;7;0;5;0;30;0;0;0;0;0;0;0;
1019;Attaque critique;Kritischer Stoß;Inflige +10..30 points de dégâts. Coup critique automatique. Vous gagnez 1..3 points d'énergie. Doit succéder à une attaque main gauche.;2;35;7;7;0;5;0;6;0;0;0;0;0;0;0;
1020;Lames d'acier;Stahlklingen;Inflige +5..16 points de dégâts (maximum : 60) pour chaque attaque à la dague qui se recharge. Doit succéder une attaque main gauche.;2;29;7;7;0;5;0;8;0;0;0;0;0;0;0;
1021;Frappe de la jungle;Dschungelschlag;Inflige +10..25 points de dégâts. Inflige +1..31 point(s) de dégâts à l'ennemi visé et aux ennemis adjacents si la cible souffrait d'Infirmité. Doit succéder à une attaque main droite.;2;29;6;7;0;5;.5;6;0;0;0;0;0;0;0;
1022;Affront sauvage (PvP);Wilder Stoß (PvP);;2;29;6;7;0;5;0;6;0;0;0;0;0;0;0;
1023;Piqûre de mante sauteuse;Stich der springenden Mantis;Inflige +14..20 points de dégâts. Provoque l'Infirmité (3..15 secondes) si la cible ennemie est en mouvement.;2;29;5;7;0;5;.5;8;0;0;0;0;0;0;0;
1024;Attaque de la mante noire;Stoß der schwarzen Mantis;Inflige +8..20 points de dégâts. Provoque l'Infirmité (3..15 secondes) si la cible ennemie est affectée par un maléfice.;2;29;5;7;0;5;1;6;0;0;0;0;0;0;0;
1025;Blessure d'interruption;Unterbrechender Dolchstoß;Interrompt une action. Si l'action interrompue était un sort, celui-ci est désactivé (3..10 secondes).;2;29;5;7;0;5;0;10;0;0;0;0;0;0;0;
1026;Coup du lotus doré;Goldener Lotus-Stoß;Inflige +5..20 points de dégâts. Vous gagnez 5..12 points d'énergie si vous êtes sous les effets d'un enchantement.;2;29;5;7;0;5;0;5;0;0;0;0;0;0;0;
1027;Défenses critiques;Kritische Verteidigungen;(4..10 secondes.) Vous avez 75% de chances de bloquer. Renouvellement : chaque fois que vous infligez un coup critique.;2;35;23;7;0;10;1;30;0;0;0;0;0;0;0;
1028;Méthode du geste parfait;Weg der Perfektion;(60 secondes.) Vos coups critiques vous soignent de 10..40 points de vie.;2;31;23;7;0;5;.25;30;0;0;0;0;0;0;0;
1029;Apostasie obscure;Dunkle Abtrünnigkeit;(3..17 secondes.) Vos coups critiques suppriment un enchantement. Coût de la suppression : vous perdez 10..3 points d'énergie ou l'Apostasie obscure prend fin.;2;35;23;7;0;10;.25;15;0;0;1;0;0;0;0;
1030;Fureur de Locuste;Wut der Heuschrecke;(10..35 secondes.) Vous avez +50% de chances d'effectuer une attaque double. Aucun effet si vous n'utilisez pas de dagues.;2;35;23;7;0;10;.5;10;0;0;1;0;0;0;0;
1031;Linceul de détresse (PvP);Schleier des Kummers (PvP);(30..60 secondes.) Vous avez 75% de chances de bloquer. Sans effet si votre santé est inférieure à 50%.;2;31;23;7;0;10;1;45;0;0;0;0;0;0;0;
1032;Coeur d'ombre;Herz der Schatten;Vous êtes soigné de 30..150 points de vie et vous faites une Foulée de l'ombre jusqu'à une position proche directement opposée à votre cible.;2;31;22;7;0;5;.25;15;0;0;0;0;0;0;0;
1033;Empalement;Aufspießen;Inflige 25..100 points de dégâts de la terre. Provoque la Blessure profonde (5..20 secondes). Doit succéder à une attaque d'ambidextrie.;2;30;1;7;0;5;1;15;0;0;0;0;0;0;0;
1034;Plaie suintante;Eiternde Wunde;;2;35;24;7;0;10;.25;10;0;0;1;0;0;0;0;
1035;Promesse de l'Assassin;Versprechen des Assassinen;(5..15 secondes.) Si la cible ennemie meurt, vous obtenez 5..20 points d'énergie et toutes vos compétences sont rechargées.;2;30;24;7;0;5;.75;45;0;0;1;0;0;0;0;
1036;Sceau de malice;Siegel der Bosheit;Vous perdez une condition pour chaque condition qui affecte l'ennemi visé.;2;-1;21;7;0;0;.25;5;0;0;0;0;0;0;0;
1037;Echappatoire obscure;Dunkle Flucht;(5..15 secondes.) Vous vous déplacez 25% plus vite et subissez la moitié des dégâts. Prends fin si vous réussissez une attaque.;2;31;29;7;0;5;0;30;0;0;0;0;0;0;0;
1038;Dague d'Infirmité;Verkrüppelnder Dolch;Projectile : inflige 15..60 points de dégâts de la terre. Provoque l'Infirmité (3..15 secondes) si la cible ennemie est en mouvement.;2;30;22;7;0;5;1;5;0;0;0;0;0;0;0;
1040;Marche des esprits;Geistermarsch;Vous faites une Foulée de l'ombre vers l'esprit visé.;2;-1;22;7;0;5;.25;8;0;0;0;0;0;0;0;
1041;Furie invisible (PvP);Unsichtbare Wut (PvP);;2;31;29;7;0;5;0;45;0;0;0;0;0;0;0;
1042;Lames éclatantes;Blitzende Klingen;(5..30.) 75% de chances de bloquer pendant que vous attaquez. Effet du bloquage : 5..20 points de dégâts à l'assaillant.;2;29;29;7;0;10;0;30;0;0;1;0;0;0;0;
1043;Ruée;Preschen;(3 secondes.) Vous vous déplacez 50% plus vite.;2;-1;29;7;0;5;0;8;0;0;0;0;0;0;0;
1044;Prison obscure;Dunkles Gefängnis;Vous faites une foulée de l'ombre vers la cible ennemie. Cet ennemi se déplace 33% moins vite (1..6 seconde(s)).;2;30;24;7;0;10;.25;30;0;0;0;0;0;0;0;
1045;Coup de paume;Handflächenschlag;Inflige 10..65 points de dégâts et la condition d'infirmité pendant 1..5 seconde(s). Compte comme une attaque main gauche.;2;35;1;7;0;5;.75;7;0;0;1;0;0;0;0;
1048;Enchantement révélé;Enthüllte Verzauberung;;2;3;22;5;0;10;1;0;0;0;0;0;0;0;0;
1049;Maléfice révélé;Enthüllte Verhexung;;2;3;22;5;0;5;1;0;0;0;0;0;0;0;0;
1052;Cumul de douleur (PvP);Angehäufter Schmerz (PvP);;2;1;22;5;0;5;2;15;0;0;0;0;0;0;0;
1053;Distraction psychique;Übernatürliche Ablenkung;Interrompt une compétence. Effet de l'interruption : désactive la compétence interrompue (+ 5..12 secondes). Vos autres compétences sont désactivées (8 secondes).;2;2;22;5;0;10;.25;2;0;0;1;0;0;0;0;
1054;Visage de l'ancêtre;Antlitz des Ahnen;;2;1;23;5;0;10;1;20;0;0;0;0;0;0;0;
1055;Insécurité récurrente;Wiederkehrende Unsicherheit;(5 secondes.)Provoque une dégénération de santé de -1..6. Renouvellement: si la cible ennemie souffre d'un autre maléfice lorsqu'insécurité récurrente prend fin.;2;1;24;5;0;10;1;3;0;0;1;0;0;0;0;
1056;Fardeau de Kitah;Kitahs Bürde;;2;1;24;5;0;15;1.5;30;0;0;0;0;0;0;0;
1057;Instabilité psychique (PvP);Übernatürliche Labilität (PvP);;2;0;22;5;0;5;.25;20;0;0;1;0;0;0;0;
1059;Sceau du Mangeur de Maléfices;Verhexungsfresser-Siegel;;2;3;21;5;0;0;1;15;0;0;0;0;0;0;0;
1061;Rétroaction;Reaktion;;2;3;22;5;0;10;1;30;0;0;0;0;0;0;0;
1062;Larcin arcane;Arkane Entwendung;;2;2;22;5;0;10;1;0;0;0;0;0;0;0;0;
1066;Vainqueur dépouillé (PvP);Sieger plündern (PvP);(3..15 secondes.) Provoque une perte de 15..79 points de vie chaque fois que la cible ennemie attaque ou lance un sort sur une créature ayant une santé inférieure à la sienne.;2;4;24;4;0;10;1;10;0;0;1;0;0;0;0;
1067;Coup du fléau;Lebensfluchstoß;;2;4;22;4;0;10;2;15;0;0;0;0;0;0;0;
1068;Frisson amer;Bitterkalt;;2;5;22;4;0;5;1;10;0;0;0;0;0;0;0;
1069;Saveur de douleur;Geschmack der Schmerzen;;2;5;22;4;0;5;.25;10;0;0;0;0;0;0;0;
1070;Enchantements profanés;Verzauberungen schänden;;2;7;22;4;0;10;2;15;0;0;0;0;0;0;0;
1071;Frissons de terreur;Angstschauer;;2;7;24;4;0;10;2;15;0;0;0;0;0;0;0;
1075;Nuée vampirique;Vampirschwarm;;2;4;22;4;0;15;2;8;0;0;0;0;0;0;0;
1076;Buveur de sang;Bluttrinker;;2;4;22;4;0;5;2;8;0;0;0;0;0;0;0;
1077;Morsure vampirique;Vampirbiss;;2;4;1;4;0;15;.75;2;0;0;0;0;0;0;0;
1078;Morsure de bauge;Suhlerbiss;;2;4;1;4;0;1;.75;3;0;10;0;0;0;0;0;
1079;Toucher de faiblesse;Schwächende Berührung;;2;7;1;4;0;5;.75;3;0;0;0;0;0;0;0;
1081;Vent de Teinai;Teinais Wind;;2;8;22;6;0;5;1;8;0;0;0;0;0;0;0;
1082;Flèche de choc;Schockpfeil;;2;8;22;6;0;5;1;8;0;0;0;0;0;0;0;
1083;Sol instable;Schwankender Boden;;2;9;22;6;0;10;2;15;0;0;1;0;0;0;0;
1084;Armure d'éclats;Splitter-Rüstung;;2;9;23;6;0;10;1;30;0;0;0;0;0;0;0;
1085;Explosion de cendres;Aschenexplosion;;2;9;24;6;0;5;1;10;0;0;0;0;0;0;0;
1086;Pas du dragon;Drachenstampfer;;2;9;22;6;0;25;3;15;0;0;0;0;10;0;0;
1088;Seconde chance;Zweite Chance;;2;-1;22;6;0;5;1;5;0;0;1;0;5;0;0;
1090;Ambres ardents;Glühende Kohle;;2;10;24;6;0;10;1.5;7;0;0;0;0;0;0;0;
1091;Double dragon;Doppeldrache;;2;10;23;6;0;10;1;15;0;0;1;0;0;0;0;
1093;Chaleur de Teinai;Teinais Hitze;;2;10;26;6;0;15;1;20;0;0;0;0;0;0;0;
1094;Souffle de Feu;Feueratem;;2;10;22;6;0;5;2;10;0;0;0;0;10;0;0;
1095;Eclat constellé;Sternenexplosion;;2;10;22;6;0;5;.75;7;0;0;1;0;0;0;0;
1096;Glyphe d'essence;Glyphe der Essenz;;2;-1;16;6;0;5;1;20;0;0;0;0;0;0;0;
1097;Prison de Teinai;Teinais Gefängnis;;2;11;24;6;0;10;1;15;0;0;0;0;0;0;0;
1098;Miroir de glace;Eisspiegel;Inflige 15..70 points de dégâts du froid et ralentit les ennemis de 66% (2..6 secondes). Affecte les ennemis proches de vous et de l'allié ciblé. Se recharge 50% plus vite s'il touche un ennemi frappé d'un maléfice de la Magie de l'eau.;2;11;24;6;0;10;.75;15;0;0;1;0;0;0;0;
1099;Cristaux de Teinai;Teinais Kristalle;Inflige 10..100 points de dégâts aux ennemis adjacents. Ces ennemis sont guéris de toute condition.;2;9;22;6;0;5;1;8;0;0;0;0;0;0;0;
1113;Colère de Kirin;Kirins Zorn;;2;14;22;3;0;5;2;30;0;0;0;0;0;0;0;
1114;Lien spirituel (PvP);Geisterbindung (PvP);(8 secondes.) Soigne de 40..100 points de vie chaque fois que l'allié visé subit plus de 60 points de dégâts. Prend fin lorsque cet allié a subi des dégâts de 10 attaques ou sorts.;2;15;23;3;0;10;.25;5;0;0;0;0;0;0;0;
1115;Atmosphère enchanteresse;Flair der Verzauberung;;2;15;23;3;0;5;.25;8;0;0;1;0;0;0;0;
1117;Paradis exquis;Himmlische Wonne;;2;16;22;3;0;5;1;12;0;0;0;0;0;0;0;
1118;Vague de guérison;Heilsalve;Soigne de 5..130 points de vie. Les membres du groupe à portée de voix de votre cible gagnent un nombre de points de vie égal au bonus de Faveur divine. Désactive vos Prières de châtiment (20 secondes).;2;13;22;3;0;5;.75;6;0;0;1;0;0;0;0;
1119;Cercle de guérison de Karei;Kareis Heilkreis;Vous êtes soignés ainsi que les alliés et ennemis adjacents de 30..180 points de vie.;2;13;22;3;0;10;1;5;0;0;0;0;0;0;0;
1120;Regard de Jamei;Jameis Starren;;2;13;22;3;0;10;.75;3;0;0;0;0;0;0;0;
1121;Don de santé;Geschenk des Lebens;;2;13;22;3;0;5;.75;5;0;0;0;0;0;0;0;
1123;Bouclier de vie;Lebensmantel;;2;15;23;3;0;5;.25;2;0;0;1;0;0;0;0;
1126;Suppression empathique;Ausdrückliche Entfernung;Supprime une condition et un maléfice à l'allié visé et à vous-même et guérit de 50 points de vie. Vous ne pouvez pas vous prendre pour cible.;2;-1;22;3;0;5;1;7;0;0;1;0;0;0;0;
1128;Chant de résurrection;Gesang der Wiederbelebung;;2;13;22;3;0;10;6;15;0;0;0;0;0;0;0;
1129;Parole du censeur;Wort des Tadels;;2;14;22;3;0;10;1;2;0;0;1;0;0;0;0;
1130;Lance de lumière;Speer des Lichts;;2;14;22;3;0;5;1;15;0;0;0;0;0;0;0;
1131;Coup d'Amederoc;Steinseelenschlag;;2;14;1;3;0;5;.75;8;0;0;0;0;0;0;0;
1133;Attaque d'ivresse;Betrunkener Schlag;;2;21;3;1;0;5;0;7;0;0;0;0;0;0;0;
1134;Frappe du Léviathan;Leviathanschlag;;2;17;3;1;0;5;0;8;0;0;0;0;0;0;0;
1135;Frappe de Jaizhenju;Jaizhenjuschlag;;2;20;10;1;0;5;0;8;0;0;0;0;0;0;0;
1136;Taillade pénétrante;Durchdringender Hieb;;2;18;4;1;0;0;0;0;4.8;0;0;0;0;0;0;
1137;Frappe du Yéti;Yetischlag;;2;19;8;1;0;0;0;0;6;0;0;0;0;0;0;
1141;"Vous mourrez !";"Ihr werdet sterben!";;2;17;20;1;0;5;0;15;0;0;0;0;0;0;0;
1142;Parade propice;Günstige Abwehr;;2;21;29;1;0;0;0;2;1;0;1;0;0;0;0;
1144;Attaque d'Aildargent;Silberflügel-Hieb;;2;20;10;1;0;0;0;0;8;0;0;0;0;0;0;
1146;Poussée;Schubs;;2;21;1;1;0;5;.75;10;0;0;1;0;0;0;0;
1191;Attaque éclatante (PvP);Trennender Angriff (PvP);;2;25;2;2;0;10;1;4;0;0;0;0;0;0;0;
1192;Tir de Zojun;Zojuns Schuss;;2;23;2;2;0;5;0;3;0;0;0;0;0;0;0;
1194;Lien du prédateur (PvP);Raubtierverbindung (PvP);;2;22;20;2;0;10;0;30;0;0;0;0;0;0;0;
1195;Guérison partagée (PvP);Gemeinsame Heilung (PvP);;2;22;1;2;0;5;1;8;0;0;1;0;0;0;0;
1196;Hâte de Zojun;Zojuns Eile;;2;23;29;2;0;5;0;30;0;0;0;0;0;0;0;
1197;Aiguillons;Nadelschuss;;2;25;2;2;0;5;.75;4;0;0;0;0;0;0;0;
1198;Flèche à pointe large;Stahlspitzenpfeil;Flèche lente. Interrompt un sort. Inflige la Stupeur (5..20 secondes).;2;25;2;2;0;10;0;10;0;0;1;0;0;0;0;
1199;Flèches de verre (PvP);Glaspfeile (PvP);;2;23;17;2;0;5;2;12;0;0;1;0;0;0;0;
1200;Sceau de l'Archer;Siegel des Bogenschützen;(1..24 seconde(s).) Les conditions que vous appliquez lorsque vous êtes équipé d'un arc durent 150% plus longtemps.;2;23;21;2;0;0;1;12;0;0;1;0;0;0;0;
1201;Attaque sauvage;Wilder Sprung;;2;22;11;2;0;5;0;10;0;0;0;0;0;0;0;
1202;Coup enragé (PvP);Erzürnter Ausfall (PvP);;2;22;11;2;0;5;0;5;0;0;1;0;0;0;0;
1203;Violence bestiale;Bestienattacke;;2;22;11;2;0;5;0;10;0;0;0;0;0;0;0;
1205;Morsure empoisonnée;Giftbiss;Provoque l'Empoisonnement (5..20 secondes).;2;22;11;2;0;5;0;7;0;0;0;0;0;0;0;
1206;Bond;Sprung;;2;22;11;2;0;5;0;10;0;0;0;0;0;0;0;
1209;Furie bestiale;Bestienwut;;2;22;29;2;0;10;0;10;0;0;0;0;0;0;0;
1211;Nid de vipère;Vipernnest;;2;22;30;2;0;10;2;20;0;0;0;0;0;0;0;
1212;Equinoxe;Tagundnachtgleiche;Crée un esprit de niveau 1..10 (durée de vie de 30..240 secondes). L'Epuisement est doublé pour les sort lancés à portée qui infligent cette condition.;2;24;19;2;0;10;2;15;0;0;1;0;0;0;0;
1213;Tranquillité;Ruhe;Crée un esprit de niveau 1..10 (durée de vie de 15..120 secondes). Les enchantements prennent fin 20..50% plus vite sur les créatures à portée. N'affecte pas les esprits.;2;24;19;2;0;15;2;60;0;0;0;0;0;0;0;
1215;Clameur des âmes;Gezeter der Seelen;;2;34;22;8;0;10;1;8;0;0;1;0;0;0;0;
1217;Seigneur de rituel;Herr der Rituale;;2;36;1;8;0;0;0;45;0;2;1;0;0;0;0;
1218;Daoshen était cruel;Grausam war Daoshen;;2;34;25;8;0;15;2;30;0;0;0;0;0;0;0;
1219;Kaolai était protecteur;Schützend war Kaolai;(15..60 secondes.) Vous bénéficiez d'un bonus d'armure de +10. Effet de la pose : tous les membres du groupe sont soignés de 10..85 points de vie.;2;33;25;8;0;10;1;20;0;0;0;0;0;0;0;
1220;Songkai était attentive;Eingestimmt war Songkai;;2;36;25;8;0;10;1.5;30;0;0;1;0;0;0;0;
1221;Xiko était coriace;Unverwüstlich war Xiko;;2;33;25;8;0;5;1;10;0;0;0;0;0;0;0;
1222;Namei était si gaie;Lebhaft war Naomei;;2;33;25;8;0;15;6;20;0;0;0;0;0;0;0;
1223;Lingwah était angoissée;Gequält war Lingwah;;2;36;25;8;0;5;1.5;30;0;0;0;0;0;0;0;
1224;Attraction d'esprit;Geist entziehen;;2;-1;22;8;0;5;.25;5;0;0;0;0;0;0;0;
1225;Frappe canalisée;Gelenkter Schlag;;2;34;22;8;0;10;2;4;0;0;0;0;0;0;0;
1226;Coup du compagnon spirituel;Geistersegenstoß;;2;34;22;8;0;5;1;3;0;0;0;0;0;0;0;
1227;Frappe d'essence;Essenzschlag;;2;34;22;8;0;5;1;8;0;0;0;0;0;0;0;
1228;Siphon de l'esprit;Geist abzapfen;;2;34;22;8;0;5;.25;3;0;0;0;0;0;0;0;
1229;Expansion explosive;Explosives Wachstum;;2;36;23;8;0;5;2;45;0;0;0;0;0;0;0;
1230;Compagnon de création;Segen der Schöpfung;;2;36;23;8;0;10;2;45;0;0;0;0;0;0;0;
1231;Canalisation d'esprit;Geisterlenkung;;2;36;23;8;0;5;1;30;0;0;1;0;0;0;0;
1232;Armure de l'impassible (PvP);Rüstung der Gefühllosigkeit (PvP);(10..35 secondes.) Vous avez une réduction de dégâts de base de 10 pendant que vous lancez des Rituels d'asservissement.;2;32;23;8;0;10;1;20;0;0;0;0;0;0;0;
1233;Souvenirs apaisants;Beruhigende Erinnerungen;;2;33;22;8;0;5;.75;4;0;0;0;0;0;0;0;
1234;Guérison du corps et de l'âme;Körper und Seele heilen;Soigne de 20..115 points de vie. Supprime une condition par esprit à portée de voix.;2;33;22;8;0;5;.75;3;0;0;0;0;0;0;0;
1235;Arme émoussée;Stumpfe Waffe;;2;32;24;8;0;15;1;20;0;0;0;0;0;0;0;
1236;Chaînes d'asservissement;Fesselnde Ketten;;2;32;24;8;0;10;1;15;0;0;0;0;0;0;0;
1237;Lien de douleur;Schmerzhafte Bindung;;2;34;24;8;0;15;1;12;0;0;0;0;0;0;0;
1238;Sceau de création;Siegel der Schöpfung;;2;36;21;8;0;0;1;20;0;0;0;0;0;0;0;
1239;Sceau des Esprits (PvP);Siegel der Geister (PvP);Vous gagnez 3..12 points d'énergie. Aucun effet si vous n'êtes pas à portée de voix d'un esprit.;2;34;21;8;0;0;1;20;0;0;1;0;0;0;0;
1240;Contorsion de l'âme;Seelenverflechtung;(5..45 secondes.) Vos Rituels d'asservissement coûtent 15 points d'énergie en moins (Minimum 10) et se rechargent instantanément. Prend fin après 1..3 Rituels d'asservissement.;2;36;1;8;0;5;0;15;0;0;1;0;0;0;0;
1244;Vivacité spectrale;Geisterhafte Eile;;2;36;23;8;0;10;1;20;0;0;0;0;0;0;0;
1245;Vision de l'au-delà;Blick aus dem Jenseits;;2;34;22;8;0;5;1;10;0;0;0;0;0;0;0;
1246;Rage de l'ancêtre (PvP);Wut der Vorfahren (PvP);(3 secondes.) Inflige 1..31 points de dégâts de la foudre par seconde aux ennemis adjacent à l'allié visé.;2;34;1;8;0;5;1;8;0;0;0;0;0;0;0;
1247;Douleur (PvP);Schmerz (PvP);;2;32;18;8;0;5;1.5;30;0;0;0;0;0;0;0;
1249;Déplacement (PvP);Verschiebung (PvP);;2;32;18;8;0;15;3;45;0;0;0;0;0;0;0;
1250;Préservation (PvP);Erhaltung (PvP);Crée un esprit de niveau 1..10 (durée de vie de 90 secondes). Toutes les 4 secondes, cet esprit soigne un allié (autre qu'un esprit) de 10..115 points de vie.;2;33;18;8;0;5;3;20;0;0;1;0;0;0;0;
1251;Vie (PvP);Leben (PvP);;2;33;18;8;0;10;3;20;0;0;0;0;0;0;0;
1252;Lien terrestre (PvP);Erdbindung (PvP);;2;32;18;8;0;15;5;60;0;0;0;0;0;0;0;
1253;Mélodie du sang (PvP);Blutgesang (PvP);Crée un esprit de niveau 1..8 (durée de vie de 30..150 secondes). Ses attaques volent 5..25 points de vie.;2;34;18;8;0;5;1.5;30;0;0;0;0;0;0;0;
1255;Voyage (PvP);Fernweh (PvP);;2;32;18;8;0;10;5;45;0;0;1;0;0;0;0;
1257;Arme d'Esprit illuminé;Geisterlichtwaffe;;2;33;27;8;0;5;1;5;0;0;1;0;0;0;0;
1258;Arme brute;Grausame Waffe;(10..40 secondes.) Les attaques infligent +5..15 points de dégâts. Aucun effet si l'allié visé est enchanté.;2;32;27;8;0;10;1;15;0;0;0;0;0;0;0;
1259;Arme guidée;Gelenkte Waffe;(4..10 secondes.) Les attaques sont impossibles à bloquer.;2;32;27;8;0;5;2;5;0;0;0;0;0;0;0;
1260;Soumission;Sanftmut;;3;7;24;4;0;15;1;20;0;17;0;0;0;0;0;
1261;Armure glaciale;Kalte Rüstung;;3;11;23;6;0;5;1;20;0;0;0;0;0;0;0;
1262;Anneau de guérison;Heilring;;3;13;22;3;0;5;1;10;0;0;0;0;0;0;0;
1263;Renouvellement de vie;Leben verlängern;;3;13;22;3;0;15;4;5;0;0;0;0;0;0;0;
1264;Destinée;Untergang;;2;36;22;8;0;10;1;8;0;0;0;0;0;0;0;
1265;Compagnon d'arme;Segen des Ausübers;;2;33;22;8;0;5;.25;4;0;0;0;0;0;0;0;
1266;Apaisement (PvP);Beruhigung (PvP);Crée un esprit de niveau 1..8 (durée de vie de 15..45 secondes). Les ennemis à portée accumulent de l'adrénaline deux fois moins vite.;2;32;18;8;0;25;5;60;0;0;0;0;0;0;0;
1267;Arme vitale;Wesentliche Waffe;;2;32;27;8;0;5;1;2;0;0;0;0;0;0;0;
1268;Arme de rapidité;Waffe der Beschleunigung;;2;32;27;8;0;5;1;5;0;0;1;0;0;0;0;
1269;Sceau de Rage;Siegel der Wut;;2;14;21;3;0;0;1;20;0;0;0;0;0;0;0;
1333;Conditions prolongées;Zustände ausweiten;Répand toutes les conditions de la cible ennemie à tous les ennemis à proximité de cette dernière. La durée de ces conditions est augmentée de 5..100% (30 secondes maximum).;3;3;22;5;0;5;.25;5;0;0;1;0;0;0;0;
1334;Hypochondrie;Hypochondrie;Transfère toutes les conditions des ennemis de la zone à l'ennemi visé.;3;-1;22;5;0;5;.25;7;0;0;0;0;0;0;0;
1335;Fin du gaspilleur;Ableben des Verschwenders;;3;2;24;5;0;5;.25;5;0;0;0;0;0;0;0;
1336;Douleur spirituelle (PvP);Geisterschmerz (PvP);Inflige 5..40 points de dégâts. Inflige 25..125 points de dégâts aux créatures hostiles invoquées qui sont situées près de l'ennemi visé.;3;2;22;5;0;5;1;12;0;0;0;0;0;0;0;
1337;Drain d'illusions;Täuschungen entziehen;;3;3;22;5;0;5;.25;12;0;0;0;0;0;0;0;
1338;Persistance du souvenir;Beharrliche Erinnerungen;;3;0;23;5;0;5;1;20;0;0;0;0;0;0;0;
1339;Symboles d'inspiration;Symbole der Inspiration;;3;0;1;5;0;5;1;15;0;0;1;0;0;0;0;
1340;Célérité symbolique;Symbolische Schnelligkeit;;3;0;23;5;0;15;1;30;0;0;0;0;0;0;0;
1341;Frustration (PvP);Frustration (PvP);;3;1;24;5;0;10;1;15;0;0;0;0;0;0;0;
1342;Taquinerie;Reizen;Interrompt une compétence. Effet de l'interruption : interrompt également tous les ennemis dans la zone et vous volez 0..5 point(s) d'énergie à tous les ennemis dans la zone.;3;3;22;5;0;5;.25;20;0;0;1;0;0;0;0;
1343;Fantôme éthéré;Äther-Phantom;;3;3;24;5;0;5;1;10;0;0;0;0;0;0;0;
1344;Toile d'interruption (PvP);Netz der Störung (PvP);;3;-1;24;5;0;10;.25;15;0;0;0;0;0;0;0;
1345;Enigme de l'enchanteur (PvP);Rätsel des Verzauberers (PvP);;3;2;24;5;0;10;2;20;0;0;1;0;0;0;0;
1346;Sceau des illusions;Siegel der Illusionen;;3;1;21;5;0;0;2;5;0;0;1;0;0;0;0;
1347;Congédiement d'enchantement;Verzauberung entlassen;;3;3;22;5;0;10;1;15;0;0;0;0;0;0;0;
1348;Vortex du Mangeur de Maléfices;Verhexungsfresser-Strudel;;3;2;22;5;0;5;.25;15;0;0;1;0;0;0;0;
1349;Miroir de désenchantement (PvP);Spiegel der Entzauberung (PvP);;3;-1;22;5;0;15;1;20;0;0;0;0;0;0;0;
1350;Simple vol;Simpler Diebstahl;Interrompt une action. Effet de l'interruption : si une compétence est interrompue, elle est désactivée et remplace Simple Vol (5..20 secondes).;3;2;22;5;0;10;.25;10;0;0;1;0;0;0;0;
1351;Animation d'horreur dévastatrice;Schlurfschreck beleben;;3;5;22;4;0;10;1;25;0;0;0;0;0;0;0;
1352;Ordre des morts-vivants;Orden der Untoten;;3;5;22;4;0;10;1;5;0;0;1;0;0;0;0;
1353;Chair putride;Verwesendes Fleisch;Détruit un de vos serviteurs morts-vivants. Inflige la Maladie (5..15 secondes) aux ennemis près de ce serviteur.;3;5;22;4;0;10;.25;0;0;0;0;0;0;0;0;
1354;Festin des morts;Fest für die Toten;;3;5;22;4;0;5;.25;10;0;0;0;0;0;0;0;
1355;Os broyés;Versplitterte Knochen;;3;5;23;4;0;5;1;10;0;0;1;0;0;0;0;
1356;Contagion;Erkrankung;;3;5;23;4;0;5;1;20;0;0;1;0;0;0;0;
1358;Poumons ulcérés;Geschwürige Lungen;;3;7;24;4;0;10;1;10;0;0;0;0;0;0;0;
1359;Douleur de désenchantement;Schmerz der Entzauberung;;3;7;22;4;0;10;1;15;0;0;1;0;0;0;0;
1360;Marque de Furie;Zeichen der Wut;;3;4;24;4;0;5;.75;10;0;0;0;0;0;0;0;
1362;Enchantement corrompu;Verzauberung verderben;;3;7;24;4;0;5;.75;10;0;0;1;0;0;0;0;
1363;Sceau du chagrin;Siegel des Kummers;;3;6;21;4;0;0;1;30;0;0;0;0;0;0;0;
1364;Sceau de souffrance;Siegel des Leidens;Vous saignez pendant 6 secondes. Applique un Saignement (2..16 secondes) à la cible de votre prochaine compétence de Nécromant.;3;4;21;4;0;0;0;4;0;0;1;0;0;0;0;
1365;Sceau des âmes perdues;Siegel der verlorenen Seelen;;3;6;21;4;0;0;.25;8;0;0;0;0;0;0;0;
1366;Puits d'obscurité;Brunnen der Dunkelheit;;3;7;28;4;0;10;1;20;0;0;0;0;0;0;0;
1367;Afflux aveuglant;Blendende Welle;Inflige 5..50 points de dégâts de la foudre. Provoque l'Aveuglement (3..8 seconde(s)) de la cible et des ennemis adjacents. Pénétration d'armure de 25%.;3;8;22;6;0;10;.75;6;0;0;1;0;0;0;0;
1368;Vents glaciaux;Kühle Winde;;3;8;24;6;0;5;1;8;0;0;0;0;0;0;0;
1369;Eclair;Blitzstrahl;;3;8;22;6;0;5;1;8;0;0;0;0;0;0;0;
1370;Hâte du jinn de tempête;Eile des Sturm-Dschinn;(10..25 secondes.) Vous vous déplacez 25% plus vite. Vous perdez 1 point d'énergie par seconde lorsque vous vous déplacez.;3;8;23;6;0;5;.25;10;0;0;0;0;0;0;0;
1371;Briseur de pierre;Steinschläger;;3;9;23;6;0;5;.25;20;0;0;0;0;0;0;0;
1372;Tempête de sable;Sandsturm;Inflige 10..30 points de dégâts de la terre par seconde (10 secondes). Frappe les ennemis proches de la position initiale de la cible ennemie, inflige 10..30 points de dégâts de la terre supplémentaires par seconde aux ennemis qui attaquent.;3;9;22;6;0;15;2;20;0;0;1;0;0;0;0;
1373;Gaine de pierre;Steinmantel;;3;9;23;6;0;10;1;15;0;0;1;0;0;0;0;
1374;Faucon d'ébène;Ebonfalke;Projectile : Inflige 10..85 points de dégâts de la terre et provoque la Faiblesse (5..15 secondes).;3;9;22;6;0;10;1;5;0;0;0;0;0;0;0;
1375;Aura de Chair de pierre;Steinfleisch-Aura;;3;9;23;6;0;10;2;15;0;0;0;0;0;0;0;
1376;Glyphe de rétablissement;Glyphe der Wiederherstellung;;3;12;16;6;0;5;1;8;0;0;0;0;0;0;0;
1377;Prisme éthéré;Ätherprisma;(3 secondes.) Tous les dégâts que vous subissez sont réduits de 75%. Effet final : vous gagnez 5..20 points d'énergie.;3;12;1;6;0;5;0;20;0;0;1;0;0;0;0;
1378;Maître de la Magie;Meister der Magie;(1..61 seconde(s).) Vos caractéristiques élémentaires sont fixées à 12 et vous bénéficiez d'une régénération d'énergie de +0..2. Prend fin si vous utilisez une compétence non élémentaire.;3;12;23;6;0;5;1;10;0;0;1;0;0;0;0;
1379;Regard embrasé;Glühender Blick;;3;10;22;6;0;5;1;8;0;0;0;0;0;0;0;
1380;Chaleur de savane (PvP);Hitze der Savanne (PvP);;3;10;22;6;0;15;2;25;0;0;1;0;0;0;0;
1381;Hâte du jinn de flamme;Eile des Flammen-Dschinn;;3;10;23;6;0;10;.75;20;0;0;0;0;0;0;0;
1382;Rafale givrante;Gefrierende Böe;Inflige 20..80 points de dégâts du froid si l'ennemi visé souffre d'un maléfice de la magie de l'eau. Cet ennemi se déplace 66% moins vite (1..6 secondes) dans le cas contraire.;3;11;24;6;0;10;1;8;0;0;0;0;0;0;0;
1390;Intervention du juge;Intervention des Richters;;3;14;23;3;0;5;.25;8;0;0;0;0;0;0;0;
1391;Esprit de soutien;Unterstützender Geist;;3;13;23;3;0;10;.75;8;0;0;0;0;0;0;0;
1392;Guérison attentive;Wachsame Heilung;(10 secondes.) L'allié visé bénéficie d'une régénération de santé de +1..4 et gagne 30..120 points de vie si cet enchantement prend fin prématurément.;3;16;23;3;0;5;1;10;0;0;0;0;0;0;0;
1393;Compagnon du guérisseur;Segen des Heilers;;3;16;23;3;0;5;.25;10;0;0;1;0;0;0;0;
1394;Engagement du guérisseur;Verpflichtung des Heilers;;3;13;23;3;-1;5;.25;5;0;0;1;0;0;0;0;
1395;Balancier de Balthazar;Balthasars Pendel;;3;14;23;3;0;5;.25;5;0;0;1;0;0;0;0;
1396;Paroles de réconfort;Tröstende Worte;Soigne de 15..60 points de vie. Soigne de 15..45 points de vie supplémentaires si l'allié visé souffre d'une condition.;3;13;22;3;0;5;1;4;0;0;0;0;0;0;0;
1397;Lumière de la délivrance (PvP);Licht der Erlösung (PvP);Soigne tout le groupe de 5..70 points de vie. Vos Prières de châtiment sont inutilisables (20 secondes).;3;13;22;3;0;5;1;10;0;0;1;0;0;0;0;
1398;Enchantement fléau;Geißelverzauberung;;3;14;24;3;0;10;1.5;5;0;0;0;0;0;0;0;
1399;Bouclier d'absorption;Schild der Absorption;(3..7 secondes.) Réduit les dégâts subits par l'allié visé de 5 points à chaque attaque.;3;15;23;3;0;5;1;10;0;0;0;0;0;0;0;
1400;Revers de dégâts;Umkehrung des Schadens;;3;14;23;3;0;5;.25;3;0;0;0;0;0;0;0;
1401;Toucher réparateur;Genesungsberührung;;3;15;22;3;0;5;.75;6;0;0;0;0;0;0;0;
1402;Entaille critique;Kritischer Hieb;;3;18;4;1;0;5;1;15;0;0;0;0;0;0;0;
1403;Entaille agonisante;Qualvoller Hieb;;3;18;4;1;0;0;1;0;6;0;0;0;0;0;0;
1404;Peste;Dreschen;(1..15 seconde(s).) vous attaquez 33% plus vite. Vous vous déplacez 33% moins vite.;3;17;29;1;0;0;0;0;4;0;0;0;0;0;0;
1405;Frappe de charge;Angreifender Schlag;;3;17;29;1;0;5;0;5;0;0;1;0;0;0;0;
1406;Coup de tête;Kopfstoß;;3;17;1;1;0;10;.75;10;0;0;1;0;0;0;0;
1407;Confort du lion;Trost des Löwen;;3;17;1;1;0;0;1;1;3.2;0;0;0;0;0;0;
1408;Rage du Ntouka;Wut des Ntouka;;3;17;1;1;0;5;0;15;0;0;1;0;0;0;0;
1409;Frappe du Mokele;Mokele-Schlag;;3;19;8;1;0;5;0;12;0;0;0;0;0;0;0;
1410;Attaque dominatrice;Anmaßender Schlag;;3;19;8;1;0;5;0;20;0;0;0;0;0;0;0;
1411;Sceau de constitution;Siegel der Ausdauer;;3;17;21;1;0;0;.25;20;0;0;0;0;0;0;0;
1412;"Vous êtes seul !";"Ihr seid ganz allein!";;3;-1;20;1;0;5;0;10;0;0;1;0;0;0;0;
1413;Explosion d'agressivité;Aggressiver Ausbruch;;3;17;29;1;0;5;0;12;0;0;0;0;0;0;0;
1414;Charge enragée;Wütender Angriff;;3;17;29;1;0;5;0;20;0;0;0;0;0;0;0;
1415;Taillade incapacitante;Verkrüppelnder Hieb;;3;20;10;1;0;0;0;0;5.2;0;1;0;0;0;0;
1416;Entaille barbare;Barbarischer Schnitt;;3;20;10;1;0;0;0;0;6;0;0;0;0;0;0;
1465;Coup préparé;Vorbereiteter Schuss;Inflige +10..25 points de dégâts. Vous gagnez 1..9 point(s) d'énergie si vous êtes sous l'effet d'une préparation.;3;25;2;2;0;5;0;6;0;0;1;0;0;0;0;
1466;Flèche brûlante;Brennender Pfeil;Inflige +10..30 points de dégâts. Inflige la Brûlure (1..7 seconde(s)).;3;25;2;2;0;10;0;5;0;0;1;0;0;0;0;
1467;Tir arqué;Bogenschuss;;3;25;2;2;0;5;0;3;0;0;0;0;0;0;0;
1468;Attaque solidaire;Gemeinsam zuschlagen;Votre animal se déplace instantanément vers la cible ennemie et sa prochaine attaque inflige le Saignement (5..15 secondes). La prochaine fois qu'une de vos attaques réussit, la cible ennemie est frappée d'Infirmité (5..15 secondes).;3;22;20;2;0;5;0;10;0;0;1;0;0;0;0;
1469;Tir croisé;Kreuzfeuer;;3;25;2;2;0;5;0;4;0;0;0;0;0;0;0;
1470;Flèches barbelées;Stachelpfeile;(24 secondes.) Vos flèches provoquent le Saignement (3..15 secondes). Votre bonus d'armure est réduit de 40 pendant que vous activez cette compétence.;3;24;17;2;0;10;2;12;0;0;0;0;0;0;0;
1471;Focus du charognard;Fokus des Plünderers;;3;24;1;2;0;5;0;12;0;0;1;0;0;0;0;
1472;Toxicité;Giftigkeit;;3;22;19;2;0;15;2;60;0;0;0;0;0;0;0;
1473;Sables mouvants;Treibsand;;3;24;19;2;0;10;2;30;0;0;1;0;0;0;0;
1474;Etreinte de la tempête;Umarmung des Sturms;;3;-1;29;2;0;5;0;30;0;0;0;0;0;0;0;
1475;Vitesse du trappeur;Geschwindigkeit des Fallenstellers;;3;23;29;2;0;5;0;20;0;0;0;0;0;0;0;
1476;Fil de détente;Stolperdraht;;3;24;30;2;0;10;2;30;0;0;0;0;0;0;0;
1478;Afflux de renouvellement;Erneuernde Welle;;3;34;24;8;0;5;1;15;0;0;0;0;0;0;0;
1479;Offrande de l'esprit;Opfer des Geistes;;3;34;22;8;0;3;.25;15;0;17;1;0;0;0;0;
1480;Don de l'esprit;Geschenk des Geistes;;3;36;23;8;0;10;1;45;0;0;0;0;0;0;0;
1481;Sceau du pacte avec la mort (PvP);Todespakt-Siegel (PvP);Ressuscite le membre du groupe visé avec autant de santé que vous et 15..100% d'énergie maximum.;3;33;21;8;0;0;4;12;0;0;0;0;0;0;0;
1482;Essence récupérée;Essenz zurückfordern;;3;36;22;8;0;5;1;30;0;0;1;0;0;0;0;
1483;Coup de bannissement (PvP);Bannstoß (PvP);;3;44;3;10;0;5;0;3;0;0;0;0;0;0;0;
1484;Fauchage mystique;Mystischer Schwung;Inflige +5..10 points de dégâts (maximum : +30) par enchantement vous affectant.;3;44;3;10;0;5;1;6;0;0;0;0;0;0;0;
1485;Attaque érémitique;Angriff des Eremiten;;3;41;9;10;0;5;0;6;0;0;0;0;0;0;0;
1486;Moisson des impuretés;Unreinheiten ausnutzen;Inflige +10..30 points de dégâts. Vous gagnez 17..75 points de vie par ennemi touché souffrant d'une condition.;3;41;3;10;0;0;0;0;4.8;0;0;0;0;0;0;
1487;Fauchage des deux lunes (PvP);Doppelter Mondschwung (PvP);;3;41;3;10;0;0;0;0;6.4;0;0;0;0;0;0;
1488;Fauchage victorieux;Siegreicher Schwung;;3;41;3;10;0;5;0;4;0;0;0;0;0;0;0;
1489;Fauchage impérieux (PvP);Unwiderstehlicher Schwung (PvP);;3;41;9;10;0;0;0;0;4.8;0;0;0;0;0;0;
1490;Assaut pieux (PvP);Frommer Angriff (PvP);;3;41;3;10;0;5;0;12;0;0;0;0;0;0;0;
1491;Tornade mystique;Mystischer Wirbelsturm;;3;42;22;10;0;0;.5;4;4.8;0;0;0;0;0;0;
1493;Doigts de Grenth;Grenths Finger;;3;42;33;10;0;5;0;10;0;0;0;0;0;0;0;
1495;Aura d'épines (PvP);Dornenaura (PvP);;3;43;33;10;0;10;0;10;0;0;0;0;0;0;0;
1496;Rage de Balthazar;Balthasars Wut;;3;44;33;10;0;10;0;10;0;0;0;0;0;0;0;
1497;Manteau de mirage (PvP);Staubdecke (PvP);;3;43;33;10;0;10;0;10;0;0;0;0;0;0;0;
1498;Force stupéfiante;Umwerfende Gewalt;;3;43;33;10;0;10;0;6;0;0;0;0;0;0;0;
1499;Renouveau pieux;Fromme Erneuerung;;3;44;33;10;0;5;0;8;0;0;1;0;0;0;0;
1500;Manteau de poussière;Trugbild-Umhang;;3;43;33;10;0;10;0;15;0;0;0;0;0;0;0;
1502;Zèle arcane;Arkaner Eifer;;3;44;23;10;0;10;1;5;0;0;1;0;0;0;0;
1503;Vigueur mystique;Mystische Vitalität;;3;44;23;10;0;5;.25;15;0;0;0;0;0;0;0;
1504;Intervention vigilante;Wachsame Intervention;;3;44;23;10;0;10;1;15;0;0;0;0;0;0;0;
1505;Voeu de piété;Gelübde der Frömmigkeit;(20 secondes.) +24 de bonus d'armure et +1..4 de régénération de santé. Renouvellement : chaque fois qu'un enchantement vous affectant prend fin.;3;42;23;10;0;15;.25;45;0;0;0;0;0;0;0;
1506;Compagnon vital;Wesentliche Wohltat;;3;43;23;10;0;5;1;8;0;0;0;0;0;0;0;
1507;Coeur de la Flamme sacrée;Herz der heiligen Flamme;;3;44;33;10;0;10;0;10;0;0;0;0;0;0;0;
1508;Prolongation des Enchantements;Verzauberungen ausweiten;;3;44;1;10;0;5;0;10;0;0;0;0;0;0;0;
1509;Intervention fidèle;Vertrauensvolle Intervention;;3;44;23;10;0;5;2;20;0;0;0;0;0;0;0;
1510;Eclats de sable;Sandscherben;;3;43;33;10;0;10;0;10;0;0;0;0;0;0;0;
1512;Hâte de Lyssa (PvP);Lyssas Eile (PvP);;3;42;33;10;0;5;0;25;0;0;0;0;0;0;0;
1513;Mains directrices (PvP);Lenkende Hände (PvP);;3;42;23;10;0;10;.25;15;0;0;0;0;0;0;0;
1514;Brève stabilité;Flüchtige Stabilität;;3;43;33;10;0;5;0;15;0;0;0;0;0;0;0;
1515;Armure de sainteté;Rüstung der Heiligkeit;Provoque la Faiblesse sur tous les ennemis adjacents (5..15 secondes). Les ennemis souffrant d'une condition vous infligent 5..20 points de dégâts en moins (15 secondes).;3;43;23;10;0;5;.25;15;0;0;0;0;0;0;0;
1516;Régénération mystique (PvP);Mystische Regeneration (PvP);;3;43;23;10;0;15;.25;12;0;0;0;0;0;0;0;
1517;Voeu du silence;Schweigegelübde;;3;44;23;10;0;5;.25;10;0;0;1;0;0;0;0;
1518;Avatar de Balthazar;Balthasars Avatar;;3;44;15;10;0;5;2;20;0;0;1;0;0;0;0;
1519;Avatar de Dwayna (PvP);Dwaynas Avatar (PvP);;3;44;15;10;0;5;2;20;0;0;1;0;0;0;0;
1520;Avatar de Grenth;Grenths Avatar;;3;44;15;10;0;5;2;20;0;0;1;0;0;0;0;
1521;Avatar de Lyssa;Lyssas Avatar;;3;44;15;10;0;5;2;20;0;0;1;0;0;0;0;
1522;Avatar de Melandru (PvP);Melandrus Avatar (PvP);;3;44;15;10;0;5;2;20;0;0;1;0;0;0;0;
1523;Méditation;Meditation;;3;44;23;10;0;10;.25;15;0;0;0;0;0;0;0;
1524;Zèle érémitique;Eifer des Eremiten;;3;44;23;10;0;5;.25;15;0;0;0;0;0;0;0;
1525;Guérison naturelle;Natürliche Heilung;;3;42;22;10;0;5;1;6;0;0;0;0;0;0;0;
1526;Santé imprégnée;Mit Leben durchdringen;;3;44;22;10;0;10;.25;10;0;0;0;0;0;0;0;
1527;Guérison mystique (PvP);Mystische Heilung (PvP);;3;42;22;10;0;5;1;10;0;0;0;0;0;0;0;
1528;Toucher de Dwayna;Dwaynas Berührung;;3;42;22;10;0;5;.75;5;0;0;0;0;0;0;0;
1529;Rétablissement pieux;Fromme Wiederherstellung;;3;42;22;10;0;5;1;8;0;0;0;0;0;0;0;
1530;Sceau de lumière pieuse;Siegel des frommen Lichts;;3;43;21;10;0;0;1;20;0;0;0;0;0;0;0;
1531;Aura intimidante;Einschüchternde Aura;;3;44;23;10;0;10;.75;20;0;0;0;0;0;0;0;
1532;Tempête de sable mystique;Mystischer Sandsturm;;3;43;22;10;0;0;1;8;4.8;0;0;0;0;0;0;
1533;Vents de désenchantement;Wind der Entzauberung;;3;42;22;10;0;5;.75;15;0;0;0;0;0;0;0;
1534;Toucher déchirant;Zerreißende Berührung;;3;44;22;10;0;5;.75;12;0;0;0;0;0;0;0;
1535;Fauchage invalidant;Verkrüppelnder Schwung;;3;41;9;10;0;5;0;6;0;0;0;0;0;0;0;
1536;Attaque blessante (PvP);Verwundender Schlag (PvP);;3;41;9;10;0;5;0;3;0;0;1;0;0;0;0;
1537;Coup lassant;Ermüdender Schlag;;3;41;9;10;0;0;0;0;6;0;0;0;0;0;0;
1538;Assaut de Lyssa;Lyssas Angriff;;3;41;9;10;0;5;.5;15;0;0;0;0;0;0;0;
1539;Victoire frissonnante;Kühler Sieg;Inflige +5..20 points de dégâts. La cible et les ennemis adjacent subissent 15..60 points de dégâts du froid chaque fois que cette attaque frappe un ennemi qui a moins de santé que vous.;3;41;9;10;0;0;0;0;6;0;0;0;0;0;0;
1540;Conviction;Überzeugung;;3;43;33;10;0;5;0;10;0;0;0;0;0;0;0;
1541;Hâte enchantée;Verzauberte Eile;(5..20 secondes.) Vous vous déplacez 25% plus vite si vous êtes enchanté.;3;-1;33;10;0;10;0;15;0;0;0;0;0;0;0;
1542;Concentration pieuse;Fromme Konzentration;;3;43;29;10;0;10;0;10;0;0;0;0;0;0;0;
1543;Hâte pieuse;Fromme Eile;;3;44;29;10;0;5;0;12;0;0;0;0;0;0;0;
1544;Charge tourbillonnante;Wirbelangriff;;3;42;33;10;0;5;0;10;0;0;0;0;0;0;0;
1545;Test de foi;Glaubensprüfung;;3;42;22;10;0;0;.75;5;5;0;0;0;0;0;0;
1546;Javelot ardent;Lodernder Speer;;3;37;12;9;0;0;0;0;6;0;0;0;0;0;0;
1547;Lancer puissant (PvP);Mächtiger Wurf (PvP);;3;37;12;9;0;0;1;2;2;0;0;0;0;0;0;
1548;Javelot cruel;Grausamer Speer;Inflige +1..31 point(s) de dégâts. Inflige la Blessure profonde (5..20 secondes) si la cible est immobile.;3;37;12;9;0;0;0;0;6;0;1;0;0;0;0;
1549;Lancer d'harrier (PvP);Wurf des Läufers (PvP);;3;37;12;9;0;10;1;10;0;0;0;0;0;0;0;
1550;Lancer impitoyable;Unblockbarer Wurf;;3;37;12;9;0;0;1;1;4;0;0;0;0;0;0;
1551;Javelot d'éclair;Speer des Blitzes;Inflige +8..20 points de dégâts de la foudre. Pénétration d'armure de 25%.;3;37;12;9;0;5;0;6;0;0;0;0;0;0;0;
1552;Javelot lassant;Ermüdender Speer;;3;37;12;9;0;0;0;0;3;0;0;0;0;0;0;
1553;Hymne de furie;Hymne der Wut;;3;40;13;9;0;5;1;10;0;0;1;0;0;0;0;
1554;Hymne d'infirmité;Verkrüppelungs-Hymne;(10 secondes.) Les alliés à portée de voix infligent l'Infirmité (5..15 secondes) avec leur compétence d'attaque suivante.;3;38;13;9;0;0;1;0;4;0;1;0;0;0;0;
1555;Hymne défensif (PvP);Verteidigungshymne (PvP);(4..10 secondes.) Les membres du groupe à portée de voix ont 50% de chances de bloquer.;3;40;13;9;0;15;2;25;0;0;1;0;0;0;0;
1556;Bon voyage;Gute Reise;;3;38;20;9;0;10;0;30;0;0;0;0;0;0;0;
1557;Hymne de flamme;Hymne der Flamme;Les membres du groupe à portée de voix infligent la Brûlure (1..3 secondes) avec leur compétence d'attaque suivante.;3;40;13;9;0;5;1;10;0;0;0;0;0;0;0;
1558;"Visez les yeux !" (PvP);"Zielt auf die Augen!" (PvP);(10 secondes.) Les alliés à portée de voix ont +30..75% de chances d'infliger un coup critique avec leur attaque suivante.;3;38;20;9;0;0;0;4;4;0;0;0;0;0;0;
1559;Hymne de jalousie (PvP);Hymne des Neids (PvP);;3;38;13;9;0;0;1;6;6;0;0;0;0;0;0;
1560;Chant de la puissance;Machtgesang;;3;39;13;9;0;15;1;30;0;0;0;0;0;0;0;
1561;Hymne zélé;Eifrige Hymne;;3;39;13;9;0;10;1;10;0;0;0;0;0;0;0;
1562;Aria de zèle;Arie des Eifers;;3;39;13;9;0;5;1;10;0;0;0;0;0;0;0;
1563;Poème de zèle;Lyrik des Eifers;;3;39;13;9;0;0;1;5;6;0;0;0;0;0;0;
1564;Ballade de rétablissement (PvP);Ballade der Wiederherstellung (PvP);(10 secondes.) Les membres du groupe à portée de voix gagnent 15..75 points de vie la prochaine fois qu'ils subissent des dégâts.;3;39;13;9;0;10;1;20;0;0;0;0;0;0;0;
1565;Choeur de rétablissement;Chor der Wiederherstellung;;3;39;13;9;0;0;1;5;4;0;0;0;0;0;0;
1566;Aria de rétablissement;Arie der Wiederherstellung;;3;39;13;9;0;10;1;10;0;0;0;0;0;0;0;
1567;Chanson de concentration;Lied der Konzentration;;3;-1;13;9;0;0;2;5;8;0;0;0;0;0;0;
1568;Hymne de direction;Hymne der Führung;;3;38;13;9;0;0;1;0;2;0;1;0;0;0;0;
1569;Choeur énergisant;Energie bringender Chor;;3;39;13;9;0;0;1;0;3;0;0;0;0;0;0;
1570;Chanson de purification;Lied der Läuterung;;3;39;13;9;0;0;2;0;3;0;1;0;0;0;0;
1571;Aria de leveur de maléfice;Verhexungsbrech-Arie;Les alliés à portée de voix perdent un maléfice grâce à leur sort suivant.;3;-1;13;9;0;0;2;0;8;0;0;0;0;0;0;
1572;"Préparez-vous !" (PvP);"Seid vorbereitet!" (PvP);(5..15 secondes.) Empêche l'allié visé d'être assommé la fois suivante où il devrait l'être et inflige 15..90 points de dégâts à un ennemi près de lui. Vous ne pouvez pas vous prendre pour cible.;3;38;20;9;0;5;0;8;0;0;0;0;0;0;0;
1573;Crainte;Ehrfurcht;;3;40;1;9;0;10;.75;10;0;0;0;0;0;0;0;
1574;Harmonie persistante;Dauerhafte Harmonie;;3;40;14;9;0;5;1;10;0;0;0;0;0;0;0;
1575;Finale enflammé (PvP);Loderndes Finale (PvP);(10..35 secondes.) Inflige la Brûlure (1..3 seconde(s)) aux ennemis adjacents chaque fois qu'un chant ou un cri affectant l'allié visé prend fin. Vous ne pouvez pas viser les esprits.;3;40;14;9;0;5;1;8;0;0;0;0;0;0;0;
1576;Refrain brûlant;Brennender Refrain;;3;40;14;9;0;10;1;10;0;0;0;0;0;0;0;
1577;Finale de rétablissement (PvP);Finale der Wiederherstellung (PvP);(10..35 secondes.) L'allié visé reçoit 15..75 point de vie les 5 prochaines fois qu'un cri ou un chant sur cet allié prend fin. Vous ne pouvez pas viser les esprits.;3;39;14;9;0;5;1;10;0;0;0;0;0;0;0;
1578;Refrain de réparation (PvP);Genesungsrefrain (PvP);;3;39;14;9;0;10;1;8;0;0;0;0;0;0;0;
1579;Finale purifiant;Reinigendes Finale;;3;39;14;9;0;5;.25;5;0;0;0;0;0;0;0;
1580;Refrain du Bladeturn (PvP);Klingenumkehr-Refrain (PvP);(20 secondes.) L'allié visé bénéficie d'un bonus d'armure de +10..40 contre les dégâts tranchants. Renouvellement : chaque fois qu'un chant ou un cri affectant cet allié prend fin. Vous ne pouvez pas viser les esprits.;3;38;14;9;0;5;1;8;0;0;0;0;0;0;0;
1581;Sceau rayonnant;Glühendes Siegel;;3;40;21;9;0;0;.25;15;0;0;0;0;0;0;0;
1583;Zèle du meneur;Eifer des Anführers;;3;39;1;9;0;5;0;12;0;0;0;0;0;0;0;
1584;Confort du meneur;Trost des Anführers;;3;40;1;9;0;5;2;8;0;0;0;0;0;0;0;
1585;Sceau de synergie;Siegel der Synergie;;3;39;21;9;0;0;1;10;0;0;0;0;0;0;0;
1586;Protection angélique;Engelsschutz;;3;40;1;9;0;5;0;30;0;0;0;0;0;0;0;
1587;Lien angélique;Engelsbindung;(10 secondes.) La prochaine fois qu'un allié à portée de voix doit subir des dégâts mortels, ces derniers sont annulés et il est soigné de 20..200 points de vie. Prend fin sur tous les autres alliés.;3;40;1;9;0;5;1;15;0;0;1;0;0;0;0;
1588;Sceau cautère;Siegel der Verätzung;;3;-1;21;9;0;0;2;15;0;0;1;0;0;0;0;
1589;"Tenez bon !" (PvP);"Haltet Eure Stellung!" (PvP);(5..20 secondes.) Les membres du groupe à portée de voix bénéficient d'un bonus d'armure de +24 quand ils sont immobiles. Prend fin pour tout allié qui attaque.;3;38;20;9;0;15;0;30;0;0;0;0;0;0;0;
1590;"Ouvrez le chemin !";"Geht voran!";;3;40;20;9;0;5;0;8;0;0;0;0;0;0;0;
1591;"Faites vite !";"Beeilt Euch!";;3;38;20;9;0;5;0;10;0;0;0;0;0;0;0;
1592;"Nous reviendrons !" (PvP);"Wir kommen wieder!" (PvP);(10 secondes.) Chaque fois que les membres du groupe à portée de voix utilisent une compétence de résurrection, leurs alliés morts reviennent à la vie avec 10..75% de santé et 5..50% d'énergie en plus.;3;38;20;9;0;5;0;15;0;0;0;0;0;0;0;
1593;"N'abandonnez jamais !" (PvP);"Gebt niemals auf!" (PvP);Les alliés à portée de voix gagnent 1..10 point(s) d'énergie. Affecte uniquement les alliés possédant moins de 75% de santé.;3;38;20;9;0;5;0;20;0;0;0;0;0;0;0;
1594;"A l'aide !" (PvP);"Hilfe!" (PvP);(1..10 seconde(s).) Les sorts des autres alliés qui vous visent sont lancés 50% plus vite. Vous bénéficiez de 5..50 points de vie.;3;38;20;9;0;5;0;15;0;0;0;0;0;0;0;
1595;"Repliez-vous !" (PvP);"Zurückweichen!" (PvP);(4..10 secondes.) Les alliés à portée de voix gagnent 5..15 points de vie par seconde quand ils sont en mouvement et se déplacent 33% plus vite. Prend fin pour tout allié réussissant une attaque.;3;38;20;9;0;10;0;25;0;0;0;0;0;0;0;
1596;"Attention !" (PvP);"Schon unterwegs!" (PvP);(4..10 secondes.) Tous les alliés à portée de voix se déplacent 33% plus vite et gagnent 5..15 points de vie en se déplaçant.;3;38;20;9;0;10;0;25;0;0;1;0;0;0;0;
1597;"Ils sont enflammés !";"Sie brennen!";;3;40;20;9;0;10;0;10;0;0;0;0;0;0;0;
1598;"Ne vous rendez jamais !" (PvP);"Ergebt Euch nicht!" (PvP);;3;38;20;9;0;5;0;20;0;0;0;0;0;0;0;
1599;"C'est juste une petite blessure";Es ist nur eine Fleischwunde.;;3;39;20;9;0;5;0;2;0;0;1;0;0;0;0;
1600;Javelot perforant;Stachelspeer;Provoque le Saignement (5..20 secondes).;3;37;12;9;0;0;0;0;2;0;0;0;0;0;0;
1601;Attaque vicieuse;Bösartiger Angriff;;3;37;12;9;0;5;0;8;0;0;0;0;0;0;0;
1602;Frappe stupéfiante;Betäubender Schlag;;3;37;12;9;0;0;0;0;8;0;1;0;0;0;0;
1603;Javelot impitoyable;Unbarmherziger Speer;;3;37;12;9;0;0;0;0;6;0;0;0;0;0;0;
1604;Lancer d'interruption;Unterbrechender Wurf;;3;37;12;9;0;5;.5;10;0;0;0;0;0;0;0;
1605;Lancer sauvage;Wilder Wurf;Inflige +5..20 points de dégâts. Impossible à bloquer. Met fin à la pose de combat de la cible.;3;37;12;9;0;0;0;0;7;0;0;0;0;0;0;
1633;Coup malicieux;Böswilliger Stoß;Si la cible ennemie souffre d'une condition, cette attaque inflige +10..30 points de dégâts et un coup critique.;3;35;3;7;0;5;0;6;0;0;0;0;0;0;0;
1634;Assaut dévastateur;Vernichtender Angriff;Inflige 5..50 points de dégâts. Supprime un enchantement. Impossible à bloquer. Doit succéder à une attaque main gauche.;3;35;7;7;0;10;0;6;0;0;1;0;0;0;0;
1635;Attaque du crâne doré;Goldener Schädel-Stoß;Inflige la Stupeur (1..12 secondes(s)). Aucun effet si la cible n'est pas sous les effets d'un enchantement.;3;29;6;7;0;10;0;15;0;0;1;0;0;0;0;
1636;Attaque de l'araignée noire;Schwarzer Spinnen-Stoß;Inflige +5..20 points de dégâts. Provoque l'Empoisonnement (5..20 secondes). Doit frapper un ennemi victime d'un maléfice.;3;29;6;7;0;10;0;8;0;0;0;0;0;0;0;
1637;Coup du renard doré;Goldener Fuchs-Stoß;Inflige +10..30 points de dégâts. Impossible à bloquer si vous êtes enchantée.;3;29;5;7;0;5;0;4;0;0;0;0;0;0;0;
1638;Hâte mortelle;Tödliche Eile;(10..35 secondes.) Vos sorts dont la portée est réduite de moitié sont lancés 5..60% plus vite et se rechargent 5..60% plus vite.;3;35;23;7;0;5;1;20;0;0;0;0;0;0;0;
1639;Remède de l'Assassin (PvP);Mittel des Assassinen (PvP);(30 secondes.) Vos compétences d'attaque suivantes (1..10) suppriment une condition chacune.;3;35;23;7;0;10;1;20;0;0;0;0;0;0;0;
1640;Promesse du renard;Versprechen des Fuchses;(5..20 secondes.) Vos attaques avec des dagues sont impossibles à bloquer. Prend fin dès que vous manquez une attaque.;3;29;23;7;0;10;1;20;0;0;1;0;0;0;0;
1641;Neutralité simulée;Vorgetäuschte Neutralität;(4..10 secondes). Vous bénéficiez d'une régénération de santé de +7 et d'un bonus d'armure de +80. Prend fin si vous réussissez une attaque ou utilisez une compétence.;3;31;23;7;0;5;.25;25;0;0;0;0;0;0;0;
1642;Chausse-trappes cachées;Versteckte Trittnägel;(1..10) La cible se déplace 50% moins vite. Effet final : inflige la condition d'Infirmité (1..15 secondes). Vos compétences, sauf celles d'Assassin, sont désactivées (3 secondes).;3;31;24;7;0;5;1;12;0;0;1;0;0;0;0;
1643;Assaut d'Enchantements;Verzauberungen angreifen;Supprime tous les enchantements. Doit succéder à une attaque d'ambidextrie.;3;-1;1;7;0;5;.25;8;0;0;1;0;0;0;0;
1644;Effondrement du gaspilleur;Verfall des Verschwenders;Vous faites une Foulée de l'ombre vers la cible ennemie. Assomme l'ennemi s'il n'utilise pas de compétence. Désactive vos compétences autres que les attaques à la dague (10 secondes);3;-1;1;7;0;5;.25;20;0;0;1;0;0;0;0;
1645;Enchantements levés;Verzauberung lösen;Supprime un enchantement. Aucun effet si l'ennemi visé n'est pas assommé.;3;-1;1;7;0;5;.25;10;0;0;0;0;0;0;0;
1646;Présage mortel;Todesomen;(5..35 secondes.) Inflige la Blessure profonde (5..20 secondes) à l'ennemi visé. Vous faites une foulée de l'ombre vers lui dès que les dégâts font chuter sa santé en-dessous de 50%.;3;30;24;7;0;5;1;20;0;0;0;0;0;0;0;
1647;Sceau de choc toxique;Siegel des toxischen Schocks;Inflige 10..100 points de dégâts. Aucun effet si l'ennemi visé n'est pas empoisonné.;3;30;21;7;0;0;1;15;0;0;0;0;0;0;0;
1648;Sceau de l'aube;Siegel des Zwielichts;Supprime un enchantement par maléfice affectant l'ennemi visé.;3;-1;21;7;0;0;1;20;0;0;0;0;0;0;0;
1649;Méthode de l'Assassin;Weg des Assassinen;(20 secondes.) Si vous êtes équipé de dagues, vous attaquez 5..20% plus vite et avez +5..35% de chances d'infliger un coup critique.;3;35;29;7;0;5;0;12;0;0;1;0;0;0;0;
1650;Marche de l'ombre;Schattenmarsch;(30 secondes.) Vous faites une foulée de l'ombre vers la cible ennemie. Effet final : vous retournez sur votre position d'origine. Désactive vos compétences d'attaques pendant 1 seconde. Vous ne pouvez pas lancer d'enchantements.;3;-1;29;7;0;5;0;30;0;0;0;0;0;0;0;
1651;Retraite de la mort;Rückzug des Todes;Vous gagnez 40..130 points de vie si vous avez moins de santé que l'allié visé. Effet initial : vous faites une foulée de l'ombre vers cet allié. Vous ne pouvez pas vous prendre pour cible.;3;31;22;7;0;5;.25;20;0;0;0;0;0;0;0;
1652;Prison d'ombre;Schattengefängnis;Vous faites une foulée de l'ombre vers la cible ennemie. Cet ennemi se déplace 66% moins vite (1..7 seconde(s)).;3;30;24;7;0;10;.25;15;0;0;1;0;0;0;0;
1653;Echange;Tauschen;Vous faites une foulée de l'ombre vers la créature invoquée ciblée et vice-versa.;3;-1;22;7;0;5;.25;10;0;0;0;0;0;0;0;
1654;Mêlée de l'ombre;Schattenverschmelzung;Vous faites une foulée de l'ombre vers l'allié visé. Effet final : vous retournez sur votre position d'origine. Vous ne pouvez pas vous prendre pour cible.;3;-1;23;7;-1;5;.25;20;0;0;1;0;0;0;0;
1655;Prix de l'orgueil;Preis des Stolzes;(5 secondes.) L'ennemi visé perdra 3..15 point d'énergie la prochaine fois qu'il utilisera une compétence élite.;3;2;24;5;0;5;1;8;0;0;0;0;0;0;0;
1656;Air de Désenchantement;Flair der Entzauberung;Inflige également un maléfice aux ennemis proches de la cible (5..20 secondes). Lève un enchantement à la cible et aux ennemis à proximité. Les enchantements expirent 150..300% plus vite sur ces ennemis.;3;1;24;5;0;10;1;10;0;0;1;0;0;0;0;
1657;Sceau de Maladresse (PvP);Siegel der Unbeholfenheit (PvP);;3;1;21;5;0;0;.25;12;0;0;0;0;0;0;0;
1658;Posture symbolique;Symbolische Haltung;;3;0;29;5;0;10;0;20;0;0;0;0;0;0;0;
1659;Frisson toxique;Toxische Kälte;;3;5;22;4;0;5;1;5;0;0;1;0;0;0;0;
1660;Puits du silence;Brunnen der Stille;;3;7;28;4;0;10;1;20;0;0;0;0;0;0;0;
1661;Pierre fluorescente;Leuchtstein;;3;9;22;6;0;5;.75;7;0;0;0;0;0;0;0;
1662;Explosion de l'âme;Geistige Explosion;;3;10;22;6;0;5;1;2;0;0;1;0;0;0;0;
1663;Flamme élémentaire (PvP);Elementare Flamme (PvP);;3;10;23;6;0;10;1;30;0;0;0;0;0;0;0;
1664;Invocation de la foudre;Blitz herbeirufen;Inflige 10..100 point de dégâts de la foudre. Frappe deux ennemis pres de la cible. pénétration d'armure de 25%. Vous souffrez d'Epuisement si vous n'êtes pas enchanté.;3;8;22;6;0;10;1;6;0;0;1;0;5;0;0;
1683;Gardien pensif;Nachdenklicher Wächter;;3;15;23;3;0;5;1;5;0;0;0;0;0;0;0;
1684;Clairvoyance du Scribe;Einblick des Schreibers;;3;16;23;3;0;5;.25;20;0;0;1;0;0;0;0;
1685;Hâte sacrée;Heilige Eile;;3;16;23;3;0;10;1;10;0;0;0;0;0;0;0;
1686;Lueur;Lichtschimmer;Soigne de 10..115 points de vie.;3;13;22;3;0;5;.25;1;0;0;1;0;0;0;0;
1687;Bénédiction zélée;Eifrige Segnung;Soigne de 30..180 points de vie. Vous gagnez 7 points d'énergie si l'allié visé avait moins de 50% de santé.;3;15;22;3;0;10;.75;4;0;0;1;0;0;0;0;
1688;Zèle du Défenseur;Eifer des Verteidigers;;3;14;24;3;0;5;1;5;0;0;1;0;0;0;0;
1689;Sceau de colère mystique;Siegel des mystischen Zorns;;3;14;21;3;0;0;2;20;0;0;0;0;0;0;0;
1690;Sceau de suppression;Siegel der Entfernung;Supprime une condition et un maléfice. Aucun effet si l'allié visé n'est pas enchanté.;3;-1;21;3;0;0;.25;5;0;0;1;0;0;0;0;
1691;Suppression de condition;Zustand aufheben;;3;15;22;3;0;5;.75;3;0;0;0;0;0;0;0;
1692;Diversion des maléfices;Verhexungen umleiten;;3;15;22;3;0;5;.75;8;0;0;1;0;0;0;0;
1693;Contre-attaque;Gegenangriff;;3;17;3;1;0;5;0;6;0;0;0;0;0;0;0;
1694;Frappe du chasseur de mages;Magierschlag;;3;17;3;1;0;5;.5;3;0;0;1;0;0;0;0;
1695;Attaque de soldat;Soldatenstoß;;3;21;3;1;0;5;0;4;0;0;0;0;0;0;0;
1696;Décapitation;Köpfen;;3;18;4;1;0;0;0;0;7;0;1;0;0;0;0;
1697;Attaque du chasseur de mages;Magiejägerschmetterer;;3;19;8;1;0;0;0;0;8;0;1;0;0;0;0;
1698;Pose du soldat (PvP);Soldaten-Haltung (PvP);;3;21;29;1;0;5;0;8;0;0;1;0;0;0;0;
1699;Défense du soldat;Soldaten-Verteidigung;(1..6 seconde(s).) Vous avez 75% de chances de bloquer les attaques lorsque vous êtes sous l'effet d'un cri ou d'un chant. Effet du blocage : vous gagnez 1 décharge d'adrénaline.;3;21;29;1;0;5;0;15;0;0;0;0;0;0;0;
1700;Défense frénétique;Fieberhafte Verteidigung;;3;-1;29;1;0;5;0;10;0;0;0;0;0;0;0;
1701;Pose stable;Ruhige Haltung;;3;21;29;1;0;5;0;4;0;0;1;0;0;0;0;
1702;Frappe Croc-d'acier;Hieb des stählernen Fangzahns;;3;20;10;1;0;0;0;1;8;0;0;0;0;0;0;
1719;Tir hurleur;Schreischuss;;3;25;2;2;0;10;0;8;0;0;0;0;0;0;0;
1720;Flèche vive (PvP);Scharfer Pfeil (PvP);;3;25;2;2;0;5;0;12;0;0;0;0;0;0;0;
1721;Férocité unie;Gemeinsam toben;;3;22;1;2;0;25;0;10;0;0;1;0;0;0;0;
1722;Flèche fourchue;Gegabelter Pfeil;;3;-1;2;2;0;10;0;5;0;0;0;0;0;0;0;
1723;Précision perturbatrice;Unterbrechende Genauigkeit;;3;25;17;2;0;5;2;12;0;0;0;0;0;0;0;
1724;Dextérité de l'expert (PvP);Gewandtheit des Profis (PvP);(1..20 seconde(s).) Vous attaquez 15% plus vite et votre caractéristique d'Adresse au tir est augmentée de +1.;3;23;29;2;0;5;0;20;0;0;1;0;0;0;0;
1725;Vents mugissants;Tosender Wind;;3;24;19;2;0;10;2;60;0;0;0;0;0;0;0;
1726;Tir du Fléau des mages;Verderben des Magiers-Schuss;;3;-1;2;2;0;10;.5;5;0;0;1;0;0;0;0;
1727;Foulée naturelle;Natürlicher Schwung;;3;24;29;2;0;5;0;12;0;0;0;0;0;0;0;
1728;Saccage du Heket;Heket-Toben;;3;22;29;2;0;5;0;10;0;0;0;0;0;0;0;
1729;Piège de fumée;Rauchfalle;;3;24;30;2;0;10;2;15;0;0;1;0;0;0;0;
1730;Chaleur exaspérante;Irritierende Hitze;;3;23;19;2;0;5;2;15;0;0;1;0;0;0;0;
1731;Sogolon était énergique;Lautstark war Sogolon;;3;33;25;8;0;10;1;30;0;0;0;0;0;0;0;
1732;Glaive était destructeur (PvP);Vernichtend war Glaive (PvP);;3;34;25;8;0;10;1;10;0;0;1;0;0;0;0;
1733;Attaque du porteur;Stoß des Ausübers;;3;34;22;8;0;5;1;6;0;0;0;0;0;0;0;
1734;Regard de fureur (PvP);Wütendes Starren (PvP);Détruit un esprit allié. Crée un esprit de niveau 1..10 (durée de vie de 30..60 secondes). Ses attaques infligent 5..20 points de dégâts.;3;34;18;8;0;10;2;20;0;0;0;0;0;0;0;
1736;Force de l'esprit;Geistesstärke;;3;36;23;8;0;5;1;20;0;0;1;0;0;0;0;
1737;Zèle du porteur;Eifer des Ausübers;;3;36;23;8;0;5;1;10;0;0;1;0;0;0;0;
1738;Vision intérieure;Sicht jenseits der Sicht;;3;36;23;8;0;5;.25;15;0;0;0;0;0;0;0;
1739;Souvenirs renouvelés;Erneuernde Erinnerungen;;3;36;23;8;0;5;1;20;0;0;0;0;0;0;0;
1740;Remède du porteur;Mittel des Ausübers;;3;36;23;8;0;3;1;10;0;0;0;0;0;0;0;
1741;Lumière du miroir fantôme;Geisterspiegel-Licht;;3;33;22;8;0;5;1;3;0;0;0;0;0;0;0;
1742;Sceau de puissance spectrale (PvP);Siegel der Macht der Geister (PvP);La créature invoquée alliée ciblée inflige +5..35 points de dégâts. Cette créature meurt au bout de 10 secondes.;3;32;21;8;0;0;1;5;0;0;1;0;0;0;0;
1743;Sceau d'asservissement;Siegel der Bindung;Vous perdez 200..50 points de vie et asservissez l'esprit visé. 50% de risques d’échec avec Puissance de l’Invocation 4 ou inférieure.;3;36;21;8;0;0;2;15;0;0;0;0;0;0;0;
1744;Charge du gardien;Angriff des Verwalters;;3;34;22;8;0;5;1;4;0;0;1;0;0;0;0;
1745;Angoisse (PvP);Qual (PvP);Crée un esprit de niveau 1..7 (durée de vie de 15..45 secondes). Ses attaques infligent 5..20 points de dégâts. Les ennemis victimes de maléfices subissent deux fois plus de dégâts.;3;32;18;8;0;25;1.5;30;0;0;0;0;0;0;0;
1747;Responsabilisation (PvP);Ermächtigung (PvP);;3;36;18;8;0;5;3;30;0;0;0;0;0;0;0;
1748;Récupération (PvP);Gesundung (PvP);;3;33;18;8;0;15;3;30;0;0;0;0;0;0;0;
1749;Arme de furie;Waffe der Wut;;3;34;27;8;0;5;1;8;0;0;1;0;0;0;0;
1750;Arme de Xinrae;Xinraes Waffe;(8 secondes.) La prochaine fois que la cible alliée subit des dégâts, ceux-ci sont limités à 5% de sa santé maximum et cet allié vole jusqu'à 20..80 points de vie à son assaillant.;3;33;27;8;0;5;.25;3;0;0;1;0;0;0;0;
1751;Arme du belliciste;Waffe des Kriegshetzers;;3;34;27;8;0;10;1;30;0;0;0;0;0;0;0;
1752;Arme de remède;Waffe der Behebung;;3;33;27;8;0;3;.25;3;0;0;1;0;0;0;0;
1753;Frappe déchirante;Zerreißender Schwung;;3;41;9;10;0;0;0;0;6;0;0;0;0;0;0;
1754;Attaque (PvP);Attacke (PvP);;3;42;33;10;0;10;0;10;0;0;1;0;0;0;0;
1755;Corruption mystique;Mystische Verdorbenheit;;3;44;33;10;0;5;0;10;0;0;0;0;0;0;0;
1756;Empoigne de Grenth;Grenths Griff;;3;42;33;10;0;5;0;10;0;0;1;0;0;0;0;
1757;Voile d'épines;Dornenschleier;;3;43;33;10;0;10;0;15;0;0;0;0;0;0;0;
1758;Empoigne d'harrier;Griff des Läufers;;3;42;33;10;0;10;0;15;0;0;0;0;0;0;0;
1759;Voeu de force;Gelübde der Stärke;(15 secondes.) Les attaques à la faux infligent 10..25 points de dégâts tranchants à tous les ennemis adjacents chaque fois que vous attaquez.;3;43;23;10;0;5;.25;20;0;0;1;0;0;0;0;
1760;Aura de poussière d'ébène;Ebon-Staubaura;;3;43;33;10;0;10;0;20;0;0;1;0;0;0;0;
1761;Voeu zélé;Eifriges Gelübde;(20 secondes.) Vous gagnez 1..6 point(s) d'énergie chaque fois que vous réussissez une attaque. Votre régénération d'énergie est réduite de -2.;3;42;23;10;0;5;.25;12;0;0;1;0;0;0;0;
1762;Coeur de furie (PvP);Herz der Wut (PvP);;3;44;29;10;0;0;0;6;4;0;0;0;0;0;0;
1763;Renouveau zélé;Eifrige Erneuerung;;3;44;33;10;0;5;0;10;0;0;0;0;0;0;0;
1764;Clairvoyance de l'attaquant;Einblick des Angreifers;;3;42;33;10;0;10;0;10;0;0;0;0;0;0;0;
1765;Aura déchirante;Zerreißende Aura;(30 secondes.) Vos compétences d'attaque suppriment les enchantements des ennemis assommés. Effet initial : inflige 10..42 points de dégâts du froid aux ennemis proches. Effet final : les ennemis proches subissent Armure brisée pendant 1..11 secondes.;3;42;33;10;0;10;0;10;0;0;0;0;0;0;0;
1766;Grâce de Pied-de-plume;Anmut des Federfußes;;3;42;23;10;0;10;.25;15;0;0;0;0;0;0;0;
1767;Frappe du moissonneur;Schwung des Schnitters;;3;41;9;10;0;0;0;0;7;0;1;0;0;0;0;
1768;Hâte d'harrier;Eile des Läufers;;3;42;33;10;0;10;0;10;0;0;0;0;0;0;0;
1769;Colère concentrée;Konzentrierter Zorn;;3;40;1;9;0;10;0;60;0;0;1;0;0;0;0;
1770;Tempérament naturel;Natürliche Laune;;3;40;1;9;0;0;0;0;3;0;0;0;0;0;0;
1771;Chant de rétablissement (PvP);Gesang der Wiederherstellung (PvP);;3;39;13;9;0;10;1;20;0;0;1;0;0;0;0;
1772;Poème de purification;Lyrik der Läuterung;;3;39;13;9;0;5;1;10;0;0;0;0;0;0;0;
1773;Fureur du soldat;Wut des Soldaten;;3;40;14;9;0;5;1;5;0;0;1;0;0;0;0;
1774;Refrain agressif;Aggressiver Refrain;;3;40;14;9;0;15;1;20;0;0;0;0;0;0;0;
1775;Finale énergisant;Energie bringendes Finale;;3;39;14;9;0;10;1;5;0;0;0;0;0;0;0;
1776;Sceau d'agression;Siegel der Aggression;;3;-1;21;9;0;0;1;5;0;0;0;0;0;0;0;
1777;Sceau du remède;Heilmittel-Siegel;;3;-1;21;9;0;0;1;4;0;0;0;0;0;0;0;
1778;Sceau de retour (PvP);Siegel der Wiederkehr (PvP);;3;40;21;9;0;0;5;20;0;0;0;0;0;0;0;
1779;"Profitez de votre temps !";"Nehmt Euch Zeit!";;3;40;20;9;0;10;0;10;0;0;0;0;0;0;0;
1780;"Pas touche !" (PvP);"Darf nicht angerührt werden!" (PvP);(20 secondes.) La 1..5 prochaine(s) compétence(s) de contact utilisée(s) contre vous échoue(nt).;3;38;20;9;0;5;0;20;0;0;0;0;0;0;0;
1781;"Trouvez leur faiblesse !" (PvP);"Findet ihren Schwachpunkt!" (PvP);(5..20 secondes.) Le prochain coup critique infligé par la cible alliée provoque la Blessure profonde (5..20 secondes).;3;38;20;9;0;10;0;15;0;0;0;0;0;0;0;
1782;"La force est avec vous !";"Die Macht ist Euer!";(3 secondes.) Tous les alliés à portée de voix bénéficient d'une régénération d'énergie de 0..1.;3;39;20;9;0;0;0;0;4;0;1;0;0;0;0;
1783;Javelot de l'assassin;Speer des Würgers;;3;37;12;9;0;10;0;4;0;0;0;0;0;0;0;
1784;Javeline leste;Schneller Speer;;3;37;12;9;0;5;0;10;0;0;0;0;0;0;0;
1814;Regard du Porteur de lumière;Blick des Lichtbringers;Le serviteur démoniaque d'Abaddon visé subit 100 points de dégâts sacrés et est interrompu. L'attaque affecte un ennemi supplémentaire dans la zone pour chaque rang de Porteur de lumière que vous atteignez. Cette compétence est désactivée (15 secondes).;3;-3;1;0;0;5;1;15;0;0;0;1;0;0;0;
1815;Sceau du Porteur de lumière;Lichtbringer-Siegel;Vous gagnez 3..5 décharges d'adrénaline et 16..24 points d'énergie si vous vous trouvez dans la zone d'un serviteur démoniaque d'Abaddon.;3;-3;21;0;0;0;.25;25;0;0;0;1;0;0;0;
1816;Sceau de Renaissance du Lancier du Soleil;Sonnenspeer-Wiedergeburtssiegel;;3;-2;21;0;0;0;3;0;0;0;0;1;0;0;0;
1948;Sanctuaire de l'ombre (Luxon);Schattenzuflucht (Luxon);(10 secondes.) Vous bénéficiez d'une régénération de santé de +7..10 et d'un bonus d'armure de +40. Vous êtes aveuglé (5 secondes).;2;-4;23;7;0;5;.25;30;0;0;0;1;0;0;0;
1949;Cauchemar éthéré (Luxon);Äther-Alptraum (Luxon);;2;-4;24;5;0;10;3;25;0;0;0;1;0;0;0;
1950;Sceau de corruption (Luxon);Siegel der Verdorbenheit (Luxon);;2;-4;21;4;0;0;1;20;0;0;0;1;0;0;0;
1951;Seigneur élémentaire (Luxon);Elementarlord (Luxon);;2;-4;23;6;0;5;.25;45;0;0;0;1;0;0;0;
1952;Esprit altruiste (Luxon);Selbstloser Geist (Luxon);(15..20 secondes.) Les sorts lancés sur un allié coûtent 3 points d'énergie en moins.;2;-4;23;3;0;5;.25;45;0;0;0;1;0;0;0;
1953;Triple tir (Luxon);Dreifachschuss (Luxon);;2;-4;2;2;0;10;0;10;0;0;0;1;0;0;0;
1954;"Sauvez votre peau !" (Luxon);"Rettet Euch selbst!" (Luxon);;2;-4;20;1;0;0;0;0;8;0;0;1;0;0;0;
1955;Aura de la puissance sacrée (Luxon);Aura der Heiligen Macht (Luxon);;2;-4;23;10;0;10;.75;30;0;0;0;1;0;0;0;
1957;Javelot de furie (Luxon);Speer der Wut (Luxon);;2;-4;12;9;0;5;1;8;0;0;0;1;0;0;0;
1986;Assaut vampirique;Vampirangriff;Vole 10..40 points de vie si cette attaque réussit. Doit succéder à une attaque main gauche.;4;30;7;7;0;5;0;8;0;0;0;0;0;0;0;
1987;Coup du lotus;Lotus-Stoß;Inflige +10..25 points de dégâts. Vous gagnez 5..20 points d'énergie. Doit succéder à une attaque main droite.;4;29;6;7;0;10;0;12;0;0;0;0;0;0;0;
1988;Attaque des crocs dorés;Goldfangstoß;Inflige la Blessure profonde (5..20 secondes) si vous êtes enchantée. Doit succéder à une attaque main droite.;4;29;6;7;0;5;0;4;0;0;0;0;0;0;0;
1990;Coup du lotus tombant;Fallender Lotus-Stoß;Inflige +15..35 points de dégâts. Vous gagnez 1..12 point(s) d'énergie. Aucun effet si la cible n'est pas assommée.;4;29;6;7;0;5;0;8;0;0;0;0;0;0;0;
1991;Sceau sadique;Siegel des Sadisten;Vous bénéficiez de 10..45 points de vie pour chaque condition dont souffre la cible ennemie.;4;30;21;7;0;0;1;8;0;0;0;0;0;0;0;
1992;Sceau de distraction;Siegel der Ablenkung;;4;2;21;5;0;0;.25;15;0;0;0;0;0;0;0;
1993;Sceau de Rappel;Siegel der Zurückrufung;;4;3;21;5;0;0;.25;20;0;0;0;0;0;0;0;
1994;Verrouillage de pouvoir;Kraftsperre;;4;2;22;5;0;5;.25;20;0;0;0;0;0;0;0;
1995;Pas de petites économies;Spare in der Zeit ...;Vous gagnez 8..13 points d'énergie si l'ennemi visé n'attaque pas et ne lance pas de sort.;4;3;22;5;0;5;.25;15;0;0;0;0;0;0;0;
1996;La somme de toutes les peurs;Summe aller Ängste;;4;1;24;5;0;10;1.5;10;0;0;0;0;0;0;0;
1997;Aura de Flétrissure;Verkümmernde Aura;;4;5;23;4;0;5;1;3;0;0;0;0;0;0;0;
1998;Cacophonie;Kakophonie;;4;7;24;4;0;10;1;15;0;0;0;0;0;0;0;
1999;Etreinte de l'hiver;Umarmung des Winters;(2..6 secondes.) L'ennemi visé se déplace 66% moins vite et subit 5..15 points de dégâts en se déplaçant.;4;11;24;6;0;10;.75;15;0;0;0;0;0;0;0;
2000;Chaînes de terre;Irdene Fesseln;(5..20 secondes.) La cible ennemie et les ennemis adjacents se déplacent 66% moins vite lorsqu'ils souffre de Brûlure.;4;9;24;6;0;10;1;15;0;0;0;0;0;0;0;
2001;Protection de faiblesse;Kreis der Schwäche;Inflige la Faiblesse (5..20 secondes) à tous les ennemis subissant des dégâts élémentaires dans cette Protection.;4;9;26;6;0;5;1;20;0;0;0;0;0;0;0;
2002;Glyphe de rapidité;Glyphe der Schnelligkeit;;4;8;16;6;0;5;1;10;0;0;0;0;0;0;0;
2003;Guérison de maléfice;Verhexung heilen;;4;13;22;3;0;5;1;12;0;0;0;0;0;0;0;
2004;Expiation des conditions;Zustand zerschlagen;;4;14;22;3;0;5;1;7;0;0;0;0;0;0;0;
2005;Compagnon du châtiment (PvP);Segen des Peinigers (PvP);;4;16;23;3;0;25;.25;90;0;0;0;0;0;0;0;
2006;Sceau de pénitence;Geißelungs-Siegel;;4;14;21;3;0;0;1;20;0;0;0;0;0;0;0;
2007;Voile purifiant;Reinigender Schleier;;4;15;23;3;-1;5;1;6;0;0;0;0;0;0;0;
2008;Collision pulvérisante;Zermalmender Schlag;;4;19;8;1;0;0;0;0;3.2;0;0;0;0;0;0;
2009;Coup enthousiaste;Verwegener Hieb;;4;18;4;1;0;0;0;0;3;0;0;0;0;0;0;
2010;Coupe-genou;Knieschneider;;4;20;10;1;0;0;0;1;4.8;0;0;0;0;0;0;
2011;Grappin;Raufen;;4;-1;1;1;0;5;.75;8;0;0;0;0;0;0;0;
2012;Faux rayonnante;Strahlende Sense;;4;41;9;10;0;0;0;0;6;0;0;0;0;0;0;
2013;Aura de Grenth;Grenths Aura;;4;42;33;10;0;10;0;10;0;0;0;0;0;0;0;
2014;Sceau de contrainte pieuse (PvP);Siegel der frommen Zurückhaltung (PvP);;4;42;21;10;0;0;1;10;0;0;0;0;0;0;0;
2015;Faux du fermier (PvP);Bauernsense (PvP);;4;41;9;10;0;5;0;20;0;0;0;0;0;0;0;
2016;Lee Sa était énergique;Energisch war Lee Sa;;4;36;25;8;0;10;2;20;0;0;0;0;0;0;0;
2017;Hymne de lassitude;Hymne der Müdigkeit;;4;38;13;9;0;5;1;10;0;0;0;0;0;0;0;
2018;Hymne d'interruption (PvP);Hymne der Störung (PvP);(1..10 seconde(s).) La compétence d'attaque suivante des alliés à portée de voix interrompt une action.;4;38;13;9;0;10;2;15;0;0;0;0;0;0;0;
2051;Invocation des esprits (Luxon);Geister herbeirufen (Luxon);;2;-4;22;8;0;5;.25;5;0;0;0;1;0;0;0;
2052;Crocs de l'ombre;Schattenfangzahn;Vous faites une foulée de l'ombre vers la cible ennemie. Effet final au bout de 10 secondes : inflige la Blessure profonde (5..20 secondes). Vous regagnez votre position de départ.;4;30;24;7;0;10;.25;20;0;0;0;0;0;0;0;
2053;Risque calculé (PvP);Kalkuliertes Risiko (PvP);;4;1;24;5;0;10;1;12;0;0;0;0;0;0;0;
2054;Rétraction d'armure;Schrumpfende Rüstung;;4;1;24;5;0;5;1;8;0;0;0;0;0;0;0;
2055;Anévrisme;Aneurysma;La cible ennemie récupère toute son énergie. Pour chaque point d'énergie acquis, la cible subit 1..3 points de dégâts et tous les ennemis adjacents perdent un point d'énergie (maximum 1..30).;4;2;22;5;0;5;1;5;0;0;0;0;0;0;0;
2056;Oeil errant (PvP);Wanderndes Auge (PvP);;4;1;24;5;0;10;2;12;0;0;0;0;0;0;0;
2057;Festin immonde;Widerliches Gelage;;4;6;22;4;0;5;.25;4;0;0;0;0;0;0;0;
2058;Fiel putride;Verwesende Galle;;4;5;24;4;0;10;1;12;0;0;0;0;0;0;0;
2059;Traumatisme;Kriegsneurose;Inflige 10..40 points de dégâts de la foudre. Inflige la condition Armure brisée (5..20 secondes). Pénétration d'armure de 25%.;4;8;22;6;0;5;1;8;0;0;0;0;0;0;0;
2060;Glyphe d'immolation;Glyphe der Aufopferung;(15 secondes.) Vos prochains sorts (1..4 sort(s)) qui visent un ennemi provoque(nt) également la Brûlure (1..4 seconde(s)).;4;10;16;6;0;5;1;10;0;0;0;0;0;0;0;
2061;Esprit patient;Geduldiger Geist;;4;13;23;3;0;5;.25;4;0;0;0;0;0;0;0;
2062;Ruban de guérison;Heilendes Band;;4;13;22;3;0;10;1;5;0;0;0;0;0;0;0;
2063;Ame inébranlable;Aura der Stabilität;;4;15;23;3;0;5;.25;12;0;0;0;0;0;0;0;
2064;Esprit impeccable;Makelloser Verstand;;4;13;23;3;0;5;.25;12;0;0;0;0;0;0;0;
2065;Ame impeccable;Makellose Seele;;4;13;23;3;0;5;.25;12;0;0;0;0;0;0;0;
2066;Désarmement;Entwaffnen;;4;17;10;1;0;5;.5;20;0;0;0;0;0;0;0;
2067;"C'est ce que je comptais faire !";"Das war Absicht!";;4;17;20;1;0;5;0;8;0;0;0;0;0;0;0;
2068;Feu rapide;Schnellfeuer;;4;25;17;2;0;5;2;12;0;0;0;0;0;0;0;
2069;Tir du chasseur paresseux (PvP);Schuss des Faultierjägers (PvP);;4;25;2;2;0;10;0;15;0;0;0;0;0;0;0;
2070;Trancheur d'aura;Auraschneider;;4;44;3;10;0;0;0;0;3.2;0;0;0;0;0;0;
2071;Frappe zélée;Eifriger Schwung;;4;41;9;10;0;5;0;10;0;0;0;0;0;0;0;
2072;Li Ming était pure;Rein war Li Ming;;4;33;25;8;0;5;1;20;0;0;0;0;0;0;0;
2073;Arme d'agression;Waffe der Aggression;;4;34;27;8;0;10;.25;10;0;0;0;0;0;0;0;
2074;Cogne-poitrine;Brusttrommler;;4;37;12;9;0;5;0;5;0;0;0;0;0;0;0;
2075;Refrain rapide;Hastiger Refrain;;4;40;14;9;0;5;1;10;0;0;0;0;0;0;0;
2091;Sanctuaire de l'ombre (Kurzick);Schattenzuflucht (Kurzick);(10 secondes.) Vous bénéficiez d'une régénération de santé de +7..10 et d'un bonus d'armure de +40. Vous êtes aveuglé (5 secondes).;2;-5;23;7;0;5;.25;30;0;0;0;1;0;0;0;
2092;Cauchemar éthéré (Kurzick);Äther-Alptraum (Kurzick);;2;-5;24;5;0;10;3;25;0;0;0;1;0;0;0;
2093;Sceau de corruption (Kurzick);Siegel der Verdorbenheit (Kurzick);;2;-5;21;4;0;0;1;20;0;0;0;1;0;0;0;
2094;Seigneur élémentaire (Kurzick);Elementarlord (Kurzick);;2;-5;23;6;0;5;.25;45;0;0;0;1;0;0;0;
2095;Esprit altruiste (Kurzick);Selbstloser Geist (Kurzick);(15..20 secondes.) Les sorts lancés sur un allié coûtent 3 points d'énergie en moins.;2;-5;23;3;0;5;.25;45;0;0;0;1;0;0;0;
2096;Triple tir (Kurzick);Dreifachschuss (Kurzick);;2;-5;2;2;0;10;0;10;0;0;0;1;0;0;0;
2097;"Sauvez votre peau !" (Kurzick);"Rettet Euch selbst!" (Kurzick);;2;-5;20;1;0;0;0;0;8;0;0;1;0;0;0;
2098;Aura de la puissance sacrée (Kurzick);Aura der Heiligen Macht (Kurzick);;2;-5;23;10;0;10;.75;30;0;0;0;1;0;0;0;
2099;Javelot de furie (Kurzick);Speer der Wut (Kurzick);;2;-5;12;9;0;5;1;8;0;0;0;1;0;0;0;
2100;Invocation des esprits (Kurzick);Geister herbeirufen (Kurzick);;2;-5;22;8;0;5;.25;5;0;0;0;1;0;0;0;
2101;Agilité critique;Kritische Beweglichkeit;(4 secondes, plus 1 seconde supplémentaires pour chaque rang d'Attaque critique). Vous attaquez 33% plus vite et bénéficiez d'un bonus d'armure de +15..25. Renouvellement : chaque fois que vous infligez un coup critique.;3;-2;23;7;0;5;1;30;0;0;0;1;0;0;0;
2102;Cri de douleur;Schmerzensschrei;;3;-2;22;5;0;10;.25;15;0;0;0;1;0;0;0;
2103;Nécrose;Nekrose;;3;-2;1;4;0;5;1;2;0;0;0;1;0;0;0;
2104;Intensité;Intensität;;3;-2;1;6;0;5;0;10;0;0;0;1;0;0;0;
2105;Graine de vie;Lebenssaat;(1..5 seconde(s).) Soigne les membres du groupe de 2 points de vie pour chaque rang de Faveur divine à chaque fois que l'allié visé subit des dégâts. Vous ne pouvez pas vous prendre pour cible.;3;-2;23;3;0;5;.25;20;0;0;0;1;0;0;0;
2107;Attaque tourbillon;Wirbelsturmangriff;;3;-2;3;1;0;0;0;1;5.2;0;0;1;0;0;0;
2108;Saccage collectif;Tobt niemals allein;;3;-2;1;2;0;15;0;20;0;0;0;1;0;0;0;
2109;Aura éternelle;Ewige Aura;;3;-2;23;10;0;15;4;30;0;0;0;1;0;0;0;
2110;Vampirisme;Vampirismus;;3;-2;18;8;0;10;.75;30;0;0;0;1;0;0;0;
2112;"Il n'y a rien à craindre !";"Es gibt nichts zu befürchten!";(4 secondes, plus 1 seconde tous les 2 rangs de Charisme.) Réduit les dégâts de 20..35% pour les membres du groupe à portée de voix. Effet final : soigne de 35..60 points de vie.;3;-2;20;9;0;15;0;20;0;0;0;1;0;0;0;
2116;Attaque sournoise;Überraschungsangriff;;4;-8;3;0;0;5;0;5;0;0;0;1;0;0;0;
2135;Piétinement du boeuf;Trampelnder Ochse;Inflige +5..20 points de dégâts. Attaque assommante si l'ennemi visé souffre d'Infirmité. Doit succéder à une attaque main gauche.;4;29;7;7;0;5;0;8;0;0;0;0;0;0;0;
2136;Défense poudre fumigène;Rauchpulver-Verteidigung;(8 secondes.) Au prochain coup que vous recevrez, vos dégâts seront réduits de moitié et vous infligerez l'Aveuglement (2..6 secondes) aux ennemis adjacents.;4;31;29;7;0;5;0;20;0;0;0;0;0;0;0;
2137;Images déroutantes;Verwirrende Bilder;(2..10 secondes.) L'ennemi visé met deux fois plus longtemps à activer ses compétences autre que les attaques.;4;1;24;5;0;10;1;20;0;0;0;0;0;0;0;
2138;Vigueur du lanceur de maléfice;Lebenskraft des Verhexers;;4;6;23;4;0;5;.25;10;0;0;0;0;0;0;0;
2139;Masochisme (PvP);Masochismus (PvP);;4;6;23;4;0;5;1;20;0;0;0;0;0;0;0;
2140;Piège perforant;Durchbohrende Falle;;4;24;30;2;0;10;2;30;0;0;0;0;0;0;0;
2141;Camaraderie;Kameradschaft;;4;22;1;2;0;5;2;10;0;0;0;0;0;0;0;
2142;Agression barbare;Wilde Aggression;(5..20 secondes.) Votre familier attaque 33% plus vite et inflige +3..10 points de dégâts.;4;22;1;2;0;15;0;20;0;0;0;0;0;0;0;
2143;Tir d'interruption;Unterbrechender Schuss;;4;25;2;2;0;10;.5;15;0;0;0;0;0;0;0;
2144;Volée;Salve;;4;25;2;2;0;5;0;2;0;0;0;0;0;0;0;
2145;Concentration experte;Expertenfokus;;4;23;17;2;0;10;2;12;0;0;0;0;0;0;0;
2146;Fureur pieuse (PvP);Frommer Zorn (PvP);;4;44;29;10;0;5;0;15;0;0;0;0;0;0;0;
2147;Victoire paralysante;Verkrüppelnder Sieg;;4;41;9;10;0;0;0;0;6;0;0;0;0;0;0;
2148;Arme de fractionnement;Trennende Waffe;;4;32;27;8;0;5;1;10;0;0;0;0;0;0;0;
2149;Arme du renouveau;Waffe der Erneuerung;;4;36;27;8;0;5;1;10;0;0;0;0;0;0;0;
2150;Javelot mutilant;Verkrüppelungs-Speer;;4;37;12;9;0;5;0;5;0;0;0;0;0;0;0;
2186;Sceau de corruption mortelle (PvP);Siegel der tödlichen Verdorbenheit (PvP);Inflige 5..35 points de dégâts (maximum : 130) pour chaque condition affectant l'ennemi visé. Doit succéder à une attaque d'ambidextrie;4;30;21;7;0;0;1;12;0;0;0;0;0;0;0;
2187;Méthode du Maître;Weg des Meisters;(60 secondes.) Vous avez +3..33% de chances d'infliger un coup critique si votre arme n'est pas une dagues.;4;35;23;7;0;5;.25;30;0;0;0;0;0;0;0;
2188;Défenses profanées;Verteidigung entweihen;;4;7;24;4;0;5;1;5;0;0;0;0;0;0;0;
2189;Regard d'Angorodon;Angorodons Starren;Vole 10..40 points de vie. Vous gagnez 1..13 point(s) d'énergie si vous souffrez d'une condition.;4;6;22;4;0;5;1;10;0;0;0;0;0;0;0;
2190;Afflux magnétique;Magnetschub;;4;9;23;6;0;10;1;15;0;0;0;0;0;0;0;
2191;Terrain glissant (PvP);Rutschiger Boden (PvP);Provoque l'assommement si cet ennemi est aveuglé ou en mouvement. 50% de risque d'échec à moins d'avoir Magie de l'eau 5 ou supérieure.;4;11;22;6;0;5;1;15;0;0;0;0;0;0;0;
2192;Glace scintillante;Leuchtendes Eis;Inflige 5..50 points de dégâts du froid. Vous gagnez 5 points d'énergie et 1 point d'énergie supplémentaire tous les 2 rangs de Conservation d'énergie si l'ennemi visé souffre d'un maléfice de la magie de l'eau.;4;11;22;6;0;5;1;8;0;0;0;0;0;0;0;
2193;Explosion d'énergie;Energieexplosion;;4;12;22;6;0;5;1.5;20;0;0;0;0;0;0;0;
2194;Frappe de diversion;Ablenkender Stoß;Interrompt une action. Effet de l'interruption : désactive la compétence interrompue (30 secondes) si l'ennemie visé a une Armure brisée. N'inflige pas de dégâts.;4;-1;3;1;0;5;.5;15;0;0;0;0;0;0;0;
2195;Attaque symbolique;Symbolischer Schlag;;4;-1;3;1;0;0;0;0;3.2;0;0;0;0;0;0;
2196;Vitesse du soldat;Geschwindigkeit des Soldaten;;4;21;29;1;0;5;0;12;0;0;0;0;0;0;0;
2197;Frappe corporelle;Körperschlag;;4;17;3;1;0;0;0;0;6.4;0;0;0;0;0;0;
2198;Coup corporel;Körperschuss;;4;25;2;2;0;5;0;8;0;0;0;0;0;0;0;
2199;Sceau de Joute empoisonnée;Giftspitzen-Siegel;;4;24;21;2;0;0;1;6;0;0;0;0;0;0;0;
2200;Sceau de vitesse mystique;Siegel der mystischen Geschwindigkeit;;4;42;21;10;0;0;1;20;0;0;0;0;0;0;0;
2201;Bouclier de force;Kraftschild;(1..16 secondes.) Bloque la 1 prochaine attaque à votre encontre. Assomme et inflige la Faiblesse (5..20 secondes) aux ennemis adjacents qui attaquent.;4;43;33;10;0;10;0;12;0;0;0;0;0;0;0;
2202;Etreinte réparatrice;Genesungsgriff;;4;33;22;8;0;5;1;4;0;0;0;0;0;0;0;
2203;Aura de sangsue de l'esprit;Geistsauger-Aura;(5..20 secondes.) Tous vos esprits à portée de voix infligent 5..20 points de dégâts en moins et volent 5..20 points de vie lorsqu'ils attaquent.;4;33;1;8;0;5;.25;20;0;0;0;0;0;0;0;
2204;Rajeunissement (PvP);Verjüngung (PvP);Crée un esprit de niveau 1..16 (durée de vie de 30..90 secondes). Soigne les membres du groupe à portée de voix de 3..10 points de vie par seconde. Coût des soins : cet esprit perd 3..10 points de vie.;4;33;18;8;0;10;3;30;0;0;0;0;0;0;0;
2205;Agonie (PvP);Todesqual (PvP);Crée un esprit de niveau 1..8 (durée de vie de 30..90 secondes). Fait perdre 3..10 points de vie par seconde aux ennemis à portée de voix. Cet esprit perd 3..10 points de vie par ennemi perdant de la santé.;4;34;18;8;0;10;3;30;0;0;0;0;0;0;0;
2206;Arme spectrale;Geisterwaffe;;4;32;27;8;0;3;.25;1;0;0;0;0;0;0;0;
2207;Discours stimulant;Inspirative Rede;;4;39;1;9;0;5;0;10;0;0;0;0;0;0;0;
2208;Bouclier incandescent;Brennender Schild;;4;40;1;9;0;5;0;20;0;0;0;0;0;0;0;
2209;Javelot sacré;Heiliger Speer;;4;37;12;9;0;0;0;0;4;0;0;0;0;0;0;
2210;Frappe du javelot;Speerschlag;;4;40;12;9;0;5;0;20;0;0;0;0;0;0;0;
2211;Acide alchimique d'Alkar;Alkars Alchemiesäure;;4;-7;22;0;0;10;1;10;0;0;0;1;0;0;0;
2212;Lumière de Deldrimor;Licht von Deldrimor;;4;-7;22;0;0;5;.75;20;0;0;0;1;0;0;0;
2213;Morsure d'oreille;Ohrenbiss;Inflige 50..70 points de dégâts perforants et provoque le Saignement (15..25 secondes).;4;-7;1;0;0;0;.75;0;4;0;0;1;0;0;0;
2214;Coup bas;Unter der Gürtellinie;Inflige 45..70 points de dégâts. Inflige 30..50 points de dégâts supplémentaires et la condition Armure brisée (14..20 secondes) si l'ennemi visé est assommé.;4;-7;1;0;0;0;.75;0;6;0;0;1;0;0;0;
2215;Coup du bagarreur;Rauf-Kopfstoß;;4;-7;1;0;0;0;.75;0;7;0;0;1;0;0;0;
2216;"Ne trébuche pas !";"Stolpert nicht!";;4;-7;20;0;0;5;0;20;0;0;0;1;0;0;0;
2217;"Par le marteau d'Ural !";"Bei Urals Hammer!";(7..10 secondes.) Vous bénéficiez d'une régénération de santé de +2 et infligez +25% de dégâts en plus. Dure 7..10 secondes de plus pour chaque allié à portée de voix possédant moins de 50% de santé.;4;-7;20;0;0;5;0;60;0;0;0;1;0;0;0;
2218;Maître ivre;Betrunkener Meister;;4;-7;29;0;0;5;0;60;0;0;0;1;0;0;0;
2219;Arme du Grand Nain;Waffe des Großen Zwergs;;4;-7;27;0;0;10;1;5;0;0;0;1;0;0;0;
2220;Armure du Grand Nain;Rüstung des Großen Zwergs;;4;-7;23;0;0;5;1;10;0;0;0;1;0;0;0;
2221;Souffle du Grand Nain;Atem des Großen Zwergs;;4;-7;22;0;0;10;.25;15;0;0;0;1;0;0;0;
2222;Tempête de neige;Schneesturm;;4;-7;22;0;0;10;1;10;0;0;0;1;0;0;0;
2223;Piège de poudre noire;Schwarzpulvermine;;4;-7;30;0;0;10;2;20;0;0;0;1;0;0;0;
2224;Invocation du Mursaat;Mursaat herbeirufen;;4;-6;22;0;0;10;3;60;0;0;0;1;0;0;0;
2225;Invocation du Jinn de rubis;Rubin-Dschinn herbeirufen;Vous invoquez un Jinn de rubis de niveau 14..20 (durée de vie de 40..60 secondes) qui est équipé d'Immolation. Vous ne pouvez activer qu'une seule invocation asura à la fois.;4;-6;22;0;0;10;3;60;0;0;0;1;0;0;0;
2226;Invocation du Lutin de glace;Eis-Kobold herbeirufen;;4;-6;22;0;0;10;3;60;0;0;0;1;0;0;0;
2227;Invocation du Chaman naga;Naga-Schamanen herbeirufen;;4;-6;22;0;0;10;3;60;0;0;0;1;0;0;0;
2228;Frappe habile;Geschickter Schlag;Inflige 18..30 points de dégâts. Inflige le Saignement (18..30 secondes) si l'ennemi visé a une Armure brisée.;4;-8;31;0;0;5;.5;8;0;0;0;1;0;0;0;
2229;Sceau d'infection;Siegel der Infektion;;4;-8;21;0;0;0;1;10;0;0;0;1;0;0;0;
2230;Sceau tryptophane;Tryptophan-Siegel;;4;-8;21;0;0;0;1;15;0;0;0;1;0;0;0;
2231;Etendard du courage de la bataille d'Ebon;Ebon-Kampfstandarte des Mutes;;4;-8;26;0;0;10;1;20;0;0;0;1;0;0;0;
2232;Etendard de sagesse de la bataille d'Ebon;Ebon-Kampfstandarte der Weisheit;;4;-8;26;0;0;10;1;20;0;0;0;1;0;0;0;
2233;Etendard d'honneur de la bataille d'Ebon;Ebon-Kampfstandarte der Ehre;;4;-8;26;0;0;10;1;20;0;0;0;1;0;0;0;
2234;Tireur d'élite de soutien de l'Avant-garde d'Ebon;Ebon-Vorhut-Heckenschützen-Unterstützung;Inflige 54..90 points de dégâts perforants et provoque le Saignement (5..25 secondes). 10% de chances d'infliger +540..900 points de dégâts perforants. 25% de chances d'infliger +540..900 points de dégâts perforants si la cible ennemie est un Charr.;4;-8;22;0;0;10;1;15;0;0;0;1;0;0;0;
2235;Assassin de soutien de l'Avant-garde d'Ebon;Ebon-Vorhut-Assassinen-Unterstützung;Invoque un assassin de niveau 14..20 équipé de Paume d'acier, Crocs du renard et Coup des neuf queues. Cet assassin fait une foulée de l'ombre vers l'ennemi. Si cet ennemi est un Charr, l'assassin vit pendant 24..30 secondes. Si ce n'est pas un Charr, il vit pendant 12..15 secondes.;4;-8;22;0;0;10;1;30;0;0;0;1;0;0;0;
2236;Puits de ruine;Brunnen des Ruins;;4;7;28;4;0;10;1;20;0;0;0;0;0;0;0;
2237;Atrophie;Schwund;;4;7;24;4;0;10;1;20;0;0;0;0;0;0;0;
2238;Javelot de rédemption;Speer der Erlösung;;4;37;12;9;0;0;0;0;3;0;0;0;0;0;0;
2353;"Finissez-le !";"Erledigt ihn!";;4;-9;20;0;0;10;0;15;0;0;0;1;0;0;0;
2354;"Esquive ceci !";"Weicht aus!";;4;-9;20;0;0;0;0;0;4;0;0;1;0;0;0;
2355;"Je suis le plus fort !";Ich bin am stärksten!;;4;-9;20;0;0;5;0;20;0;0;0;1;0;0;0;
2356;"Rien ne peut m'arrêter !";"Ich bin unaufhaltbar!";Pendant 16..20 secondes, vous bénéficiez d'un bonus d'armure +24 et ne pouvez pas être assommé ni frappé d'Infirmité.;4;-9;20;0;0;5;0;30;0;0;0;1;0;0;0;
2357;Une pointe de ruse;Ein Funken Arglist;;4;-9;24;0;0;5;.75;15;0;0;0;1;0;0;0;
2358;"Tu te déplaces comme un Nain !";"Ihr bewegt Euch wie ein Zwerg!";;4;-9;20;0;0;10;0;10;0;0;0;1;0;0;0;
2359;"Vous êtes tous des mauviettes !";"Ihr seid alle Schwächlinge!";;4;-9;20;0;0;5;0;12;0;0;0;1;0;0;0;
2360;Aucune douleur;Den Schmerz nicht spüren;(30 secondes.) Vous bénéficiez d'une régénération de santé de +2..3. Vous obtenez +200..300 de santé maximum si vous êtes ivre quand vous activez cette compétence.;4;-9;1;0;0;5;0;20;0;0;0;1;0;0;0;
2361;Gourdin d'un millier d'ours;Tausend-Bären-Prügel;;4;-9;3;0;0;5;0;12;0;0;0;1;0;0;0;
2374;Bénédiction de l'ours;Segen der Bärin;Vous perdez tous les effets et prenez l'apparence d'un ours (60 secondes). Toutes vos caractéristiques se remettent à 0, les attaques de l'ours remplacent vos compétences et vous avez 100 points d'armure et 750..800 points de vie.;4;-9;15;0;0;10;0;60;0;0;1;1;0;0;0;
2379;Bénédiction du loup;Segen des Wolfes;Vous perdez tous les effets et prenez l'apparence d'un loup (60 secondes). Toutes vos caractéristiques se remettent à 0, les attaques du loup remplacent vos compétences et vous avez 80 points d'armure, 660..700 points de vie et une régénération de santé de 1..4.;4;-9;15;0;0;10;0;60;0;0;1;1;0;0;0;
2384;Bénédiction du corbeau;Segen des Raben;Vous perdez tous les effets et prenez l'apparence d'un corbeau (60 secondes). Toutes vos caractéristiques se remettent à 0, les attaques du corbeau remplacent vos compétences, vous avez 80 points d'armure, 660..700 points de vie et avez 20..30% de chances de bloquer.;4;-9;15;0;0;10;0;60;0;0;1;1;0;0;0;
2411;Distorsion de l'esprit;Geistbrecher;;4;-6;23;0;0;5;1;24;0;0;0;1;0;0;0;
2412;Criminel improbable;Durchtriebener Krimineller;;4;-6;22;0;0;5;1;20;0;0;0;1;0;0;0;
2413;Technobabillage;Technobabbel;Inflige 30..40 points de dégâts à la cible et aux ennemis adjacents. Provoque la Stupeur (3..5 secondes) si la cible n'était pas un boss.;4;-6;22;0;0;10;1;10;0;0;0;1;0;0;0;
2414;Champ de rayonnement;Strahlungsfeld;;4;-6;26;0;0;15;2;12;0;0;0;1;0;0;0;
2415;Scan asura;Asurischer Scan;;4;-6;24;0;0;5;0;5;0;0;0;1;0;0;0;
2416;Air de supériorité;Hochnäsigkeit;;4;-6;1;0;0;5;0;20;0;0;0;1;0;0;0;
2417;Blocage mental;Geistige Sperre;;4;-6;23;0;0;10;1;15;0;0;0;1;0;0;0;
2418;Inverseur de douleur;Schmerztauscher;(6..10 secondes.) Inflige 100..140% des dégâts (maximum 80 points) à la cible ennemie à chaque fois qu'elle inflige des dégâts.;4;-6;24;0;0;10;1;20;0;0;0;1;0;0;0;
2420;Echappatoire d'Ebon;Ebon-Flucht;L'allié visé et vous êtes soignés de 70..110 points de vie. Effet initial : vous faites une foulée de l'ombre vers cet allié.;4;-8;22;0;0;5;.25;10;0;0;0;1;0;0;0;
2421;Piège de faiblesse;Schwäche-Falle;;4;-8;30;0;0;10;2;30;0;0;0;1;0;0;0;
2422;Vents;Winde;Créez un esprit de niveau 4..10 (durée de vie de 54..90 secondes). Affecte les ennemis à portée. 15% de risques de rater les attaques à distance.;4;-8;32;0;0;5;5;30;0;0;0;1;0;0;0;
2423;Stabilité naine;Zwergenstabilität;;4;-7;23;0;0;5;.25;30;0;0;0;1;0;0;0;
3422;Protection du temps;Zeitabwehr;;0;0;26;5;0;10;2;30;0;0;1;1;0;0;0;
3423;Preneur d'Âmes;Seelengreifer;;0;6;23;4;0;5;1;15;0;0;1;1;0;0;0;
3424;Au-delà de la limite;Über die Grenze hinaus;;0;12;23;6;-1;5;1;20;0;0;1;1;0;0;0;
3425;Frappe du jugement;Urteilsschlag;;0;16;3;3;0;5;1;8;0;0;1;1;0;0;0;
3426;Pose des septs armes;Sieben Waffen-Haltung;;0;17;29;1;0;5;0;20;0;0;1;1;0;0;0;
3427;"Ensemble et unis !";"Gemeinsam als Eines!";;0;23;20;2;0;10;0;15;0;0;1;1;0;0;0;
3428;Voleur 'ombre;Schattendiebstahl;;0;35;1;7;0;5;.25;20;0;0;1;1;0;0;0;
3429;Armes des trois forges;Waffen aus drei Schmieden;;0;36;27;8;0;10;2;15;0;0;1;1;0;0;0;
3430;Voeu de révolution;Schwur der Revolution;;0;44;23;10;0;10;1;20;0;0;1;1;0;0;0;
3431;Rengaine héroïque;Heroischer Refrain;;0;40;14;9;0;5;1;10;0;0;1;1;0;0;0;
