0;No Skill;Keine Fertigkeit;Empty skill slot;0;-1;0;0;0;0;0;0;0;0;0;0;0;0;0;
1;Sceau de guérison;Siegel der Heilung;Sceau. Vous gagnez 82..172 points de vie. Votre bonus d'armure est réduit de -40 quand vous utilisez cette compétence.;0;21;21;1;0;0;2;4;0;0;0;0;0;0;0;
2;Sceau de résurrection;Siegel der Wiederbelebung;Sceau. Ressuscite un membre du groupe. Celui-ci revient à la vie avec 100% de santé et 25% d'énergie. Ce sceau ne se recharge que lorsque vous obtenez une augmentation de moral.;0;-1;21;0;0;0;3;0;0;0;0;0;0;0;0;
3;Sceau de capture;Siegel der Erbeutung;Sceau. Choisissez une compétence d'un boss de votre profession mort à proximité. Le Sceau de Capture sera remplacé par cette compétence de façon permanente. Si c'était une compétence élite, vous obtenez 250 points d'XP pour chaque niveau gagné.;0;-1;21;0;0;0;2;2;0;0;0;1;0;0;0;
5;Blocage de pouvoir;Kraftblock;Sort d'élite. Si l'ennemi visé est en train de lancer un sort ou un chant, cette compétence est interrompue. Cette compétence et toutes les autres compétences de la même caractéristique sont également inutilisables pendant 1..12 secondes.;1;2;22;5;0;15;.25;20;0;0;1;0;0;0;0;
6;Mantra de la terre;Mantra der Erde;Pose de combat. Pendant 30..90 secondes, à chaque fois que vous subissez des dégâts de la terre, ceux-ci sont réduits de 26..50% et vous gagnez 2 points d'énergie.;0;3;29;5;0;10;0;20;0;0;0;0;0;0;0;
7;Mantra de flamme;Mantra des Feuers;Pose de combat. Pendant 30..90 secondes, à chaque fois que vous subissez des dégâts du feu, ceux-ci sont réduits de 26..50% et vous gagnez 2 points d'énergie.;0;3;29;5;0;10;0;20;0;0;0;0;0;0;0;
8;Mantra de givre;Mantra des Frosts;Pose de combat. Pendant 30..90 secondes, à chaque fois que vous subissez des dégâts du froid, ceux-ci sont réduits de 26..50% et vous gagnez 2 points d'énergie.;0;3;29;5;0;10;0;20;0;0;0;0;0;0;0;
9;Mantra de foudre;Mantra des Blitzes;Pose de combat. Pendant 30..90 secondes, à chaque fois que vous subissez des dégâts de la foudre, ceux-ci sont réduits de 26..50% et vous gagnez 2 points d'énergie.;0;3;29;5;0;10;0;20;0;0;0;0;0;0;0;
10;Leveur de maléfice;Gebrochene Verhexung;Pose de combat. Pendant 5..80 secondes, le prochain maléfice qui vous sera lancé n'aura pas d'effet. Son lanceur subira 10..46 points de dégâts.;0;2;29;5;0;5;0;15;0;0;0;0;0;0;0;
11;Distorsion;Verzerrung;Pose de combat. Pendant 1..5 secondes, vous avez 75% de chances de bloquer les attaques. Quand vous bloquez une attaque de cette manière, soit vous perdez 2 points d'énergie, soit la Distorsion prend fin.;1;1;29;5;0;5;0;8;0;0;0;0;0;0;0;
13;Mantra de récupération;Mantra der Erholung;Pose de combat d'élite. Pendant 5..20 secondes, les sorts que vous lancez se rechargent 33% plus vite.;0;0;29;5;0;5;0;15;0;0;1;0;0;0;0;
14;Mantra de persévérance;Mantra des Bestehens;Pose de combat. Pendant 5..25 secondes, tous les maléfices de la magie de l'illusion que vous lancez durent 10..40% plus longtemps.;0;3;29;5;0;5;0;15;0;0;0;0;0;0;0;
15;Mantra des inscriptions;Mantra der Inschriften;Pose de combat. Pendant 5..25 secondes, les sceaux que vous activez en pose de combat se rechargent 10..40% plus vite.;0;3;29;5;0;10;0;20;0;0;0;0;0;0;0;
16;Mantra de concentration;Mantra der Konzentration;Pose de combat. Pendant 1..38 secondes, la prochaine tentative d'interruption sur vous échouera.;1;3;29;5;0;5;0;30;0;0;0;0;0;0;0;
17;Mantra de résolution (PvP);Mantra des Abschlusses (PvP);Pose de combat. Pendant 5 secondes, vous ne pouvez pas être interrompu, mais pour chaque tentative d'interruption, soit vous perdez 10..4 points d'énergie, soit le Mantra de résolution prend fin.;0;3;29;5;0;10;0;20;0;0;0;0;0;0;0;
18;Mantra des sceaux (PvP);Mantra der Siegel (PvP);Pose de combat. Pendant 10..40 secondes, vous bénéficiez de +3 d'armure par sceau équipé. Quand vous utilisez un sceau, vous gagnez 5..60 points de vie.;1;3;29;5;0;5;0;20;0;0;0;0;0;0;0;
19;Fragilité (PvP);Zerbrechlichkeit (PvP);Maléfice. Pendant 8..20 secondes, l'ennemi visé et les ennemis adjacents subissent 5..20 points de dégâts chaque fois qu'ils sont affectés ou libérés d'une nouvelle condition.;0;1;24;5;0;5;1;8;0;0;0;0;0;0;0;
21;Enchantement inspiré;Inspirierte Verzauberung;Sort. Lève un enchantement à l'ennemi visé et vous obtenez 3..15 points d'énergie. Pendant 20 secondes, l'enchantement inspiré est remplacé par celui qui a été pris à la cible ennemie.;1;3;22;5;0;10;1;0;0;0;0;0;0;0;0;
22;Maléfice inspiré;Inspirierte Verhexung;Sort. Lève un maléfice de la cible (un allié ou vous-même) et vous gagnez 4..10 points d'énergie. Pendant 20 secondes, le maléfice inspiré est remplacé par celui qui a été levé.;1;3;22;5;0;5;1;0;0;0;0;0;0;0;0;
23;Dissipation de pouvoir;Kraftdorn;Sort. Si l'ennemi visé est en train de lancer un sort ou un chant, cette compétence est interrompue et l'ennemi subit 30..120 points de dégâts.;0;2;22;5;0;5;.25;12;0;0;0;0;0;0;0;
24;Fuite de pouvoir;Kraftleck;Sort. Si l'ennemi visé est en train de lancer un sort ou un chant, cette compétence est interrompue et l'ennemi visé perd 3..17 points d'énergie.;1;2;22;5;0;10;.25;20;0;0;0;0;0;0;0;
25;Drain de pouvoir;Kraftentzug;Sort. Si l'ennemi visé est en train de lancer un sort ou un chant, cette compétence est interrompue et vous gagnez 1..31 points d'énergie.;0;3;22;5;0;5;.25;20;0;0;0;0;0;0;0;
26;Empathie (PvP);Empathie (PvP);Maléfice. Pendant 5..15 secondes, chaque fois que l'ennemi visé attaque, il subit 15..45 points de dégâts.;0;2;24;5;0;10;2;10;0;0;0;0;0;0;0;
27;Dispersion des illusions (PvP);Täuschungen brechen (PvP);Sort. Dissipe un maléfice d'Envoûteur sur l'ennemi ciblé. Si un maléfice est dissipé, cet ennemi subit 15..75 points de dégâts et les ennemis adjacents subissent 75% de ces dégâts.;1;2;22;5;0;5;.25;10;0;0;0;0;0;0;0;
28;Retour de flamme;Rückschlag;Maléfice. Pendant 10 secondes, chaque fois que l'ennemi visé lance un sort, il subit 35..140 points de dégâts.;0;2;24;5;0;15;3;20;0;0;0;0;0;0;0;
29;Black-out;Blackout;Compétence. Pendant 2..8 secondes, toutes les compétences de la cible touchée sont inefficaces. Les vôtres seront désactivées pendant 5 secondes.;1;2;1;5;0;10;1;12;0;0;0;0;0;0;0;
30;Diversion;Ablenkung;Maléfice. Pendant 6 secondes, la prochaine fois que l'ennemi visé utilisera une compétence, elle mettra 10..56 secondes de plus à se recharger.;0;2;24;5;0;10;3;12;0;0;0;0;0;0;0;
31;Conjuration de fantasme;Trugbild beschwören;Maléfice. Pendant 4..18 secondes, la cible ennemie subit une dégénération de santé de -5.;0;1;24;5;0;10;1;5;0;0;0;0;0;0;0;
32;Illusion de faiblesse;Illusion der Schwäche;Enchantement. Vous perdez 50..240 points de vie. L'illusion de faiblesse prend fin si les dégâts que vous subissez font descendre vos points de vie au-dessous de 25% de votre maximum. Quand l'Illusion de faiblesse prend fin, vous gagnez 50..240 points de vie.;1;1;23;5;0;10;2;30;0;0;0;0;0;0;0;
33;Armes illusoires (PvP);Illusion der Waffen (PvP);Enchantement d'élite. Pendant 30 secondes, vos attaques au corps à corps ne peuvent ni réussir ni échouer. La compétence Armes Illusoires inflige à la place 20..60 points de dégâts à vos cibles chaque fois que vous attaquez au corps à corps.;1;1;23;5;0;5;1;10;0;0;1;0;0;0;0;
34;Visage avenant;Sympathisches Gesicht;Enchantement. Pendant 4..10 secondes, à chaque fois que la cible (un allié ou vous-même) visée est touchée au corps à corps, tous les ennemis adjacents perdent toute leur adrénaline et 3 points d'énergie.;1;1;23;5;0;10;1;20;0;0;0;0;0;0;0;
35;Ignorance;Ignoranz;Maléfice. Pendant 8..20 secondes la cible ennemie ne peut pas utiliser ses sceaux.;0;2;24;5;0;10;1;10;0;0;0;0;0;0;0;
36;Enigme des arcanes;Arkanes Rätsel;Maléfice. Pendant 5..15 secondes, le temps d'incantation des sorts de l'ennemi visé et de tous les ennemis adjacents est doublé. Lorsque ce maléfice prend fin, vous gagnez 1..7 points d'énergie.;0;1;24;5;0;10;2;30;0;0;0;0;0;0;0;
37;Illusion de hâte (PvP);Illusion der Eile (PvP);Enchantement. Pendant 5..11 secondes, vous vous déplacez 33% plus vite. Lorsque l'Illusion de hâte prend fin, vous souffrez d'Infirmité pendant 3 secondes.;0;1;23;5;0;5;1;8;0;0;0;0;0;0;0;
38;Canalisation;Kanalisieren;Enchantement. Pendant 8..56 secondes, à chaque fois que vous lancez un sort, vous bénéficiez d'1 point d'énergie pour chaque ennemi dans la zone.;1;3;23;5;0;5;1;10;0;0;0;0;0;0;0;
39;Afflux d'énergie;Energiewelle;Sort d'élite. L'ennemi ciblé perd 1..10 points d'énergie. Pour chaque point d'énergie perdu, cet ennemi subit 7 points de dégâts et tous les ennemis à proximité subissent 75% de ces dégâts.;0;2;22;5;0;5;2;15;0;0;1;0;0;0;0;
40;Festin éthéré;Ätherschmaus;Sort. L'ennemi visé perd 3 points d'énergie. Vous êtes guéri de 20..65 points de vie pour chaque point d'énergie perdu.;0;3;22;5;0;5;1;8;0;0;0;0;0;0;0;
41;Seigneur éthéré;Herr über den Äther;Maléfice. Vous perdez toute votre énergie. Pendant 5..10 secondes, la cible ennemie subit une dégénération d'énergie de -1..3 et vous bénéficiez d'une régénération d'énergie de +1..3.;1;3;24;5;0;5;2;20;0;0;0;0;0;0;0;
42;Flamme d'énergie;Energiebrand;Sort. La cible ennemie perd 1..10 points d'énergie et subit 9 points de dégâts pour chaque point d'énergie perdu.;0;2;22;5;0;10;2;20;0;0;0;0;0;0;0;
43;Maladresse;Ungeschick;Maléfice. Pendant 4 secondes, la cible et les ennemis adjacents sont affectés par le maléfice Maladresse. La prochaine fois que chaque ennemi attaque, cette action est interrompue et l'ennemi subit 10..80 points de dégâts.;0;1;24;5;0;10;2;12;0;0;0;0;0;0;0;
44;Douleur fantôme;Phantomschmerz;Maléfice. Pendant 10 secondes, la cible ennemie subit une dégénération de santé de -1..4. Quand la Douleur fantôme cesse, la cible souffre d'une Blessure profonde qui réduit sa santé maximum de 20% pendant 5..20 secondes.;1;1;24;5;0;5;2;10;0;0;0;0;0;0;0;
45;Fardeau éthéré;Ätherische Bürde;Maléfice. Pendant 6..12 secondes, la cible ennemie se déplace 50% moins vite. Quand le Fardeau éthéré disparaît, vous gagnez 10..18 points d'énergie.;1;1;24;5;0;15;1.5;30;0;0;0;0;0;0;0;
46;Culpabilité;Schuld;Maléfice. Pendant 6 secondes, la prochaine fois que l'ennemi visé lance un sort qui vise un autre ennemi, ce sort échoue et vous lui volez jusqu'à 5..14 points d'énergie.;1;2;24;5;0;5;2;25;0;0;0;0;0;0;0;
47;Incompétence;Unbeholfenheit;Maléfice d'élite. Pendant 4 secondes, la prochaine fois que l'ennemi visé ou tout ennemi adjacent attaque, il subit 30..135 points de dégâts et est aveuglé pendant 10 secondes.;1;1;24;5;0;10;1;15;0;0;1;0;0;0;0;
48;Esprit de l'échec;Geist des Versagens;Maléfice. Pendant 30 secondes, l'ennemi visé a 25% de chances de rater ses attaques. Vous gagnez 1..3 points d'énergie pour chaque attaque que l'ennemi manque lors du combat.;1;3;24;5;0;15;3;20;0;0;0;0;0;0;0;
49;Délabrement spirituel (PvP);Geistiges Wrack (PvP);Maléfice. Pendant 5..40 secondes, lorsque cet ennemi est la cible de l'une de vos compétences d'Envoûteur autre qu'un maléfice, il perd 1 point d'énergie. Si l'énergie de l'ennemi visé tombe à 0, le Délabrement spirituel prend fin et l'ennemi subit 15..100 points de dégâts.;0;2;24;5;0;5;1;7;0;0;0;0;0;0;0;
50;Embarras de l'incapable;Verschwendung (PvP);Maléfice. Après 3 secondes, l'ennemi ciblé subit 20..100 points de dégâts et les ennemis adjacents subissent 75% de ces dégâts. Si cet ennemi réussit à utiliser une compétence, Embarras du gaspilleur prend fin prématurément et n'inflige aucun dégât.;1;2;24;5;0;5;.25;4;0;0;0;0;0;0;0;
51;Honte;Schande;Maléfice. Pendant 6 secondes, la prochaine fois que l'ennemi visé lance un sort qui vise un allié, ce sort échoue et vous lui volez jusqu'à 5..14 points d'énergie.;1;2;24;5;0;10;2;30;0;0;0;0;0;0;0;
52;Panique;Panik;Maléfice d'élite. Pendant 1..10 secondes, la cible ennemie et tous les ennemis à proximité sont sous l'emprise de Panique. Lorsqu'un ennemi sous l'emprise de Panique parvient à utiliser une compétence, tous les ennemis à proximité sont interrompus.;1;2;24;5;0;10;1;15;0;0;1;0;0;0;0;
53;Migraine (PvP);Migräne (PvP);Maléfice d'élite. Pendant 4..16 secondes, la cible ennemie subit une dégénération de santé de -1..8 et le temps d'activation de ses compétences est rallongé de 100%.;1;1;24;5;0;10;2;12;0;0;1;0;0;0;0;
54;Angoisse paralysante (PvP);Verkrüppelnde Qual (PvP);Maléfice d'élite. Pendant 5..20 secondes, la cible se déplace 50% moins vite et subit une dégénération de santé de -2..6.;0;1;24;5;0;10;1;20;0;0;1;0;0;0;0;
55;Rêves enfiévrés (PvP);Fieberträume (PvP);Maléfice d'élite. Pendant 5..15 secondes, chaque fois que l'ennemi visé est affecté par une nouvelle condition, tous les ennemis dans la zone en sont également affectés.;1;1;24;5;0;5;1;15;0;0;1;0;0;0;0;
56;Images apaisantes;Beruhigende Bilder;Maléfice. Pendant 8..20 secondes, l'ennemi visé et tous les ennemis adjacents ne peuvent pas récupérer d'adrénaline.;0;1;24;5;0;15;2;8;0;0;0;0;0;0;0;
57;Cri de frustration;Schrei der Frustration;Sort. Si l'ennemi ciblé est en train d'utiliser une compétence, lui et tous les ennemis dans la zone sont interrompus. Cet ennemi subit 15..75 points de dégâts et les ennemis dans la zone subissent 75% de ces dégâts.;0;2;22;5;0;10;.25;20;0;0;0;0;0;0;0;
58;Sceau de minuit;Siegel der Mitternacht;Sceau d'élite. Vous subissez les effets de l'Aveuglement, ainsi que l'ennemi touché pendant 15 secondes.;1;-1;21;5;0;0;2;10;0;0;1;0;0;0;0;
59;Sceau de lassitude;Siegel der Müdigkeit;Sceau. La cible ennemie et tous les ennemis adjacents perdent 3..8 points d'énergie et souffrent de Faiblesse pendant 1..12 secondes.;1;2;21;5;0;0;2;30;0;0;0;0;0;0;0;
61;Sceau sangsue;Blutsauger-Siegel;Sceau. Interrompt l'action de l'ennemi. S'il s'agissait d'un sort, vous gagnez 3..15 points d'énergie.;0;3;21;5;0;0;.25;30;0;0;0;0;0;0;0;
62;Sceau d'humilité;Siegel der Demut;Sceau. La compétence d'élite de l'ennemi ciblé est désactivée pendant 1..16 secondes. Vos compétences autres que celles d'Envoûteur sont désactivées pendant 4 secondes.;0;3;21;5;0;0;3;20;0;0;0;0;0;0;0;
63;Sceau de voûte;Schlussstein-Siegel;Sceau d'élite. Tous les sceaux hormis le Sceau de voûte sont rechargés. Pendant 20 secondes, les 0..6 prochaines fois que vous utiliserez un sceau visant un ennemi, tous les autres ennemis proches de votre cible subiront 15..60 points de dégâts et seront interrompus.;1;0;21;5;0;0;1;15;0;0;1;0;0;0;0;
65;Mimétisme des arcanes;Arkane Mimikry;Sort. Pendant 20 secondes, le Mimétisme des arcanes devient la compétence élite (qui n'est pas une Transformation) de l'allié visé.;0;-1;22;5;0;15;2;60;0;0;0;0;0;0;0;
66;Chaînes spirituelles;Geistfesseln;Maléfice. Pendant 5..20 secondes, l'ennemi visé perd 5 points d'énergie dès qu'il attaque.;0;3;24;5;0;10;3;8;0;0;0;0;0;0;0;
67;Annihilateur de maléfices;Verhexung brechen;Sort. Ote un maléfice qui frappe la cible (un allié ou vous-même). Si un maléfice est levé, les ennemis proches de la cible subissent 30..120 points de dégâts.;0;2;22;5;0;10;1;10;0;0;0;0;0;0;0;
68;Drain d'enchantement;Verzauberung entziehen;Sort. Ote un enchantement à l'ennemi visé. Si l'enchantement est supprimé, vous gagnez 8..17 points d'énergie et 40..120 points de vie.;0;3;22;5;0;5;2;20;0;0;0;0;0;0;0;
69;Dissipation des enchantements;Verzauberung brechen;Sort. Ote un enchantement à l'ennemi visé. Si l'enchantement est supprimé, l'ennemi subit 14..100 points de dégâts.;0;2;22;5;0;10;1;20;0;0;0;0;0;0;0;
72;Résistance aux éléments;Elementarwiderstand;Pose de combat. Pendant 30..90 secondes, vous gagnez +40 de bonus d'armure contre les dégâts élémentaires, mais perdez 24..12 de bonus d'armure contre les dégâts physiques.;1;3;29;5;0;10;0;20;0;0;0;0;0;0;0;
73;Résistance physique;Körperlicher Widerstand;Pose de combat. Pendant 30..90 secondes, vous gagnez +40 de bonus d'armure contre les dégâts physiques, mais perdez 24..12 de bonus d'armure contre les dégâts élémentaires.;1;3;29;5;0;10;0;20;0;0;0;0;0;0;0;
74;Echo;Echo;Enchantement d'élite. Pendant 30 secondes, l'écho est remplacé par la prochaine compétence que vous utiliserez. L'écho agit comme cette compétence pendant 30 secondes.;0;-1;23;5;0;5;1;10;0;0;1;0;0;0;0;
75;Echo des arcanes;Arkanes Echo;Enchantement. Si vous lancez un sort dans les 20 secondes, il remplace l'écho des arcanes pendant 20 secondes. L'Echo des arcanes se termine prématurément si vous utilisez une compétence autre qu'un sort.;0;-1;23;5;0;15;2;20;0;0;0;0;0;0;0;
76;Fardeau imaginaire;Eingebildete Bürde;Maléfice. Pendant 8..20 secondes, la cible se déplace 50% moins vite.;0;1;24;5;0;15;1;30;0;0;0;0;0;0;0;
77;Tempête chaotique;Chaossturm;Sort. Crée une Tempête chaotique sur la position de l'ennemi d'une durée de 10 secondes. Toutes les secondes, les ennemis adjacents à cette position subissent 5..25 points de dégâts et perdent 0..2 points d'énergie.;1;2;22;5;0;5;2;30;0;0;0;0;0;0;0;
78;Epidémie;Epidemie;Sort. Répand toutes les conditions négatives avec leur durée restante de la cible ennemie vers tous les ennemis qui lui sont adjacents.;0;-1;22;5;0;5;.25;5;0;0;0;0;0;0;0;
79;Drain d'énergie;Energieentzug;Sort d'élite. La cible ennemie perd 2..9 points d'énergie. Vous obtenez 3 points d'énergie pour chaque point d'énergie perdu par l'ennemi.;0;3;22;5;0;5;1;20;0;0;1;0;0;0;0;
80;Siphon d'énergie;Energie abzapfen;Sort. La cible ennemie perd 4..7 points d'énergie. Vous obtenez 2 points d'énergie pour chaque point d'énergie perdu par l'ennemi.;0;3;22;5;0;5;2;30;0;0;0;0;0;0;0;
81;Vol des arcanes;Arkaner Diebstahl;Sort. Pendant 5..35 secondes, l'ennemi ne peut plus utiliser un sort choisi aléatoirement et le Vol des Arcanes est remplacé par ce sort.;1;2;22;5;0;10;1;0;0;0;0;0;0;0;0;
82;Mantra de rappel;Mantra der Zurückrufung;Enchantement d'élite. Pendant 20 secondes, vous n'en tirez aucun bénéfice. Vous gagnez 10..25 points d'énergie quand le Mantra de rappel prend fin.;1;3;23;5;0;10;1;30;0;0;1;0;0;0;0;
83;Animation d'horreur squelettique;Knochenschreck beleben;Sort. Visez le cadavre le plus près pour animer une horreur squelettique de niveau 1..17.;1;5;22;4;0;5;1;5;0;0;0;0;0;0;0;
84;Animation de démon squelette;Knochenteufel beleben;Sort. Vous utilisez le cadavre le plus proche pour animer un démon squelette de niveau 1..17. Les démons squelettes peuvent attaquer à distance.;0;5;22;4;0;15;1;5;0;0;0;0;0;0;0;
85;Animation de serviteurs squelettes;Knochendiener beleben;Sort. Vous utilisez le cadavre le plus proche pour animer deux serviteurs squelettes de niveau 0..12.;0;5;22;4;0;10;1;5;0;0;0;0;0;0;0;
86;Equilibre de Grenth;Grenths Ausgleich;Sort d'élite. Si l'ennemi visé dispose de plus de santé que vous, vous récupérez la moitié de la différence (pas plus que votre santé maximum) et celui-ci perd la même quantité. Si cet ennemi a moins de santé que vous, vous perdez la moitié de la différence et l'ennemi récupère la même quantité de santé.;0;-1;22;4;0;10;.25;10;0;0;1;0;0;0;0;
87;Regard de Verata;Veratas Starren;Sort. Si la cible morte-vivante animée et hostile obéit à un maître, leur lien est brisé et elle devient hostile envers toutes les autres créatures. Si elle n'a pas de maître, vous devenez le sien et la soignez de 60..80 (50% de risques d'échec avec Magie de mort 4 ou moins).;1;5;22;4;0;5;1;5;0;0;0;0;0;0;0;
88;Aura de Verata;Veratas Aura;Enchantement. Tous les morts-vivants animés hostiles dans les environs sont liés à vous. Les effets de l'Aura de Verata cessent au bout de 120..300 secondes. Tous les liens qui vous unissent aux morts-vivants sont alors brisés (50% de risques d'échec avec une Magie de mort de 4 ou inférieure).;1;5;23;4;0;15;.75;30;0;33;0;0;0;0;0;
89;Froideur mortelle;Tödliche Kühlung;Sort. L'ennemi subit 5..50 points de dégâts du froid. S'il a plus de 50% de ses points de vie, il subit 5..50 points de dégâts de l'ombre supplémentaires.;1;5;22;4;0;10;1;5;0;0;0;0;0;0;0;
90;Sacrifice de Verata;Veratas Opfer;Sort. Pendant 5..10 secondes, vos alliés morts-vivants bénéficient d'une régénération de santé de +10. Toutes les conditions qui affectent ces alliés vous sont transférées. Si ce sort réussit et si vous contrôlez 3 serviteurs ou moins, le Sacrifice de Verata se recharge instantanément.;1;5;22;4;0;10;2;60;0;15;0;0;0;0;0;
91;Puits de pouvoir;Brunnen der Kraft;Sort de puits d'élite. Exploitez le cadavre le plus proche ou sacrifiez 66% de santé pour créer à cet endroit un Puits de pouvoir. Pendant 10..30 secondes, les alliés dans la zone du Puits de pouvoir bénéficient d'une régénération de santé de +1..6 et d'une régénération d'énergie de +2.;1;4;28;4;0;5;1;10;0;0;1;0;0;0;0;
92;Puits de sang;Brunnen des Blutes;Sort de puits. Exploitez le cadavre le plus proche ou sacrifiez 66% de santé pour créer à cet endroit un Puits de sang. Pendant 8..20 secondes, les alliés dans la zone bénéficient d'une régénération de santé de +1..6.;0;4;28;4;0;10;1;2;0;0;0;0;0;0;0;
93;Puits de souffrance;Brunnen des Leidens;Sort de puits. Exploitez le cadavre le plus proche ou sacrifiez 66% de santé pour créer à cet endroit un Puits de douleur. Les ennemis dans la zone subissent une dégénération de santé de -1..6 pendant 10..30 secondes.;1;5;28;4;0;10;1;10;0;0;0;0;0;0;0;
94;Puits du profane;Gottloser Brunnen;Sort de puits. Exploitez le cadavre le plus proche ou sacrifiez 66% de santé pour créer à cet endroit un Puits du profane. Pendant 8..20 secondes, les ennemis dans la zone sont privés de tous leurs enchantements et ne peuvent pas être visés par d'autres enchantements. (50% de risques d'échec avec Magie de mort 4 ou inférieure).;0;5;28;4;0;25;3;10;0;0;0;0;0;0;0;
95;Explosion putride;Explosion der Verwesung;Sort. Le cadavre le plus proche de votre cible explose et provoque une onde de choc qui inflige 24..120 points de dégâts aux ennemis à proximité.;0;5;22;4;0;10;1;5;0;0;0;0;0;0;0;
96;Festin de l'âme;Seelenschmaus;Sort. Vous utilisez le cadavre le plus proche pour obtenir 50..280 points de vie.;0;5;22;4;0;10;1;0;0;0;0;0;0;0;0;
97;Voyage nécrotique;Nekrotische Verwechslung;Sort. Vous utilisez un cadavre au hasard ou vous sacrifiez 30..20% de santé pour vous téléporter sur la position de l'ennemi ciblé. Vous subissez Maladie pendant 6 secondes, et tous les ennemis à proximité sont empoisonnés pendant 5..20 secondes.;1;5;22;4;0;5;.75;0;0;0;0;0;0;0;0;
98;Combustion corporelle;Kadaver verzehren;Sort. Vous utilisez un cadavre au hasard pour vous téléporter sur sa position et vous obtenez 25..100 points de vie et 5..20 points d'énergie.;1;5;22;4;0;5;1;0;0;0;0;0;0;0;0;
99;Lien parasitaire;Parasitäre Fesseln;Maléfice. Pendant 20 secondes, l'ennemi subit une dégénération de santé de -1. Lorsque le Lien parasitaire prend fin, vous récupérez 30..120 points de vie.;0;7;24;4;0;5;1;2;0;0;0;0;0;0;0;
100;Ame barbelée;Seelenwiderhaken;Maléfice. Pendant 30 secondes, l'ennemi visé subit 15..30 points de dégâts si on lui lance un enchantement ou un maléfice.;1;7;24;4;0;10;2;10;0;0;0;0;0;0;0;
101;Barbelés;Widerhaken;Maléfice. Pendant 30 secondes, l'ennemi visé subit 4..16 points de dégâts en plus si on lui inflige des dégâts physiques.;0;7;24;4;0;10;1;5;0;0;0;0;0;0;0;
102;Choc de l'ombre;Schattenschlag;Sort. L'ennemi subit 12..48 points de dégâts de l'ombre. S'il a plus de 50% de ses points de vie, vous lui volez jusqu'à 12..48 points de vie.;1;4;22;4;0;10;2;15;0;0;0;0;0;0;0;
103;Prix de l'échec;Preis des Versagens;Maléfice. Pendant 30 secondes, l'ennemi a 25% de risques de rater ses attaques et de subir 1..46 points de dégâts à chaque attaque ratée.;1;7;24;4;0;15;2;20;0;0;0;0;0;0;0;
104;Nova mortelle;Todesnova;Enchantement. Pendant 30 secondes, si la cible (un allié ou vous-même) meurt, tous les ennemis adjacents reçoivent 26..100 points de dégâts et sont empoisonnés pendant 15 secondes.;0;5;23;4;0;5;2;0;0;0;0;0;0;0;0;
105;Essaim mortel;Tödlicher Schwarm;Sort. L'Essaim mortel vole lentement et inflige 30..90 points de dégâts du froid à trois cibles maximum dans la zone.;0;5;22;4;0;10;2;6;0;0;0;0;0;0;0;
106;Putréfaction;Verrottendes Fleisch;Sort. L'ennemi de chair visé souffre de Maladie pendant 10..25 secondes et perd progressivement de la santé.;0;5;22;4;0;15;3;3;0;0;0;0;0;0;0;
107;Virulence;Ansteckung;Sort d'élite. Si l'ennemi visé souffrait d'une condition, il est atteint de Maladie, d'Empoisonnement et de Faiblesse pendant 3..15 secondes.;1;5;22;4;0;5;1;15;0;0;1;0;0;0;0;
108;Souffrance;Leiden;Maléfice. L'ennemi visé et tous les ennemis à proximité subissent une dégénération de santé de -0..3 pendant 6..30 secondes.;0;7;24;4;0;15;1;10;0;0;0;0;0;0;0;
109;Siphon de vie;Leben abzapfen;Maléfice. Pendant 12..24 secondes, la cible ennemie subit une dégénération de santé de -1..3 à votre profit (régénération de santé de +1..3).;0;4;24;4;0;10;1;5;0;0;0;0;0;0;0;
110;Festin impie (PvP);Unheiliger Schmaus (PvP);Sort. Vous volez jusqu'à 10..65 points de vie à 1..4 ennemis maximum se trouvant dans la zone.;0;4;22;4;0;15;.75;20;0;0;0;0;0;0;0;
111;Réveil du sang;Das Blut erwecken;Enchantement. Pendant 20..44 secondes, vous avez +2 en Magie du sang et +2 en Malédiction, mais si vous sacrifiez des points de vie, vous en perdez 50% de plus que la normale.;1;4;23;4;0;10;1;45;0;0;0;0;0;0;0;
112;Désacralisation d'enchantements;Verzauberungsschändung;Sort. L'ennemi et tous ceux à proximité subissent 6..60 points de dégâts de l'ombre et 4..20 points de dégâts de l'ombre pour chaque enchantement qui les affecte.;1;7;22;4;0;10;2;15;0;0;0;0;0;0;0;
113;Chair putréfiée;Verdorbenes Fleisch;Enchantement d'élite. Pendant 20..44 secondes, les alliés dans la zone sont immunisé contre Maladie. Les ennemis qui frappent ces alliés au corps à corps sont atteints de Maladie pendant 3..15 secondes.;0;5;23;4;0;5;1;0;0;0;1;0;0;0;0;
114;Aura de la liche;Aura des Lich;Enchantement d'élite. Tous les cadavres à portée de voix sont exploités et vous animez une horreur squelettique de niveau 1..17, plus une horreur squelettique pour chaque cadavre exploité de cette manière. Pendant 5..45 secondes, votre caractéristique de Magie de la mort est augmentée de +1.;1;5;23;4;0;15;2;45;0;0;1;0;0;0;0;
115;Transfusion sanguine;Bluterneuerung;Enchantement. Pendant 7 secondes, vous bénéficiez d'une régénération de santé de +3..6. Lorsque Transfusion sanguine prend fin, vous obtenez 40..190 points de vie.;1;4;23;4;0;1;1;7;0;15;0;0;0;0;0;
116;Aura noire;Dunkle Aura;Enchantement. Pendant 30 secondes, à chaque fois que la cible (un allié ou vous-même) sacrifie des points de vie, l'Aura noire inflige 5..50 points de dégâts de l'ombre à tous les ennemis adjacents et vous perdez 5..20 points de vie .;0;5;23;4;0;10;1;10;0;0;0;0;0;0;0;
117;Affaiblissement (PvP);Schwächen (PvP);Sort. La cible est frappée de Faiblesse pendant 10..30 secondes.;1;7;22;4;0;5;.25;10;0;0;0;0;0;0;0;
118;Sang du faible (PvP);Schwächendes Blut (PvP);Sort. L'ennemi visé et tous les ennemis proches souffrent de Faiblesse pendant 1..16 secondes.;0;7;22;4;0;1;1;8;0;17;0;0;0;0;0;
119;Pouvoir du sang;Blut ist Kraft;Enchantement d'élite. Pendant 10 secondes, la cible alliée bénéficie d'une régénération d'énergie de +3..6.;0;4;23;4;0;1;.25;0;0;33;1;0;0;0;0;
120;Sang du Maître;Blut des Meisters;Sort. Tous vos alliés morts-vivants sont soignés de 30..116 points de vie. Vous sacrifiez 2% de santé maximum en plus par serviteur soigné de cette manière.;0;5;22;4;0;5;1;2;0;5;0;0;0;0;0;
121;Esprit malveillant;Boshafter Geist;Maléfice d'élite. Pendant 10..25 secondes, chaque fois que l'ennemi visé attaque ou utilise une compétence, l'Esprit malveillant lui inflige 15..45 points de dégâts de l'ombre, ainsi qu'à tous les alliés adjacents de cet ennemi.;1;7;24;4;0;15;2;10;0;0;1;0;0;0;0;
122;Intervention néfaste;Unheilvoller Eingriff;Maléfice. Pendant 5..20 secondes, l'ennemi visé reçoit 20% de guérison en moins. S'il meurt lorsqu'il est frappé de l'Intervention néfaste, une horreur squelettique (sans maître) de niveau 1..17 est invoquée.;1;5;24;4;0;10;1;5;0;0;0;0;0;0;0;
123;Parasite sournois;Heimtückischer Parasit;Maléfice. Pendant 5..15 secondes, chaque fois que l'ennemi visé réussit une attaque, vous lui volez jusqu'à 15..45 points de vie.;1;7;24;4;0;10;1;8;0;0;0;0;0;0;0;
124;Frissons glacés;Rückenschauer;Maléfice. Pendant 10..40 secondes, chaque fois que l'ennemi subit des dégâts du froid pendant qu'il utilise une compétence, il est interrompu et soit vous perdez 8..3 points d'énergie, soit les Frissons glacés se terminent.;1;7;24;4;0;10;2;15;0;0;0;0;0;0;0;
125;Flétrissure;Verwelken;Maléfice d'élite. Pendant 5..35 secondes, la cible ennemie subit une dégénération de santé de -2..4 et d'énergie de -1. Si l'énergie de l'ennemi visé devient nulle, il subit 15..75 points de dégâts et Flétrissure prend fin.;1;7;24;4;0;10;1;5;0;0;1;0;0;0;0;
126;Transfert de vie;Lebensübertragung;Maléfice d'élite. Pendant 6..12 secondes, la cible ennemie et les ennemis adjacents subissent une dégénération de santé de -3..8 que vous gagnez en régénération de santé.;1;4;24;4;0;5;1;20;0;0;1;0;0;0;0;
127;Marque de subversion;Zeichen der Subversion;Maléfice. Pendant 6 secondes, la prochaine fois que l'ennemi visé lance un sort qui vise un de ses alliés, ce sort échoue et vous lui volez jusqu'à 10..92 points de vie.;1;4;24;4;0;10;2;30;0;0;0;0;0;0;0;
128;Sangsue de l'âme;Seelenfresser;Maléfice d'élite. Pendant 10 secondes, à chaque fois que l'ennemi visé lance un sort, vous lui prenez jusqu'à 16..80 points de vie.;1;4;24;4;0;15;1;7;0;0;1;0;0;0;0;
129;Souillure charnelle;Fleisch schänden;Maléfice. Pendant 5..35 secondes, l'ennemi visé ne reçoit que deux tiers des points de vie habituellement restitués par la guérison.;0;7;24;4;0;10;1;10;0;10;0;0;0;0;0;
130;Chair démoniaque;Dämonenfleisch;Enchantement. Pendant 30..60 secondes, chaque fois que vous utilisez une compétence qui vise un ennemi, vous infligez 5..20 points de dégâts de l'ombre à tous les autres ennemis proches de vous.;0;4;23;4;0;5;1;30;0;0;0;0;0;0;0;
131;Sceau barbelé;Siegel der Widerhaken;Sceau. Vous infligez un Saignement pendant 3..15 secondes à la cible et à tous les ennemis adjacents.;0;4;21;4;0;0;1;10;0;8;0;0;0;0;0;
132;Sceau du fléau;Pest-Siegel;Sceau d'élite. Vous transférez vers l'ennemi visé toutes les conditions négatives qui vous affectent et leur durée restante, rallongée de 100..200%. (50% de risques d'échec avec Malédictions de niveau 4 ou inférieur.);0;7;21;4;0;0;1;4;0;0;1;0;0;0;0;
133;Pacte noir;Dunkler Pakt;Sort. Inflige 20..60 points de dégâts des ombres à la cible ennemie.;0;4;22;4;0;1;1;2;0;10;0;0;0;0;0;
134;Ordre de la douleur;Orden der Schmerzen;Enchantement. Pendant 5 secondes, à chaque fois qu'un membre du groupe inflige des dégâts physiques à l'ennemi, il inflige +3..16 points de dégâts.;0;4;23;4;0;10;2;0;0;17;0;0;0;0;0;
135;Appréhension;Mutlosigkeit;Maléfice. Pendant 4..18 secondes, la vitesse d'attaque de l'ennemi est réduite de 50% et il subit une dégénération de santé de -1..3.;0;7;24;4;0;10;1;8;0;0;0;0;0;0;0;
136;Ombre de terreur;Schatten der Angst;Maléfice. L'ennemi et tous ceux qui lui sont adjacents attaquent 50% plus lentement que la normale pendant 5..30 secondes.;1;7;24;4;0;10;2;5;0;0;0;0;0;0;0;
137;Rigor Mortis;Totenstarre;Maléfice. Pendant 8..20 secondes, la cible ennemie ne peut pas bloquer.;0;7;24;4;0;10;1;20;0;0;0;0;0;0;0;
138;Lien noir;Dunkles Band;Enchantement. Durant les prochaines 30..60 secondes, à chaque fois que vous subissez des dégâts, 75% de ces dégâts sont infligés à votre plus proche serviteur.;0;4;23;4;0;5;2;20;0;0;0;0;0;0;0;
139;Transfert de condition;Zustand einflößen;Enchantement. Pendant 15..60 secondes, à chaque fois que vous devriez recevoir une condition, elle est transférée à votre plus proche serviteur à la place.;1;5;23;4;0;5;1;20;0;0;0;0;0;0;0;
140;Malaise;Unwohlsein;Maléfice. Pendant 5..35 secondes, la cible ennemie subit une dégénération d'énergie de -1 et vous subissez une dégénération de santé de -1. Si l'énergie de l'ennemi visé devient nulle, il subit 5..50 points de dégâts et Malaise prend fin.;1;7;24;4;0;5;2;2;0;0;0;0;0;0;0;
141;Abolition des enchantements;Verzauberungen entreißen;Sort. Supprime 5..9 enchantements à la cible ennemie. Vous perdez 55..25 points de vie pour chaque enchantement de Moine supprimé.;0;7;22;4;0;5;2;20;0;0;0;0;0;0;0;
142;Malédiction latente;Bleibender Fluch;Maléfice d'élite. Pendant 6..30 secondes, l'ennemi visé et tous les ennemis à proximité souffrent d'une dégénération de santé de -1..4 et reçoivent 25% de guérison en moins.;0;7;24;4;0;15;1;10;0;0;1;0;0;0;0;
143;Suppression d'un enchantement;Verzauberung rauben;Sort. Ote 0..2 enchantements à l'ennemi visé. Si un enchantement est supprimé, vous volez 5..65 points de vie.;0;4;22;4;0;10;1;20;0;0;0;0;0;0;0;
144;Engelures;Frostbeulen;Sort. Vous êtes empoisonné pendant 10 secondes. Les ennemis dans la zone de votre cible subissent 10..44 points de dégâts du froid et perdent 1..2 enchantements.;0;7;22;4;0;25;2;8;0;0;0;0;0;0;0;
145;Sceau d'agonie (PvP);Siegel der Qual (PvP);Sceau. Vous souffrez de Saignement pendant 25 secondes. Tous les ennemis à proximité subissent 10..70 points de dégâts.;0;4;21;4;0;0;.75;20;0;10;0;0;0;0;0;
146;Offrande de sang;Blutopfer;Sort d'élite. Vous gagnez 8..20 points d'énergie.;1;4;22;4;0;1;.25;15;0;20;1;0;0;0;0;
147;Fureur noire;Dunkle Wut;Enchantement. Pendant 5 secondes, à chaque fois que l'attaque d'un membre du groupe réussit, il gagne une décharge d'adrénaline. (50% de risques d'échec avec une Magie du sang de 4 ou inférieure.);1;4;23;4;0;10;.75;5;0;17;0;0;0;0;0;
148;Ordre du vampire;Orden des Vampirs;Enchantement d'élite. Pendant 5 secondes, à chaque fois qu'un membre du groupe qui ne se trouve pas sous les effets d'un autre enchantement de Nécromant inflige des dégâts physiques à un ennemi, il lui vole jusqu'à 3..16 points de vie.;1;4;23;4;0;5;2;5;0;17;1;0;0;0;0;
149;Propagation du fléau;Pest aussenden;Sort. Vous transférez 1..3 conditions négatives avec leur durée restante à la cible ennemie et à tous les ennemis adjacents.;1;7;22;4;0;1;1;5;0;10;0;0;0;0;0;
150;Marque de douleur;Zeichen des Schmerzes;Maléfice. Pendant 30 secondes, à chaque fois que l'ennemi subit des dégâts physiques, la Marque de douleur inflige 10..40 points de dégâts de l'ombre aux ennemis adjacents.;0;7;24;4;0;10;1;20;0;0;0;0;0;0;0;
151;Festin de corruption;Schmaus der Verdorbenheit;Sort d'élite. La cible et tous les ennemis adjacents subissent 16..80 points de dégâts de l'ombre. Vous absorbez jusqu'à 8..40 points de vie à chaque ennemi frappé d'un maléfice.;1;7;22;4;0;15;2;15;0;0;1;0;0;0;0;
152;Goût de la mort;Geschmack des Todes;Sort. Prend jusqu'à 100..400 points de vie à l'allié mort-vivant animé visé.;0;5;22;4;0;5;.25;0;0;0;0;0;0;0;0;
153;Regard vampirique;Vampir-Starren;Sort. Vous volez jusqu'à 18..60 points de vie à l'ennemi visé.;0;4;22;4;0;10;1;8;0;0;0;0;0;0;0;
154;Caresse contagieuse;Pest-Berührung;Compétence. Vous transférez 1..3 conditions négatives avec leur durée restante à la cible ennemie touchée.;0;7;1;4;0;5;.75;0;0;0;0;0;0;0;0;
155;Caresse nocive;Abscheuliche Berührung;Compétence. L'ennemi touché subit 20..65 points de dégâts.;0;5;1;4;0;10;.75;2;0;0;0;0;0;0;0;
156;Caresse vampirique;Vampir-Berührung;Compétence. Vous volez 29..74 points de vie à l'ennemi touché.;1;4;1;4;0;15;.75;2;0;0;0;0;0;0;0;
157;Rituel de sang;Blutritual;Enchantement. Pendant 8..14 secondes, l'allié touché bénéficie d'une régénération d'énergie de +3. Le Rituel de sang ne peut pas être utilisé sur le lanceur.;1;4;23;4;0;5;1;2;0;17;0;0;0;0;0;
158;Caresse d'agonie;Berührung der Qual;Compétence. L'ennemi touché visé subit 20..58 points de dégâts de l'ombre.;1;4;1;4;0;1;.75;3;0;10;0;0;0;0;0;
159;Armure affaiblie;Rüstung schwächen;Sort. La cible ennemie et les ennemis adjacents souffrent de la condition Armure brisée pendant 5..20 secondes.;0;7;22;4;0;5;.5;5;0;0;0;0;0;0;0;
160;Vitesse du vent;Windgeschwindigkeit;Enchantement. Pendant 5..13 secondes, la cible (un allié ou vous-même) se déplace 33% plus vite.;1;8;23;6;0;10;.75;5;0;0;0;0;0;0;0;
162;Bourrasque;Orkan;Sort. Renverse l'ennemi visé pendant 2 secondes (50% de risques d'échec avec Magie de l'air 4 ou inférieure).;0;8;22;6;0;10;1;5;0;0;0;0;10;0;0;
163;Tornade;Wirbelsturm;Sort. Tous les ennemis adjacents subissent 15..75 points de dégâts du froid. Les attaquants ennemis frappés par la Tornade sont assommés. Si vous êtes en état d'Afflux, ce sort frappe les ennemis proches au lieu des ennemis adjacents.;1;8;22;6;0;5;.75;8;0;0;0;0;0;0;0;
164;Affinité élémentaire;Elementareinstimmung;Enchantement d'élite. Pendant 25..60 secondes, vous êtes en parfaite harmonie avec l'Air, le Feu, l'Eau et la Terre : vous bénéficiez de +1..2 pour ces caractéristiques. Vous gagnez 1 point d'énergie, plus 50% du coût en énergie de base nécessaire aux compétences d'une école de magie associée à l'un de ces éléments.;0;12;23;6;0;10;1;20;0;0;1;0;0;0;0;
165;Armure de la terre;Erdrüstung;Enchantement. Pendant 30 secondes, vous gagnez 24..60 points de bonus d'armure, mais vous vous déplacez 50..14% moins vite.;0;9;23;6;0;10;.75;15;0;0;0;0;0;0;0;
166;Armure cinétique;Kinetik-Rüstung;Enchantement. Pendant 12 secondes, vous bénéficiez de +20..80 points d'armure. Chaque fois que vous lancez un sort, Armure cinétique est renouvelée pour 12 secondes.;1;9;23;6;0;15;3;30;0;0;0;0;0;0;0;
167;Eruption;Eruption;Sort. Crée une éruption sur la position de l'ennemi ciblé. Chaque seconde pendant 5 secondes, les ennemis près de cette zone subissent 10..40 points de dégâts de la terre et sont aveuglés pendant 10 secondes.;1;9;22;6;0;25;2;30;0;0;0;0;0;0;0;
168;Aura magnétique;Magnet-Aura;Enchantement. Pendant 1..8 secondes, vous bloquez la prochaine attaque dirigée contre vous et infligez 10..50 points de dégâts à l'ennemi attaquant. Si vous êtes en état d'Afflux, tous les membres de votre équipe à portée de voix sont également sous l'effet de l'enchantement.;1;9;23;6;0;10;1;12;0;0;0;0;0;0;0;
169;Affinité terrestre;Erdeinstimmung;Enchantement. Pendant 36..60 secondes, vous êtes en parfaite harmonie avec la Terre. Vous gagnez 1 point d'énergie et 30% du coût en énergie de base pour toute compétence de Magie de la terre utilisée.;0;9;23;6;0;10;1;30;0;0;0;0;0;0;0;
170;Séisme;Erdbeben;Sort. Vous invoquez un séisme sur la position de l'ennemi visé. Tous les ennemis près de cette position sont renversés et subissent 26..100 points de dégâts de la terre.;1;9;22;6;0;25;3;15;0;0;0;0;10;0;0;
171;Lapidation;Steinigung;Sort. Vous envoyez une grosse pierre qui inflige 45..105 points de dégâts de la terre si elle touche sa cible. Si l'ennemi souffre de Faiblesse, il sera renversé.;0;9;22;6;0;15;1;5;0;0;0;0;0;0;0;
172;Dagues de pierre;Steindolche;Sort. Vous lancez deux dagues de pierre. Si elles touchent leur cible, elles infligent chacune 8..33 points de dégâts de la terre. Si vous êtes en état d'Afflux, chaque projectile inflige un Saignement pendant 1..5 secondes.;0;9;22;6;0;5;1;0;0;0;0;0;0;0;0;
173;Etreinte de la terre;Zupackende Erde;Maléfice. Pendant 5..20 secondes, tous les ennemis proches se déplacent 50% moins vite.;1;9;24;6;0;10;.75;12;0;0;0;0;0;0;0;
174;Réplique sismique;Nachbeben;Sort. Les ennemis à proximité subissent 15..85 points de dégâts de la terre. Les créatures renversées subissent 15..85 points de dégâts de la terre supplémentaires.;0;9;22;6;0;10;.75;10;0;0;0;0;0;0;0;
175;Protection contre les éléments;Abwehr gegen Elemente;Sort de protection. Vous créez une zone de protection contre les éléments sur votre position. Pendant 8..20 secondes, les alliés qui ne sont pas des esprits dans la zone de protection obtiennent +24 de bonus d'armure contre les dégâts élémentaires.;1;9;26;6;0;10;1;20;0;0;0;0;0;0;0;
176;Protection de contact;Abwehr gegen Nahkampf;Sort de protection. Vous créez une zone de Protection de contact sur votre position actuelle. Pendant 5..20 secondes, les alliés (sauf les esprits) dans cette zone ont 50% de chances de bloquer les attaques de mêlée.;0;9;26;6;0;15;1;30;0;0;0;0;0;0;0;
177;Protection contre l'ennemi;Abwehr gegen Feinde;Sort de protection. Vous créez une zone de Protection contre l'ennemi sur votre position actuelle. Pendant 8..20 secondes, les ennemis (sauf les esprits) dans cette zone se déplacent 50% moins vite.;0;9;26;6;0;15;1;20;0;0;0;0;0;0;0;
178;Prodige éthéré;Ätherwunder;Enchantement d'élite. Vous perdez tous les enchantements. Pendant 8..20 secondes, vous bénéficiez d'une régénération d'énergie de +6. Quand Prodige éthéré prend fin, vous perdez 2 points de vie pour chacun de vos points d'énergie.;1;12;23;6;0;5;1;5;0;0;1;0;10;0;0;
179;Liens incendiaires;Brandbänder;Maléfice. Au bout de 3 secondes, l'ennemi visé et tous ceux qui sont proches de lui subissent 20..80 points de dégâts du feu et s'embrasent pendant 1..3 secondes. S'active immédiatement si l'ennemi meurt.;1;10;24;6;0;10;1;7;0;0;0;0;5;0;0;
180;Aura de rétablissement (PvP);Aura der Wiederherstellung (PvP);Enchantement. Pendant 60 secondes, vous gagnez 0..1 points d'énergie et êtes soigné[f:"soignée"] de 200..400% du coût en énergie pour chaque sort que vous lancez.;0;12;23;6;0;5;.25;20;0;0;0;0;0;0;0;
181;Renouveau éthéré (PvP);Äthererneuerung (PvP);Enchantement d'élite. Pendant 10 secondes, à chaque fois que vous lancez un sort, vous gagnez 1..3 points d'énergie et 5..20 points de vie pour chaque enchantement qui vous affecte.;1;12;23;6;0;10;1;30;0;0;1;0;0;0;0;
182;Conjuration de flamme;Flammenbeschwörung;Enchantement. Pendant 60 secondes, si vous utilisez une arme de feu, vos attaques infligent 5..20 points de dégâts du feu supplémentaires.;0;10;23;6;0;10;1;30;0;0;0;0;0;0;0;
183;Enfer;Inferno;Sort. Tous les ennemis adjacents reçoivent 30..135 points de dégâts du feu.;0;10;22;6;0;10;.75;10;0;0;0;0;0;0;0;
184;Affinité ignée;Feuereinstimmung;Enchantement. Pendant 36..60 secondes, vous êtes en parfaite harmonie avec le Feu. Vous gagnez 1 point d'énergie et 30% du coût en énergie de base pour toute compétence de Magie du feu utilisée.;0;10;23;6;0;10;1;30;0;0;0;0;0;0;0;
185;Flamme spirituelle;Geistige Verbrennung;Sort d'élite. La cible et les ennemis adjacents subissent 15..60 points de dégâts du feu. Si vous avez plus d'énergie que l'ennemi visé, celui-ci et tous les ennemis adjacents subissent 15..60 points de dégâts du feu en plus et s'embrasent pendant 1..10 secondes.;0;10;22;6;0;5;1;5;0;0;1;0;5;0;0;
186;Boule de feu;Feuerball;Sort. Vous lancez une boule de feu qui frappe l'ennemi ciblé et tous les ennemis à proximité pour leur infliger 7..112 points de dégâts de feu.;0;10;22;6;0;10;1.5;7;0;0;0;0;0;0;0;
187;Météore;Meteor;Sort. La cible ennemie et tous les ennemis adjacents sont renversés et subissent 7..112 points de dégâts du feu.;0;10;22;6;0;5;2;30;0;0;0;0;10;0;0;
188;Projection de flammes;Flammenstoß;Sort. Tous les ennemis proches reçoivent 15..120 points de dégâts du feu.;1;10;22;6;0;15;.75;5;0;0;0;0;0;0;0;
189;Invocation de Rodgort;Anrufung von Rodgort;Sort. L'ennemi visé et tous les ennemis à proximité subissent 15..120 points de dégâts du feu et s'embrasent pendant 1..3 secondes.;1;10;22;6;0;25;2;8;0;0;0;0;0;0;0;
190;Marque de Rodgort;Zeichen des Rodgort;Maléfice. La cible ennemie et tous les ennemis proches subissent les effets du maléfice Marque de Rodgort. Pendant 10..35 secondes, à chaque fois qu'un ennemi subit des dégâts du feu, il s'embrase pendant 1..4 secondes.;1;10;24;6;0;15;1;15;0;0;0;0;0;0;0;
191;Immolation;Feueropfer;Sort. L'ennemi visé subit 20..75 points de dégâts du feu et s'embrase pendant 1..3 secondes.;0;10;22;6;0;10;1;5;0;0;0;0;0;0;0;
192;Pluie de météores;Meteorschauer;Sort. Crée une Pluie de météores sur la position de l'ennemi. Pendant 9 secondes, les ennemis adjacents à cette position subissent 7..112 points de dégâts du feu et sont renversés toutes les 3 secondes.;1;10;22;6;0;25;5;60;0;0;0;0;10;0;0;
193;Phénix;Phönix;Sort. Un Phénix flamboyant apparaît près de vous, avant de s'envoler vers votre cible pour exploser à l'impact. Cette explosion inflige 10..60 points de dégâts du feu à votre cible et aux ennemis à proximité. Si vous êtes en état d'Afflux, les alliés dans le rayon d'action sont soignées de 20..80 points de vie.;1;10;22;6;0;10;1.5;7;0;0;0;0;0;0;0;
194;Eclat de feu;Feuergeschoss;Sort. Vous envoyez une flamme vers l'ennemi qui inflige 20..65 points de dégâts du feu si elle touche sa cible. Si vous êtes en état d'Afflux, Eclat de feu affecte aussi les ennemis adjacents.;0;10;22;6;0;5;1;0;0;0;0;0;0;0;0;
195;Fontaine de lave;Lavabecken;Sort. Pendant 5 secondes, les ennemis adjacents à la position où le sort a été lancé subissent 5..50 points de dégâts du feu chaque seconde. Si vous êtes en état d'Afflux, le sort frappe les ennemis à proximité au lieu des ennemis adjacents.;1;10;22;6;0;10;1.5;4;0;0;0;0;0;0;0;
196;Chaleur de fournaise;Sengende Hitze;Sort. Déclenche une Chaleur de fournaise sur la position de l'ennemi. Pendant 5 secondes, les ennemis à proximité de cette position subissent 10..40 points de dégâts du feu par seconde. Lorsque la Chaleur de fournaise cesse, les ennemis dans sa zone d'effet sont embrasés pendant 3 secondes.;1;10;22;6;0;15;2;25;0;0;0;0;0;0;0;
197;Tempête de feu;Feuersturm;Sort. Crée une Tempête de feu sur la position de l'ennemi. Pendant 10 secondes, les ennemis adjacents à cette position subissent 5..35 points de dégâts du feu par seconde.;0;10;22;6;0;10;2;20;0;0;0;0;0;0;0;
198;Glyphe de pouvoir élémentaire;Glyphe der Elementarkraft;Glyphe. Pendant 25 secondes, la valeur de vos caractéristiques liées aux éléments augmente de 2 pour 10 prochains sorts.;0;-1;16;6;0;5;1;5;0;0;0;0;0;0;0;
199;Glyphe d'énergie;Glyphe der Energie;Glyphe d'élite. 1..3 des prochains sorts ne causent pas l'Afflux et coûtent 10..25 points d'énergie en moins. Vos caractéristiques élémentaires augmentent de 1..2.;1;12;16;6;0;5;1;25;0;0;1;0;0;0;0;
200;Glyphe d'énergie mineure;Glyphe der geringeren Energie;Glyphe. Pendant les 15 prochaines secondes, 2 des prochains sorts coûtent 10..18 points d'énergie en moins.;0;12;16;6;0;5;1;30;0;0;0;0;0;0;0;
201;Glyphe de concentration;Glyphe der Konzentration;Glyphe. Pendant 15 secondes, il est impossible d'interrompre 1 de vos sorts, et la condition de Stupeur n'a aucun effet sur eux.;1;-1;16;6;0;5;1;10;0;0;0;0;0;0;0;
202;Glyphe de sacrifice;Glyphe der Opferung;Glyphe. Pendant 15 secondes, le prochain sort est lancé sans incantation préalable, mais il mettra 30 secondes en plus à se recharger. Prend fin prématurément si vous utilisez une compétence autre qu'un sort.;1;-1;16;6;0;5;1;15;0;0;0;0;0;0;0;
203;Glyphe du renouveau;Glyphe der Erneuerung;Glyphe d'élite. Pendant 15 secondes, votre prochain sort se rechargera instantanément.;1;-1;16;6;0;5;1;10;0;0;1;0;0;0;0;
204;Rouille;Rost;Maléfice. Inflige 10..85 points de dégâts du froid à la cible et aux ennemis adjacents. Pendant 5..20 secondes, l'ennemi visé et tous les ennemis adjacents mettent deux fois plus de temps pour activer les sceaux. Si vous êtes en état d'Afflux, les sceaux des ennemis touchés sont interrompus et désactivés pendant 1..10 secondes.;0;11;24;6;0;10;1;8;0;0;0;0;0;0;0;
205;Décharge foudroyante;Blitzwelle;Maléfice d'élite. Après 3 secondes, la cible ennemie est renversée, subit 14..100 points de dégâts de la foudre et a une Armure brisée pendant 5..20 secondes. Ce sort dispose de 25% de pénétration d'armure.;0;8;24;6;0;10;1;10;0;0;1;0;0;0;0;
206;Armure de givre;Frostrüstung;Enchantement. Pendant 10..34 secondes, vous bénéficiez de +40 en armure contre les dégâts physiques et de +1 en Magie de l'eau.;1;11;23;6;0;5;1;20;0;0;0;0;0;0;0;
207;Conjuration du froid;Frost beschwören;Enchantement. Pendant 60 secondes, si vous utilisez une arme du froid, vos attaques infligent 5..20 points de dégâts du froid supplémentaires.;0;11;23;6;0;10;1;30;0;0;0;0;0;0;0;
208;Affinité aquatique;Wassereinstimmung;Enchantement. Pendant 36..60 secondes, vous êtes en parfaite harmonie avec l'Eau. Vous gagnez 1 point d'énergie et 30% du coût en énergie de base pour toute compétence de Magie de l'eau utilisée.;0;11;23;6;0;10;1;30;0;0;0;0;0;0;0;
209;Gel spirituel (PvP);Geistige Erfrierung (PvP);Maléfice d'élite. L'ennemi visé subit 10..60 points de dégâts du froid. Si vous avez plus d'énergie que l'ennemi visé, il subit 10..60 points de dégâts du froid en plus et se déplace 90% plus lentement pendant 1..5 secondes.;0;11;24;6;0;10;1;5;0;0;1;0;5;0;0;
210;Prison de glace;Eisgefängnis;Maléfice. Pendant 8..20 secondes, les jambes de l'ennemi sont prises dans la glace et ses mouvements sont ralentis de 66%.;1;11;24;6;0;10;2;30;0;0;0;0;0;0;0;
211;Tessons de glace;Eisdornen;Maléfice. L'ennemi visé et ceux qui sont adjacents subissent 20..80 points de dégâts du froid et sont ralentis de 66% pendant 2..6 secondes.;0;11;24;6;0;15;1.5;10;0;0;0;0;0;0;0;
212;Explosion glaciale;Frostexplosion;Maléfice. Tous les ennemis proches subissent 10..85 points de dégâts du froid et sont ralentis de 66% pendant 3..8 secondes.;1;11;24;6;0;15;.75;8;0;0;0;0;0;0;0;
213;Tempête de glace;Scherbensturm;Maléfice. Vous envoyez un pic de glace qui inflige 10..85 points de dégâts du froid s'il touche sa cible. L'ennemi se déplacera alors 66% moins vite pendant 2..6 secondes.;1;11;24;6;0;10;1;10;0;0;0;0;0;0;0;
214;Lance de glace;Eisspeer;Enchantement. Vous envoyez une Lance de glace qui inflige 10..60 points de dégâts du froid si elle touche sa cible. Si vous êtes en état d'Afflux, vous bénéficiez d'une régénération de santé de +1..4 pendant 5 secondes.;0;11;23;6;0;5;1;0;0;0;0;0;0;0;0;
215;Maelström;Strudel;Sort. Crée un Maelström à l'endroit où se trouve l'ennemi ciblé. Pendant 10 secondes, les ennemis adjacents à la zone subissent 10..25 points de dégâts du froid par seconde. Le Maelström interrompt le lancement des sorts s'il touche sa cible.;0;11;22;6;0;15;1.5;20;0;0;0;0;10;0;0;
216;Brume de fer;Eisennebel;Enchantement. Pendant 8..15 secondes, vous bénéficiez d'un bonus d'armure de +15. Vos sorts magiques d'air qui ciblent un ennemi s'activent et se rechargent 33% plus vite, mais vous subissez un Afflux de 2 points.;1;9;23;6;0;10;1;20;0;0;0;0;0;0;0;
217;Vague de cristal;Kristallwelle;Sort. Les ennemis qui vous sont adjacents subissent 10..70 points de dégâts, mais sont libérés de toute condition négative. Chaque condition supprimée inflige 5..15 points de dégâts.;1;9;22;6;0;15;.75;15;0;0;0;0;0;0;0;
218;Chair d'obsidienne;Obsidianfleisch;Enchantement d'élite. Pendant 8..20 secondes, vous bénéficiez de +20 de bonus d'armure et vous ne pouvez pas être la cible de sorts ennemis, mais vous ne pouvez pas attaquer et vous subissez une dégénération d'énergie de -2.;0;9;23;6;0;25;1;30;0;0;1;0;0;0;0;
219;Flamme d'obsidienne;Obsidianflamme (PvP);Sort. Inflige 22..92 points de dégâts à la cible ennemie. Ce sort ignore l'armure.;0;9;22;6;0;5;1.5;5;0;0;0;0;5;0;0;
220;Eblouissement;Blitzblendung;Sort. L'ennemi est aveuglé pendant 3..8 secondes.;0;8;22;6;0;10;.75;8;0;0;0;0;0;0;0;
221;Conjuration de la foudre;Blitzbeschwörung;Enchantement. Pendant 60 secondes, si vous utilisez une arme de la foudre, vos attaques infligent 5..20 points de dégâts de la foudre supplémentaires.;0;8;23;6;0;10;1;30;0;0;0;0;0;0;0;
222;Eclair foudroyant;Blitzschlag;Maléfice. Inflige 10..60 points de dégâts de la foudre à l'ennemi visé. Ce sort a 25% de pénétration d'armure. Si vous êtes en état d'Afflux, la cible ennemie est affectée par un maléfice pendant 3 secondes. Lorsque ce maléfice prend fin, cet ennemi subit à nouveau 20..40 points de dégâts de la foudre.;0;8;24;6;0;5;1;5;0;0;0;0;0;0;0;
223;Chaîne d'éclairs;Kettenblitz;Sort. L'ennemi visé et jusqu'à deux autres ennemis proches de lui subissent 10..85 points de dégâts de la foudre. Ce sort a une pénétration d'armure de 25%.;1;8;22;6;0;10;2;6;0;0;0;0;5;0;0;
224;Décharge incapacitante;Schwächende Aufladung;Sort. L'ennemi ciblé subit 25..50 points de dégâts de la foudre et souffre de Faiblesse pendant 5..20 secondes. Ce sort offre 25% de pénétration d'armure.;0;8;22;6;0;10;1;8;0;0;0;0;0;0;0;
225;Affinité aérienne;Lufteinstimmung;Enchantement. Pendant 36..60 secondes, vous êtes en parfaite harmonie avec l'Air. Vous gagnez 1 point d'énergie et 30% du coût en énergie de base pour toute compétence de Magie de l'air utilisée.;0;8;23;6;0;10;1;30;0;0;0;0;0;0;0;
226;Choc spirituel (PvP);Geistiger Schock (PvP);Sort d'élite. La cible ennemie subit 10..50 points de dégâts de la foudre. Si vous avez plus d'énergie qu'elle, elle subit 10..50 points de dégâts de la foudre supplémentaires et est renversée. Ce sort a une pénétration d'armure de 25%.;1;8;22;6;0;5;1;8;0;0;1;0;10;0;0;
227;Marque éblouissante;Schimmerndes Zeichen;Maléfice d'élite. Pendant 10 secondes, la cible et tous les ennemis adjacents à subissent 5..25 points de dégâts par seconde. Les ennemis utilisant des compétences offensives sont aveuglés pendant 3 secondes. Ce maléfice prend fin si vous utilisez une compétence qui vise cet ennemi.;1;8;24;6;0;10;1;15;0;0;1;0;0;0;0;
228;Coup de tonnerre;Donnerschlag;Sort d'élite. Vous générez une onde de choc massive à l'emplacement de l'ennemi ciblé. Inflige 10..50 points de dégâts d'éclair à la cible et à tous les ennemis à proximité. Les ennemis touchés sont interrompus et souffrent d'Armure fissurée et de Faiblesse pendant 5..20 secondes. Ce sort bénéficie de 25% de pénétration d'armure.;1;8;22;6;0;10;1;8;0;0;1;0;0;0;0;
229;Globe de foudre;Kugelblitz;Sort. Vous envoyez un Globe de foudre qui inflige 10..100 points de dégâts de la foudre à la cible. Ce sort a 25% de pénétration d'armure.;0;8;22;6;0;10;2;5;0;0;0;0;0;0;0;
230;Javelot de foudre;Blitzspeer;Sort. Vous envoyez un Javelot de foudre qui inflige 15..50 points de dégâts de la foudre s'il touche sa cible. Le Javelot de foudre interrompt les attaquants ennemis. Ce sort offre 25% de pénétration d'armure et frappe tous les ennemis situés entre vous et la cible.;1;8;22;6;0;5;1;5;0;0;0;0;0;0;0;
231;Décharge électrique;Schock;Compétence. L'ennemi touché est renversé et subit 10..60 points de dégâts de la foudre. Cette compétence offre 25% de pénétration d'armure.;1;8;1;6;0;5;.75;10;0;0;0;0;10;0;0;
232;Caresse foudroyante;Blitz-Berührung;Compétence. L'ennemi visé qui est touché et tous les ennemis adjacents subissent 10..60 points de dégâts de la foudre, sont aveuglés pendant 1..4 secondes et souffrent d'Armure brisée pendant 1..10 secondes. Cette compétence a 25% de pénétration d'armure.;0;8;1;6;0;5;.75;5;0;0;0;0;0;0;0;
233;Aura tourbillon;Wirbelnde Aura;Enchantement. Pendant 3..7 secondes, vous bénéficiez d'une régénération de santé de +1..6 et de 50% de chances de bloquer les attaques. Si vous êtes en état d'Afflux, tous les membres de votre équipe à portée de voix sont également sous l'effet de l'enchantement.;1;11;23;6;0;10;1;15;0;0;0;0;0;0;0;
234;Congélation;Tiefgefrieren;Maléfice. La zone où se trouve l'ennemi est congelée. Tous les ennemis à cet endroit subissent 10..85 points de dégâts du froid. Pendant 10 secondes, ils se déplacent 66% moins vite.;0;11;24;6;0;25;2;15;0;0;0;0;0;0;0;
235;Vision troublée;Verschwommene Sicht;Maléfice. Pendant 4..10 secondes, la vision de l'ennemi visé et de ceux qui sont adjacents est troublée. Ils ont alors 50% de risques de manquer leurs attaques.;0;11;24;6;0;10;1;12;0;0;0;0;0;0;0;
236;Forme de brume (PvP);Nebelform (PvP);Enchantement d'élite. Pendant 10..45 secondes, vous subissez 33% de dégâts en moins face aux ennemis sous l'effet d'un maléfice de la Magie de l'eau. Quand vous lancez un sort élémentaire, tous les alliés (autres qu'esprits) à portée de voix regagnent 50..250% du coût énergétique du sort. Ce sort ne fonctionne pas sur les alliés ayant plus de 80% de points de vie.;1;11;23;6;0;5;1;20;0;0;1;0;0;0;0;
237;Trident marin;Wasserdreizack;Sort d'élite. Vous lancez un Trident marin qui se déplace très rapidement vers l'ennemi. S'il fait mouche, il inflige 10..90 points de dégâts du froid à sa cible et jusqu'à 2 ennemis adjacents. S'il touche un ennemi en mouvement, celui-ci est renversé.;1;11;22;6;0;5;1;3;0;0;1;0;0;0;0;
238;Armure de brume;Nebelrüstung;Enchantement. Pendant 8..20 secondes, vous bénéficiez de +10..40 de bonus d'armure et vous vous déplacez 33% plus vite.;1;11;23;6;0;10;1;30;0;0;0;0;0;0;0;
239;Protection contre le mal (PvP);Abwehr gegen Schaden (PvP);Sort de protection d'élite. Crée une protection contre le mal à cette position. Pendant 5..15 secondes, les alliés (autres qu'esprits) dans cette zone bénéficient de +1..3 en régénération de santé, +12..24 en armure et encore +12..24 en armure contre les dégâts élémentaires. Ce sort est désactivé pendant 30 secondes.;1;11;26;6;0;15;1;20;0;0;1;0;0;0;0;
240;Châtiment;Peinigung;Sort. Cette attaque inflige 10..55 points de dégâts sacrés. Si elle attaque, votre cible subit 10..35 points de dégâts sacrés en plus.;1;14;22;3;0;10;1;10;0;0;0;0;0;0;0;
241;Lien de vie;Lebensbindung;Enchantement. Tant que cet enchantement est actif, quand l'allié visé subit des dégâts des suites d'une attaque, la moitié de ces dégâts vous sont infligés. Les dégâts que vous subissez de cette manière sont réduits de 3..30 points.;0;15;23;3;-1;10;2;0;0;0;0;0;0;0;0;
242;Esprit de Balthazar;Balthasars Geist;Enchantement. Tant que cet enchantement est actif, la cible (un allié ou vous-même) gagne de l'adrénaline et de l'énergie après avoir subi des dégâts. (La quantité d'adrénaline dépendra de la valeur de vos Prières de Châtiment.);1;14;23;3;-1;10;2;0;0;0;0;0;0;0;0;
243;Force de l'honneur (PvP);Stärke der Ehre (PvP);Enchantement. Tant que cet enchantement est actif, la cible (un allié ou vous-même) inflige 1..5 points de dégâts supplémentaires au corps à corps.;0;14;23;3;-1;10;2;15;0;0;0;0;0;0;0;
244;Affinité vitale;Lebenseinstimmung;Enchantement. Tant que cet enchantement est actif, la cible (un allié ou vous-même) inflige 30% de dégâts en moins avec ses attaques, mais récupère 14..50% de santé supplémentaire lorsqu'elle est soignée.;1;15;23;3;-1;10;2;0;0;0;0;0;0;0;0;
245;Esprit protecteur;Schutzgeist;Enchantement. Pendant 5..23 secondes, la cible (un allié ou vous-même) ne peut pas perdre plus de 10% de santé maximum dus à des dégâts provoqués par une attaque unique ou par un sort.;0;15;23;3;0;10;.25;5;0;0;0;0;0;0;0;
246;Intervention divine;Göttliche Intervention;Enchantement. Pendant 10 secondes, la prochaine fois que la cible (un allié ou vous-même) subit des dégâts qui devraient être fatals, ces dégâts sont annulés et la cible est soignée de 26..240 points de vie.;0;16;23;3;0;5;.25;30;0;0;0;0;0;0;0;
247;Symbole de Courroux;Symbol des Zorns;Sort. Crée un Symbole du courroux à l'emplacement de l'ennemi ciblé. Pendant 5 secondes, les ennemis adjacents sont frappés chaque seconde et subissent 10..40 points de dégâts sacrés.;1;14;22;3;0;5;1;20;0;0;0;0;0;0;0;
248;Punition;Vergeltung;Enchantement. Tant que cet enchantement est actif, à chaque fois que la cible (un allié ou vous-même) subit des dégâts issus d'attaques, ce sort renvoie 33% des dégâts à l'attaquant. (Maximum de 5..20 points de dégâts).;0;14;23;3;-1;10;2;0;0;0;0;0;0;0;0;
249;Colère divine;Heiliger Zorn;Enchantement. Pendant 10..30 secondes, les 1..10 prochaines fois que la cible alliée subit des dégâts suite à une attaque, ce sort renvoie 66% des dégâts à l'attaquant (maximum de 5..50 points de dégâts).;1;14;23;3;0;10;1;10;0;0;0;0;0;0;0;
250;Liens de l'Essence;Essenzbindung;Enchantement. Tant que cet enchantement est actif, si la cible (un allié ou vous-même) subit des dégâts physiques ou élémentaires, vous gagnez 1 point d'énergie.;1;-1;23;3;-1;10;2;0;0;0;0;0;0;0;0;
251;Guérison néfaste;Geißelheilung;Maléfice. Pendant 30 secondes, à chaque fois que l'ennemi visé est soigné, la créature qui le soigne subit 15..80 points de dégâts sacrés.;0;14;24;3;0;10;2;5;0;0;0;0;0;0;0;
252;Bannissement;Verbannung;Sort. La cible ennemie subit 20..65 points de dégâts sacrés. Ce sort inflige le double de dégâts aux créatures invoquées.;0;14;22;3;0;5;1;10;0;0;0;0;0;0;0;
253;Sacrifice néfaste;Geißelopfer;Maléfice. Pendant 8..20 secondes, à chaque fois que l'ennemi visé et les ennemis adjacents sacrifient des points de vie, ils en perdent deux fois plus que la normale.;1;14;24;3;0;5;1;5;0;0;0;0;0;0;0;
254;Esprit vigoureux;Energischer Geist;Enchantement. Pendant 30 secondes, à chaque fois que la cible (un allié ou vous-même) attaque ou lance un sort, elle est soignée de 5..20 points de vie.;1;13;23;3;0;5;.25;4;0;0;0;0;0;0;0;
255;Esprit vigilant;Wachsamer Geist;Enchantement. Tant que cet enchantement est actif, la cible (un allié ou vous-même) reçoit une régénération de santé de +2, elle est soignée de 30..180 points de vie lorsque les effets de l'esprit vigilant s'estompent.;1;16;23;3;-1;15;1;5;0;0;0;0;0;0;0;
256;Aura sacrée;Gesegnete Aura;Enchantement. Tant que cet enchantement est actif, les enchantements de Moine que vous lancez durent 10..35% plus longtemps.;1;16;23;3;-1;10;2;2;0;0;0;0;0;0;0;
257;Egide (PvP);Aegis (PvP);Enchantement. Pendant 1..3 secondes, le membre du groupe visé ne peut pas être la cible de sorts hostiles, et les attaques contre lui échouent.;0;15;23;3;0;10;.25;30;0;0;0;0;0;0;0;
258;Gardien;Wächter;Enchantement. Pendant 2..7 secondes, la cible (un allié ou vous-même) a 50% de chances de bloquer les attaques.;0;15;23;3;0;5;1;6;0;0;0;0;0;0;0;
259;Bouclier de détournement;Ablenkungsschild;Enchantement d'élite. Pendant 3..10 secondes, la cible (un allié ou vous-même) a 75% de chances de bloquer les attaques et bénéficie d'un bonus d'armure de 15..30.;1;15;23;3;0;10;.25;5;0;0;1;0;0;0;0;
260;Aura de foi;Glaubensaura;Enchantement d'élite. Pendant 3 secondes, la cible (un allié ou vous-même) gagne 50..100% de santé supplémentaire lorsqu'elle est soignée et subit 5..50% de dégâts en moins.;1;15;23;3;0;5;.25;8;0;0;1;0;0;0;0;
261;Bouclier de régénération;Schild der Regeneration;Enchantement d'élite. Pendant 5..13 secondes, l'allié ciblé gagne +3..10 points de régénération de santé et 20..45 points d'armure.;0;15;23;3;0;10;.25;8;0;0;1;0;0;0;0;
262;Bouclier du jugement;Schild des Urteils;Enchantement d'élite. Pendant 8..20 secondes, toutes les créatures qui attaquent la cible (un allié ou vous-même) sont assommées et subissent 5..50 points de dégâts sacrés.;1;14;23;3;0;15;1;45;0;0;1;0;0;0;0;
263;Lien de protection;Band des Schutzes;Enchantement. Tant que cet enchantement est actif, la cible (un allié ou vous-même) ne peut pas subir plus de 5% de dégâts en une seule attaque ou un seul sort. Si le Lien de protection absorbe des dégâts, soit vous perdez 6..3 points d'énergie, soit le sort prend fin.;1;15;23;3;-1;10;2;0;0;0;0;0;0;0;0;
264;Pacifisme;Pazifismus;Maléfice. Pendant 4..8 secondes, l'ennemi visé ne peut pas attaquer. L'effet cesse si la cible subit des dégâts.;1;15;24;3;0;10;2;15;0;0;0;0;0;0;0;
265;Amitié;Freundschaft;Maléfice d'élite. Pendant 4..12 secondes, les ennemis adjacents ne peuvent pas attaquer. L'effet prend fin lorsque l'ennemi subit des dégâts.;1;15;24;3;0;5;.25;20;0;0;1;0;0;0;0;
266;Paix et harmonie;Frieden und Harmonie (PvP);Enchantement d'élite. La cible alliée perd 0..4 conditions et maléfices. Pendant 1..3 secondes, les conditions et maléfices expirent 90% plus vite sur cet allié. Toutes vos Prières de châtiment sont désactivées pendant 20 secondes.;1;16;23;3;0;5;.25;15;0;0;1;0;0;0;0;
267;Clairvoyance du juge;Einblick des Richters;Enchantement. Pendant 8..20 secondes, les attaques de la cible (un allié ou vous-même) infligent des dégâts sacrés et bénéficient d'un bonus de +20% de pénétration d'armure.;0;14;23;3;0;10;2;10;0;0;0;0;0;0;0;
268;Aura inflexible (PvP);Unnachgiebige Aura (PvP);Enchantement d'élite. Vous ressuscitez le membre du groupe mort ciblé avec 100% de sa santé et de son énergie. Si vous arrêtez de maintenir cet enchantement ou s'il est dissipé, ce membre du groupe meurt et crée un cadavre utilisé. Les morts subies en étant la cible d'Aura inflexible ne causent pas de handicap de moral. (50% de risques d'échec avec Faveur divine inférieure à 5.);1;16;23;3;-1;5;3;15;0;0;1;0;0;0;0;
269;Marque de protection;Schutzzeichen;Enchantement d'élite. Pendant 10 secondes, à chaque fois que la cible (un allié ou vous-même) subit des dégâts, ils sont transformés en soins (maximum 6..60). L'effet de toutes les prières de protection est annulé pendant 5 secondes.;1;15;23;3;0;10;.25;15;0;0;1;0;0;0;0;
270;Barrière vitale;Lebenssperre;Enchantement d'élite. Tant que cet enchantement est actif, les dégâts infligés à l'allié visé sont réduits de 20..50%. Si vous avez moins de 50% de santé quand l'allié subit les dégâts, la Barrière vitale se dissipe.;1;15;23;3;-1;15;2;5;0;0;1;0;0;0;0;
271;Feu du zélote;Eifererfeuer;Enchantement. Pendant 60 secondes, à chaque fois que vous utilisez une compétence sur la cible (un allié ou vous-même), tous les ennemis adjacents à la cible subissent 5..35 points de dégâts du feu et vous perdez 1 points d'énergie.;0;14;23;3;0;10;.25;30;0;0;0;0;0;0;0;
272;Aura de Balthazar;Balthasars Aura;Enchantement. Pendant 8 secondes, les ennemis adjacents à la cible (un allié ou vous-même) subissent 10..30 points de dégâts sacrés par seconde.;0;14;23;3;0;15;1;20;0;0;0;0;0;0;0;
273;Briseur de sorts;Zauberbrecher;Enchantement d'élite. Pendant 5..17 secondes, la cible alliée ne peut pas être la cible de sorts ennemis.;0;16;23;3;0;15;1;45;0;0;1;0;0;0;0;
274;Graine de guérison;Heilender Samen;Enchantement. Pendant 10 secondes, si l'allié visé subit des dégâts, celui-ci et tous les alliés adjacents gagnent 3..30 points de vie.;0;13;23;3;0;10;2;25;0;0;0;0;0;0;0;
275;Rétablissement partiel;Zustand bessern;Sort. Supprime une condition (Poison, Maladie, Aveuglement, Stupeur, Saignement, Infirmité, Brûlure, Faiblesse, Armure brisée ou Blessure profonde) chez la cible alliée. Si une condition est supprimée, cet allié est soigné de 5..70 points de vie.;1;15;22;3;0;5;.75;2;0;0;0;0;0;0;0;
276;Rétablissement total;Zustand wiederherstellen;Sort d'élite. Supprime toutes les conditions (Poison, Maladie, Aveuglement, Stupeur, Saignement, Infirmité, Brûlure, Armure brisée, Faiblesse et Blessure profonde) affectant l'allié visé. Pour chaque condition supprimée, cet allié est soigné de 10..70 points de vie.;1;15;22;3;0;5;.75;2;0;0;1;0;0;0;0;
277;Guérison des affections;Leiden heilen;Sort. Supprime une condition (Poison, Maladie, Aveuglement, Stupeur, Saignement, Infirmité, Brûlure, Faiblesse, Armure brisée ou Blessure profonde) affectant la cible (un allié ou vous-même). Pour chaque condition restante, cette cible est soignée de 5..70 points de vie.;0;15;22;3;0;5;.75;5;0;0;0;0;0;0;0;
278;Purification des conditions;Zustände reinigen;Sort. Supprime toutes les conditions (Poison, Maladie, Aveuglement, Stupeur, Saignement, Infirmité, Brûlure, Faiblesse, Armure brisée et Blessure profonde) chez la cible alliée.;0;-1;22;3;0;5;.25;20;0;0;0;0;0;0;0;
279;Guérison divine;Göttliche Heilung;Sort. Soigne le lanceur et les membres du groupe à portée de voix de 15..60 points.;1;16;22;3;0;5;1;12;0;0;0;0;0;0;0;
280;Zone de guérison;Gebiet heilen;Sort. Soigne le lanceur et toutes les créatures adjacentes de 30..180 points de vie.;1;13;22;3;0;10;1;5;0;0;0;0;0;0;0;
281;Prière de guérison;Fürbitte der Heilung;Sort. Soigne la cible (un allié ou vous-même) de 30..80 points de vie.;0;13;22;3;0;5;1;2;0;0;0;0;0;0;0;
282;Parole de guérison;Wort der Heilung;Sort d'élite. La cible (un allié ou vous-même) est soignée de 5..100 points de vie. Si elle a moins de 50% de santé, elle récupère 30..115 points de vie supplémentaires.;0;13;22;3;0;5;.75;3;0;0;1;0;0;0;0;
283;Baiser de Dwayna;Dwaynas Kuss;Sort. Soigne l'allié visé de 20..65 points de vie, et de 15..40 points supplémentaires pour chaque enchantement ou maléfice qui l'affecte.;1;13;22;3;0;5;1;3;0;0;0;0;0;0;0;
284;Bienfait divin;Göttlicher Segen;Enchantement. Tant que cet enchantement est actif, à chaque fois que vous lancez un sort de Prière de protection ou de Faveur divine qui vise un allié, celui-ci est soigné de 15..60 points de vie et vous perdez 1 points d'énergie.;0;16;23;3;-1;5;.25;10;0;0;0;0;0;0;0;
285;Mains du guérisseur;Heilende Hände;Enchantement d'élite. Pendant 10 secondes, chaque fois que la cible (un allié ou vous-même) subit des dégâts, elle reçoit 5..35 points de vie.;1;13;23;3;0;5;.25;15;0;0;1;0;0;0;0;
286;Guérison des autres;Anderen heilen;Sort. Soigne l'allié de 35..180 points de vie.;1;13;22;3;0;10;.75;3;0;0;0;0;0;0;0;
287;Guérison de groupe (PvP);Gruppe heilen (PvP);Sort. Soigne tout le groupe de 30..75 points de vie.;0;13;22;3;0;15;1;10;0;0;0;0;0;0;0;
288;Souffle de guérison;Heilender Hauch;Enchantement. Pendant 15 secondes, la cible (un allié ou vous-même) bénéficie d'une régénération de santé de +4..9.;0;13;23;3;0;10;1;5;0;0;0;0;0;0;0;
289;Bénédiction vitale;Lebendige Segnung;Enchantement. Tant que cet enchantement est actif, la cible (un allié ou vous-même) a +40..200 de santé maximum.;1;15;23;3;-1;10;.75;2;0;0;0;0;0;0;0;
290;Rénovation;Genesung;Enchantement. Tant que cet enchantement est actif, la cible (un allié ou vous-même) bénéficie d'une régénération de santé de +1..4.;0;13;23;3;-1;10;2;0;0;0;0;0;0;0;0;
291;Vie par procuration;Ersatzleben;Enchantement. Tant que cet enchantement est actif, à chaque fois que la cible (un allié ou vous-même) touche un ennemi, vous gagnez 2..17 points de vie.;1;13;23;3;-1;5;2;0;0;0;0;0;0;0;0;
292;Transfert de santé;Leben einflößen;Sort. Vous perdez la moitié de vos points de vie. L'allié visé est soigné de 100..136% des points de vie perdus.;0;13;22;3;0;10;.25;0;0;0;0;0;0;0;0;
293;Sceau de dévotion;Siegel der Hingabe;Sceau. Soigne la cible (un allié ou vous-même) de 20..120 points de vie.;0;16;21;3;0;0;2;5;0;0;0;0;0;0;0;
294;Sceau du jugement (PvP);Siegel des Urteils (PvP);Sceau d'élite. La cible ennemie est assommée. Elle subit 5..50 points de dégâts sacrés, ainsi que les ennemis adjacents. Sa portée est la moitié de celle d'un sceau normal.;0;14;21;3;0;0;1;20;0;0;1;0;0;0;0;
295;Sceau d'épuration;Siegel der Reinigung;Sceau. Annule tous les maléfices et conditions qui affectent la cible (un allié ou vous-même). Vous perdez 10 points d'énergie pour chaque maléfice ou condition annulée.;0;-1;21;3;0;0;2;20;0;0;0;0;0;0;0;
296;Sceau de la calamité;Siegel des Ruins;Sceau. La cible ennemie subit 30..60 points de dégâts sacrés. Si elle était en train d'attaquer, elle est assommée.;0;14;21;3;0;0;1;15;0;0;0;0;0;0;0;
297;Sceau sacré;Gesegnetes Siegel;Sceau. Vous obtenez 3 points d'énergie pour chaque enchantement que vous maintenez. Vous ne pouvez pas obtenir plus de 3..24 points d'énergie de cette manière.;0;16;21;3;0;0;2;10;0;0;0;0;0;0;0;
298;Martyre;Märtyrer;Sort d'élite. Transfère toutes les conditions et leur temps restant de vos alliés vers vous.;0;-1;22;3;0;5;.25;10;0;0;1;0;0;0;0;
299;Mains du protecteur;Schützende Hände;Enchantement. Pendant 8 secondes, les dégâts et le vol de vie subis par l'allié visé sont réduits de 3..18. Lorsque Mains du protecteur prend fin, cet allié est soigné de 5..50 points de vie.;0;15;23;3;0;5;.25;15;0;0;0;0;0;0;0;
300;Contemplation de la pureté;Gebot der Reinheit;Compétence. Perte de tous les enchantements. Pour chaque enchantement perdu, vous gagnez 0..80 points de vie et êtes libéré d'un maléfice et d'une condition (1..8 maléfices et conditions maximum).;1;16;1;3;0;5;.25;10;0;0;0;0;0;0;0;
301;Annulation des maléfices;Verhexung entfernen;Sort. Lève un maléfice qui frappe la cible (un allié ou vous-même).;0;-1;22;3;0;5;1;8;0;0;0;0;0;0;0;
302;Expiation des maléfices;Verhexung zerschlagen;Sort. Ote un maléfice qui frappe la cible (un allié ou vous-même). Si un maléfice est levé de cette manière, les ennemis dans la zone subissent 10..85 points de dégâts sacrés.;0;14;22;3;0;5;1;12;0;0;0;0;0;0;0;
303;Conversion des maléfices;Verhexungen umwandeln;Sort. Lève tous les maléfices qui frappent l'allié visé. Pendant 8..20 secondes, il bénéficie d'un bonus d'armure de +10 pour chaque maléfice de Nécromant levé.;0;15;22;3;0;15;1;12;0;0;0;0;0;0;0;
304;Lumière de Dwayna;Licht von Dwayna;Sort. Vous ressuscitez tous les membres du groupe morts dans la zone. Ils reviennent à la vie avec 25% de leur santé et aucun point d'énergie.;1;-1;22;3;0;25;4;20;0;0;0;0;0;0;0;
305;Résurrection;Wiederbeleben;Sort. Vous ressuscitez le membre du groupe visé. Celui-ci revient à la vie avec 25% de santé et aucun point d'énergie.;0;-1;22;3;0;10;5;8;0;0;0;0;0;0;0;
306;Renaissance;Wiedergeburt;Sort. Ressuscite un membre du groupe. Celui-ci revient à la vie avec 25% de santé et aucun point d'énergie et est téléporté à votre position. Toutes ses compétences sont inutilisables pendant 10..3 secondes. Ce sort consomme toute l'énergie qu'il vous reste.;0;15;22;3;0;10;5;0;0;0;0;0;0;0;0;
307;Revers de fortune;Umkehrung des Schicksals;Enchantement. Pendant 8 secondes, la prochaine fois que l'allié visé doit subir des dégâts ou un vol de vie, ces derniers sont transformés en points de vie, 15..80 points maximum.;0;15;23;3;0;5;.25;2;0;0;0;0;0;0;0;
308;Secours;Beistand;Enchantement. Tant que cet enchantement est actif, la régénération d'énergie et de santé de l'allié augmente de +1, mais vous perdez 1 point d'énergie à chaque fois qu'il lance un sort.;1;-1;23;3;-1;5;1;10;0;0;0;0;0;0;0;
309;Voile sacré;Heiliger Schleier;Enchantement. Pendant que vous maintenez cet enchantement, le temps d'incantation de tout maléfice lancé sur la cible (allié ou vous-même) est doublé. Lorsque Voile sacré prend fin, un maléfice de la cible est supprimé.;0;-1;23;3;-1;5;1;12;0;0;0;0;0;0;0;
310;Esprit divin;Göttlicher Geist;Enchantement. Pendant 1..14 secondes, les sorts de Moine vous coûtent 5 points d'énergie en moins (coût minimum : 1 point d'énergie).;1;16;23;3;0;10;.25;60;0;0;0;0;0;0;0;
311;Egalité de conditions;Zustände entziehen;Sort. Toutes les conditions négatives de l'allié vous sont transférées. Pour chaque condition transférée, vous gagnez 6..26 points de vie.;0;15;22;3;0;5;.25;4;0;0;0;0;0;0;0;
312;Choc sacré;Heiliger Schlag;Compétence. L'ennemi touché subit 10..55 points de dégâts sacrés. Si elle est assommée, votre cible subira 10..55 points de dégâts sacrés en plus.;1;14;1;3;0;5;.75;8;0;0;0;0;0;0;0;
313;Caresse de guérison;Heilende Berührung;Sort. L'allié touché est soigné de 20..80 points de vie. La santé récupérée grâce à la Faveur Divine est doublée pour ce sort.;0;13;22;3;0;5;.75;5;0;0;0;0;0;0;0;
314;Reviviscence;Leben erneuern;Sort. Touchez le corps d'un membre du groupe tombé au combat. Il revient à la vie avec 20..65% de vie et 42..90% d'énergie.;1;13;22;3;0;10;4;8;0;0;0;0;0;0;0;
315;Vengeance;Rache;Enchantement. Ressuscite un membre du groupe mort avec tous ses points de vie et d'énergie. Pendant 30 secondes, ce membre du groupe inflige 25% de dégâts en plus. Lorsque cet enchantement prend fin, le membre du groupe visé meurt. Les personnages mourant sous les effets de cet enchantement n'obtiennent pas de handicap.;1;-1;23;3;0;10;4;30;0;0;0;0;0;0;0;
316;Extrême limite !;Bis ans Limit!;Cri. Pour chaque ennemi à portée de voix (maximum 1..6), vous gagnez une décharge d'adrénaline. Pendant 10..20 secondes, votre santé maximum augmente de 10..60.;1;21;20;1;0;5;0;10;0;0;0;0;0;0;0;
317;Fureur guerrière;Kampfwut;Pose de combat d'élite. Pendant 5..20 secondes, vous vous déplacez 33% plus vite et gagnez 2 fois plus d'adrénaline lors des attaques. La Fureur guerrière prend fin si vous utilisez des compétences ne nécessitant pas d'adrénaline.;0;17;29;1;0;0;0;0;3.2;0;1;0;0;0;0;
318;Défi à la douleur (PvP);Schmerz trotzen (PvP);Pose de combat d'élite. Pendant 20 secondes, vous avez 90..300 points de vie supplémentaires et bénéficiez d'un bonus d'armure de +20.;1;17;29;1;0;0;0;0;4.8;0;1;0;0;0;0;
319;Course;Ansturm;Pose de combat. Pendant 8..20 secondes, vous courez 25% plus vite.;1;17;29;1;0;0;0;0;3.2;0;0;0;0;0;0;
320;Coupe-jarret;Lähmung;Attaque à l'épée. Si cette attaque réussit, la cible est frappée d'Infirmité pendant 3..15 secondes et ses mouvements sont ralentis.;0;20;10;1;0;5;0;10;0;0;0;0;0;0;0;
321;Coup sauvage;Rundumschlag;Attaque au corps à corps. Perte de toute l'adrénaline. Si l'attaque réussit, vous portez un coup critique et la pose utilisée par la cible prend fin. Cette attaque ne peut pas être bloquée.;0;-1;3;1;0;5;0;8;0;0;0;0;0;0;0;
322;Attaque puissante;Kraftangriff;Attaque au corps à corps. Cette attaque inflige +10..40 points de dégâts si elle réussit.;0;17;3;1;0;5;0;3;0;0;0;0;0;0;0;
323;Frappe désespérée;Verzweiflungsschlag;Attaque au corps à corps. Si cette attaque réussit, vous infligez +10..40 points de dégâts et la cible est affectée par une des conditions suivantes : Blessure profonde (pendant 20 secondes), Faiblesse (pendant 20 secondes), Saignement (pendant 25 secondes) ou Infirmité (pendant 15 secondes). Vous êtes assommé après une Frappe désespérée.;1;21;3;1;0;5;0;7;0;0;0;0;0;0;0;
324;Frisson de victoire;Rausch des Sieges;Attaque au corps à corps. Si ce coup réussit, il inflige +20..40 points de dégâts. Si vous disposez de plus de points de vie que la cible ennemie, vous obtenez 1..2 décharges d'adrénaline.;0;21;3;1;0;5;0;8;0;0;0;0;0;0;0;
325;Coup de diversion;Ablenkungsschlag;Attaque au corps à corps. Vous agitez votre arme devant l'ennemi sans lui infliger de dégâts, mais vous interrompez son action (et les actions des ennemis qui lui sont adjacents).;0;-1;3;1;0;5;.5;10;0;0;0;0;0;0;0;
326;Attaque du protecteur;Schlag des Beschützers (PvP);Attaque au corps à corps. Si cette attaque frappe un ennemi en mouvement, vous infligez 10..40 points de dégâts supplémentaires.;1;17;3;1;0;5;.5;6;0;0;0;0;0;0;0;
327;Frappe du griffon;Greifenschlag;Attaque au corps à corps. Si cette attaque réussit, vous infligez +5..20 points de dégâts. Si elle est bloquée, la cible est assommée et subit 10..34 points de dégâts.;1;17;3;1;0;5;0;8;0;0;0;0;0;0;0;
328;Frappe pure;Reiner Schlag;Attaque à l'épée. Si la Frappe pure réussit, vous infligez +1..30 points de dégâts. Si vous n'utilisez pas de pose, la Frappe pure ne peut pas être bloquée.;1;20;10;1;0;5;0;8;0;0;0;0;0;0;0;
329;Brise-crâne;Schädel spalten;Attaque au corps à corps d'élite. Si cette attaque réussit, elle interrompt l'action en cours de la cible. Si cette dernière incantait un sort, elle subit Stupeur pendant 15 secondes.;1;-1;3;1;0;0;.25;0;6;0;1;0;0;0;0;
330;Hache cyclone;Zyklonaxt;Attaque à la hache. Attaque tournoyante à la hache qui inflige +4..12 points de dégâts à tous les ennemis adjacents.;0;18;4;1;0;5;0;4;0;0;0;0;0;0;0;
331;Coup de marteau;Hammerstreich;Attaque au marteau. Perte de toute l'adrénaline. Si le Coup de marteau réussit, la cible est assommée.;0;19;8;1;0;0;0;0;5.2;0;0;0;0;0;0;
332;Attaque du taureau;Bullenstoß;Attaque au corps à corps. Si cette attaque frappe un ennemi en déplacement, vous infligez +5..30 points de dégâts et la cible est assommée.;0;17;3;1;0;5;0;10;0;0;0;0;0;0;0;
333;Je vous vengerai !;Ich werde Euch rächen!;Cri. Pour chaque allié mort, votre vitesse d'attaque augmente de 25% et vous bénéficiez d'une régénération de santé de +3..7 pendant 10 secondes.;1;17;20;1;0;5;0;45;0;0;0;0;0;0;0;
334;Ratissage;Harkenaxt;Attaque à la hache. Si cette attaque frappe un ennemi souffrant d'une Blessure profonde, vous infligez +4..16 points de dégâts et la cible est frappée d'Infirmité pendant 15 secondes.;0;18;4;1;0;0;0;0;4.8;0;0;0;0;0;0;
335;Clivage;Spalten;Attaque à la hache d'élite. Si cette attaque porte, vous infligez +10..40 points de dégâts et frappez jusqu'à 1..2 ennemis adjacents, qui subissent 10..40 points de dégâts tranchants.;0;18;4;1;0;0;0;0;3.2;0;1;0;0;0;0;
336;Frappe du bourreau;Henkerschlag;Attaque à la hache. Cette attaque inflige +15..45 points de dégâts si elle réussit.;0;18;4;1;0;0;0;0;7;0;0;0;0;0;0;
337;Démembrement;Zerstückeln;Attaque à la hache. Si cette attaque à la hache réussit, vous infligez une Blessure profonde qui réduit la santé maximum de la cible de 20% pendant 5..20 secondes.;0;18;4;1;0;0;0;0;4.8;0;0;0;0;0;0;
338;Eviscération;Ausweiden;Attaque à la hache d'élite. Si l'Eviscération réussit, vous infligez +10..45 points de dégâts et une Blessure profonde qui réduit la santé maximum de la cible de 20% pendant 5..20 secondes.;1;18;4;1;0;0;0;0;8;0;1;0;0;0;0;
339;Coup pénétrant;Durchdringender Schlag;Attaque à la hache. Si cette attaque réussit, vous infligez +10..25 points de dégâts. Cette attaque à la hache a 20% de pénétration d'armure.;1;18;4;1;0;0;0;0;4.8;0;0;0;0;0;0;
340;Taillade d'interruption;Unterbrechender Hieb;Attaque à la hache. Si elle réussit, cette attaque interrompt l'action de la cible. S'il s'agissait d'une compétence, celle-ci devient inutilisable pendant 20 secondes de plus.;0;18;4;1;0;0;0;0;5;0;0;0;0;0;0;
341;Coup rapide;Schneller Hieb;Attaque à la hache. Cette attaque inflige +1..20 points de dégâts si elle réussit. En cas de blocage de Coup rapide, l'ennemi visé subit 1..20 points de dégâts et Blessure profonde pendant 20 secondes.;0;18;4;1;0;5;0;4;0;0;0;0;0;0;0;
342;Hache tournante;Axtdrehung;Attaque à la hache. Si cette attaque frappe un ennemi souffrant d'une Blessure Profonde, vous infligez 5..25 points de dégâts supplémentaires et la cible est prise de Faiblesse pendant 20 secondes.;1;18;4;1;0;0;0;0;4.8;0;0;0;0;0;0;
343;"Pour la justice !" (PvP);"Für höhere Gerechtigkeit!" (PvP);Cri. Pendant 8 secondes, chaque fois que vous réussissez une attaque, vous obtenez 1 décharges d'adrénaline supplémentaires.;0;-1;20;1;0;5;0;45;0;0;0;0;0;0;0;
344;Rafale;Schauer;Pose de combat. Pendant 5 secondes, votre vitesse d'attaque augmente de 33%, mais vous infligez 25% de dégâts en moins.;1;-1;29;1;0;5;0;5;0;0;0;0;0;0;0;
345;Pose défensive;Verteidigungshaltung;Pose de combat. Pendant 1..5 secondes, vous avez 75% de chances de bloquer les attaques au corps à corps et les projectiles. Lorsque la Pose défensive prend fin, vous obtenez une décharge d'adrénaline pour chaque compétence d'attaque au corps à corps dont vous disposez (maximum de 0..4 décharges).;0;21;29;1;0;0;0;8;4.8;0;0;0;0;0;0;
346;Frénésie;Raserei (PvP);Pose de combat. Pendant 8 secondes, vous attaquez 33% plus vite, mais vous subissez 200..150% de dégâts.;0;17;29;1;0;5;0;4;0;0;0;0;0;0;0;
347;Résistance à la douleur;Schmerz ertragen;Compétence. Pendant 7..18 secondes, vous avez 90..300 points de vie supplémentaires.;0;17;1;1;0;5;0;30;0;0;0;0;0;0;0;
348;"Prenez garde !" (PvP);"Passt auf Euch auf!" (PvP);Cri. Les membres du groupe à portée de voix bénéficient d'un bonus d'armure de +5..25 pendant 10 secondes. Ce cri prend fin au bout de 1..3 attaques reçues.;0;21;20;1;0;0;0;4;3.2;0;0;0;0;0;0;
349;Sprint;Sprinten;Pose de combat. Pendant 8..14 secondes, vous courez 25% plus vite.;0;17;29;1;0;5;0;15;0;0;0;0;0;0;0;
350;Coup ventral;Bauchklatscher;Attaque au marteau. Si cette attaque frappe un ennemi assommé, le nuage de poussière soulevé aveugle les ennemis adjacents pendant 3..7 secondes.;1;19;8;1;0;5;1;10;0;0;0;0;0;0;0;
351;Coup puissant;Mächtiger Schlag;Attaque au marteau. Cette attaque inflige +10..40 points de dégâts si elle réussit.;0;19;8;1;0;0;0;0;6.4;0;0;0;0;0;0;
352;Coup écrasant;Vernichtender Schlag;Attaque au marteau. Si cette attaque réussit, vous infligez +1..20 points de dégâts. Si vous frappez un ennemi assommé, vous lui infligez une Blessure profonde qui réduit sa santé maximum de 20% pendant 5..20 secondes.;1;19;8;1;0;5;0;10;0;0;0;0;0;0;0;
353;Swing brutal;Grober Schwung;Attaque au marteau. Attaque tous les ennemis adjacents. La cible ennemie subit 1..20 points de dégâts.;1;19;8;1;0;5;0;5;0;0;0;0;0;0;0;
354;Marteau pilon;Erdrüttler;Attaque au marteau d'élite. L'ennemi ciblé et tous les ennemis adjacents sont assommés (50% de risques d'échec avec Maîtrise du marteau 4 ou moins).;1;19;8;1;0;0;0;0;8;0;1;0;0;0;0;
355;Marteau dévastateur;Verheerender Hammer;Attaque au marteau d'élite. Si l'attaque du Marteau dévastateur réussit, la cible est assommée et frappée de Faiblesse pendant 5..20 secondes.;0;19;8;1;0;0;0;0;6.4;0;1;0;0;0;0;
356;Coup impérieux;Brutaler Schlag;Attaque au marteau. Si cette attaque réussit, vous infligez +5..20 points de dégâts. Si elle est bloquée, la cible est assommée et subit 5..20 points de dégâts.;0;19;8;1;0;5;0;6;0;0;0;0;0;0;0;
357;Contrecoup;Gegenschlag;Attaque au marteau. Si cette attaque frappe un ennemi en combat, il est assommé.;0;19;8;1;0;0;0;0;4;0;0;0;0;0;0;
358;Brise-échine;Rückenbrecher;Attaque au marteau d'élite. Si le Brise-échine réussit, vous infligez +1..20 points de dégâts et la cible est assommée. Si vous avez 8 points en Force ou plus, cet assommement dure 4 secondes.;1;19;8;1;0;0;0;0;8.8;0;1;0;0;0;0;
359;Coup de brute;Heftiger Schlag;Attaque au marteau. Perte de toute l'adrénaline. Si cette attaque frappe un ennemi souffrant de Faiblesse, il est assommé et vous infligez +1..30 points de dégâts.;0;19;8;1;0;0;0;0;4.8;0;0;0;0;0;0;
360;Coup de boutoir;Umwerfender Schlag;Attaque au marteau. Si cette attaque au marteau réussit, la cible est frappée de Faiblesse pendant 5..20 secondes.;0;19;8;1;0;0;1;0;3.2;0;0;0;0;0;0;
361;Sceau de dolyak;Dolyak-Siegel;Sceau. Pendant 8..20 secondes, vous gagnez +10..40 de bonus d'armure et vous ne pouvez pas être assommé, mais vos mouvements sont ralentis de 75%.;1;17;21;1;0;0;0;20;0;0;0;0;0;0;0;
362;Adresse du Guerrier;Verschlagenheit des Kriegers;Compétence. Pendant 5..11 secondes, vos attaques au corps à corps ne peuvent pas être bloquées.;0;17;1;1;0;10;0;60;0;0;0;0;0;0;0;
363;Coup de bouclier;Heftiger Schildschlag;Compétence. Pendant 5..11 secondes, si vous utilisez un bouclier, la prochaine compétence d'attaque au corps à corps utilisée contre vous sera bloquée, votre attaquant sera assommé et sa compétence sera inutilisable pendant 15 secondes supplémentaires.;0;17;1;1;0;5;0;20;0;0;0;0;0;0;0;
364;Chargez !;Angriff!;Cri d'élite. Tous les alliés à portée de voix perdent la condition d'Infirmité. Pendant 5..13 secondes, tous les alliés se déplacent 33% plus vite.;0;21;20;1;0;5;0;20;0;0;1;0;0;0;0;
365;"A moi la victoire !";Der Sieg ist mein!;Cri d'élite. Vous gagnez 10..68 points de vie et 3..7 points d'énergie pour chaque condition qui affecte l'ennemi ciblé.;1;21;20;1;0;5;0;10;0;0;1;0;0;0;0;
366;Craignez-moi !;Fürchtet mich!;Cri. Tous les ennemis à proximité perdent 2..6 points d'énergie. Pendant 1..15 secondes, vos attaques au corps à corps ont +5..30% de chances d'infliger un coup critique contre les ennemis immobiles.;1;21;20;1;0;0;0;4;3.2;0;0;0;0;0;0;
367;Levez les boucliers !;Schilde hoch!;Cri. Pendant 5..11 secondes, tous les membres du groupe à portée de voix et vous-même bénéficiez d'un bonus d'armure de +60 contre les projectiles qui vous sont lancés.;0;21;20;1;0;10;0;30;0;0;0;0;0;0;0;
368;Je survivrai !;Ich überlebe!;Cri. Vous bénéficiez de +3 points de régénération de santé pour chaque condition dont vous souffrez. Cette régénération cesse au bout de 5..11 secondes.;1;17;20;1;0;5;0;30;0;0;0;0;0;0;0;
370;Pose du berserker;Berserkerhaltung;Pose de combat. Pendant 8..14 secondes, vous attaquez 33% plus vite et gagnez 100% d'adrénaline en plus. La Pose du Berserker prend fin si vous utilisez une compétence.;0;17;29;1;0;10;0;10;0;0;0;0;0;0;0;
371;Pose d'équilibre;Ausgeglichene Haltung;Pose de combat. Pendant 8..20 secondes, vous ne pouvez pas être assommé et vous ne subissez pas de dégâts supplémentaires en recevant une attaque critique.;0;21;29;1;0;5;0;30;0;0;0;0;0;0;0;
372;Défense du gladiateur;Gladiatoren-Verteidigung;Pose de combat d'élite. Pendant 5..11 secondes, vous avez 75% de chances de bloquer les attaques. A chaque fois que vous bloquez une attaque au corps à corps de cette manière, l'attaquant subit 5..35 points de dégâts.;1;21;29;1;0;5;0;20;0;0;1;0;0;0;0;
373;Déviation des flèches;Pfeilablenkung;Pose de combat. Pendant 1..6 secondes, vous avez 75% de chances de bloquer les attaques. Si vous bloquez un projectile, les ennemis adjacents souffrent de Saignement pendant 5..15 secondes.;1;21;29;1;0;0;0;12;4.8;0;0;0;0;0;0;
374;Endurance du Guerrier (PvP);Ausdauer des Kriegers (PvP);Pose de combat d'élite. Pendant 5..35 secondes, vous gagnez 3 points d'énergie pour chaque attaque au corps à corps réussie. L'Endurance du Guerrier ne peut pas faire grimper votre énergie au-delà de 10..25.;1;17;29;1;0;5;0;30;0;0;1;0;0;0;0;
375;Pose de combat des Nains;Zwergen-Kampfhaltung;Pose de combat d'élite. Pendant 5..11 secondes, si vous utilisez un marteau, votre vitesse d'attaque est augmentée de 33%, vous gagnez un bonus d'armure de +40, et vos compétences d'attaque interrompent les ennemis quand elles réussissent.;1;17;29;1;0;5;0;20;0;0;1;0;0;0;0;
376;Pose de discipline;Disziplinierte Haltung;Pose de combat. Pendant 1..4 secondes, vous bénéficiez d'un bonus d'armure de +10 et vous avez 75% de chances de bloquer les attaques. La Pause de discipline prend fin si vous utilisez une compétence d'adrénaline.;1;21;29;1;0;5;0;15;0;0;0;0;0;0;0;
377;Pose prudente;Wachsame Haltung;Pose de combat. Pendant 1..6 secondes, vous bloquez toutes les compétences d'attaque lancées contre vous. Pour chaque attaque bloquée, vous gagnez de l'adrénaline et 5 points d'énergie. La Pose prudente prend fin si vous utilisez une compétence.;1;21;29;1;0;10;0;10;0;0;0;0;0;0;0;
378;Pose du bouclier;Schildhaltung;Pose de combat. Pendant 1..6 secondes, si vous utilisez un bouclier, vous avez 75% de chances de bloquer les attaques lancées contre vous, et les dégâts sont réduits de 2 pour chaque rang en Force (maximum de 15 points de réduction de dégâts).;1;21;29;1;0;5;0;15;0;0;0;0;0;0;0;
379;Charge du taureau;Angriff des Bullen;Pose de combat d'élite. Pendant 1..7 secondes, vous vous déplacez 50% plus vite et, si vous touchez un ennemi en déplacement au corps à corps, vous l'assommez. La Charge du taureau prend fin si vous utilisez une compétence.;1;17;29;1;0;5;0;12;0;0;1;0;0;0;0;
380;Défense de Bonetti;Bonettis Verteidigung;Pose de combat. Pendant 5..11 secondes, vous avez 75% de chances de bloquer les attaques au corps à corps et les projectiles. Vous gagnez 5 points d'énergie pour chaque attaque de mêlée bloquée. La Défense de Bonetti prend fin si vous utilisez une compétence.;1;21;29;1;0;0;0;0;8;0;0;0;0;0;0;
381;Cent lames;Hundert Klingen (PvP);Compétence élite. Pendant 15 secondes, à chaque fois que vous attaquez avec une épée, tous les ennemis adjacents subissent 10..30 points de dégâts tranchants.;0;20;1;1;0;5;0;20;0;0;1;0;0;0;0;
382;Tranche-artère;Arterienabtrennung;Attaque à l'épée. Si cette attaque réussit, l'ennemi sera victime de Saignements pendant 5..25 secondes et perdra progressivement des points de vie.;0;20;10;1;0;0;0;0;3;0;0;0;0;0;0;
383;Taillade de Galrath;Galrath-Hieb;Attaque à l'épée. Cette attaque inflige +1..40 points de dégâts si elle réussit.;1;20;10;1;0;0;0;0;7;0;0;0;0;0;0;
384;Entaille;Schnittwunde;Attaque à l'épée. Si cette attaque frappe un ennemi affecté par le Saignement, vous lui infligez 5..20 points de dégâts supplémentaires et une Blessure profonde qui réduit sa santé maximum de 20% pendant 5..20 secondes.;0;20;10;1;0;0;0;0;5;0;0;0;0;0;0;
385;Botte fatale;Endstoß;Attaque à l'épée. Perte de toute l'adrénaline. Si la Botte fatale touche sa cible, vous infligez 5..40 points de dégâts supplémentaires. Ces dégâts sont doublés si la cible a moins de 50% de ses points de vie.;0;20;10;1;0;0;0;0;8;0;0;0;0;0;0;
386;Lame chercheuse;Suchende Klinge;Attaque à l'épée. Si cette attaque réussit, vous infligez +1..20 points de dégâts. Si elle est bloquée, la cible est prise de Saignement pendant 25 secondes et subit 1..20 points de dégâts.;0;20;10;1;0;5;0;4;0;0;0;0;0;0;0;
387;Riposte;Entgegnung;Compétence. Pendant 8 secondes, si vous avez une épée en main, vous bloquez la prochaine attaque au corps à corps et votre attaquant subit 20..80 points de dégâts.;1;21;1;1;0;0;0;0;3.2;0;0;0;0;0;0;
388;Riposte mortelle;Tödliche Entgegnung;Compétence. Pendant 8 secondes, si vous avez une épée en main, vous bloquez la prochaine attaque au corps à corps contre vous, l'attaquant subit 15..90 points de dégâts et souffre de Saignement pendant 3..25 secondes.;1;21;1;1;0;5;0;10;0;0;0;0;0;0;0;
389;Prospérité;Blütezeit;Compétence élite. Toutes vos compétences d'attaque sont rechargées. Vous gagnez 2..7 points d'énergie pour chaque compétence rechargée par la Prospérité.;1;17;1;1;0;5;1;8;0;0;1;0;0;0;0;
390;Taillade sauvage;Wilder Hieb;Attaque à l'épée. Si cette attaque réussit, elle interrompt l'action de la cible ennemie. Si cette action était un sort, vous infligez 1..40 points de dégâts supplémentaires.;0;20;10;1;0;5;.5;10;0;0;0;0;0;0;0;
391;Tir du chasseur;Jägerschuss;Attaque à l'arc. Si le Tir du chasseur réussit, votre cible souffre de Saignement pendant 3..25 secondes.;0;25;2;2;0;5;1;10;0;0;0;0;0;0;0;
392;Immobilisation;Festnageln;Attaque à l'arc. Si l'Immobilisation réussit, la cible est frappée d'Infirmité pendant 3..15 secondes.;0;25;2;2;0;15;0;8;0;0;0;0;0;0;0;
393;Tir incapacitant;Verkrüppelungs-Schuss (PvP);Attaque à l'arc d'élite. Si le Tir incapacitant réussit, la cible est frappée d'Infirmité pendant 4..14 secondes. Cette attaque ne peut être bloquée.;1;25;2;2;0;10;0;2;0;0;1;0;0;0;0;
394;Tir puissant;Kraftschuss;Attaque à l'arc. Si le Tir puissant réussit, l'ennemi visé subit 25..50 points de dégâts.;0;25;2;2;0;10;0;3;0;0;0;0;0;0;0;
395;Tir de barrage;Sperrfeuer;Attaque à l'arc d'élite. Toutes vos préparations sont annulées. Vous décochez des flèches sur l'ennemi visé et jusqu'à 5 ennemis adjacents à votre cible. Ces flèches infligent +5..20 points de dégâts si elles font mouche.;0;25;2;2;0;5;0;1;0;0;1;0;0;0;0;
396;Tir double;Doppelschuss;Attaque à l'arc. Vous tirez deux flèches sur l'ennemi visé. Ces flèches infligent 25% moins de dégâts.;0;-1;2;2;0;10;0;10;0;0;0;0;0;0;0;
397;Tir rapide;Schnellschuss;Attaque à l'arc d'élite. Vous décochez une flèche qui se déplace deux fois plus vite.;0;-1;2;2;0;5;.5;1;0;0;1;0;0;0;0;
398;Attaque pénétrante (PvP);Durchbohr-Angriff (PvP);Attaque à l'arc. Si l'Attaque pénétrante réussit, vous infligez +5..15 points de dégâts et cette attaque offre une pénétration d'armure de 10%.;1;25;2;2;0;10;1;4;0;0;0;0;0;0;0;
399;Tir de diversion;Ablenk-Schuss;Attaque à l'arc. Si le Tir de diversion réussit, il interrompt l'action de la cible mais n'inflige que 1..16 points de dégâts. Si l'ennemi utilisait une compétence, celle-ci est inutilisable pendant 20 secondes de plus.;0;23;2;2;0;5;.5;10;0;0;0;0;0;0;0;
400;Tir de précision;Präzisionsschuss;Attaque à l'arc. Si le Tir de précision réussit, vous infligez +3..10 points de dégâts. Le Tir de précision ne peut pas être bloqué. Cette action peut facilement être interrompue.;0;25;2;2;0;10;1;6;0;0;0;0;0;0;0;
402;Tir déterminé;Entschlossener Schuss;Attaque à l'arc. Si le Tir déterminé réussit, vous infligez +5..20 points de dégâts. S'il échoue toutes vos compétences d'attaques seront rechargées.;0;25;2;2;0;5;0;10;0;0;0;0;0;0;0;
403;Tir ciblé;Ankündigungs-Schuss;Attaque à l'arc. Vous décochez une flèche qui se déplace trois fois plus rapidement et qui ne peut pas être bloquée.;0;-1;2;2;0;5;0;3;0;0;0;0;0;0;0;
404;Flèche empoisonnée;Giftpfeil;Attaque à l'arc d'élite. Si la Flèche empoisonnée touche sa cible, elle est empoisonnée pendant 5..20 secondes.;1;24;2;2;0;5;0;1;0;0;1;0;0;0;0;
405;Tir du serment;Eidschuss;Attaque à l'arc d'élite. Si le Tir du serment réussit, toutes vos compétences (à part celle-ci) se rechargent. S'il est raté, toutes vos compétences sont inutilisables pendant 10..4 secondes (50% de risques d'échec avec une Expertise de 7 ou inférieur).;1;23;2;2;0;10;0;25;0;0;1;0;0;0;0;
406;Tir débilitant;Entkräftungs-Schuss;Attaque à l'arc. Si le Tir débilitant réussit, la cible perd 1..10 points d'énergie.;0;25;2;2;0;10;0;10;0;0;0;0;0;0;0;
407;Tir à bout portant;Kurzdistanzschuss;Attaque à l'arc. Vous tirez une flèche dont la portée est réduite de moitié, mais qui inflige +10..40 points de dégâts.;1;23;2;2;0;5;0;3;0;0;0;0;0;0;0;
408;Coup cérébral;Erschütterungsschuss;Attaque à l'arc. Si le coup cérébral atteint un ennemi qui est en train de lancer un sort, celui-ci est interrompu et l'ennemi est frappé de Stupeur pendant 5..20 secondes. Cette attaque n'inflige que 1..16 points de dégâts.;0;25;2;2;0;25;.5;5;0;0;0;0;0;0;0;
409;Tir de représailles;Bestrafungs-Schuss;Attaque à l'arc d'élite. Si le Tir de représailles réussit, vous infligez 10..20 points de dégâts supplémentaires et l'action de la cible est interrompue.;1;25;2;2;0;10;.5;5;0;0;1;0;0;0;0;
411;Charme animal;Tier zähmen;Compétence. Charme l'animal visé. Une fois charmé, votre familier vous suivra tant que le charme animal sera équipé. Vous ne pouvez pas charmer un animal de 4 niveaux supérieur à vous.;0;22;1;2;0;10;10;0;0;0;0;0;0;0;0;
412;Cri de protection;Ruf des Schutzes;Cri. Pendant 120 secondes, votre familier bénéficie d'une réduction de dégâts de base de 5..20 points.;1;22;20;2;0;5;0;90;0;0;0;0;0;0;0;
415;Cri de hâte (PvP);Ruf der Eile (PvP);Cri. Pendant 30 secondes, votre familier bénéficie de 25% de vitesse d'attaque en plus et se déplace 25% plus vite.;0;22;20;2;0;10;0;25;0;0;0;0;0;0;0;
422;Renaissance animale;Tier wiederbeleben;Compétence. Vous ressuscitez tous les compagnons animaux alliés dans la zone. Ils reviennent à la vie avec 10..94% de santé.;1;22;1;2;0;5;.25;5;0;0;0;0;0;0;0;
423;Lien symbiotique;Symbiotisches Band;Cri. Pendant 120..300 secondes, la régénération de santé de votre animal augmente de 1..3 points et la moitié de tous les dégâts qui lui sont infligés vous sont transférés.;1;22;20;2;0;10;0;55;0;0;0;0;0;0;0;
424;Jet de terre;Dreck werfen;Compétence. L'ennemi touché et les ennemis adjacents sont aveuglés pendant 3..15 secondes.;0;23;1;2;0;5;1;30;0;0;0;0;0;0;0;
425;Esquive;Abducken;Pose de combat. Pendant 5..11 secondes, vous vous déplacez 33% plus vite et avez 27..75% de chances de bloquer les projectiles qui vous visent. L'Esquive cesse si vous attaquez.;1;23;29;2;0;5;0;30;0;0;0;0;0;0;0;
426;Tir sauvage;Wilder Schuss;Attaque à l'arc. Si le Tir sauvage réussit, l'action de la cible est interrompue. S'il s'agissait d'un sort, vous infligez 13..28 points de dégâts.;0;25;2;2;0;10;.5;5;0;0;0;0;0;0;0;
427;Sceau antidote;Gegengift-Siegel;Sceau. Vous guérit du Poison, de la Maladie, de l'Aveuglement et d'une autre condition.;0;-1;21;2;0;0;1;4;0;0;0;0;0;0;0;
428;Flèches incendiaires;Flammenpfeile;Attaque à l'arc d'élite. Vous lancez des flèches sur la cible ennemie et jusqu'à 2 ennemis autour de votre cible. Ces ennemis s'embrasent pendant 1..3 secondes.;1;24;2;2;0;5;0;5;0;0;1;0;0;0;0;
429;Flèches de Melandru;Melandrus Pfeile;Préparation d'élite. Pendant 18 secondes, vos flèches provoquent un Saignement de 3..25 secondes et infligent +8..28 points de dégâts si elles touchent une cible se trouvant sous un enchantement.;1;24;17;2;0;5;2;12;0;0;1;0;0;0;0;
430;Pari du tireur;Schützenwette;Préparation d'élite. Pendant 18 secondes, vous gagnez 5..10 points d'énergie quand vos flèches touchent leur cible, mais en perdez 10 si elles ratent leur objectif.;1;23;17;2;0;5;1;24;0;0;1;0;0;0;0;
431;Flèches de feu;Brandpfeile;Préparation. Pendant 24 secondes, vos flèches explosent à l'impact et infligent 3..18 points de dégâts du feu à la cible et aux ennemis adjacents.;1;24;17;2;0;10;2;12;0;0;0;0;0;0;0;
432;Lecture du vent (PvP);Wind lesen (PvP);Préparation. Pendant 24 secondes, vos flèches se déplacent deux fois plus vite.;0;25;17;2;0;5;2;12;0;0;0;0;0;0;0;
433;Flèches enflammées;Zündelpfeile;Préparation. Pendant 24 secondes, vos flèches infligent des dégâts du feu et causent 3..24 points de dégâts du feu en plus.;0;24;17;2;0;5;2;12;0;0;0;0;0;0;0;
434;Gaz suffocant;Würgegas;Préparation. Pendant 1..12 secondes, vos flèches infligent 1..8 points de dégâts en plus et répandent du Gaz suffocant à l'impact sur tous les ennemis adjacents. Le Gaz suffocant interrompt les ennemis lorsqu'ils tentent de lancer des sorts.;0;24;17;2;0;15;2;24;0;0;0;0;0;0;0;
435;Application de poison;Gift auftragen;Préparation. Dure 24 secondes. Pendant ce temps, les ennemis frappés par vos attaques physiques sont empoisonnés pendant 3..15 secondes.;0;24;17;2;0;15;2;12;0;0;0;0;0;0;0;
436;Bien-être animal (PvP);Tier erquicken (PvP);Compétence. Vous soignez votre familier de 40..120 points de vie. S'il est mort, il est ressuscité avec 10..58% de santé. Si vous utilisez Bien-être animal, votre familier vous accompagnera lors de vos déplacements.;0;22;1;2;0;10;1;1;0;0;0;0;0;0;0;
437;Assaut bestial;Bestiensprung;Attaque de familier. Votre familier tente un Assaut bestial qui infligera +5..20 points de dégâts. Si l'attaque touche un ennemi qui lance un sort, celui-ci sera assommé.;1;22;11;2;0;5;0;10;0;0;0;0;0;0;0;
438;Assaut de mutilation;Verkrüppelungs-Schlag;Attaque de familier. Votre compagnon animal tente une Frappe estropiante qui inflige +5..20 points de dégâts. Si cette attaque porte, cet ennemi subit Infirmité pendant 3..15 secondes.;0;22;11;2;0;10;0;5;0;0;0;0;0;0;0;
439;Coup barbare;Wilder Ausfall;Attaque de familier. Votre familier tente un Coup barbare qui infligera +5..35 points de dégâts. S'il touche un ennemi qui attaque, celui-ci sera pris de Saignements pendant 5..25 secondes.;1;22;11;2;0;5;0;10;0;0;0;0;0;0;0;
440;Assaut de charognard;Aasfresser-Schlag;Attaque de familier. Votre familier tente un Assaut de charognard qui inflige +10..25 points de dégâts. Si cette attaque touche un ennemi qui souffre d'une condition, vous obtenez 3..15 points d'énergie.;0;22;11;2;0;5;0;10;0;0;0;0;0;0;0;
441;Assaut de Melandru (PvP);Melandrus Angriff (PvP);Attaque de familier. Votre familier tente un Assaut de Melandru qui inflige +5..20 points de dégâts. Si cette attaque frappe un ennemi sous l'effet d'un enchantement, cet ennemi, ainsi que tous les ennemis adjacents, subissent +5..35 points de dégâts;1;22;11;2;0;10;0;5;0;0;0;0;0;0;0;
442;Attaque féroce;Wilder Schlag;Attaque de familier d'élite. Votre familier tente une Attaque féroce qui inflige +13..28 points de dégâts. Si cette attaque réussit, vous gagnez de l'adrenaline et 3..10 points d'énergie.;0;22;11;2;0;5;0;8;0;0;1;0;0;0;0;
443;Coup du prédateur;Raubtier-Sprung;Attaque de familier. Votre familier tente un Coup du prédateur qui inflige +5..35 points de dégâts. Si cette attaque réussit, votre familier bénéficiera de 5..50 points de vie.;1;22;11;2;0;5;0;5;0;0;0;0;0;0;0;
444;Coup brutal;Schonungsloser Schlag;Attaque de familier. Votre familier tente un Coup brutal qui inflige +5..35 points de dégâts. Si cette attaque touche un ennemi dont la santé est inférieure à 50%, cet ennemi subira +5..35 points de dégâts en plus.;1;22;11;2;0;10;0;5;0;0;0;0;0;0;0;
445;Attaque d'interruption;Unterbrechender Ausfall;Attaque de familier. Votre familier tente une attaque d'interruption qui inflige +1..12 points de dégâts. Si cette attaque touche un ennemi utilisant une compétence, cette dernière est inutilisable pendant 20 secondes de plus.;0;22;11;2;0;5;0;10;0;0;0;0;0;0;0;
446;Onguent des trolls;Trollsalbe;Compétence. Pendant 13 secondes, vous bénéficiez d'une régénération de santé de +3..10.;0;24;1;2;0;5;3;10;0;0;0;0;0;0;0;
447;Cri d'Otyugh;Otyughs Schrei (PvP);Cri. Pendant 5..15 secondes, votre familier bénéficie d'un bonus d'armure de +24 et ne peut pas être bloqué.;1;22;20;2;0;5;0;30;0;0;0;0;0;0;0;
448;Evasion (PvP);Flucht (PvP);Pose de combat d'élite. Pendant 1..8 secondes, vous vous déplacez 33% plus vite et avez 75% de chances de bloquer les attaques. L'Evasion prend fin si vous effectuez une attaque au corps à corps.;0;23;29;2;0;5;0;12;0;0;1;0;0;0;0;
449;Pose de pratique;Geübte Haltung;Pose de combat d'élite. Pendant 20..35 secondes, vos préparations se rechargent 50% plus vite et durent 30..300% plus longtemps.;1;23;29;2;0;5;0;15;0;0;1;0;0;0;0;
450;Tourbillon défensif;Wirbelverteidigung;Pose de combat. Pendant 8..20 secondes, vous avez 75% de chances de bloquer les attaques. Bloquer un projectile de la sorte infligera 5..11 points de dégâts aux ennemis adjacents.;0;23;29;2;0;10;0;60;0;0;0;0;0;0;0;
451;Résistance de Melandru;Melandrus Belastbarkeit;Pose de combat d'élite. Pendant 8..20 secondes, votre régénération de santé est de +4 et votre régénération d'énergie de +1 point pour chaque condition et maléfice dont vous souffrez.;1;24;29;2;0;5;0;15;0;0;1;0;0;0;0;
452;Défenses du Drider;Dryders Verteidigungen;Pose de combat. Pendant 5..11 secondes, vous avez 75% de chances de bloquer les attaques et bénéficiez d'un bonus d'armure de 34..60 contre les dégâts élémentaires.;1;24;29;2;0;5;0;60;0;0;0;0;0;0;0;
453;Réflexes foudroyants (PvP);Blitzreflexe (PvP);Pose de combat. Pendant 5..11 secondes, vous avez 75% de chances de bloquer les attaques au corps à corps et les projectiles. Vous attaquez aussi 33% plus vite.;0;23;29;2;0;10;0;45;0;0;0;0;0;0;0;
454;Fureur du tigre;Wut des Tigers;Pose de combat. Toutes vos compétences qui ne sont pas des attaques sont inutilisables pendant 5 secondes. Pendant 5..11 secondes, vous attaquez 25% plus vite.;1;22;29;2;0;10;0;10;0;0;0;0;0;0;0;
455;Chasseur de tempêtes;Sturmjäger;Pose de combat. Pendant 8..20 secondes, vous vous déplacez 25% plus vite et vous bénéficiez de 1..5 points d'énergie quand vous subissez des dégâts des éléments.;0;24;29;2;0;10;0;20;0;0;0;0;0;0;0;
456;Vitesse du serpent;Schlangen-Schnelligkeit;Pose de combat. Pendant 15..30 secondes, le temps de rechargement de vos compétences est réduit de 33%. La Vitesse du serpent cesse si vous perdez plus de 50% de vos points de vie.;1;24;29;2;0;5;0;45;0;0;0;0;0;0;0;
457;Piège à poussière;Staubfalle;Piège. Quand le Piège à poussière se déclenche, chaque seconde (sur un total de 5 secondes), tous les ennemis à proximité sont aveuglés pendant 3..8 secondes et subissent 10..25 points de dégâts. Vous pouvez être facilement interrompu lorsque vous activez cette compétence. Elle prend fin après 90 secondes.;1;24;30;2;0;25;2;30;0;0;0;0;0;0;0;
458;Piège barbelé;Stachelfalle;Piège. Quand le Piège barbelé se déclenche, tous les ennemis proches de la zone d'effet subissent 7..23 points de dégâts perforants et sont frappés d'Infirmité et de Saignement pendant 3..25 secondes. Le Piège barbelé fonctionne pendant 90 secondes. Vous pouvez être facilement interrompu lorsque vous utilisez cette compétence.;0;24;30;2;0;10;2;20;0;0;0;0;0;0;0;
459;Piège de flammes;Flammenfalle;Piège. Quand le Piège de flammes se déclenche, tous les ennemis proches de la zone d'effet subissent 5..20 points de dégâts du feu chaque seconde (pendant 3 secondes) et s'embrasent pendant 1..3 secondes. Le Piège de flammes se termine au bout de 90 secondes. Vous pouvez être facilement interrompu lorsque vous utilisez cette compétence.;0;24;30;2;0;10;2;20;0;0;0;0;0;0;0;
460;Source de guérison;Heilquelle;Piège. Pendant 10 secondes, tous les alliés adjacents sont soignés de 15..60 points de vie toutes les 2 secondes. Cette action peut facilement être interrompue.;1;24;30;2;0;10;2;20;0;0;0;0;0;0;0;
461;Piège à pointes;Dornenfalle;Piège d'élite. Quand le Piège à pointes se déclenche, toutes les secondes (pendant 2 secondes au total), tous les ennemis à proximité subissent 10..40 points de dégâts perforants, sont frappés d'Infirmité pendant 3..25 secondes et sont assommés. Le Piège à pointes prend fin au bout de 90 secondes. Vous pouvez être facilement interrompu lorsque vous utilisez cette compétence.;0;24;30;2;0;10;2;20;0;0;1;0;0;0;0;
462;Hiver;Winter;Rituel de la nature. Crée un esprit de niveau 1..10. Pour les créatures dans sa portée, tous les dégâts élémentaires sont transformés en dégâts du froid. Cet esprit disparaît au bout de 30..240 secondes.;1;24;19;2;0;5;2;60;0;0;0;0;0;0;0;
463;Vannage;Trennung;Rituel de la nature. Crée un esprit de niveau 1..10. Les créatures (sauf les esprits) dans sa portée subissent 4 points de dégâts supplémentaires chaque fois qu'elles reçoivent des dégâts physiques. Cet esprit disparaît au bout de 30..240 secondes.;0;24;19;2;0;5;2;60;0;0;0;0;0;0;0;
464;Voie d'extinction;Rand der Auslöschung;Rituel de la nature. Crée un esprit de niveau 1..10. Si une créature (autre qu'un esprit) dans sa portée meurt, la Voie d'extinction inflige 14..50 points de dégâts à toutes les créatures de même type qui ont moins de 90% de santé et sont à portée de l'esprit. Cet esprit disparaît au bout de 30..240 secondes.;1;22;19;2;0;5;2;60;0;0;0;0;0;0;0;
465;Grand brasier;Großflächenbrand;Rituel de la nature d'élite. Crée un esprit de niveau 1..10. Pour les créatures dans sa portée n'étant pas des esprits, tous les dégâts physiques sont transformés en dégâts du feu. Cet esprit disparaît au bout de 30..240 secondes.;1;24;19;2;0;5;2;15;0;0;1;0;0;0;0;
466;Brasier;Feuersbrunst;Rituel de la nature. Crée un esprit de niveau 1..10. Pour les créatures (autres que des esprits) se trouvant dans sa portée, toutes vos flèches qui touchent leur objectif infligent des dégâts du feu. Cet esprit disparaît au bout de 30..240 secondes.;2;24;19;2;0;5;2;60;0;0;0;0;0;0;0;
467;Saison fertile;Fruchtbare Jahreszeit;Rituel de la nature. Crée un esprit de niveau 1..10. Les créatures n'étant pas des esprits dans sa portée ont +50..150 de santé maximum et bénéficient d'un bonus d'armure de +8. Cet esprit disparaît au bout de 15..90 secondes.;1;22;19;2;0;15;2;60;0;0;0;0;0;0;0;
468;Symbiose;Symbiose;Rituel de la nature. Crée un esprit de niveau 1..10. Pour chaque enchantement lancé sur une créature autre qu'un esprit dans sa portée, celle-ci bénéficie de +27..150 de santé maximum. Cet esprit disparaît au bout de 30..240 secondes.;1;22;19;2;0;5;2;60;0;0;0;0;0;0;0;
469;Echos primitifs;Urechos;Rituel de la nature. Crée un esprit de niveau 1..10. Pour les créatures dans sa portée (sauf les esprits), l'utilisation des sceaux coûte 10 points d'énergie. Cet esprit disparaît au bout de 30..240 secondes.;0;22;19;2;0;5;2;60;0;0;0;0;0;0;0;
470;Saison des prédateurs;Jagdsaison;Rituel de la nature. Crée un esprit de niveau 1..10. Pour les créatures dans sa portée autres que des esprits, la guérison est réduite de 20%. Si vos attaques réussissent, vous gagnerez 5 points de vie. Cet esprit disparaît au bout de 30..240 secondes.;1;22;19;2;0;5;2;60;0;0;0;0;0;0;0;
471;Terre gelée;Eisboden;Rituel de la nature. Crée un esprit de niveau 1..10. Les créatures autres que des esprits dans sa portée ne peuvent pas activer de compétences de résurrection. Cet esprit meurt au bout de 30..180 secondes.;1;24;19;2;0;10;2;30;0;0;0;0;0;0;0;
472;Vents favorables;Günstige Winde;Rituel de la nature. Crée un esprit de niveau 1..10. Pour les créatures à sa portée (sauf les esprits), les flèches volent deux fois plus vite et infligent +6 points de dégâts. Cet esprit disparaît au bout de 30..240 secondes.;0;25;19;2;0;5;2;60;0;0;0;0;0;0;0;
474;Vent énergisant;Treibwind;Rituel de la nature. Crée un esprit de niveau 1..6. Pour les créatures dans sa portée autres que des esprits, toutes les compétences coûtent 15 points d'énergie en moins (coût minimum de 10 points) et se rechargent 25% moins vite. Cet esprit disparaît au bout de 1..60 secondes.;0;22;19;2;0;15;2;60;0;0;0;0;0;0;0;
475;Zéphyr véloce;Beschleunigender Zephyr;Rituel de la nature. Crée un esprit de niveau 1..10. Pour les créatures dans sa portée autres que des esprits, toutes les compétences se rechargent deux fois plus vite et leur utilisation consomme 30% du coût en énergie de base. Cet esprit disparaît au bout de 15..90 secondes.;0;24;19;2;0;25;2;60;0;0;0;0;0;0;0;
476;Renouveau de la nature;Erneuerung der Natur (PvP);Rituel de la nature. Create a level 1..10 spirit. For 30..240 seconds, enchantments and hexes cast by non-spirit creatures take 50..75% longer to cast, and it costs twice as much Energy to maintain enchantments. This spirit dies after 30..240 seconds.;0;24;19;2;0;5;2;60;0;0;0;0;0;0;0;
477;Terrain boueux;Schlammiges Terrain;Rituel de la nature. Crée un esprit de niveau 1..10. Toutes les créatures dans sa portée autres que des esprits se déplacent 10% moins vite et les augmentations de vitesse n'ont pas d'effet. Cet esprit disparaît au bout de 30..180 secondes.;1;24;19;2;0;5;2;30;0;0;0;0;0;0;0;
570;Marque d'insécurité;Zeichen der Unsicherheit;Maléfice d'élite. Pendant 5..25 secondes, la cible ennemie souffre d'une dégénération de santé de -1..5, et les enchantements et poses de combat sur cet ennemi prennent fin 20..60% plus vite. Toutes vos compétences autres que celles d'Assassin sont désactivées pendant 5 secondes.;3;30;24;7;0;5;1;10;0;0;1;0;0;0;0;
571;Dague d'interruption;Unterbrechender Dolch;Sort. Vous envoyez une Dague d'interruption sur la cible ennemie qui inflige 10..35 points de dégâts de la terre. Si cet ennemi était en train d'activer une compétence, celle-ci est interrompue. Sa portée est la moitié de celle d'un sort normal.;3;30;22;7;0;5;.25;10;0;0;0;0;0;0;0;
572;Paradoxe mortel;Tödliches Paradoxon;Pose de combat. Toutes vos compétences d'attaques sont inutilisables pendant 10 secondes. Pendant 5..15 secondes, vos compétences d'Assassin s'activent et se rechargent 33% plus vite.;3;30;29;7;0;15;0;10;0;0;0;0;0;0;0;
763;Regard ictérique;Neidvoller Blick;Enchantement. Dissipe un enchantement de la cible ennemie. Si un enchantement a été dissipé, pendant les 1..20 prochaines secondes, l'incantation de votre prochain enchantement est réduite de 0..1 secondes et coûte 1..10 points d'énergie en moins.;2;4;23;4;0;5;1;15;0;0;0;0;0;0;0;
764;Complainte Funeste;Schicksalsklage;Maléfice d'élite. Pendant 2..6 secondes, toutes les caractéristiques de la cible ennemie se remettent à 0.;2;6;24;4;0;1;.25;15;0;10;1;0;0;0;0;
766;Regard du mépris;Verächtlicher Blick;Sort. Si la cible visée possède plus de 50% de santé, elle perd tous ses enchantements.;2;-1;22;4;0;10;2;10;0;0;0;0;0;0;0;
769;Défense de la vipère;Verteidigung der Viper;Sort. Tous les ennemis adjacents sont empoisonnés pendant 5..20 secondes. Vous faites une Foulée de l'ombre jusqu'à une position proche directement opposée à votre cible.;2;31;22;7;0;5;.25;10;0;0;0;0;0;0;0;
770;Retour;Rückkehr;Sort. Tous les ennemis adjacents souffrent d'Infirmité pendant 3..8 secondes. Vous faites une Foulée de l'ombre jusqu'à la position de l'allié visé.;2;31;22;7;0;5;.25;15;0;0;0;0;0;0;0;
771;Aura de déplacement;Aura der Verschiebung;Enchantement d'élite. Lorsque vous lancez l'Aura de déplacement, vous faites une Foulée de l'Ombre vers l'ennemi ciblé. Lorsque vous cessez d'utiliser l'Aura de déplacement, vous retournez à votre position d'origine.;2;-1;23;7;-1;5;.25;20;0;0;1;0;0;0;0;
772;Tsungrai était généreux;Großzügig war Tsungrai;Sort d'altération d'objet. Vous tenez les cendres de Tsungrai pendant un maximum de 15..60 secondes et vous bénéficiez de +50..140 points de vie. Lorsque vous les déposez, vous bénéficiez de 100..280 points de vie.;2;33;25;8;0;5;1;15;0;10;0;0;0;0;0;
773;Vorizon était puissant;Mächtig war Vorizun;Sort d'altération d'objet. Vous tenez ses cendres jusqu'à un maximum de 15..60 secondes. Pendant ce temps, vous bénéficiez d'un bonus d'armure de +15 et d'un maximum d'énergie de +30.;2;32;25;8;0;5;2;30;0;0;0;0;0;0;0;
775;Efflorescence mortelle (PvP);Todesblüte (PvP);Attaque ambidextre. Doit succéder à une attaque main gauche. Si elle réussit, l'Efflorescence mortelle inflige +20..45 points de dégâts à l'ennemi visé et 20..45 points de dégâts à tous les ennemis adjacents.;2;29;7;7;0;5;0;6;0;0;0;0;0;0;0;
776;Crocs incisifs;Schlangenzähne;Attaque ambidextre. Doit succéder à une attaque main gauche. Si l'attaque réussit, elle inflige +10..20 points de dégâts et l'ennemi touché est pris de Saignements et souffre de Blessure profonde pendant 5..20 secondes.;2;35;7;7;0;10;0;15;0;0;0;0;0;0;0;
777;Cornes du boeuf;Hörner des Ochsen;Attaque ambidextre. Doit succéder à une attaque main gauche. Si l'attaque réussit, elle inflige +1..11 points de dégâts. Si l'ennemi touché n'est adjacent à aucun de ses alliés, il est assommé.;2;29;7;7;0;5;0;12;0;0;0;0;0;0;0;
778;Retombée arachnide;Fallende Spinne;Attaque main gauche. Doit toucher un ennemi assommé. Si elle réussit, la Retombée arachnide inflige +15..35 points de dégâts et l'ennemi visé est empoisonné pendant 5..20 secondes.;2;29;6;7;0;5;0;8;0;0;0;0;0;0;0;
779;Coup du lotus noir;Schwarzer Lotus-Stoß;Attaque main droite. Si le coup du lotus réussit, il inflige +10..31 points de dégâts. Si la cible ennemie souffre d'un maléfice, vous gagnez 5..13 points d'énergie.;2;35;5;7;0;5;0;6;0;0;0;0;0;0;0;
780;Crocs du renard (PvP);Reißzähne des Fuchses (PvP);Attaque main gauche. Doit succéder à une attaque main droite. Crocs du renard est une attaque impossible à bloquer . elle inflige +10..25 points de dégâts si elle réussit.;2;29;6;7;0;5;.5;6;0;0;0;0;0;0;0;
781;Frappe de Moebius;Möbiusstoß;Attaque main gauche d'élite. Doit succéder à une attaque d'ambidextrie. Si elle réussit, la Frappe de Moebius inflige +10..35 points de dégâts. Si vous touchez un ennemi dont la santé est inférieure à 50%, toutes vos autres compétences d'attaque seront rechargées.;2;29;6;7;0;5;0;2;0;0;1;0;0;0;0;
782;Coup déchiqueteur;Gezackter Stoß;Attaque main droite. Si le Coup déchiqueteur réussit, la cible sera prise de Saignements pendant 5..20 secondes.;2;29;5;7;0;5;.5;2;0;0;0;0;0;0;0;
783;Attaque sournoise;Unvermuteter Stoß;Attaque main droite. Si l'attaque réussit, vous infligez +19..31 points de dégâts. Si votre cible possède plus de 90% de sa santé, vous lui infligez 15..75 points de dégâts supplémentaires.;2;35;5;7;0;10;0;2;0;0;0;0;0;0;0;
784;Enlacement reptilien;Schlingnatter;Sort. L'Enlacement reptilien doit succéder à une attaque main droite. La cible ennemie est assommée. Elle est empoisonnée pendant 5..20 secondes.;2;30;22;7;0;10;1;20;0;0;0;0;0;0;0;
785;Stigmate mortel;Zeichen des Todes;Maléfice. Pendant 4..10 secondes, l'ennemi visé reçoit 50% de guérison en moins.;2;30;24;7;0;10;.25;20;0;0;0;0;0;0;0;
786;Paume d'acier;Eiserne Handfläche;Compétence. La cible ennemie touchée subit 5..50 points de dégâts, et si elle souffre d'une condition ou d'un maléfice, elle est assommée. Cette compétence est considérée comme une attaque main droite.;2;30;1;7;0;5;.75;20;0;0;0;0;0;0;0;
787;Arme résistante;Unverwüstliche Waffe;Sort d'altération d'arme. Pendant 3..12 secondes, la cible (un allié ou vous-même) possède l'Arme résistante. Pendant qu'elle souffre d'un maléfice ou d'une condition, cette cible bénéficie d'une régénération de santé de +1..6 et d'un bonus d'armure de +24.;2;33;27;8;0;10;1;6;0;0;0;0;0;0;0;
788;Mingson était aveugle;Blind war Mingson;Sort d'altération d'objet. Vous tenez les cendres de Mingson pendant un maximum de 15..60 secondes. Lorsque vous les déposez, tous les ennemis proches sont aveuglés pendant 3..8 secondes.;2;33;25;8;0;5;1;20;0;0;0;0;0;0;0;
789;Kuurong était avide;Erfassend war Kuurong;Sort d'altération d'objet d'élite. Vous tenez les cendres de Kuurong pendant un maximum de 15..60 secondes. Lorsque vous les déposez, tous les ennemis adjacents reçoivent 15..75 points de dégâts et sont assommés.;2;34;25;8;0;15;1.5;25;0;0;1;0;0;0;0;
790;Khanhei était revanchard;Nachtragend war Khanhei;Sort d'altération d'objet d'élite. Vous tenez les cendres de Khanhei pendant 5..11 secondes. Chaque fois qu'un ennemi vous touche au combat pendant que vous tenez les cendres, vous absorbez 10..45 points de vie à l'ennemi.;2;33;25;8;0;5;.75;15;0;0;1;0;0;0;0;
791;Chair de ma chair (PvP);Fleisch von meinem Fleisch (PvP);Sort. Vous perdez la moitié de vos points de vie. Vous ressuscitez le membre du groupe ciblé avec le nombre de points de vie actuel dont vous disposez et 5..20% d'énergie.;2;33;22;8;0;5;4;6;0;0;0;0;0;0;0;
792;Arme à fragmentation (PvP);Splitterwaffe (PvP);Sort d'altération d'arme. Pendant 20 secondes, la cible (un allié ou vous-même) possède une Arme à fragmentation. 1..5 de ses prochaines attaques réussies infligent 5..40 points de dégâts à 4 ennemis adjacents maximum.;2;34;27;8;0;5;1;8;0;0;0;0;0;0;0;
793;Arme de protection (PvP);Waffe der Abwehr (PvP);Sort d'altération d'arme. Pendant 3..8 secondes, la cible (un allié ou vous-même) possède une Arme de protection qui lui confère une régénération de santé de +2..4 et 50% de chances de bloquer les attaques. L'Arme de protection prend fin si la cible attaque.;2;33;27;8;0;10;1;8;0;0;0;0;0;0;0;
794;Arme des doléances;Klagende Waffe;Sort d'altération d'arme. Pendant 3..14 secondes, la cible (un allié ou vous-même) a l'arme des doléances en sa possession. Chaque fois que l'Arme des doléances touche un ennemi qui attaque, celui-ci est interrompu.;2;34;27;8;0;5;1;15;0;0;0;0;0;0;0;
795;Arme du tourment;Alptraumwaffe;Sort d'altération d'arme. Pendant 12 secondes, la cible (un allié ou vous-même) possède une Arme du tourment. Les prochaines attaques (au nombre de 3) de la cible (un allié ou vous-même) infligent 10..50 points de dégâts en moins et absorbent jusqu'à 10..50 points de vie.;2;34;27;8;0;5;1;10;0;0;0;0;0;0;0;
799;Mirage brumeux;Verführerischer Dunst;Sort d'élite. Vous faites une Foulée de l'ombre jusqu'à la cible ennemie. Elle sera frappée de Stupeur pendant 3..9 secondes.;2;31;22;7;0;10;.25;20;0;0;1;0;0;0;0;
800;Toxine immuable;Dauerhaftes Toxin;Maléfice. Pendant 5 secondes, la cible ennemie souffre d'une dégénération de santé de -1..5. Si cet ennemi est en mouvement lorsque la Toxine immuable doit prendre fin, elle durera pendant encore 5 secondes.;2;30;24;7;0;5;.25;10;0;0;0;0;0;0;0;
801;Linceul du silence;Schleier des Schweigens;Maléfice d'élite. Tous vos sorts sont inutilisables pendant 15 secondes. Pendant 1..6 secondes, la cible ennemie touchée ne peut pas lancer de sorts.;2;30;24;7;0;10;.75;30;0;0;1;0;0;0;0;
802;Vaines défenses;Verteidigungen aufdecken;Maléfice. Pendant 1..11 secondes la cible ennemie ne peut pas bloquer vos attaques.;2;30;24;7;0;5;1;25;0;0;0;0;0;0;0;
803;Buveur d'énergie;Kraftfresser;Maléfice d'élite. Si l'ennemi visé lance un sort ou un chant, celui-ci est interrompu et pendant 10 secondes, à chaque fois que cet ennemi lance un sort, vous lui volez jusqu'à 5..15 points d'énergie.;2;3;24;5;0;5;.25;20;0;0;1;0;0;0;0;
804;Alanguissement arcane;Arkane Schwäche;Maléfice d'élite. Pendant 1..10 secondes, tous les sorts lancés par l'ennemi visé entraînent un Afflux de 10.;2;0;24;5;0;10;2;15;0;0;1;0;0;0;0;
805;Animation d'horreur vampirique;Vampirschreck beleben;Sort. Utilisez le cadavre le plus près pour animer une Horreur vampirique de niveau 1..17. A chaque fois que l'horreur vampirique sous votre contrôle inflige des dégâts, vous récupérez la même quantité en points de vie.;2;5;22;4;0;10;1;15;0;0;0;0;0;0;0;
806;Ferveur de l'adepte;Eifer des Sektierers;Enchantement d'élite. Pendant 5 secondes et 3 secondes supplémentaires par rang de Moisson des âmes, les sorts de Nécromant que vous lancez vous coûtent -1..6 points d'énergie, mais vous souffrez de Saignement pendant 10 secondes à chaque fois que vous les lancez.;2;4;23;4;0;5;1;15;0;0;1;0;0;0;0;
808;Empreinte du Faucheur;Zeichen des Schnitters;Maléfice d'élite. Pendant 30 secondes, la cible ennemie souffre d'une dégénération de santé de -1..5. Si elle meurt sous l'effet de l'Empreinte du Faucheur, vous bénéficiez de 5..15 points d'énergie.;3;6;24;4;0;5;1;10;0;0;1;0;0;0;0;
809;Brise-roc;Trümmerstein;Maléfice d'élite. La cible ennemie subit 25..100 points de dégâts du froid, se déplace 66% plus lentement et souffre du maléfice Brise-roc pendant 3 secondes. Lorsqu'il prend fin, cet ennemi et tous ceux à proximité subissent 25..100 points de dégâts du froid.;2;11;24;6;0;10;2;8;0;0;1;0;0;0;0;
810;Défense du protecteur;Verteidigung des Beschützers (PvP);Compétence. Pendant 4..8 secondes, les alliés adjacents à votre position ont 75% de chances de bloquer les attaques. La défense du protecteur prend fin si vous bougez.;2;21;1;1;0;5;0;30;0;0;0;0;0;0;0;
811;Course unique;Gemeinsam rennen;Pose de combat. Pendant 5..15 secondes, vous et votre familier vous déplacez 25% plus vite.;2;22;29;2;0;5;0;15;0;0;0;0;0;0;0;
812;Xinrae était rebelle;Trotzig war Xinrae;Sort d'altération d'objet d'élite. Vous tenez les cendres de Xinrae pendant un maximum de 15..60 secondes. Pendant ce temps, vous ne pouvez pas perdre plus de 20% de votre santé maximum par attaque. Lorsque vous déposez ses cendres, vous volez 5..50 points de vie à tous les ennemis à proximité.;2;33;25;8;0;5;1;20;0;0;1;0;0;0;0;
813;Aura de Lyssa;Lyssas Aura;Enchantement d'élite. Pendant 10 secondes, vous bénéficiez d'une régénération d'énergie de +0..5. Cet enchantement se réapplique chaque fois que vous lancez un sort sur un ennemi.;2;3;23;5;0;5;1;30;0;0;1;0;0;0;0;
814;Refuge ombreux;Schattenzuflucht;Enchantement. Pendant 6 secondes, vous bénéficiez d'une régénération de santé de +5..10. Lorsque le Refuge Ombreux se termine, vous gagnez 40..100 points de vie si vous attaquez.;2;31;23;7;0;5;1;8;0;0;0;0;0;0;0;
815;Attache de Scorpion;Skorpiondraht;Maléfice. Pendant 8..20 secondes, la prochaine fois que vous et l'ennemi ciblé êtes séparés de plus de 22 mètres, vous vous téléportez jusqu'à cet ennemi, qui sera alors assommé. La portée de ce sort est la moitié de celle d'un sort normal.;2;30;24;7;0;5;1;10;0;0;0;0;0;0;0;
816;Imitation de pose;Gespiegelte Haltung;Maléfice. Pendant 10..35 secondes, chaque fois que la cible ennemie adopte une pose de combat, vous prenez la même pose.;2;31;24;7;0;5;.25;15;0;0;0;0;0;0;0;
817;Discorde (PvP);Zwietracht (PvP);Sort d'élite. Si la cible ennemie souffre d'une condition et est affectée par un maléfice ou un enchantement, elle subit 30..110 points de dégâts.;2;5;22;4;0;5;2;2;0;0;1;0;0;0;0;
818;Puits de Lassitude;Brunnen der Müdigkeit;Sort de puits. Exploitez le cadavre visé ou sacrifiez 66% de santé pour créer un Puits de lassitude pendant 10..55 secondes. Les ennemis se trouvant dans ce puits subissent une dégénération d'énergie de -1.;2;7;28;4;0;5;1;5;0;0;0;0;0;0;0;
819;Esprit vampirique;Vampirgeist;Enchantement d'élite. Vous volez jusqu'à 15..60 points de vie à la cible ennemie. Pendant 10 secondes, vous bénéficiez d'une régénération de santé de +5..10.;2;4;23;4;0;5;1;8;0;0;1;0;0;0;0;
820;Dépravation;Verderbtheit;Maléfice d'élite. Pendant 5..20 secondes, chaque fois qu'une cible ennemie lance un sort, cet ennemi et un ennemi à proximité perdent 1..5 points d'énergie.;3;7;24;4;0;10;1;15;0;0;1;0;0;0;0;
821;Veines glaciales;Eisadern;Maléfice d'élite. La cible ennemie souffre de 10..90 points de dégâts du froid. Pendant 10..35 secondes, si la cible ennemie meurt, tous les ennemis à proximité souffrent de 20..110 points de dégâts du froid.;2;6;24;4;0;10;1;5;0;0;1;0;0;0;0;
822;Genoux flageolants;Weiche Knie;Maléfice d'élite. Pendant 1..16 secondes, la cible ennemie souffre d'une dégénération de santé de -1..4 et subit 5..20 points de dégâts en se déplaçant.;2;7;24;4;0;5;1;5;0;0;1;0;0;0;0;
823;Vélocité Incandescente;Brennende Eile;Enchantement. Pendant 7 secondes, votre vitesse est augmentée et vous vous déplacez 30..45% plus vite. Lorsque la Vélocité Incandescente prend fin, tous les ennemis à proximité s'embrasent pendant 3..9 secondes.;2;10;23;6;0;10;.25;0;0;0;0;0;0;0;0;
824;Flèches de Lave;Lavapfeile;Sort. Les Flèches de Lave se dirigent vers un maximum de 3 ennemis proches de votre cible et infligent 20..65 points de dégâts du feu si elles atteignent leur cible.;2;10;22;6;0;5;1;2;0;0;0;0;0;0;0;
825;Lit de Braise;Kohlenbett;Sort. Vous créez un Lit de Braise sur la position de l'ennemi. Pendant 5 secondes, les ennemis adjacents à l'ennemi visé subissent 5..29 points de dégâts du feu par seconde. Les ennemis renversés sur le Lit de Braise s'embrasent pendant 3..7 secondes.;2;10;22;6;0;10;1;15;0;0;0;0;0;0;0;
826;Silhouette (PvP);Schattenform (PvP);Enchantement d'élite. Pendant 5..15 secondes, tous les sorts hostiles qui vous sont lancés échouent et toutes les attaques contre vous manquent. Lorsque la compétence prend fin, il ne vous reste que 5..50 points de vie.;2;31;23;7;0;10;1;60;0;0;1;0;0;0;0;
827;Siphon de force;Kraft abzapfen;Maléfice d'élite. Pendant 5..20 secondes, la cible ennemie inflige -5..50 points de dégâts avec ses attaques et toutes vos attaques contre cet ennemi ont 50% de chances supplémentaires d'être des coups critiques.;2;30;24;7;0;10;1;10;0;0;1;0;0;0;0;
828;Miasme insalubre;Fauler Gestank;Maléfice. L'ennemi visé subit 10..65 points de dégâts du froid. S'il est affecté par une condition, cet ennemi est touché par le maléfice Miasme insalubre et subit une dégénération de santé de -1..5 pendant 10 secondes.;2;5;24;4;0;10;1;15;0;0;0;0;0;0;0;
830;Lumière du jugement;Strahl des Urteils;Sort d'élite. Invoque Lumière de jugement sur la position de la cible ennemie. Pendant 5 secondes, les ennemis adjacents à cette position subissent 10..50 points de dégâts sacrés et s'embrasent pendant 1..3 secondes toutes les secondes.;2;14;22;3;0;10;1;15;0;0;1;0;0;0;0;
831;Rage primitive;Urzorn (PvP);Pose de combat d'élite. Pendant 1..9 secondes, vous attaquez 33% plus vite et vous vous déplacez 33% plus rapidement, mais vous subissez 200..150% de dégâts.;2;17;29;1;0;5;0;4;0;0;1;0;0;0;0;
832;Animation du Golem de chair;Fleischgolem beleben;Sort d'élite. Utilisez le cadavre le plus proche pour animer un Golem de chair de niveau 3..25. Ce Golem de chair laisse 1..4 cadavres que vous pourrez utiliser. Vous ne pouvez disposer que d'un seul Golem de chair à la fois.;2;5;22;4;0;10;1;30;0;0;1;0;0;0;0;
834;Extrême hâte;Rücksichtslose Hast;Maléfice. Pendant 6..12 secondes, la cible visée et tous les ennemis adjacents subissent les effets du maléfice Extrême hâte. Pendant ce temps, ils attaquent 25% plus vite mais ont 50% de chances de manquer leurs attaques.;2;7;24;4;0;15;1;12;0;0;0;0;0;0;0;
835;Lien du sang;Blutsbande;Maléfice. Pendant 3..12 secondes, la cible ennemie et tous les ennemis adjacents sont affectés par le Lien du sang. Chaque fois qu'un allié frappe l'un d'eux, cet allié gagne 5..20 points de vie. Si l'un de ces ennemis meurt alors qu'il est affecté par un maléfice, tous les alliés adjacents à cet ennemi reçoivent 20..100 points de vie.;2;4;24;4;0;5;1;8;0;0;0;0;0;0;0;
836;Chevauchée de l'éclair (PvP);Den Blitz reiten (PvP);Sort d'élite. Vous rejoignez la cible à la vitesse de l'éclair. Tous les ennemis adjacents sont aveuglés pendant 1..5 secondes. Si votre cible est un ennemi, il subit 10..70 points de dégâts de la foudre. Ce sort a une pénétration d'armure de 25%.;2;8;22;6;0;5;1;10;0;0;1;0;5;0;0;
837;Compagnon d'énergie;Energiesegen;Enchantement d'élite. Pendant 36..60 secondes, le Compagnon d'énergie augmente votre maximum de PV et celui de l'allié ciblé à raison de 1..3 par point d'énergie maximum de chacun. A la première application de cet enchantement, votre cible et vous gagnez 1..12 points d'énergie. Vous gagnez 1 point d'énergie supplémentaire tous les 2 points de Conservation d'énergie.;2;12;23;6;0;10;1;12;0;0;1;0;0;0;0;
838;Douleur de Dwayna;Dwaynas Leid;Enchantement. Pendant 30 secondes, la cible (un allié ou vous-même) et tous les alliés à proximité sont enchantés par la Douleur de Dwayna. Si un allié meurt sous les effets de l'enchantement, votre groupe est soigné de 5..50 points de vie.;2;13;23;3;0;5;1;5;0;0;0;0;0;0;0;
839;"Battez en retraite !";"Rückzug!";Cri. Si des alliés morts se trouvent à portée de voix, votre groupe se déplace 33% plus vite pendant 5..11 secondes.;2;21;20;1;0;5;0;20;0;0;0;0;0;0;0;
840;Coeur empoisonné;Vergiftetes Herz;Sort. Tous les ennemis à proximité et vous-même êtes empoisonnés pendant 5..15 secondes.;3;7;22;4;0;5;.25;12;0;0;0;0;0;0;0;
841;Humus fétide;Stinkender Boden;Sort. La cible ennemie subit 15..65 points de dégâts du froid. Si elle est assommée, la cible ennemie est empoisonnée pendant 5..20 secondes.;2;5;22;4;0;5;.75;10;0;0;0;0;0;0;0;
842;Arc foudroyant;Blitzbogen;Sort. La cible ennemie subit 5..40 points de dégâts de la foudre. Si vous êtes en état d'Afflux, deux ennemis prroches de l'ennemi visé subissent 15..85 points de dégâts de la foudre. Les dégâts infligés par l'Arc foudroyant ont 25% de pénétration d'armure.;2;8;22;6;0;5;1.5;8;0;0;0;0;0;0;0;
843;Rafale;Böe;Enchantement d'élite. Pendant 5..11 secondes, l'allié ciblé et vous-même vous déplacez 33% plus vite. Lorsque vous lancez ce sort, tous les ennemis adjacents à vous ou à votre cible subissent 15..70 points de dégâts de froid. Les ennemis touchés par Rafale alors qu'ils attaquent ou se déplacent sont renversés.;2;8;23;6;0;10;.75;15;0;0;1;0;0;0;0;
844;Bouleversement terrestre;Aufgeworfene Erde;Sort. Crée un Bouleversement terrestre sur la position de l'ennemi. Durant les 5 secondes qui suivent, Bouleversement terrestre inflige 10..40 points de dégâts de la terre par seconde aux ennemis à proximité de cette position. Tout ennemi se déplaçant plus vite que la normale lorsqu'il est touché par le Bouleversement terrestre est renversé.;2;9;22;6;0;15;2;30;0;0;0;0;0;0;0;
845;Flamme liquide;Flüssige Flamme;Sort. La cible ennemie subit 7..112 points de dégâts du feu. Si cet ennemi est en train d'attaquer ou de lancer un sort, les ennemis à proximité subissent aussi 7..112 points de dégâts du feu.;3;10;22;6;0;10;1;15;0;0;0;0;0;0;0;
846;Buée;Dampf;Sort. La cible ennemie subit 20..60 points de dégâts du froid. Si l'ennemi ciblé est en feu, la Buée l'aveugle pendant 5..10 secondes et il subit 20..60 points de dégâts du feu en plus.;3;11;22;6;0;5;1;8;0;0;0;0;0;0;0;
847;Sceau du compagnon;Siegel des Segens;Sceau d'élite. Soigne l'allié ciblé de 20..80 points de vie. Votre prochain sort de Prière de guérison ou de Prière de protection qui vise un allié soigne de 20..100 points de vie supplémentaires.;2;16;21;3;0;0;1;6;0;0;1;0;0;0;0;
848;Inversion de maléfice;Verhexung umkehren;Enchantement. Lève un maléfice qui frappe la cible. Si un maléfice a été supprimé de cette manière, pendant 5..10 secondes, la prochaine fois que la cible alliée subit des dégâts, ces derniers sont réduits de 5..50 points.;2;15;23;3;0;10;.25;10;0;0;0;0;0;0;0;
849;Taillade lacérante;Zerfetzender Hieb;Attaque à la hache. Si l'attaque réussit, vous infligez +5..20 points de dégâts. Si elle touche un ennemi assommé, celui-ci sera pris de Saignements pendant 5..20 secondes.;2;18;4;1;0;0;0;0;4.8;0;0;0;0;0;0;
850;Attaque féroce;Erbitterter Schlag;Attaque au marteau. Sii Attaque féroce réussit, elle inflige +5..20 points de dégâts. Si l'ennemi visé souffrait de Faiblesse, il souffre aussi à présent de Blessure profonde pendant 1..8 secondes.;2;19;8;1;0;0;0;0;5.6;0;0;0;0;0;0;
851;Attaque lunisolaire;Sonne-Mond-Hieb;Attaque à l'épée. Vous attaquez la cible deux fois. Ces attaques ne peuvent pas être bloquées.;2;20;10;1;0;0;0;0;8;0;0;0;0;0;0;
852;Tir de ricochet;Splitterschuss;Attaque à l'arc. Si Tir de ricochet réussit, vous infligez +3..15 points de dégâts. Si Tir de ricochet est bloqué, tous les ennemis à proximité de votre cible subissent 5..65 points de dégâts.;2;25;2;2;0;10;0;5;0;0;0;0;0;0;0;
853;Tir de Melandru;Melandrus Schuss (PvP);Attaque à l'arc d'élite. Si le Tir de Melandru réussit, votre cible souffre de Saignement pendant 5..25 secondes. Si le tir touche un ennemi en fuite ou assommé, ce dernier reçoit +10..25 points de dégâts et souffre d'Infirmité pendant 5..15 secondes.;2;25;2;2;0;5;1;12;0;0;1;0;0;0;0;
854;Attrape;Schlinge;Piège. Lorsque l'attrape est déclenchée, tous les ennemis à proximité sont frappés d'Infirmité pendant 3..15 secondes. L'attrape prend fin au bout de 90 secondes. Vous pouvez être facilement interrompu lorsque vous activez cette compétence.;2;24;30;2;0;5;1.5;15;0;0;0;0;0;0;0;
858;Valse des dagues;Tanzende Dolche;Sort. Vous lancez trois Valses des dagues contre la cible ennemie. Chacune inflige 5..35 points de dégâts de la terre si elle fait mouche. La portée de cette compétence est réduite de moitié. Cette compétence est considérée comme une attaque main droite.;2;30;22;7;0;5;1;5;0;0;0;0;0;0;0;
859;Conjuration de cauchemar;Alptraum beschwören;Maléfice. Pendant 2..16 secondes, la cible ennemie subit une dégénération de santé de -8.;2;1;24;5;0;15;1;5;0;0;0;0;0;0;0;
860;Sceau d'interruption;Siegel der Unterbrechung;Sceau. Si l'ennemi visé est en train de lancer un sort, celui-ci est interrompu et l'ennemi subit 10..51 points de dégâts. S'il est affecté par un maléfice, le Sceau d'Interruption peut interrompre toutes les compétences n'étant pas des sorts.;2;2;21;5;0;0;.25;15;0;0;0;0;0;0;0;
862;Regard féroce;Heißhungriger Blick;Sort d'élite. Inflige 20..40 points de dégâts et vole 20..40 points de vie à la cible ennemie et à tous les ennemis à proximité.;3;4;22;4;0;1;1;10;0;8;1;0;0;0;0;
863;Ordre d'apostasie;Orden der Abtrünnigkeit;Enchantement d'élite. Pendant 5 secondes, chaque fois qu'un membre du groupe inflige des dégâts physiques à un ennemi, celui-ci perd un enchantement. Pour chaque enchantement de Moine supprimé, vous perdez 10..3% de santé maximum.;2;7;23;4;0;25;2;0;0;0;1;0;0;0;0;
864;Regard de l'oppresseur;Repressiver Blick;Sort. La cible ennemie et les ennemis adjacents subissent 10..30 points de dégâts de l'ombre. Les ennemis déjà affectés par une condition sont Empoisonnés et Affaiblis pendant 3..12 secondes.;2;4;22;4;0;10;1;10;0;0;0;0;0;0;0;
865;Masse foudroyante (PvP);Blitzhammer (PvP);Sort. La cible ennemie subit 10..100 points de dégâts de la foudre. La Masse foudroyante a 25% de pénétration d'armure.;2;8;22;6;0;25;2;4;0;0;0;0;0;0;0;
866;Lame vaporeuse;Dunstklinge;Sort. La cible ennemie subit 15..135 points de dégâts du froid. Les dégâts de la Lame vaporeuse sont réduits de moitié si cet ennemi bénéficie d'un enchantement.;2;11;22;6;0;5;1.5;7;0;0;0;0;5;0;0;
867;Lumière rédemptrice;Heilendes Licht;Sort d'élite. Vous guérissez la cible (un allié ou vous-même) de 40..120 points de vie. Si votre cible est sous l'effet d'un enchantement, vous récupérez 1..3 points d'énergie.;2;13;22;3;0;5;.75;4;0;0;1;0;0;0;0;
869;"Froussard !";"Feigling!" (PvP);Cri d'élite. Si la cible ennemie est en mouvement, elle sera assommée.;2;-1;20;1;0;0;0;4;4;0;1;0;0;0;0;
870;Pestilence;Pestilenz;Rituel de la nature. Crée un esprit de niveau 1..10. Lorsqu'une créature autre qu'un esprit meurt dans sa portée, les conditions dont elle souffrait sont transmises à toutes les créatures dans la zone souffrant déjà d'une condition. Cet esprit disparaît au bout de 30..180 secondes.;3;24;19;2;0;5;2;60;0;0;0;0;0;0;0;
871;Mélodie des Ombres (PvP);Schattengesang (PvP);Rituel d'asservissement. Crée un esprit de niveau 1..6. Les attaques de l'esprit infligent +5..20 points de dégâts et entraînent l'Aveuglement pendant 1..6 secondes. Il meurt au bout de 30 secondes.;2;32;18;8;0;15;2;30;0;0;0;0;0;0;0;
876;Sceau des Ombres;Siegel der Schatten;Sceau. L'ennemi ciblé subit 5..35 points de dégâts. S'il était aveuglé, cet ennemi subira 15..60 points de dégâts en plus.;2;30;21;7;0;0;1;15;0;0;0;0;0;0;0;
877;Equilibre de Lyssa;Lyssas Ausgleich;Sort. La cible ennemie perd un enchantement. Si vous disposez de plus d'enchantements que la cible ennemie, cette compétence n'a aucun effet.;2;-1;22;5;0;5;1;15;0;0;0;0;0;0;0;
878;Visions de Regret (PvP);Visionen des Bedauerns (PvP);Maléfice d'élite. Pendant 10 secondes, la cible et les ennemis adjacents subissent 10..30 points de dégâts chaque fois qu'ils utilisent une compétence et 5..40 points de dégâts s'ils ne sont pas affectés par un autre maléfice d'Envoûteur.;3;2;24;5;0;10;2;30;0;0;1;0;0;0;0;
879;Illusion de douleur (PvP);Illusion der Schmerzen (PvP);Maléfice. Pendant 8 secondes, l'ennemi visé souffre d'une dégénération de santé de -3..10 et subit 3..10 points de dégâts par seconde. Quand l'Illusion de douleur prend fin ou se renouvelle, cet ennemi est soigné de 36..120 points de vie.;2;1;24;5;0;10;2;5;0;0;0;0;0;0;0;
880;Vol de vitesse (PvP);Gestohlene Eile (PvP);Maléfice d'élite. Pendant 1..10 secondes, le temps d'incantation des sorts de l'ennemi visé et de tous les ennemis adjacents est doublé. Le temps d'incantation des sorts que vous lancez sur ces ennemis visés est réduit de 50%.;2;0;24;5;0;5;1;12;0;0;1;0;0;0;0;
881;Sceau éthéré;Äther-Siegel;Sceau. Si vous avez moins de 5..10 points d'énergie, vous bénéficiez de 10..20 points d'énergie.;2;3;21;5;0;0;1;45;0;0;0;0;0;0;0;
882;Sceau de désenchantement;Siegel der Entzauberung;Sceau. Perte de toute l'énergie. L'ennemi ciblé perd un enchantement.;2;-1;21;5;0;0;1;15;0;0;0;0;0;0;0;
883;Aphonie;Stimmminderheit;Maléfice. Pendant 5..20 secondes, l'ennemi ciblé et tous les ennemis à proximité ne peuvent pas utiliser de cris ou chants;3;7;24;4;0;10;1;20;0;0;0;0;0;0;0;
884;Flammes virulentes;Versengende Flammen;Sort d'élite. L'ennemi ciblé et ceux à proximité sont frappés par des Flammes virulentes. Les ennemis déjà embrasés lors du lancement de cette compétence subissent 10..100 points de dégâts du feu. Les autres ennemis s'embrasent pendant 1..7 secondes.;3;10;22;6;0;15;1;2;0;0;1;0;0;0;0;
885;Gardien protecteur;Schildwächter (PvP);Enchantement. Pendant 1..4 secondes, tous les membres du groupe à portée de voix ont 75% de chances de bloquer les attaques. Le cas échéant, tous les alliés à proximité sont soignés de 10..35 points de vie et la compétence prend fin.;2;15;23;3;0;5;1.5;25;0;0;0;0;0;0;0;
886;Bise reposante;Beruhigender Hauch;Enchantement. Pendant 8..18 secondes, la ciblé visée (un allié ou vous-même) bénéficie d'une régénération de santé de +10. Cet enchantement prend fin si cette cible attaque ou utilise une compétence.;3;13;23;3;0;5;1;8;0;0;0;0;0;0;0;
887;Sceau de rajeunissement;Siegel der Verjüngung;Sceau. Soigne la cible (un allié ou vous-même) de 15..75 points de vie. Si celle-ci est en train de lancer un sort ou d'attaquer, elle est soignée de 15..75 points de vie supplémentaires.;2;13;21;3;0;0;1;8;0;0;0;0;0;0;0;
888;Hache tournoyante;Wirbelnde Axt;Attaque à la hache d'élite. Si Hache tournoyante réussit, vous infligez +5..20 points de dégâts et toute pose de combat utilisée par votre cible prend fin. Cette attaque ne peut pas être bloquée.;2;18;4;1;0;0;0;0;4;0;1;0;0;0;0;
889;Coup forcé;Energischer Schlag;Attaque au marteau d'élite. Si Coup forcé réussit, il inflige +10..30 points de dégâts et chaque pose utilisée par la cible prend fin. La cible ennemie est frappée de Faiblesse pendant 5..20 secondes. Cette attaque ne peut être bloquée.;2;19;8;1;0;0;0;0;4.8;0;1;0;0;0;0;
891;"Nul ne passera !";"Niemand darf vorbei!";Cri. Tous les ennemis à proximité en mouvement sont assommés. Cette compétence se recharge 1..8 secondes plus vite pour chaque ennemi assommé (maximum de 25 secondes).;2;21;20;1;0;5;0;45;0;0;0;0;0;0;0;
892;Lame vacillante;Zitternde Klinge;Attaque à l'épée d'élite. Si Lame vacillante réussit, vous infligez +10..40 points de dégâts. Si cette attaque touche un ennemi en déplacement, celui-ci est frappé de Stupeur pendant 10 secondes.;2;20;10;1;0;0;0;0;4;0;1;0;0;0;0;
893;Flèches chercheuses;Suchende Pfeile;Préparation. Pendant 3..14 secondes, vos flèches ne peuvent pas être bloquées. Flèches chercheuses prend fin si elle ne fait pas mouche.;2;25;17;2;0;10;2;15;0;0;0;0;0;0;0;
898;Surcharge;Überlastung;Maléfice. Pendant 5 secondes, l'ennemi ciblé subit -1..3 points de dégénération de santé. Si l'ennemi ciblé réussit à utiliser une compétence, Surtension lui inflige 15..75 points de dégâts ainsi que 75% de ces dégâts à tous les ennemis adjacents.;2;2;24;5;0;5;.25;5;0;0;0;0;0;0;0;
899;Images d'attrition;Bilder der Reue;Maléfice. Pendant 5..10 secondes, la cible visée souffre d'une dégénération de santé de -1..3. Si cet ennemi était en train d'attaquer, il subira 10..52 points de dégâts.;2;1;24;5;0;5;1;5;0;0;0;0;0;0;0;
900;Fardeau partagé (PvP);Geteilte Bürde (PvP);Maléfice d'élite. Pendant 5..20 secondes, la cible ennemie et tous les ennemis dans la zone attaquent, lancent des sorts et se déplacent 33% plus lentement.;2;1;24;5;0;10;2;20;0;0;1;0;0;0;0;
901;Lien des âmes;Seelenfessel;Maléfice d'élite. Pendant 30 secondes, chaque fois que la cible ennemie est guérie, le guérisseur subit 20..80 points de dégâts. Ce maléfice prend fin si la cible souffre d'un maléfice de Prières de Châtiment.;2;7;24;4;0;10;1;5;0;0;1;0;0;0;0;
902;Sang de l'agresseur;Blut des Aggressoren;Sort. Vous volez jusqu'à 5..45 points de vie à l'ennemi visé. Si cet ennemi était en train d'attaquer, il souffre de Faiblesse pendant 3..12 secondes.;3;4;22;4;0;5;1;5;0;0;0;0;0;0;0;
903;Prisme de glace;Eisprisma;Sort. La cible ennemie subit 15..75 points de dégâts du froid. Si cet ennemi est frappé d'un maléfice de la Magie de l'eau, Prisme de glace inflige +15..75 points de dégâts du froid à tous les ennemis à proximité.;2;11;22;6;0;5;1;5;0;0;0;0;5;0;0;
904;Hache de rage;Zornige Axt;Attaque à la hache. Si cette attaque réussit, elle inflige +5..35 points de dégâts. Si elle est bloquée, vous gagnez 3 décharges d'adrénaline.;2;18;4;1;0;5;0;6;0;0;0;0;0;0;0;
905;Coup propice;Günstiger Schlag (PvP);Attaque au marteau. Si Coup propice réussit, il inflige +5..20 points de dégâts et vous gagnez 2..4 points d'énergie. Si la cible ennemie souffre de Faiblesse, cette attaque ne peut être bloquée.;2;19;8;1;0;0;0;0;4.8;0;0;0;0;0;0;
906;"A genoux !";"Auf Eure Knie!";Cri. Vous perdez toute votre adrénaline. Si des cibles adjacentes sont assommées, toutes vos poses de combat se rechargent.;2;-1;20;1;0;0;0;0;6;0;0;0;0;0;0;
907;Taillade du dragon;Drachenhieb;Attaque à l'épée d'élite. Si l'attaque réussit, vous infligez +10..40 points de dégâts et gagnez 1..5 décharges d'adrénaline.;2;20;10;1;0;0;0;0;7;0;1;0;0;0;0;
908;Tir du maraudeur;Plünderer-Schuss;Attaque à l'arc. Si l'attaque réussit, cette attaque inflige +25..55 points de dégâts et toutes vos compétences n'étant pas des attaques restent inutilisables pendant 5 secondes.;2;25;2;2;0;5;0;6;0;0;0;0;0;0;0;
909;Tir focalisé;Scharfschuss;Attaque à l'arc. This shot moves three times faster, cannot be blocked, and strikes for +10..40 damage but all of your other attack skills are disabled for 8..4 seconds.;2;25;2;2;0;5;0;8;0;0;0;0;0;0;0;
910;Faille de l'esprit;Geisterriss;Sort. Ouvre une Faille de l'esprit sur la position de la cible ennemie. Après 3 secondes, tous les ennemis adjacents subissent 25..125 points de dégâts de la foudre et souffrent d'Armure brisée pendant 1..20 secondes.;2;34;22;8;0;10;2;5;0;0;0;0;0;0;0;
911;Union (PvP);Vereinigung (PvP);Rituel d'asservissement. Crée un esprit de niveau 1..8. A chaque fois qu'un allié à sa portée (autre qu'un esprit) subit des dégâts ou un vol de vie, ceux-ci sont réduits de 15 points et l'esprit subit 15 points de dégâts. Il disparaît au bout de 30..60 secondes.;2;32;18;8;0;15;3;45;0;0;0;0;0;0;0;
913;Tanasen était tranquille;Ruhig war Tanasen;Sort d'altération d'objet d'élite. Vous tenez les cendres de Tanasen jusqu'à un maximum de 5..20 secondes. Pendant ce temps, vous bénéficiez d'un bonus d'armure de +10..25 et vous ne pouvez pas être interrompu.;2;33;25;8;0;5;1;15;0;0;1;0;0;0;0;
914;Consommation des âmes;Seele verzehren;Sort d'élite. Vous volez 5..70 points de santé à l'ennemi ciblé. Toutes les créatures hostiles invoquées et à portée de voix de cet ennemi subissent 25..125 points de dégâts.;2;36;22;8;0;5;1;5;0;0;1;0;0;0;0;
915;Esprit illuminé;Geisterlicht;Sort. La cible (un allié ou vous-même) est soignée de 60..180 points de vie. Si des esprits se trouvent à portée de voix, vous ne sacrifiez pas de santé.;2;33;22;8;0;5;1;4;0;17;0;0;0;0;0;
916;Lamentation;Wehklage;Maléfice. L'ennemi visé et tous les ennemis à proximité subissent une dégénération de santé de -0..3 pendant 5..20 secondes. Si vous vous trouvez à portée de voix d'un esprit ou d'un cadavre lorsque ce maléfice est appliqué, ces ennemis subissent 10..50 points de dégâts.;2;34;24;8;0;10;1;15;0;0;0;0;0;0;0;
917;Rupture d'âme;Seele zerreißen;Sort. L'esprit allié ciblé est détruit. Tous les ennemis à proximité reçoivent 50..140 points de dégâts de la foudre et sont aveuglés pendant 3..12 secondes.;2;36;22;8;0;10;.75;5;0;0;0;0;0;0;0;
918;Esprit de chair;Geist zu Fleisch;Sort. L'esprit allié touché est détruit. Tous les alliés à proximité sont soignés de 30..240 points de vie.;2;36;22;8;0;10;.75;15;0;0;0;0;0;0;0;
919;Brûlure de l'esprit;Geisterbrand;Sort. La cible ennemie subit 5..50 points de dégâts de la foudre. Si des esprits se trouvent à portée de voix, Brûlure de l'esprit cause la Brûlure pendant 1..5 secondes.;2;34;22;8;0;5;1;6;0;0;0;0;0;0;0;
920;Destruction (PvP);Vernichtung (PvP);Rituel d'asservissement. Crée un esprit de niveau 1..10 qui meurt après 30 secondes. Lorsque cet esprit meurt, tous les ennemis dans la zone subissent 1..10 points de dégâts pour chaque seconde de vie de l'esprit (maximum de 150 points de dégâts).;2;34;18;8;0;10;3;20;0;0;0;0;0;0;0;
921;Dissonance (PvP);Missklang (PvP);Rituel d'asservissement. Crée un esprit de niveau 1..8. Celui-ci inflige 5..20 points de dégâts et toute personne touchée par cette attaque est interrompue. Il meurt au bout de 10..25 secondes.;2;32;18;8;0;25;2;30;0;0;0;0;0;0;0;
923;Désenchantement (PvP);Entzauberung (PvP);Rituel d'asservissement. Crée un esprit de niveau 1..8. Celui-ci inflige 5..20 points de dégâts et toute personne touchée par cette attaque perd un enchantement. Il meurt au bout de 15..40 secondes.;2;32;18;8;0;25;3;30;0;0;0;0;0;0;0;
925;Rappel;Rückruf;Enchantement. Pendant que vous maintenez le Rappel rien ne se passe. Lorsque le Rappel prend fin, vous faites une Foulée de l'Ombre jusqu'à la position de l'allié visé lors de l'activation de cette compétence et toutes vos compétences sont inutilisables pendant 3 secondes.;2;-1;23;7;-1;10;1;10;0;0;0;0;0;0;0;
926;Dagues affûtées;Dolche wetzen;Enchantement. Pendant 5..30 secondes, vos attaques à la dague infligent le Saignement pendant 5..15 secondes.;2;35;23;7;0;5;.5;20;0;0;0;0;0;0;0;
927;Peur honteuse;Schändliche Angst;Maléfice. Pendant 10 secondes, l'ennemi visé se déplace 10% plus vite que la normale. Pour chaque seconde où la cible est en mouvement, elle subit 5..20 points de dégâts.;2;30;24;7;0;10;1;10;0;0;0;0;0;0;0;
928;Linceul de l'Ombre;Schattenschleier (PvP);Maléfice d'élite. Pendant 2..7 secondes, l'ennemi visé ne peut pas être la cible d'enchantements.;2;31;24;7;0;5;.25;20;0;0;1;0;0;0;0;
929;Ombre de hâte;Schatten der Eile;Pose de combat. Pendant 10..40 secondes, vous vous déplacez 15% plus vite que la normale. Lorsqu'Ombre de hâte prend fin, vous retournez sur votre position d'origine.;2;31;29;7;0;5;0;45;0;0;0;0;0;0;0;
930;Incantation propice;Günstige Beschwörung;Enchantement. Pendant 20 secondes, le prochain sort que vous lancez est désactivé pendant 10..5 secondes supplémentaires et vous gagnez 110..200% de son coût en énergie.;2;3;23;5;0;5;1;20;0;0;0;0;0;0;0;
931;Retour de pouvoir;Kraftrevanche;Sort. Si l'ennemi visé lance un sort ou un chant, cette compétence est interrompue et l'ennemi visé bénéficie de 10..5 points d'énergie.;2;0;22;5;0;5;.25;7;0;0;0;0;0;0;0;
932;Complication;Erschweren;Sort. Si l'ennemi visé prépare une compétence, elle est interrompue et désactivée pour cet ennemi et tous les ennemis de la zone pendant 5..12 secondes supplémentaires.;2;2;22;5;0;10;.25;20;0;0;0;0;0;0;0;
933;Tempête destructrice;Sturm zerschlagen;Sort d'élite. La cible ennemie perd tous ses enchantements. Pour chaque enchantement levé de cette manière, la compétence est inutilisable pendant 7 secondes supplémentaires.;2;-1;22;5;0;10;1;0;0;0;1;0;0;0;0;
934;Sceau contre nature (PvP);Unnatürliches Siegel (PvP);Sceau. L'ennemi visé subit 10..60 points de dégâts. Si cet ennemi est sous l'effet d'un maléfice ou d'un enchantement, les ennemis adjacents à votre cible subissent 10..60 points de dégâts. Toutes vos compétences autres qu'Envoûteur sont désactivées pendant 10 secondes.;2;2;21;5;0;0;1;20;0;0;0;0;0;0;0;
935;Fiel;Hochkommende Galle;Maléfice. Pendant 20 secondes, ce maléfice n'a aucun effet. Lorsqu'il prend fin, l'ennemi visé et tous les ennemis dans la zone subissent 1..6 points de dégâts pour chaque seconde pendant lesquelles le Fiel est actif.;2;5;24;4;0;10;1;20;0;0;0;0;0;0;0;
936;Enchantements envenimés;Verzauberungen vergiften;Sort. La cible ennemie perd un enchantement. Pour chaque enchantement restant, la cible ennemie est empoisonnée pendant 3..10 secondes.;3;7;22;4;0;5;1;15;0;0;0;0;0;0;0;
937;Onde de choc;Stoßwelle;Sort d'élite. Tous les ennemis dans la zone subissent 15..60 points de dégâts de la terre et souffrent de Faiblesse pendant 1..10 secondes. Les ennemis proches subissent en outre 15..60 points de dégâts de la terre en plus et souffrent d'Armure brisée pendant 1..10 secondes. Les ennemis adjacents subissent les effets précédents plus 15..60 points de dégâts de la terre et sont aveuglés pendant 1..10 secondes.;2;9;22;6;0;10;1;15;0;0;1;0;0;0;0;
938;Protection de stabilité;Kreis der Stabilität;Sort de protection. Vous créez une Protection de stabilité sur votre position actuelle. Pendant 10..25 secondes, les alliés autres que les esprits ne peuvent pas être renversés.;2;9;26;6;0;10;1;30;0;0;0;0;0;0;0;
939;Chaînes de glace;Eisfesseln;Maléfice d'élite. Pendant 1..10 secondes, la vitesse de déplacement de la cible ennemie est réduite de 66%. Sous les effets d'un enchantement, la vitesse de déplacement de cet ennemi est réduite de 90%.;3;11;24;6;0;10;1;12;0;0;1;0;0;0;0;
941;Lumière divine;Gesegnetes Licht;Sort d'élite. Vous soignez la cible (un allié ou vous-même) de 10..120 points de vie et supprimez une condition et un maléfice.;2;16;22;3;0;5;.75;5;0;0;1;0;0;0;0;
942;Retrait de maléfices;Verhexungen zurücknehmen;Sort d'élite. Ôte tous les maléfices de la cible alliée et de tous les alliés adjacents. Ce sort met 2 secondes supplémentaires à se recharger pour chaque maléfice supprimé de cette manière. (50% de risques d'échec avec Faveur divine inférieure à 5.);2;16;22;3;0;5;1;5;0;0;1;0;0;0;0;
943;Extinction;Löschen;Sort. Supprime une condition de chaque membre du groupe. Si la condition supprimée est la Brûlure, la cible est soignée de 10..100 points de vie.;2;15;22;3;0;15;1;12;0;0;0;0;0;0;0;
944;Sceau de force;Siegel der Stärke;Sceau. [le] 1..16 prochaines [F]attaques infligent +5 points de dégâts.;2;17;21;1;0;0;1;45;0;0;0;0;0;0;0;
946;Concentration du trappeur;Fokus des Fallenstellers;Préparation d'élite. Pendant 12..36 secondes, vos compétences de piège sont difficiles à interrompre et votre caractéristique de Survie est augmentée de 0..4.;2;23;17;2;0;5;2;12;0;0;1;0;0;0;0;
947;Ronces;Dornenranken;Rituel de la nature. Crée un esprit de niveau 1..10. Toute créature (autre qu'un esprit) assommée dans sa portée subit 5 points de dégâts et est prise de Saignements pendant 5..20 secondes. Cet esprit meurt après 30..240 secondes.;2;24;19;2;0;10;2;60;0;0;0;0;0;0;0;
948;Coup désespéré;Verzweifelter Stoß;Attaque main droite. Si vous avez moins de 50..80% de santé, vous infligez +15..60 points de dégâts.;2;29;5;7;0;5;0;6;0;0;0;0;0;0;0;
949;Méthode du renard;Weg des Fuchses;Enchantement. Pendant 10..35 secondes, vos prochaines attaques au corps à corps (au nombre de 1..6) que vous lancez ne peuvent pas être bloquées.;2;31;23;7;0;5;.25;30;0;0;0;0;0;0;0;
950;Fardeau nébuleux;Schattenbürde;Maléfice. Pendant 3..15 secondes, la cible ennemie se déplace 25% moins vite, et quand elle n'est pas affectée par un autre maléfice, son bonus d'armure est réduit de 20..30 contre vos attaques.;2;31;24;7;0;10;.25;15;0;0;0;0;0;0;0;
951;Siphon de vitesse;Geschwindigkeitsentzug;Maléfice. Pendant 5..15 secondes, la cible ennemie se déplace 33% moins vite et vous vous déplacez 33% plus vite. Ce sort se recharge 50% plus rapidement s'il est lancé sur un ennemi en mouvement.;2;30;24;7;0;5;1;30;0;0;0;0;0;0;0;
952;Charge mortelle;Angriff des Todes;Sort. Vous faites une Foulée de l'Ombre vers la cible ennemie. Si celle-ci a plus de santé que vous, vous êtes soigné[f:"soignée"] de 65..200 points.;2;31;22;7;0;5;.25;30;0;0;0;0;0;0;0;
953;Flux de puissance;Kraftfluss;Maléfice d'élite. Si l'ennemi visé lance un sort ou un chant, cette compétence est interrompue et pendant 4..10 secondes, l'ennemi ciblé subit une dégénération d'énergie de -2.;3;2;24;5;0;10;.25;15;0;0;1;0;0;0;0;
954;Expulsion de maléfices;Verhexungen vertreiben;Sort d'élite. Lève jusqu'à deux maléfices de la cible (un allié ou vous-même).;2;-1;22;5;0;5;1;8;0;0;1;0;0;0;0;
955;Confiscation d'enchantement;Verzauberung zerreißen;Sort. Ote 1 enchantements à la cible ennemie. Si un enchantement est levé de cette manière, cet ennemi souffre de Saignement pendant 5..25 secondes.;3;7;22;4;0;5;1;15;0;0;0;0;0;0;0;
957;Bouclier contre les sorts;Zauberschild;Enchantement. Pendant 5..20 secondes, lorsque vous lancez des sorts, les ennemis ne peuvent pas vous cibler avec des sorts. Quand le Bouclier contre les sorts prend fin, toutes vos compétences sont inutilisables pendant 8..4 secondes.;2;16;23;3;0;10;1;30;0;0;0;0;0;0;0;
958;Souffle réparateur;Heilendes Geflüster;Sort. La ciblé alliée est soignée de 40..100 points de vie. Sa portée correspond à la moitié de la portée d'un sort normal.;2;13;22;3;0;5;1;1;0;0;0;0;0;0;0;
959;Lumière éthérée;Ätherisches Licht;Sort. La cible (un allié ou vous-même) est soignée de 25..100 points de vie. Ce sort est facilement interrompu.;2;13;22;3;0;5;1;5;0;0;0;0;0;0;0;
960;Libération d'enchantements;Verzauberungen freisetzen;Sort. Vous perdez tous les enchantements. Chaque membre du groupe est soigné de 5..35 points de vie pour chaque enchantement de Moine perdu.;2;16;22;3;0;5;.25;5;0;0;0;0;0;0;0;
961;Lacération;Zerfetzen;Rituel de la nature d'élite. Crée un esprit de niveau 1..10. Les créatures prises de saignement dans sa portée subissent une dégénération de santé de -2. Lorsque cet esprit meurt, toutes les créatures (autres que des esprits) se trouvant dans sa portée et ayant moins de 90% de leur santé sont prises de Saignements pendant 5..25 secondes. Cet esprit meurt au bout de 30..240 secondes.;2;22;19;2;0;10;2;15;0;0;1;0;0;0;0;
962;Transfert d'esprit;Geistübertragung;Sort. L'esprit le plus proche de vous perd 5..50 points de vie. La cible (un allié ou vous-même) est soignée de 5 points de vie pour chaque point de vie perdu.;2;33;22;8;0;10;.25;5;0;0;0;0;0;0;0;
963;Restauration (PvP);Wiederherstellung (PvP);Rituel d'asservissement. Crée un esprit de niveau 1..10. Lorsque cet esprit meurt, tous les membres du groupe dans la zone sont ressuscités avec 5..50% de leur santé et 0 point d'énergie. Cet esprit meurt au bout de 30 secondes.;2;32;18;8;0;10;3;45;0;0;0;0;0;0;0;
964;Arme de vengeance;Rachsüchtige Waffe;Sort d'altération d'arme. Pendant 8 secondes, la prochaine fois que la cible (un allié ou vous-même) subit des dégâts ou un vol de vie, elle absorbe 15..60 points de vie à cet ennemi.;2;33;27;8;0;5;.25;3;0;0;0;0;0;0;0;
973;Poudre aveuglante;Blendpulver;Sort. Doit succéder à une attaque main gauche. La cible ennemie et tous les ennemis adjacents sont aveuglés pendant 3..15 secondes.;2;31;22;7;0;5;.25;20;0;0;0;0;0;0;0;
974;Toucher de la mante;Berührung der Fangschrecke;Compétence. La cible ennemie subit Infirmité pendant 5..20 secondes. Cette compétence est considérée comme une attaque de main gauche.;2;30;1;7;0;5;.75;10;0;0;0;0;0;0;0;
975;Assaut épuisant;Ermüdender Angriff;Attaque ambidextre. Doit succéder à une attaque main droite. L'action de l'ennemi visé est interrompue. Si cette action était un lancer de sort, l'ennemi visé subit un Afflux de 10.;2;29;7;7;0;5;.5;8;0;0;0;0;0;0;0;
976;Coup répété;Wiederholender Schlag;Attaque main gauche. Doit suivre une attaque main gauche. Si elle réussit, cette attaque inflige +10..30 points de dégâts. Si elle manque, il lui faudra 15 secondes supplémentaires pour se recharger.;2;29;6;7;0;5;0;0;0;0;0;0;0;0;0;
977;Méthode du lotus;Weg des Lotus;Enchantement. Pendant 20 secondes, la prochaine fois que vous frappez avec une compétence d'attaque ambidextre, vous obtenez 5..20 points d'énergie.;2;31;23;7;0;5;.25;20;0;0;0;0;0;0;0;
978;Marque d'instabilité;Zeichen der Unbeständigkeit;Maléfice. Pendant 20 secondes, la prochaine fois que vous touchez une cible ennemie avec une compétence d'attaque ambidextre, cet ennemi est assommé.;2;-1;24;7;0;10;.25;20;0;0;0;0;0;0;0;
979;Défiance (PvP);Argwohn (PvP);Maléfice. Pendant 6 secondes, le prochain sort que l'ennemi ciblé lance sur l'un de vos alliés échoue et inflige 10..60 points de dégâts à cet ennemi ainsi que 75% de ces dégâts à tous les ennemis à proximité.;3;2;24;5;0;10;2;12;0;0;0;0;0;0;0;
980;Festin de l'esprit;Schmaus der Seelen;Sort. Vous détruisez tous les esprits des alliés à proximité. Pour chaque esprit détruit de cette manière, tous les membres du groupe sont soignés de 50..100 points de vie.;2;36;22;8;0;5;.25;10;0;0;0;0;0;0;0;
981;Rétablissement (PvP);Erholung (PvP);Rituel d'asservissement. Crée un esprit de niveau 1..10. Les alliés (autres que des esprits) dans sa portée bénéficient d'une régénération de santé de +1..3. Il meurt au bout de 15..45 secondes.;2;33;18;8;0;25;3;45;0;0;0;0;0;0;0;
982;Protection (PvP);Unterschlupf (PvP);Rituel d'asservissement. Crée un esprit de niveau 1..8. Les alliés (autres que des esprits) dans sa portée ne peuvent pas perdre plus de 10% de leur santé maximum sur une attaque. Lorsque cet esprit empêche les dégâts, il perd 75..45 points de vie. Cet esprit dure 30..60 secondes.;2;32;18;8;0;25;5;45;0;0;0;0;0;0;0;
983;Arme de l'Ombre;Schattenwaffe;Sort d'altération d'arme. Pendant 1..7 secondes, la cible (un allié ou vous-même) a une Arme de l'Ombre en sa possession. Chaque fois que cette cible est touchée par une attaque, son attaquant est frappé d'Aveuglement pendant 5 secondes. Les 1..3 prochaines fois que cet allié réussit une attaque, sa cible est frappée d'Aveuglement pendant 5 secondes.;2;33;27;8;0;10;1;20;0;0;0;0;0;0;0;
985;Chausse-trappes;Trittnägel;Sort. Target foe and all foes adjacent to your target are Crippled and Bleeding for 5..15 seconds. Caltrops has half the normal range.;2;31;22;7;0;5;.25;10;0;0;0;0;0;0;0;
986;Coup des neuf queues;Neunschwänziger Stoß;Attaque ambidextre. Doit succéder à une attaque main gauche. Le Coup des neuf queues ne peut pas être bloqué et inflige +15..40 points de dégâts si l'attaque réussit.;2;29;7;7;0;5;0;8;0;0;0;0;0;0;0;
987;Méthode de la paume vide;Weg der leeren Handfläche;Enchantement d'élite. Pendant 5..15 secondes, les attaques de main gauche et les attaques doubles ne coûtent aucune énergie et se rechargent 25..50% plus vite.;2;30;23;7;0;5;.25;10;0;0;1;0;0;0;0;
988;Frappe à la tempe;Schläfenstoß;Attaque main gauche d'élite. Doit suivre une attaque main droite. Si l'attaque réussit, la cible ennemie est frappée de Stupeur et d'Aveuglement pendant 1..10 secondes. Si la cible ennemie était en train de lancer un sort, ce sort est interrompu.;2;29;6;7;0;15;0;20;0;0;1;0;0;0;0;
989;Coup du phénix doré;Goldener Phönix-Stoß;Attaque main gauche. Si vous n'êtes pas sous l'effet d'un enchantement, cette compétence échoue. Si l'attaque Coup du phénix doré réussit, elle inflige +10..30 points de dégâts à la cible, et tous les ennemis adjacents subissent 10..30 points de dégâts;2;29;6;7;0;5;0;8;0;0;0;0;0;0;0;
990;Censure d'Enchantements;Verzauberungen ausmerzen;Compétence. La cible ennemie perd 1 enchantement. Toutes vos autres compétences n'étant pas des attaques sont inutilisables pendant 8..4 secondes. Pour chaque compétence désactivée de cette manière, la cible ennemie touchée perd 1 enchantement supplémentaire.;2;30;1;7;0;10;.75;30;0;0;0;0;0;0;0;
991;Négation de maléfices;Verhexungen zurückweisen;Sort. Supprime un maléfice d'une cible alliée et un autre maléfice pour chacune de vos compétences de Faveur Divine qui se rechargent.;2;16;22;3;0;5;1;12;0;0;0;0;0;0;0;
992;Triple coup;Dreifachhieb;Attaque à la hache d'élite. Vous attaquez la cible ennemie et tous les ennemis adjacents. Chaque attaque réussie inflige +10..40 points de dégâts.;2;18;4;1;0;5;0;10;0;0;1;0;0;0;0;
993;Frappe enragée (PvP);Erzürnter Schlag (PvP);Attaque au marteau d'élite. Si la Frappe enragée fait mouche, vous gagnez 1..3 décharges d'adrénaline. Si vous touchez un ennemi en mouvement, vous infligez +10..40 points de dégâts et votre cible est assommée.;2;19;8;1;0;5;0;10;0;0;1;0;0;0;0;
994;Coup de renouvellement (PvP);Erneuernder Schlag (PvP);Attaque au marteau. Si Coup de renouvellement réussit, il inflige +5..20 points de dégâts. Si vous frappez un ennemi assommé, vous gagnez 3 points d'énergie et cette attaque se recharge instantanément.;2;19;8;1;0;5;0;30;0;0;0;0;0;0;0;
995;Pose du tigre;Tigerhaltung;Pose de combat. Pendant 4..10 secondes, vous attaquez 33% plus vite. La Pose du tigre prend fin si une de vos attaques échoue.;2;17;29;1;0;5;0;20;0;0;0;0;0;0;0;
996;Entaille permanente;Stehender Hieb;Attaque à l'épée. Si elle réussit, cette compétence inflige +5..20 points de dégâts et 5..20 points de dégâts supplémentaires si vous êtes en pose de combat.;2;20;10;1;0;0;0;0;5.6;0;0;0;0;0;0;
997;Famine;Hungersnot;Rituel de la nature d'élite. Crée un esprit de niveau 1..10. Lorsqu'une créature dans sa portée (autre qu'un esprit) atteint 0 points d'énergie, elle subit 20..70 points de dégâts. Cet esprit meurt au bout de 30..180 secondes.;2;24;19;2;0;10;2;15;0;0;1;0;0;0;0;
1018;Oeil critique;Kritisches Auge;Compétence. Pendant 10..35 secondes, vous avez 3..15% de chances supplémentaires d'infliger un coup critique lors d'une attaque. Vous obtenez 1 points d'énergie chaque fois que vous infligez un coup critique.;2;35;1;7;0;5;0;30;0;0;0;0;0;0;0;
1019;Attaque critique;Kritischer Stoß;Attaque ambidextre. Doit succéder à une attaque main gauche. Si elle réussit, cette attaque inflige +10..30 points de dégâts et résulte en un coup critique. Vous bénéficiez de 1..3 points d'énergie.;2;35;7;7;0;5;0;6;0;0;0;0;0;0;0;
1020;Lames d'acier;Stahlklingen;Attaque ambidextre. Doit succéder à une attaque main gauche. Si elle réussit, cette attaque inflige +5..16 points de dégâts (bonus maximum : 60) pour chaque attaque à la dague qui se recharge.;2;29;7;7;0;5;0;8;0;0;0;0;0;0;0;
1021;Frappe de la jungle;Dschungelschlag;Attaque main gauche. Doit suivre une attaque dominante. Si cette attaque porte, elle inflige +10..25 points de dégâts. Si elle touche un ennemi sous le coup d'Infirmité, cet ennemi et tous les ennemis adjacents subissent 1..31 points de dégâts.;2;29;6;7;0;5;.5;6;0;0;0;0;0;0;0;
1022;Affront sauvage (PvP);Wilder Stoß (PvP);Attaque main gauche. Doit succéder à une attaque main droite. Si elle réussit, cette attaque inflige +10..35 points de dégâts et chaque pose utilisée par la cible prend fin. Cette attaque ne peut être bloquée.;2;29;6;7;0;5;0;6;0;0;0;0;0;0;0;
1023;Piqûre de mante sauteuse;Stich der springenden Mantis;Attaque main droite. Si la Piqûre de mante sauteuse réussit, la cible ennemie subit +5..15 points de dégâts. Si l'attaque touche un ennemi en déplacement, celui-ci souffre d'Infirmité pendant 3..15 secondes.;2;29;5;7;0;5;.5;8;0;0;0;0;0;0;0;
1024;Attaque de la mante noire;Stoß der schwarzen Mantis;Attaque main droite. Si cette attaque réussit, vous infligez +8..20 points de dégâts. Si la cible ennemie est sous les effets d'un maléfice, elle souffre d'Infirmité pendant 3..15 secondes.;2;29;5;7;0;5;1;6;0;0;0;0;0;0;0;
1025;Blessure d'interruption;Unterbrechender Dolchstoß;Attaque main droite. Si cette attaque réussit, elle interrompt l'action de la cible ennemie. S'il s'agissait d'un sort, il est inutilisable pendant 3..10 secondes.;2;29;5;7;0;5;0;10;0;0;0;0;0;0;0;
1026;Coup du lotus doré;Goldener Lotus-Stoß;Attaque main droite. Si elle réussit, cette attaque inflige +5..20 points de dégâts. Si vous êtes affecté par un enchantement, vous obtenez 5..8 points d'énergie.;2;29;5;7;0;5;0;5;0;0;0;0;0;0;0;
1027;Défenses critiques;Kritische Verteidigungen;Enchantement. Pendant 4..10 secondes, vous avez 75% de chances de bloquer. Les Défenses critiques se rechargent chaque fois que vous infligez un coup critique.;2;35;23;7;0;10;1;30;0;0;0;0;0;0;0;
1028;Méthode du geste parfait;Weg der Perfektion;Enchantement. Pendant 60 secondes, chaque fois que vous infligez un coup critique, vous obtenez 10..40 points de vie.;2;31;23;7;0;5;.25;30;0;0;0;0;0;0;0;
1029;Apostasie obscure;Dunkle Abtrünnigkeit;Enchantement d'élite. Pendant 3..17 secondes, chaque fois que vous réussissez un coup critique, vous supprimez un enchantement de votre cible. Si vous supprimez un enchantement de cette manière, soit vous perdez 10..3 points d'énergie, soit l'Apostasie obscure prend fin.;2;35;23;7;0;10;.25;15;0;0;1;0;0;0;0;
1030;Fureur de Locuste;Wut der Heuschrecke;Enchantement d'élite. Pendant 10..35 secondes, vous avez 50% de chances supplémentaires de faire une attaque double en utilisant des dagues;2;35;23;7;0;10;.5;10;0;0;1;0;0;0;0;
1031;Linceul de détresse (PvP);Schleier des Kummers (PvP);Enchantement. Pendant 30..60 secondes, si votre santé est inférieure à 50%, vous avez 75% de chances de bloquer les attaques.;2;31;23;7;0;10;1;45;0;0;0;0;0;0;0;
1032;Coeur d'ombre;Herz der Schatten;Sort. Vous êtes soigné[f:"soignée"] de 30..150 points de vie. Vous faites une Foulée de l'ombre jusqu'à une position proche directement opposée à votre cible.;2;31;22;7;0;5;.25;15;0;0;0;0;0;0;0;
1033;Empalement;Aufspießen;Compétence. Doit suivre une attaque d'ambidextrie. La cible ennemie reçoit 25..100 points de dégâts de la terre et souffre de Blessure profonde pendant 5..20 secondes.;2;30;1;7;0;5;1;15;0;0;0;0;0;0;0;
1034;Plaie suintante;Eiternde Wunde;Maléfice d'élite. For 1..7 seconds, target foe moves 33% slower. That foe takes 5..25 damage each second while suffering from a condition.;2;35;24;7;0;10;.25;10;0;0;1;0;0;0;0;
1035;Promesse de l'Assassin;Versprechen des Assassinen;Maléfice d'élite. Pendant 5..15 secondes, si la cible ennemie meurt, vous bénéficiez de 5..20 points d'énergie et toutes vos compétences sont rechargées.;2;30;24;7;0;5;.75;45;0;0;1;0;0;0;0;
1036;Sceau de malice;Siegel der Bosheit;Sceau. Pour chaque condition dont la cible ennemie souffre, vous perdez une condition.;2;-1;21;7;0;0;.25;5;0;0;0;0;0;0;0;
1037;Echappatoire obscure;Dunkle Flucht;Pose de combat. Pendant 5..15 secondes, vous vous déplacez 25% plus vite et subissez la moitié des dégâts. L'effet cesse si votre attaque inflige des dégâts.;2;31;29;7;0;5;0;30;0;0;0;0;0;0;0;
1038;Dague d'Infirmité;Verkrüppelnder Dolch;Sort. Vous envoyez une Dague d'Infirmité sur la cible ennemie. L'attaque inflige 15..60 points de dégâts de la terre si elle réussit, et cause l'Infirmité chez les ennemis en mouvement pendant 3..15 secondes. La portée de ce sort est deux fois plus courte.;2;30;22;7;0;5;1;5;0;0;0;0;0;0;0;
1040;Marche des esprits;Geistermarsch;Sort. Faites une Foulée de l'ombre vers l'esprit visé.;2;-1;22;7;0;5;.25;8;0;0;0;0;0;0;0;
1041;Furie invisible (PvP);Unsichtbare Wut (PvP);Pose de combat. Pendant 15..60 secondes, vous ne pouvez pas être bloqué[f:"bloquée"] par des ennemis aveuglés.;2;31;29;7;0;5;0;45;0;0;0;0;0;0;0;
1042;Lames éclatantes;Blitzende Klingen;Pose de combat d'élite. Pendant 5..30 secondes, vous avez 75% de chances de bloquer les attaques ennemies pendant que vous attaquez. A chaque fois que vous bloquez une attaque de cette manière, l'attaquant subit 5..20 points de dégâts.;2;29;29;7;0;10;0;30;0;0;1;0;0;0;0;
1043;Ruée;Preschen (PvP);Pose de combat. Pendant 3 secondes, vous courez 50% plus vite. Tous les 2 points d'Arts des ombres réduisent le temps de recharge de 1 secondes (maximum 6 secondes).;2;31;29;7;0;5;0;12;0;0;0;0;0;0;0;
1044;Prison obscure;Dunkles Gefängnis;Maléfice. Vous faites une Foulée de l'ombre en direction de la cible ennemie. Pendant 1..6 secondes, la cible se déplace 33% moins vite.;2;30;24;7;0;10;.25;30;0;0;0;0;0;0;0;
1045;Coup de paume;Handflächenschlag;Compétence élite. La cible ennemie visée subit 10..65 points de dégâts et souffre d'Infirmité pendant 1..5 secondes. Cette compétence compte comme une attaque main gauche.;2;35;1;7;0;5;.75;7;0;0;1;0;0;0;0;
1048;Enchantement révélé;Enthüllte Verzauberung;Sort. Ote un enchantement à l'ennemi visé et vous obtenez 3..15 points d'énergie. Pendant 20 secondes, l'enchantement révélé est remplacé par celui qui a été pris à la cible ennemie.;2;3;22;5;0;10;1;0;0;0;0;0;0;0;0;
1049;Maléfice révélé;Enthüllte Verhexung;Sort. Lève un maléfice de la cible (un allié ou vous-même) et vous gagnez 4..10 points d'énergie. Pendant 20 secondes, le maléfice révélé est remplacé par celui qui a été levé.;2;3;22;5;0;5;1;0;0;0;0;0;0;0;0;
1052;Cumul de douleur (PvP);Angehäufter Schmerz (PvP);Sort. L'ennemi visé subit 10..35 points de dégâts. Si celui-ci est affecté par 2 maléfices ou plus, il souffre de Blessure profonde pendant 5..20 secondes.;2;1;22;5;0;5;2;15;0;0;0;0;0;0;0;
1053;Distraction psychique;Übernatürliche Ablenkung;Sort d'élite. Toutes vos autres compétences sont désactivées pendant 8 secondes. Si l'ennemi visé est en train d'utiliser une compétence, celle-ci est interrompue et désactivée pendant 5..12 secondes supplémentaires.;2;2;22;5;0;10;.25;2;0;0;1;0;0;0;0;
1054;Visage de l'ancêtre;Antlitz des Ahnen;Enchantement. Pendant 4..10 secondes, à chaque fois que la cible (un allié ou vous-même) visée est touchée par une attaque au corps à corps, tous les ennemis adjacents perdent toute leur adrénaline et 3 points d'énergie.;2;1;23;5;0;10;1;20;0;0;0;0;0;0;0;
1055;Insécurité récurrente;Wiederkehrende Unsicherheit;Maléfice d'élite. Pendant 5 secondes, la cible ennemie subit une dégénération de santé de -1..6. Si cet ennemi est victime d'un autre maléfice lorsqu'Insécurité récurrente prend fin, l'effet est renouvelé.;2;1;24;5;0;10;1;3;0;0;1;0;0;0;0;
1056;Fardeau de Kitah;Kitahs Bürde;Maléfice. Pendant 6..12 secondes, la cible ennemie se déplace 50% moins vite. Quand le Fardeau de Kitah prend fin, vous gagnez 10..18 points d'énergie.;2;1;24;5;0;15;1.5;30;0;0;0;0;0;0;0;
1057;Instabilité psychique (PvP);Übernatürliche Labilität (PvP);Sort d'élite. Interrompt l'action de l'ennemi visé. S'il s'agit d'une compétence, cet ennemi et tous les ennemis adjacents sont assommés pendant 2..3 secondes. (50 % de risques d'échec avec Incantation rapide 4 ou inférieure).;2;0;22;5;0;5;.25;20;0;0;1;0;0;0;0;
1059;Sceau du Mangeur de Maléfices;Verhexungsfresser-Siegel;Sceau. La cible alliée touchée, et jusqu'à 2..5 alliés adjacents perdent chacun un maléfice. Vous gagnez 1..4 points d'énergie pour chaque maléfice supprimé de cette manière.;2;3;21;5;0;0;1;15;0;0;0;0;0;0;0;
1061;Rétroaction;Reaktion;Sort. La cible ennemie perd un enchantement. Si un enchantement est ôté de cette manière, cet ennemi perd aussi 4..10 points d'énergie.;2;3;22;5;0;10;1;30;0;0;0;0;0;0;0;
1062;Larcin arcane;Arkane Entwendung;Sort. Pendant 5..35 secondes, l'ennemi ciblé ne peut plus utiliser un sort choisi aléatoirement et le Larcin arcane est remplacé par ce sort.;2;2;22;5;0;10;1;0;0;0;0;0;0;0;0;
1066;Vainqueur dépouillé (PvP);Sieger plündern (PvP);Maléfice d'élite. Pendant 3..15 secondes, chaque fois que l'ennemi ciblé attaque ou lance un sort sur une créature ayant moins de santé, cet ennemi perd 15..75 points de vie.;2;4;24;4;0;10;1;10;0;0;1;0;0;0;0;
1067;Coup du fléau;Lebensfluchstoß;Sort. L'ennemi subit 12..48 points de dégâts de l'ombre. S'il a plus de 50% de ses points de vie, vous lui volez jusqu'à 12..48 points de vie.;2;4;22;4;0;10;2;15;0;0;0;0;0;0;0;
1068;Frisson amer;Bitterkalt;Sort. La cible ennemie subit 15..60 points de dégâts du froid. Si cet ennemi avait plus de santé que vous, le Frisson amer se rechargera instantanément.;2;5;22;4;0;5;1;10;0;0;0;0;0;0;0;
1069;Saveurs de douleur;Geschmack der Schmerzen;Sort. Si la cible ennemie a moins de 50% de santé, vous obtenez 30..150 points de vie.;2;5;22;4;0;5;.25;10;0;0;0;0;0;0;0;
1070;Enchantements profanés;Verzauberungen schänden;Sort. L'ennemi et tous ceux à proximité subissent 6..60 points de dégâts de l'ombre et 4..20 points de dégâts de l'ombre pour chaque enchantement qui les affecte.;2;7;22;4;0;10;2;15;0;0;0;0;0;0;0;
1071;Frissons de terreur;Angstschauer;Maléfice. Pendant 10..40 secondes, à chaque fois que l'ennemi subit des dégâts du froid pendant qu'il utilise une compétence, il est interrompu et soit vous perdez 8..3 points d'énergie, soit les Frissons de terreur se terminent.;2;7;24;4;0;10;2;15;0;0;0;0;0;0;0;
1075;Nuée vampirique;Vampirschwarm;Sort. La nuée vampirique absorbe jusqu'à 15..60 points de vie à trois cibles ennemies maximum se trouvant dans la zone.;2;4;22;4;0;15;2;8;0;0;0;0;0;0;0;
1076;Buveur de sang;Bluttrinker;Sort. Si votre santé est supérieure à 90%, vous êtes pris de Saignement pendant 6 secondes. Vous absorbez jusqu'à 20..65 points de vie à votre cible ennemie.;2;4;22;4;0;5;2;8;0;0;0;0;0;0;0;
1077;Morsure vampirique;Vampirbiss;Compétence. Vous touchez l'ennemi pour lui voler 29..74 points de vie.;2;4;1;4;0;15;.75;2;0;0;0;0;0;0;0;
1078;Morsure de bauge;Suhlerbiss;Compétence. L'ennemi visé touché subit 20..58 points de dégâts.;2;4;1;4;0;1;.75;3;0;10;0;0;0;0;0;
1079;Toucher de faiblesse;Schwächende Berührung;Compétence. La cible ennemie touchée perd 5..65 points de vie et souffre de Faiblesse pendant 5..20 secondes.;2;7;1;4;0;5;.75;3;0;0;0;0;0;0;0;
1081;Vent de Teinai;Teinais Wind;Sort. La cible ennemie et les ennemis adjacents subissent 10..40 points de dégâts du froid. Les ennemis embrasés touchés par le Vent de Teinai subissent 40..80 points de dégâts supplémentaires et sont interrompus.;2;8;22;6;0;10;1;8;0;0;0;0;0;0;0;
1082;Flèche de choc;Schockpfeil;Sort. Vous envoyez une Flèche de choc qui vole rapidement en direction de la cible ennemie, et qui inflige 5..50 points de dégâts de la foudre. Si la Flèche de choc frappe un ennemi souffrant d'Armure brisée, vous gagnez 5 points d'énergie et 1 point d'énergie supplémentaire tous les 2 rangs de Conservation d'énergie. La Flèche de choc a 25% de pénétration d'armure.;2;8;22;6;0;5;1;8;0;0;0;0;0;0;0;
1083;Sol instable;Schwankender Boden;Sort d'élite. Vous créez un Sol instable sur la position de l'ennemi visé. Pendant 5 secondes, les ennemis à proximité subissent 10..40 points de dégâts de la terre chaque seconde. Les ennemis qui attaquent et sont frappés par Sol instable sont renversés.;2;9;22;6;0;10;2;15;0;0;1;0;0;0;0;
1084;Armure d'éclats;Splitter-Rüstung;Enchantement. Pendant 5..11 secondes, vous avez 25..50% de chances de bloquer les attaques et lorsque vous êtes la cible d'un sort hostile ou d'une attaque, un ennemi à proximité reçoit 5..35 points de dégâts de la terre.;2;9;23;6;0;10;1;30;0;0;0;0;0;0;0;
1085;Explosion de cendres;Aschenexplosion;Maléfice. La cible ennemie et les ennemis adjacents subissent 35..65 points de dégâts de la terre. Les ennemis embrasés touchés par l'Explosion de cendres subissent un maléfice pendant 5 secondes et ont 20..75% de chances de rater leurs attaques.;2;9;24;6;0;5;1;10;0;0;0;0;0;0;0;
1086;Pas du dragon;Drachenstampfer;Sort. Vous invoquez un Pas du dragon sur la position de l'ennemi visé. Tous les ennemis près de cette position sont renversés et subissent 26..100 points de dégâts de la terre.;2;9;22;6;0;25;3;15;0;0;0;0;10;0;0;
1088;Seconde chance;Zweite Chance;Sort d'élite. Vous gagnez 1 points d'énergie et 5 points de vie pour chaque point d'énergie limité par l'Afflux. Vous perdez tous vos enchantements.;2;-1;22;6;0;5;1;5;0;0;1;0;5;0;0;
1090;Charbons ardents;Glühende Kohle;Maléfice. La cible ennemie subit 10..70 points de dégâts du feu. Si vous êtes en état d'Afflux, l'ennemi est sous l'effet d'un maléfice pendant 3 secondes et subit 5..25 points de dégâts du feu supplémentaires par seconde.;2;10;24;6;0;10;1.5;7;0;0;0;0;0;0;0;
1091;Double dragon;Doppeldrache;Enchantement d'élite. Vous invoquez le pouvoir du dragon. Pendant 8 secondes, l'allié ciblé et vous-même êtes enchantés par le Double dragon. Les ennemis adjacents subissent 10..40 points de dégâts du feu chaque seconde. De plus, quand votre allié ou vous-même utilisez une compétence ciblant un ennemi, celui-ci s'embrase pendant 1..4 secondes.;2;10;23;6;0;10;1;15;0;0;1;0;0;0;0;
1093;Chaleur de Teinai;Teinais Hitze;Sort de protection. Déclenche une Chaleur de Teinai sur la position de l'ennemi pendant 10..15 secondes. Les ennemis se trouvant à cette position subissent une dégénération de santé de 2..5 points. Les ennemis affaiblis attaquent 33% moins vite. Cette compétence est désactivée pendant 20 secondes.;2;10;26;6;0;15;1;20;0;0;0;0;0;0;0;
1094;Souffle de Feu;Feueratem;Sort. Crée un Souffle de feu sur la position actuelle de l'ennemi. Pendant 5 secondes, les ennemis adjacents à cette position subissent 10..40 points de dégâts du feu par seconde.;2;10;22;6;0;5;2;10;0;0;0;0;10;0;0;
1095;Eclat constellé;Sternenexplosion;Sort d'élite. L'ennemi touché et tous les ennemis à proximité subissent 7..112 points de dégâts du feu et s'embrasent pendant 1..4 secondes. A chaque ennemi touché, vous gagnez 2 points d'énergie.;2;10;22;6;0;5;.75;7;0;0;1;0;0;0;0;
1096;Glyphe d'essence;Glyphe der Essenz;Glyphe. Pendant 15 secondes, votre prochain sort ne nécessite pas de temps d'incantation, mais vous fait perdre toute votre énergie.;2;-1;16;6;0;5;1;20;0;0;0;0;0;0;0;
1097;Prison de Teinai;Teinais Gefängnis;Maléfice. Pendant 1..8 secondes, la cible ennemie est prise dans de la glace et se déplace 66% moins vite. Si l'ennemi a Armure brisée, le froid provoque une dégénération de santé de 5..9 points.;2;11;24;6;0;10;1;15;0;0;0;0;0;0;0;
1098;Miroir de glace;Eisspiegel;Maléfice d'élite. Vous brisez un Miroir de glace en mille morceaux. Tous les ennemis près de vous et de l'allié ciblé subissent 15..70 points de dégâts du froid et sont ralentis de 66% pendant 2..6 secondes. Si vous frappez un ennemi victime d'un maléfice de la Magie de l'eau, le Miroir de glace se recharge 50% plus vite.;2;11;24;6;0;10;.75;15;0;0;1;0;0;0;0;
1099;Cristaux de Teinai;Teinais Kristalle;Sort. L'ennemi visé subit 20..40 points de dégâts. Si l'ennemi visé est sous l'effet d'un maléfice de la Magie de l'eau, lui et les ennemis à proximité reçoivent 20..40 points de dégâts supplémentaires, et les ennemis à proximité subissent la condition Armure brisée pendant 5..15 secondes.;2;9;22;6;0;5;1;8;0;0;0;0;0;0;0;
1113;Colère de Kirin;Kirins Zorn;Sort. Pendant 5 secondes, les ennemis adjacents à la position sur laquelle le sort a été lancé subissent 8..32 points de dégâts sacrés par seconde.;2;14;22;3;0;5;1;10;0;0;0;0;0;0;0;
1114;Lien spirituel (PvP);Geisterbindung (PvP);Enchantement. Pendant 8 secondes, à chaque fois que la cible (un allié ou vous-même) subit plus de 50 points de dégâts infligés par les 10 prochaines attaques ou sorts, cette cible est soignée de 30..90 points de vie.;2;15;23;3;0;10;.25;5;0;0;0;0;0;0;0;
1115;Atmosphère enchanteresse;Flair der Verzauberung;Enchantement d'élite. Pendant 4..10 secondes, les enchantements lancés sur un autre allié coûtent 10 points d'énergie en moins (1 points d'énergie minimum).;2;15;23;3;0;5;.25;8;0;0;1;0;0;0;0;
1117;Paradis exquis;Himmlische Wonne;Sort. Soigne le lanceur et les membres du groupe à portée de voix de 15..60 points de vie.;2;16;22;3;0;5;1;12;0;0;0;0;0;0;0;
1118;Vague de guérison;Heilsalve;Sort d'élite. La cible alliée est soignée de 20..120 points de vie. Tous les membres du groupe à portée de voix de votre cible regagnent un nombre de points de vie égal au bonus Faveur divine de ce sort. Vos Prières de châtiment sont inutilisables pendant 20 secondes.;2;13;22;3;0;5;.75;6;0;0;1;0;0;0;0;
1119;Cercle de guérison de Karei;Kareis Heilkreis;Sort. Soigne le lanceur et toutes les créatures adjacentes de 30..180 points de vie.;2;13;22;3;0;10;1;5;0;0;0;0;0;0;0;
1120;Regard de Jamei;Jameis Starren;Sort. Soigne l'allié de 35..180 points de vie.;2;13;22;3;0;10;.75;3;0;0;0;0;0;0;0;
1121;Don de santé;Geschenk des Lebens;Sort. Toutes vos compétences faisant appel à la caractéristique Prières de guérison sont inutilisables pendant 10..5 secondes. La cible alliée est soignée de 15..150 points de vie.;2;13;22;3;0;5;.75;5;0;0;0;0;0;0;0;
1123;Bouclier de vie;Lebensmantel;Enchantement d'élite. Supprime 0..2 conditions affectant la cible alliée. Pendant 8 secondes, la prochaine fois que cet allié doit subir des dégâts ou un vol de vie, il gagne à la place l'équivalent en points de vie (maximum 20..100 points).;2;15;23;3;0;5;.25;2;0;0;1;0;0;0;0;
1126;Suppression empathique;Ausdrückliche Entfernung;Sort d'élite. Vous et un allié visé perdez 1 condition et 1 maléfice et êtes soignés de 50 points de vie.;2;-1;22;3;0;5;1;7;0;0;1;0;0;0;0;
1128;Chant de résurrection;Gesang der Wiederbelebung;Sort. Ressuscite le membre visé du groupe avec l'équivalent de vos points de vie actuels et 5..35% d'énergie. Sa portée est la moitié de celle d'un sort normal.;2;13;22;3;0;10;6;15;0;0;0;0;0;0;0;
1129;Parole du censeur;Wort des Tadels;Sort d'élite. La cible ennemie subit 30..130 points de dégâts sacrés. Si votre cible avait moins de 50% de santé, Paroles de censure prend 20 secondes de plus pour se recharger.;2;14;22;3;0;10;1;2;0;0;1;0;0;0;0;
1130;Lance de lumière;Speer des Lichts;Sort. La Lance de lumière se dirige en direction de l'ennemi et inflige 26..56 points de dégâts sacrés si elle touche sa cible. La Lance de lumière inflige +15..60 points de dégâts si elle touche un ennemi qui attaque.;2;14;22;3;0;5;1;15;0;0;0;0;0;0;0;
1131;Coup d'Amederoc;Steinseelenschlag;Compétence. L'ennemi touché subit 10..55 points de dégâts sacrés. Si elle est assommée, votre cible subira 10..55 points de dégâts sacrés en plus.;2;14;1;3;0;5;.75;8;0;0;0;0;0;0;0;
1133;Attaque d'ivresse;Betrunkener Schlag;Attaque au corps à corps. Si cette attaque réussit, vous infligez +10..40 points de dégâts et la cible est affectée par une des conditions suivantes : Blessure profonde (pendant 20 secondes), Faiblesse (pendant 20 secondes), Saignement (pendant 25 secondes) ou Infirmité (pendant 15 secondes). Vous êtes assommé après une Attaque d'ivresse.;2;21;3;1;0;5;0;7;0;0;0;0;0;0;0;
1134;Frappe du Léviathan;Leviathanschlag;Attaque au corps à corps. Si cette attaque réussit, vous infligez +5..20 points de dégâts. Si elle est bloquée, la cible est assommée et subit 10..34 points de dégâts.;2;17;3;1;0;5;0;8;0;0;0;0;0;0;0;
1135;Frappe de Jaizhenju;Jaizhenjuschlag;Attaque à l'épée. Si la Frappe de Jaizhenju réussit, vous infligez +1..30 points de dégâts. Si vous n'utilisez pas de pose, la Frappe de Jaizhenju ne peut pas être bloquée.;2;20;10;1;0;5;0;8;0;0;0;0;0;0;0;
1136;Taillade pénétrante;Durchdringender Hieb;Attaque à la hache. Si cette attaque réussit, vous infligez +10..25 points de dégâts. Cette attaque à la hache a 20% de pénétration d'armure.;2;18;4;1;0;0;0;0;4.8;0;0;0;0;0;0;
1137;Frappe du Yéti;Yetischlag;Attaque au marteau. Perte de toute l'adrénaline. Attaque tous les ennemis adjacents. Si cette attaque frappe un ennemi souffrant d'une condition, cet ennemi est assommé. (50% de risques d'échec avec Maîtrise du marteau 4 ou inférieure.);2;19;8;1;0;0;0;0;6;0;0;0;0;0;0;
1141;"Vous mourrez !";"Ihr werdet sterben!";Cri. Si la cible ennemie a moins de 90% de santé, vous gagnez 1..3 décharges d'adrénaline.;2;17;20;1;0;5;0;15;0;0;0;0;0;0;0;
1142;Parade propice;Günstige Abwehr;Pose de combat d'élite. Pendant 8 secondes, la prochaine attaque lancée contre vous est bloquée. Vous gagnez 1..4 décharges d'adrénaline lorsque cette pose prend fin.;2;21;29;1;0;0;0;2;1;0;1;0;0;0;0;
1144;Attaque d'Aildargent;Silberflügel-Hieb;Attaque à l'épée. Cette attaque inflige +1..40 points de dégâts si elle réussit.;2;20;10;1;0;0;0;0;7;0;0;0;0;0;0;
1146;Poussée;Schubs;Compétence élite. L'ennemi ciblé touché subit 15..75 points de dégâts, sa posture prend fin et il est assommé.;2;21;1;1;0;5;.75;10;0;0;1;0;0;0;0;
1191;Attaque éclatante (PvP);Trennender Angriff (PvP);Attaque à l'arc. Si l'Attaque éclatante réussit, vous infligez +5..15 points de dégâts et cette attaque offre une pénétration d'armure de 10%.;2;25;2;2;0;10;1;4;0;0;0;0;0;0;0;
1192;Tir de Zojun;Zojuns Schuss;Attaque à l'arc. Vous tirez une flèche dont la portée est réduite de moitié, mais qui inflige +10..40 points de dégâts.;2;23;2;2;0;5;0;3;0;0;0;0;0;0;0;
1194;Lien du prédateur (PvP);Raubtierverbindung (PvP);Cri. Pendant 5..20 secondes, les attaques réussies de votre familier vous soignent de 1..31 points de vie.;2;22;20;2;0;10;0;30;0;0;0;0;0;0;0;
1195;Guérison partagée (PvP);Gemeinsame Heilung (PvP);Compétence élite. Si votre santé ou celle de votre familier est en dessous de 75%, vous regagnez tous les deux 25..145 points de vie. Si votre familier est mort, il est ressuscité avec 50% de santé.;2;22;1;2;0;5;1;8;0;0;1;0;0;0;0;
1196;Hâte de Zojun;Zojuns Eile;Pose de combat. Pendant 5..11 secondes, vous vous déplacez 33% plus vite et avez 27..75% de chances de bloquer les projectiles qui vous visent. Hâte de Zojun prend fin si vous attaquez.;2;23;29;2;0;5;0;30;0;0;0;0;0;0;0;
1197;Aiguillons;Nadelschuss;Attaque à l'arc. Cette compétence inflige seulement 10..30 points de dégâts et tire une flèche qui se déplace plus vite que la normale. Si l'attaque touche un ennemi dont la santé est inférieure à 50%, elle se rechargera instantanément. Vos autres compétences d'attaque sont inutilisables pendant 2 secondes.;2;25;2;2;0;5;.75;4;0;0;0;0;0;0;0;
1198;Flèche à pointe large;Stahlspitzenpfeil;Attaque à l'arc d'élite. Vous décochez une flèche à pointe large qui se déplace plus lentement que la normale. Si l'attaque réussit, l'ennemi ciblé est frappé de Stupeur pendant 5..20 secondes et si la cible ennemie lance un sort, celui-ci est interrompu.;2;25;2;2;0;10;0;10;0;0;1;0;0;0;0;
1199;Flèches de verre (PvP);Glaspfeile (PvP);Préparation d'élite. Pendant 10..35 secondes, vos flèches infligent +6..18 points de dégâts si elles touchent leur objectif, et entraînent le Saignement pendant 10..20 secondes si elles sont bloquées.;2;23;17;2;0;5;2;12;0;0;1;0;0;0;0;
1200;Sceau de l'Archer;Siegel des Bogenschützen;Sceau d'élite. Pendant 1..24 secondes, les conditions que vous appliquez lorsque vous êtes équipé d'un arc durent 150% plus longtemps.;2;23;21;2;0;0;1;12;0;0;1;0;0;0;0;
1201;Attaque sauvage;Wilder Sprung;Attaque de familier. Votre familier tente une Attaque sauvage qui infligera +5..20 points de dégâts. Si l'attaque touche un ennemi qui lance un sort, celui-ci sera assommé.;2;22;11;2;0;5;0;10;0;0;0;0;0;0;0;
1202;Coup enragé (PvP);Erzürnter Ausfall (PvP);Attaque de familier d'élite. Votre familier tente un Coup enragé qui inflige +3..23 points de dégâts (bonus maximal : 60) pour chaque compétence de Domptage qui se recharge.;2;22;11;2;0;5;0;5;0;0;1;0;0;0;0;
1203;Violence bestiale;Bestienattacke;Attaque de familier. Votre familier tente une Violence bestiale qui infligera +5..20 points de dégâts. S'il touche un ennemi assommé, celui-ci est pris de Stupeur pendant 4..10 secondes.;2;22;11;2;0;5;0;10;0;0;0;0;0;0;0;
1205;Morsure empoisonnée;Giftbiss;Attaque de familier. Votre familier tente une Morsure empoisonnée qui afflige l'ennemi pendant 5..20 secondes.;2;22;11;2;0;5;0;7;0;0;0;0;0;0;0;
1206;Bond;Sprung;Attaque de familier. La prochaine attaque de votre familier est un Bond qui inflige +5..20 points de dégâts. Si l'attaque touche un ennemi en mouvement, celui-ci est assommé.;2;22;11;2;0;5;0;10;0;0;0;0;0;0;0;
1209;Furie bestiale;Bestienwut;Pose de combat. Toutes vos compétences qui ne sont pas des attaques sont inutilisables pendant 5 secondes. Pendant 5..11 secondes, vous attaquez 25% plus vite.;2;22;29;2;0;10;0;10;0;0;0;0;0;0;0;
1211;Nid de vipère;Vipernnest;Piège. Crée un Nid de Vipère. Lorsqu'il est activé, tous les ennemis à proximité subissent 5..35 points de dégâts perforants et sont empoisonnés pendant 5..20 secondes. Le Nid de vipères prend fin au bout de 90 secondes. Ce piège est facilement interrompu.;2;22;30;2;0;10;2;20;0;0;0;0;0;0;0;
1212;Equinoxe;Tagundnachtgleiche;Rituel de la nature d'élite. Crée un esprit de niveau 1..10. Les sorts entraînant l'Afflux lancés dans son rayon d'action provoquent un Afflux supplémentaire de 10. Il disparaît au bout de 30..240 secondes.;2;24;19;2;0;10;2;15;0;0;1;0;0;0;0;
1213;Tranquillité;Ruhe (PvP);Rituel de la nature. Crée un esprit de niveau 1..10. Les enchantements lancés par les créatures (autres que des esprits) se trouvant dans sa portée se terminent 10..30% plus vite. Cet esprit disparaît au bout de 15..120 secondes.;2;24;19;2;0;15;2;60;0;0;0;0;0;0;0;
1215;Clameur des âmes;Gezeter der Seelen;Sort d'élite. La cible ennemie et tous les ennemis à proximité subissent 10..65 points de dégâts de la foudre. Si vous êtes à portée de voix d'un esprit ou vous tenez un paquet, vous gagnez 10 points d'énergie.;2;34;22;8;0;10;1;8;0;0;1;0;0;0;0;
1217;Seigneur de rituel;Herr der Rituale;Compétence élite. Pendant 5..35 secondes, vos caractéristiques de Ritualiste bénéficient d'un bonus de 2..4 pour votre prochaine compétence. Si cette compétence est Rituel d'asservissement, elle se recharge 10..60% plus vite et Seigneur de rituel se recharge instantanément.;2;36;1;8;0;0;0;45;0;2;1;0;0;0;0;
1218;Daoshen était cruel;Grausam war Daoshen;Sort d'altération d'objet. Vous tenez les cendres de Daoshen pendant un maximum de 15..60 secondes. En tenant ses cendres, toutes les compétences du Ritualiste bénéficient de 10% de pénétration d'armure. Lorsque vous déposez ses cendres, tous les ennemis à proximité subissent 15..85 points de dégâts de la foudre.;2;34;25;8;0;15;2;30;0;0;0;0;0;0;0;
1219;Kaolai était protecteur;Schützend war Kaolai;Sort d'altération d'objet. Vous tenez les cendres de Kaolai pendant un maximum de 15..60 secondes. Pendant ce temps, vous bénéficiez d'un bonus d'armure de 20. Lorsque vous les déposez, tous les membres du groupe sont soignés de 20..95 points de vie.;2;33;25;8;0;10;1;20;0;0;0;0;0;0;0;
1220;Songkai était attentive;Eingestimmt war Songkai;Sort d'altération d'objet d'élite. Vous tenez les cendres de Songkai pendant un maximum de 45 secondes. Pendant ce temps, vos sorts et rituels d'asservissement coûtent -5..50% d'énergie sur la base du coût initial.;2;36;25;8;0;10;1.5;30;0;0;1;0;0;0;0;
1221;Xiko était coriace;Unverwüstlich war Xiko;Sort d'altération d'objet. Vous tenez les cendres de Xiko pendant un maximum de 5..20 secondes. Pour chaque maléfice ou condition qui vous affecte quand vous tenez les cendres, vous gagnez +3 en régénération de santé. En lâchant les cendres, vous perdez 1..4 conditions.;2;33;25;8;0;5;1;10;0;0;0;0;0;0;0;
1222;Namei était si gaie;Lebhaft war Naomei;Sort d'altération d'objet. Vous tenez les cendres de Naomei pendant un maximum de 45 secondes. Lorsque vous les déposez, tous les membres du groupe dans la zone sont ressuscités avec 15..75% de santé et aucune énergie.;2;33;25;8;0;15;6;20;0;0;0;0;0;0;0;
1223;Lingwah était angoissée;Gequält war Lingwah;Sort d'altération d'objet. Vous tenez les cendres de Lingwah pendant un maximum de 10..60 secondes. En tenant ses cendres, vos maléfices de Ritualiste coûtent 1..5 points d'énergie en moins et durent 50% plus longtemps. Lorsque vous déposez ses cendres, tous vos maléfices de Ritualiste sont rechargés.;2;36;25;8;0;5;1.5;30;0;0;0;0;0;0;0;
1224;Attraction d'esprit;Geist entziehen;Sort. Vous téléportez un esprit allié ciblé jusqu'à votre position.;2;-1;22;8;0;5;.25;5;0;0;0;0;0;0;0;
1225;Frappe canalisée;Gelenkter Schlag;Sort. La cible ennemie subit 5..95 points de dégâts de la foudre. Cet ennemi reçoit 5..35 points de dégâts de la foudre supplémentaires si vous tenez un objet.;2;34;22;8;0;10;2;4;0;0;0;0;0;0;0;
1226;Coup du compagnon spirituel;Geistersegenstoß;Sort. La cible ennemie subit 20..65 points de dégâts de la foudre et tous les esprits que vous contrôlez à portée de voix bénéficient de 20..65 points de vie.;2;34;22;8;0;5;1;3;0;0;0;0;0;0;0;
1227;Frappe d'essence;Essenzschlag;Sort. La cible ennemie subit 15..60 points de dégâts de la foudre. Si des esprits se trouvent à portée de voix, vous gagnez 1..9 points d'énergie.;2;34;22;8;0;5;1;8;0;0;0;0;0;0;0;
1228;Siphon de l'esprit;Geist abzapfen;Sort. L'esprit le plus proche de vous perd toute son énergie. Vous bénéficiez de 30..60% de cette énergie.;2;34;22;8;0;5;.25;3;0;0;0;0;0;0;0;
1229;Expansion explosive;Explosives Wachstum;Enchantement. Pendant 15..60 secondes, chaque fois que vous créez une créature, jusqu'à 5 ennemis proches de cette créature reçoivent 20..65 points de dégâts de la foudre.;2;36;23;8;0;5;2;45;0;0;0;0;0;0;0;
1230;Compagnon de création;Segen der Schöpfung;Enchantement. Pendant 15..60 secondes, chaque fois que vous créez une créature, vous bénéficiez de 5..50 points de vie et de 1..6 points d'énergie.;2;36;23;8;0;10;2;45;0;0;0;0;0;0;0;
1231;Canalisation d'esprit;Geisterlenkung;Enchantement d'élite. Pendant 12 secondes, vous bénéficiez d'une régénération d'énergie de +1..6. Si vous vous trouvez à portée de voix d'un esprit lorsque vous lancez ce sort, vous gagnez 3..12 points d'énergie.;2;36;23;8;0;5;1;30;0;0;1;0;0;0;0;
1232;Armure de l'impassible (PvP);Rüstung der Gefühllosigkeit (PvP);Enchantement. Pendant 10..35 secondes, vous avez une réduction de dégâts de base de 10 pendant que vous lancez des Rituels d'asservissement.;2;32;23;8;0;10;1;20;0;0;0;0;0;0;0;
1233;Souvenirs apaisants;Beruhigende Erinnerungen;Sort. La cible (un allié ou vous-même) est soignée de 10..100 points de vie. Si vous tenez un objet, vous bénéficiez de 3 points d'énergie.;2;33;22;8;0;5;.75;4;0;0;0;0;0;0;0;
1234;Guérison du corps et de l'âme;Körper und Seele heilen;Sort. Soigne l'allié ciblé à hauteur de 20..115 points de vie. Cet allié est débarrassé d'une condition par esprit à portée de voix.;2;33;22;8;0;5;.75;3;0;0;0;0;0;0;0;
1235;Arme émoussée;Stumpfe Waffe;Maléfice. Pendant 5..20 secondes, la cible ennemie et tous les ennemis adjacents ne peuvent pas infliger de coups critiques et infligent 3..20 points de dégâts en moins.;2;32;24;8;0;15;1;20;0;0;0;0;0;0;0;
1236;Chaînes d'asservissement;Fesselnde Ketten;Maléfice. Pendant 3 secondes, l'ennemi visé et tous les ennemis à proximité se déplacent 90 % moins vite et subissent 1..30 points de dégâts par seconde en se déplaçant.;2;32;24;8;0;10;1;15;0;0;0;0;0;0;0;
1237;Lien de douleur;Schmerzhafte Bindung;Maléfice. Pendant 10..20 secondes, l'ennemi visé et tous les ennemis à proximité souffrent du maléfice Lien de douleur et subissent 8..20 points de dégâts lorsqu'ils sont touchés par l'attaque d'un esprit.;2;34;24;8;0;15;1;12;0;0;0;0;0;0;0;
1238;Sceau de création;Siegel der Schöpfung;Sceau. Vous gagnez 4 points d'énergie pour chaque créature invoquée que vous contrôlez à portée de voix (maximum de 3..12 points d'énergie).;2;36;21;8;0;0;1;20;0;0;0;0;0;0;0;
1239;Sceau des Esprits (PvP);Siegel der Geister (PvP);Sceau d'élite. Vous gagnez 3..12 points d'énergie si vous êtes à portée de voix d'un esprit.;2;34;21;8;0;0;1;20;0;0;1;0;0;0;0;
1240;Contorsion de l'âme;Seelenverflechtung (PvP);Compétence élite. Pendant 5..45 secondes, vos rituels d'asservissement coûtent 15 points d'énergie en moins (minimum 5) et se rechargent 25..50% plus vite. Contorsion de l'âme prend fin après 1..3 rituels d'asservissement.;2;36;1;8;0;5;0;15;0;0;1;0;0;0;0;
1244;Vivacité spectrale;Geisterhafte Eile;Enchantement. Pendant 5..30 secondes, les sorts que vous lancez à portée de voix d'un esprit se rechargent 25% plus vite.;2;36;23;8;0;10;1;20;0;0;0;0;0;0;0;
1245;Vision de l'au-delà;Blick aus dem Jenseits;Sort. La cible ennemie subit 20..65 points de dégâts de la foudre. Si vous vous trouvez à portée de voix d'un esprit, cet ennemi est Aveuglé pendant 2..6 secondes.;2;34;22;8;0;5;1;10;0;0;0;0;0;0;0;
1246;Rage de l'ancêtre (PvP);Wut der Vorfahren (PvP);Compétence. Pendant 3 secondes, tous les ennemis adjacents à la cible alliée subissent 4..50 points de dégâts de la foudre par seconde.;2;34;1;8;0;5;1;8;0;0;0;0;0;0;0;
1247;Douleur (PvP);Schmerz (PvP);Rituel d'asservissement. Crée un esprit de niveau 1..8. Les attaques de cet esprit infligent 5..30 points de dégâts. Il meurt au bout de 30..150 secondes.;2;32;18;8;0;5;1.5;30;0;0;0;0;0;0;0;
1249;Déplacement (PvP);Verschiebung (PvP);Rituel d'asservissement. Crée un esprit de niveau 1..10. Tous les alliés autres que des esprits à portée ont 75% de chances de bloquer les attaques. Chaque fois qu'une attaque est bloquée de cette manière, cet esprit subit 60 points de dégâts. Il disparaît au bout de 30..60 secondes.;2;32;18;8;0;15;3;45;0;0;0;0;0;0;0;
1250;Préservation (PvP);Erhaltung (PvP);Rituel d'asservissement d'élite. Crée un esprit de niveau 1..10. Toutes les 4 secondes, cet esprit soigne un allié (autre qu'un esprit) dans la zone de 10..115 points de vie. Il disparaît au bout de 90 secondes.;2;33;18;8;0;5;3;20;0;0;1;0;0;0;0;
1251;Vie (PvP);Leben (PvP);Rituel d'asservissement. Crée un esprit de niveau 1..10. Lorsque cet esprit meurt, tous les alliés (autres que des esprits) dans sa portée sont soignés de 1..7 points de vie pour chaque seconde d'existence de cet esprit. Il meurt au bout de 20 secondes.;2;33;18;8;0;10;3;20;0;0;0;0;0;0;0;
1252;Lien terrestre (PvP);Erdbindung (PvP);Rituel d'asservissement. Crée un esprit de niveau 1..10. Tous les ennemis (autres que des esprits) assommés dans sa portée le sont pour au moins 3 secondes. Chaque fois, cet esprit perd 50..25 points de vie. Il meurt au bout de 15..45 secondes.;2;32;18;8;0;15;3;45;0;0;0;0;0;0;0;
1253;Mélodie du sang (PvP);Blutgesang (PvP);Rituel d'asservissement. Crée un esprit de niveau 1..8 qui disparaît au bout de 30..150 secondes. Les attaques de cet esprit volent jusqu'à 5..25 points de vie.;2;34;18;8;0;5;1.5;30;0;0;0;0;0;0;0;
1255;Voyage (PvP);Fernweh (PvP);Rituel d'asservissement d'élite. Crée un esprit de niveau 1..8. Chaque fois que l'attaque de cet esprit touche un ennemi immobile, celui-ci est assommé et l'esprit perd 70..50 points de vie. Il meurt au bout de 30..60 secondes.;2;32;18;8;0;10;3;45;0;0;1;0;0;0;0;
1257;Arme d'Esprit illuminé;Geisterlichtwaffe;Sort d'altération d'arme d'élite. Pendant 10 secondes, la cible (un allié ou vous-même) bénéficie de 5..25 points de vie par seconde et de 5..25 points de vie en plus par seconde si cette cible se trouve à portée de voix d'un esprit.;2;33;27;8;0;5;1;5;0;0;1;0;0;0;0;
1258;Arme brute;Grausame Waffe;Sort d'altération d'arme. Donne à la cible (un allié ou vous-même) une Arme brute pendant 10..40 secondes. Le porteur de l'arme inflige +5..15 points de dégâts tant qu'il n'est pas sous l'effet d'un enchantement.;2;32;27;8;0;10;1;15;0;0;0;0;0;0;0;
1259;Arme guidée;Gelenkte Waffe (PvP);Sort d'altération d'arme. Pendant 4..10 secondes, les attaques de la cible visée (allié ou vous-même) ne peuvent pas être bloquées.;2;32;27;8;0;5;2;12;0;0;0;0;0;0;0;
1260;Soumission;Sanftmut;Maléfice. Pendant 5..30 secondes, la cible ennemie et tous les ennemis de la zone attaquent 50% moins vite.;3;7;24;4;0;15;1;20;0;17;0;0;0;0;0;
1261;Armure glaciale;Kalte Rüstung;Enchantement. Pendant 10..25 secondes, vous bénéficiez de +10..40 de bonus d'armure contre les dégâts physiques et vous ne pouvez pas être embrasé.;3;11;23;6;0;5;1;20;0;0;0;0;0;0;0;
1262;Anneau de guérison;Heilring;Sort. Soigne les créatures adjacentes de 30..180 points de vie. Le lanceur n'est pas soigné.;3;13;22;3;0;5;1;10;0;0;0;0;0;0;0;
1263;Renouvellement de vie;Leben verlängern;Sort. Ressuscite le membre du groupe mort touché avec 50% de sa santé et 5..20% de son énergie. Ce membre du groupe et tous les alliés à portée de voix sont soignés de 55..130 points de vie.;3;13;22;3;0;15;4;5;0;0;0;0;0;0;0;
1264;Destinée;Untergang;Sort. Vous infligez à l'ennemi 10..60 points de dégâts de la foudre (135 points maximum) pour chaque rituel d'asservissement en recharge que vous avez.;2;36;22;8;0;10;1;8;0;0;0;0;0;0;0;
1265;Compagnon d'arme;Segen des Ausübers;Sort. Vous soignez la cible (un allié ou vous-même) de 15..60 points de vie. Si cette cible est sous l'effet d'un sort d'altération d'arme, le Compagnon d'arme la soigne de 15..75 points de vie supplémentaires.;2;33;22;8;0;5;.25;4;0;0;0;0;0;0;0;
1266;Apaisement;Beruhigung (PvP);Rituel d'asservissement. Crée un esprit de niveau 1..8. Les ennemis dans sa portée mettent deux fois plus de temps pour récupérer de l'adrénaline. Il meurt au bout de 15..45 secondes.;2;32;18;8;0;25;5;60;0;0;0;0;0;0;0;
1267;Arme vitale;Wesentliche Waffe;Sort d'altération d'arme. Pendant 5..30 secondes, la cible (un allié ou vous-même) possède l'Arme vitale et a une santé maximum de +40..175.;2;32;27;8;0;5;1;2;0;0;0;0;0;0;0;
1268;Arme de rapidité;Waffe der Beschleunigung;Sort d'altération d'arme d'élite. Pendant 5..25 secondes, la cible (un allié ou vous-même) possède l'Arme de rapidité et ses sorts et rituels d'asservissement se rechargent 33% plus vite.;2;32;27;8;0;5;1;5;0;0;1;0;0;0;0;
1269;Sceau de Rage;Siegel der Wut;Sceau. La cible ennemie subit 5..50 points de dégâts sacrés et +5..10 points de dégâts sacrés pour chaque compétence d'adrénaline qu'il possède.;2;14;21;3;0;0;1;20;0;0;0;0;0;0;0;
1333;Conditions prolongées;Zustände ausweiten;Sort d'élite. Répand toutes les conditions de la cible ennemie à tous les ennemis à proximité de cette dernière. La durée de ces conditions est augmentée de 5..100% (30 secondes maximum).;3;3;22;5;0;5;.25;5;0;0;1;0;0;0;0;
1334;Hypochondrie;Hypochondrie;Sort. Transfère toutes les conditions de tous les ennemis de la zone à l'ennemi visé.;3;-1;22;5;0;5;.25;7;0;0;0;0;0;0;0;
1335;Fin du gaspilleur;Ableben des Verschwenders;Maléfice. Pendant 5 secondes, la cible ennemie est sous l'emprise de Fin du gaspilleur. Chaque seconde sous l'emprise du sort, la cible ennemie et tous les ennemis adjacents subissent 1..10 points de dégâts et 1..10 points de dégâts supplémentaires pour chaque seconde d'activation de ce sort. Ce sort cesse prématurément si la cible ennemie utilise une compétence.;3;2;24;5;0;5;.25;4;0;0;0;0;0;0;0;
1336;Douleur spirituelle (PvP);Geisterschmerz (PvP);Sort. L'ennemi visé subit 5..40 points de dégâts. Toutes les créatures hostiles invoquées situées près de cet ennemi subissent 25..125 points de dégâts.;3;2;22;5;0;5;1;12;0;0;0;0;0;0;0;
1337;Drain d'illusions;Täuschungen entziehen;Sort. Vous enlevez un maléfice d'Envoûteur à la cible ennemie. Si ce maléfice est enlevé de cette manière, l'ennemi perd 1..5 points d'énergie et vous bénéficiez de 4 points d'énergie pour chaque point qu'il perd.;3;3;22;5;0;5;.25;12;0;0;0;0;0;0;0;
1338;Persistance du souvenir;Beharrliche Erinnerungen;Enchantement. Pendant 5..20 secondes, chaque fois qu'un sort que vous lancez est interrompu, ce sort est instantanément rechargé.;3;0;23;5;0;5;1;20;0;0;0;0;0;0;0;
1339;Symboles d'inspiration;Symbole der Inspiration;Compétence élite. Pendant 6..40 secondes, cette compétence devient la compétence élite de la cible ennemie. Les compétences élites que vous lancez utilisent votre caractéristique d'Incantation rapide au lieu des caractéristiques qui y sont normalement associées.;3;0;1;5;0;5;1;10;0;0;1;0;0;0;0;
1340;Célérité symbolique;Symbolische Schnelligkeit;Enchantement. Pendant 36..60 secondes, tous vos sceaux utilisent votre caractéristique d'Incantation rapide au lieu de leurs attributs habituels.;3;0;23;5;0;15;1;30;0;0;0;0;0;0;0;
1341;Frustration (PvP);Frustration (PvP);Maléfice. Pendant 5..20 secondes, la cible ennemie lance ses sorts 50% moins vite et subit 5..50 points de dégâts chaque fois qu'elle est interrompue.;3;1;24;5;0;10;1;15;0;0;0;0;0;0;0;
1342;Taquinerie;Reizen (PvP);Sort d'élite. Si la cible ennemie utilise une compétence, elle et les autres ennemis de la zone sont interrompus et vous volez 0..5 points d'énergie à chaque ennemi de la zone.;3;3;22;5;0;5;.25;20;0;0;1;0;0;0;0;
1343;Fantôme éthéré;Äther-Phantom;Maléfice. Pendant 10 secondes, la cible ennemie subit une dégénération d'énergie de -1. Si ce maléfice est supprimé prématurément, cet ennemi perd 1..5 points d'énergie.;3;3;24;5;0;5;1;10;0;0;0;0;0;0;0;
1344;Toile d'interruption (PvP);Netz der Störung (PvP);Maléfice. Interrompt la cible ennemie. Pendant 10 secondes, la cible ennemie est sous l'emprise de Toile d'interruption. Lorsque ce maléfice prend fin, cet ennemi est interrompu à nouveau.;3;-1;24;5;0;10;.25;15;0;0;0;0;0;0;0;
1345;Enigme de l'enchanteur (PvP);Rätsel des Verzauberers (PvP);Maléfice d'élite. Pendant 10 secondes, l'ennemi ciblé lance ses enchantements 100..200% moins vite. Si aucun enchantement n'affecte l'ennemi ciblé lorsque ce maléfice est appliqué, il subit 10..100 points de dégâts et tous les ennemis adjacents encaissent 75% de ces dégâts.;3;2;24;5;0;10;2;20;0;0;1;0;0;0;0;
1346;Sceau des illusions;Siegel der Illusionen;Sceau d'élite. Vos prochains sorts autres que d'Illusion (1..3 sorts) utilisent la caractéristique d'Illusion au lieu de leur caractéristique normale.;3;1;21;5;0;0;2;5;0;0;1;0;0;0;0;
1347;Congédiement d'enchantement;Verzauberung entlassen;Sort. Supprime un enchantement chez la cible ennemie. Si cet ennemi est sous l'effet d'un maléfice, cette compétence se recharge 20..50% plus vite.;3;3;22;5;0;10;1;15;0;0;0;0;0;0;0;
1348;Vortex du Mangeur de Maléfices;Verhexungsfresser-Strudel;Sort d'élite. Supprime un maléfice de l'allié ciblé. Si un maléfice est levé de cette manière, les ennemis à proximité de cet allié subissent 30..90 points de dégâts et perdent un enchantement.;3;2;22;5;0;5;.25;15;0;0;1;0;0;0;0;
1349;Miroir de désenchantement (PvP);Spiegel der Entzauberung (PvP);Sort. Dissipe un enchantement de la cible ennemie. Tous les membres du groupe de cet ennemi perdent aussi cet enchantement.;3;-1;22;5;0;10;1;20;0;0;0;0;0;0;0;
1350;Simple vol;Simpler Diebstahl;Sort d'élite. Interrompt l'action de la cible ennemie. Si une compétence est interrompue, elle est désactivée pendant 5..20 secondes et remplace Simple Vol.;3;2;22;5;0;10;.25;10;0;0;1;0;0;0;0;
1351;Animation d'horreur dévastatrice;Schlurfschreck beleben;Sort. Vous exploitez le cadavre le plus proche pour créer une horreur dévastatrice de niveau 1..17. Lorsque celle-ci meurt, elle est remplacée par une horreur broyée de niveau 0..15 qui inflige le Saignement à chacune de ses attaques.;3;5;22;4;0;10;1;25;0;0;0;0;0;0;0;
1352;Ordre des morts-vivants;Orden der Untoten;Sort d'élite. Pendant 5 secondes, vos serviteurs infligent +3..16 points de dégâts, mais vous perdez 2% de votre santé maximum chaque fois qu'un de vos serviteurs réussit une attaque.;3;5;22;4;0;10;1;5;0;0;1;0;0;0;0;
1353;Chair putride;Verwesendes Fleisch;Sort. Vous détruisez un des serviteurs morts-vivants animés visés. Tous les ennemis près de cette créature souffrent de Maladie pendant 5..15 secondes.;3;5;22;4;0;10;.25;0;0;0;0;0;0;0;0;
1354;Festin des morts;Fest für die Toten;Sort. Vous détruisez l'allié mort-vivant animé ciblé. Tous vos autres alliés morts-vivants animés sont soignés de 10..100 points de vie.;3;5;22;4;0;5;.25;10;0;0;0;0;0;0;0;
1355;Os broyés;Versplitterte Knochen;Enchantement d'élite. Pendant 60 secondes, chaque fois que le serviteur mort-vivant ciblé meurt, il est remplacé par une horreur broyée de niveau 0..15 qui inflige le Saignement à chacune de ses attaques.;3;5;23;4;0;5;1;10;0;0;1;0;0;0;0;
1356;Contagion;Erkrankung;Enchantement d'élite. Pendant 60 secondes, chaque fois que vous souffrez d'une nouvelle condition, tous les ennemis dans la zone sont affectés par la même condition et vous sacrifiez 10..5% de votre santé maximum.;3;5;23;4;0;5;1;10;0;0;1;0;0;0;0;
1358;Poumons ulcérés;Geschwürige Lungen;Maléfice. Pendant 10..30 secondes, l'ennemi visé et tous les ennemis proches subissent une dégénération de santé de -4 lorsqu'ils sont pris de Saignement. A chaque fois qu'ils utilisent un chant ou un cri, ils saignent pendant 5..20 secondes.;3;7;24;4;0;10;1;10;0;0;0;0;0;0;0;
1359;Douleur de désenchantement;Schmerz der Entzauberung;Sort d'élite. La cible ennemie perd 1..3 enchantements. Si un enchantement est perdu de cette manière, la cible et tous les ennemis adjacents perdent 10..100 points de vie.;3;7;22;4;0;10;1;15;0;0;1;0;0;0;0;
1360;Marque de Furie;Zeichen der Wut;Maléfice. Pendant 5 secondes, les alliés frappant l'ennemi visé gagne 0..2 décharges d'adrénaline. Lorsque ce maléfice prend fin, cet ennemi souffre d'Armure brisée pendant 1..15 secondes.;3;4;24;4;0;5;.75;10;0;0;0;0;0;0;0;
1362;Enchantement corrompu;Verzauberung verderben;Maléfice d'élite. Ote un enchantement à l'ennemi ciblé. Si un enchantement est supprimé de cette manière, cet ennemi subit une dégénération de santé de -1..8 pendant 10 secondes.;3;7;24;4;0;5;.75;5;0;0;1;0;0;0;0;
1363;Sceau du chagrin;Siegel des Kummers;Sceau. La cible ennemie subit 15..75 points de dégâts. Si cette cible ennemie se trouve près d'un cadavre ou si son familier est mort, cette compétence se recharge instantanément.;3;6;21;4;0;0;1;30;0;0;0;0;0;0;0;
1364;Sceau de souffrance;Siegel des Leidens;Sceau d'élite. Vous souffrez de Saignement pendant 6 secondes. La prochaine compétence de Nécromant qui cible un ennemi provoque un Saignement pendant 2..16 secondes.;3;4;21;4;0;0;0;4;0;0;1;0;0;0;0;
1365;Sceau des âmes perdues;Siegel der verlorenen Seelen;Sceau. Si la cible ennemie a moins de 50% de santé, vous obtenez 10..100 points de vie et 1..10 points d'énergie.;3;6;21;4;0;0;.25;8;0;0;0;0;0;0;0;
1366;Puits d'obscurité;Brunnen der Dunkelheit;Sort de puits. Exploitez le cadavre le plus proche ou sacrifiez 66% de santé pour créer un Puits d'obscurité pendant 5..50 secondes. Les ennemis victimes de maléfices dans ce puits ratent leurs attaques 50% du temps.;3;7;28;4;0;10;1;20;0;0;0;0;0;0;0;
1367;Afflux aveuglant;Blendende Welle;Sort d'élite. La cible ennemie subit 5..50 points de dégâts de la foudre. Cet ennemi et tous les ennemis adjacents sont aveuglés pendant 3..8 secondes. Ce sort a une pénétration d'armure de 25%. S'il frappe un ennemi en train d'attaquer, tous les ennemis adjacents sont touchés eux aussi et le sort inflige 50% de dégâts supplémentaires.;3;8;22;6;0;10;.75;6;0;0;1;0;0;0;0;
1368;Vents glaciaux;Kühle Winde;Maléfice. L'ennemi visé et tous les ennemis adjacents subissent 30..60 points de dégâts du froid. Pendant 10 secondes, le prochain maléfice de la Magie de l'eau que vous lancez sur un ennemi souffrant de maléfice dure 25..100% plus longtemps.;3;8;24;6;0;5;1;8;0;0;0;0;0;0;0;
1369;Eclair;Blitzstrahl;Sort. Lance un Eclair qui inflige 5..50 points de dégâts de la foudre s'il touche sa cible. Si l'Eclair touche un ennemi en mouvement, celui-ci subit 5..50 points de dégâts de la foudre en plus. Ce sort a une pénétration d'armure de 25%.;3;8;22;6;0;5;1;8;0;0;0;0;0;0;0;
1370;Hâte du jinn de tempête;Eile des Sturm-Dschinn;Enchantement. Pendant 10..25 secondes, vous vous déplacez 25% plus vite. Chaque seconde de déplacement vous fait perdre 1 points d'énergie.;3;8;23;6;0;5;.25;10;0;0;0;0;0;0;0;
1371;Briseur de pierre;Steinschläger;Enchantement. Pendant 5..30 secondes, à chaque fois que vous infligez ou subissez des dégâts élémentaires ou physiques, ces dégâts sont convertis en dégâts de la terre.;3;9;23;6;0;5;.25;20;0;0;0;0;0;0;0;
1372;Tempête de sable;Sandsturm;Sort d'élite. Vous créez une tempête de sable sur la position de l'ennemi visé. Pendant 10 secondes, les ennemis à proximité subissent 20..40 points de dégâts de la terre chaque seconde. Les ennemis qui attaquent reçoivent 10..30 points de dégâts de la terre supplémentaires chaque seconde.;3;9;22;6;0;15;2;20;0;0;1;0;0;0;0;
1373;Gaine de pierre;Steinmantel;Enchantement d'élite. Pendant 5..20 secondes, l'allié ciblé et vous gagnez +1..30 en armure et êtes immunisés contre les coups critiques. Quand vous lancez ce sort, tous les ennemis près de vous et de votre cible subissent 15..70 points de dégâts de la terre et souffrent de Faiblesse pendant 5..20 secondes.;3;9;23;6;0;10;1;15;0;0;1;0;0;0;0;
1374;Faucon d'ébène;Ebonfalke;Sort. Vous envoyez un projectile qui inflige 10..85 points de dégâts de la terre et entraîne la Faiblesse pendant 5..15 secondes si elle réussit.;3;9;22;6;0;10;1;5;0;0;0;0;0;0;0;
1375;Aura de Chair de pierre;Steinfleisch-Aura;Enchantement. Pendant 5..15 secondes, les dégâts que vous recevez sont réduits de 1..31, et vous êtes immunisé contre les attaques critiques.;3;9;23;6;0;10;2;15;0;0;0;0;0;0;0;
1376;Glyphe de rétablissement;Glyphe der Wiederherstellung;Glyphe. Pendant 15 secondes, vos 2 prochains sorts vous guérissent de 30..105 points de vie, et vous êtes soigné[f:"soignée"] de 150..400% du coût en énergie de chaque sort.;3;12;16;6;0;5;1;8;0;0;0;0;0;0;0;
1377;Prisme éthéré;Ätherprisma;Compétence élite. Pendant 3 secondes, les dégâts que vous subissez sont réduits de 75%. Lorsque Prisme éthéré prend fin, vous gagnez 5..20 points d'énergie.;3;12;1;6;0;5;0;20;0;0;1;0;0;0;0;
1378;Maître de la Magie;Meister der Magie;Enchantement d'élite. Pendant 1..61 secondes, toutes vos caractéristiques élémentaires passent à 8..14 et vos sorts élémentaires vous rendent 1 point d'énergie plus 30% de leur coût en énergie.;3;12;23;6;0;5;1;10;0;0;1;0;0;0;0;
1379;Regard embrasé;Glühender Blick;Sort. L'ennemi visé subit 5..50 points de dégâts du feu. Si cet ennemi est embrasé, vous gagnez 5 points d'énergie et 1 point d'énergie supplémentaire tous les 2 rangs de Conservation d'énergie.;3;10;22;6;0;5;1;8;0;0;0;0;0;0;0;
1380;Chaleur de savane (PvP);Hitze der Savanne (PvP);Sort d'élite. Vous créez une Chaleur de savane sur la position de l'ennemi visé. Pendant 5 secondes, tous les ennemis à proximité subissent 5..20 points de dégâts du feu pour chaque seconde d'activation de ce sort.;3;10;22;6;0;15;2;25;0;0;1;0;0;0;0;
1381;Hâte du jinn de flamme;Eile des Flammen-Dschinn;Enchantement. Tous les ennemis adjacents reçoivent 15..120 points de dégâts du feu. Pendant 8..14 secondes, vous vous déplacez 25% plus vite. Hâte du jinn de flamme se recharge 50% plus vite si un ennemi est touché par ce sort.;3;10;23;6;0;10;.75;20;0;0;0;0;0;0;0;
1382;Rafale givrante;Gefrierende Böe;Maléfice. Si l'ennemi visé est sous les effets d'un maléfice de la Magie de l'eau, il reçoit 20..80 points de dégâts du froid. Sinon, cet ennemi se déplace 66% moins vite pendant 1..5 secondes.;3;11;24;6;0;10;1;8;0;0;0;0;0;0;0;
1390;Intervention du juge;Intervention des Richters;Enchantement. Pendant 10 secondes, la prochaine fois que la cible (un allié ou vous-même) subit des dégâts qui devraient être fatals, ces dégâts sont annulés et un ennemi à proximité subit 30..180 points de dégâts sacrés.;3;14;23;3;0;5;.25;8;0;0;0;0;0;0;0;
1391;Esprit de soutien;Unterstützender Geist;Enchantement. Pendant 5..23 secondes, chaque fois que la cible (un allié ou vous-même) subit des dégâts lorsqu'elle est assommée, elle est soignée de 5..50 points de vie.;3;13;23;3;0;10;.75;8;0;0;0;0;0;0;0;
1392;Guérison attentive;Wachsame Heilung;Enchantement. Pendant 10 secondes, la cible (un allié ou vous-même) bénéficie d'une régénération de santé de +1..4. Si cette compétence prend fin prématurément, la cible récupère 30..120 points de vie.;3;16;23;3;0;5;1;10;0;0;0;0;0;0;0;
1393;Compagnon du guérisseur;Segen des Heilers;Enchantement d'élite. Pendant 10..55 secondes. La vitesse d'incantation des sorts de Prières de guérison sera 50% plus rapide et vos soins sont 50% plus efficaces.;3;16;23;3;0;5;.25;10;0;0;1;0;0;0;0;
1394;Engagement du guérisseur;Verpflichtung des Heilers;Enchantement d'élite. Pendant que vous maintenez cet enchantement, vos sorts de Prière de guérison vous confèrent 20% de santé en moins, mais coûtent -1..4 points d'énergie.;3;13;23;3;-1;5;.25;5;0;0;1;0;0;0;0;
1395;Balancier de Balthazar;Balthasars Pendel;Enchantement d'élite. Pendant 5..25 secondes, la prochaine fois que la cible (un allié ou vous-même) est assommée par un ennemi, l'ennemi est assommé à sa place.;3;14;23;3;0;5;.25;5;0;0;1;0;0;0;0;
1396;Paroles de réconfort;Tröstende Worte;Sort. La cible (un allié ou vous-même) est soignée de 20..65 points de vie et de 20..50 points de vie en plus si elle souffre d'une condition.;3;13;22;3;0;5;1;4;0;0;0;0;0;0;0;
1397;Lumière de la délivrance (PvP);Licht der Erlösung (PvP);Sort d'élite. Tous les membres du groupe sont soignés de 5..70 points de vie. Toutes vos Prières de châtiment sont inutilisables pendant 20 secondes.;3;13;22;3;0;5;1;8;0;0;1;0;0;0;0;
1398;Enchantement fléau;Geißelverzauberung;Maléfice. Pendant 30 secondes, chaque fois que l'ennemi visé est la cible d'un enchantement, le lanceur de cet enchantement subit 15..75 points de dégâts.;3;14;24;3;0;10;1.5;5;0;0;0;0;0;0;0;
1399;Bouclier d'absorption;Schild der Absorption;Enchantement. Pendant 3..7 secondes, les dégâts reçus par la cible (un allié ou vous-même) sont réduits de 5 points chaque fois que cette cible est blessée pendant qu'elle se trouve sous les effets de cet enchantement.;3;15;23;3;0;5;1;10;0;0;0;0;0;0;0;
1400;Revers de dégâts;Umkehrung des Schadens;Enchantement. Pendant 8 secondes, la prochaine fois que la cible (un allié ou vous-même) doit subir des dégâts, ces dégâts se retournent contre l'ennemi (maximum 5..75 points).;3;14;23;3;0;5;.25;3;0;0;0;0;0;0;0;
1401;Toucher réparateur;Genesungsberührung;Sort. La cible touchée (un allié ou vous-même) perd deux conditions et est soignée de 15..60 points de vie pour chaque condition supprimée de cette manière.;3;15;22;3;0;5;.75;6;0;0;0;0;0;0;0;
1402;Entaille critique;Kritischer Hieb;Attaque à la hache. Si cette attaque réussit, vous infligez +5..20 points de dégâts. Si elle inflige un coup critique, l'ennemi visé est interrompu.;3;18;4;1;0;5;1;15;0;0;0;0;0;0;0;
1403;Entaille agonisante;Qualvoller Hieb;Attaque à la hache. Si cette attaque réussit, vous infligez +5..20 points de dégâts. Si la cible ennemie souffre de Blessure profonde, vous interrompez son action.;3;18;4;1;0;0;1;0;6;0;0;0;0;0;0;
1404;Peste;Dreschen (PvP);Pose de combat. Pendant 1..15 secondes, vous attaquez 33% plus vite, mais vous vous déplacez 33% plus lentement. Prend fin si vous utilisez une compétence d'attaque à distance.;3;17;29;1;0;0;0;0;4;0;0;0;0;0;0;
1405;Frappe de charge;Angreifender Schlag (PvP);Pose de combat d'élite. Pendant 1..10 secondes, vous courez 33% plus vite. Votre prochaine attaque de mêlée réussie inflige +10..80 points de dégâts et cette pose prend fin. Cette pose prend fin si vous utilisez une compétence.;3;17;29;1;0;5;0;5;0;0;1;0;0;0;0;
1406;Coup de tête;Kopfstoß;Compétence élite. La cible ennemie touchée reçoit 40..100 points de dégâts. Vous êtes frappé de Stupeur pendant 10 secondes.;3;17;1;1;0;10;.75;10;0;0;1;0;0;0;0;
1407;Confort du lion;Trost des Löwen;Compétence. Tous vos sceaux sont désactivés pendant 12 secondes. Vous êtes soigné[f:"soignée"] de 50..110 points de vie et bénéficiez de 0..3 décharges d'adrénaline.;3;17;1;1;0;0;1;1;3.2;0;0;0;0;0;0;
1408;Rage du Ntouka;Wut des Ntouka;Compétence élite. Vous gagnez 1..7 décharges d'adrénaline. Pendant 8, secondes chaque fois que utilisez une compétence d'adrénaline, cette compétence se recharge pendant 3 secondes.;3;17;1;1;0;5;0;15;0;0;1;0;0;0;0;
1409;Frappe du Mokele;Mokele-Schlag;Attaque au marteau. Si l'attaque réussit, vous infligez +5..20 points de dégâts et gagnez 2 décharges d'adrénaline.;3;19;8;1;0;5;0;12;0;0;0;0;0;0;0;
1410;Attaque dominatrice;Anmaßender Schlag;Attaque au marteau. Si cette attaque réussit, elle inflige +1..20 points de dégâts. Si la cible ennemie est assommée, elle est frappée de Stupeur pendant 1..8 secondes.;3;19;8;1;0;5;0;20;0;0;0;0;0;0;0;
1411;Sceau de constitution;Siegel der Ausdauer;Sceau. Vous avez +50..300 de santé maximum. Le sceau prend fin si vous réussissez une attaque.;3;17;21;1;0;0;.25;20;0;0;0;0;0;0;0;
1412;"Vous êtes seul !";"Ihr seid ganz allein!";Cri d'élite. Si l'ennemi ciblé n'est pas proche d'un allié, cet ennemi souffre d'Infirmité et de Faiblesse pendant 8 secondes.;3;-1;20;1;0;5;0;10;0;0;1;0;0;0;0;
1413;Explosion d'agressivité;Aggressiver Ausbruch;Pose de combat. Pendant 2..10 secondes vous attaquez 33% plus vite. Lorsque cette pose de combat prend fin, vous perdez toute votre adrénaline.;3;17;29;1;0;5;0;12;0;0;0;0;0;0;0;
1414;Charge enragée;Wütender Angriff;Pose de combat. Pendant 5..15 secondes, vous vous déplacez 25% plus vite. La Charge enragée prend fin lorsque vous touchez une cible. Vous gagnez alors 0..3 décharges d'adrénaline lorsque vous réussissez une attaque au corps à corps.;3;17;29;1;0;5;0;20;0;0;0;0;0;0;0;
1415;Taillade incapacitante;Verkrüppelnder Hieb;Attaque à l'épée d'élite. Si cette attaque réussit, l'ennemi ciblé souffre d'Infirmité pendant 5..15 secondes et commence à saigner pendant 10..25 secondes.;3;20;10;1;0;0;0;0;5;0;1;0;0;0;0;
1416;Entaille barbare;Barbarischer Schnitt;Attaque à l'épée. Si cette attaque réussit, vous infligez +5..30 points de dégâts. Si vous n'êtes pas en pose de combat, vous causez également le Saignement pendant 5..15 secondes.;3;20;10;1;0;0;0;0;6;0;0;0;0;0;0;
1465;Coup préparé;Vorbereiteter Schuss;Attaque à l'arc d'élite. Si cette attaque réussit, vous infligez +10..25 points de dégâts. Si vous êtes sous les effets d'une préparation, vous obtenez 1..9 points d'énergie.;3;25;2;2;0;5;0;6;0;0;1;0;0;0;0;
1466;Flèche brûlante;Brennender Pfeil;Attaque à l'arc d'élite. Si cette attaque réussit, vous infligez +10..30 points de dégâts et provoquez la Brûlure pendant 2..8 secondes.;3;25;2;2;0;10;0;5;0;0;1;0;0;0;0;
1467;Tir arqué;Bogenschuss;Attaque à l'arc. Si cette flèche fait mouche, elle inflige +10..35 points de dégâts. Cette flèche ne peut pas être bloquée, mais se déplace 50% moins vite.;3;25;2;2;0;5;0;3;0;0;0;0;0;0;0;
1468;Attaque solidaire;Gemeinsam zuschlagen;Cri d'élite. Votre animal se déplace instantanément vers la cible ennemie et sa prochaine attaque inflige le Saignement pendant 5..15 secondes. La prochaine fois qu'une de vos attaques réussit, la cible ennemie est frappée d'Infirmité pendant 5..15 secondes.;3;22;20;2;0;5;0;10;0;0;1;0;0;0;0;
1469;Tir croisé;Kreuzfeuer;Attaque à l'arc. Si cette attaque touche un ennemi visé, elle inflige +5..20 points de dégâts. Si cet ennemi se trouve près d'un de vos alliés, cette attaque ne pourra pas être bloquée.;3;25;2;2;0;5;0;4;0;0;0;0;0;0;0;
1470;Flèches barbelées;Stachelpfeile;Préparation. Pendant 24 secondes, vos flèches provoquent le Saignement pendant 3..15 secondes. Votre bonus d'armure est réduit de 40 pendant que vous activez cette compétence.;3;24;17;2;0;10;2;12;0;0;0;0;0;0;0;
1471;Focus du charognard;Fokus des Plünderers;Compétence élite. Pendant 10 secondes, si vous frappez une cible souffrant d'une condition, vous obtenez 3..12 points d'énergie.;3;24;1;2;0;5;0;12;0;0;1;0;0;0;0;
1472;Toxicité;Giftigkeit;Rituel de la nature. Crée un esprit de niveau 1..10. Les créatures souffrant d'Empoisonnement ou de Maladie à sa portée subissent une dégénération de santé de -2. Cet esprit disparaît au bout de 30..180 secondes.;3;22;19;2;0;15;2;60;0;0;0;0;0;0;0;
1473;Sables mouvants;Treibsand;Rituel de la nature d'élite. Crée un esprit de niveau 1..10. Toutes les créatures (sauf les esprits) dans sa portée perdent 1 point d'énergie chaque fois qu'elles attaquent ou utilisent une compétence. Cet esprit disparaît au bout de 30..180 secondes.;3;24;19;2;0;10;2;30;0;0;1;0;0;0;0;
1474;Etreinte de la tempête;Umarmung des Sturms;Pose de combat. Pendant 10 secondes, vous vous déplacez 25% plus vite. Cette pose de combat est renouvelée chaque fois que vous subissez des dégâts élémentaires.;3;-1;29;2;0;5;0;30;0;0;0;0;0;0;0;
1475;Vitesse du trappeur;Geschwindigkeit des Fallenstellers;Pose de combat. Pendant 5..30 secondes, vos pièges se rechargent 25% plus vite et se déclenchent 25% plus vite. Cette pose prend fin si vous réussissez une attaque.;3;23;29;2;0;5;0;20;0;0;0;0;0;0;0;
1476;Fil de détente;Stolperdraht;Piège. Quand le Fil de détente se déclenche, tous les ennemis à proximité subissent 5..20 points de dégâts perforants. Les ennemis souffrant d'Infirmité sont assommés. Le Fil de détente fonctionne pendant 90 secondes. Vous pouvez être facilement interrompu lorsque vous activez cette compétence.;3;24;30;2;0;10;2;30;0;0;0;0;0;0;0;
1478;Afflux de renouvellement;Erneuernde Welle;Maléfice. Pendant 8 secondes, la cible ennemie subit 2..12 points de dégâts par seconde. Lorsque ce maléfice prend fin, vous gagnez 1..8 points d'énergie.;3;34;24;8;0;5;1;15;0;0;0;0;0;0;0;
1479;Offrande de l'esprit;Opfer des Geistes;Sort d'élite. Vous gagnez 8..17 points d'énergie. Si des esprits se trouvent à portée de voix, vous ne sacrifiez pas de santé.;3;34;22;8;0;3;.25;15;0;17;1;0;0;0;0;
1480;Don de l'esprit;Geschenk des Geistes;Enchantement. Pendant 60 secondes, chaque fois que vous créez une créature, tous les alliés près de cette créature gagnent 5..50 points de vie et perdent 1 condition.;3;36;23;8;0;10;1;45;0;0;0;0;0;0;0;
1481;Sceau du pacte avec la mort (PvP);Todespakt-Siegel (PvP);Sceau. Vous ressuscitez le membre du groupe visé avec autant de santé que vous et 15..100% d'énergie maximum. La prochaine fois que cet allié meurt dans les 120 secondes, vous mourez aussi.;3;33;21;8;0;0;4;12;0;0;0;0;0;0;0;
1482;Essence récupérée;Essenz zurückfordern;Sort d'élite. Tous vos esprits meurent. Vous obtenez 5..20 points d'énergie et tous vos rituels d'asservissement sont rechargés si un esprit meurt de cette manière.;3;36;22;8;0;5;1;30;0;0;1;0;0;0;0;
1483;Frappe implacable (PvP);Bannstoß (PvP);Attaque au corps à corps. Si cette attaque réussit, elle inflige 10..60 points de dégâts sacrés. Elle inflige deux fois plus de dégâts aux créatures invoquées.;3;44;3;10;0;5;0;3;0;0;0;0;0;0;0;
1484;Fauchage mystique;Mystischer Schwung;Attaque au corps à corps. Si cette attaque réussit, elle inflige +3..12 points de dégâts. Si vous êtes sous l'effet d'un enchantement, cette attaque inflige +3..12 points de dégâts supplémentaires.;3;44;3;10;0;5;1;6;0;0;0;0;0;0;0;
1485;Attaque érémitique;Angriff des Eremiten;Attaque à la faux. Si cette attaque réussit, elle inflige +1..10 points de dégâts et retire un enchantement de Derviche. Si un enchantement est retiré, vous infligez +1..10 points de dégâts à tous les ennemis adjacents.;3;41;9;10;0;5;0;6;0;0;0;0;0;0;0;
1486;Moisson des impuretés;Unreinheiten ausnutzen;Attaque au corps à corps. Si cette attaque réussit, elle inflige +3..15 points de dégâts. Chaque ennemi que vous touchez perd 1 condition. Simultanément, tous les ennemis adjacents à celui-ci subissent 10..40 points de dégâts sacrés.;3;41;3;10;0;0;0;0;4.8;0;0;0;0;0;0;
1487;Fauchage des deux lunes (PvP);Doppelter Mondschwung (PvP);Attaque au corps à corps. Vous perdez un enchantement de Derviche et gagnez 10..20 points de vie. Si un enchantement est perdu de cette manière, vous ne pouvez pas être bloqué[f:"bloquée"], vous frappez à deux reprises (en infligeant à chaque fois 25% de dégâts de moins que la normale) et vous gagnez 10..30 points de vie supplémentaires.;3;41;3;10;0;0;0;0;6.4;0;0;0;0;0;0;
1488;Fauchage victorieux;Siegreicher Schwung;Attaque au corps à corps. Si cette attaque réussit, elle inflige +5..25 points de dégâts. Si la cible ennemie dispose de moins de points de vie que vous, vous gagnez 30..80 points de vie.;3;41;3;10;0;5;0;4;0;0;0;0;0;0;0;
1489;Fauchage impérieux (PvP);Unwiderstehlicher Schwung (PvP);Attaque à la faux. Inflige +3..15 points de dégâts et supprime un enchantement de Derviche. Si vous perdez un enchantement de cette manière, le Fauchage impérieux ne peut pas être bloqué et supprime une pose de combat.;3;41;9;10;0;0;0;0;4.8;0;0;0;0;0;0;
1490;Assaut pieux (PvP);Frommer Angriff (PvP);Attaque au corps à corps. Vous supprimez un enchantement de Derviche. En cas de perte d'un enchantement de Derviche, cette compétence se recharge 75% plus vite et les ennemis adjacents subissent 15..40 points de dégâts.;3;41;3;10;0;5;0;12;0;0;0;0;0;0;0;
1491;Tornade mystique;Mystischer Wirbelsturm;Sort. Inflige 10..60 points de dégâts du froid à tous les ennemis à proximité. Si vous êtes sous l'effet d'un enchantement, ce sort inflige 10..60 points de dégâts supplémentaires.;3;42;22;10;0;0;.5;4;4.8;0;0;0;0;0;0;
1493;Doigts de Grenth;Grenths Finger;Enchantement instantané. Tous les ennemis proches reçoivent 10..40 points de dégâts du froid. Pendant 30 secondes, vos attaques infligent des dégâts du froid. A l'issue de cet enchantement, vous transférez 1..2 conditions à tous les ennemis proches.;3;42;33;10;0;5;0;10;0;0;0;0;0;0;0;
1495;Aura d'épines (PvP);Dornenaura (PvP);Enchantement instantané. Tous les ennemis adjacents souffrent de Saignement pendant 5..15 secondes. Pendant 30 secondes, cet enchantement est sans effet. Lorsque cet enchantement prend fin, tous les ennemis à proximité sont frappés d'Infirmité pendant 3..8 secondes.;3;43;33;10;0;10;0;10;0;0;0;0;0;0;0;
1496;Rage de Balthazar;Balthasars Wut;Enchantement instantané. Tous les ennemis à proximité s'embrasent pendant 1..3 secondes. Pendant 20 secondes à partir de ce moment, cet enchantement est sans effet. Au terme de cet enchantement, vous gagnez 1..2 décharges d'adrénaline s'il y a des ennemis à portée de voix.;3;44;33;10;0;10;0;10;0;0;0;0;0;0;0;
1497;Manteau de poussière (PvP);Staubdecke (PvP);Enchantement instantané. Tous les ennemis à proximité subissent 10..40 points de dégâts de la terre. Pendant 30 secondes, vos attaques infligent des dégâts de la terre. Lorsque cet enchantement prend fin, tous les ennemis à proximité sont aveuglés pendant 1..4 secondes.;3;43;33;10;0;10;0;10;0;0;0;0;0;0;0;
1498;Force stupéfiante;Umwerfende Gewalt;Enchantement instantané. Tous les ennemis proches reçoivent 10..40 points de dégâts de la terre. Pendant 30 secondes, vos attaques infligent des dégâts de la terre. A l'issue de cet enchantement, tous les ennemis adjacents subissent Armure brisée pendant 1..10 secondes.;3;43;33;10;0;10;0;6;0;0;0;0;0;0;0;
1499;Renouveau pieux;Fromme Erneuerung;Enchantement instantané d'élite. Pendant 8 secondes, rien ne se passe. Lorsque cet enchantement prend fin, Renouveau pieux est rechargé et vous gagnez 0..5 points d'énergie et 0..30 points de vie.;3;44;33;10;0;5;0;8;0;0;1;0;0;0;0;
1500;Manteau de mirage;Trugbild-Umhang (PvP);Enchantement instantané. Pendant 1..7 secondes, vous avez 30..60% de chances de bloquer les attaques. Lorsque vous lancez cet enchantement, tous les ennemis adjacents reçoivent 10..40 points de dégâts de la terre.;3;43;33;10;0;10;0;15;0;0;0;0;0;0;0;
1502;Zèle arcane;Arkaner Eifer;Enchantement d'élite. Pendant 10 secondes, chaque fois que vous lancez un sort, vous gagnez 2 points d'énergie pour chaque enchantement qui vous affecte (2..7 points d'énergie maximum).;3;44;23;10;0;10;1;5;0;0;1;0;0;0;0;
1503;Vigueur mystique;Mystische Vitalität;Enchantement. Pendant 20 secondes, chaque fois que vous réussissez une attaque, vous gagnez 3..15 points de vie pour chaque enchantement qui vous affecte (25 points de vie maximum).;3;44;23;10;0;5;.25;15;0;0;0;0;0;0;0;
1504;Intervention vigilante;Wachsame Intervention;Enchantement. Pendant 60 secondes, la prochaine fois que la santé de la cible (un allié ou vous-même) est inférieure à 25%, cette cible est soignée de 50..200 points de vie.;3;44;23;10;0;10;1;15;0;0;0;0;0;0;0;
1505;Voeu de piété;Gelübde der Frömmigkeit;Enchantement. Pendant 20 secondes, vous bénéficiez d'un bonus d'armure de +24 et d'une régénération de santé de +1..4. Voeu de piété se renouvelle chaque fois qu'un enchantement cesse de faire effet sur vous.;3;42;23;10;0;15;.25;45;0;0;0;0;0;0;0;
1506;Compagnon vital;Wesentliche Wohltat;Enchantement. Pendant 20 secondes, vous avez +40..100 de santé maximum. Lorsque cet enchantement prend fin, vous êtes soigné[f:"soignée"] de 75..200 points de vie.;3;43;23;10;0;5;1;8;0;0;0;0;0;0;0;
1507;Coeur de la Flamme sacrée;Herz der heiligen Flamme;Enchantement instantané. Tous les ennemis à proximité subissent 5..30 points de dégâts sacrés. Pendant 30 secondes, vos attaques infligent des dégâts sacrés. Lorsque cet enchantement prend fin, tous les ennemis à proximité s'embrasent pendant 2..5 secondes.;3;44;33;10;0;10;0;10;0;0;0;0;0;0;0;
1508;Prolongation des Enchantements;Verzauberungen ausweiten;Compétence. Pendant 10 secondes.), votre prochain enchantement de Derviche dure 10..150% plus longtemps.;3;44;1;10;0;5;0;10;0;0;0;0;0;0;0;
1509;Intervention fidèle;Vertrauensvolle Intervention;Enchantement. Si votre santé descend en dessous de 50%, l'Intervention fidèle prend fin et vous êtes soigné[f:"soignée"] de 30..150 points de vie.;3;44;23;10;0;5;2;20;0;0;0;0;0;0;0;
1510;Eclats de sable;Sandscherben;Enchantement instantané. Pendant 30 secondes, vos 1..5 prochaines attaques à la faux infligent 10..60 points de dégâts de la terre à tous les ennemis adjacents.;3;43;33;10;0;10;0;10;0;0;0;0;0;0;0;
1512;Hâte de Lyssa (PvP);Lyssas Eile (PvP);Enchantement instantané. Pendant 3..15 secondes, vos enchantements de Derviche se rechargent 33% plus vite. Lorsque vous activez cet enchantement, tous les ennemis adjacents sont interrompus. Lorsque cet enchantement prend fin, tous les ennemis adjacents sont interrompus. 50 % de risques d'échec sauf si vous disposez de Prières du Vent 5 ou plus.;3;42;33;10;0;5;0;25;0;0;0;0;0;0;0;
1513;Mains directrices (PvP);Lenkende Hände (PvP);Enchantement. Pendant 20 secondes, vos 0..3 prochaines attaques ne peuvent pas être bloquées. Une fois activée, cette compétence annule l'Aveuglement.;3;42;23;10;0;10;.25;15;0;0;0;0;0;0;0;
1514;Brève stabilité;Flüchtige Stabilität (PvP);Enchantement instantané. Pendant 2..8 secondes, vous ne pouvez pas être assommé[f:"assommée"] et vous déplacez 25% plus vite. Cet enchantement prend fin prématurément s'il vous empêche d'être assommé[f:"assommée"].;3;43;33;10;0;5;0;10;0;0;0;0;0;0;0;
1515;Armure de sainteté;Rüstung der Heiligkeit;Enchantement. Tous les ennemis adjacents sont frappés de Faiblesse pendant 5..15 secondes. Pendant 15 secondes, vous subissez 5..20 points de dégâts en moins de la part des ennemis souffrant d'une condition.;3;43;23;10;0;5;.25;15;0;0;0;0;0;0;0;
1516;Régénération mystique (PvP);Mystische Regeneration (PvP);Enchantement. Pendant 5..20 secondes, vous bénéficiez d'une régénération de santé de +1..4 pour chaque enchantement (3 maximum) qui vous affecte.;3;43;23;10;0;15;.25;15;0;0;0;0;0;0;0;
1517;Voeu du silence;Schweigegelübde;Enchantement d'élite. Pendant 5..10 secondes, vous ne pouvez pas être la cible de sorts, et vous ne pouvez pas lancer de sorts.;3;44;23;10;0;5;.25;10;0;0;1;0;0;0;0;
1518;Avatar de Balthazar;Balthasars Avatar;Transformation d'élite. Pendant 10..90 secondes, vous bénéficiez d'un bonus d'armure de +20 contre les dégâts physiques, vous gagnez de l'adrénaline 25% plus vite, vos attaques infligent des dégâts sacrés, et chaque fois que vous perdez un enchantement de Derviche, les ennemis à proximité s'embrasent pendant 1..3 secondes. Cette compétence est désactivée pendant 45 secondes.;3;44;15;10;0;5;2;20;0;0;1;0;0;0;0;
1519;Avatar de Dwayna (PvP);Dwaynas Avatar (PvP);Transformation d'élite. Pendant 10..90 secondes, vos attaques infligent des dégâts sacrés. Dès que vous utilisez une compétence d'attaque de Derviche, vous perdez 1 maléfice. Quand vous perdez un enchantement de Derviche, vous êtes guéri[f:"guérie"] à hauteur de 5..50 points de vie. Cette compétence est désactivée pendant 45 secondes.;3;44;15;10;0;5;2;20;0;0;1;0;0;0;0;
1520;Avatar de Grenth;Grenths Avatar;Transformation d'élite. Pendant 10..90 secondes, vos attaques à la faux infligent des dégâts obscurs et volent 0..12 points de vie. Vous êtes immunisé[f:"immunisée"] contre la Maladie et vous infligez Maladie à tous les ennemis adjacents pendant 3 secondes dès que vous perdez un enchantement de Derviche. Cette compétence est désactivée pendant 45 secondes.;3;44;15;10;0;5;2;20;0;0;1;0;0;0;0;
1521;Avatar de Lyssa;Lyssas Avatar;Transformation d'élite. Pendant 10..90 secondes, vos enchantements de Derviche se rechargent 50% plus vite et vos attaques infligent des dégâts chaotiques. Vous volez 1 points d'énergie à tous les ennemis adjacents lorsque vous perdez un enchantement de Derviche. Cette compétence est désactivée pendant 45 secondes.;3;44;15;10;0;5;2;20;0;0;1;0;0;0;0;
1522;Avatar de Melandru (PvP);Melandrus Avatar (PvP);Transformation d'élite. Pendant 10..90 secondes, vous bénéficiez de +100 points de vie et de +30 points d'armure élémentaire. En outre, vos attaques infligent des dégâts de la terre. Quand vous perdez un enchantement de Derviche, vous perdez 2 conditions. Cette compétence est désactivée pendant 45 secondes.;3;44;15;10;0;5;2;20;0;0;1;0;0;0;0;
1523;Méditation;Meditation;Enchantement. Perte de toute l'adrénaline. Pendant 20 secondes, vous gagnez 1..4 points d'énergie chaque fois qu'un enchantement vous affectant prend fin.;3;44;23;10;0;10;.25;15;0;0;0;0;0;0;0;
1524;Zèle érémitique;Eifer des Eremiten;Enchantement. Vous gagnez 1..3 points d'énergie (maximum : 8 points d'énergie) par ennemi à portée de voix. Pendant 10 secondes à partir de ce moment, cet enchantement est sans effet. A l'issue de l'enchantement, vous gagnez 1..3 points d'énergie par ennemi à portée de voix (maximum 8 points d'énergie).;3;44;23;10;0;5;.25;15;0;0;0;0;0;0;0;
1525;Guérison naturelle;Natürliche Heilung;Sort. Vous êtes soigné[f:"soignée"] de 50..170 points de vie. Si vous n'êtes pas sous l'effet d'un enchantement, ce sort s'active 50% plus vite.;3;42;22;10;0;5;1;6;0;0;0;0;0;0;0;
1526;Santé imprégnée;Mit Leben durchdringen;Sort. L'allié visé est soigné de 5..50% de votre santé actuelle (maximum 300 points de vie).;3;44;22;10;0;10;.25;10;0;0;0;0;0;0;0;
1527;Guérison mystique (PvP);Mystische Heilung (PvP);Sort. Vous êtes soigné[f:"soignée"] de 5..65 points de vie. Tous les membres du groupe enchantés sont également soignés de 5..65 points de vie.;3;42;22;10;0;5;1;10;0;0;0;0;0;0;0;
1528;Toucher de Dwayna;Dwaynas Berührung;Sort. L'allié ciblé touché est soigné de 60 points de vie pour chaque enchantement auquel vous êtes sujet (60..240 points maximum).;3;42;22;10;0;5;.75;5;0;0;0;0;0;0;0;
1529;Rétablissement pieux;Fromme Wiederherstellung (PvP);Sort. Vous gagnez 80..150 points de vie et levez un enchantement de Derviche. Si un enchantement est levé de cette façon, vous perdez également 1 maléfices.;3;42;22;10;0;5;1;15;0;0;0;0;0;0;0;
1530;Sceau de lumière pieuse;Siegel des frommen Lichts;Sceau. Supprime un enchantement de Derviche. Soigne l'allié ciblé à hauteur de 30..150 points de vie. Si un enchantement est levé de cette façon, ce Sceau se recharge 75% plus vite.;3;43;21;10;0;0;1;20;0;0;0;0;0;0;0;
1531;Aura intimidante;Einschüchternde Aura;Enchantement. Pendant 60 secondes, vous bénéficiez de +40..100 points de santé maximum et subissez 1..10 points de dégâts en moins lors des attaques d'ennemis disposant de moins de points de vie que vous.;3;44;23;10;0;10;.75;20;0;0;0;0;0;0;0;
1532;Tempête de sable mystique;Mystischer Sandsturm;Sort. Crée une Tempête de sable à l'endroit où vous vous trouvez d'une durée de 3 secondes. Tous les ennemis à proximité subissent 10..40 points de dégâts de la terre par seconde. Les ennemis qui vous attaquent subissent 10..20 points de dégâts supplémentaires. Si vous êtes sous l'effet d'un enchantement lorsque vous lancez ce sort, celui-ci dure deux fois plus longtemps.;3;43;22;10;0;0;1;8;4.8;0;0;0;0;0;0;
1533;Vents de désenchantement;Wind der Entzauberung;Sort. Supprime un de vos enchantements de Derviche. En cas de perte d'enchantement, tous les ennemis à proximité perdent un enchantement et subissent 20..80 points de dégâts du froid.;3;42;22;10;0;5;.75;15;0;0;0;0;0;0;0;
1534;Toucher déchirant;Zerreißende Berührung;Sort. Inflige 15..65 points de dégâts de froid à la cible ennemie. Vous perdez un enchantement de Derviche. En cas de perte d'enchantement, la cible ennemie perd un enchantement et vous obtenez 2 décharges d'adrénaline.;3;44;22;10;0;5;.75;12;0;0;0;0;0;0;0;
1535;Fauchage invalidant;Verkrüppelnder Schwung;Attaque à la faux. Si votre attaque touche un ennemi, celui-ci est frappé d'Infirmité pendant 3..12 secondes. Cette compétence inflige +3..15 points de dégâts en plus si l'ennemi est en mouvement.;3;41;9;10;0;5;0;6;0;0;0;0;0;0;0;
1536;Attaque blessante (PvP);Verwundender Schlag (PvP);Attaque à la faux d'élite. Si cette attaque réussit, l'ennemi ciblé souffre de Saignement pendant 5..20 secondes et vous perdez un enchantement de Derviche. Si un enchantement a été levé, l'ennemi ciblé souffre également de Blessure profonde pendant 5..20 secondes.;3;41;9;10;0;5;0;3;0;0;1;0;0;0;0;
1537;Coup lassant;Ermüdender Schlag;Attaque à la faux. Vous supprimez un enchantement de Derviche. Si un enchantement a été levé, vous infligez une Blessure profonde pendant 3..10 secondes. Vous souffrez de Faiblesse pendant 10 secondes si un enchantement n'est pas levé.;3;41;9;10;0;0;0;0;6;0;0;0;0;0;0;
1538;Assaut de Lyssa;Lyssas Angriff;Attaque à la faux. Si cette attaque réussit, elle interrompt une action. Si vous êtes sous le coup d'un enchantement, toute compétence que vous interrompez est désactivée pendant 1..10 secondes de plus. Cette attaque inflige 50% des dégâts normaux.;3;41;9;10;0;5;.5;15;0;0;0;0;0;0;0;
1539;Victoire frissonnante;Kühler Sieg;Attaque à la faux. Si elle réussit, cette attaque inflige +3..15 points de dégâts. A chaque ennemi touché dont la santé est inférieure à la vôtre, cet ennemi et tous les ennemis adjacents subissent 10..30 points de dégâts du froid.;3;41;9;10;0;0;0;0;6;0;0;0;0;0;0;
1540;Conviction;Überzeugung;Enchantement instantané. Pendant 10 secondes, vous gagnez +10 en armure si vous avez une condition et +1..3 en régénération de santé pour chaque condition dont vous souffrez. Lorsque cet enchantement prend fin, vous êtes libéré[f:"libérée"] de 1..2 conditions.;3;43;33;10;0;5;0;10;0;0;0;0;0;0;0;
1541;Hâte enchantée;Verzauberte Eile;Enchantement instantané. Pendant 7 secondes, vous vous déplacez 25% plus vite. Si cet enchantement s'achève prématurément, vous perdez 1 conditions.;3;-1;33;10;0;10;0;15;0;0;0;0;0;0;0;
1542;Concentration pieuse;Fromme Konzentration;Pose de combat. Pendant 5..20 secondes, vous ne pouvez pas être interrompu[f:"interrompue"], mais pour chaque tentative d'interruption contre vous, soit vous perdez 1 enchantement de Derviche, soit Concentration pieuse prend fin.;3;43;29;10;0;10;0;10;0;0;0;0;0;0;0;
1543;Hâte pieuse;Fromme Eile;Pose de combat. Vous levez un enchantement de Derviche et pendant 1..7 secondes vous vous déplacez 25% plus vite. En cas de perte d'enchantement, vous courez 50% plus vite à la place.;3;44;29;10;0;5;0;12;0;0;0;0;0;0;0;
1544;Charge tourbillonnante;Wirbelangriff (PvP);Enchantement instantané. Pendant 1..6 secondes, vous vous déplacez 33% plus vite que la normale. La prochaine fois que vous touchez un ennemi, tous les ennemis à proximité subissent 10..50 points de dégâts du froid et cet enchantement prend fin.;3;42;33;10;0;5;0;10;0;0;0;0;0;0;0;
1545;Test de foi;Glaubensprüfung;Sort. Inflige 15..75 points de dégâts du froid à la cible ennemie et lui enlève 1 enchantement. Si cet ennemi n'était pas enchanté, il souffre de Stupeur pendant 2..6 secondes.;3;42;22;10;0;0;.5;5;5;0;0;0;0;0;0;
1546;Javelot ardent;Lodernder Speer;Attaque au javelot. Si cette attaque réussit, elle inflige +5..25 points de dégâts et embrase la cible ennemie pendant 1..3 secondes.;3;37;12;9;0;0;0;0;6;0;0;0;0;0;0;
1547;Lancer puissant (PvP);Mächtiger Wurf (PvP);Attaque au javelot. Votre javelot se déplace trois fois plus vite. Si l'attaque réussit, vous infligez +10..40 points de dégâts.;3;37;12;9;0;0;1;1;4;0;0;0;0;0;0;
1548;Javelot cruel;Grausamer Speer;Attaque au javelot d'élite. Si cette attaque réussit, vous infligez +10..50 points de dégâts. Si elle touche une cible immobile, vous infligez une Blessure profonde pendant 5..20 secondes.;3;37;12;9;0;0;0;0;6;0;1;0;0;0;0;
1549;Lancer d'harrier (PvP);Wurf des Läufers (PvP);Attaque au javelot. Si cette attaque réussit, vous infligez +5..20 points de dégâts. Si elle touche un ennemi en mouvement, elle inflige 5..40 points de dégâts en plus.;3;37;12;9;0;10;1;10;0;0;0;0;0;0;0;
1550;Lancer impitoyable;Unblockbarer Wurf;Attaque au javelot. Si cette attaque réussit, vous infligez +10..40 points de dégâts. Cette attaque ne peut pas être bloquée.;3;37;12;9;0;0;1;1;6;0;0;0;0;0;0;
1551;Javelot d'éclair;Speer des Blitzes;Attaque au javelot. Frappe tous les ennemis entre vous et votre cible. Si cette attaque réussit, elle inflige +10..20 points de dégâts de foudre. Cette attaque a 25% de pénétration d'armure.;3;37;12;9;0;5;0;6;0;0;0;0;0;0;0;
1552;Javelots lassants;Ermüdender Speer;Attaque au javelot. Si cette attaque réussit, vous infligez +10..40 points de dégâts. Vous souffrez de Faiblesse pendant 5 secondes.;3;37;12;9;0;0;0;0;3;0;0;0;0;0;0;
1553;Hymne de furie;Hymne der Wut;Chant d'élite. Pendant 10 secondes, tous les membres du groupe à portée de voix bénéficient de 2..5 décharges d'adrénaline la prochaine fois qu'ils utilisent une compétence d'attaque.;3;40;13;9;0;5;1;10;0;0;1;0;0;0;0;
1554;Hymne d'infirmité;Verkrüppelungs-Hymne;Chant d'élite. Pendant 10 secondes, la prochaine compétence d'attaque utilisée par chaque allié à portée de voix cause l'Infirmité pendant 5..15 secondes.;3;38;13;9;0;0;1;0;3;0;1;0;0;0;0;
1555;Hymne défensif (PvP);Verteidigungshymne (PvP);Chant d'élite. Pendant 4..10 secondes, chaque membre du groupe à portée de voix a 50% de chances de bloquer les attaques qui lui sont lancées. Ce chant prend fin si cet allié frappe avec une compétence d'attaque.;3;40;13;9;0;15;2;15;0;0;1;0;0;0;0;
1556;Bon voyage;Gute Reise;Cri. Pendant 5..20 secondes, tous les alliés à portée de voix se déplacent 25% plus vite pendant qu'ils sont sous les effets d'un enchantement.;3;38;20;9;0;10;0;30;0;0;0;0;0;0;0;
1557;Hymne de flamme;Hymne der Flamme;Chant. Pendant 10 secondes, la prochaine compétence d'attaque utilisée par chaque membre du groupe à portée de voix cause aussi la Brûlure pendant 1..5 secondes.;3;40;13;9;0;5;1;10;0;0;0;0;0;0;0;
1558;"Visez les yeux !" (PvP);"Zielt auf die Augen!" (PvP);Cri. Pendant 10 secondes, la prochaine fois que chaque allié à portée de voix lance une attaque, cette attaque a 30..75% de chances d'infliger un coup critique.;3;38;20;9;0;0;0;4;4;0;0;0;0;0;0;
1559;Hymne de la jalousie (PvP);Hymne des Neids (PvP);Chant. Pendant 10 secondes, la prochaine compétence d'attaque utilisée par chaque allié à portée de voix inflige +10..20 points de dégâts contre les ennemis ayant plus de 50% de santé.;3;38;13;9;0;0;1;6;6;0;0;0;0;0;0;
1560;Chant de la puissance;Machtgesang;Chant. Pendant 5..20 secondes, chaque allié à portée de voix bénéficie d'une régénération d'énergie de 4 jusqu'à ce qu'il utilise une compétence.;3;39;13;9;0;15;1;30;0;0;0;0;0;0;0;
1561;Hymne zélé;Eifrige Hymne;Chant. Pendant 10 secondes, la prochaine fois que chaque allié à portée de voix utilise une compétence d'attaque, il reçoit 1..8 points d'énergie.;3;39;13;9;0;10;1;10;0;0;0;0;0;0;0;
1562;Aria de zèle;Arie des Eifers;Chant. Pendant 10 secondes, la prochaine fois que chaque allié à portée de voix utilise un sort, il bénéficie de 1..6 points d'énergie.;3;39;13;9;0;5;1;10;0;0;0;0;0;0;0;
1563;Poème de zèle;Lyrik des Eifers;Chant. Pendant 10 secondes, la prochaine fois que chaque allié à portée de voix utilise un sceau, il bénéficie de 1..8 points d'énergie.;3;39;13;9;0;0;1;0;6;0;0;0;0;0;0;
1564;Ballade de rétablissement (PvP);Ballade der Wiederherstellung (PvP);Chant. Pendant 10 secondes, la prochaine fois que chaque membre du groupe à portée de voix subit des dégâts, il est soigné de 15..75 points de vie.;3;39;13;9;0;10;1;20;0;0;0;0;0;0;0;
1565;Choeur de rétablissement;Chor der Wiederherstellung;Chant. Pendant 10 secondes, la prochaine fois que chaque allié à portée de voix utilise un cri ou un chant, il est soigné de 30..90 points de vie.;3;39;13;9;0;0;1;5;4;0;0;0;0;0;0;
1566;Aria de rétablissement;Arie der Wiederherstellung;Chant. Pendant 10 secondes, la prochaine fois que chaque membre du groupe à portée de voix utilise un sort, il est soigné de 30..90 points de vie.;3;39;13;9;0;10;1;10;0;0;0;0;0;0;0;
1567;Chanson de concentration;Lied der Konzentration;Chant. Pendant 10 secondes, la prochaine compétence utilisée par chaque allié à portée de voix ne peut pas être interrompue.;3;-1;13;9;0;0;2;5;8;0;0;0;0;0;0;
1568;Hymne de direction;Hymne der Führung;Chant d'élite. Pendant 10 secondes, la prochaine compétence d'attaque utilisée par chaque membre du groupe à portée de voix ne peut pas être bloquée.;3;38;13;9;0;0;1;0;2;0;1;0;0;0;0;
1569;Choeur énergisant;Energie bringender Chor;Chant. Pendant 10 secondes, le prochain cri ou chant utilisé par chaque allié à portée de voix coûte 3..7 points d'énergie en moins.;3;39;13;9;0;0;1;0;3;0;0;0;0;0;0;
1570;Chanson de purification;Lied der Läuterung;Chant d'élite. Pendant 20 secondes, les prochaines compétences (au nombre de 1..6) utilisées par chaque allié à portée de voix ôtent 1 condition à cet allié.;3;39;13;9;0;0;2;0;3;0;1;0;0;0;0;
1571;Aria de leveur de maléfice;Verhexungsbrech-Arie;Chant. Pendant 10 secondes, la prochaine fois que chaque allié à portée de voix lance un sort, il perd un maléfice.;3;-1;13;9;0;0;2;0;8;0;0;0;0;0;0;
1572;"Préparez-vous !" (PvP);"Seid vorbereitet!" (PvP);Cri. Pendant 5..15 secondes, la prochaine fois qu'un allié doit être assommé, 1 ennemi à proximité subit 15..90 points de dégâts à la place.;3;38;20;9;0;5;0;8;0;0;0;0;0;0;0;
1573;Crainte;Ehrfurcht;Compétence. Si cette compétence touche un ennemi renversé, cet ennemi est frappé de Stupeur pendant 5..15 secondes.;3;40;1;9;0;10;.75;10;0;0;0;0;0;0;0;
1574;Harmonie persistante;Dauerhafte Harmonie;Echo. Pendant 10..35 secondes, les chants et les cris durent 50% plus longtemps sur la cible alliée (autre qu'un esprit).;3;40;14;9;0;5;1;10;0;0;0;0;0;0;0;
1575;Finale enflammé (PvP);Loderndes Finale (PvP);Echo. Pendant 10..35 secondes, chaque fois qu'un chant ou un cri sur la cible (autre qu'un esprit) prend fin, tous les ennemis adjacents à cette cible s'embrasent pendant 1..5 secondes.;3;40;14;9;0;5;1;8;0;0;0;0;0;0;0;
1576;Refrain brûlant;Brennender Refrain;Echo. Pendant 20 secondes, si la cible (autre qu'un esprit) blesse un ennemi ayant plus de santé qu'elle, cet ennemi s'embrase pendant 1..3 secondes. Cet écho se reproduit chaque fois qu'un chant ou un cri sur cet allié prend fin.;3;40;14;9;0;10;1;10;0;0;0;0;0;0;0;
1577;Finale de rétablissement (PvP);Finale der Wiederherstellung (PvP);Echo. Pendant 10..35 secondes, les 5 prochaines fois qu'un chant ou un cri sur une cible (autre qu'un esprit) prend fin, cette cible est soignée de 15..75 points de vie.;3;39;14;9;0;5;1;10;0;0;0;0;0;0;0;
1578;Refrain de réparation (PvP);Genesungsrefrain (PvP);Echo. Pendant 15 secondes, vous bénéficiez d'une régénération de santé de +2..3. Cet écho se renouvelle chaque fois qu'un chant ou un cri vous affectant prend fin.;3;39;14;9;0;10;1;8;0;0;0;0;0;0;0;
1579;Finale purifiant;Reinigendes Finale;Echo. Pendant 10..35 secondes, la cible alliée (autre qu'un esprit) perd 1 condition chaque fois qu'un chant ou un cri sur cet allié prend fin.;3;39;14;9;0;5;.25;5;0;0;0;0;0;0;0;
1580;Refrain du Bladeturn (PvP);Klingenumkehr-Refrain (PvP);Echo. Pendant 20 secondes, la cible alliée (autre qu'un esprit) a un bonus d'armure de +10..40 contre les dégâts tranchants. Cet écho est répété chaque fois qu'un chant ou un cri sur cet allié prend fin.;3;38;14;9;0;5;1;8;0;0;0;0;0;0;0;
1581;Sceau rayonnant;Glühendes Siegel;Sceau. Si la cible ennemie souffre de Brûlure, vous bénéficiez de 5..15 points d'énergie.;3;40;21;9;0;0;.25;15;0;0;0;0;0;0;0;
1583;Zèle du meneur;Eifer des Anführers;Compétence. Pour chaque allié à proximité, vous bénéficiez de 2..4 points d'énergie (maximum 8..12 points d'énergie).;3;39;1;9;0;5;0;12;0;0;0;0;0;0;0;
1584;Confort du meneur;Trost des Anführers;Compétence. Vous bénéficiez de 30..75 points de vie. Pour chaque allié à portée de voix, vous gagnez +10..20 points de vie supplémentaires (maximum 140 points de vie).;3;40;1;9;0;5;2;8;0;0;0;0;0;0;0;
1585;Sceau de synergie;Siegel der Synergie;Sceau. La cible alliée est soignée de 40..100 points de vie. Si vous n'êtes pas sous les effets d'un enchantement, vous êtes aussi soigné[f:"soignée"] de 40..100 points de vie.;3;39;21;9;0;0;1;10;0;0;0;0;0;0;0;
1586;Protection angélique;Engelsschutz;Compétence. Pendant 10 secondes, chaque fois que l'allié visé subit plus de 250..80 points de dégâts par seconde, il est soigné pour tous les dégâts excédant ce nombre de points.;3;40;1;9;0;5;0;30;0;0;0;0;0;0;0;
1587;Lien angélique;Engelsbindung;Compétence élite. Pendant 10 secondes, la prochaine fois qu'un allié à portée de voix doit subir des dégâts mortels, ces derniers sont annulés et il est soigné de 20..200 points de vie. Lien angélique prend fin sur tous les autres alliés.;3;40;1;9;0;5;1;15;0;0;1;0;0;0;0;
1588;Sceau cautère;Siegel der Verätzung;Sceau d'élite. Tous les membres du groupe perdent toutes leurs conditions. Vous êtes embrasé pendant 1 seconde pour chaque condition supprimée de cette façon.;3;-1;21;9;0;0;2;15;0;0;1;0;0;0;0;
1589;"Tenez bon !" (PvP);"Haltet Eure Stellung!" (PvP);Cri. Pendant 5..20 secondes, tous les membres du groupe à portée de voix reçoivent +24 de bonus d'armure lorsqu'ils sont immobiles. Cet effet prend fin sur l'allié affecté par ce cri lorsque cet allié attaque.;3;38;20;9;0;15;0;30;0;0;0;0;0;0;0;
1590;"Ouvrez le chemin !";"Geht voran!";Cri. La cible alliée se déplace 25% plus vite pendant 1..5 secondes pour chaque allié à portée de voix (30 secondes maximum).;3;40;20;9;0;5;0;8;0;0;0;0;0;0;0;
1591;"Faites vite !";"Beeilt Euch!";Cri. Pendant 5..20 secondes, l'allié visé se déplace 33% plus vite. Cette compétence prend fin si cet allié réussit son attaque.;3;38;20;9;0;5;0;10;0;0;0;0;0;0;0;
1592;"Nous reviendrons !" (PvP);"Wir kommen wieder!" (PvP);Cri. Pendant 10 secondes, chaque fois que les membres du groupe à portée de voix utilisent une compétence de résurrection, leurs alliés morts reviennent à la vie avec 10..75% de santé et 5..50% d'énergie en plus.;3;38;20;9;0;5;0;15;0;0;0;0;0;0;0;
1593;"N'abandonnez jamais !"  (PvP);"Gebt niemals auf!" (PvP);Cri. Tous les alliés à portée de voix ayant moins de 75% de santé gagnent 1..10 points d'énergie.;3;38;20;9;0;5;0;20;0;0;0;0;0;0;0;
1594;"À l'aide !" (PvP);"Hilfe!" (PvP);Cri. L'allié ciblé (sauf les esprits) gagne 5..50 points de vie. Pendant 1..10 secondes, les sorts des autres alliés ciblant cet allié s'incantent 50% plus vite.;3;38;20;9;0;5;0;15;0;0;0;0;0;0;0;
1595;"Repliez-vous !" (PvP);"Zurückweichen!" (PvP);Cri. Pendant 4..10 secondes, tous les alliés à portée de voix bénéficient de 5..15 points de vie par seconde lorsqu'ils sont en mouvement et se déplacent 33% plus vite. "Repliez-vous !" prend fin sur l'allié affecté par ce cri lorsque cet allié réussit une attaque.;3;38;20;9;0;10;0;25;0;0;0;0;0;0;0;
1596;"Attention !" (PvP);"Schon unterwegs!" (PvP);Cri d'élite. Pendant 4..10 secondes, tous les alliés à portée de voix se déplacent 33% plus vite et gagnent 5..15 points de vie par seconde en se déplaçant.;3;38;20;9;0;10;0;25;0;0;1;0;0;0;0;
1597;"Ils sont enflammés !";"Sie brennen!";Cri. Pendant 10 secondes, les membres du groupe à portée de voix subissent 5..35% de dégâts en moins lorsqu'ils sont infligés par des ennemis souffrant de Brûlure.;3;40;20;9;0;10;0;10;0;0;0;0;0;0;0;
1598;"Ne vous rendez jamais !" (PvP);"Ergebt Euch nicht!" (PvP);Cri. Pendant 10 secondes, tous les membres du groupe à portée de voix ayant moins de 75% de santé bénéficient d'une régénération de santé de +1..5.;3;38;20;9;0;5;0;20;0;0;0;0;0;0;0;
1599;C'est juste une petite blessure.;Es ist nur eine Fleischwunde.;Cri d'élite. La cible alliée perd toutes ses conditions. Si une condition est supprimée de cette manière, cet allié se déplace 25% plus vite pendant 1..10 secondes.;3;39;20;9;0;5;0;2;0;0;1;0;0;0;0;
1600;Javelot perforant;Stachelspeer;Attaque au javelot. Si cette attaque réussit, votre cible souffre de Saignement pendant 5..20 secondes.;3;37;12;9;0;0;0;0;2;0;0;0;0;0;0;
1601;Attaque vicieuse;Bösartiger Angriff;Attaque au javelot. Si cette attaque réussit, vous infligez +5..20 points de dégâts. Si votre attaque inflige un coup critique, la cible ennemie souffre de Blessure profonde pendant 5..15 secondes.;3;37;12;9;0;5;0;8;0;0;0;0;0;0;0;
1602;Frappe stupéfiante;Betäubender Schlag;Attaque au javelot d'élite. Si cette attaque réussit, vous infligez +10..50 points de dégâts. Si elle touche un ennemi qui souffre d'une condition, celui-ci est aussi frappé de Stupeur pendant 4..10 secondes.;3;37;12;9;0;0;0;0;8;0;1;0;0;0;0;
1603;Javelot impitoyable;Unbarmherziger Speer;Attaque au javelot. Si cette attaque touche un ennemi ayant moins de 50% de santé, cet ennemi souffre de Blessure profonde pendant 5..20 secondes.;3;37;12;9;0;0;0;0;6;0;0;0;0;0;0;
1604;Lancer d'interruption;Unterbrechender Wurf;Attaque au javelot. Si cette attaque affecte un ennemi souffrant d'une condition, cet ennemi est interrompu.;3;37;12;9;0;5;.5;10;0;0;0;0;0;0;0;
1605;Lancer sauvage;Wilder Wurf;Attaque au javelot. Si elle réussit, cette attaque inflige +5..20 points de dégâts et toute pose utilisée par la cible prend fin. Impossible à bloquer. Toutes vos attaques avec autre chose qu'une lance sont désactivées pendant 3 secondes.;3;37;12;9;0;0;0;0;7;0;0;0;0;0;0;
1633;Coup malicieux;Böswilliger Stoß;Attaque au corps à corps. Si cette attaque frappe un ennemi souffrant d'une condition, vous infligez +10..30 points de dégâts ainsi qu'un coup critique.;3;35;3;7;0;5;0;6;0;0;0;0;0;0;0;
1634;Assaut dévastateur;Vernichtender Angriff;Attaque ambidextre d'élite. Doit suivre une attaque main gauche. Si elle réussit, vous infligez 5..50 points de dégâts et la cible ennemie perd un enchantement. Cette attaque ne peut pas être bloquée.;3;35;7;7;0;10;0;6;0;0;1;0;0;0;0;
1635;Attaques du crâne doré;Goldener Schädel-Stoß;Attaque main gauche d'élite. Si vous êtes sous les effets d'un enchantement et si cette attaque réussit, la cible ennemie est frappée de Stupeur pendant 1..12 secondes.;3;29;6;7;0;10;0;15;0;0;1;0;0;0;0;
1636;Attaque de l'araignée noire;Schwarzer Spinnen-Stoß;Attaque main gauche. Doit toucher un ennemi affecté par un maléfice. Si elle réussit, cette attaque inflige +5..20 points de dégâts et l'ennemi visé est empoisonné pendant 5..20 secondes.;3;29;6;7;0;5;0;8;0;0;0;0;0;0;0;
1637;Coup du renard doré;Goldener Fuchs-Stoß;Attaque main droite. Si cette attaque réussit, vous infligez +10..30 points de dégâts à l'ennemi ciblé. Si vous vous trouvez sous les effets d'un enchantement, cette attaque ne pourra pas être bloquée.;3;29;5;7;0;5;0;4;0;0;0;0;0;0;0;
1638;Hâte mortelle;Tödliche Eile;Enchantement. Pendant 10..35 secondes, les sorts dont la portée est réduite de moitié sont lancés 5..50% plus vite et se rechargent 5..60% plus vite.;3;35;23;7;0;5;1;20;0;0;0;0;0;0;0;
1639;Remède de l'Assassin (PvP);Mittel des Assassinen (PvP);Enchantement. Pendant 30 secondes, les prochaines compétences d'attaque (1..10) que vous utilisez suppriment une condition.;3;35;23;7;0;10;1;20;0;0;0;0;0;0;0;
1640;Promesse du renard;Versprechen des Fuchses;Enchantement d'élite. Pendant 5..20 secondes, vos attaques avec des dagues ne peuvent pas être bloquées. Cet enchantement prend fin la prochaine fois qu'une de vos attaques échoue.;3;29;23;7;0;10;1;20;0;0;1;0;0;0;0;
1641;Neutralité simulée;Vorgetäuschte Neutralität;Enchantement. Pendant 4..10 secondes, vous bénéficiez d'une régénération de santé de +7 et de +80 points de bonus d'armure. Cet enchantement prend fin si une attaque réussit ou si vous utilisez une compétence.;3;31;23;7;0;5;.25;25;0;0;0;0;0;0;0;
1642;Chausse-trappes cachées;Versteckte Trittnägel;Maléfice d'élite. Vos compétences autres que celles d'Assassin sont désactivées pendant 3 secondes. Pendant 1..10 secondes, l'ennemi ciblé se déplace 50% moins vite. Lorsque ce maléfice prend fin, cet ennemi subit Infirmité pendant 1..15 secondes.;3;31;24;7;0;5;1;12;0;0;1;0;0;0;0;
1643;Assaut d'Enchantements;Verzauberungen angreifen;Compétence élite. Doit succéder à une attaque d'ambidextrie. La cible ennemie perd tous ses enchantements.;3;-1;1;7;0;5;.25;8;0;0;1;0;0;0;0;
1644;Effondrement du gaspilleur;Verfall des Verschwenders;Compétence élite. Vous faites une Foulée de l'ombre vers la cible ennemie. Si cette dernière n'utilisait pas de compétence, elle est assommée. Toutes vos compétences autres que des attaques à la dague sont désactivées pendant 10 secondes.;3;-1;1;7;0;5;.25;20;0;0;1;0;0;0;0;
1645;Enchantements levés;Verzauberung lösen;Compétence. Si la cible ennemie touchée est assommée, elle perd un enchantement.;3;-1;1;7;0;5;.25;10;0;0;0;0;0;0;0;
1646;Présage mortel;Todesomen;Maléfice. Pendant 5..35 secondes, la prochaine fois que les dégâts font chuter la santé de l'ennemi en dessous de 50%, vous infligez une Blessure profonde pendant 5..20 secondes et vous faites une foulée de l'ombre vers cet ennemi. Sa portée est la moitié de celle d'un sort normal.;3;30;24;7;0;5;1;20;0;0;0;0;0;0;0;
1647;Sceau de choc toxique;Siegel des toxischen Schocks;Sceau. Si la cible ennemie souffre d'Empoisonnement, cet ennemi subit 10..100 points de dégâts.;3;30;21;7;0;0;1;15;0;0;0;0;0;0;0;
1648;Sceau de l'aube;Siegel des Zwielichts;Sceau. Pour chaque maléfice qui affecte la cible ennemie, celle-ci perd un enchantement.;3;-1;21;7;0;0;1;20;0;0;0;0;0;0;0;
1649;Méthode de l'Assassin;Weg des Assassinen;Pose de combat d'élite. Pendant 20 secondes, si vous êtes équipé de dagues, vous attaquez 5..20% plus vite et avez +5..35% de chances d'infliger un coup critique.;3;35;29;7;0;5;0;12;0;0;1;0;0;0;0;
1650;Marche de l'ombre;Schattenmarsch;Pose de combat. Vous faites une Foulée de l'ombre jusqu'à la cible ennemie. Pendant 15 secondes, rien ne se passe. Vos compétences d'attaques sont inutilisables pendant 1 seconde . vos enchantements et poses de combat sont inutilisables pendant 10 secondes. Lorsque cette pose prend fin, vous retournez à votre position initiale.;3;-1;29;7;0;5;0;30;0;0;0;0;0;0;0;
1651;Retraite de la mort;Rückzug des Todes;Sort. Vous faites une Foulée de l'ombre jusqu'à la cible alliée. Si vous possédez moins de santé que cet allié, vous bénéficiez de 40..130 points de vie.;3;31;22;7;0;5;.25;20;0;0;0;0;0;0;0;
1652;Prison d'ombre;Schattengefängnis;Maléfice d'élite. Vous faites une Foulée de l'ombre en direction de la cible ennemie. Pendant 1..7 secondes, la cible se déplace 66% moins vite.;3;30;24;7;0;5;.25;15;0;0;1;0;0;0;0;
1653;Echange;Tauschen;Sort. Vous faites une foulée de l'ombre vers la créature invoquée ciblée et vice-versa.;3;-1;22;7;0;5;.25;10;0;0;0;0;0;0;0;
1654;Mêlée de l'ombre;Schattenverschmelzung;Enchantement d'élite. Vous faites une foulée de l'Ombre vers l'allié ciblé. Lorsque vous cessez d'utiliser cet enchantement, vous retournez à votre position d'origine.;3;-1;23;7;-1;5;.25;10;0;0;1;0;0;0;0;
1655;Prix de l'orgueil;Preis des Stolzes;Maléfice. Pendant 5 secondes, la prochaine fois que la cible ennemie utilise une compétence d'élite, elle perd 3..15 points d'énergie.;3;2;24;5;0;5;1;8;0;0;0;0;0;0;0;
1656;Air de Désenchantement;Flair der Entzauberung;Maléfice d'élite. Vous supprimez un enchantement à la cible ennemie et à tous les ennemis à proximité. Pendant 5..20 secondes, les enchantements expirent 150..300% plus vite sur ces ennemis.;3;1;24;5;0;10;1;10;0;0;1;0;0;0;0;
1657;Sceau de Maladresse (PvP);Siegel der Unbeholfenheit (PvP);Sceau. Si la cible ennemie attaque, cet ennemi ainsi que tous les ennemis adjacents sont interrompus et subissent 15..60 points de dégâts. Tous les ennemis utilisant des compétences d'attaque sont assommés.;3;1;21;5;0;0;.25;12;0;0;0;0;0;0;0;
1658;Posture symbolique;Symbolische Haltung;Pose de combat. Pendant 5..20 secondes, le prochain sceau que vous activez se recharge 20..80% plus vite.;3;0;29;5;0;10;0;20;0;0;0;0;0;0;0;
1659;Frisson toxique;Toxische Kälte;Sort d'élite. La cible ennemie subit 15..75 points de dégâts du froid. S'il est sous les effets d'un enchantement ou d'un maléfice, cet ennemi souffre d'Empoisonnement pendant 10..25 secondes.;3;5;22;4;0;5;1;5;0;0;1;0;0;0;0;
1660;Puits du silence;Brunnen der Stille;Sort de puits. Exploitez le cadavre visé ou sacrifiez 66% de santé pour créer un Puits du silence pendant 10..30 secondes. Les ennemis se trouvant dans ce puits ne peuvent pas utiliser de cris ou de chants et subissent une dégénération de santé de -1..4.;3;7;28;4;0;10;1;20;0;0;0;0;0;0;0;
1661;Pierre fluorescente;Leuchtstein;Sort. Vous envoyez un projectile qui inflige 5..50 points de dégâts de la terre si l'attaque réussit. Si ce sort frappe un ennemi souffrant de Faiblesse, vous gagnez 5 points d'énergie et 1 point d'énergie supplémentaire tous les 2 rangs de Conservation d'énergie.;3;9;22;6;0;5;.75;7;0;0;0;0;0;0;0;
1662;Explosion de l'âme;Geistige Explosion;Sort d'élite. La cible ennemie subit 15..60 points de dégâts du feu. Si vous avez plus d'énergie que la cible ennemie, vous gagnez 1..8 points d'énergie.;3;10;22;6;0;5;1;2;0;0;1;0;0;0;0;
1663;Flamme élémentaire (PvP);Elementare Flamme (PvP);Enchantement. Pendant 5..20 secondes, chaque fois que vous infligez un maléfice élémentaire à un ennemi ciblé, cet ennemi s'embrase pendant 1..2 secondes.;3;10;23;6;0;10;1;30;0;0;0;0;0;0;0;
1664;Invocation de la foudre;Blitz herbeirufen;Sort d'élite. L'ennemi visé et jusqu'à deux autres ennemis proches de lui subissent 10..90 points de dégâts de la foudre. Ce sort a une pénétration d'armure de 25%.;3;8;22;6;0;10;1;6;0;0;1;0;5;0;0;
1683;Gardien pensif;Nachdenklicher Wächter;Enchantement. Pendant 5..11 secondes, la cible (un allié ou vous-même) a 50% de chances de bloquer les attaques lancées par des ennemis enchantés.;3;15;23;3;0;5;1;5;0;0;0;0;0;0;0;
1684;Clairvoyance du Scribe;Einblick des Schreibers;Enchantement d'élite. Pendant 10..35 secondes, vous gagnez 3 points d'énergie chaque fois que vous utilisez un sceau.;3;16;23;3;0;5;.25;20;0;0;1;0;0;0;0;
1685;Hâte sacrée;Heilige Eile;Enchantement. Pendant 1..60 secondes, vos sorts de Prières de guérison sont lancés 50% plus rapidement. Cet enchantement prend fin si vous lancez un autre enchantement.;3;16;23;3;0;5;1;10;0;0;0;0;0;0;0;
1686;Lueur;Lichtschimmer;Sort d'élite. Soigne la cible (un allié ou vous-même) de 10..115 points de vie.;3;13;22;3;0;5;.25;1;0;0;1;0;0;0;0;
1687;Bénédiction zélée;Eifrige Segnung;Sort d'élite. Vous guérissez la cible (un allié ou vous-même) de 30..180 points de vie. Si celle-ci possédait moins de 50% de santé, vous récupérez 7 points d'énergie.;3;15;22;3;0;10;.75;4;0;0;1;0;0;0;0;
1688;Zèle du Défenseur;Eifer des Verteidigers;Maléfice d'élite. Pendant 10..30 secondes, chaque fois que l'ennemi visé réussit une attaque, vous bénéficiez de 2 points d'énergie.;3;14;24;3;0;5;1;5;0;0;1;0;0;0;0;
1689;Sceau de colère mystique;Siegel des mystischen Zorns;Sceau. La cible ennemie subit 25 points de dégâts sacrés pour chaque enchantement qui vous affecte (30..120 points de dégâts sacrés maximum).;3;14;21;3;0;0;2;20;0;0;0;0;0;0;0;
1690;Sceau de suppression;Siegel der Entfernung;Sceau d'élite. Si la cible (un allié ou vous-même) est sous les effets d'un enchantement, elle perd un maléfice et une condition.;3;-1;21;3;0;0;.25;5;0;0;1;0;0;0;0;
1691;Suppression de condition;Zustand aufheben;Sort. Supprime une condition affectant une cible (un allié ou vous-même). Si cette cible est sous les effets d'un enchantement, elle est soignée de 15..75 points de vie.;3;15;22;3;0;5;.75;3;0;0;0;0;0;0;0;
1692;Diversion des maléfices;Verhexungen umleiten;Sort d'élite. Supprime jusqu'à 1..3 maléfices affectant la cible (un allié ou vous-même). Pour chaque maléfice ôté de cette manière, la cible perd une condition et gagne 15..75 points de vie.;3;15;22;3;0;5;.75;8;0;0;1;0;0;0;0;
1693;Contre-attaque;Gegenangriff;Attaque au corps à corps. Si cette attaque réussit, vous infligez +5..35 points de dégâts. Si vous frappez un ennemi qui attaque, vous obtenez 2..6 points d'énergie.;3;17;3;1;0;5;0;6;0;0;0;0;0;0;0;
1694;Frappe du chasseur de mages;Magierschlag;Attaque au corps à corps d'élite. Si cette attaque réussit, vous infligez +7..25 points de dégâts. Si votre cible se trouve sous les effets d'un enchantement, cette attaque ne pourra pas être bloquée.;3;17;3;1;0;5;.5;3;0;0;1;0;0;0;0;
1695;Attaque de soldat;Soldatenstoß;Attaque au corps à corps. Si cette attaque réussit, vous infligez +10..40 points de dégâts supplémentaires. Si vous êtes sous les effets d'un chant ou d'un cri, cette attaque ne pourra pas être bloquée.;3;21;3;1;0;5;0;4;0;0;0;0;0;0;0;
1696;Décapitation;Köpfen;Attaque à la hache d'élite. You lose all adrenaline and all Energy. This attack is unblockable, you deal +5..80 damage, and cause a Deep Wound for 5..20 seconds. This attack is always critical and if foe is killed, nearby foes are Weakened for 8 seconds.;3;18;4;1;0;0;0;0;7;0;1;0;0;0;0;
1697;Attaque du chasseur de mages;Magiejägerschmetterer;Attaque au marteau d'élite. Si cette attaque réussit, la cible ennemie est assommée. Si votre cible est sous les effets d'un enchantement, cette attaque ne peut pas être bloquée.;3;19;8;1;0;0;0;0;8;0;1;0;0;0;0;
1698;Pose du soldat (PvP);Soldaten-Haltung (PvP);Pose de combat d'élite. Pendant 4..10 secondes, vous attaquez 33% plus vite lorsque que vous êtes sous l'effet d'un cri ou d'un chant.;3;21;29;1;0;5;0;8;0;0;1;0;0;0;0;
1699;Défense du soldat;Soldaten-Verteidigung;Pose de combat. Pendant 1..6 secondes, vous avez 75% de chances de bloquer les attaques lorsque que vous êtes sous l'effet d'un cri ou d'un chant. Vous gagnez 1 décharge d'adrénaline chaque fois que vous bloquez une attaque.;3;21;29;1;0;5;0;15;0;0;0;0;0;0;0;
1700;Défense frénétique;Fieberhafte Verteidigung;Pose de combat. Pendant 8 secondes, vous avez 75% de chances de bloquer les attaques dirigées contre vous, mais vous subissez le double de dégâts.;3;-1;29;1;0;5;0;10;0;0;0;0;0;0;0;
1701;Pose stable;Ruhige Haltung;Pose de combat d'élite. Pendant 10 secondes), la prochaine attaque qui doit vous assommer échoue et vous recevez 1..4 décharges) d'adrénaline et 1..7 points d'énergie.;3;21;29;1;0;5;0;4;0;0;1;0;0;0;0;
1702;Frappe Croc-d'acier;Hieb des stählernen Fangzahns;Attaque à l'épée. Si cette attaque réussit, vous infligez +1..31 points de dégâts. Si vous frappez un ennemi assommé, vous bénéficiez de 1..5 décharges d'adrénaline.;3;20;10;1;0;0;0;1;7;0;0;0;0;0;0;
1719;Tir hurleur;Schreischuss;Attaque à l'arc. Si cette attaque réussit, vous infligez +10..25 points de dégâts. Si votre cible est à portée de voix, elle souffre de Saignement pendant 5..20 secondes.;3;25;2;2;0;10;0;8;0;0;0;0;0;0;0;
1720;Flèche vive (PvP);Scharfer Pfeil (PvP);Attaque à l'arc. Cette attaque inflige +5..15 points de dégâts si elle réussit. Si vous causez un coup critique, vous infligez +5..30 points de dégâts supplémentaires.;3;25;2;2;0;5;0;12;0;0;0;0;0;0;0;
1721;Férocité unie;Gemeinsam toben;Compétence élite. Pendant 3..15 secondes, vous et votre familier attaquez 33% plus vite et courez 25% plus vite.;3;22;1;2;0;25;0;10;0;0;1;0;0;0;0;
1722;Flèche fourchue;Gegabelter Pfeil;Attaque à l'arc. Vous décochez deux flèches simultanément sur la cible ennemie. Si vous êtes sous les effets d'un enchantement ou d'un maléfice, vous ne décochez qu'une seule flèche.;3;-1;2;2;0;10;0;5;0;0;0;0;0;0;0;
1723;Précision perturbatrice;Unterbrechende Genauigkeit;Préparation. Pendant 36 secondes, chaque fois que vos flèches infligent un coup critique, elles interrompent aussi votre cible.;3;25;17;2;0;5;2;12;0;0;0;0;0;0;0;
1724;Dextérité de l'expert (PvP);Gewandtheit des Profis (PvP);Pose de combat d'élite. Pendant 1..20 secondes, vous attaquez 15% plus vite et votre caractéristique d'Adresse au tir est augmentée de 1.;3;23;29;2;0;5;0;20;0;0;1;0;0;0;0;
1725;Vents mugissants;Tosender Wind;Rituel de la nature. Crée un esprit de niveau 1..10. Les chants et les cris coûtent 1..5 points d'énergie en plus. L'esprit meurt au bout de 30..180 secondes.;3;24;19;2;0;10;2;60;0;0;0;0;0;0;0;
1726;Tir du Fléau des mages;Verderben des Magiers-Schuss;Attaque à l'arc d'élite. Si cette attaque réussit, elle interrompt l'action de la cible ennemie. S'il s'agissait d'un sort, il est inutilisable pendant 10 secondes supplémentaires. Cette attaque ne peut pas être bloquée.;3;-1;2;2;0;10;.5;5;0;0;1;0;0;0;0;
1727;Foulée naturelle;Natürlicher Schwung;Pose de combat. Pendant 1..8 secondes, vous courez 33% plus vite et avez 50% de chances de bloquer les attaques qui vous sont lancées. La foulée naturelle prend fin si vous êtes affecté par un maléfice ou un enchantement.;3;24;29;2;0;5;0;12;0;0;0;0;0;0;0;
1728;Saccage du Heket;Heket-Toben;Pose de combat. Pendant 5..11 secondes, vous attaquez 33% plus vite. Cette pose de combat prend fin si vous utilisez une compétence d'attaque.;3;22;29;2;0;5;0;10;0;0;0;0;0;0;0;
1729;Piège de fumée;Rauchfalle;Piège d'élite. Lorsque le Piège de fumée est déclenché, les ennemis à proximité sont frappés d'Aveuglement et de Stupeur pendant 5..10 secondes. Le Piège de fumée prend fin au bout de 90 secondes. Vous êtes plus susceptible d'être victime d'interruption lorsque vous activez cette compétence.;3;24;30;2;0;10;2;15;0;0;1;0;0;0;0;
1730;Chaleur exaspérante;Irritierende Hitze (PvP);Rituel de la nature d'élite. Create a level 1..10 spirit. Non-spirit creatures within its range gain adrenaline 33..66% as fast. This spirit dies after 30..120 seconds.;3;23;19;2;0;5;2;30;0;0;1;0;0;0;0;
1731;Sogolon était énergique;Lautstark war Sogolon;Sort d'altération d'objet. Pendant 60 secondes, les chants et cris que vous utilisez durent 20..50% plus longtemps.;3;33;25;8;0;10;1;30;0;0;0;0;0;0;0;
1732;Glaive était destructrice (PvP);Vernichtend war Glaive (PvP);Sort d'altération d'objet d'élite. Vous tenez les cendres de Glaive pendant un maximum de 30..60 secondes. En tenant ses cendres, toutes les compétences du Ritualiste bénéficient de 10% de pénétration d'armure. Lorsque vous déposez ses cendres, tous les ennemis dans la zone subissent 15..85 points de dégâts de la foudre.;3;34;25;8;0;10;1;10;0;0;1;0;0;0;0;
1733;Attaque du porteur;Stoß des Ausübers;Sort. La cible ennemie reçoit 10..60 points de dégâts de la foudre. Si vous êtes sous les effets d'un sort d'altération d'arme, vous infligez 10..50 points de dégâts de la foudre supplémentaires.;3;34;22;8;0;5;1;6;0;0;0;0;0;0;0;
1734;Regard de fureur (PvP);Wütendes Starren (PvP);Rituel d'asservissement. Anéantit l'esprit allié visé et crée un esprit de fureur de niveau 1..10. Les attaques de cet esprit infligent 5..20 points de dégâts. Cet esprit meurt au bout de 30..60 secondes.;3;34;18;8;0;10;2;20;0;0;0;0;0;0;0;
1736;Force de l'esprit;Geistesstärke;Enchantement d'élite. Pendant 15..60 secondes, vos attaques infligent 5..35 points de dégâts en plus sous les effets d'un sort d'altération d'arme.;3;36;23;8;0;5;1;20;0;0;1;0;0;0;0;
1737;Zèle du porteur;Eifer des Ausübers;Enchantement d'élite. Pendant 10..40 secondes, chaque fois que vous lancez un sort d'altération d'arme sur un allié, vous bénéficiez de 1..5 points d'énergie.;3;36;23;8;0;5;1;10;0;0;1;0;0;0;0;
1738;Vision intérieure;Sicht jenseits der Sicht;Enchantement. Pendant 8..20 secondes, vous ne pouvez pas souffrir d'Aveuglement.;3;36;23;8;0;5;.25;15;0;0;0;0;0;0;0;
1739;Souvenirs renouvelés;Erneuernde Erinnerungen;Enchantement. Pendant 5..20 secondes, pendant que vous tenez un objet, tout sort d'altération d'armes ou d'objets coûte 5..35% d'énergie en moins.;3;36;23;8;0;5;1;20;0;0;0;0;0;0;0;
1740;Remède du porteur;Mittel des Ausübers;Enchantement. Pendant 10..30 secondes, chaque fois que vous lancez un sort d'altération d'arme sur un allié, cet allié perd 2 altérations.;3;36;23;8;0;3;1;10;0;0;0;0;0;0;0;
1741;Lumière du miroir fantôme;Geisterspiegel-Licht;Sort. L'allié visé est soigné de 15..90 points de vie. Si vous êtes à portée de voix d'un esprit, vous êtes aussi soigné[f:"soignée"] de 15..90 points de vie.;3;33;22;8;0;5;1;3;0;0;0;0;0;0;0;
1742;Sceau de puissance spectrale (PvP);Siegel der Macht der Geister (PvP);Sceau d'élite. Les attaques de la créature invoquée alliée ciblée infligent 5..35 points de dégâts supplémentaires. La créature meurt au bout de 10 secondes.;3;32;21;8;0;0;1;5;0;0;1;0;0;0;0;
1743;Sceau d'asservissement;Siegel der Bindung;Sceau. Vous perdez 200..50 points de vie et asservissez l'esprit visé contrôlé par l'ennemi. (50% de risques d'échec avec Puissance de l'Invocation 4 ou inférieure.);3;36;21;8;0;0;2;15;0;0;0;0;0;0;0;
1744;Charge du gardien;Angriff des Verwalters;Sort d'élite. La cible ennemie reçoit 20..85 points de dégâts de la foudre. Si vous tenez un objet, vous bénéficiez de 7 points d'énergie et de 5..50 points de vie.;3;34;22;8;0;5;1;4;0;0;1;0;0;0;0;
1745;Angoisse (PvP);Qual (PvP);Rituel d'asservissement. Crée un esprit de niveau 1..7. L'attaque de cet esprit inflige 5..20 points de dégâts et deux fois plus de dégâts à des ennemis affectés par un maléfice. Il meurt au bout de 15..45 secondes.;3;32;18;8;0;25;1.5;30;0;0;0;0;0;0;0;
1747;Responsabilisation (PvP);Ermächtigung (PvP);Rituel d'asservissement. Crée un esprit de niveau 1..10. Tous les alliés dans sa portée qui portent un objet bénéficient de 15..45 de santé maximum et de 10 points d'énergie maximum. Il meurt au bout de 15..60 secondes.;3;36;18;8;0;5;3;30;0;0;0;0;0;0;0;
1748;Récupération (PvP);Gesundung (PvP);Rituel d'asservissement. Crée un esprit de niveau 1..10. Les conditions affectant les alliés à portée de cet esprit prennent fin 20..50% plus vite. Il meurt au bout de 30..60 secondes.;3;33;18;8;0;15;3;30;0;0;0;0;0;0;0;
1749;Arme de furie;Waffe der Wut;Sort d'altération d'arme d'élite. Pendant 5..20 secondes, la cible (un allié ou vous-même) bénéficie de 100% d'adrénaline supplémentaire et d'1 point d'énergie chaque fois qu'elle réussit une attaque.;3;34;27;8;0;5;1;8;0;0;1;0;0;0;0;
1750;Arme de Xinrae;Xinraes Waffe;Sort d'altération d'arme d'élite. Pendant 8 secondes, la prochaine fois que la cible alliée subit des dégâts, ceux-ci sont limités à 5% de sa santé maximum et cet allié vole jusqu'à 20..80 points de vie à son assaillant.;3;33;27;8;0;5;.25;3;0;0;1;0;0;0;0;
1751;Arme du belliciste;Waffe des Kriegshetzers;Sort d'altération d'arme. Pendant 3..13 secondes, si la cible (un allié ou vous-même) attaque un ennemi qui n'attaque pas, celui-ci est interrompu.;3;34;27;8;0;10;1;30;0;0;0;0;0;0;0;
1752;Arme de remède;Waffe der Behebung;Sort d'altération d'arme d'élite. Pendant 8 secondes, la prochaine fois que l'allié visé subit des dégâts ou un vol de vie, il absorbe 20..80 points de vie à cet ennemi et perd 2 altérations.;3;33;27;8;0;3;.25;3;0;0;1;0;0;0;0;
1753;Frappe déchirante;Zerreißender Schwung;Attaque à la faux. Vous infligez +5..20 points de dégâts et perdez un enchantement de Derviche. En cas de perte d'enchantement, vous retirez un enchantement à chaque ennemi touché.;3;41;9;10;0;0;0;0;6;0;0;0;0;0;0;
1754;Attaque (PvP);Attacke (PvP);Enchantement instantané d'élite. Pendant 2..8 secondes, vous attaquez et vous gagnez de l'adrénaline 25% plus vite.;3;42;33;10;0;10;0;10;0;0;1;0;0;0;0;
1755;Corruption mystique;Mystische Verdorbenheit (PvP);Enchantement instantané. Tous les ennemis adjacents sont frappés de Maladie pendant 2..6 secondes. Pendant 20 secondes, rien ne se passe. La durée de la Maladie est doublée si vous êtes sous le coup d'un enchantement quand vous activez cette compétence. Une fois cet enchantement dissipé, tous les membres du groupe à portée de voix sont soignés de la Maladie.;3;44;33;10;0;5;0;10;0;0;0;0;0;0;0;
1756;Empoigne de Grenth;Grenths Griff;Enchantement instantané d'élite. For 20 seconds, your attack skills also Cripple that foe for 1..11 seconds and you transfer 1..3 conditions from yourself to that foe.;3;42;33;10;0;5;0;10;0;0;1;0;0;0;0;
1757;Voile d'épines;Dornenschleier;Enchantement instantané. Lorsque vous lancez cet enchantement, tous les ennemis à proximité subissent 5..50 points de dégâts perforants. Pendant 5..25 secondes, les sorts vous infligent 5..35% points de dégâts en moins.;3;43;33;10;0;10;0;15;0;0;0;0;0;0;0;
1758;Empoigne d'harrier;Griff des Läufers (PvP);Enchantement instantané. Pendant 5..20 secondes, les attaques au corps à corps lancées contre des ennemis en mouvement causent l'Infirmité chez ces ennemis pendant 2..9 secondes. Lorsque vous lancez cet enchantement, vous perdez Infirmité et une autre altération. Cet enchantement prend fin après 1..3 applications d'Infirmité.;3;42;33;10;0;10;0;15;0;0;0;0;0;0;0;
1759;Voeu de force;Gelübde der Stärke;Enchantement d'élite. Pendant 15 secondes, chaque fois que vous attaquez un ennemi à la faux, tous les ennemis à proximité subissent 10..25 points de dégâts tranchants.;3;43;23;10;0;5;.25;20;0;0;1;0;0;0;0;
1760;Aura de poussière d'ébène;Ebon-Staubaura;Enchantement instantané d'élite. Quand vous lancez cet enchantement, tous les ennemis adjacents sont aveuglés pendant 1..7 secondes. Pendant 30 secondes, si vous tenez une arme de dégâts de la terre, vos compétences d'attaques de mêlée infligent +3..30 points de dégâts de la terre. Lorsque cet enchantement prend fin, vous êtes libéré[f:"libérée"] de l'Aveuglement.;3;43;33;10;0;10;0;20;0;0;1;0;0;0;0;
1761;Voeu zélé;Eifriges Gelübde;Enchantement d'élite. Pendant 20 secondes, vous avez -2 de régénération d'énergie, et vous bénéficiez de 1..6 points d'énergie chaque fois que vous réussissez une attaque.;3;42;23;10;0;5;.25;12;0;0;1;0;0;0;0;
1762;Coeur de furie (PvP);Herz der Wut (PvP);Pose de combat. Pendant 2..10 secondes, vous attaquez 25% plus vite.;3;44;29;10;0;0;0;6;4;0;0;0;0;0;0;
1763;Renouveau zélé;Eifrige Erneuerung;Enchantement instantané. Tous les ennemis à proximité subissent 5..30 points de dégâts sacrés. Pendant 5..25 secondes, chaque fois que vous touchez un ennemi, vous avez -1 en régénération d'énergie et gagnez 1 point d'énergie. Si cet enchantement prend fin prématurément, vous gagnez 1..5 points d'énergie.;3;44;33;10;0;5;0;10;0;0;0;0;0;0;0;
1764;Clairvoyance de l'attaquant;Einblick des Angreifers;Enchantement instantané. Pendant 3..10 secondes, vous avez 50% de chances de bloquer les attaques lorsque vous attaquez. Quand cet enchantement prend fin, tous les ennemis à proximité sont frappés de Faiblesse pendant 3..15 secondes.;3;42;33;10;0;10;0;10;0;0;0;0;0;0;0;
1765;Aura déchirante;Zerreißende Aura;Enchantement instantané. Lorsque vous lancez cet enchantement, tous les ennemis à proximité subissent 10..40 points de dégâts du froid. Pendant 30 secondes, vos compétences d'attaque suppriment les enchantements des ennemis assommés. A l'issue de cet enchantement, tous les ennemis adjacents sont affectés par Armure brisée pendant 1..10 secondes.;3;42;33;10;0;10;0;10;0;0;0;0;0;0;0;
1766;Grâce de Pied-de-plume;Anmut des Federfußes;Enchantement. Pendant 5..20 secondes, vous vous déplacez 25% plus vite et les conditions prennent fin 50% plus vite.;3;42;23;10;0;10;.25;15;0;0;0;0;0;0;0;
1767;Frappe du moissonneur;Schwung des Schnitters;Attaque à la faux d'élite. Si cette attaque réussit, la cible ennemie souffre d'Infirmité pendant 3..15 secondes. Vous perdez un enchantement de Derviche. Si un enchantement a été levé, cette attaque renverse la cible pendant 2..3 secondes.;3;41;9;10;0;0;0;0;7;0;1;0;0;0;0;
1768;Hâte d'harrier;Eile des Läufers;Enchantement instantané. Pendant 2..8 secondes, vous vous déplacez 25% plus vite et infligez +3..12 points de dégâts supplémentaires aux ennemis en mouvement.;3;42;33;10;0;10;0;10;0;0;0;0;0;0;0;
1769;Colère concentrée;Konzentrierter Zorn;Compétence élite. Pendant 45 secondes, vous obtenez 0..150% d'adrénaline en plus.;3;40;1;9;0;10;0;45;0;0;1;0;0;0;0;
1770;Tempérament naturel;Natürliche Laune;Compétence. Pendant 4..15 secondes, vous bénéficiez de 33% d'adrénaline en plus lorsque vous n'êtes pas affecté par un enchantement.;3;40;1;9;0;0;0;0;3;0;0;0;0;0;0;
1771;Chant de rétablissement (PvP);Gesang der Wiederherstellung (PvP);Chant d'élite. Pendant 10 secondes, la prochaine fois que chaque membre du groupe à portée de voix utilise une compétence, il est soigné de 45..110 points de vie.;3;39;13;9;0;10;1;20;0;0;1;0;0;0;0;
1772;Poème de purification;Lyrik der Läuterung;Chant. Pendant 5..20 secondes, la prochaine fois que chaque allié à portée de voix utilise un sceau, il perd 1 condition.;3;39;13;9;0;5;1;10;0;0;0;0;0;0;0;
1773;Fureur du soldat;Wut des Soldaten;Echo d'élite. Pendant 10..35 secondes, si vous êtes sous l'effet d'un chant ou d'un cri, votre vitesse d'attaque augmente de 33% et vous bénéficiez de 33% d'adrénaline en plus, mais vous avez un malus d'armure de -20.;3;40;14;9;0;5;1;5;0;0;1;0;0;0;0;
1774;Refrain agressif;Aggressiver Refrain;Echo. Pendant 5..25 secondes, vous attaquez 25% plus vite mais votre armure est réduite de -20. Cet écho se renouvelle chaque fois qu'un chant ou un cri vous affectant prend fin.;3;40;14;9;0;15;1;20;0;0;0;0;0;0;0;
1775;Finale énergisant;Energie bringendes Finale;Echo. Pendant 10..35 secondes, chaque fois qu'un chant ou un cri sur une cible (autre qu'un esprit) prend fin, cette cible reçoit 1..2 points d'énergie.;3;39;14;9;0;10;1;5;0;0;0;0;0;0;0;
1776;Sceau d'agression;Siegel der Aggression;Sceau. Si vous êtes sous les effets d'un chant ou d'un cri, vous gagnez 2 décharges d'adrénaline.;3;-1;21;9;0;0;1;5;0;0;0;0;0;0;0;
1777;Sceau du remède;Heilmittel-Siegel;Sceau. Vous perdez 1 condition.;3;-1;21;9;0;0;1;4;0;0;0;0;0;0;0;
1778;Sceau de retour (PvP);Siegel der Wiederkehr (PvP);Sceau. Vous ressuscitez le membre du groupe visé avec 5..20% de santé et 1..4% d'énergie pour chaque membre du groupe à portée de voix.;3;40;21;9;0;0;4;20;0;0;0;0;0;0;0;
1779;"Profitez de votre temps !";"Nehmt Euch Zeit!";Cri. Vous bénéficiez de 2 décharges d'adrénaline pour chaque membre du groupe à portée de voix (1..8 décharges d'adrénaline maximum).;3;40;20;9;0;10;0;10;0;0;0;0;0;0;0;
1780;"Pas touche !" (PvP);"Darf nicht angerührt werden!" (PvP);Cri. Pendant 20 secondes, les 1..5 prochaines [F]compétences de contact utilisées contre vous échouent.;3;38;20;9;0;5;0;10;0;0;0;0;0;0;0;
1781;"Trouvez leur faiblesse !" (PvP);"Findet ihren Schwachpunkt!" (PvP);Cri. Pendant 5..20 secondes, la prochaine fois que la cible (un allié ou vous-même) inflige un coup critique, elle cause aussi une Blessure profonde pendant 5..20 secondes.;3;38;20;9;0;10;0;15;0;0;0;0;0;0;0;
1782;"La force est avec vous !";"Die Macht ist Euer!";Cri d'élite. Pendant 2..4 secondes, tous les alliés à portée de voix bénéficient d'une régénération d'énergie de 1..2.;3;39;20;9;0;0;0;0;4;0;1;0;0;0;0;
1783;Javelot de l'assassin;Speer des Würgers;Attaque au javelot. Si cette attaque réussit, vous infligez +5..25 points de dégâts. Si votre ennemi a plus de santé que vous, il souffre de Blessure profonde pendant 5..20 secondes.;3;37;12;9;0;10;0;4;0;0;0;0;0;0;0;
1784;Javeline leste;Schneller Speer;Attaque au javelot. Si l'attaque réussit, vous infligez +5..20 points de dégâts. Si vous êtes sous les effets d'un enchantement, ce javelot vole deux fois plus vite et ne peut pas être bloqué.;3;37;12;9;0;5;0;10;0;0;0;0;0;0;0;
1814;Regard du Porteur de lumière;Blick des Lichtbringers;Compétence. Le serviteur démoniaque d'Abaddon visé subit 100 points de dégâts sacrés et est interrompu. Cette compétence touche un ennemi supplémentaire dans la zone pour chaque rang de Porteur de Lumière que vous atteignez. Cette compétence est désactivée pendant les 15 secondes suivant son utilisation.;3;-3;1;0;0;5;1;15;0;0;0;1;0;0;0;
1815;Sceau du Porteur de lumière;Lichtbringer-Siegel;Sceau. Si vous vous trouvez dans la zone d'un serviteur démoniaque d'Abaddon, vous gagnez 3..5 décharges d'adrénaline et 16..24 points d'énergie.;3;-3;21;0;0;0;.25;25;0;0;0;1;0;0;0;
1816;Sceau de Renaissance du Lancier du Soleil;Sonnenspeer-Wiedergeburtssiegel;Sceau. Ressuscite le coéquipier mort visé à votre position avec la totalité de ses points de vie et 10% d'énergie pour chaque grade de Lancier du Soleil que vous avez atteint. Ce Sceau ne peut être utilisé qu'une fois par mission à moins qu'il ne soit rechargé par une augmentation de moral.;3;-2;21;0;0;0;3;0;0;0;0;1;0;0;0;
1948;Sanctuaire de l'ombre;Schattenzuflucht (Luxon);Enchantement. Vous êtes aveuglé pendant 5 secondes. Vous bénéficiez d'une régénération de santé de +7..10 et d'un bonus d'armure de +40 pendant 10 secondes.;2;-4;23;7;0;5;.25;30;0;0;0;1;0;0;0;
1949;Cauchemar éthéré;Äther-Alptraum (Luxon);Maléfice. L'ennemi visé perd 5..8 points d'énergie. Pour chaque point d'énergie perdu de cette manière, la cible et tous les ennemis dans la zone subissent une dégénération de santé de -1 pendant 10 secondes.;2;-4;24;5;0;10;3;25;0;0;0;1;0;0;0;
1950;Sceau de corruption;Siegel der Verdorbenheit (Luxon);Sceau. La cible ennemie et tous les ennemis à proximité subissent 20..30 points de dégâts. Pour chaque ennemi affecté souffrant d'une condition ou d'un maléfice, vous gagnez 2 points d'énergie (12..20 points d'énergie maximum).;2;-4;21;4;0;0;1;20;0;0;0;1;0;0;0;
1951;Seigneur élémentaire;Elementarlord (Luxon);Enchantement. Pendant 40..60 secondes, toutes vos caractéristiques élémentaires augmentent de 1. Chaque fois que vous lancez un sort, vous gagnez 1 point d'énergie tous les 10 rangs de Conservation d'énergie et êtes soigné[f:"soignée"] de 100..300% du coût en énergie pour ce sort.;2;-4;23;6;0;5;.25;45;0;0;0;1;0;0;0;
1952;Esprit altruiste;Selbstloser Geist (Luxon);Enchantement. Pendant 15..20 secondes, les sorts lancés sur un allié coûtent 3 points d'énergie en moins.;2;-4;23;3;0;5;.25;45;0;0;0;1;0;0;0;
1953;Triple tir;Dreifachschuss (Luxon);Attaque à l'arc. Vous tirez simultanément 3 flèches sur l'ennemi visé. Ces flèches infligent 40..25% de dégâts en moins.;2;-4;2;2;0;10;0;10;0;0;0;1;0;0;0;
1954;"Sauvez votre peau !";"Rettet Euch selbst!" (Luxon);Cri. Pendant 4..6 secondes, tous les autres membres du groupe bénéficient d'un bonus d'armure de +100.;2;-4;20;1;0;0;0;0;8;0;0;1;0;0;0;
1955;Aura de la puissance sacrée;Aura der Heiligen Macht (Luxon);Enchantement. Pendant 45 secondes, vous infligez 20..25 points de dégâts sacrés à tous les ennemis adjacents lorsque vous perdez un enchantement de Derviche.;2;-4;23;10;0;10;.75;30;0;0;0;1;0;0;0;
1957;Javelot de furie;Speer der Wut (Luxon);Attaque au javelot. Cette attaque inflige +30..40 points de dégâts. Si cette attaque touche un ennemi souffrant d'une condition, vous bénéficiez de 3..6 décharges d'adrénaline.;2;-4;12;9;0;5;1;8;0;0;0;1;0;0;0;
1986;Assaut vampirique;Vampirangriff;Attaque ambidextre. Doit succéder à une attaque main gauche. Si cette attaque réussit, vous volez 10..40 points de vie.;4;30;7;7;0;5;0;8;0;0;0;0;0;0;0;
1987;Coup du lotus;Lotus-Stoß;Attaque main gauche. Doit succéder à une attaque main droite. Si elle réussit, cette attaque inflige +10..25 points de dégâts et vous bénéficiez de 5..20 points d'énergie.;4;29;6;7;0;10;0;12;0;0;0;0;0;0;0;
1988;Attaque des crocs dorés;Goldfangstoß;Attaque main gauche. Doit succéder à une attaque main droite. Si vous êtes sous les effets d'un enchantement et si cette attaque réussit, la cible ennemie souffre de Blessure profonde pendant 5..20 secondes.;4;29;6;7;0;5;0;4;0;0;0;0;0;0;0;
1990;Coup du lotus tombant;Fallender Lotus-Stoß;Attaque main gauche. Doit toucher un ennemi assommé. Si l'attaque réussit, vous infligez +15..35 points de dégâts et bénéficiez de 1..12 points d'énergie.;4;29;6;7;0;5;0;8;0;0;0;0;0;0;0;
1991;Sceau sadique;Siegel des Sadisten;Sceau. Vous bénéficiez de 10..45 points de vie pour chaque condition dont souffre la cible ennemie.;4;30;21;7;0;0;1;8;0;0;0;0;0;0;0;
1992;Sceau de distraction;Siegel der Ablenkung;Sceau. Si l'ennemi visé est en train de lancer un sort, celui-ci est interrompu et désactivé pendant 1..5 secondes pour chaque sceau dont vous êtes équipé.;4;2;21;5;0;0;.25;15;0;0;0;0;0;0;0;
1993;Sceau de Rappel;Siegel der Zurückrufung;Sceau. Pendant 6 secondes, vous subissez une dégénération d'énergie de -4. Lorsque cet effet prend fin, vous recevez 13..20 points d'énergie.;4;3;21;5;0;0;.25;20;0;0;0;0;0;0;0;
1994;Verrouillage de pouvoir;Kraftsperre;Sort. Si l'ennemi visé est en train de lancer un sort ou un chant, celui-ci est interrompu et désactivé pendant 5..13 secondes supplémentaires.;4;2;22;5;0;5;.25;20;0;0;0;0;0;0;0;
1995;Pas de petites économies;Spare in der Zeit ...;Sort. Si la cible ennemie ne lance pas de sort ou n'attaque pas, vous gagnez 8..13 points d'énergie.;4;3;22;5;0;5;.25;15;0;0;0;0;0;0;0;
1996;La somme de toutes les peurs;Summe aller Ängste;Maléfice. Pendant 4..12 secondes, la cible ennemie se déplace, attaque et lance des sorts 33% moins vite.;4;1;24;5;0;10;1.5;10;0;0;0;0;0;0;0;
1997;Aura de Flétrissure;Verkümmernde Aura;Enchantement. Pendant 5..20 secondes, les attaques au corps à corps de la cible (allié ou vous-même) provoquent la Faiblesse pendant 5..20 secondes.;4;5;23;4;0;5;1;3;0;0;0;0;0;0;0;
1998;Cacophonie;Kakophonie;Maléfice. Pendant 15 secondes, à chaque fois que l'ennemi ciblé utilise un cri ou un chant, il subit 30..105 points de dégâts.;4;7;24;4;0;10;1;15;0;0;0;0;0;0;0;
1999;Etreinte de l'hiver;Umarmung des Winters;Maléfice. Pendant 2..6 secondes, l'ennemi visé se déplace 66% moins vite et subit 5..15 points de dégâts en se déplaçant.;4;11;24;6;0;10;.75;15;0;0;0;0;0;0;0;
2000;Chaînes de terre;Irdene Fesseln;Maléfice. Pendant 3 secondes, la cible et tous les ennemis à proximité se déplacent 90% moins vite. Lorsqu'elles prennent fin, les Chaînes de terre infligent Faiblesse pendant 5..20 secondes.;4;9;24;6;0;10;1;15;0;0;0;0;0;0;0;
2001;Protection de faiblesse;Kreis der Schwäche;Sort de protection. Vous créez une Protection de faiblesse sur votre position. Pendant 5..20 secondes, les ennemis dans cette zone souffrent de Faiblesse pendant 5..20 secondes à chaque fois qu'ils subissent des dégâts élémentaires.;4;9;26;6;0;5;1;20;0;0;0;0;0;0;0;
2002;Glyphe de rapidité;Glyphe der Schnelligkeit;Glyphe. Pendant 15 secondes, 1..5 prochains sorts lancés se rechargent 25% plus vite et les projectiles propulsés se déplacent 200% plus vite.;4;8;16;6;0;5;1;10;0;0;0;0;0;0;0;
2003;Guérison de maléfice;Verhexung heilen;Sort. Lève un maléfice de la cible (allié ou vous-même). Si un maléfice est levé de cette manière, cette cible est soignée de 30..100 points de vie.;4;13;22;3;0;5;1;12;0;0;0;0;0;0;0;
2004;Expiation des conditions;Zustand zerschlagen;Sort. Ote une condition de la cible (allié ou vous-même). Si une condition est ôtée de cette manière, les ennemis dans la zone subissent 10..60 points de dégâts sacrés.;4;14;22;3;0;5;1;7;0;0;0;0;0;0;0;
2005;Compagnon du châtiment (PvP);Segen des Peinigers (PvP);Enchantement. Pendant 4 secondes, vos Prières du châtiment reçoivent un double bonus de Faveur divine.;4;16;23;3;0;25;.25;90;0;0;0;0;0;0;0;
2006;Sceau de pénitence;Geißelungs-Siegel;Sceau. La cible ennemie subit 26..56 points de dégâts sacrés. Si elle attaquait, vous bénéficiez de 4..14 points d'énergie.;4;14;21;3;0;0;1;15;0;0;0;0;0;0;0;
2007;Voile purifiant;Reinigender Schleier;Enchantement. Pendant que vous maintenez cet enchantement, les conditions expirent 5..50% plus vite sur la cible (allié ou vous-même). Lorsque cet enchantement prend fin, une condition de cette cible est supprimée.;4;15;23;3;-1;5;1;6;0;0;0;0;0;0;0;
2008;Collision pulvérisante;Zermalmender Schlag;Attaque au marteau. Si vous touchez un ennemi assommé, celui-ci souffre de Faiblesse et de Blessure profonde pendant 5..20 secondes.;4;19;8;1;0;0;0;0;3.2;0;0;0;0;0;0;
2009;Coup enthousiaste;Verwegener Hieb;Attaque à la hache. Cette attaque inflige toujours un coup critique si elle réussit.;4;18;4;1;0;0;0;0;3;0;0;0;0;0;0;
2010;Coupe-genou;Knieschneider;Attaque à l'épée. Si l'attaque touche un ennemi frappé d'Infirmité, vous gagnez 2..7 points d'énergie et 1..3 décharges d'adrénaline.;4;20;10;1;0;0;0;1;4.8;0;0;0;0;0;0;
2011;Grappin;Raufen;Compétence. Vous et la cible ennemie touchée êtes assommés. Vous perdez votre pose actuelle.;4;-1;1;1;0;5;.75;8;0;0;0;0;0;0;0;
2012;Faux rayonnante;Strahlende Sense;Attaque à la faux. Cette attaque inflige +1 points de dégâts pour chaque point d'énergie que vous possédez (5..30 points de dégâts maximum). Vous gagnez 1..7 points d'énergie si cette attaque réussit.;4;41;9;10;0;0;0;0;6;0;0;0;0;0;0;
2013;Aura de Grenth;Grenths Aura;Enchantement instantané. Pendant 20 secondes, vous infligez 5..25 points de dégâts en moins et absorbez 5..25 points de vie chaque fois que vous attaquez avec votre faux. Lorsque vous lancez cet enchantement, vous absorbez 5..25 points de vie des ennemis adjacents.;4;42;33;10;0;10;0;10;0;0;0;0;0;0;0;
2014;Sceau de contrainte pieuse (PvP);Siegel der frommen Zurückhaltung (PvP);Sceau. Perte d'un enchantement de Derviche et l'ennemi ciblé est frappé d'infirmité pendant 5..15 secondes. En cas de perte d'enchantement, cette compétence se recharge 50% plus vite.;4;42;21;10;0;0;1;16;0;0;0;0;0;0;0;
2015;Faux du fermier (PvP);Bauernsense (PvP);Attaque à la faux. Si cette attaque réussit, vous infligez +5..35 points de dégâts. Si vous frappez plus d'un ennemi, cette attaque se recharge instantanément.;4;41;9;10;0;5;0;20;0;0;0;0;0;0;0;
2016;Lee Sa était énergique;Energisch war Lee Sa;Sort d'altération d'objet. Vous tenez les cendres de Lee Sa pendant 5..15 secondes. Pendant ce temps, vous bénéficiez d'une régénération d'énergie de +2. Lorsque vous déposez ses cendres, vous gagnez +1..10 points d'énergie.;4;36;25;8;0;10;2;20;0;0;0;0;0;0;0;
2017;Hymne de lassitude;Hymne der Müdigkeit;Chant. Pendant 8 secondes, la prochaine compétence d'attaque utilisée par chaque allié à portée de voix cause aussi la Faiblesse pendant 1..16 secondes.;4;38;13;9;0;5;1;10;0;0;0;0;0;0;0;
2018;Hymne d'interruption (PvP);Hymne der Störung (PvP);Chant. Pendant 1..10 secondes, la prochaine compétence d'attaque utilisée par chaque allié à portée de voix interrompt également une action.;4;38;13;9;0;10;2;15;0;0;0;0;0;0;0;
2051;Invocation des esprits;Geister herbeirufen (Luxon);Sort. Tous les esprits que vous contrôlez font une foulée de l'ombre vers votre position et gagnent 60..100 points de vie.;2;-4;22;8;0;5;.25;5;0;0;0;1;0;0;0;
2052;Crocs de l'ombre;Schattenfangzahn;Maléfice. Vous faites une foulée de l'ombre vers la cible ennemie. Pendant 10 secondes, ce maléfice n'a aucun effet. Lorsqu'il prend fin, vous retournez à votre position d'origine et cet ennemi souffre de Blessure profonde pendant 5..20 secondes.;4;30;24;7;0;10;.25;20;0;0;0;0;0;0;0;
2053;Risque calculé (PvP);Kalkuliertes Risiko (PvP);Maléfice. Pendant 3..12 secondes, les attaques de l'ennemi visé infligent 10 points de dégâts supplémentaires, mais il y a 50% de chances que les dégâts de chacune de ses attaques lui soient infligés. (Maximum 15..60 points de dégâts.);4;1;24;5;0;10;1;12;0;0;0;0;0;0;0;
2054;Rétraction d'armure;Schrumpfende Rüstung;Maléfice. Pendant 10 secondes, la cible ennemie souffre d'une dégénération de santé de -1..4. Lorsque ce maléfice prend fin, cet ennemi a une Armure brisée pendant 5..20 secondes.;4;1;24;5;0;5;1;8;0;0;0;0;0;0;0;
2055;Anévrisme;Aneurysma;Sort. La cible ennemie récupère toute son énergie. Pour chaque point d'énergie acquis de cette manière, cet ennemi subit 1..3 points de dégâts et tous les ennemis adjacents perdent un point d'énergie. (Energie perdue : maximum 1..30).;4;2;22;5;0;5;1;5;0;0;0;0;0;0;0;
2056;Oeil errant (PvP);Wanderndes Auge (PvP);Maléfice. Pendant 4 secondes, la prochaine fois que l'ennemi visé attaque, son attaque est interrompue et tous les ennemis à proximité subissent 10..92 points de dégâts.;4;1;24;5;0;10;2;12;0;0;0;0;0;0;0;
2057;Festin immonde;Widerliches Gelage;Sort. Toutes les conditions de l'allié vous sont transférées. Pour chaque condition acquise de cette manière, vous obtenez 0..45 points de vie et 2..4 points d'énergie. Cette compétence se recharge deux fois plus vite si vous supprimez Maladie de votre cible.;4;6;22;4;0;5;.25;4;0;0;0;0;0;0;0;
2058;Fiel putride;Verwesende Galle;Maléfice. Pendant 5..25 secondes, la cible ennemie souffre d'une dégénération de santé de -1..3. Si elle meurt sous l'effet de ce maléfice, tous les ennemis à proximité subissent 25..85 points de dégâts.;4;5;24;4;0;10;1;12;0;0;0;0;0;0;0;
2059;Traumatisme;Kriegsneurose;Sort. La cible ennemie subit 10..30 points de dégâts de la foudre et a une Armure brisée pendant 5..20 secondes. Ce sort a 25% de pénétration d'armure. Si vous êtes en état d'Afflux, ce sort frappe les ennemis adjacents.;4;8;22;6;0;5;1;8;0;0;0;0;0;0;0;
2060;Glyphe d'immolation;Glyphe der Aufopferung;Glyphe. Pendant 15 secondes, 1..4 prochains sorts qui visent un ennemi provoquent la Brûlure pendant 1..4 secondes.;4;10;16;6;0;5;1;10;0;0;0;0;0;0;0;
2061;Esprit patient;Geduldiger Geist;Enchantement. Pendant 2 secondes, la cible (allié ou vous-même) est sous les effets d'Esprit patient. A moins que cet enchantement ne s'achève prématurément, cet allié est soigné de 30..120 points de vie lorsque l'enchantement prend fin.;4;13;23;3;0;5;.25;4;0;0;0;0;0;0;0;
2062;Ruban de guérison;Heilendes Band;Sort. La cible alliée est soignée de 20..110 points de vie. 2 autres alliés maximum à proximité de la cible sont soignés de 10..100 points de vie.;4;13;22;3;0;10;1;5;0;0;0;0;0;0;0;
2063;Ame inébranlable;Aura der Stabilität;Enchantement. Pendant 3..8 secondes, la cible alliée ne peut pas être assommée.;4;15;23;3;0;5;.25;12;0;0;0;0;0;0;0;
2064;Esprit impeccable;Makelloser Verstand;Enchantement. Pendant 1..15 secondes, l'allié visé perd un maléfice toutes les 5 secondes.;4;13;23;3;0;5;.25;12;0;0;0;0;0;0;0;
2065;Ame impeccable;Makellose Seele;Enchantement. Pendant 1..15 secondes, l'allié visé perd une condition toutes les 3 secondes.;4;13;23;3;0;5;.25;12;0;0;0;0;0;0;0;
2066;Désarmement;Entwaffnen;Attaque à l'épée. Interrompt l'action de l'ennemi visé. S'il s'agissait d'une attaque, celle-ci et toutes les autres sont désactivées pendant 0..3 secondes.;4;17;10;1;0;5;.5;20;0;0;0;0;0;0;0;
2067;"C'est ce que je comptais faire !";"Das war Absicht!";Cri. Si vous êtes assommé, vous gagnez 1..6 décharges d'adrénaline.;4;17;20;1;0;5;0;8;0;0;0;0;0;0;0;
2068;Feu rapide;Schnellfeuer;Préparation. Pendant 5..25 secondes, vous attaquez 33% plus vite pendant que vous tenez un arc.;4;25;17;2;0;5;2;12;0;0;0;0;0;0;0;
2069;Tir du chasseur paresseux (PvP);Schuss des Faultierjägers (PvP);Attaque à l'arc. Si cette attaque réussit, la cible ennemie subit +5..15 points de dégâts. Si elle n'utilisait pas de compétence, Tir du chasseur paresseux inflige +5..20 points de dégâts supplémentaires.;4;25;2;2;0;10;0;15;0;0;0;0;0;0;0;
2070;Trancheur d'aura;Auraschneider (PvP);Attaque au corps à corps. Si cette attaque réussit, vous infligez un Saignement pendant 5..15 secondes. Si vous êtes sous l'effet d'un enchantement, vous infligez en outre Armure brisée pendant 1..10 secondes.;4;44;3;10;0;0;0;0;5;0;0;0;0;0;0;
2071;Frappe zélée;Eifriger Schwung;Attaque à la faux. Si cette attaque réussit, vous infligez +5..20 points de dégâts. Vous gagnez 3 points d'énergie et 1 décharge d'adrénaline à chaque adversaire touché.;4;41;9;10;0;5;0;10;0;0;0;0;0;0;0;
2072;Li Ming était pure;Rein war Li Ming;Sort d'altération d'objet. Vous tenez les cendres de Li Ming pendant 5..20 secondes. Pendant ce temps, les conditions qui vous affectent prennent fin 10..50% plus vite. Lorsque vous déposez ses cendres, tous les alliés à portée de voix perdent 1..4 conditions.;4;33;25;8;0;5;1;20;0;0;0;0;0;0;0;
2073;Arme d'agression;Waffe der Aggression;Sort d'altération d'arme. Pendant 5..15 secondes, vous attaquez 25% plus vite.;4;34;27;8;0;10;.25;10;0;0;0;0;0;0;0;
2074;Cogne-poitrine;Brusttrommler;Attaque au javelot. Si cette attaque touche un ennemi ayant une Armure brisée, celui-ci souffre de Blessure profonde pendant 5..20 secondes.;4;37;12;9;0;5;0;5;0;0;0;0;0;0;0;
2075;Refrain rapide;Hastiger Refrain;Echo. Pendant 8..20 secondes, la cible (allié ou vous-même) se déplace 25% plus vite. Cet écho est répété chaque fois qu'un chant ou un cri sur cet allié prend fin.;4;40;14;9;0;5;1;10;0;0;0;0;0;0;0;
2091;Sanctuaire de l'ombre;Schattenzuflucht (Kurzick);Enchantement. Vous êtes aveuglé pendant 5 secondes. Vous bénéficiez d'une régénération de santé de +7..10 et d'un bonus d'armure de +40 pendant 10 secondes.;2;-5;23;7;0;5;.25;30;0;0;0;1;0;0;0;
2092;Cauchemar éthéré;Äther-Alptraum (Kurzick);Maléfice. L'ennemi visé perd 5..8 points d'énergie. Pour chaque point d'énergie perdu de cette manière, la cible et tous les ennemis dans la zone subissent une dégénération de santé de -1 pendant 10 secondes.;2;-5;24;5;0;10;3;25;0;0;0;1;0;0;0;
2093;Sceau de corruption;Siegel der Verdorbenheit (Kurzick);Sceau. La cible ennemie et tous les ennemis à proximité subissent 20..30 points de dégâts. Pour chaque ennemi affecté souffrant d'une condition ou d'un maléfice, vous gagnez 2 points d'énergie (12..20 points d'énergie maximum).;2;-5;21;4;0;0;1;20;0;0;0;1;0;0;0;
2094;Seigneur élémentaire;Elementarlord (Kurzick);Enchantement. Pendant 40..60 secondes, toutes vos caractéristiques élémentaires augmentent de 1. Chaque fois que vous lancez un sort, vous gagnez 1 point d'énergie tous les 10 rangs de Conservation d'énergie et êtes soigné[f:"soignée"] de 100..300% du coût en énergie pour ce sort.;2;-5;23;6;0;5;.25;45;0;0;0;1;0;0;0;
2095;Esprit altruiste;Selbstloser Geist (Kurzick);Enchantement. Pendant 15..20 secondes, les sorts lancés sur un allié coûtent 3 points d'énergie en moins.;2;-5;23;3;0;5;.25;45;0;0;0;1;0;0;0;
2096;Triple tir;Dreifachschuss (Kurzick);Attaque à l'arc. Vous tirez simultanément 3 flèches sur l'ennemi visé. Ces flèches infligent 40..25% de dégâts en moins.;2;-5;2;2;0;10;0;10;0;0;0;1;0;0;0;
2097;"Sauvez votre peau !";"Rettet Euch selbst!" (Kurzick);Cri. Pendant 4..6 secondes, tous les autres membres du groupe bénéficient d'un bonus d'armure de +100.;2;-5;20;1;0;0;0;0;8;0;0;1;0;0;0;
2098;Aura de la puissance sacrée;Aura der Heiligen Macht (Kurzick);Enchantement. Pendant 45 secondes, vous infligez 20..25 points de dégâts sacrés à tous les ennemis adjacents lorsque vous perdez un enchantement de Derviche.;2;-5;23;10;0;10;.75;30;0;0;0;1;0;0;0;
2099;Javelot de furie;Speer der Wut (Kurzick);Attaque au javelot. Cette attaque inflige +30..40 points de dégâts. Si cette attaque touche un ennemi souffrant d'une condition, vous bénéficiez de 3..6 décharges d'adrénaline.;2;-5;12;9;0;5;1;8;0;0;0;1;0;0;0;
2100;Invocation des esprits;Geister herbeirufen (Kurzick);Sort. Tous les esprits que vous contrôlez font une foulée de l'ombre vers votre position et gagnent 60..100 points de vie.;2;-5;22;8;0;5;.25;5;0;0;0;1;0;0;0;
2101;Agilité critique;Kritische Beweglichkeit;Enchantement. Pendant 4 secondes et 1 seconde supplémentaire pour chaque rang d'Attaque critique, vous attaquez 33% plus vite et bénéficiez d'un bonus d'armure de +15..25. Cette compétence se relance à chaque fois que vous infligez un coup critique.;3;-2;23;7;0;5;1;30;0;0;0;1;0;0;0;
2102;Cri de douleur;Schmerzensschrei;Sort. Interrompt la compétence de l'ennemi visé. Si celui-ci souffrait d'un maléfice d'Envoûteur, lui et tous les ennemis proches encaissent 25..50 points de dégâts et subissent une dégénération de santé de -3..5 pendant 10 secondes.;3;-2;22;5;0;10;.25;15;0;0;0;1;0;0;0;
2103;Nécrose;Nekrose;Compétence. Si l'ennemi visé souffre d'une condition ou d'un maléfice, il subit 60..90 points de dégâts.;3;-2;1;4;0;5;1;2;0;0;0;1;0;0;0;
2104;Intensité;Intensität;Compétence. Pendant 10 secondes, la prochaine fois que vous infligez des dégâts élémentaires via un sort, tous les autres ennemis dans la zone de la cible subissent 60..70% de ces dégâts.;3;-2;1;6;0;5;0;10;0;0;0;1;0;0;0;
2105;Graine de vie;Lebenssaat;Enchantement. Pendant 2..5 secondes, à chaque fois que l'allié visé subit des dégâts, tous les membres du groupe sont soignés de 2 points de vie pour chaque rang de Faveur divine.;3;-2;23;3;0;5;.25;20;0;0;0;1;0;0;0;
2107;Attaque tourbillon;Wirbelsturmangriff;Attaque au corps à corps. Attaque la cible et tous les ennemis adjacents. Chaque attaque réussie inflige +13..20 points de dégâts.;3;-2;3;1;0;0;0;1;5.2;0;0;1;0;0;0;
2108;Saccage collectif;Tobt niemals allein;Compétence. Pendant 18..25 secondes, votre familier et vous attaquez 25% plus vite et bénéficiez d'une régénération de santé de +1..3.;3;-2;1;2;0;15;0;20;0;0;0;1;0;0;0;
2109;Aura éternelle;Ewige Aura;Enchantement. Vous bénéficiez de +100 points de vie maximum. Lorsque cet enchantement prend fin, tous les membres du groupe dans la zone sont ressuscités avec 40..50% de leur santé et 20..30% de leur énergie.;3;-2;23;10;0;15;4;30;0;0;0;1;0;0;0;
2110;Vampirisme;Vampirismus;Rituel d'asservissement. Crée un esprit de niveau 4..14 qui disparaît au bout de 75..150 secondes. Les attaques de cet esprit volent jusqu'à 10..20 points de vie et vous êtes soigné[f:"soignée"] de 10..20 points de vie.;3;-2;18;8;0;10;.75;30;0;0;0;1;0;0;0;
2112;"Il n'y a rien à craindre !";"Es gibt nichts zu befürchten!";Cri. Pendant 4 secondes plus 1 seconde supplémentaire tous les 2 points de Charisme, tous les membres du groupe à portée de voix subissent 20..35% de dégâts en moins. Les membres du groupe affectés sont soignés de 35..60 points de vie lorsque ce cri prend fin.;3;-2;20;9;0;15;0;20;0;0;0;1;0;0;0;
2116;Attaque sournoise;Überraschungsangriff;Attaque au corps à corps. Si cette attaque réussit, la cible ennemie souffre d'Aveuglement pendant 5..8 secondes. Cette attaque compte comme une attaque main droite.;4;-8;3;0;0;5;0;5;0;0;0;1;0;0;0;
2135;Piétinement du boeuf;Trampelnder Ochse;Attaque ambidextre. Doit succéder à une attaque main gauche. Si l'attaque réussit, Vous infligez +5..20 points de dégâts. Si vous touchez un ennemi frappé d'Infirmité, il est assommé.;4;29;7;7;0;5;0;8;0;0;0;0;0;0;0;
2136;Défense poudre fumigène;Rauchpulver-Verteidigung;Pose de combat. Pendant 8 secondes, la prochaine fois que vous êtes frappé[f:"frappée"], vous subissez la moitié des dégâts et tous les ennemis adjacents souffrent d'Aveuglement pendant 2..6 secondes.;4;31;29;7;0;5;0;20;0;0;0;0;0;0;0;
2137;Images déroutantes;Verwirrende Bilder;Maléfice. Pendant 2..10 secondes, les ennemis visés mettent deux fois plus longtemps à activer leurs compétences autres que les attaques.;4;1;24;5;0;10;1;20;0;0;0;0;0;0;0;
2138;Vigueur du lanceur de maléfices;Lebenskraft des Verhexers;Enchantement. Pendant 10 secondes, vous bénéficiez d'une régénération de santé de +1..8. Vigueur du lanceur de maléfices prend fin si vous utilisez une compétence autre qu'un maléfice.;4;6;23;4;0;5;.25;10;0;0;0;0;0;0;0;
2139;Masochisme (PvP);Masochismus (PvP);Enchantement. Pendant 30 secondes, vous gagnez 1..3 points d'énergie chaque fois que vous sacrifiez de la santé.;4;6;23;4;0;5;1;20;0;0;0;0;0;0;0;
2140;Piège perforant;Durchbohrende Falle;Piège. Quand ce piège se déclenche, tous les ennemis à proximité subissent 5..50 points de dégâts perforants. Les ennemis ayant une Armure brisée subissent 15..60 points de dégâts supplémentaires. Ce piège fonctionne pendant 90 secondes. Vous pouvez être facilement interrompu lorsque vous activez cette compétence.;4;24;30;2;0;10;2;30;0;0;0;0;0;0;0;
2141;Camaraderie;Kameradschaft;Compétence. Si vous avez moins de santé que votre familier, vous êtes soigné[f:"soignée"] de 30..120 points de vie. Si votre familier a moins de santé que vous, il est soigné de 30..120 points de vie.;4;22;1;2;0;5;2;10;0;0;0;0;0;0;0;
2142;Agression barbare;Wilde Aggression;Compétence. Pendant 5..20 secondes, votre familier attaque 33% plus vite et inflige 3..10 points de dégâts supplémentaires.;4;22;1;2;0;15;0;20;0;0;0;0;0;0;0;
2143;Tir d'interruption;Unterbrechender Schuss;Attaque à l'arc. Si cette attaque réussit, l'action de la cible ennemie est interrompue. S'il s'agissait d'une compétence, vous infligez +10..40 points de dégâts.;4;25;2;2;0;10;.5;15;0;0;0;0;0;0;0;
2144;Volée;Salve;Attaque à l'arc. Toutes vos préparations sont annulées. Vous décochez des flèches sur la cible ennemie et un maximum de 3 ennemis adjacents à votre cible. Ces flèches infligent +1..10 points de dégâts si elles touchent l'ennemi.;4;25;2;2;0;5;0;2;0;0;0;0;0;0;0;
2145;Concentration experte;Expertenfokus;Préparation. Pendant 24 secondes, vos compétences d'attaques à l'arc coûtent 1..2 points d'énergie en moins et infligent 1..10 points de dégâts supplémentaires.;4;23;17;2;0;10;2;12;0;0;0;0;0;0;0;
2146;Fureur pieuse (PvP);Frommer Zorn (PvP);Pose de combat. Supprime un enchantement de Derviche. Pendant 1..5 secondes, vous attaquez 25% plus vite. Si un enchantement a été supprimé, cette pose de combat dure deux fois plus longtemps.;4;44;29;10;0;5;0;15;0;0;0;0;0;0;0;
2147;Victoire paralysante;Verkrüppelnder Sieg;Attaque à la faux. Si votre attaque touche un ennemi, celui-ci est frappé d'Infirmité pendant 3..8 secondes. Si vous avez plus de points de vie que l'ennemi visé, tous les ennemis adjacents subissent 10..30 points de dégâts de la terre.;4;41;9;10;0;0;0;0;6;0;0;0;0;0;0;
2148;Arme de fractionnement;Trennende Waffe;Sort d'altération d'arme. Pendant 4..10 secondes, les 3 prochaines attaques de la cible (allié ou vous-même) bénéficient d'une pénétration d'armure de 10% et provoquent une Armure brisée pendant 5..20 secondes.;4;32;27;8;0;5;1;10;0;0;0;0;0;0;0;
2149;Arme du renouveau;Waffe der Erneuerung;Sort d'altération d'arme. Pendant 5..20 secondes, la prochaine fois que la cible (allié ou vous-même) frappe avec une compétence d'attaque, elle reçoit 1..7 points d'énergie.;4;36;27;8;0;5;1;10;0;0;0;0;0;0;0;
2150;Javelot mutilant;Verkrüppelungs-Speer;Attaque au javelot. Si votre attaque affecte un ennemi souffrant de Saignement, celui-ci est frappé d'Infirmité pendant 5..20 secondes.;4;37;12;9;0;5;0;5;0;0;0;0;0;0;0;
2186;Sceau de corruption mortelle (PvP);Siegel der tödlichen Verdorbenheit (PvP);Sceau. Doit succéder à une attaque d'ambidextrie. La cible ennemie subit 5..35 points de dégâts pour chaque condition affectant cet ennemi (maximum : 130).;4;30;21;7;0;0;1;12;0;0;0;0;0;0;0;
2187;Méthode du Maître;Weg des Meisters;Enchantement. Pendant 60 secondes, lorsque vous êtes équipé d'une arme autre que des dagues, vous avez 3..33% de chances supplémentaires d'infliger un coup critique.;4;35;23;7;0;5;.25;30;0;0;0;0;0;0;0;
2188;Défenses profanées;Verteidigung entweihen;Maléfice. Pendant 5..20 secondes, la prochaine fois que la cible ennemie bloque, elle subit 30..120 points de dégâts.;4;7;24;4;0;5;1;5;0;0;0;0;0;0;0;
2189;Regard d'Angorodon;Angorodons Starren;Sort. Vous volez 10..50 points de vie à la cible ennemie. Si vous souffrez d'une condition, vous recevez 3..12 points d'énergie.;4;6;22;4;0;5;1;10;0;0;0;0;0;0;0;
2190;Afflux magnétique;Magnetschub;Enchantement. L'ennemi visé subit 15..75 points de dégâts. Si vous êtes en état d'Afflux, l'Afflux magnétique enchante tous les alliés à portée de voix pendant 1..5 secondes, leur permettant de bloquer la prochaine attaque.;4;9;23;6;0;10;1;15;0;0;0;0;0;0;0;
2191;Terrain glissant (PvP);Rutschiger Boden (PvP);Sort. Si l'ennemi visé souffre d'Aveuglement ou se déplace, il est assommé. (50% de risques d'échec avec Magie de l'eau 4 ou inférieure.);4;11;22;6;0;5;1;15;0;0;0;0;0;0;0;
2192;Glace scintillante;Leuchtendes Eis;Sort. La cible ennemie subit 5..50 points de dégâts du froid. Si elle est affectée par un maléfice de la Magie de l'eau, vous recevez 5 points d'énergie et 1 point d'énergie supplémentaire tous les 2 rangs de Conservation d'énergie.;4;11;22;6;0;5;1;8;0;0;0;0;0;0;0;
2193;Explosion d'énergie;Energieexplosion;Sort. La cible ennemie subit 1..2 points de dégâts pour chaque point d'énergie que vous possédez (130 points de dégâts maximum).;4;12;22;6;0;5;1.5;20;0;0;0;0;0;0;0;
2194;Frappe de diversion;Ablenkender Stoß;Attaque au corps à corps. Si la Frappe de diversion réussit, vous n'infligez pas de dégâts mais vous interrompez l'action de la cible ennemie. Si l'ennemi a une Armure brisée, cette compétence est inutilisable pendant 30 secondes.;4;-1;3;1;0;5;.5;15;0;0;0;0;0;0;0;
2195;Attaque symbolique;Symbolischer Schlag;Attaque au corps à corps. Si cette attaque réussit, vous infligez +12 points de dégâts pour chaque sceau dont vous êtes équipé (maximum 70 points de dégâts ).;4;-1;3;1;0;0;0;0;3.2;0;0;0;0;0;0;
2196;Vitesse du soldat;Geschwindigkeit des Soldaten;Pose de combat. Pendant 3..18 secondes, vous vous déplacez 15% plus vite. Votre vitesse de déplacement est encore augmentée de 15% lorsque vous êtes sous l'effet d'un cri ou d'un chant.;4;21;29;1;0;5;0;12;0;0;0;0;0;0;0;
2197;Frappe corporelle;Körperschlag;Attaque au corps à corps. Si cette attaque réussit, l'ennemi visé subit +10..40 points de dégâts. S'il a une Armure brisée, il souffre de Blessure profonde pendant 0..15 secondes.;4;17;3;1;0;0;0;0;6.4;0;0;0;0;0;0;
2198;Tir corporel;Körperschuss;Attaque à l'arc. Si cette attaque réussit, vous infligez +5..20 points de dégâts. Si vous frappez un ennemi ayant une Armure brisée, vous bénéficiez de 5..10 points d'énergie.;4;25;2;2;0;5;0;8;0;0;0;0;0;0;0;
2199;Sceau de Joute empoisonnée;Giftspitzen-Siegel;Sceau. Pendant 60 secondes, votre prochaine attaque provoque également l'Empoisonnement pendant 8..15 secondes.;4;24;21;2;0;0;1;6;0;0;0;0;0;0;0;
2200;Sceau de vitesse mystique;Siegel der mystischen Geschwindigkeit;Sceau. Pendant 30 secondes, vos 1..3 prochains enchantements autociblés sont lancés automatiquement. Les enchantements instantanés ne diminuent pas votre nombre d'utilisations possibles de cette compétence.;4;42;21;10;0;0;1;20;0;0;0;0;0;0;0;
2201;Bouclier de force;Kraftschild;Enchantement instantané. Pendant 1..16 secondes, bloque jusqu'à 1 attaques à votre encontre. Si une attaque est bloquée, tous les ennemis adjacents qui attaquent sont assommés et souffrent de Faiblesse pendant 5..20 secondes.;4;43;33;10;0;10;0;12;0;0;0;0;0;0;0;
2202;Etreinte réparatrice;Genesungsgriff;Sort. La cible (allié ou vous-même) est soignée de 30..90 points de vie. Si la cible est sous les effets d'un sort d'altération d'arme, elle perd une condition.;4;33;22;8;0;5;1;4;0;0;0;0;0;0;0;
2203;Aura de sangsue de l'esprit;Geistsauger-Aura;Compétence. Pendant 5..20 secondes, tous vos esprits à portée de voix infligent 5..20 points de dégâts en moins et volent 5..20 points de vie lorsqu'ils attaquent.;4;33;1;8;0;5;.25;20;0;0;0;0;0;0;0;
2204;Rajeunissement (PvP);Verjüngung (PvP);Rituel d'asservissement. Crée un esprit de niveau 1..16. Celui-ci soigne tous les membres du groupe à portée de voix de 3..10 points de vie par seconde. Cet esprit perd 3..10 points de vie pour chaque membre du groupe soigné de cette manière. Il meurt au bout de 30..90 secondes.;4;33;18;8;0;10;3;30;0;0;0;0;0;0;0;
2205;Agonie (PvP);Todesqual (PvP);Rituel d'asservissement. Crée un esprit de niveau 1..8. Celui-ci fait perdre 3..10 points de vie par seconde aux ennemis à portée de voix. Cet esprit perd 3..10 points de vie pour chaque ennemi blessé de cette manière. Il meurt au bout de 30..90 secondes.;4;34;18;8;0;10;3;30;0;0;0;0;0;0;0;
2206;Arme spectrale;Geisterwaffe;Sort d'altération d'arme. Pendant 5..20 secondes, la prochaine attaque de la cible alliée ne peut pas être bloquée.;4;32;27;8;0;3;.25;1;0;0;0;0;0;0;0;
2207;Discours stimulant;Inspirative Rede;Compétence. Vous perdez toute votre adrénaline et la cible alliée reçoit 1..8 décharges d'adrénaline.;4;39;1;9;0;5;0;10;0;0;0;0;0;0;0;
2208;Bouclier incandescent;Brennender Schild;Compétence. Pendant 3..9 secondes, si vous utilisez un bouclier, la prochaine compétence d'attaque utilisée contre vous est bloquée. S'il s'agissait d'une attaque au corps à corps, votre attaquant s'embrase pendant 1..6 secondes.;4;40;1;9;0;5;0;20;0;0;0;0;0;0;0;
2209;Javelot sacré;Heiliger Speer;Attaque au javelot. Si cette attaque réussit, vous infligez +5..20 points de dégâts. Si elle frappe une créature invoquée, tous les ennemis à proximité subissent 15..90 points de dégâts sacrés et s'embrasent pendant 3 secondes.;4;37;12;9;0;0;0;0;4;0;0;0;0;0;0;
2210;Frappe du javelot;Speerschlag;Attaque au javelot. Si cette attaque réussit, vous infligez +5..20 points de dégâts et la cible ennemie est frappée de Stupeur pendant 4..10 secondes. Cette attaque a une portée rapprochée.;4;40;12;9;0;5;0;20;0;0;0;0;0;0;0;
2211;Acide alchimique d'Alkar;Alkars Alchemiesäure;Sort. Vous lancez l'Acide alchimique d'Alkar sur l'ennemi visé. La cible et les ennemis adjacents subissent 40..50 points de dégâts. Les Destructeurs subissent 45..70 points de dégâts en plus et ont une Armure brisée pendant 14..20 secondes.;4;-7;22;0;0;10;1;10;0;0;0;1;0;0;0;
2212;Lumière de Deldrimor;Licht von Deldrimor;Sort. Tous les ennemis dans la zone subissent 55..80 points de dégâts sacrés. Tous les objets cachés à portée sont révélés sur votre boussole.;4;-7;22;0;0;5;.75;20;0;0;0;1;0;0;0;
2213;Morsure d'oreille;Ohrenbiss;Compétence. La cible ennemie touchée subit 50..70 points de dégâts perforants et souffre de Saignement pendant 15..25 secondes.;4;-7;1;0;0;0;.75;0;4;0;0;1;0;0;0;
2214;Coup bas;Unter der Gürtellinie;Compétence. Inflige 45..70 points de dégâts à l'ennemi visé. Si l'ennemi visé est assommé, il reçoit 30..50 points de dégâts supplémentaires et subit la condition Armure brisée pendant 14..20 secondes.;4;-7;1;0;0;0;.75;0;6;0;0;1;0;0;0;
2215;Coup du bagarreur;Rauf-Kopfstoß;Compétence. Vous assénez un coup de tête à la cible ennemie touchée qui lui inflige 45..70 points de dégâts et l'assomme si l'attaque réussit.;4;-7;1;0;0;0;.75;0;7;0;0;1;0;0;0;
2216;"Ne trébuche pas !";"Stolpert nicht!";Cri. Pendant 3..5 secondes, les membres du groupe à portée de voix ne peuvent pas être assommés.;4;-7;20;0;0;5;0;20;0;0;0;1;0;0;0;
2217;"Par le marteau d'Ural !";"Bei Urals Hammer!";Cri. Pendant 30 secondes, tous les morts de votre groupe à portée de voix sont ressuscités avec l'intégralité de leurs points de vie et d'énergie. Les membres du groupe ressuscités infligent 25..33% plus de dégâts. Une fois cet effet dissipé, les membres du groupe affectés meurent. Cette compétence n'engendre pas de handicap.;4;-7;20;0;0;5;0;60;0;0;0;1;0;0;0;
2218;Maître ivre;Betrunkener Meister;Pose de combat. Pendant 72..90 secondes, vos vitesses de mouvement et d'attaque sont augmentées de 10..15%. Si vous êtes ivre lorsque vous activez cette compétence, vos vitesses de mouvement et d'attaque sont augmentées de 25..33%.;4;-7;29;0;0;5;0;60;0;0;0;1;0;0;0;
2219;Arme du Grand Nain;Waffe des Großen Zwergs;Sort d'altération d'arme. Pendant 20 secondes, l'arme de l'allié visé inflige +15..20 points de dégâts et a 28..40% de chances d'assommer.;4;-7;27;0;0;10;1;5;0;0;0;1;0;0;0;
2220;Armure du Grand Nain;Rüstung des Großen Zwergs;Enchantement. Pendant 22..40 secondes, la cible (allié ou vous-même) reçoit un bonus d'armure de +24, +60 de santé maximum et un bonus d'armure supplémentaire de +24 contre les Destructeurs.;4;-7;23;0;0;5;1;10;0;0;0;1;0;0;0;
2221;Souffle du Grand Nain;Atem des Großen Zwergs;Sort. Tous les membres du groupe sont soulagés de la Brûlure et soignés de 50..60 points de vie.;4;-7;22;0;0;10;.25;15;0;0;0;1;0;0;0;
2222;Tempête de neige;Schneesturm;Sort. Vous créez une tempête de neige sur la position de l'ennemi visé. Pendant 5 secondes, les ennemis adjacents à cette position subissent 30..40 points de dégâts du froid par seconde.;4;-7;22;0;0;10;1;10;0;0;0;1;0;0;0;
2223;Piège de poudre noire;Schwarzpulvermine;Piège. Quand ce piège se déclenche, tous les ennemis à proximité subissent 20..30 points de dégâts, souffrent d'Aveuglement et commencent à saigner pendant 7..10 secondes. Cette compétence fonctionne pendant 90 secondes. Vous pouvez être facilement interrompu lorsque vous l'utilisez.;4;-7;30;0;0;10;2;20;0;0;0;1;0;0;0;
2224;Invocation du Mursaat;Mursaat herbeirufen;Sort. Vous invoquez un Mursaat de niveau 14..20 qui vit pendant 40..60 secondes et est équipé de Décharge incapacitante. Vous ne pouvez activer qu'une seule invocation asura à la fois.;4;-6;22;0;0;10;3;60;0;0;0;1;0;0;0;
2225;Invocation du Jinn de rubis;Rubin-Dschinn herbeirufen;Sort. Vous invoquez un Jinn de rubis de niveau 14..20 qui vit pendant 40..60 secondes et est équipé d'Immolation. Vous ne pouvez activer qu'une seule invocation asura à la fois.;4;-6;22;0;0;10;3;60;0;0;0;1;0;0;0;
2226;Invocation du Lutin de glace;Eis-Kobold herbeirufen;Sort. Vous invoquez un Lutin de glace de niveau 14..20 qui vit pendant 40..60 secondes et est équipé de Tessons de glace. Vous ne pouvez activer qu'une seule invocation asura à la fois.;4;-6;22;0;0;10;3;60;0;0;0;1;0;0;0;
2227;Invocation du Chaman naga;Naga-Schamanen herbeirufen;Sort. Vous invoquez un Chaman naga de niveau 14..20 qui vit pendant 40..60 secondes et est équipé de Lapidation. Vous ne pouvez activer qu'une seule invocation asura à la fois.;4;-6;22;0;0;10;3;60;0;0;0;1;0;0;0;
2228;Frappe habile;Geschickter Schlag;Attaque à distance. Si cette attaque réussit, l'ennemi visé subit 18..30 points de dégâts. S'il possède une Armure brisée, il commence à saigner pendant 18..30 secondes.;4;-8;31;0;0;5;.5;8;0;0;0;1;0;0;0;
2229;Sceau d'infection;Siegel der Infektion;Sceau. Si la cible ennemie souffre de Saignement, elle souffre de Maladie pendant 13..20 secondes.;4;-8;21;0;0;0;1;10;0;0;0;1;0;0;0;
2230;Sceau tryptophane;Tryptophan-Siegel;Sceau. Pendant 14..20 secondes, la cible ennemie et tous les ennemis adjacents se déplacent et attaquent 23..40% moins vite.;4;-8;21;0;0;0;1;15;0;0;0;1;0;0;0;
2231;Etendard du courage de la bataille d'Ebon;Ebon-Kampfstandarte des Mutes;Sort de protection. Vous plantez un Etendard du courage de la bataille d'Ebon sur votre position actuelle. Pendant 14..20 secondes, les alliés autres que des esprits dans cette zone bénéficient d'un bonus d'armure de +24 et d'un bonus d'armure supplémentaire de +24 contre les Charrs.;4;-8;26;0;0;10;1;20;0;0;0;1;0;0;0;
2232;Etendard de sagesse de la bataille d'Ebon;Ebon-Kampfstandarte der Weisheit;Sort de protection. Vous plantez un Etendard de sagesse de la bataille d'Ebon sur votre position actuelle. Pendant 14..20 secondes, les alliés autres que des esprits dans cette zone ont 44..60% de chances de réduire de moitié le temps de recharge des sorts qu'ils lancent.;4;-8;26;0;0;10;1;20;0;0;0;1;0;0;0;
2233;Etendard d'honneur de la bataille d'Ebon;Ebon-Kampfstandarte der Ehre;Sort de protection. Vous plantez un Etendard d'honneur de la bataille d'Ebon sur votre position actuelle. Pendant 14..20 secondes, les alliés autres que des esprits dans cette zone infligent +8..15 points de dégâts et +7..10 points de dégâts en plus contre les Charrs.;4;-8;26;0;0;10;1;20;0;0;0;1;0;0;0;
2234;Tireur d'élite de soutien de l'Avant-garde d'Ebon;Ebon-Vorhut-Heckenschützen-Unterstützung;Sort. La cible ennemie subit 54..90 points de dégâts perforants et souffre de Saignement pendant 5..25 secondes. Cette attaque a 10% de chances d'infliger 540..900 points de dégâts perforants supplémentaires. Si cette attaque frappe un Charr, elle a 25% de chances d'infliger 540..900 points de dégâts perforants supplémentaires.;4;-8;22;0;0;10;1;15;0;0;0;1;0;0;0;
2235;Assassin de soutien de l'Avant-garde d'Ebon;Ebon-Vorhut-Assassinen-Unterstützung;Sort. Vous invoquez un Assassin de l'Avant-garde d'Ebon de niveau 14..20 équipé de Paume d'acier, Crocs du renard et Coup des neuf queues. Cet Assassin fait une Foulée de l'ombre vers la cible ennemie. Si cette dernière est un Charr, l'Assassin vit pendant 24..30 secondes. Si ce n'est pas un Charr, l'Assassin vit pendant 12..15 secondes.;4;-8;22;0;0;10;1;30;0;0;0;1;0;0;0;
2236;Puits de ruine;Brunnen des Ruins;Sort de puits. Exploitez le cadavre le plus proche ou sacrifiez 66% de santé pour créer à cet endroit un Puits de désolation. Pendant 5..30 secondes, chaque fois qu'un ennemi pris dans la zone d'effet subit des dégâts physiques, il souffre d'Armure fissurée pendant 5..20 secondes.;4;7;28;4;0;10;1;20;0;0;0;0;0;0;0;
2237;Atrophie;Schwund;Maléfice. Pendant 3..7 secondes, la caractéristique principale de la cible ennemie est réduite à 0.;4;7;24;4;0;10;1;20;0;0;0;0;0;0;0;
2238;Javelot de rédemption;Speer der Erlösung;Attaque au javelot. Si cette attaque réussit, vous infligez +5..20 points de dégâts. Si elle échoue, vous perdez une condition.;4;37;12;9;0;0;0;0;3;0;0;0;0;0;0;
2353;"Finissez-le !";"Erledigt ihn!";Cri. Si la cible ennemie a moins de 50% de santé, elle subit 44..80 points de dégâts, a une Armure brisée et souffre de Blessure profonde pendant 12..20 secondes.;4;-9;20;0;0;10;0;15;0;0;0;1;0;0;0;
2354;"Esquive ceci !";"Weicht aus!";Cri. Pendant 16..20 secondes, votre prochaine attaque ne peut pas être bloquée et inflige +14..20 points de dégâts.;4;-9;20;0;0;0;0;0;4;0;0;1;0;0;0;
2355;Je suis le plus fort !;Ich bin am stärksten!;Cri. Vos 5..8 prochaines attaques infligent +14..20 points de dégâts en plus.;4;-9;20;0;0;5;0;20;0;0;0;1;0;0;0;
2356;"Rien ne peut m'arrêter !";"Ich bin unaufhaltbar!";Cri. Pendant 16..20 secondes, vous bénéficiez d'un bonus d'armure +24 et ne pouvez pas être assommé ni frappé d'Infirmité.;4;-9;20;0;0;5;0;30;0;0;0;1;0;0;0;
2357;Une pointe de ruse;Ein Funken Arglist;Maléfice. La cible ennemie touchée subit 44..80 points de dégâts. Si cet ennemi était assommé, il ne peut pas attaquer pendant 5..8 secondes.;4;-9;24;0;0;5;.75;15;0;0;0;1;0;0;0;
2358;"Tu te déplaces comme un Nain !";"Ihr bewegt Euch wie ein Zwerg!";Cri. L'ennemi visé est renversé et subit 44..80 points de dégâts. Il est en outre frappé d'Infirmité pendant 8..15 secondes.;4;-9;20;0;0;10;0;10;0;0;0;1;0;0;0;
2359;"Vous êtes tous des mauviettes !";"Ihr seid alle Schwächlinge!";Cri. La cible ennemie et les ennemis adjacents souffrent de Faiblesse pendant 8..12 secondes.;4;-9;20;0;0;5;0;12;0;0;0;1;0;0;0;
2360;Aucune douleur;Den Schmerz nicht spüren;Compétence. Pendant 30 secondes, vous bénéficiez d'une régénération de santé de +2..3. Si vous êtes ivre lorsque vous activez cette compétence, vous recevez également +200..300 de santé maximum.;4;-9;1;0;0;5;0;20;0;0;0;1;0;0;0;
2361;Gourdin d'un millier d'ours;Tausend-Bären-Prügel;Attaque au corps à corps. Si cette attaque réussit, elle inflige +6..9 points de dégâts pour chaque ennemi adjacent (maximum 60 points de dégâts). Si la cible ennemie n'est pas humaine, elle est assommée.;4;-9;3;0;0;5;0;12;0;0;0;1;0;0;0;
2374;Bénédiction de l'ours;Segen der Bärin;Transformation d'élite. Vous perdez tous les effets et prenez l'apparence d'un ours. Pendant 60 secondes, vous avez 100 points d'armure et 750..800 points de vie. Toutes vos caractéristiques se remettent à 0 et les attaques de l'ours remplacent vos compétences.;4;-9;15;0;0;10;0;60;0;0;1;1;0;0;0;
2379;Bénédiction du loup;Segen des Wolfes;Transformation d'élite. Vous perdez tous les effets et prenez l'apparence d'un loup. Pendant 60 secondes, vous avez 80 points d'armure, 660..700 points de vie et une régénération de santé de 2..4. Toutes vos caractéristiques se remettent à 0 et les attaques du loup remplacent vos compétences.;4;-9;15;0;0;10;0;60;0;0;1;1;0;0;0;
2384;Bénédiction du corbeau;Segen des Raben;Transformation d'élite. Vous perdez tous les effets et prenez l'apparence d'un corbeau. Pendant 60 secondes, vous avez 80 points d'armure, 660..700 points de vie et avez 20..30% de chances de bloquer. Toutes vos caractéristiques se remettent à 0 et les attaques du corbeau remplacent vos compétences.;4;-9;15;0;0;10;0;60;0;0;1;1;0;0;0;
2411;Distorsion de l'esprit;Geistbrecher;Enchantement. Pendant 10..16 secondes, vous vous déplacez 20..33% plus vite et le temps d'incantation de vos sorts est réduit de 20%.;4;-6;23;0;0;5;1;24;0;0;0;1;0;0;0;
2412;Criminel improbable;Durchtriebener Krimineller;Sort. Pendant 10..20 secondes, l'ennemi ciblé ne peut plus utiliser un sort choisi aléatoirement et Criminel improbable est remplacé par ce sort. Vous bénéficiez de 5..10 points d'énergie.;4;-6;22;0;0;5;1;20;0;0;0;1;0;0;0;
2413;Technobabillage;Technobabbel;Sort. La cible ennemie et tous les ennemis adjacents subissent 30..40 points de dégâts. Si cet ennemi n'est pas un boss, lui et tous les ennemis adjacents sont frappés de Stupeur pendant 3..5 secondes.;4;-6;22;0;0;10;1;10;0;0;0;1;0;0;0;
2414;Champ de rayonnement;Strahlungsfeld;Sort de protection. Pendant 5 secondes, les ennemis se trouvant dans la zone subissent une dégénération de santé de -4..6. Lorsque le portail disparaît, les ennemis dans la zone souffrent de Maladie pendant 12..20 secondes.;4;-6;26;0;0;15;2;12;0;0;0;1;0;0;0;
2415;Scan asura;Asurischer Scan;Maléfice. Pendant 9..12 secondes, vos attaques ne peuvent pas manquer l'ennemi visé. Tuer un ennemi sous l'effet du Scan asura réduit votre handicap de 5%.;4;-6;24;0;0;5;0;5;0;0;0;1;0;0;0;
2416;Air de supériorité;Hochnäsigkeit;Compétence. Pendant 20..30 secondes, vous obtenez une augmentation asura aléatoire à chaque fois que vous gagnez de l'XP en tuant un ennemi.;4;-6;1;0;0;5;0;20;0;0;0;1;0;0;0;
2417;Blocage mental;Geistige Sperre;Enchantement. Pendant 5..11 secondes, vous avez 50% de chances de bloquer des attaques. Cet enchantement se réapplique à chaque fois qu'un ennemi vous attaque.;4;-6;23;0;0;10;1;15;0;0;0;1;0;0;0;
2418;Inverseur de douleur;Schmerztauscher;Maléfice. Pendant 6..10 secondes, à chaque fois que l'ennemi visé inflige des dégâts, il subit 100..140% des dégâts qu'il inflige (80 points de dégâts maximum).;4;-6;24;0;0;10;1;20;0;0;0;1;0;0;0;
2420;Echappatoire d'Ebon;Ebon-Flucht;Sort. Vous faites une Foulée de l'ombre vers la cible alliée. Cet allié et vous-même êtes soignés de 70..110 points de vie.;4;-8;22;0;0;5;.25;10;0;0;0;1;0;0;0;
2421;Piège de faiblesse;Schwäche-Falle;Piège. Quand ce piège se déclenche, tous les ennemis à proximité souffrent de Faiblesse pendant 10..20 secondes et subissent 24..50 points de dégâts de la foudre. Tous les Charrs sont assommés. Ce piège fonctionne pendant 90 secondes. Vous pouvez être facilement interrompu lorsque vous activez cette compétence.;4;-8;30;0;0;10;2;30;0;0;0;1;0;0;0;
2422;Vents;Winde;Rituel de l'Avant-garde d'Ebon. Vous créez un esprit de niveau 4..10. Tous les ennemis dans sa portée ont 15% de risques de manquer leurs attaques à distance. Cet esprit meurt au bout de 54..90 secondes.;4;-8;32;0;0;5;5;30;0;0;0;1;0;0;0;
2423;Stabilité naine;Zwergenstabilität;Enchantement. Pendant 24..30 secondes, vos poses durent 55..100% plus longtemps. Si vous avez activé cette compétence lorsque vous étiez ivre, vous ne pouvez pas être assommé.;4;-7;23;0;0;5;.25;30;0;0;0;1;0;0;0;
3422;Protection du temps;Zeitabwehr;Sort de protection d'élite. Vous créez une Protection du Temps sur votre position actuelle. Pendant 6..20 secondes, les alliés situés dans cette zone et qui ne sont pas des esprits lancent des sorts 15..20 % plus vite et recharge leurs compétences 15..20 % plus vite. Compétence PvE;0;0;26;5;0;10;2;30;0;0;1;1;0;0;0;
3423;Preneur d'Âmes;Seelengreifer;Enchantement d'élite. Pendant 3..30 secondes, vos attaques sacrifient 15..20 points de vie et infligent 15..20 points de dégâts supplémentaires. Compétence PvE;0;6;23;4;0;5;1;15;0;0;1;1;0;0;0;
3424;Au-delà de la limite;Über die Grenze hinaus;Enchantement d'élite. Tant que cet enchantement est actif, vos sorts se lancent 20..50 % plus vite et se rechargent 40..80 % plus vite, cependant vous gagnez de l'Afflux en continu. Compétence PvE;0;12;23;6;-1;5;1;20;0;0;1;1;0;0;0;
3425;Frappe du jugement;Urteilsschlag;Attaque au corps à corps d'élite. Attaque la cible et les ennemis adjacents. Chaque attaque inflige +13..30 de dégâts sacrés et renverse les ennemis en combats. Compétence PvE;0;16;3;3;0;5;1;8;0;0;1;1;0;0;0;
3426;Pose des septs armes;Sieben Waffen-Haltung;Pose de combat d'élite. Pendant 3..20 secondes, vos caractéristiques d'armes augmentent de 1..15 et vos attaques sont 33 % plus rapide. Compétence PvE;0;17;29;1;0;5;0;20;0;0;1;1;0;0;0;
3427;"Ensemble et unis !";"Gemeinsam als Eines!";Cri d'élite. Pendant 3..15 secondes, tous les membres du groupe près de vous ou de votre familier infligent +5..15 points de dégâts supplémentaires et bénéficient d'une régénération de santé de +1..7. Compétence PvE;0;23;20;2;0;10;0;15;0;0;1;1;0;0;0;
3428;Voleur d'ombre;Schattendiebstahl;Compétence élite. Vous faites une Foulée de l'ombre jusqu'à la cible ennemie. Pendant 5..20 secondes, les caractéristiques de cet ennemi sont réduites de 1..5 et vos caractéristiques sont augmentées de 1..5. Cette compétence compte comme une attaque main droite. Compétence PvE;0;35;1;7;0;5;.25;20;0;0;1;1;0;0;0;
3429;Armes des trois forges;Waffen aus drei Schmieden;Sort d'altération d'arme d'élite. Pendant 3..20 secondes, les alliés situés à portée de voix et qui ne sont pas des esprits bénéficient des effets d'un sort d'altération d'arme aléatoire. Compétence PvE;0;36;27;8;0;10;2;15;0;0;1;1;0;0;0;
3430;Voeu de révolution;Schwur der Revolution;Enchantement d'élite. Pendant 3..10 secondes, vous bénéficiez d'une régénération d'énergie de +1..6. Cette compétence s'applique à nouveau à chaque fois que vous utilisez une compétence qui n'est pas une compétence de Derviche. Compétence PvE;0;44;23;10;0;10;1;20;0;0;1;1;0;0;0;
3431;Rengaine héroïque;Heroischer Refrain;Echo d'élite. Pendant 3..15 secondes, l'allié ciblé, s'il n'est pas un esprit, bénéficie de +1..3 pour toutes ses caractéristiques. Cet écho se renouvelle chaque fois qu'un chant ou un cri vous affectant prend fin. Compétence PvE;0;40;14;9;0;5;1;10;0;0;1;1;0;0;0;
3446;Soul Ignition;Soul Ignition;Enchantement. While you maintain this enchantment, reduce Overcast at a rate of 1..2 per second. You and all adjacent foes are afflicted with burning while this enchantment is active.;0;12;23;6;-1;10;.5;30;0;0;0;1;0;0;0;
