0;No Skill;Keine Fertigkeit;Empty slot;0;-1;0;0;0;0;0;0;0;0;0;0;0;0;0;
1;Sigillo della Guarigione;Siegel der Heilung;Sigillo. Salute conseguita: 82..172. Mentre usi quest'abilità hai -40 di armatura.;0;21;21;1;0;0;2;4;0;0;0;0;0;0;0;
2;Sigillo della Resurrezione;Siegel der Wiederbelebung;Sigillo. Fa risorgere il membro della squadra selezionato (Salute: 100%. Energia: 25%). Questo Sigillo si ricarica solo ottenendo una Spinta Morale.;0;-1;21;0;0;0;3;0;0;0;0;0;0;0;0;
3;Sigillo della Cattura;Siegel der Erbeutung;Sigillo. Scegli un'abilità da un boss morto della tua professione. Il Sigillo della Cattura verrà sostituito permanentemente da quell'abilità. Se si tratta di un'abilità d'élite ottieni 250 P.E. per ogni livello acquisito.;0;-1;21;0;0;0;2;2;0;0;0;1;0;0;0;
5;Blocco del Potere;Kraftblock;Magia d'Élite. Se l'obiettivo nemico ha attivato una magia o un canto, l'abilità e tutte le altre abilità con lo stesso attributo vengono disattivate (1..12 secondi) e l'abilità viene interrotta.;1;2;22;5;0;15;.25;20;0;0;1;0;0;0;0;
6;Mantra della Terra;Mantra der Erde;Posizione. (Secondi: 30..90) Riduzione danni da terra: 26..50%. Energia conseguita quando subisci danni da terra: 2.;0;3;29;5;0;10;0;20;0;0;0;0;0;0;0;
7;Mantra della Fiamma;Mantra des Feuers;Posizione. (Secondi: 30..90) Riduzione danni da fuoco: 26..50%. Energia conseguita quando subisci danni da fuoco: 2.;0;3;29;5;0;10;0;20;0;0;0;0;0;0;0;
8;Mantra della Brina;Mantra des Frosts;Posizione. (Secondi: 30..90) Riduzione danni da freddo: 26..50%. Energia conseguita quando subisci danni da freddo: 2.;0;3;29;5;0;10;0;20;0;0;0;0;0;0;0;
9;Mantra del Fulmine;Mantra des Blitzes;Posizione. (Secondi: 30..90) Riduzione danni da fulmine: 26..50%. Energia conseguita quando subisci danni da fulmine: 2.;0;3;29;5;0;10;0;20;0;0;0;0;0;0;0;
10;Anti-Fattura;Gebrochene Verhexung;Posizione. (Secondi: 5..80) La prossima fattura lanciata su di te fallisce e chi l'ha lanciata subisce 10..46 danno[i].;0;2;29;5;0;5;0;15;0;0;0;0;0;0;0;
11;Distorsione;Verzerrung;Posizione. (Secondi: 1..5) Probabilità di blocco: 75%. Costo del blocco: perdi 2 Punto[i] Energia o Distorsione termina.;1;1;29;5;0;5;0;8;0;0;0;0;0;0;0;
13;Mantra del Recupero;Mantra der Erholung;Posizione d'Élite. (Secondi: 5..20). Incremento velocità di ricarica delle tue magie: 33%.;0;0;29;5;0;5;0;15;0;0;1;0;0;0;0;
14;Mantra della Persistenza;Mantra des Bestehens;Posizione. (Secondi: 5..25) Incremento durata fatture di Magia Illusoria da te lanciate: 10..40%.;0;3;29;5;0;5;0;15;0;0;0;0;0;0;0;
15;Mantra delle Iscrizioni;Mantra der Inschriften;Posizione. (Secondi: 5..25) Incremento velocità di ricarica dei Sigilli da te attivati mentre sei in questa posizione: 10..40%.;0;3;29;5;0;10;0;20;0;0;0;0;0;0;0;
16;Mantra della Concentrazione;Mantra der Konzentration;Posizione. (Secondi: 1..38) La prossima volta che un avversario cercherà di interromperti non potrà farlo.;1;3;29;5;0;5;0;30;0;0;0;0;0;0;0;
17;Mantra della Risoluzione;Mantra des Abschlusses;Posizione. (Secondi: 30..90) Previene le interruzioni contro di te. Costo di prevenzione: perdi 10..4 Punto[i] Energia o Mantra della Risoluzione termina.;0;3;29;5;0;10;0;20;0;0;0;0;0;0;0;
18;Mantra dei Sigilli;Mantra der Siegel;Posizione. (Secondi: 10..40). Armatura ottenuta per ogni Sigillo: +3. Ottieni 5..60 Punti Salute ogni volta che utilizzi un Sigillo.;1;3;29;5;0;5;0;20;0;0;0;0;0;0;0;
19;Fragilità;Zerbrechlichkeit;Fattura. Colpisce con una fattura anche i nemici adiacenti all'obiettivo (8..20 secondi). Danni inferti ai nemici ogni volta che ogni volta che viene loro inflitta una nuova condizione o se ne liberano: 5..20.;0;1;24;5;0;5;1;5;0;0;0;0;0;0;0;
21;Incantesimo Ispirato;Inspirierte Verzauberung;Magia. Rimuove un incantesimo dall'obiettivo nemico. Effetto della rimozione: ottieni 3..15 Punto[i] Energia. Questa magia viene rimpiazzata con quell'incantesimo (20 secondi).;1;3;22;5;0;10;1;0;0;0;0;0;0;0;0;
22;Fattura Ispirata;Inspirierte Verhexung;Magia. Rimuove una fattura dall'obiettivo (un alleato o te stesso). Effetto di rimozione: ottieni 4..10 Punto[i] Energia. Questa magia viene rimpiazzata con quella fattura (20 secondi).;1;3;22;5;0;5;1;0;0;0;0;0;0;0;0;
23;Spina del Potere;Kraftdorn;Magia. Interrompe una magia o un canto. Effetto dell'interruzione: 30..120 danni inferti.;0;2;22;5;0;5;.25;12;0;0;0;0;0;0;0;
24;Perdita di Potere;Kraftleck;Magia. Interrompe una magia o un canto. Effetto dell'interruzione: perdita di 3..17 Punti Energia.;1;2;22;5;0;10;.25;20;0;0;0;0;0;0;0;
25;Calo di Potere;Kraftentzug;Magia. Interrompe una magia o un canto. Effetto dell'interruzione: ottieni 1..31 Punto[i] Energia.;0;3;22;5;0;5;.25;20;0;0;0;0;0;0;0;
26;Empatia;Empathie;Fattura. (Secondi: 5..15). Riduzione dei danni causati dagli attacchi dell'obiettivo nemico: 1..15. danni subiti dall'obiettivo nemico ad ogni attacco: 10..55.;0;2;24;5;0;10;2;10;0;0;0;0;0;0;0;
27;Delusioni Infrante;Täuschungen brechen;Magia. Rimuove una fattura da Ipnotizzatore dal bersaglio nemico. Effetto della rimozione: 15..75 danni al bersaglio e il 75% di quei danni a tutti i nemici adiacenti.;1;2;22;5;0;5;.25;6;0;0;0;0;0;0;0;
28;Ritorno di Fiamma;Rückschlag;Fattura. (Secondi: 10) Danni all'obiettivo nemico ogni volta che lancia una magia: 35..140.;0;2;24;5;0;15;3;20;0;0;0;0;0;0;0;
29;Blackout;Blackout;Abilità a Tocco. (Secondi: 2..8) Disattiva le abilità. Le tue abilità vengono disattivate (5 secondi).;1;2;1;5;0;10;1;12;0;0;0;0;0;0;0;
30;Diversione;Ablenkung;Fattura. (Secondi: 6) Tempo di ricarica della prossima abilità dell'obiettivo nemico: +10..56 secondo[i].;0;2;24;5;0;10;3;12;0;0;0;0;0;0;0;
31;Evoca Fantasma;Trugbild beschwören;Fattura. (Secondi: 4..18) Degenerazione Salute: -5.;0;1;24;5;0;10;1;5;0;0;0;0;0;0;0;
32;Illusione di Debolezza;Illusion der Schwäche;Incantesimo. Salute persa: 50..240. Effetto al termine: ottieni 50..240 Punto[i] Salute. Termina se il danno fa calare la tua Salute a meno del 25% di quella massima.;1;1;23;5;0;10;2;30;0;0;0;0;0;0;0;
33;Armamento Illusorio;Illusion der Waffen;Incantesimo d'Élite. (Secondi: 30). Infligge 20..60 danni ai nemici anziché altri danni o effetti provocati dagli attacchi ravvicinati. Armatura ottenuta per ogni abilità di Magia Illusoria equipaggiata: +5. Gli attacchi ravvicinati non colpiscono e non vanno a vuoto.;1;1;23;5;0;5;1;10;0;0;1;0;0;0;0;
34;Aspetto Compassionevole;Sympathisches Gesicht;Incantesimo. (Secondi: 4..10) Tutti i nemici adiacenti perdono tutta l'adrenalina e 3 Punti Energia ogni volta che l'obiettivo (un alleato o te stesso) viene colpito da un attacco ravvicinato.;1;1;23;5;0;10;1;20;0;0;0;0;0;0;0;
35;Ignoranza;Ignoranz;Fattura. (Secondi: 8..20) L'obiettivo nemico non può usare Sigilli.;0;2;24;5;0;10;1;10;0;0;0;0;0;0;0;
36;Enigma Arcano;Arkanes Rätsel;Fattura. Colpisce con una fattura anche i nemici nei dintorni dell'obiettivo (secondi:5..15). Raddoppia il tempo di lancio delle magie. Effetto al termine: ottieni 1..7 Punti Energia.;0;1;24;5;0;10;2;30;0;0;0;0;0;0;0;
37;Illusione di Velocità;Illusion der Eile;Incantesimo. (Secondo[i]: 5..11) Aumento della tua velocità di movimento: 33%. Effetto iniziale: rimozione della Storpiatura. Effetto al termine: Storpiatura (3 secondo[i]).;0;1;23;5;0;5;1;5;0;0;0;0;0;0;0;
38;Incanalamento;Kanalisieren;Incantesimo. (Secondi: 8..56) Ottieni 1 Punto Energia per ogni nemico nell'area ogni volta che lanci una magia.;1;3;23;5;0;5;1;10;0;0;0;0;0;0;0;
39;Flusso di Energia;Energiewelle;Magia d'Élite. Provoca perdita di Energia pari a 1..10. Per ogni punto perso di Energia, infligge 7 danni al bersaglio e il 75% di quei danni a tutti i nemici vicini.;0;2;22;5;0;5;2;15;0;0;1;0;0;0;0;
40;Banchetto d'Etere;Ätherschmaus;Magia. Perdita Energia: 3. Salute conseguita per ogni Punto Energia perso: 20..65.;0;3;22;5;0;5;1;8;0;0;0;0;0;0;0;
41;Signore dell'Etere;Herr über den Äther;Fattura. Perdi tutta l'Energia. Degenerazione Energia dell'obiettivo nemico: -1..3. Rigenerazione tua Energia: +1..3 (5..10 secondo[i]).;1;3;24;5;0;5;2;20;0;0;0;0;0;0;0;
42;Energia Bruciata;Energiebrand;Magia. Perdita Energia: 1..10. Danni inferti per ogni Punto Energia perso: 9.;0;2;22;5;0;10;2;20;0;0;0;0;0;0;0;
43;Goffaggine;Ungeschick;Fattura. (Secondi: 4) Infligge fattura anche ai nemici adiacenti. Interrompe il prossimo attacco. Effetto dell'interruzione: assesta 10..80 danno[i].;0;1;24;5;0;10;2;12;0;0;0;0;0;0;0;
44;Dolore Fantasma;Phantomschmerz;Fattura. (Secondi: 10) Degenerazione Salute: -1..4. Effetto al termine: infliggi Ferita Profonda (5..20 secondo[i]).;1;1;24;5;0;5;2;10;0;0;0;0;0;0;0;
45;Fardello Etereo;Ätherische Bürde;Fattura. (Secondi: 6..12) Rallentamento velocità di movimento dell'obiettivo nemico: 50%. Effetto al termine: ottieni 10..18 Punto[i] Energia.;1;1;24;5;0;15;1.5;30;0;0;0;0;0;0;0;
46;Colpa;Schuld;Fattura. (Secondi: 6) La prossima magia dell'obiettivo nemico fallisce e sottrai 5..14 Punto[i] Energia Ha effetto solo se la magia di questo nemico è diretta contro uno dei tuoi alleati.;1;2;24;5;0;5;2;25;0;0;0;0;0;0;0;
47;Inettitudine;Unbeholfenheit;Fattura d'Élite. (Secondi: 4). Colpisce con fattura anche i nemici adiacenti all'obiettivo. Danni inferti: 30..135. Infligge Accecamento (10 secondi). Nessun effetto se il nemico colpito da fattura non attacca.;1;1;24;5;0;10;1;15;0;0;1;0;0;0;0;
48;Spirito del Fallimento;Geist des Versagens;Fattura. (Secondi: 30) Probabilità che l'obiettivo nemico manchi il bersaglio: 25%. Ottieni 1..3 Punto[i] Energia ogni volta che questo nemico manca il bersaglio.;1;3;24;5;0;15;3;20;0;0;0;0;0;0;0;
49;Relitto Mentale;Geistiges Wrack;Fattura. (Secondi: 5..40). Provoca la perdita di 1 Punto Energia ogni volta che il nemico viene colpito dalle tue abilità dell'Ipnotizzatore che non rappresentano una fattura. Infligge 5..25 danni per ogni Punto Energia perso. Se l'Energia dell'obiettivo nemico scende a 0, questi subisce 15..100 danni e il Relitto Mentale termina.;0;2;24;5;0;5;1;7;0;0;0;0;0;0;0;
50;Preoccupazione del Fannullone;Verschwendung;Fattura. (3 secondi) Fine dell'effetto: provoca 20..100 danni al bersaglio e il 75% di quei danni ai nemici adiacenti. Nessun effetto. termina prima se il bersaglio usa un'abilità.;1;2;24;5;0;5;.25;2;0;0;0;0;0;0;0;
51;Vergogna;Schande;Fattura. (Secondi: 6) La prossima magia dell'obiettivo nemico fallisce e sottrai 5..14 Punto[i] Energia Ha effetto solo se la magia di questo nemico era diretta contro uno dei suoi alleati.;1;2;24;5;0;10;2;30;0;0;0;0;0;0;0;
52;Panico;Panik;Fattura d'Élite. Colpisce con una fattura anche i nemici vicini all'obiettivo (1..10 secondi). Interrompe tutti i nemici nei dintorni ogni volta che un nemico colpito da fattura riesce ad attivare un'abilità.;1;2;24;5;0;10;1;15;0;0;1;0;0;0;0;
53;Emicrania;Migräne;Fattura d'Élite. (Secondi: 5..20). Degenerazione Salute causata: -1..8. Raddoppia il tempo di attivazione delle abilità.;1;1;24;5;0;10;2;12;0;0;1;0;0;0;0;
54;Angoscia Paralizzante;Verkrüppelnde Qual;Fattura d'Élite. (Secondi: 5..20). Rallentamento velocità di movimento e attacco dell'obiettivo nemico: 50%. Degenerazione Salute subita: -1..8.;0;1;24;5;0;5;1;12;0;0;1;0;0;0;0;
55;Sogni Febbrili;Fieberträume;Fattura d'Élite. (Secondi: 10..25) I nemici nell'area ricevono le stesse condizioni di cui è affetto l'obiettivo nemico. Condizione inflitta all'obiettivo nemico se è affetto già da due o più condizioni: Stordimento (1..3 secondo[i]).;1;1;24;5;0;5;1;10;0;0;1;0;0;0;0;
56;Immagini Rassicuranti;Beruhigende Bilder;Fattura. (Secondi: 8..20). Colpisce con una fattura anche i nemici adiacenti all'obiettivo, che non possono ottenere Adrenalina.;0;1;24;5;0;15;2;8;0;0;0;0;0;0;0;
57;Grido di Frustrazione;Schrei der Frustration;Magia. Se il bersaglio nemico sta usando un'abilità, egli e tutti i nemici nell'area vengono interrotti. Il bersaglio subisce 15..75 danni e i nemici nell'area subiscono il 75% di quei danni.;0;2;22;5;0;10;.25;20;0;0;0;0;0;0;0;
58;Sigillo della Mezzanotte;Siegel der Mitternacht;Sigillo d'Élite a Tocco. (Secondi: 15) Condizione inflitta: Accecamento. Sei colpito da Accecamento (15 secondi).;1;-1;21;5;0;0;2;10;0;0;1;0;0;0;0;
59;Sigillo della Stanchezza;Siegel der Müdigkeit;Sigillo. Colpisce anche i nemici nelle vicinanze dell'obiettivo. Causa la perdita di 3..8 Punti Energia e infligge Debolezza (1..12 secondi).;1;2;21;5;0;0;2;30;0;0;0;0;0;0;0;
61;Sigillo della Sanguisuga;Blutsauger-Siegel;Sigillo. Interrompe un'azione. Effetto dell'interruzione: ottieni 3..15 Punto[i] Energia se l'azione era una magia.;0;3;21;5;0;0;.25;30;0;0;0;0;0;0;0;
62;Sigillo dell'Umiltà;Siegel der Demut;Sigillo. Disattiva le abilità d'élite (secondi: 1..16). Le tue abilità non da Ipnotizzatore vengono disattivate (4 secondo[i]).;0;3;21;5;0;0;3;20;0;0;0;0;0;0;0;
63;Sigillo della Pietra di Volta;Schlussstein-Siegel;Sigillo d'Élite. (Secondi: 20) I tuoi prossimi 0..6 sigilli interrompono l'azione dell'obiettivo e infliggono 15..60 danni ai nemici adiacenti al tuo obiettivo. Effetto iniziale: ricarica tutti i tuoi Sigilli.;1;0;21;5;0;0;1;15;0;0;1;0;0;0;0;
65;Mimica Arcana;Arkane Mimikry;Magia. Quest'abilità si trasforma nell'abilità d'élite dell'obiettivo alleato (20 secondi). Impossibile selezionare se stessi. L'abilità non può essere una Forma.;0;-1;22;5;0;15;2;60;0;0;0;0;0;0;0;
66;Catene Spirituali;Geistfesseln;Fattura. (Secondi: 5..20) Energia persa dall'obiettivo nemico ogni volta che attacca: 5.;0;3;24;5;0;10;3;8;0;0;0;0;0;0;0;
67;Spezza Fattura;Verhexung brechen;Magia. Rimuove una fattura dall'obiettivo (un alleato o te stesso). Effetto della rimozione: 30..120 danno[i] ai nemici vicini a questo alleato.;0;2;22;5;0;10;1;10;0;0;0;0;0;0;0;
68;Prosciuga Incantesimo;Verzauberung entziehen;Magia. Rimuove un incantesimo dall'obiettivo nemico. Effetto della rimozione: ottieni 8..17 Punto[i] Energia e 40..120 di Salute.;0;3;22;5;0;5;2;20;0;0;0;0;0;0;0;
69;Rompi Incantesimo;Verzauberung brechen;Magia. Rimuove un incantesimo dall'obiettivo nemico. Effetto della rimozione: assesta 14..100 danno[i].;0;2;22;5;0;10;1;20;0;0;0;0;0;0;0;
72;Resistenza Elementale;Elementarwiderstand;Posizione. (Secondi: 30..90) Armatura contro il danno elementale: +40. Hai -24..12 di armatura contro il danno fisico.;1;3;29;5;0;10;0;20;0;0;0;0;0;0;0;
73;Resistenza Fisica;Körperlicher Widerstand;Posizione. (Secondi: 30..90) Armatura contro il danno fisico: +40. Hai -24..12 di armatura contro il danno elementale.;1;3;29;5;0;10;0;20;0;0;0;0;0;0;0;
74;Eco;Echo;Incantesimo d'Élite. (Secondi: 30) L'Eco si trasforma nella prossima abilità da te usata (30 secondi).;0;-1;23;5;0;5;1;10;0;0;1;0;0;0;0;
75;Eco Arcana;Arkanes Echo;Incantesimo. (Secondi: 20) Eco Arcana si trasforma nella prossima magia da te usata (20 secondi). Questo incantesimo termina se usi un'abilità che non è una magia.;0;-1;23;5;0;15;2;20;0;0;0;0;0;0;0;
76;Fardello Immaginario;Eingebildete Bürde;Fattura. (Secondi: 8..20). La velocità di movimento dell'obiettivo nemico rallenta di un 50%.;0;1;24;5;0;15;1;30;0;0;0;0;0;0;0;
77;Tempesta di Caos;Chaossturm;Magia. Infligge 5..25 danni e provoca la perdita di 0..2 Punti Energia al secondo (10 secondi). Colpisce i nemici adiacenti alla posizione iniziale dell'obiettivo.;1;2;22;5;0;5;2;30;0;0;0;0;0;0;0;
78;Epidemia;Epidemie;Magia. Le condizioni sull'obiettivo nemico sono trasferite a quelli adiacenti.;0;-1;22;5;0;5;.25;5;0;0;0;0;0;0;0;
79;Risucchio Energia;Energieentzug;Magia d'Élite. Perdita Energia: 2..9. Ottieni 3 Punti Energia per ogni Punto Energia perso.;0;3;22;5;0;5;1;20;0;0;1;0;0;0;0;
80;Fonte di Energia;Energie abzapfen;Magia. Perdita Energia: 4..7. Ottieni 2 Punti Energia per ogni Punto Energia perso.;0;3;22;5;0;5;2;30;0;0;0;0;0;0;0;
81;Furto Arcano;Arkaner Diebstahl;Magia. (Secondi: 5..35) Disattiva una magia a caso. Questa abilità si trasforma in quella magia.;1;2;22;5;0;10;1;0;0;0;0;0;0;0;0;
82;Mantra del Ricordo;Mantra der Zurückrufung;Incantesimo d'Élite. (Secondi: 20) Effetto al termine: ottieni 10..25 Punto[i] Energia.;1;3;23;5;0;10;1;30;0;0;1;0;0;0;0;
83;Anima Orrore d'Ossa;Knochenschreck beleben;Magia. Crea un Orrore d'Ossa di livello 1..17. Utilizza un cadavere sfruttabile.;1;5;22;4;0;5;1;5;0;0;0;0;0;0;0;
84;Anima Demone d'Ossa;Knochenteufel beleben;Magia. Crea un Demone d'Ossa di livello 1..17 che può attaccare dalla distanza. Utilizza un cadavere sfruttabile.;0;5;22;4;0;15;1;5;0;0;0;0;0;0;0;
85;Anima Sgherri d'Ossa;Knochendiener beleben;Magia. Crea 2 Orrori d'Ossa di livello 0..12. Utilizza un cadavere sfruttabile.;0;5;22;4;0;10;1;5;0;0;0;0;0;0;0;
86;Equilibrio di Grenth;Grenths Ausgleich;Magia d'Élite. Ottieni Salute pari alla metà della differenza tra la tua e quella dell'obiettivo e questo nemico ne perde la stessa quantità. Se questo nemico ha meno Salute di te perdi Salute pari alla metà della differenza e lui ne ottiene la stessa quantità.;0;-1;22;4;0;10;.25;10;0;0;1;0;0;0;0;
87;Sguardo di Verata;Veratas Starren;Magia. Priva il bersaglio non morto del suo padrone. Se ne è già privo, tu diventi il suo padrone e lo curi di 60..80. 50% di probabilità di fallire se non si possiede almeno 5 in Magia della Morte.;1;5;22;4;0;5;1;5;0;0;0;0;0;0;0;
88;Aura di Verata;Veratas Aura;Incantesimo. (Secondi: 120..300) Diventi padrone di tutti i morti viventi ostili nell'area. Effetto al termine: i tuoi morti viventi restano senza padrone. Probabilità di fallimento se il grado di Magia della Morte è inferiore a 5: 50%.;1;5;23;4;0;15;.75;30;0;33;0;0;0;0;0;
89;Brivido Mortale;Tödliche Kühlung;Magia. Danni da freddo inferti: 5..50. Assesta 5..50 danno[i] in più se la Salute dell'obiettivo nemico era superiore al 50%.;1;5;22;4;0;10;1;5;0;0;0;0;0;0;0;
90;Sacrificio di Verata;Veratas Opfer;Magia. (Secondi: 5..10) Rigenerazione Salute di 10 morto[i] vivente[i] alleato[i]: +10. Si ricarica all'istante se hai il controllo di 3 morti viventi o meno. Trasferisci tutte le condizioni da questi morti viventi a te stesso.;1;5;22;4;0;10;2;60;0;15;0;0;0;0;0;
91;Pozzo del Potere;Brunnen der Kraft;Pozzo d'Élite. (10..30 secondo/i). Gli alleati in questo Pozzo hanno +1..6 rigenerazione della Salute e +2 rigenerazione dell'Energia. Utilizza un cadavere fresco o sacrifica il 66% della salute.;1;4;28;4;0;5;1;10;0;0;1;0;0;0;0;
92;Pozzo di Sangue;Brunnen des Blutes;Pozzo. (8..20 secondo/i). Gli alleati in questo Pozzo hanno +1..6 rigenerazione della Salute. Utilizza un cadavere fresco o sacrifica il 66% della salute.;0;4;28;4;0;10;1;2;0;0;0;0;0;0;0;
93;Pozzo delle Sofferenze;Brunnen des Leidens;Pozzo. (10..30 secondo/i). I nemici in questo Pozzo hanno -1..6 degenerazione della Salute. Utilizza un cadavere fresco o sacrifica il 66% della Salute.;1;5;28;4;0;10;1;10;0;0;0;0;0;0;0;
94;Pozzo del Profano;Gottloser Brunnen;Pozzo. (8..20 secondo/i). I nemici in questo Pozzo perdono tutti gli incantesimi e non possono diventare bersaglio di nuovi incantesimi. Utilizza un cadavere fresco o sacrifica il 66% della Salute. Probabilità di fallimento del 50% se non si possiede almeno 5 in Magia della Morte).;0;5;28;4;0;25;3;10;0;0;0;0;0;0;0;
95;Esplosione Putrida;Explosion der Verwesung;Magia. Fa esplodere un cadavere assestando 24..120 danno[i] ai nemici vicini ad esso. Utilizza un cadavere sfruttabile.;0;5;22;4;0;10;1;5;0;0;0;0;0;0;0;
96;Banchetto dell'Anima;Seelenschmaus;Magia. Salute conseguita: 50..280. Utilizza un cadavere sfruttabile.;0;5;22;4;0;10;1;0;0;0;0;0;0;0;0;
97;Attraversamento Necrotico;Nekrotische Verwechslung;Magia. Sfrutta un cadavere a caso o sacrifica il 30..20% di Salute per teletrasportarti nel punto in cui si trova il bersaglio nemico. Ti ammali per 6 secondi e tutti i nemici vicini vengono avvelenati per 5..20 secondo/i.;1;5;22;4;0;5;.75;0;0;0;0;0;0;0;0;
98;Consuma Cadavere;Kadaver verzehren;Magia. Ti teletrasporti nella posizione di un cadavere. Salute: 25..100. Energia: 5..20. Utilizza un cadavere sfruttabile.;1;5;22;4;0;5;1;0;0;0;0;0;0;0;0;
99;Legame Parassitario;Parasitäre Fesseln;Fattura. (Secondi: 20) Degenerazione Salute: -1. Effetto al termine: vieni curato di 30..120 Punti Salute.;0;7;24;4;0;5;1;2;0;0;0;0;0;0;0;
100;Schegge dell'Anima;Seelenwiderhaken;Fattura. (Secondi: 30) Assesta 15..30 danno[i] quando l'obiettivo nemico viene colto da un incantesimo o da una fattura.;1;7;24;4;0;10;2;10;0;0;0;0;0;0;0;
101;Punte;Widerhaken;Fattura. (Secondi: 30) Danni all'obiettivo nemico ogni volta che riceve danni fisici: 4..16.;0;7;24;4;0;10;1;5;0;0;0;0;0;0;0;
102;Colpo dell'Ombra;Schattenschlag;Magia. Danni inferti: 12..48. Sottrai fino a 12..48 Punto[i] Salute se la Salute di questo nemico era superiore al 50%.;1;4;22;4;0;10;2;15;0;0;0;0;0;0;0;
103;Prezzo del Fallimento;Preis des Versagens;Fattura. (Secondi: 30) Probabilità di mancare il bersaglio: 25%. L'obiettivo nemico subisce 1..46 danno[i] ogni volta che manca il bersaglio.;1;7;24;4;0;15;2;20;0;0;0;0;0;0;0;
104;Nova della Morte;Todesnova;Incantesimo. (Secondi: 30) Danni inferti: 26..100. Condizione inflitta ai nemici adiacenti se l'obiettivo alleato muore: Veleno (15 secondo[i]).;0;5;23;4;0;5;2;0;0;0;0;0;0;0;0;
105;Sciame Mortale;Tödlicher Schwarm;Magia. Sciame Mortale vola lentamente e assesta 30..90 danno[i] da freddo. Colpisce altri 2 nemici nell'area.;0;5;22;4;0;10;2;6;0;0;0;0;0;0;0;
106;Carne Putrida;Verrottendes Fleisch;Magia. Condizione inflitta: Malattia (10..25 secondo[i]).;0;5;22;4;0;15;3;3;0;0;0;0;0;0;0;
107;Virulenza;Ansteckung;Magia d'Élite. Condizioni inflitte: Malattia, Veleno e Debolezza (3..15 secondo[i]). Ha effetto solo se questo nemico già soffriva di una condizione.;1;5;22;4;0;5;1;15;0;0;1;0;0;0;0;
108;Sofferenza;Leiden;Fattura. Infligge fattura anche ai nemici vicini all'obiettivo (6..30 secondo[i]). Degenerazione loro Salute: -0..3.;0;7;24;4;0;15;1;10;0;0;0;0;0;0;0;
109;Sifone Vitale;Leben abzapfen;Fattura. (Secondi: 12..24) Degenerazione Salute dell'obiettivo nemico: -1..3. Rigenerazione tua Salute: +1..3.;0;4;24;4;0;10;1;5;0;0;0;0;0;0;0;
110;Empio Banchetto;Unheiliger Schmaus;Magia. Salute sottratta a 1..4 nemico[i] nell'area intorno a te: 10..65.;0;4;22;4;0;15;.75;8;0;0;0;0;0;0;0;
111;Risveglio del Sangue;Das Blut erwecken;Incantesimo. (Secondi: 20..44) Hai +2 di Magia del Sangue e Maledizioni. Sacrifichi un 50% di Salute in più del normale.;1;4;23;4;0;10;1;45;0;0;0;0;0;0;0;
112;Dissacra Incantesimi;Verzauberungsschändung;Magia. Danni all'obiettivo e ai nemici nei dintorni: 6..60. Assesta 4..20 danno[i] in più per ogni incantesimo presente su di loro.;1;7;22;4;0;10;2;15;0;0;0;0;0;0;0;
113;Carne Infetta;Verdorbenes Fleisch;Incantesimo d'Élite. (20..44 secondo/i) I nemici che colpiscono gli alleati nell'area con attacchi in mischia si ammalano (3..15 secondo/i). questo alleato è immune alle malattie.;0;5;23;4;0;5;1;0;0;0;1;0;0;0;0;
114;Aura del Lich;Aura des Lich;Incantesimo d'Élite. Sfrutta tutti i cadaveri a portata d'orecchio. Anima un Orrore d'Ossa di livello 1..17 più un altro per ogni cadavere sfruttato. Incremento Magia della Morte: +1 (5..45 secondo[i]).;1;5;23;4;0;15;2;45;0;0;1;0;0;0;0;
115;Rinnovamento del Sangue;Bluterneuerung;Incantesimo. (Secondi: 7). Rigenerazione Salute: +3..6. Effetto al termine: cura 40..190 Punto[i] Salute.;1;4;23;4;0;1;1;7;0;15;0;0;0;0;0;
116;Aura Oscura;Dunkle Aura;Incantesimo. (Secondi: 30) Danni ai nemici adiacenti ogni volta che l'obiettivo (un alleato o te stesso) sacrifica Salute: 5..50. Costo del danno: perdi 5..20 Punto[i] Salute.;0;5;23;4;0;10;1;10;0;0;0;0;0;0;0;
117;Indebolimento;Schwächen;Magia. Condizione inflitta: Debolezza (10..30 secondo[i]).;1;7;22;4;0;5;.25;5;0;0;0;0;0;0;0;
118;Indebolimento del Sangue;Schwächendes Blut;Magia. Condizione inflitta a questo nemico e a quelli nei dintorni: Debolezza (5..20 secondo[i]).;0;7;22;4;0;1;1;8;0;10;0;0;0;0;0;
119;Sangue è Potere;Blut ist Kraft;Incantesimo d'Élite. (Secondi: 10) Rigenerazione Energia: +3..6. Impossibile selezionare se stessi.;0;4;23;4;0;1;.25;0;0;33;1;0;0;0;0;
120;Sangue del Padrone;Blut des Meisters;Magia. Cura i tuoi morti viventi: 30..116. Costo delle cure: sacrifichi +2% di Salute per ogni morto vivente curato.;0;5;22;4;0;5;1;2;0;5;0;0;0;0;0;
121;Spirito Malevolo;Boshafter Geist;Fattura d'Élite. (Secondi: 10..25) Assesta 15..45 danno[i] all'obiettivo e ai nemici adiacenti ogni volta che questo nemico attacca o usa un'abilità.;1;7;24;4;0;15;2;10;0;0;1;0;0;0;0;
122;Intervento Maligno;Unheilvoller Eingriff;Fattura. (Secondi: 5..20) Riduzione cure ricevute dal nemico: -20%. Se muore mentre è affetto da questa fattura si anima un Orrore d'Ossa senza padrone di livello 1..17.;1;5;24;4;0;10;1;5;0;0;0;0;0;0;0;
123;Parassita Insidioso;Heimtückischer Parasit;Fattura. (Secondi: 5..15) Ricevi 15..45 Punto[i] Salute ogni volta che l'obiettivo nemico colpisce con un attacco.;1;7;24;4;0;10;1;8;0;0;0;0;0;0;0;
124;Spasmo Spinale;Rückenschauer;Fattura. (Secondi: 10..40) Il danno da freddo interrompe le abilità dell'obiettivo nemico. Costo dell'interruzione: perdi 8..3 Punto[i] Energia o Spasmo Spinale termina.;1;7;24;4;0;10;2;15;0;0;0;0;0;0;0;
125;Appassimento;Verwelken;Fattura d'Élite. (Secondi: 5..35) Degenerazione Salute: -2..4. Degenerazione Energia: -1. Danni inferti: 15..75 se l'Energia dell'obiettivo nemico scende a 0.Termina se l'Energia di questo nemico scende a 0.;1;7;24;4;0;10;1;5;0;0;1;0;0;0;0;
126;Trasferimento di Vita;Lebensübertragung;Fattura d'Élite. Infligge fattura anche ai nemici adiacenti all'obiettivo (secondi: 6..12). Degenerazione Salute: -3..8. Rigenerazione tua Salute: +3..8.;1;4;24;4;0;5;1;20;0;0;1;0;0;0;0;
127;Segno della Sovversione;Zeichen der Subversion;Fattura. (Secondi: 6) La prossima magia dell'obiettivo nemico fallisce e sottrai 10..92 Punto[i] Salute Ha effetto solo se la magia di questo nemico era diretta contro uno dei suoi alleati.;1;4;24;4;0;10;2;30;0;0;0;0;0;0;0;
128;Sanguisuga dell'Anima;Seelenfresser;Fattura d'Élite. (Secondi: 10) Salute sottratta ogni volta che l'obiettivo nemico lancia una magia: 16..80.;1;4;24;4;0;15;1;7;0;0;1;0;0;0;0;
129;Contaminazione della Carne;Fleisch schänden;Fattura. (Secondi: 5..35) Riduzione cure ricevute dall'obiettivo nemico: -33%. Ha effetto solo sulle abilità che parlano di "cure".;0;7;24;4;0;10;1;10;0;10;0;0;0;0;0;
130;Carne Demoniaca;Dämonenfleisch;Incantesimo. (Secondi: 30..60) Se utilizzi un'abilità su un obiettivo nemico, tutti i nemici a te adiacenti ricevono 5..20 danno[i] da ombra.;0;4;23;4;0;5;1;30;0;0;0;0;0;0;0;
131;Sigillo Uncinato;Siegel der Widerhaken;Sigillo. Condizione inflitta a obiettivo e nemici adiacenti: Emorragia (3..15 secondi).;0;4;21;4;0;0;1;10;0;8;0;0;0;0;0;
132;Sigillo della Peste;Pest-Siegel;Sigillo d'Élite. Trasferisce tutte le condizioni, con un 100..200% della loro durata residua, da te all'obiettivo nemico. 50% di probabilità di fallimento con Maledizioni di livello inferiore a 5.;0;7;21;4;0;0;1;4;0;0;1;0;0;0;0;
133;Patto Oscuro;Dunkler Pakt;Magia. Danni inferti: 20..60.;0;4;22;4;0;1;1;2;0;10;0;0;0;0;0;
134;Ordine del Dolore;Orden der Schmerzen;Incantesimo. Incanta tutti i membri della squadra (5 secondi). 3..16 danno[i] in più ogni volta che questi membri della squadra assestano danni fisici.;0;4;23;4;0;10;2;0;0;17;0;0;0;0;0;
135;Codardia;Mutlosigkeit;Fattura. (Secondi: 4..18) Rallentamento velocità d'attacco dell'obiettivo nemico: 50%. Degenerazione sua Salute: -1..3.;0;7;24;4;0;10;1;8;0;0;0;0;0;0;0;
136;Ombra della Paura;Schatten der Angst;Fattura. Infligge fattura anche ai nemici adiacenti all'obiettivo (5..30 secondo[i]). Rallentamento della loro velocità d'attacco: 50%.;1;7;24;4;0;10;2;5;0;0;0;0;0;0;0;
137;Rigor Mortis;Totenstarre;Fattura. (Secondi: 8..20) L'obiettivo nemico non può bloccare.;0;7;24;4;0;10;1;20;0;0;0;0;0;0;0;
138;Legame Oscuro;Dunkles Band;Incantesimo. (Secondi: 30..60) Trasferisce al tuo morto vivente più vicino 75% dei danni diretti verso di te.;0;4;23;4;0;5;2;20;0;0;0;0;0;0;0;
139;Infondi Condizione;Zustand einflößen;Incantesimo. (Secondi: 15..60) Ogni volta che ricevi una condizione viene trasferita al tuo morto vivente più vicino.;1;5;23;4;0;5;1;20;0;0;0;0;0;0;0;
140;Malessere;Unwohlsein;Fattura. (Secondi: 5..35) Degenerazione Energia: -1. Danni inferti se l'Energia dell'obiettivo nemico scende a 0: 5..50. Degenerazione tua Salute: -1. Termina se l'Energia di questo nemico scende a 0.;1;7;24;4;0;5;2;2;0;0;0;0;0;0;0;
141;Strappa Incantesimi;Verzauberungen entreißen;Magia. Incantesimi rimossi dall'obiettivo nemico: 5..9. Costo di rimozione: perdi 55..25 Punto[i] Salute per ogni incantesimo del Mistico rimosso.;0;7;22;4;0;5;2;20;0;0;0;0;0;0;0;
142;Maledizione Persistente;Bleibender Fluch;Fattura d'Élite. (Secondi: 6..30) Degenerazione Salute dell'obiettivo e di tutti i nemici nei dintorni: -1..4. Riduzione cure ricevute: 25%.;0;7;24;4;0;15;1;10;0;0;1;0;0;0;0;
143;Sottrai Incantesimo;Verzauberung rauben;Magia. Incantesimi rimossi dall'obiettivo nemico: 0..2. Effetto della rimozione: sottrai 5..65 di Salute.;0;4;22;4;0;10;1;20;0;0;0;0;0;0;0;
144;Geloni;Frostbeulen;Magia. Danni da freddo ai nemici nell'area intorno all'obiettivo: 10..44. Incantesimi rimossi da questi nemici: 1..2. Sei affetto da Veleno (10 secondi).;0;7;22;4;0;25;2;8;0;0;0;0;0;0;0;
145;Sigillo dell'Agonia;Siegel der Qual;Sigillo. Danni ai nemici vicini a te: 10..70. Sei affetto da Emorragia (25 secondi).;0;4;21;4;0;0;.75;8;0;10;0;0;0;0;0;
146;Offerta di Sangue;Blutopfer;Magia d'Élite. Energia conseguita: 8..20.;1;4;22;4;0;1;.25;15;0;20;1;0;0;0;0;
147;Furia Oscura;Dunkle Wut;Incantesimo. Incanta i membri della squadra (5 secondi). Ottengono una dose di adrenalina ogni volta che colpiscono con un attacco. Probabilità di fallimento se il grado di Magia del Sangue è inferiore a 5: 50%.;1;4;23;4;0;10;.75;5;0;17;0;0;0;0;0;
148;Ordine del Vampiro;Orden des Vampirs;Incantesimo d'Élite. Incanta tutti i membri della squadra (5 secondi). Salute sottratta da questi membri della squadra con ogni attacco a danno fisico: 3..16. Non ha effetto sui membri della squadra affetti da un altro incantesimo del Negromante.;1;4;23;4;0;5;2;5;0;17;1;0;0;0;0;
149;Trasmissione della Peste;Pest aussenden;Magia. Trasferisci 1..3 condizione[i] e la loro durata residua da te all'obiettivo nemico e a tutti i nemici adiacenti.;1;7;22;4;0;1;1;5;0;10;0;0;0;0;0;
150;Segno del Dolore;Zeichen des Schmerzes;Fattura. (Secondi: 30) Danni ai nemici adiacenti ogni volta che l'obiettivo nemico subisce danno fisico: 10..40.;0;7;24;4;0;10;1;20;0;0;0;0;0;0;0;
151;Banchetto della Corruzione;Schmaus der Verdorbenheit;Magia d'Élite. Danni all'obiettivo e ai nemici adiacenti: 16..80. Salute sottratta ad ogni nemico affetto dalla fattura: 8..40.;1;7;22;4;0;15;2;15;0;0;1;0;0;0;0;
152;Sapore della Morte;Geschmack des Todes;Magia. Sottrae 100..400 Punto[i] Salute al morto vivente alleato.;0;5;22;4;0;5;.25;0;0;0;0;0;0;0;0;
153;Sguardo del Vampiro;Vampir-Starren;Magia. Sottrazione Salute: 18..60.;0;4;22;4;0;10;1;8;0;0;0;0;0;0;0;
154;Tocco della Peste;Pest-Berührung;Abilità a Tocco. Trasferisci 1..3 condizione[i] da te all'obiettivo nemico.;0;7;1;4;0;5;.75;0;0;0;0;0;0;0;0;
155;Tocco Vile;Abscheuliche Berührung;Abilità a Tocco. Danni inferti: 20..65.;0;5;1;4;0;10;.75;2;0;0;0;0;0;0;0;
156;Tocco del Vampiro;Vampir-Berührung;Abilità a Tocco. Sottrazione Salute: 29..74.;1;4;1;4;0;15;.75;2;0;0;0;0;0;0;0;
157;Rituale del Sangue;Blutritual;Incantesimo. (Secondi: 8..14) Rigenerazione Energia: +3. Impossibile selezionare se stessi.;1;4;23;4;0;5;1;2;0;17;0;0;0;0;0;
158;Tocco dell'Agonia;Berührung der Qual;Abilità a Tocco. Danni inferti: 20..58.;1;4;1;4;0;1;.75;3;0;10;0;0;0;0;0;
159;Indebolisci Armatura;Rüstung schwächen;Magia. Ha effetto anche sui nemici adiacenti. Condizione inflitta: Armatura Incrinata (5..20 secondo[i]).;0;7;22;4;0;5;.5;5;0;0;0;0;0;0;0;
160;Velocità del Vento;Windgeschwindigkeit;Incantesimo. (Secondi: 5..13.) Incremento velocità di movimento dell'obiettivo alleato: 33%.;1;8;23;6;0;10;.75;5;0;0;0;0;0;0;0;
162;Burrasca;Orkan;Magia. Provoca abbattimento. Probabilità di fallimento se il grado di Magia dell'Aria è pari o superiore a 5: 50%.;0;8;22;6;0;10;1;5;0;0;0;0;10;0;0;
163;Vortice;Wirbelsturm;Magia. Colpisce i nemici a te adiacenti. Danni da freddo inferti: 15..75. Provoca abbattimento dei nemici all'attacco. Colpisce i nemici nelle vicinanze anziché quelli adiacenti se sotto Sforzo.;1;8;22;6;0;5;.75;8;0;0;0;0;0;0;0;
164;Armonia Elementale;Elementareinstimmung;Incantesimo d'Élite. (25..60 secondo/i) I tuoi attributi elementali aumentano di +1..2. Ottieni 1 più il 50% del costo base dell'Energia di ogni abilità magica di Aria, Fuoco, Acqua e Terra che usi.;0;12;23;6;0;10;1;20;0;0;1;0;0;0;0;
165;Armatura della Terra;Erdrüstung;Incantesimo. (Secondi: 30.) Armatura ottenuta: +24..60. Rallentamento velocità di movimento: 50..14%.;0;9;23;6;0;10;.75;15;0;0;0;0;0;0;0;
166;Armatura Cinetica;Kinetik-Rüstung;Incantesimo. (12 secondi). Ottieni +20..80 armatura. Bonus per rinnovo: lancia una magia.;1;9;23;6;0;15;3;30;0;0;0;0;0;0;0;
167;Eruzione;Eruption;Magia. Infligge 10..40 danni da terra al secondo (5 secondi). Colpisce i nemici vicini alla posizione iniziale dell'obiettivo. Infligge Accecamento (10 secondi).;1;9;22;6;0;25;2;30;0;0;0;0;0;0;0;
168;Aura Magnetica;Magnet-Aura;Incantesimo. (Secondi: 1..8.) Blocchi il prossimo attacco. Danno riflesso all'attaccante: 10..50 Se sei sotto Sforzo, tutti i membri della squadra a portata d'orecchio subiscono la magia.;1;9;23;6;0;10;1;12;0;0;0;0;0;0;0;
169;Armonia con la Terra;Erdeinstimmung;Incantesimo. (Secondi: 36..60.) Ricevi 1 Punto Energia e il 30% del costo energetico usando un'abilità della Magia della Terra.;0;9;23;6;0;10;1;30;0;0;0;0;0;0;0;
170;Terremoto;Erdbeben;Magia. Infligge 26..100 danni da terra. Colpisce anche i nemici nelle vicinanze dell'obiettivo. Provoca abbattimento.;1;9;22;6;0;25;3;15;0;0;0;0;10;0;0;
171;Sassaiola;Steinigung;Magia. Proiettile: infligge 45..105 danni da terra. Provoca abbattimento se l'obiettivo nemico soffre di Debolezza.;0;9;22;6;0;15;1;5;0;0;0;0;0;0;0;
172;Pugnali di Pietra;Steindolche;Magia. Due proiettili: ognuno infligge 8..33 danni da terra. Condizione inferta se sotto Sforzo: Sanguinamento (Secondi: 1..5).;0;9;22;6;0;5;1;0;0;0;0;0;0;0;0;
173;Morsa della Terra;Zupackende Erde;Fattura. Colpisce con una fattura i nemici vicino a te (secondi: 5..20). I movimenti di questi nemici sono più lenti del 50%.;1;9;24;6;0;10;.75;12;0;0;0;0;0;0;0;
174;Postumi dello Shock;Nachbeben;Magia. danni da terra ai nemici nei dintorni: 15..85 danni da terra ai nemici abbattuti: +15..85.;0;9;22;6;0;10;.75;10;0;0;0;0;0;0;0;
175;Guardia contro gli Elementi;Abwehr gegen Elemente;Guardia. (Secondi: 8..20.) Armatura degli alleati in questa Guardia contro i danni elementali: +24. Non ha effetto sugli Spiriti.;1;9;26;6;0;10;1;20;0;0;0;0;0;0;0;
176;Guardia contro gli Attacchi Ravvicinati;Abwehr gegen Nahkampf;Guardia. (Secondi: 5..20.) Gli alleati in questa Guardia hanno un 50% di probabilità di bloccare gli attacchi ravvicinati. Non ha effetto sugli Spiriti alleati.;0;9;26;6;0;15;1;30;0;0;0;0;0;0;0;
177;Guardia contro i Nemici;Abwehr gegen Feinde;Guardia. (Secondi: 8..20.) Rallentamento velocità di movimento dei nemici in questa Guardia: 50%.;0;9;26;6;0;15;1;20;0;0;0;0;0;0;0;
178;Prodigio dell'Etere;Ätherwunder;Incantesimo d'Élite. (Secondi: 8..20.) Hai una Rigenerazione dell'Energia di +6. Effetto al termine: perdi 2 Punti Salute per ogni punto di Energia che possiedi. Perdi tutti gli incantesimi.;1;12;23;6;0;5;1;5;0;0;1;0;10;0;0;
179;Legami Incendiari;Brandbänder;Fattura. (Secondi: 3.) Effetto al termine: 20..80 danni da fuoco e provoca Bruciatura (1..3 secondi) ai nemici vicini all'obiettivo. Si attiva anche in caso di morte del nemico.;1;10;24;6;0;10;1;7;0;0;0;0;5;0;0;
180;Aura del Ripristino;Wiederherstellungs-Aura;Incantesimo. (Secondi: 60.) Ottieni 0..1 Punti Energia. Ogni volta che usi una magia vieni curato di un 200..500% del suo costo energetico.;0;12;23;6;0;5;.25;20;0;0;0;0;0;0;0;
181;Rinnovamento dell'Etere;Äthererneuerung;Incantesimo d'Élite. (Secondi: 5..20.) Ogni volta che lanci una magia, ottieni 1..4 Punti di Energia e 5..20 di Salute per ogni incantesimo che hai addosso.;1;12;23;6;0;10;1;30;0;0;1;0;0;0;0;
182;Evoca Fiamma;Flammenbeschwörung;Incantesimo. (Secondi: 60.) Danni da fuoco inferti dai tuoi attacchi: +5..20. Ha effetto solo se hai equipaggiato un'arma per danni da fuoco.;0;10;23;6;0;10;1;30;0;0;0;0;0;0;0;
183;Inferno;Inferno;Magia. Danni da fuoco ai nemici adiacenti a te: 30..135.;0;10;22;6;0;10;.75;10;0;0;0;0;0;0;0;
184;Armonia con il Fuoco;Feuereinstimmung;Incantesimo. (Secondi: 36..60.) Ricevi 1 Punto Energia e il 30% del costo energetico usando un'abilità della Magia del Fuoco.;0;10;23;6;0;10;1;30;0;0;0;0;0;0;0;
185;Mente che Brucia;Geistige Verbrennung;Magia d'Élite. Danni da fuoco inferti: 15..60. Se hai più Energia dell'obiettivo nemico, assesta 15..60 danni da fuoco in più e provoca Bruciatura (1..10 secondi). Colpisce anche i nemici adiacenti.;0;10;22;6;0;5;1;5;0;0;1;0;5;0;0;
186;Palla di Fuoco;Feuerball;Magia. Proiettile: infligge 7..112 danni da fuoco al bersaglio e ai nemici vicini.;0;10;22;6;0;10;1.5;7;0;0;0;0;0;0;0;
187;Meteora;Meteor;Magia. Danni da fuoco inferti: 7..112. Provoca abbattimento. Colpisce anche i nemici adiacenti all'obiettivo.;0;10;22;6;0;5;2;30;0;0;0;0;10;0;0;
188;Fuoriuscita di Fiamme;Flammenstoß;Magia. Danni da fuoco a tutti i nemici vicini a te: 15..120 .;1;10;22;6;0;15;.75;5;0;0;0;0;0;0;0;
189;Invocazione di Rodgort;Anrufung von Rodgort;Magia. Danni da fuoco inferti: 15..120. Colpisce anche i nemici nelle vicinanze dell'obiettivo. Condizione inflitta: Bruciatura (1..3 secondi).;1;10;22;6;0;25;2;8;0;0;0;0;0;0;0;
190;Segno di Rodgort;Zeichen des Rodgort;Fattura. Colpisce con una fattura anche i nemici vicini all'obiettivo (10..35 secondi). Subiscono Bruciatura (1..4 secondi) quando sono colpiti da danni da fuoco.;1;10;24;6;0;15;1;15;0;0;0;0;0;0;0;
191;Immolazione;Feueropfer;Magia. Danni da fuoco inferti: 20..75. Condizione inflitta: Bruciatura (1..3 secondi).;0;10;22;6;0;10;1;5;0;0;0;0;0;0;0;
192;Pioggia di Meteore;Meteorschauer;Magia. Danni da fuoco: 7..112. Provoca abbattimento ogni 3 secondi (9 secondi). Colpisce i nemici adiacenti alla posizione iniziale dell'obiettivo.;1;10;22;6;0;25;5;60;0;0;0;0;10;0;0;
193;Fenice;Phönix;Magia. Proiettile: danni da fuoco inferti all'obiettivo e a tutti i nemici nei dintorni: 10..60. Cure agli alleati se sotto Sforzo: 20..80.;1;10;22;6;0;10;1.5;7;0;0;0;0;0;0;0;
194;Bengala;Feuergeschoss;Magia. Proiettile: danni da fuoco inferti: 20..65. Se sotto Sforzo, colpisce gli adiacenti.;0;10;22;6;0;5;1;0;0;0;0;0;0;0;0;
195;Sorgente di Lava;Lavabecken;Magia. Danni da fuoco inflitti al secondo: 5..50 al secondo (5 secondi). Colpisce i nemici adiacenti alla tua posizione iniziale. Se sotto Sforzo, il raggio si estende alle vicinanze.;1;10;22;6;0;10;1.5;4;0;0;0;0;0;0;0;
196;Calore Bruciante;Sengende Hitze;Magia. Infligge 10..40 danni da fuoco al secondo (5 secondi). Colpisce i nemici vicini alla posizione iniziale dell'obiettivo. Effetto al termine: infligge Bruciatura (3 secondi).;1;10;22;6;0;15;2;25;0;0;0;0;0;0;0;
197;Tempesta di Fuoco;Feuersturm;Magia. Infligge 5..35 danni da fuoco al secondo (10 secondi). Colpisce i nemici adiacenti alla posizione iniziale dell'obiettivo.;0;10;22;6;0;10;2;20;0;0;0;0;0;0;0;
198;Glifo del Potere Elementale;Glyphe der Elementarkraft;Glifo. (Secondi: 25.) Incremento dei tuoi attributi elementali: +2 (valido per 10 magie successive).;0;-1;16;6;0;5;1;5;0;0;0;0;0;0;0;
199;Glifo dell'Energia;Glyphe der Energie;Glifo d'Élite. 1..3 delle tue prossime magie non provocheranno Sforzo e costeranno 10..25 Punti Energia in meno. Ottieni 1..2 per tutti gli attributi elementali.;1;12;16;6;0;5;1;25;0;0;1;0;0;0;0;
200;Glifo dell'Energia Minore;Glyphe der geringeren Energie;Glifo. (Secondi: 15.) Riduzione costo energetico di 2 magie successive: 10..18.;0;12;16;6;0;5;1;30;0;0;0;0;0;0;0;
201;Glifo della Concentrazione;Glyphe der Konzentration;Glifo. (Secondi: 15.) Impossibile interrompere 1 delle tue magie successive. Stordimento non ha effetto.;1;-1;16;6;0;5;1;10;0;0;0;0;0;0;0;
202;Glifo del Sacrificio;Glyphe der Opferung;Glifo. (Secondi: 15). Il lancio della prossima magia è istantaneo ma richiede 30 secondi in più per ricaricarsi. Termina se utilizzi un'abilità non magica.;1;-1;16;6;0;5;1;15;0;0;0;0;0;0;0;
203;Glifo del Rinnovamento;Glyphe der Erneuerung;Glifo d'Élite. (Secondi: 15.) La ricarica della tua prossima magia è istantanea.;1;-1;16;6;0;5;1;10;0;0;1;0;0;0;0;
204;Ruggine;Rost;Fattura. Danni da freddo inferti all'obiettivo e ai nemici adiacenti: 10..85. Colpisce con una fattura anche i nemici adiacenti (5..20 secondi). Raddoppia il tempo di attivazione dei Sigilli. Tempo di interruzione e disattivazione dei sigilli quando sotto Sforzo: 1..10 secondi.;0;11;24;6;0;10;1;8;0;0;0;0;0;0;0;
205;Marea di Fulmini;Blitzwelle;Fattura d'Élite. (Secondi: 3.) Effetto al termine: danni da fulmine inferti: 14..100. Provoca abbattimento. Condizione inflitta: Armatura Incrinata (5..20 secondi). Penetrazione armatura: 25%.;0;8;24;6;0;10;1;10;0;0;1;0;0;0;0;
206;Armatura di Brina;Frostrüstung;Incantesimo. (Secondi: 10..34.) Ottieni +40 di armatura contro danni fisici e +1 a Magia dell'Acqua.;1;11;23;6;0;5;1;20;0;0;0;0;0;0;0;
207;Evoca Brina;Frost beschwören;Incantesimo. (Secondi: 60.) Danni da freddo inferti dai tuoi attacchi: +5..20. Ha effetto solo se hai equipaggiato un'arma per danni da freddo.;0;11;23;6;0;10;1;30;0;0;0;0;0;0;0;
208;Armonia con l'Acqua;Wassereinstimmung;Incantesimo. (Secondi: 36..60.) Ricevi 1 Punto Energia e il 30% del costo energetico usando un'abilità della Magia dell'Acqua.;0;11;23;6;0;10;1;30;0;0;0;0;0;0;0;
209;Mente Ghiacciata;Geistige Erfrierung;Fattura d'Élite. Danni da freddo inferti: 10..60. Se ha meno Energia di te, quel nemico subisce 10..60 danni da freddo in più e i suoi movimenti rallentano del 90% (1..5 secondi).;0;11;24;6;0;5;1;5;0;0;1;0;5;0;0;
210;Prigione di Ghiaccio;Eisgefängnis;Fattura. (Secondi: 8..20.) La velocità dell'obiettivo nemico rallenta del 66%.;1;11;24;6;0;10;2;30;0;0;0;0;0;0;0;
211;Spine di Ghiaccio;Eisdornen;Fattura. Colpisce con una fattura anche i nemici adiacenti all'obiettivo (2..6 secondi). I movimenti di questi nemici sono più lenti del 66%. Effetto iniziale: danni da freddo inferti: 20..80.;0;11;24;6;0;15;1.5;10;0;0;0;0;0;0;0;
212;Esplosione di Ghiaccio;Frostexplosion;Fattura. Colpisce con una fattura i nemici vicini a te. I movimenti di questi nemici sono più lenti del 66% (3..8 secondi). Effetto iniziale: danni da freddo inferti ai nemici vicini a te: 10..85.;1;11;24;6;0;15;.75;8;0;0;0;0;0;0;0;
213;Tempesta di Schegge;Scherbensturm;Fattura. Proiettile: danni da freddo inferti: 10..85. I movimenti dell'obiettivo nemico rallentano del 66% (2..6 secondi).;1;11;24;6;0;10;1;10;0;0;0;0;0;0;0;
214;Lancia di Ghiaccio;Eisspeer;Incantesimo. Proiettile: danni da freddo inferti: 10..60. Rigenerazione della Salute ottenuta se sotto Sforzo: +1..4 (Secondi: 5).;0;11;23;6;0;5;1;0;0;0;0;0;0;0;0;
215;Gorgo;Strudel;Magia. Assesta 10..25 danni da freddo e interrompe magie ogni secondo (10 secondi). Colpisce i nemici adiacenti alla posizione iniziale dell'obiettivo.;0;11;22;6;0;15;1.5;20;0;0;0;0;10;0;0;
216;Nebbia d'acciaio;Eisennebel;Incantesimo. (8..15 secondo/i). Hai +15 armatura. Le magie d'aria che colpiscono un avversario si attivano e si ricaricano il 33% più velocemente, ma subisci 2 punti di affaticamento.;1;9;23;6;0;10;1;20;0;0;0;0;0;0;0;
217;Onda di Cristallo;Kristallwelle;Magia. Danni a tutti i nemici adiacenti a te: 10..70. Questi nemici perdono tutte le condizioni e subiscono 5..15 danni per ogni condizione rimossa.;1;9;22;6;0;15;.75;15;0;0;0;0;0;0;0;
218;Carne di Ossidiana;Obsidianfleisch;Incantesimo d'Élite. (Secondi: 8..20.) Ottieni +20 di armatura e non puoi essere colpito dalle magie nemiche. Non puoi attaccare e subisci una Degenerazione Energia di -2.;0;9;23;6;0;25;1;30;0;0;1;0;0;0;0;
219;Fiamma di Ossidiana;Obsidianflamme;Magia. Danni inferti: 22..112.;0;9;22;6;0;5;1.5;5;0;0;0;0;5;0;0;
220;Lampo Accecante;Blitzblendung;Magia. Condizione inflitta: Accecamento (3..8 secondi).;0;8;22;6;0;10;.75;8;0;0;0;0;0;0;0;
221;Evoca Fulmine;Blitzbeschwörung;Incantesimo. (Secondi: 60.) Danni da fulmine inferti dai tuoi attacchi: +5..20. Ha effetto solo se hai equipaggiato un'arma per danni da fulmine.;0;8;23;6;0;10;1;30;0;0;0;0;0;0;0;
222;Colpo di Fulmine;Blitzschlag;Fattura. Danni da fulmine inferti: 10..60. Penetrazione armatura: 25%. Durata fattura se sotto Sforzo: 3 secondi. Effetto al termine: danni da fulmine inferti: 20..40.;0;8;24;6;0;5;1;5;0;0;0;0;0;0;0;
223;Fulmine a Catena;Kettenblitz;Magia. Danni da fulmine inferti: 10..85. Colpisce anche due nemici nelle vicinanze dell'obiettivo. Penetrazione armatura: 25%.;1;8;22;6;0;10;2;6;0;0;0;0;5;0;0;
224;Scarica Snervante;Schwächende Aufladung;Magia. Danni da fulmine inferti: 25..50. Condizione inflitta: Debolezza (5..20 secondi). Penetrazione armatura: 25%.;0;8;22;6;0;10;1;8;0;0;0;0;0;0;0;
225;Armonia con l'Aria;Lufteinstimmung;Incantesimo. (Secondi: 36..60.) Ricevi 1 Punto Energia e il 30% del costo energetico usando un'abilità della Magia dell'Aria.;0;8;23;6;0;10;1;30;0;0;0;0;0;0;0;
226;Shock Mentale;Geistiger Schock;Magia d'Élite. Danni da fulmine inferti: 10..50. Se la tua Energia è superiore a quella dell'obiettivo, infligge +10..50 danni da fulmine e provoca abbattimento. Penetrazione armatura: 25%.;1;8;22;6;0;5;1;8;0;0;1;0;5;0;0;
227;Segno Scintillante;Schimmerndes Zeichen;Fattura d'Élite. (Secondi: 10.) Danni al secondo inferti all'obiettivo e ai nemici adiacenti: 5..25. Infligge Accecamento ai nemici che stanno utilizzando abilità d'attacco. Questa fattura termina se utilizzi un'abilità che abbia come bersaglio tale nemico.;1;8;24;6;0;10;1;15;0;0;1;0;0;0;0;
228;Rombo di Tuono;Donnerschlag;Magia d'Élite. Infligge 10..50 danni da fulmine. Inoltre, colpisce i nemici vicini. Infligge Armatura spaccata e Vulnerabilità (5..20 secondo/i). Interrompe i nemici. 25% penetrazione dell'armatura.;1;8;22;6;0;10;1;8;0;0;1;0;0;0;0;
229;Globo del Fulmine;Kugelblitz;Magia. Proiettile: danni da fulmine inferti: 10..100. Penetrazione armatura: 25%.;0;8;22;6;0;10;2;5;0;0;0;0;0;0;0;
230;Giavellotto del Fulmine;Blitzspeer;Magia. Proiettile: danni da fulmine inferti: 15..50. Interrompe l'azione se il tuo obiettivo sta attaccando. Penetrazione armatura: 25%. Colpisce tutti i nemici fra te e il tuo obiettivo.;1;8;22;6;0;5;1;5;0;0;0;0;0;0;0;
231;Shock;Schock;Abilità a Tocco. Danni da fulmine inferti: 10..60. Provoca abbattimento. Penetrazione armatura: 25%.;1;8;1;6;0;5;.75;10;0;0;0;0;10;0;0;
232;Tocco del Fulmine;Blitz-Berührung;Abilità a Tocco. Danni da fulmine inferti: 10..60. Colpisce anche i nemici adiacenti all'obiettivo. Infligge Accecamento (1..4 secondi) e Armatura Incrinata (1..10 secondi) a tutti i nemici colpiti. Penetrazione armatura: 25%.;0;8;1;6;0;5;.75;5;0;0;0;0;0;0;0;
233;Aura Turbinante;Wirbelnde Aura;Incantesimo. (Secondi: 3..7.) Rigenerazione della Salute: +1..6. Probabilità di blocco proiettili: 50%. Se sei sotto Sforzo, anche i membri della squadra a portata d'orecchio subiscono la magia.;1;11;23;6;0;10;1;15;0;0;0;0;0;0;0;
234;Profondo Congelamento;Tiefgefrieren;Fattura. Colpisce con una fattura anche i nemici nell'area dell'obiettivo (10 secondi). I movimenti di questi nemici sono più lenti del 66%. Effetto iniziale: danni da freddo inferti: 10..85.;0;11;24;6;0;25;2;15;0;0;0;0;0;0;0;
235;Vista Sfocata;Verschwommene Sicht;Fattura. Colpisce con una fattura anche i nemici adiacenti all'obiettivo (4..10 secondi). Probabilità di far loro mancare l'obiettivo: 50%.;0;11;24;6;0;10;1;12;0;0;0;0;0;0;0;
236;Forma di Nebbia;Nebelform;Incantesimo d'Élite. (Secondi: 10..45.) Subisci un 33% di danni in meno dai nemici colpiti da Magia dell'Acqua. Cura gli alleati a portata d'orecchio (Spiriti esclusi) di un 50..250% del costo in Energia delle tue magie elementali.;1;11;23;6;0;5;1;20;0;0;1;0;0;0;0;
237;Tridente d'Acqua;Wasserdreizack;Magia d'Élite. Proiettile veloce: danni da freddo inferti: 10..90. abbatte i nemici in movimento. Spara due proiettili aggiuntivi verso i nemici adiacenti.;1;11;22;6;0;5;1;3;0;0;1;0;0;0;0;
238;Armatura di Nebbia;Nebelrüstung;Incantesimo. (Secondi: 8..20.) Armatura: +10..40. Incremento velocità di movimento: 33%.;1;11;23;6;0;10;1;30;0;0;0;0;0;0;0;
239;Guardia contro le Ferite;Abwehr gegen Schaden;Guardia d'Élite. (Secondi: 5..15.) Gli alleati in questa Guardia ottengono +1..3 di Rigenerazione della Salute, +12..24 armatura e un +12..24 armatura aggiuntivo contro i danni elementali. Non ha effetto sugli Spiriti. Questa magia verrà disabilitata per 20 secondi.;1;11;26;6;0;15;1;20;0;0;1;0;0;0;0;
240;Castigo;Peinigung;Magia. Danni sacri inferti: 10..55. Assesta 10..35 danno[i] sacro[i] in più se l'obiettivo sta attaccando.;1;14;22;3;0;10;1;10;0;0;0;0;0;0;0;
241;Legame Vitale;Lebensbindung;Incantesimo. Devia su di te la metà dei danni subiti dall'obiettivo alleato quando viene attaccato. Riduzione del danno deviato: 3..30. Impossibile selezionare se stessi.;0;15;23;3;-1;10;2;0;0;0;0;0;0;0;0;
242;Spirito di Balthazar;Balthasars Geist;Incantesimo. L'obiettivo (un alleato o te stesso) ottiene adrenalina e 1 Punto Energia quando riceve danni.;1;14;23;3;-1;10;2;0;0;0;0;0;0;0;0;
243;Forza dell'Onore;Stärke der Ehre;Incantesimo. L'obiettivo (un alleato o te stesso) assesta 5..25 danno[i] in più nel combattimento ravvicinato.;0;14;23;3;-1;10;2;15;0;0;0;0;0;0;0;
244;Armonia con la Vita;Lebenseinstimmung;Incantesimo. Incremento cure ricevute dall'obiettivo alleato: 14..50%. Riduzione danni assestati dai suoi attacchi: 30%.;1;15;23;3;-1;10;2;0;0;0;0;0;0;0;0;
245;Spirito Protettivo;Schutzgeist;Incantesimo. (Secondi: 5..23) Il danno in arrivo è ridotto al 10% della Salute massima dell'obiettivo (un alleato o te stesso).;0;15;23;3;0;10;.25;5;0;0;0;0;0;0;0;
246;Intervento Divino;Göttliche Intervention;Incantesimo. (Secondi: 10) Previene il prossimo danno fatale subito dall'obiettivo (un alleato o te stesso). Effetto della prevenzione: cura di 26..240.;0;16;23;3;0;5;.25;30;0;0;0;0;0;0;0;
247;Simbolo della Collera;Symbol des Zorns;Magia. Infligge 10..40 danni sacri al secondo (5 secondi). Colpisce i nemici adiacenti alla posizione iniziale del bersaglio.;1;14;22;3;0;5;1;20;0;0;0;0;0;0;0;
248;Punizione;Vergeltung;Incantesimo. Rimanda alla fonte un 33% del danno causato da ogni attacco (max 5..20).;0;14;23;3;-1;10;2;0;0;0;0;0;0;0;0;
249;Collera Sacra;Heiliger Zorn;Incantesimo. (Secondo[i]: 10..30). Rimanda alla fonte un 66% del danno causato da ogni attacco (max 5..50). Termina dopo aver inflitto danni 1..10 volta[e]. Impossibile selezionare se stessi.;1;14;23;3;0;10;1;10;0;0;0;0;0;0;0;
250;Legame dell'Essenza;Essenzbindung;Incantesimo. Ottieni 1 Punto Energia ogni volta che l'obiettivo (un alleato o te stesso) subisce danni fisici o elementali.;1;-1;23;3;-1;10;2;0;0;0;0;0;0;0;0;
251;Guarigione Flagello;Geißelheilung;Fattura. (Secondi: 30) Ogni volta che l'obiettivo nemico viene curato, chi lo cura subisce 15..80 danno[i] sacro[i].;0;14;24;3;0;10;2;5;0;0;0;0;0;0;0;
252;Bando;Verbannung;Magia. Danni sacri inferti: 20..65. Danno doppio alle creature evocate.;0;14;22;3;0;5;1;10;0;0;0;0;0;0;0;
253;Sacrificio del Flagello;Geißelopfer;Fattura. Infligge fattura anche ai nemici adiacenti all'obiettivo (8..20 secondo[i]). Raddoppia il sacrificio di Salute.;1;14;24;3;0;5;1;5;0;0;0;0;0;0;0;
254;Spirito Vigoroso;Energischer Geist;Incantesimo. (Secondi: 30) Cure ogni volta che l'obiettivo (un alleato o te stesso) attacca o lancia una magia: 5..20.;1;13;23;3;0;5;.25;4;0;0;0;0;0;0;0;
255;Spirito di Guardia;Wachsamer Geist;Incantesimo. Rigenerazione Salute: +2. Effetto al termine: cura di 30..180.;1;16;23;3;-1;15;1;5;0;0;0;0;0;0;0;
256;Aura Benedetta;Gesegnete Aura;Incantesimo. Incremento durata degli incantesimi del Mistico che lanci: 10..35%.;1;16;23;3;-1;10;2;2;0;0;0;0;0;0;0;
257;Egida;Aegis;Incantesimo. (Secondi: 6..15) Incanta tutti i membri della squadra a portata d'orecchio. Probabilità di blocco: 50%.;0;15;23;3;0;10;2;30;0;0;0;0;0;0;0;
258;Guardiano;Wächter;Incantesimo. (Secondi: 2..7) Probabilità di bloccare: 50%.;0;15;23;3;0;5;1;6;0;0;0;0;0;0;0;
259;Scudo della Deviazione;Ablenkungsschild;Incantesimo d'Élite. (Secondi: 3..10) Probabilità di blocco: 75%. Armatura: +15..30.;1;15;23;3;0;10;.25;5;0;0;1;0;0;0;0;
260;Aura della Fede;Glaubensaura;Incantesimo d'Élite. (Secondi: 3) Salute aggiuntiva conseguita dall'obiettivo alleato con le cure: 50..100%. Riduzione del danno da lui ricevuto: 5..50%.;1;15;23;3;0;5;.25;8;0;0;1;0;0;0;0;
261;Scudo della Rigenerazione;Schild der Regeneration;Incantesimo d'Élite. (5..13 secondo/i). +3..10 rigenerazione della Salute e +20..45 armatura.;0;15;23;3;0;10;.25;8;0;0;1;0;0;0;0;
262;Scudo del Giudizio;Schild des Urteils;Incantesimo d'Élite. (Secondi: 8..20) Danni sacri ai nemici che attaccano l'obiettivo alleato: 5..50. Provoca abbattimento.;1;14;23;3;0;15;1;45;0;0;1;0;0;0;0;
263;Legame della Protezione;Band des Schutzes;Incantesimo. Salute massima persa dall'obiettivo alleato per effetto di un singolo attacco o una magia: 5%. Ogni volta che il danno viene ridotto perdi 6..3 Punto[i] Energia o questa magia termina.;1;15;23;3;-1;10;2;0;0;0;0;0;0;0;0;
264;Pacifismo;Pazifismus;Fattura. (Secondi: 4..8) L'obiettivo nemico non può attaccare. Termina se questo nemico subisce danni.;1;15;24;3;0;10;2;15;0;0;0;0;0;0;0;
265;Amicizia;Freundschaft;Fattura d'Élite. (Secondi: 4..12) I nemici adiacenti a te non possono attaccare. Termina su qualsiasi nemico che riceve danni.;1;15;24;3;0;5;.25;20;0;0;1;0;0;0;0;
266;Pace e Armonia;Frieden und Harmonie;Incantesimo d'Élite. L'obiettivo (un alleato o te stesso) perde 0..9 condizione[i] e fattura[e]. Incremento velocità di esaurimento condizioni e fatture su quell'alleato: 90% (1..3 secondo[i]). Disattiva le tue Preghiere Punitive (20 secondi).;1;16;23;3;0;5;.25;10;0;0;1;0;0;0;0;
267;Sguardo del Giudice;Einblick des Richters;Incantesimo. (Secondi: 8..20) Trasforma gli attacchi dell'obiettivo (un alleato o te stesso) in danno sacro. Penetrazione armatura: +20%.;0;14;23;3;0;10;2;10;0;0;0;0;0;0;0;
268;Aura Inflessibile;Unnachgiebige Aura;Incantesimo d'Élite. Incremento cure impartite dalle tue magie del Mistico: +15..60%. Effetto al termine: un compagno di squadra a caso viene resuscitato con piena Salute ed Energia e teletrasportato nella tua posizione.;1;16;23;3;-1;5;.25;10;0;0;1;0;0;0;0;
269;Segno della Protezione;Schutzzeichen;Incantesimo d'Élite. (Secondi: 10) Il danno in arrivo si tramuta in cure (max 6..60). Tutte le tue Preghiere Protettive vengono disattivate (5 secondi).;1;15;23;3;0;10;.25;15;0;0;1;0;0;0;0;
270;Barriera della Vita;Lebenssperre;Incantesimo d'Élite. Riduzione danno: 20..50%. Impossibile selezionare se stessi. Se la tua Salute è inferiore a 50% quando l'obiettivo subisce danni, Barriera della Vita termina.;1;15;23;3;-1;15;2;5;0;0;1;0;0;0;0;
271;Fuoco dello Zelota;Eifererfeuer;Incantesimo. (Secondi: 60) Quando usi un'abilità su un alleato, tutti i nemici a lui adiacenti ricevono 5..35 danno[i] da fuoco. Costo del danno: perdi 1 Punto[i] Energia.;0;14;23;3;0;10;.25;30;0;0;0;0;0;0;0;
272;Aura di Balthazar;Balthasars Aura;Incantesimo. (Secondi: 8) Danni sacri al secondo ai nemici adiacenti all'obiettivo (un alleato o te stesso): 10..30.;0;14;23;3;0;15;1;20;0;0;0;0;0;0;0;
273;Spezza Incantesimo;Zauberbrecher;Incantesimo d'Élite. (Secondo[i]: 5..17) L'obiettivo alleato non può essere colpito dalle magie nemiche.;0;16;23;3;0;15;1;45;0;0;1;0;0;0;0;
274;Seme della Guarigione;Heilender Samen;Incantesimo. (Secondi: 10) Salute per l'obiettivo e gli alleati adiacenti ogni volta che questo alleato riceve danni: 3..30. Impossibile selezionare se stessi.;0;13;23;3;0;10;2;25;0;0;0;0;0;0;0;
275;Cura Condizione;Zustand bessern;Magia. Rimuove una condizione. Effetto rimozione: cura di 5..70. Impossibile selezionare se stessi.;1;15;22;3;0;5;.75;2;0;0;0;0;0;0;0;
276;Ripristino Condizione;Zustand wiederherstellen;Magia d'Élite. Rimuove tutte le condizioni. Effetto della rimozione: cura di 10..70 per ogni condizione rimossa. Impossibile selezionare se stessi.;1;15;22;3;0;5;.75;2;0;0;1;0;0;0;0;
277;Cura Malattia;Leiden heilen;Magia. Rimuove una condizione. Effetto della rimozione: cura di 5..70 per ogni condizione rimasta.;0;15;22;3;0;5;.75;5;0;0;0;0;0;0;0;
278;Purifica Condizioni;Zustände reinigen;Magia. Rimuove tutte le condizioni.;0;-1;22;3;0;5;.25;20;0;0;0;0;0;0;0;
279;Guarigione Divina;Göttliche Heilung;Magia. Cure per te e i membri della squadra a portata d'orecchio: 15..60.;1;16;22;3;0;5;1;12;0;0;0;0;0;0;0;
280;Cura Area;Gebiet heilen;Magia. Cure per te e per alleati e nemici adiacenti: 30..180.;1;13;22;3;0;10;1;5;0;0;0;0;0;0;0;
281;Orazione Curativa;Fürbitte der Heilung;Magia. Cure: 30..80.;0;13;22;3;0;5;1;2;0;0;0;0;0;0;0;
282;Parola di Guarigione;Wort der Heilung;Magia d'Élite. Cure: 5..100. Cura di 30..115 in più se la Salute dell'obiettivo (un alleato o te stesso) è inferiore al 50%.;0;13;22;3;0;5;.75;3;0;0;1;0;0;0;0;
283;Bacio di Dwayna;Dwaynas Kuss;Magia. Cure: 20..65. Cura di 15..40 in più per ogni incantesimo o fattura presente sull'obiettivo (un alleato o te stesso). Impossibile selezionare se stessi.;1;13;22;3;0;5;1;3;0;0;0;0;0;0;0;
284;Dono Divino;Göttlicher Segen;Incantesimo. Cure per l'obiettivo (un alleato o te stesso) su cui lanci una Preghiera Protettiva o un Favore Divino: 15..60. Costo delle cure: perdi 1 Punto Energia.;0;16;23;3;-1;5;.25;10;0;0;0;0;0;0;0;
285;Mani Curative;Heilende Hände;Incantesimo d'Élite. (10 secondo[i]). Cura di 5..35 quando l'obiettivo riceve danni.;1;13;23;3;0;5;.25;15;0;0;1;0;0;0;0;
286;Cura Altro;Anderen heilen;Magia. Cure: 35..180. Impossibile selezionare se stessi.;1;13;22;3;0;10;.75;3;0;0;0;0;0;0;0;
287;Cura Squadra;Gruppe heilen;Magia. Cure per l'intera squadra: 30..75.;0;13;22;3;0;15;2;2;0;0;0;0;0;0;0;
288;Brezza di Guarigione;Heilender Hauch;Incantesimo. (Secondi: 15) Rigenerazione Salute: +4..9.;0;13;23;3;0;10;1;5;0;0;0;0;0;0;0;
289;Benedizione Vitale;Lebendige Segnung;Incantesimo. Salute massima: +40..200.;1;15;23;3;-1;10;.75;2;0;0;0;0;0;0;0;
290;Medicamento;Genesung;Incantesimo. Rigenerazione Salute: +1..4.;0;13;23;3;-1;10;2;0;0;0;0;0;0;0;0;
291;Vita Sostitutiva;Ersatzleben;Incantesimo. Salute ottenuta ogni volta che l'obiettivo (un alleato o te stesso) colpisce un nemico: 2..17.;1;13;23;3;-1;5;2;0;0;0;0;0;0;0;0;
292;Infondi Salute;Leben einflößen;Magia. Cura di un 100..136% della metà della tua Salute attuale. Perdi metà della tua Salute attuale. Impossibile selezionare se stessi.;0;13;22;3;0;10;.25;0;0;0;0;0;0;0;0;
293;Sigillo della Devozione;Siegel der Hingabe;Sigillo. Cure: 20..120.;0;16;21;3;0;0;2;5;0;0;0;0;0;0;0;
294;Sigillo del Giudizio;Siegel des Urteils;Sigillo d'Élite. Abbatte l'obiettivo. Danni sacri all'obiettivo e ai nemici adiacenti: 15..75.;0;14;21;3;0;0;1;20;0;0;1;0;0;0;0;
295;Sigillo della Purificazione;Siegel der Reinigung;Sigillo. Rimuove tutte le fatture e le condizioni. Costo di rimozione: perdi 10 Punti Energia.;0;-1;21;3;0;0;2;20;0;0;0;0;0;0;0;
296;Sigillo della Sventura;Siegel des Ruins;Sigillo. Danni sacri inferti: 30..60. Provoca abbattimento se l'obiettivo nemico sta attaccando.;0;14;21;3;0;0;1;15;0;0;0;0;0;0;0;
297;Sigillo Benedetto;Gesegnetes Siegel;Sigillo. Energia conseguita per ogni incantesimo da te mantenuto: 3. Energia massima conseguibile in questo modo: 3..24.;0;16;21;3;0;0;2;10;0;0;0;0;0;0;0;
298;Martire;Märtyrer;Magia d'Élite. Trasferisci tutte le condizioni da tutti gli alleati a te stesso.;0;-1;22;3;0;5;.25;10;0;0;1;0;0;0;0;
299;Mani Scudo;Schützende Hände;Incantesimo. (Secondi: 8) Riduzione del danno in arrivo e della sottrazione vita: 3..18. Effetto al termine (cure): 5..50.;0;15;23;3;0;5;.25;15;0;0;0;0;0;0;0;
300;Contemplazione della Purezza;Gebot der Reinheit;Abilità. Ottieni 0..80 Punto[i] Salute e perdi una fattura e una condizione per ogni incantesimo presente su di te (max 1..8 fattura[e] e condizione[i]). Perdi tutti gli incantesimi.;1;16;1;3;0;5;.25;10;0;0;0;0;0;0;0;
301;Rimuovi Fattura;Verhexung entfernen;Magia. Rimuove una fattura dall'obiettivo (un alleato o te stesso).;0;-1;22;3;0;5;1;8;0;0;0;0;0;0;0;
302;Colpisci Fattura;Verhexung zerschlagen;Magia. Rimuove una fattura dall'obiettivo (un alleato o te stesso). Effetto della rimozione: 10..85 danno[i] sacro[i] ai nemici nell'area dell'obiettivo.;0;14;22;3;0;5;1;12;0;0;0;0;0;0;0;
303;Converti Fatture;Verhexungen umwandeln;Magia. Rimuove tutte le fatture. Armatura per ogni fattura del Negromante rimossa: +10 (8..20 secondo[i]). Impossibile selezionare se stessi.;0;15;22;3;0;15;1;12;0;0;0;0;0;0;0;
304;Luce di Dwayna;Licht von Dwayna;Magia. Resuscita tutti i membri della squadra morti nell'area (25% di Salute, zero Energia).;1;-1;22;3;0;25;4;20;0;0;0;0;0;0;0;
305;Resurrezione;Wiederbeleben;Magia. Fa risorgere il membro della squadra selezionato (Salute: 25%. Energia: 0).;0;-1;22;3;0;10;5;8;0;0;0;0;0;0;0;
306;Rinascita;Wiedergeburt;Magia. Fa risorgere il membro della squadra selezionato (Salute: 25%. Energia: 0). Teletrasporta l'obiettivo nella tua posizione. Disattiva le abilità dell'obiettivo (10..3 secondo[i]). Perdi tutta l'Energia.;0;15;22;3;0;10;5;0;0;0;0;0;0;0;0;
307;Rovescio della Fortuna;Umkehrung des Schicksals;Incantesimo. (Secondi: 8) Converte il danno in arrivo o la sottrazione vita successivi in Punti Salute (max. 15..80).;0;15;23;3;0;5;.25;2;0;0;0;0;0;0;0;
308;Soccorso;Beistand;Incantesimo. Rigenerazione Salute: +1. Rigenerazione Energia: +1. Impossibile selezionare se stessi. Perdi 1 Punto Energia ogni volta che l'obiettivo (un alleato o te stesso) lancia una magia.;1;-1;23;3;-1;5;1;10;0;0;0;0;0;0;0;
309;Sacro Velo;Heiliger Schleier;Incantesimo. Raddoppia il tempo di lancio delle fatture dirette contro l'obiettivo (un alleato o te stesso). Effetto al termine: rimuove una fattura.;0;-1;23;3;-1;5;1;12;0;0;0;0;0;0;0;
310;Spirito Divino;Göttlicher Geist;Incantesimo. (Secondi: 1..14) Riduzione del costo energetico delle tue magie del Mistico: 5. Costo minimo: 1 Punto Energia.;1;16;23;3;0;10;.25;60;0;0;0;0;0;0;0;
311;Assorbi Condizioni;Zustände entziehen;Magia. Trasferisce tutte le condizioni dall'obiettivo alleato a te stesso. Effetto del trasferimento: ottieni 6..26 Punto[i] Salute per ogni condizione. Impossibile selezionare se stessi.;0;15;22;3;0;5;.25;4;0;0;0;0;0;0;0;
312;Colpo Sacro;Heiliger Schlag;Abilità a Tocco. Danni sacri inferti: 10..55. Danni sacri aggiuntivi se l'obiettivo è stato abbattuto: 10..55.;1;14;1;3;0;5;.75;8;0;0;0;0;0;0;0;
313;Tocco Curativo;Heilende Berührung;Magia a Tocco. Cure: 20..80. Raddoppia il guadagno di Salute relativo al Favore Divino.;0;13;22;3;0;5;.75;5;0;0;0;0;0;0;0;
314;Ripristino Vita;Leben erneuern;Magia a Tocco. Fa risorgere il membro della squadra selezionato. (Salute: 20..65%. Energia: 42..90%).;1;13;22;3;0;10;4;8;0;0;0;0;0;0;0;
315;Vendetta;Rache;Incantesimo. (Secondi: 30) Fa risorgere il membro della squadra selezionato (piena Salute e piena Energia). Quest'alleato assesta un 25% in più di danni e non subisce Debilitazione. Effetto al termine: quest'alleato muore.;1;-1;23;3;0;10;4;30;0;0;0;0;0;0;0;
316;All'Ultimo Sangue!;Bis ans Limit!;Urlo. (Secondo[i]: 10..20). Salute massima: +10..60. Effetto iniziale: ottieni una dose di adrenalina per ogni nemico a portata d'orecchio (max 1..6).;1;21;20;1;0;5;0;10;0;0;0;0;0;0;0;
317;Furia della Battaglia;Kampfwut;Posizione d'Élite. (Secondi: 5..20) Incremento tua velocità di movimento: 33%. Ottieni il doppio di adrenalina dagli attacchi. Termina se usi abilità che non necessitano adrenalina.;0;17;29;1;0;0;0;0;3.2;0;1;0;0;0;0;
318;Sfida al Dolore;Schmerz trotzen;Abilità d'Élite. (Secondi: 20) Tua Salute massima: +90..300. Armatura: +20. Riduzione danni subiti: -1..10.;1;17;1;1;0;0;0;0;4.8;0;1;0;0;0;0;
319;Fretta;Ansturm;Posizione. (Secondi: 8..20) Incremento tua velocità di movimento: 25%.;1;17;29;1;0;0;0;0;3.2;0;0;0;0;0;0;
320;Azzoppamento;Lähmung;Attacco con Spada. Condizione inflitta: Storpiatura (3..15 secondo[i]).;0;20;10;1;0;5;0;10;0;0;0;0;0;0;0;
321;Colpo Selvaggio;Rundumschlag;Attacco Ravvicinato. Risulta sempre in un colpo critico. Rimuove una posizione. Non bloccabile.Perdi tutta l'adrenalina.;0;-1;3;1;0;5;0;8;0;0;0;0;0;0;0;
322;Attacco Potente;Kraftangriff;Attacco Ravvicinato. Danni inferti: +10..40.;0;17;3;1;0;5;0;3;0;0;0;0;0;0;0;
323;Colpo della Disperazione;Verzweiflungsschlag;Attacco Ravvicinato. Danni inferti: +10..40. Provoca una condizione a caso tra le seguenti: Ferita Profonda (20 secondi), Debolezza (20 secondi), Emorragia (25 secondi), Storpiatura (15 secondi). Vieni abbattuto.;1;21;3;1;0;5;0;7;0;0;0;0;0;0;0;
324;Brivido della Vittoria;Rausch des Sieges;Attacco Ravvicinato. Danni inferti: +20..40. Se la tua Salute è superiore a quella dell'obiettivo, ottieni 1..2 dose[i] di adrenalina.;0;21;3;1;0;5;0;8;0;0;0;0;0;0;0;
325;Colpo Distraente;Ablenkungsschlag;Attacco Ravvicinato. L'attacco ha effetto anche sui nemici adiacenti al tuo obiettivo. Interrompe un'azione. Colpisce senza infliggere danni.;0;-1;3;1;0;5;.5;10;0;0;0;0;0;0;0;
326;Colpo del Protettore;Schlag des Beschützers;Attacco Ravvicinato. Danni aggiuntivi se il nemico si sta muovendo: +10..40.;1;17;3;1;0;5;.5;3;0;0;0;0;0;0;0;
327;Colpo del Grifone;Greifenschlag;Attacco Ravvicinato. Danni inferti: +5..20. Provoca abbattimento e infligge 10..34 danno[i] se bloccato.;1;17;3;1;0;5;0;8;0;0;0;0;0;0;0;
328;Colpo Puro;Reiner Schlag;Attacco con Spada. Danni inferti: +1..30. Non bloccabile, a meno che non ti trovi in una posizione.;1;20;10;1;0;5;0;8;0;0;0;0;0;0;0;
329;Rompi Cranio;Schädel spalten;Attacco d'Élite Ravvicinato. Interrompe un'azione. Se il bersaglio sta lanciando una magia, viene stordito (15 secondi).;1;-1;3;1;0;0;.25;0;6;0;1;0;0;0;0;
330;Ascia Ciclone;Zyklonaxt;Attacco con Ascia. Danni a tutti i nemici adiacenti a te: +4..12.;0;18;4;1;0;5;0;4;0;0;0;0;0;0;0;
331;Colpo di Martello;Hammerstreich;Attacco con Martello. Provoca abbattimento. Perdi tutta l'adrenalina.;0;19;8;1;0;0;0;0;5.2;0;0;0;0;0;0;
332;Colpo del Toro;Bullenstoß;Attacco Ravvicinato. Assesta +5..30 danno[i] e provoca abbattimento se l'obiettivo nemico si sta muovendo.;0;17;3;1;0;5;0;10;0;0;0;0;0;0;0;
333;Ti Vendicherò!;Ich werde Euch rächen!;Urlo. Rigenerazione tua Salute: +3..7. Incremento tua velocità d'attacco: 25% (10 secondi per ogni alleato morto).;1;17;20;1;0;5;0;45;0;0;0;0;0;0;0;
334;Ascia Rastrello;Harkenaxt;Attacco con Ascia. Danni inferti: +4..16. Condizione inflitta se l'obiettivo nemico ha una Ferita Profonda: Storpiatura (15 secondi).;0;18;4;1;0;0;0;0;4.8;0;0;0;0;0;0;
335;Fessura;Spalten;Attacco d'Élite con Ascia. Infligge +10..40 danni e colpisce 1..2 nemico/i adiacente/i con 10..40 danni taglienti.;0;18;4;1;0;0;0;0;3.2;0;1;0;0;0;0;
336;Colpo del Boia;Henkerschlag;Attacco con Ascia. Danni inferti: +15..45.;0;18;4;1;0;0;0;0;7;0;0;0;0;0;0;
337;Smembramento;Zerstückeln;Attacco con Ascia. Condizione inflitta: Ferita Profonda (5..20 secondo[i]).;0;18;4;1;0;0;0;0;4.8;0;0;0;0;0;0;
338;Squartamento;Ausweiden;Attacco d'Élite con Ascia. Danni inferti: +10..45. Condizione inflitta: Ferita Profonda (5..20 secondo[i]).;1;18;4;1;0;0;0;0;8;0;1;0;0;0;0;
339;Colpo Penetrante;Durchdringender Schlag;Attacco con Ascia. Danni inferti: +10..25. Penetrazione armatura: 20%.;1;18;4;1;0;0;0;0;4.8;0;0;0;0;0;0;
340;Fendente Dirompente;Unterbrechender Hieb;Attacco con Ascia. Interrompe un'azione. Effetto dell'interruzione: l'abilità interrotta viene disattivata per +20 secondi.;0;18;4;1;0;0;0;0;5;0;0;0;0;0;0;
341;Fendente Rapido;Schneller Hieb;Attacco con Ascia. Danni inferti: +1..20. Assesta 1..20 danno[i] e provoca Ferita Profonda (20 secondi) se è bloccato.;0;18;4;1;0;5;0;4;0;0;0;0;0;0;0;
342;Manovra d'Ascia;Axtdrehung;Attacco con Ascia. Danni inferti: +5..25. Condizione inflitta: Debolezza (20 secondi) se l'obiettivo nemico ha una Ferita Profonda.;1;18;4;1;0;0;0;0;4.8;0;0;0;0;0;0;
343;Giustizia è Fatta!;Für höhere Gerechtigkeit!;Urlo. (Secondi: 20) Adrenalina conseguita in più: 100%.;0;-1;20;1;0;5;0;45;0;0;0;0;0;0;0;
344;Folata di Colpi;Schauer;Posizione. (Secondi: 5) Incremento tua velocità di attacco: 33%. Provochi un 25% di danni in meno.;1;-1;29;1;0;5;0;5;0;0;0;0;0;0;0;
345;Posizione Difensiva;Verteidigungshaltung;Posizione. (Secondo[i]: 1..5) Probabilità di blocco: 75%. Effetto al termine: ottieni una dose di adrenalina per ogni abilità di attacco ravvicinato che possiedi (max 0..4).;0;21;29;1;0;0;0;8;4.8;0;0;0;0;0;0;
346;Frenesia;Raserei;Posizione. (8 secondi) I tuoi attacchi sono più veloci del 33%. Subisci il 175..125% dei danni.;0;17;29;1;0;5;0;4;0;0;0;0;0;0;0;
347;Sopporta Dolore;Schmerz ertragen;Abilità. (Secondi: 7..18) Tua Salute massima: +90..300.;0;17;1;1;0;5;0;30;0;0;0;0;0;0;0;
348;In Guardia!;Passt auf Euch auf!;Urlo. (Secondi: 10) Incremento armatura dei membri della squadra a portata d'orecchio: 5..25. Termina dopo 10 attacchi in arrivo.;0;21;20;1;0;0;0;4;3.2;0;0;0;0;0;0;
349;Scatto;Sprinten;Posizione. (Secondi: 8..14) Incremento tua velocità di movimento: 25%.;0;17;29;1;0;5;0;15;0;0;0;0;0;0;0;
350;Spanciata;Bauchklatscher;Attacco con Martello. Condizione inflitta ai nemici adiacenti se l'obiettivo nemico è abbattuto: Accecamento (3..7 secondo[i]).;1;19;8;1;0;5;1;10;0;0;0;0;0;0;0;
351;Colpo Possente;Mächtiger Schlag;Attacco con Martello. Danni inferti: +10..40.;0;19;8;1;0;0;0;0;6.4;0;0;0;0;0;0;
352;Schiacciata;Vernichtender Schlag;Attacco con Martello. Danni inferti: +1..20. Condizione inflitta se l'obiettivo nemico è abbattuto: Ferita Profonda (5..20 secondo[i]).;1;19;8;1;0;5;0;10;0;0;0;0;0;0;0;
353;Fendente Crudele;Grober Schwung;Attacco con Martello. Attacca tutti i nemici adiacenti infliggendo +1..20 danno[i].;1;19;8;1;0;5;0;5;0;0;0;0;0;0;0;
354;Scuoti-terra;Erdrüttler;Attacco d'Élite con Martello. Abbatte l'obiettivo e i nemici adiacenti. Probabilità di fallimento: 50% se il grado di Abilità col Martello è inferiore a 5.;1;19;8;1;0;0;0;0;8;0;1;0;0;0;0;
355;Martello Devastante;Verheerender Hammer;Attacco d'Élite con Martello. Provoca abbattimento. Condizione inflitta: Debolezza (5..20 secondo[i]).;0;19;8;1;0;0;0;0;6.4;0;1;0;0;0;0;
356;Colpo Irresistibile;Brutaler Schlag;Attacco con Martello. Danni inferti: +5..20. Assesta 5..20 danno[i] e provoca abbattimento se bloccato.;0;19;8;1;0;5;0;6;0;0;0;0;0;0;0;
357;Colpo di Rimando;Gegenschlag;Attacco con Martello. Provoca abbattimento se l'obiettivo nemico sta attaccando.;0;19;8;1;0;0;0;0;4;0;0;0;0;0;0;
358;Spezza-schiena;Rückenbrecher;Attacco d'Élite con Martello. Danni inferti: +1..20. Provoca abbattimento. Il nemico resta a terra per 4 secondi se la tua Forza è uguale o superiore a 8.;1;19;8;1;0;0;0;0;8.8;0;1;0;0;0;0;
359;Colpo Pesante;Heftiger Schlag;Attacco con Martello. Se l'obiettivo nemico soffre di Debolezza assesta +1..30 danno[i] e provoca abbattimento. Perdi tutta l'adrenalina.;0;19;8;1;0;0;0;0;4.8;0;0;0;0;0;0;
360;Colpo Travolgente;Umwerfender Schlag;Attacco con Martello. Condizione inflitta: Debolezza (5..20 secondo[i]).;0;19;8;1;0;0;1;0;3.2;0;0;0;0;0;0;
361;Sigillo di Dolyak;Dolyak-Siegel;Sigillo. (Secondi: 8..20) Armatura: +10..40. Non puoi essere abbattuto. Rallentamento dei tuoi movimenti: 75%.;1;17;21;1;0;0;0;20;0;0;0;0;0;0;0;
362;Astuzia del Guerriero;Verschlagenheit des Kriegers;Abilità. (Secondi: 5..11) I tuoi attacchi ravvicinati non sono bloccabili.;0;17;1;1;0;10;0;60;0;0;0;0;0;0;0;
363;Colpo di Scudo;Heftiger Schildschlag;Abilità. (5..11 secondo/i) Blocchi l'abilità di attacco successiva. Atterri il nemico e la ricarica della sua abilità aumenta di +15 secondi. Nessun effetto senza scudo.;0;17;1;1;0;5;0;20;0;0;0;0;0;0;0;
364;Carica!;Angriff!;Urlo d'Élite. (Secondo[i]: 5..13). La velocità di movimento degli alleati a portata d'orecchio aumento di un 33%. Effetto iniziale: gli alleati perdono la condizione Storpiatura.;0;21;20;1;0;5;0;20;0;0;1;0;0;0;0;
365;La Vittoria è Mia!;Der Sieg ist mein!;Urlo d'Élite. Salute 10..68 e Energia 3..7 per ogni condizione presente sull'obiettivo nemico.;1;21;20;1;0;5;0;10;0;0;1;0;0;0;0;
366;Temi la Mia Ira!;Fürchtet mich!;Urlo. (Secondo[i]: 1..15). Hai un +5..30% di probabilità di effettuare un colpo critico con un attacco ravvicinato contro un nemico fermo. Effetto iniziale: i nemici nei dintorni perdono 2..6 Punto[i] Energia.;1;21;20;1;0;0;0;4;3.2;0;0;0;0;0;0;
367;In Alto gli Scudi!;Schilde hoch!;Urlo. (Secondi: 5..11) Armatura dei membri della squadra a portata d'orecchio contro gli attacchi proiettile: +60.;0;21;20;1;0;10;0;30;0;0;0;0;0;0;0;
368;Io Sopravviverò!;Ich überlebe!;Urlo. (Secondi: 5..11) Rigenerazione Salute per ogni condizione presente su di te: +3.;1;17;20;1;0;5;0;30;0;0;0;0;0;0;0;
370;Posizione del Guerriero Furioso;Berserkerhaltung;Posizione. (8..14 secondo/i). Attacchi il 33% più velocemente e ottieni il 100% in più di adrenalina. Termina se usi un'abilità.;0;17;29;1;0;10;0;10;0;0;0;0;0;0;0;
371;Posizione Bilanciata;Ausgeglichene Haltung;Posizione. (Secondi: 8..20) Non puoi essere abbattuto e non subisci danni extra dai colpi critici.;0;21;29;1;0;5;0;30;0;0;0;0;0;0;0;
372;Difesa del Gladiatore;Gladiatoren-Verteidigung;Posizione d'Élite. (Secondi: 5..11) Probabilità di blocco: 75%. Il tuo aggressore subisce 5..35 danno[i] ogni volta che blocchi un attacco in mischia in questo modo.;1;21;29;1;0;5;0;20;0;0;1;0;0;0;0;
373;Devia Frecce;Pfeilablenkung;Posizione. (Secondo[i]: 1..6). Probabilità di blocco: 75%. Per 5..15 secondo[i] i nemici adiacenti subiscono danni da Emorragia quando blocchi un attacco proiettile.;1;21;29;1;0;0;0;12;4.8;0;0;0;0;0;0;
374;Resistenza del Guerriero;Ausdauer des Kriegers;Abilità d'Élite. (Secondi: 5..35) Energia conseguita ogni volta che un tuo attacco in mischia va a segno: 3. Non consegui Energia se ne hai più di 10..25 punto[i].;1;17;1;1;0;5;0;30;0;0;1;0;0;0;0;
375;Posizione di Combattimento del Nano;Zwergen-Kampfhaltung;Posizione d'Élite. (Secondo[i]: 5..11). Attacchi 33% volta[e] più velocemente, ottieni +40 di armatura e se utilizzi un'abilità di attacco per colpire un nemico, interrompi la sua azione. Ha effetto solo se si è equipaggiati con un martello.;1;17;29;1;0;5;0;20;0;0;1;0;0;0;0;
376;Posizione Disciplinata;Disziplinierte Haltung;Posizione. (Secondo[i]: 1..4) Probabilità di blocco: 75% Armatura: +10. Termina se usi un'abilità che richiede adrenalina.;1;21;29;1;0;5;0;15;0;0;0;0;0;0;0;
377;Posizione di Guardia;Wachsame Haltung;Posizione. (1..6 secondo[i]). Blocchi le abilità d'attacco. Ottieni adrenalina e 5 Punti Energia per ogni blocco. Termina se usi un'abilità.;1;21;29;1;0;10;0;10;0;0;0;0;0;0;0;
378;Posizione dello Scudo;Schildhaltung;Posizione. (Secondo[i]: 1..6). Probabilità di blocco: 75%. Il danno viene ridotto di 2 per ogni punto di Forza (riduzione danno max: 15). Ha effetto solo se si è equipaggiati con uno scudo.;1;21;29;1;0;5;0;15;0;0;0;0;0;0;0;
379;Carica del Toro;Angriff des Bullen;Posizione d'Élite. (1..7 secondo/i). Ti muovi il 50% più velocemente. Se colpisci in mischia un nemico in movimento, lo atterri. Termina se usi un'abilità.;1;17;29;1;0;5;0;12;0;0;1;0;0;0;0;
380;Difesa di Bonetti;Bonettis Verteidigung;Posizione. (Secondi: 5..11) Probabilità di blocco: 75%. Energia conseguita per ogni attacco in mischia bloccato: 5. Termina se usi un'abilità.;1;21;29;1;0;0;0;0;8;0;0;0;0;0;0;
381;Cento Lame;Hundert Klingen;Abilità d'Élite. (Secondo[i]: 15) Danni da taglio inferti a tutti i nemici adiacenti: 10..35 ogni volta che attacchi con una spada.;0;20;1;1;0;5;0;20;0;0;1;0;0;0;0;
382;Arteria Recisa;Arterienabtrennung;Attacco con Spada. Condizione inflitta: Emorragia (5..25 secondo[i]).;0;20;10;1;0;0;0;0;3;0;0;0;0;0;0;
383;Fendente di Galrath;Galrath-Hieb;Attacco con Spada. Danni inferti: +1..40.;1;20;10;1;0;0;0;0;7;0;0;0;0;0;0;
384;Taglio Profondo;Schnittwunde;Attacco con Spada. Danni inferti: +5..20. Condizione inflitta se l'obiettivo è affetto da Emorragia: Ferita Profonda (5..20 secondo[i]).;0;20;10;1;0;0;0;0;5;0;0;0;0;0;0;
385;Affondo Finale;Endstoß;Attacco con Spada. Danni inferti: +5..40. Se la Salute dell'obiettivo nemico è inferiore al 50% assesta +5..40 danno[i] in più. Perdi tutta l'adrenalina.;0;20;10;1;0;0;0;0;8;0;0;0;0;0;0;
386;Lama che Cerca;Suchende Klinge;Attacco con Spada. Danni inferti: +1..20. Assesta 1..20 danno[i] e provoca Emorragia (25 secondi) se bloccato.;0;20;10;1;0;5;0;4;0;0;0;0;0;0;0;
387;Replica;Entgegnung;Abilità. (Secondi: 8) Blocchi il prossimo attacco in mischia e l'aggressore subisce 20..80 danno[i]. Ha effetto solo se brandisci una spada.;1;21;1;1;0;0;0;0;3.2;0;0;0;0;0;0;
388;Replica Mortale;Tödliche Entgegnung;Abilità. (Secondi: 8) Blocchi il prossimo attacco in mischia e l'aggressore subisce 15..90 danno[i]. Condizione inflitta: Emorragia (3..25 secondo[i]). Ha effetto solo se brandisci una spada.;1;21;1;1;0;5;0;10;0;0;0;0;0;0;0;
389;Fioritura;Blütezeit;Abilità d'Élite. Ricarica le tue abilità d'attacco. Energia conseguita per ogni abilità ricaricata: 2..7.;1;17;1;1;0;5;1;8;0;0;1;0;0;0;0;
390;Fendente Selvaggio;Wilder Hieb;Attacco con Spada. Interrompe un'azione. Effetto dell'interruzione: assesta +1..40 danno[i] se l'azione era una magia.;0;20;10;1;0;5;.5;10;0;0;0;0;0;0;0;
391;Tiro del Cacciatore;Jägerschuss;Attacco con Arco. Condizione inflitta: Emorragia (3..25 secondi).;0;25;2;2;0;5;1;10;0;0;0;0;0;0;0;
392;Inchioda;Festnageln;Attacco con Arco. Condizione inflitta: Storpiatura (3..15 secondo[i]).;0;25;2;2;0;15;0;8;0;0;0;0;0;0;0;
393;Tiro Azzoppante;Verkrüppelungs-Schuss;Attacco con Arco d'Élite. Non bloccabile. Condizione inflitta: Storpiatura (4..14 secondo[i]).;1;25;2;2;0;5;0;2;0;0;1;0;0;0;0;
394;Tiro Potente;Kraftschuss;Attacco con Arco. Danni subiti dall'obiettivo nemico: 25..50.;0;25;2;2;0;10;0;3;0;0;0;0;0;0;0;
395;Raffica;Sperrfeuer;Attacco con Arco d'Élite. Danni inferti: +5..20. Colpisce 5 nemici adiacenti al tuo obiettivo. Rimuove tutte le tue Preparazioni.;0;25;2;2;0;5;0;1;0;0;1;0;0;0;0;
396;Doppio Tiro;Doppelschuss;Attacco con Arco. Scocchi due frecce simultanee contro l'obiettivo nemico. Queste frecce assestano un 25% di danno in meno.;0;-1;2;2;0;10;0;10;0;0;0;0;0;0;0;
397;Tiro Rapido;Schnellschuss;Attacco con Arco d'Élite. Scocchi una freccia che si muove al doppio della velocità.;0;-1;2;2;0;5;.5;1;0;0;1;0;0;0;0;
398;Attacco Penetrante;Durchbohr-Angriff;Attacco con Arco. Danni inferti: +5..25. Penetrazione armatura: 10%.;1;25;2;2;0;10;.75;4;0;0;0;0;0;0;0;
399;Tiro Distraente;Ablenk-Schuss;Attacco con Arco. Interrompe un'azione. Effetto dell'interruzione: l'abilità interrotta viene disattivata per +20 secondo[i]. Assesta solo 1..16 danno[i].;0;23;2;2;0;5;.5;10;0;0;0;0;0;0;0;
400;Tiro di Precisione;Präzisionsschuss;Attacco con Arco. Danni inferti: +3..10. Non bloccabile. Facile interruzione.;0;25;2;2;0;10;1;6;0;0;0;0;0;0;0;
402;Tiro Determinato;Entschlossener Schuss;Attacco con Arco. Danni inferti: +5..20. Ricarica le tue abilità d'attacco se non va a segno.;0;25;2;2;0;5;0;10;0;0;0;0;0;0;0;
403;Tiro Sicuro;Ankündigungs-Schuss;Attacco con Arco. Scocchi una freccia che viaggia al triplo della velocità. Non bloccabile.;0;-1;2;2;0;5;0;3;0;0;0;0;0;0;0;
404;Freccia Avvelenata;Giftpfeil;Attacco con Arco d'Élite. Condizione inflitta: Veleno (5..20 secondo[i]).;1;24;2;2;0;5;0;1;0;0;1;0;0;0;0;
405;Tiro del Giuramento;Eidschuss;Attacco con Arco d'Élite. Ricarica tutte le abilità tranne Tiro del Giuramento se va a segno. Disattiva tutte le abilità se manca l'obiettivo (10..4 secondi). Probabilità di errore: 50% se il grado di Esperienza è inferiore a 8.;1;23;2;2;0;10;0;25;0;0;1;0;0;0;0;
406;Tiro Debilitante;Entkräftungs-Schuss;Attacco con Arco. Perdita Energia: 1..10.;0;25;2;2;0;10;0;10;0;0;0;0;0;0;0;
407;Tiro Ravvicinato;Kurzdistanzschuss;Attacco con Arco a Portata Dimezzata. Danni inferti: +10..40.;1;23;2;2;0;5;0;3;0;0;0;0;0;0;0;
408;Tiro Stordente;Erschütterungsschuss;Attacco con Arco. Interrompe una magia. Effetto dell'interruzione: infligge Stordimento (5..20 secondo[i]). Provoca solo 1..16 danno[i].;0;25;2;2;0;25;.5;5;0;0;0;0;0;0;0;
409;Tiro Punitivo;Bestrafungs-Schuss;Attacco con Arco d'Élite. Danni inferti: +10..20. Interrompe un'azione.;1;25;2;2;0;10;.5;5;0;0;1;0;0;0;0;
411;Incanta Animale;Tier zähmen;Abilità. Incanta l'animale selezionato, a meno che questo non ti sia superiore di oltre 4 livelli. Una volta incantata, la mascotte viaggerà insieme a te fino a quando manterrai attivo l'incantesimo Incanta Animale.;0;22;1;2;0;10;10;0;0;0;0;0;0;0;0;
412;Richiamo della Protezione;Ruf des Schutzes;Urlo. (Secondi: 120) Riduzione danni della tua mascotte: 5..20.;1;22;20;2;0;5;0;90;0;0;0;0;0;0;0;
415;Richiamo della Fretta;Ruf der Eile;Urlo. (Secondi: 30). Incremento velocità di movimento e d'attacco della tua mascotte: 33%.;0;22;20;2;0;10;0;25;0;0;0;0;0;0;0;
422;Resuscita Animale;Tier wiederbeleben;Abilità. Riporta in vita tutti gli animali alleati in quest'area (10..94% di salute).;1;22;1;2;0;5;.25;5;0;0;0;0;0;0;0;
423;Legame Simbiotico;Symbiotisches Band;Urlo. (Secondi: 120..300) Rigenerazione Salute della tua mascotte: +1..3. Metà dei danni subiti dalla tua mascotte vengono trasferiti su di te.;1;22;20;2;0;10;0;55;0;0;0;0;0;0;0;
424;Getta Polvere;Dreck werfen;Abilità a Tocco. Condizione inflitta: Accecamento (3..15 secondo[i]). Ha effetto anche sui nemici adiacenti all'obiettivo.;0;23;1;2;0;5;1;30;0;0;0;0;0;0;0;
425;Schivata;Abducken;Posizione. (Secondi: 5..11) Incremento tua velocità di movimento: 33%. Probabilità di blocco degli attacchi proiettili: 27..75%. Termina se attacchi.;1;23;29;2;0;5;0;30;0;0;0;0;0;0;0;
426;Tiro Selvaggio;Wilder Schuss;Attacco con Arco. Interrompe un'azione. Effetto dell'interruzione: assesta +13..28 danno[i] se l'azione era una magia.;0;25;2;2;0;10;.5;5;0;0;0;0;0;0;0;
427;Sigillo dell'Antidoto;Gegengift-Siegel;Sigillo. Ti libera da Veleno, Malattia, Accecamento e un'altra condizione.;0;-1;21;2;0;0;1;4;0;0;0;0;0;0;0;
428;Frecce Incendiarie;Flammenpfeile;Attacco con Arco d'Élite. Nemici colpiti vicino all'obiettivo: 2. Condizione inflitta: Bruciatura (1..3 secondo[i]).;1;24;2;2;0;5;0;5;0;0;1;0;0;0;0;
429;Frecce di Melandru;Melandrus Pfeile;Preparazione d'Élite. (Secondi: 18) Condizione inflitta dalle tue frecce: Emorragia (3..25 secondo[i]). Danno ai nemici sotto incantesimo: +8..28.;1;24;17;2;0;5;2;12;0;0;1;0;0;0;0;
430;Scommessa del Tiratore;Schützenwette;Preparazione d'Élite. (Secondi: 18) Energia conseguita ogni volta che le tue frecce vanno a segno: 5..10. Perdi 10 Punti Energia ogni volta che non vanno a segno.;1;23;17;2;0;5;1;24;0;0;1;0;0;0;0;
431;Frecce Esplosive;Brandpfeile;Preparazione. (Secondi: 24) Danni da fuoco inferti dalle tue frecce: 3..18 all'obiettivo e ai nemici a lui adiacenti.;1;24;17;2;0;10;2;12;0;0;0;0;0;0;0;
432;Senti il Vento;Wind lesen;Preparazione. (Secondi: 24) Danni inferti: +3..10. La velocità delle tue frecce è raddoppiata.;0;25;17;2;0;5;2;12;0;0;0;0;0;0;0;
433;Frecce Infiammabili;Zündelpfeile;Preparazione. (Secondi: 24) Danni da fuoco inferti: +3..24. Le tue frecce infliggono danni da fuoco.;0;24;17;2;0;5;2;12;0;0;0;0;0;0;0;
434;Gas Soffocante;Würgegas;Preparazione. (Secondi: 1..12) Danni inferti: +1..8. Diffonde Gas Soffocante sui nemici adiacenti all'obiettivo. Gas Soffocante interrompe le magie.;0;24;17;2;0;15;2;24;0;0;0;0;0;0;0;
435;Applica Veleno;Gift auftragen;Preparazione. (Secondi: 24) Condizione inflitta dai tuoi attacchi fisici: Veleno (3..15 secondo[i]).;0;24;17;2;0;15;2;12;0;0;0;0;0;0;0;
436;Conforta Animale;Tier erquicken;Abilità. Salute ottenuta dalla tua mascotte: 40..120. La mascotte resuscita (Salute: 10..58%). Se disponi di Conforta Animale, la mascotte potrà viaggiare insieme a te.;0;22;1;2;0;5;1;1;0;0;0;0;0;0;0;
437;Balzo Bestiale;Bestiensprung;Attacco con Mascotte. Danni inferti: +5..20. Provoca abbattimento se l'obiettivo nemico sta lanciando una magia.;1;22;11;2;0;5;0;10;0;0;0;0;0;0;0;
438;Attacco Mutilante;Verkrüppelungs-Schlag;Attacco con Mascotte. Infligge +5..20 danni. Se colpisce, infligge la condizione Azzoppato (3..15 secondo/i).;0;22;11;2;0;10;0;5;0;0;0;0;0;0;0;
439;Affondo Selvaggio;Wilder Ausfall;Attacco con Mascotte. Danni inferti: +5..35. Condizione inflitta se l'obiettivo nemico sta attaccando: Emorragia (5..25 secondo[i]).;1;22;11;2;0;5;0;10;0;0;0;0;0;0;0;
440;Attacco Predatore;Aasfresser-Schlag;Attacco con Mascotte. Danni inferti: +10..25. Energia conseguita se l'obiettivo nemico è affetto da una condizione: 3..15.;0;22;11;2;0;5;0;10;0;0;0;0;0;0;0;
441;Assalto di Melandru;Melandrus Angriff;Attacco con Mascotte. Danni ai nemici nei dintorni: +5..20.;1;22;11;2;0;10;0;5;0;0;0;0;0;0;0;
442;Attacco Ferale;Wilder Schlag;Attacco d'Élite con Mascotte. Danni inferti: +13..28. Ottieni adrenalina e 3..10 Punto[i] Energia.;0;22;11;2;0;5;0;8;0;0;1;0;0;0;0;
443;Balzo Predatore;Raubtier-Sprung;Attacco con Mascotte. Danni inferti: +5..35. Salute conseguita dalla tua mascotte se questo attacco va a segno: 5..50.;1;22;11;2;0;5;0;5;0;0;0;0;0;0;0;
444;Attacco Brutale;Schonungsloser Schlag;Attacco con Mascotte. Danni inferti: +5..35. Assesta +5..35 danno[i] in più se la Salute dell'obiettivo nemico è inferiore al 50%.;1;22;11;2;0;10;0;5;0;0;0;0;0;0;0;
445;Scatto Dirompente;Unterbrechender Ausfall;Attacco con Mascotte. Danni inferti: +1..12. Interrompe un'abilità. Effetto dell'interruzione: l'abilità interrotta viene disattivata per +20 secondo[i].;0;22;11;2;0;5;0;10;0;0;0;0;0;0;0;
446;Unguento dei Troll;Trollsalbe;Abilità. (Secondi: 13) Rigenerazione tua Salute: +3..10.;0;24;1;2;0;5;3;10;0;0;0;0;0;0;0;
447;Urlo di Otyugh;Otyughs Schrei;Urlo. (Secondi: 10..25) La tua mascotte ha +24 di armatura e non può essere bloccata.;1;22;20;2;0;5;0;30;0;0;0;0;0;0;0;
448;Fuga;Flucht;Posizione d'Élite. (Secondi: 1..8) Incremento della tua velocità di movimento: 33%. Probabilità di blocco: 75%.;0;23;29;2;0;5;0;12;0;0;1;0;0;0;0;
449;Posizione d'Esercizio;Geübte Haltung;Posizione d'Élite. (Secondi: 20..35) Incremento velocità di ricarica delle tue preparazioni: 50%. incremento della loro durata: 30..300%.;1;23;29;2;0;5;0;15;0;0;1;0;0;0;0;
450;Vortice Difensivo;Wirbelverteidigung;Posizione. (Secondi: 8..20) Probabilità di blocco: 75%. Assesta 5..11 danno[i] ai nemici adiacenti ogni volta che blocchi un attacco proiettile.;0;23;29;2;0;10;0;60;0;0;0;0;0;0;0;
451;Recupero di Melandru;Melandrus Belastbarkeit;Posizione d'Élite. (Secondi: 8..20) Rigenerazione Salute +4 e Rigenerazione Energia +1 per ogni condizione e fattura che hai addosso.;1;24;29;2;0;5;0;15;0;0;1;0;0;0;0;
452;Difese del Dryder;Dryders Verteidigungen;Posizione. (Secondi: 5..11) Probabilità di blocco: 75%. Armatura contro il danno elementale: +34..60.;1;24;29;2;0;5;0;60;0;0;0;0;0;0;0;
453;Riflessi Fulminei;Blitzreflexe;Posizione. (Secondi: 5..11) Incremento della tua velocità d'attacco: 33%. Probabilità di blocco: 75%.;0;23;29;2;0;10;0;30;0;0;0;0;0;0;0;
454;Furia della Tigre;Wut des Tigers;Posizione. (Secondi: 5..11) Incremento velocità di attacco: 25%. Le tue abilità (attacchi esclusi) vengono disattivate (5 secondi).;1;22;29;2;0;10;0;10;0;0;0;0;0;0;0;
455;Inseguitore della Tempesta;Sturmjäger;Posizione. (Secondi: 8..20) Incremento velocità di movimento: 25%. Energia conseguita ogni volta che subisci danni elementali: 1..5.;0;24;29;2;0;10;0;20;0;0;0;0;0;0;0;
456;Velocità del Serpente;Schlangen-Schnelligkeit;Posizione. (Secondi: 15..30) Incremento velocità di ricarica delle tue abilità: 33%. Termina se la tua Salute scende al di sotto del 50%.;1;24;29;2;0;5;0;45;0;0;0;0;0;0;0;
457;Trappola di Polvere;Staubfalle;Trappola. (Secondi: 90) Ha effetto sui nemici nei dintorni. Danni inferti al secondo: 10..25 (5 secondi). Condizione inflitta: Accecamento (3..8 secondo[i]) ogni secondo (5 secondi). Facile interruzione.;1;24;30;2;0;25;2;30;0;0;0;0;0;0;0;
458;Trappola Uncinata;Stachelfalle;Trappola. (Secondi: 90) Ha effetto sui nemici nei dintorni. Danni perforanti inferti: 7..23. Condizioni inflitte: Storpiatura ed Emorragia (3..25 secondo[i]). Facile interruzione.;0;24;30;2;0;10;2;20;0;0;0;0;0;0;0;
459;Trappola di Fiamme;Flammenfalle;Trappola. (Secondi: 90) Ha effetto sui nemici nei dintorni. Danni da fuoco inferti al secondo: 5..20 (3 secondi). Condizione inflitta: Bruciatura (1..3 secondo[i]). Facile interruzione.;0;24;30;2;0;10;2;20;0;0;0;0;0;0;0;
460;Sorgente Curativa;Heilquelle;Trappola. (Secondi: 10) Ha effetto sugli alleati adiacenti. Cure impartite ogni 2 secondi: 15..60. Facile interruzione.;1;24;30;2;0;10;2;20;0;0;0;0;0;0;0;
461;Trappola di Spine;Dornenfalle;Trappola d'Élite. (Secondi: 90) Ha effetto sui nemici nei dintorni. Provoca 10..40 danno[i] perforante[i] al secondo (per 2 secondi). provoca abbattimento e infligge Storpiatura (3..25 secondo[i]). Facile interruzione.;0;24;30;2;0;10;2;20;0;0;1;0;0;0;0;
462;Inverno;Winter;Rituale della Natura. Crei uno Spirito di livello 1..10 (in vita per 30..240 secondo[i]). Trasforma il danno elementale in danno da freddo per le creature nella portata. Non ha effetto sugli Spiriti.;1;24;19;2;0;5;2;60;0;0;0;0;0;0;0;
463;Vaglio;Trennung;Rituale della Natura. Crei uno Spirito di livello 1..10 (in vita per 30..240 secondo[i]). Incrementa di +4 il danno fisico per le creature nella portata. Non ha effetto sugli Spiriti.;0;24;19;2;0;5;2;60;0;0;0;0;0;0;0;
464;Limite dell'Estinzione;Rand der Auslöschung;Rituale della Natura. Crei uno Spirito di livello 1..10 (in vita per 30..240 secondo[i]). Assesta 14..50 danno[i] alle creature nella portata ogni volta che muore una creatura della stessa specie. Non ha effetto sugli Spiriti. Nessun danno alle creature con Salute superiore al 90%.;1;22;19;2;0;5;2;60;0;0;0;0;0;0;0;
465;Grande Conflagrazione;Großflächenbrand;Rituale della Natura d'Élite. Crei uno Spirito di livello 1..10 (in vita per 30..240 secondo[i]). Trasforma il danno fisico in danno da fuoco per le creature nella portata. Non ha effetto sugli Spiriti.;1;24;19;2;0;5;2;15;0;0;1;0;0;0;0;
466;Conflagrazione;Feuersbrunst;Rituale della Natura. Crei uno Spirito di livello 1..10 (in vita per 30..240 secondo[i]). Tutte le frecce assestano danni da fuoco alle creature nella portata. Non ha effetto sugli Spiriti.;2;24;19;2;0;5;2;60;0;0;0;0;0;0;0;
467;Stagione Fertile;Fruchtbare Jahreszeit;Rituale della Natura. Crei uno Spirito di livello 1..10 (in vita per 15..90 secondo[i]). Le creature nella portata hanno +50..150 di Salute massima e +8 di armatura. Non ha effetto sugli Spiriti.;1;22;19;2;0;15;2;60;0;0;0;0;0;0;0;
468;Simbiosi;Symbiose;Rituale della Natura. Crei uno Spirito di livello 1..10 (in vita per 30..240 secondo[i]). Le creature nella portata hanno +27..150 di Salute massima per ogni incantesimo su di loro. Non ha effetto sugli Spiriti.;1;22;19;2;0;5;2;60;0;0;0;0;0;0;0;
469;Echi Primordiali;Urechos;Rituale della Natura. Crei uno Spirito di livello 1..10 (in vita per 30..240 secondo[i]). Costo Sigilli per le creature nella portata: 10 Punti Energia. Non ha effetto sugli Spiriti.;0;22;19;2;0;5;2;60;0;0;0;0;0;0;0;
470;Stagione della Caccia;Jagdsaison;Rituale della Natura. Crei uno Spirito di livello 1..10 (in vita per 30..240 secondo[i]). Le creature nella portata ricevono un 20% in meno di cure. Le creature ottengono 5 Punti Salute ogni volta che un loro attacco va a segno. Non ha effetto sugli Spiriti.;1;22;19;2;0;5;2;60;0;0;0;0;0;0;0;
471;Terreno Gelato;Eisboden;Rituale della Natura. Crei uno Spirito di livello 1..10 (in vita per 30..180 secondo[i]). Le creature nella portata non possono attivare abilità di resurrezione. Non ha effetto sugli Spiriti.;1;24;19;2;0;10;2;30;0;0;0;0;0;0;0;
472;Venti Favorevoli;Günstige Winde;Rituale della Natura. Crei uno Spirito di livello 1..10 (in vita per 30..240 secondo[i]). Le frecce viaggiano al doppio della velocità e provocano +6 danni alle creature nella portata. Non ha effetto sugli Spiriti.;0;25;19;2;0;5;2;60;0;0;0;0;0;0;0;
474;Vento di Energia;Treibwind;Rituale della Natura. Crei uno Spirito di livello 1..6 (in vita per 1..60 secondo[i]). Riduzione costo delle abilità: 15 Punti Energia in meno (costo minimo 10). Rallentamento velocità di ricarica delle abilità per le creature nella portata: 25%. Non ha effetto sugli Spiriti.;0;22;19;2;0;15;2;60;0;0;0;0;0;0;0;
475;Zefiro Veloce;Beschleunigender Zephyr;Rituale della Natura. Crei uno Spirito di livello 1..10 (in vita per 15..90 secondo[i]). Incremento costo delle abilità: 30% di Energia in più. Raddoppiamento velocità di ricarica delle abilità per le creature nella portata. Non ha effetto sugli Spiriti.;0;24;19;2;0;25;2;60;0;0;0;0;0;0;0;
476;Rinnovamento della Natura;Erneuerung der Natur;Rituale della Natura. Crei uno Spirito di livello 1..10 (in vita per 30..240 secondo[i]). Per le creature nella portata, i tempi di lancio di incantesimi e fatture si raddoppiano e il mantenimento degli incantesimi costa il doppio di Energia. Non ha effetto sugli Spiriti.;0;24;19;2;0;5;2;60;0;0;0;0;0;0;0;
477;Terreno Fangoso;Schlammiges Terrain;Rituale della Natura. Crei uno Spirito di livello 1..10 (in vita per 30..180 secondo[i]). Rallentamento movimenti delle creature nella portata: 10%. impedisce anche gli incrementi di velocità. Non ha effetto sugli Spiriti.;1;24;19;2;0;5;2;30;0;0;0;0;0;0;0;
570;Marchio di insicurezza;Zeichen der Unsicherheit;Fattura d'Élite. (5..25 secondo/i). Provoca -1..5 degenerazione della Salute. Incantesimi e posizioni su di esso terminano il 20..60% più rapidamente. Non puoi usare le tue abilità per 5 secondi (escluse quelle da Assassino).;3;30;24;7;0;5;1;10;0;0;1;0;0;0;0;
571;Pugnale Dirompente;Unterbrechender Dolch;Magia a Portata Dimezzata. Proiettile. Danni da terra: 10..35. Interrompe un'abilità.;3;30;22;7;0;5;.25;10;0;0;0;0;0;0;0;
572;Paradosso Letale;Tödliches Paradoxon;Posizione. (Secondi: 5..15) Incremento velocità di attivazione e ricarica delle tue abilità da Assassino: 33%. Disattiva le tue abilità da attacco (10 secondo[i]).;3;30;29;7;0;15;0;10;0;0;0;0;0;0;0;
763;Sguardo Invidioso;Neidvoller Blick;Incantesimo. Rimuove un incantesimo dall'obiettivo nemico. Effetto della rimozione: la velocità del prossimo incantesimo che lancerai sarà maggiore di 0..1 secondo[i] e costerà 1..10 Punto[i] Energia in meno. (Secondo[i]: 1..20).;2;4;23;4;0;5;1;15;0;0;0;0;0;0;0;
764;Lamento del Fato;Schicksalsklage;Fattura d'Élite. (Secondi: 2..6) Azzera gli attributi dell'obiettivo nemico scendono al grado 0.;2;6;24;4;0;1;.25;15;0;10;1;0;0;0;0;
766;Sguardo di Disprezzo;Verächtlicher Blick;Magia. Rimuove gli incantesimi dall'obiettivo nemico. Ha effetto solo se la Salute di questo nemico è superiore a 50%.;2;-1;22;4;0;10;2;10;0;0;0;0;0;0;0;
769;Difesa della Vipera;Verteidigung der Viper;Magia. Condizione inflitta a tutti i nemici adiacenti: Avvelenamento (5..20 secondi). Compi un Passo nell'Ombra verso un punto a caso nei dintorni allontanandoti dall'obiettivo.;2;31;22;7;0;5;.25;10;0;0;0;0;0;0;0;
770;Ritorno;Rückkehr;Magia. Condizione inflitta a tutti i nemici a te adiacenti: Storpiatura (3..8 secondo[i]). Compi un Passo nell'Ombra nella posizione dell'obiettivo alleato. Impossibile selezionare se stessi.;2;31;22;7;0;5;.25;15;0;0;0;0;0;0;0;
771;Aura dello Spostamento;Aura der Verschiebung;Incantesimo d'Élite. Compi un Passo nell'Ombra verso l'obiettivo nemico. Effetto al termine: torni nel punto di partenza.;2;-1;23;7;-1;5;.25;20;0;0;1;0;0;0;0;
772;Tsungrai era Generoso;Großzügig war Tsungrai;Magia Altera-oggetto. (Secondi: 15..60) Tua Salute massima: +50..140. Rilascio: ottieni 100..280 Punto[i] Salute.;2;33;25;8;0;5;1;15;0;10;0;0;0;0;0;
773;Vorizun era Potente;Mächtig war Vorizun;Magia Altera-oggetto. (Secondi: 15..60) Armatura: +15. Energia massima: +30.;2;32;25;8;0;5;2;30;0;0;0;0;0;0;0;
775;Fiore della Morte;Todesblüte;Attacco Doppio[_]. Danni inferti: +20..45. Ha effetto anche sui nemici adiacenti all'obiettivo. Deve seguire un attacco con arma secondaria.;2;29;7;7;0;5;0;2;0;0;0;0;0;0;0;
776;Zanne Ritorte;Schlangenzähne;Attacco Doppio[_]. Danni inferti: +10..20. Condizione inflitta: Emorragia e Ferita Profonda (5..20 secondo[i]). Deve seguire un attacco con arma secondaria.;2;35;7;7;0;10;0;15;0;0;0;0;0;0;0;
777;Corna del Bue;Hörner des Ochsen;Attacco Doppio[_]. Danni inferti: +1..11. Provoca abbattimento se l'obiettivo nemico non è adiacente ad un suo alleato. Deve seguire un attacco con arma secondaria.;2;29;7;7;0;5;0;12;0;0;0;0;0;0;0;
778;Ragno in Caduta;Fallende Spinne;Attacco con Arma Secondaria. Danni inferti: +15..35. Condizione inflitta: Veleno (5..20 secondo[i]). Ha effetto solo se l'obiettivo nemico è stato abbattuto.;2;29;6;7;0;5;0;8;0;0;0;0;0;0;0;
779;Colpo del Loto Nero;Schwarzer Lotus-Stoß;Attacco con Arma Primaria. Danni inferti: +10..31. Energia conseguita se l'obiettivo nemico è affetto da fattura: 5..13.;2;35;5;7;0;5;0;6;0;0;0;0;0;0;0;
780;Denti di Volpe;Reißzähne des Fuchses;Attacco con Arma Secondaria. Danni inferti: +10..35. Non bloccabile. Deve seguire un attacco con arma primaria.;2;29;6;7;0;5;.5;3;0;0;0;0;0;0;0;
781;Colpo di Moebius;Möbiusstoß;Attacco d'Élite con Arma Secondaria. Danni inferti: +10..35. Tutte le altre abilità d'attacco che hai si ricaricano se la Salute dell'obiettivo nemico è inferiore al 50%. Deve seguire un attacco doppio.;2;29;6;7;0;5;0;2;0;0;1;0;0;0;0;
782;Colpo Seghettato;Gezackter Stoß;Attacco con Arma Primaria. Condizione inflitta: Emorragia (5..20 secondo[i]).;2;29;5;7;0;5;.5;2;0;0;0;0;0;0;0;
783;Colpo Fiducioso;Unvermuteter Stoß;Attacco con Arma Primaria. Danni inferti: +19..31. Assesta 15..75 danno[i] in più se la Salute dell'obiettivo nemico è superiore al 90%.;2;35;5;7;0;10;0;2;0;0;0;0;0;0;0;
784;Aspide Attanagliante;Schlingnatter;Magia. Provoca abbattimento. Condizione inflitta: Veleno (5..20 secondo[i]). Deve seguire un attacco con arma primaria.;2;30;22;7;0;10;1;20;0;0;0;0;0;0;0;
785;Segno della Morte;Zeichen des Todes;Fattura. (Secondi: 4..10) L'obiettivo nemico ottiene un 50% in meno di cure.;2;30;24;7;0;10;.25;20;0;0;0;0;0;0;0;
786;Palmo di Ferro;Eiserne Handfläche;Abilità a Tocco. Danni inferti: 5..50. Provoca abbattimento se l'obiettivo nemico è sotto fattura o è affetto da una condizione. Vale come attacco con arma primaria.;2;30;1;7;0;5;.75;20;0;0;0;0;0;0;0;
787;Arma Resiliente;Unverwüstliche Waffe;Magia Altera-arma. (Secondi: 3..12) Rigenerazione Salute: +1..6. Armatura: +24. Ha effetto solo se l'obiettivo alleato è sotto fattura o è affetto da una condizione.;2;33;27;8;0;10;1;6;0;0;0;0;0;0;0;
788;Mingson era Cieco;Blind war Mingson;Magia Altera-oggetto. (Secondi: 15..60) Rilascio: provoca Accecamento (3..8 secondo[i]) a tutti i nemici nei dintorni.;2;33;25;8;0;5;1;20;0;0;0;0;0;0;0;
789;Kuurong era Avido;Erfassend war Kuurong;Magia d'Élite Altera-oggetto. (15..60 secondo/i). Effetto di rilascio: infligge 15..75 danni e atterra tutti i nemici nell'area.;2;34;25;8;0;15;1.5;25;0;0;1;0;0;0;0;
790;Khanhei era Vendicativo;Nachtragend war Khanhei;Magia d'Élite Altera-oggetto. (Secondi: 5..11) Salute sottratta ad ogni nemico che ti colpisce con un attacco: 10..45.;2;33;25;8;0;5;.75;15;0;0;1;0;0;0;0;
791;Carne della Mia Carne;Fleisch von meinem Fleisch;Magia. Resuscita il membro della squadra selezionato con metà della tua Salute attuale e un 5..20% di Energia. Perdi metà della tua Salute.;2;33;22;8;0;5;4;0;0;0;0;0;0;0;0;
792;Arma a Frammentazione;Splitterwaffe;Magia Altera-arma. (Secondi: 20) Gli attacchi assestano 5..50 danno[i] a 3 nemici adiacenti. Termina dopo 1..5 attacchi.;2;34;27;8;0;5;1;5;0;0;0;0;0;0;0;
793;Arma della Protezione;Waffe der Abwehr;Magia Altera-arma. (secondi: 3..8) Rigenerazione della Salute: +2..4. Probabilità di blocco: 50%.;2;33;27;8;0;10;1;5;0;0;0;0;0;0;0;
794;Arma del Lamento;Klagende Waffe;Magia Altera-arma. (Secondi: 3..14) Gli attacchi interrompono i nemici all'attacco.;2;34;27;8;0;5;1;15;0;0;0;0;0;0;0;
795;Arma Incubo;Alptraumwaffe;Magia Altera-arma. (Secondi: 12) Gli attacchi dell'obiettivo alleato sottraggono 10..50 Punto[i] Salute ma assestano 10..50 danno[i] in meno. Termina dopo 3 attacchi.;2;34;27;8;0;5;1;10;0;0;0;0;0;0;0;
799;Foschia Accattivante;Verführerischer Dunst;Magia d'Élite. Compi un Passo nell'Ombra verso questo nemico. Condizione inflitta: Stordimento (3..9 secondo[i]).;2;31;22;7;0;10;.25;20;0;0;1;0;0;0;0;
800;Tossina Permanente;Dauerhaftes Toxin;Fattura. (Secondi: 5) Degenerazione Salute: -1..5. Rinnovo: se l'obiettivo nemico si sta muovendo quando termina.;2;30;24;7;0;5;.25;10;0;0;0;0;0;0;0;
801;Coltre del Silenzio;Schleier des Schweigens;Fattura d'Élite a Tocco. (Secondi: 1..6) L'obiettivo nemico non può lanciare magie. Le tue magie vengono disattivate per 15 secondi.;2;30;24;7;0;10;.75;30;0;0;1;0;0;0;0;
802;Esponi Difese;Verteidigungen aufdecken;Fattura. (Secondi: 1..11) L'obiettivo nemico non può bloccare i tuoi attacchi.;2;30;24;7;0;5;1;25;0;0;0;0;0;0;0;
803;Sanguisuga del Potere;Kraftfresser;Fattura d'Élite. Interrompe una magia o un canto. Effetto dell'interruzione: sottrazione di 5..15 Punti Energia quando l'obiettivo nemico lancia una magia (10 secondi).;2;3;24;5;0;5;.25;20;0;0;1;0;0;0;0;
804;Languore Arcano;Arkane Schwäche;Fattura d'Élite. (Secondi: 1..10.) Sforzo provocato dalle magie dell'obiettivo nemico: 10.;2;0;24;5;0;10;2;15;0;0;1;0;0;0;0;
805;Anima Orrore Vampirico;Vampirschreck beleben;Magia. Crea un Orrore Vampirico di livello 1..17. Ottieni Salute pari ai danni che assesta. Utilizza un cadavere sfruttabile.;2;5;22;4;0;10;1;15;0;0;0;0;0;0;0;
806;Fervore dell'Adepto;Eifer des Sektierers;Incantesimo d'Élite. (Secondi: 5 più altri 3 secondi per ogni grado di Sottrazione dell'Anima). Le tue magie da Negromante costano 1..6 Punti Energia in meno. Soffri di Emorragia per 10 secondi ogni volta che lanci una magia da Negromante.;2;4;23;4;0;5;1;15;0;0;1;0;0;0;0;
808;Segno del Mietitore;Zeichen des Schnitters;Fattura d'Élite. (Secondi: 30) Degenerazione Salute: -1..5. Ottieni 5..15 Punto[i] Energia se l'obiettivo nemico muore mentre è affetto da questa fattura.;3;6;24;4;0;5;1;10;0;0;1;0;0;0;0;
809;Frammento di Pietra;Trümmerstein;Fattura d'Élite. (3 secondi) Effetto iniziale: infligge 25..100 danni da freddo e il bersaglio si muove più lento del 66%. Fine dell'effetto: infligge 25..100 danni da freddo al bersaglio e a tutti i nemici vicini.;2;11;24;6;0;10;2;8;0;0;1;0;0;0;0;
810;Difesa del Protettore;Verteidigung des Beschützers;Abilità. (Secondi: 5..11) Probabilità di blocco degli alleati adiacenti a te: 75%. Termina se ti muovi.;2;21;1;1;0;5;0;30;0;0;0;0;0;0;0;
811;Corsa Congiunta;Gemeinsam rennen;Posizione. (Secondi: 5..15) Incremento velocità di movimento tua e della mascotte: 25%.;2;22;29;2;0;5;0;15;0;0;0;0;0;0;0;
812;Xinrae era Insolente;Trotzig war Xinrae;Magia d'Élite Altera-oggetto. (Secondi: 15..60) Non puoi perdere più di un 20% di Salute massima per ogni colpo ricevuto. Rilascio: sottrai 5..50 di Salute ai nemici nei dintorni.;2;33;25;8;0;5;1;20;0;0;1;0;0;0;0;
813;Aura di Lyssa;Lyssas Aura;Incantesimo d'Élite. (Secondi: 10) Rigenerazione tua Energia: +0..5. Rinnovo: ogni volta che lanci una magia contro un nemico.;2;3;23;5;0;5;1;30;0;0;1;0;0;0;0;
814;Cortina d'Ombra;Schattenzuflucht;Incantesimo. (Secondi: 6) Rigenerazione tua Salute: +5..10. Effetto al termine: ti cura di 40..100 se stai attaccando.;2;31;23;7;0;5;1;8;0;0;0;0;0;0;0;
815;Cavo dello scorpione;Skorpiondraht;Fattura a Portata Dimezzata. (8..20 secondo/i). Usa Passo nell'ombra per colpire il bersaglio nemico e atterrarlo la prossima volta che si trova a più di 75' da te.;2;30;24;7;0;5;1;10;0;0;0;0;0;0;0;
816;Posizione a Specchio;Gespiegelte Haltung;Fattura. (Secondi: 10..35) Assumi la stessa Posizione utilizzata dall'obiettivo nemico.;2;31;24;7;0;5;.25;15;0;0;0;0;0;0;0;
817;Discordia;Zwietracht;Magia d'Élite. Danni inferti: 30..110. Ha effetto solo se l'obiettivo nemico soffre di una condizione ed è affetto da fattura o incantesimo.;2;5;22;4;0;5;1;2;0;0;1;0;0;0;0;
818;Pozzo della Stanchezza;Brunnen der Müdigkeit;Pozzo. (10..55 secondo/i). I nemici in questo Pozzo hanno -1 degenerazione dell'Energia. Utilizza un cadavere fresco o sacrifica il 66% della Salute.;2;7;28;4;0;5;1;5;0;0;0;0;0;0;0;
819;Spirito Vampirico;Vampirgeist;Incantesimo d'Élite. Salute sottratta all'obiettivo nemico: 15..60. Tua Rigenerazione Salute: +5..10 (10 secondo[i]).;2;4;23;4;0;5;1;8;0;0;1;0;0;0;0;
820;Depravazione;Verderbtheit;Fattura d'Élite. (Secondi: 5..20) Perdita di Energia ogni volta che l'obiettivo nemico lancia una magia: 1..5. Anche un nemico vicino al tuo obiettivo perde Energia.;3;7;24;4;0;10;1;15;0;0;1;0;0;0;0;
821;Vene di Ghiaccio;Eisadern;Fattura d'Élite. (Secondi: 10..35) Danni da freddo ai nemici nei dintorni se l'obiettivo nemico muore: 20..110. Effetto iniziale: 10..90 danno[i] da freddo.;2;6;24;4;0;10;1;5;0;0;1;0;0;0;0;
822;Ginocchia Molli;Weiche Knie;Fattura d'Élite. (Secondi: 1..16) Degenerazione Salute dell'obiettivo nemico: -1..4. Danni subiti mentre si muove: 5..20.;2;7;24;4;0;5;1;5;0;0;1;0;0;0;0;
823;Velocità Bruciante;Brennende Eile;Incantesimo. (Secondi: 7). Aumento della velocità di movimento: 30..45%. Soffri di Bruciatura (7 secondi). Effetto al termine: infligge Bruciatura (3..9 secondi) ai nemici adiacenti.;2;10;23;6;0;10;.25;0;0;0;0;0;0;0;0;
824;Frecce di Lava;Lavapfeile;Magia. Proiettile: danni da fuoco inferti: 20..65. Effetto bonus: lancia proiettili ad altri 2 nemici vicini al tuo obiettivo.;2;10;22;6;0;5;1;2;0;0;0;0;0;0;0;
825;Letto di Brace;Kohlenbett;Magia. Danni da fuoco inferti al secondo: 5..29 (5 secondi) in corrispondenza dell'obiettivo nemico. Colpisce i nemici adiacenti al tuo obiettivo. Condizione inflitta ai nemici abbattuti: Bruciatura (3..7 secondi).;2;10;22;6;0;10;1;15;0;0;0;0;0;0;0;
826;Forma d'Ombra;Schattenform;Incantesimo d'Élite. (Secondo[i]: 5..21). Non puoi essere bersaglio di magie nemiche. Ottieni una riduzione del danno di 5 per ogni incantesimo Assassino lanciato su di te. Non puoi infliggere più di 5..25 danno[i] con un singolo attacco o una singola abilità.;2;31;23;7;0;5;1;30;0;0;1;0;0;0;0;
827;Sifone della Forza;Kraft abzapfen;Fattura d'Élite. (Secondi: 5..20) Riduzione danni assestati dall'obiettivo nemico: -5..50. Aumento probabilità di assestargli un colpo critico: +50%.;2;30;24;7;0;10;1;10;0;0;1;0;0;0;0;
828;Miasma Vile;Fauler Gestank;Fattura. Degenerazione Salute: -1..5 (10 secondo[i]). Effetto iniziale: 10..65 danno[i] da freddo. La fattura si applica solo se l'obiettivo nemico ha una condizione.;2;5;24;4;0;10;1;15;0;0;0;0;0;0;0;
830;Raggio del Giudizio;Strahl des Urteils;Magia d'Élite. Assesta 10..50 danno[i] sacro[i] e infligge Bruciatura (1..3 second[i]) ogni secondo (5 second[i]). Colpisce i nemici adiacenti alla posizione iniziale dell'obiettivo.;2;14;22;3;0;10;1;15;0;0;1;0;0;0;0;
831;Ira Primordiale;Urzorn;Posizione d'Élite. (1..9 secondo/i) Attacchi più veloci del 33%, movimento del 33. Subisci il 150..125% dei danni.;2;17;29;1;0;5;0;4;0;0;1;0;0;0;0;
832;Anima Golem di Carne;Fleischgolem beleben;Magia d'Élite. Crea un Golem di carne di liv. 3..25 che lascia 1..4 cadavere/i fresco/hi quando muore. Sfrutta un cadavere fresco. Puoi avere solo un golem di carne alla volta.;2;5;22;4;0;10;1;30;0;0;1;0;0;0;0;
834;Fretta Avventata;Rücksichtslose Hast;Fattura. Infligge fattura anche ai nemici adiacenti all'obiettivo (6..12 secondo[i]). Questi nemici hanno un 50% di probabilità di mancare ma una velocità d'attacco superiore del 25%.;2;7;24;4;0;15;1;12;0;0;0;0;0;0;0;
835;Legame di Sangue;Blutsbande;Fattura. Colpisce con una fattura anche i nemici adiacenti all'obiettivo (3..12 secondo[i]). Gli alleati che colpiscono i nemici sui quali è attiva la fattura ottengono 5..20 Punto[i] Salute. Se uno di tali nemici muore durante l'effetto della fattura, gli alleati adiacenti vengono curati di 20..100.;2;4;24;4;0;5;1;8;0;0;0;0;0;0;0;
836;Cavalca il Fulmine;Den Blitz reiten;Magia d'Élite. Danni da fulmine inferti: 10..70. Penetrazione armatura: 25%. Condizione inflitta a tutti i nemici adiacenti: Accecamento (1..5 secondi). Ti sposti all'istante verso il tuo obiettivo. Gli alleati possono essere un bersaglio.;2;8;22;6;0;5;1;5;0;0;1;0;5;0;0;
837;Soccorso d'Energia;Energiesegen;Incantesimo d'Élite. (Secondi: 36..60.) La tua Salute massima e quella dell'obiettivo alleato aumenta di 1..3 per ogni punto dell'Energia massima. Effetto iniziale: Ottienete entrambi 1..12 Punti Energia. Ottieni +1 di Energia per ogni 2 punti nella Riserva d'Energia.;2;12;23;6;0;10;1;12;0;0;1;0;0;0;0;
838;Sofferenza di Dwayna;Dwaynas Leid;Incantesimo. Incanta gli alleati vicini al tuo obiettivo (30 secondo[i]). Cure alla squadra ogni volta che uno di questi alleati muore: 5..50.;2;13;23;3;0;5;1;5;0;0;0;0;0;0;0;
839;"Ritirata!";"Rückzug!";Urlo. (Secondo[i]: 5..11). La velocità di movimento degli alleati a portata d'orecchio aumento di un 33%. Non ha effetti se non ci sono alleati morti a portata d'orecchio.;2;21;20;1;0;5;0;20;0;0;0;0;0;0;0;
840;Cuore Avvelenato;Vergiftetes Herz;Magia. Condizione inflitta ai nemici adiacenti: Avvelenamento (secondi: 5..15). Verrai avvelenato anche tu.;3;7;22;4;0;5;.25;12;0;0;0;0;0;0;0;
841;Terreno Fetido;Stinkender Boden;Magia. Danni da freddo inferti: 15..65. Condizione inflitta se l'obiettivo nemico è abbattuto: Veleno (5..20 secondo[i]).;2;5;22;4;0;5;.75;10;0;0;0;0;0;0;0;
842;Fulmine ad Arco;Blitzbogen;Magia. Danni da fulmine inferti: 5..40. Infligge 15..85 danni da fulmine a due nemici nelle vicinanze se sei sotto Sforzo. Penetrazione armatura: 25%.;2;8;22;6;0;5;1.5;8;0;0;0;0;0;0;0;
843;Folata;Böe;Incantesimo d'Élite. (5..11 secondo/i). Tu e il bersaglio alleato vi muovete il 33% più velocemente. Effetto iniziale: i nemici adiacenti a te e all'alleato subiscono 15..70 danni da freddo. I nemici che stanno attaccando o muovendo vengono atterrati.;2;8;23;6;0;10;.75;15;0;0;1;0;0;0;0;
844;Terra in Fermento;Aufgeworfene Erde;Magia. Infligge 10..40 danni da terra al secondo (5 secondi). Colpisce i nemici vicini alla posizione iniziale dell'obiettivo. Provoca abbattimento ai nemici più veloci del normale.;2;9;22;6;0;15;2;30;0;0;0;0;0;0;0;
845;Fiamma Liquida;Flüssige Flamme;Magia. Danni da fuoco inferti: 7..112. Danni da fuoco ai nemici vicini al tuo obiettivo se questi sta attaccando o lanciando magie: 7..112.;3;10;22;6;0;10;1;15;0;0;0;0;0;0;0;
846;Vapore;Dampf;Magia. Infligge 20..60 danni da freddo. Infligge la condizione Cecità (5..10 secondi) e 20..60 danni da freddo se il bersaglio sta bruciando.;3;11;22;6;0;5;1;8;0;0;0;0;0;0;0;
847;Sigillo del Soccorso;Siegel des Segens;Sigillo d'Élite. Cure: 20..80. Cure impartite ad un obiettivo alleato dalla tua prossima magia di Preghiere Curative o Preghiere Protettive: 20..100.;2;16;21;3;0;0;1;6;0;0;1;0;0;0;0;
848;Inverti Fattura;Verhexung umkehren;Incantesimo. (Secondi: 5..10) Rimuove una fattura dall'obiettivo (un alleato o te stesso). Riduzione del prossimo danno ricevuto da questo alleato: 5..50. Ha effetto solo se questo alleato è sotto fattura.;2;15;23;3;0;10;.25;10;0;0;0;0;0;0;0;
849;Fendente Lacerante;Zerfetzender Hieb;Attacco con Ascia. Danni inferti: +5..20. Condizione inflitta se l'obiettivo nemico è abbattuto: Emorragia (5..20 secondo[i]).;2;18;4;1;0;0;0;0;4.8;0;0;0;0;0;0;
850;Colpo Feroce;Erbitterter Schlag;Attacco con Martello. Danni inferti: +5..20. Condizione inflitta se l'obiettivo nemico è affetto da Debolezza: Ferita Profonda (1..8 secondo[i]).;2;19;8;1;0;0;0;0;5.6;0;0;0;0;0;0;
851;Fendente Sole e Luna;Sonne-Mond-Hieb;Attacco con Spada. Attacchi l'obiettivo nemico due volte. Non bloccabile.;2;20;10;1;0;0;0;0;8;0;0;0;0;0;0;
852;Tiro Scheggia;Splitterschuss;Attacco con Arco. Infligge +3..15 danni. Infligge 5..65 danni ai nemici nell'area se viene bloccato.;2;25;2;2;0;10;0;5;0;0;0;0;0;0;0;
853;Tiro di Melandru;Melandrus Schuss;Attacco con Arco d'Élite. Condizione inflitta: Emorragia (5..25 secondi). Per obiettivi nemici in movimento o abbattuti: Danni inferti: +10..25. Condizione inflitta: Storpiatura (5..15 secondi).;2;25;2;2;0;5;1;8;0;0;1;0;0;0;0;
854;Tagliola;Schlinge;Trappola. (Secondi: 90) Ha effetto sui nemici nei dintorni. Condizione inflitta: Storpiatura (3..15 secondo[i]). Facile interruzione.;2;24;30;2;0;5;1.5;15;0;0;0;0;0;0;0;
858;Pugnali Danzanti;Tanzende Dolche;Magia a Portata Dimezzata. Tre proiettili. Danni da terra inferti da ognuno: 5..35. Vale come attacco con arma primaria.;2;30;22;7;0;5;1;5;0;0;0;0;0;0;0;
859;Evoca Incubo;Alptraum beschwören;Fattura. (Secondi: 2..16). Degenerazione Salute: -8.;2;1;24;5;0;15;1;5;0;0;0;0;0;0;0;
860;Sigillo del Disturbo;Siegel der Unterbrechung;Sigillo. Interrompe una magia. Se l'obiettivo nemico è colpito da fattura, interrompe qualsiasi abilità. Effetto dell'interruzione: 10..51 danni inferti.;2;2;21;5;0;0;.25;15;0;0;0;0;0;0;0;
862;Sguardo Famelico;Heißhungriger Blick;Magia d'Élite. Infligge 20..40 danni e sottrae 20..40 Punto[i] Salute dall'obiettivo nemico e da tutti i nemici nei dintorni.;3;4;22;4;0;1;1;10;0;8;1;0;0;0;0;
863;Ordine dell'Apostasia;Orden der Abtrünnigkeit;Incantesimo d'Élite. Incanta tutti i membri della squadra (5 secondi). Questi membri della squadra rimuovono un incantesimo quando assestano danni fisici. Costo di rimozione: per ogni incantesimo del Mistico perdi un 10..3% di Salute massima.;2;7;23;4;0;25;2;0;0;0;1;0;0;0;0;
864;Sguardo Oppressivo;Repressiver Blick;Magia. Danni inferti all'obiettivo e ai nemici adiacenti: 10..30. Infligge Avvelenamento e Debolezza (3..12 secondo[i] su nemici già affetti da una condizione.;2;4;22;4;0;10;1;10;0;0;0;0;0;0;0;
865;Martello Fulminante;Blitzhammer;Magia. Danni da fulmine inferti: 10..100. Condizione inflitta: Armatura Incrinata (5..20 secondi). Penetrazione armatura: 25%.;2;8;22;6;0;25;2;4;0;0;0;0;0;0;0;
866;Lama del Vapore;Dunstklinge;Magia. Danni da freddo inferti: 15..135. Danno dimezzato se l'obiettivo nemico è sotto incantesimo.;2;11;22;6;0;5;1.5;7;0;0;0;0;5;0;0;
867;Luce di Guarigione;Heilendes Licht;Magia d'Élite. Cure: 40..120. Energia conseguita se l'obiettivo alleato è sotto incantesimo: 1..3.;2;13;22;3;0;5;.75;4;0;0;1;0;0;0;0;
869;"Vigliacco!";"Feigling!";Urlo d'Élite. Provoca abbattimento se l'obiettivo nemico si sta muovendo.;2;-1;20;1;0;0;0;2;4;0;1;0;0;0;0;
870;Pestilenza;Pestilenz;Rituale della Natura. Crei uno Spirito di livello 1..10 (in vita per 30..180 secondo[i]). Quando una creatura nella portata muore, le condizioni di cui soffriva si diffondono sulle creature nell'area già affette da una condizione. Non ha effetto sugli Spiriti.;3;24;19;2;0;5;2;60;0;0;0;0;0;0;0;
871;Canto Ombroso;Schattengesang;Rituale Incatenante. Crei uno spirito di livello 1..10 (in vita per 30 secondi). Danni inferti: 5..20. Condizione inflitta: Accecamento (1..6 secondi).;2;32;18;8;0;15;1;30;0;0;0;0;0;0;0;
876;Sigillo delle Ombre;Siegel der Schatten;Sigillo. Danni inferti: 5..35. Assesta 15..60 danno[i] in più se l'obiettivo nemico è affetto da Accecamento.;2;30;21;7;0;0;1;15;0;0;0;0;0;0;0;
877;Equilibrio di Lyssa;Lyssas Ausgleich;Magia. Rimuove un incantesimo dall'obiettivo nemico. Ha effetto solo se hai più incantesimi di questo nemico.;2;-1;22;5;0;5;1;15;0;0;0;0;0;0;0;
878;Visioni di Rimpianto;Visionen des Bedauerns;Fattura d'Élite. Colpisce con una fattura anche i nemici adiacenti all'obiettivo (10 secondi). Tali nemici subiscono 15..45 danni ogni volta che utilizzano un'abilità e 5..50 danni aggiuntivi se non sono sotto l'effetto di un'altra fattura dell'Ipnotizzatore.;3;2;24;5;0;10;2;20;0;0;1;0;0;0;0;
879;Illusione del Dolore;Illusion der Schmerzen;Fattura. (Secondi: 8). Degenerazione Salute causata: -3..10. Danno[i] al secondo subiti dall'obiettivo nemico: 3..10. Effetto al termine: il nemico viene curato di 36..120 Punto[i] Salute.;2;1;24;5;0;10;2;5;0;0;0;0;0;0;0;
880;Velocità Sottratta;Gestohlene Eile;Fattura d'Élite. Colpisce con una fattura anche i nemici adiacenti (1..10 secondi). Raddoppia il tempo di lancio delle magie. Riduzione del tempo di lancio delle magie tue e dei tuoi alleati contro i nemici colpiti da fattura: -50%.;2;0;24;5;0;5;1;12;0;0;1;0;0;0;0;
881;Sigillo dell'Etere;Äther-Siegel;Sigillo. Energia conseguita: 10..20. Ha effetto solo se la tua Energia è inferiore a 5..10.;2;3;21;5;0;0;1;45;0;0;0;0;0;0;0;
882;Sigillo del Disincanto;Siegel der Entzauberung;Sigillo. Rimuove un incantesimo. Perdi tutta l'Energia.;2;-1;21;5;0;0;1;15;0;0;0;0;0;0;0;
883;Afonia;Stimmminderheit;Fattura. Infligge fattura anche ai nemici vicini all'obiettivo (5..20 secondo[i]). Questi nemici non possono usare urla o canti.;3;7;24;4;0;10;1;20;0;0;0;0;0;0;0;
884;Fiamme Scottanti;Versengende Flammen;Magia d'Élite. Colpisce i nemici vicini all'obiettivo. Danni da fuoco inferti ai nemici affetti da Bruciatura: 10..100. Infligge Bruciatura (1..7 secondi) ai nemici non infuocati.;3;10;22;6;0;15;1;2;0;0;1;0;0;0;0;
885;Guardiano Scudo;Schildwächter;Incantesimo. (Secondi: 2..6.) I membri della squadra a portata d'orecchio hanno un 75% di probabilità di bloccare gli attacchi. Effetto del blocco: gli alleati a portata d'orecchio vengono curati di 10..40 punti e il Guardiano Scudo termina.;2;15;23;3;0;5;1.5;20;0;0;0;0;0;0;0;
886;Brezza Riposante;Beruhigender Hauch;Incantesimo. (Secondi: 8..18) Rigenerazione Salute: +10. Termina se l'obiettivo alleato attacca o usa un'abilità.;3;13;23;3;0;5;1;8;0;0;0;0;0;0;0;
887;Sigillo del Ringiovanimento;Siegel der Verjüngung;Sigillo. Cure: 15..75. Cura di 15..75 Punto[i] Salute in più se l'obiettivo sta lanciando una magia o attaccando.;2;13;21;3;0;0;1;8;0;0;0;0;0;0;0;
888;Ascia Roteante;Wirbelnde Axt;Attacco d'Élite con Ascia. Danni inferti: +5..20. Rimuove una posizione. Non bloccabile.;2;18;4;1;0;0;0;0;4;0;1;0;0;0;0;
889;Colpo Vigoroso;Energischer Schlag;Attacco d'Élite con Martello. Danni inferti: +10..30. Rimuove la posizione dell'obiettivo nemico. Condizione inflitta: Debolezza (5..20 secondo[i]). Non bloccabile.;2;19;8;1;0;0;0;0;4.8;0;1;0;0;0;0;
891;"Non si passa!";"Niemand darf vorbei!";Urlo. Abbatte tutti i nemici in movimento nei dintorni. Questa abilità si ricarica 1..8 secondo[i] più velocemente per ogni nemico affetto (max 25 secondo[i]).;2;21;20;1;0;5;0;45;0;0;0;0;0;0;0;
892;Lama Fremente;Zitternde Klinge;Attacco d'Élite con Spada. Danni inferti: +10..40. Condizione inflitta se l'obiettivo nemico si stava muovendo: Stordimento (10 secondo[i]).;2;20;10;1;0;0;0;0;4;0;1;0;0;0;0;
893;Frecce Cercanti;Suchende Pfeile;Preparazione. (Secondi: 3..14) Le tue frecce non sono bloccabili. Termina se non colpisci.;2;25;17;2;0;10;2;15;0;0;0;0;0;0;0;
898;Sovraccarico;Überlastung;Fattura. (5 secondo/i). Provoca -1..3 degenerazione della Salute. Se il bersaglio sta usando un'abilità, subisce 15..75 danni, e tutti i nemici adiacenti subiscono il 75% di quei danni.;2;2;24;5;0;5;.25;5;0;0;0;0;0;0;0;
899;Immagini del Rimorso;Bilder der Reue;Fattura. (Secondi: 5..10) Degenerazione Salute: -1..3. Effetto iniziale: 10..52 danno[i] se l'obiettivo nemico sta attaccando.;2;1;24;5;0;5;1;5;0;0;0;0;0;0;0;
900;Fardello Condiviso;Geteilte Bürde;Fattura d'Élite. Maledice anche i nemici nell'area del tuo bersaglio (5..20 secondo/i). Questi nemici attaccano, scagliano incantesimi e si muovono del 50% più lentamente.;2;1;24;5;0;5;2;15;0;0;1;0;0;0;0;
901;Lega Anima;Seelenfessel;Fattura d'Élite. (Secondi: 30) Ogni volta che l'obiettivo nemico viene curato, chi ha impartito le cure subisce 20..80 danno[i]. Termina se l'obiettivo è affetto da una fattura delle Preghiere Punitive.;2;7;24;4;0;10;1;5;0;0;1;0;0;0;0;
902;Sangue dell'Aggressore;Blut des Aggressoren;Magia. Sottrazione Salute: 5..45. Infligge Debolezza (3..12 secondo[i] se l'obiettivo nemico stava attaccando.;3;4;22;4;0;5;1;5;0;0;0;0;0;0;0;
903;Prisma di Ghiaccio;Eisprisma;Magia. Danni da freddo inferti: 15..75. Infligge +15..75 danni da freddo a tutti i nemici nelle vicinanze se l'obiettivo ha una fattura Magia dell'Acqua.;2;11;22;6;0;5;1;5;0;0;0;0;5;0;0;
904;Ascia Furiosa;Zornige Axt;Attacco con Ascia. Danni inferti: +5..35. Se bloccato ti dà 3 dosi di adrenalina.;2;18;4;1;0;5;0;6;0;0;0;0;0;0;0;
905;Colpo Propizio;Günstiger Schlag;Attacco con Martello. Danni inferti: +5..20. Ottieni 3..8 Punto[i] Energia. Non bloccabile se l'obiettivo nemico è affetto da Debolezza.;2;19;8;1;0;0;0;0;4.8;0;0;0;0;0;0;
906;"In Ginocchio!";"Auf Eure Knie!";Urlo. Ricarica tutte le tue posizioni se sei adiacente ad un nemico abbattuto. Perdi tutta l'adrenalina.;2;-1;20;1;0;0;0;0;6;0;0;0;0;0;0;
907;Fendente del Drago;Drachenhieb;Attacco d'Élite con Spada. Danni inferti: +10..40. Ottieni 1..5 dose[i] di adrenalina se va a segno.;2;20;10;1;0;0;0;0;7;0;1;0;0;0;0;
908;Tiro del Brigante;Plünderer-Schuss;Attacco con Arco. Danni inferti: +25..55. Se questo attacco va a segno le tue abilità (esclusi gli attacchi) sono disattivate (5 secondo[i]).;2;25;2;2;0;5;0;6;0;0;0;0;0;0;0;
909;Tiro Focalizzato;Scharfschuss;Attacco con Arco. Deals +10..40 damage. Unblockable. This shot moves three times faster.Your other attack skills are disabled (8..4 seconds).;2;25;2;2;0;5;0;8;0;0;0;0;0;0;0;
910;Voragine Fantasma;Geisterriss;Magia. Dopo 3 secondo[i], colpisce i nemici adiacenti alla posizione iniziale dell'obiettivo. Danni da fulmine inferti: 25..125. Condizione inflitta: Armatura Incrinata (1..20 secondo[i]).;2;34;22;8;0;10;2;5;0;0;0;0;0;0;0;
911;Unione;Vereinigung;Rituale Incatenante. Crea uno spirito di livello 1..12 (in vita per 30..60 secondi). Ogni volta che un Alleato (Spiriti esclusi) nel suo raggio di azione subisce danni o sottrazione salute, questi vengono ridotti di 15 e lo Spirito subisce 15 di danni.;2;32;18;8;0;15;.75;45;0;0;0;0;0;0;0;
913;Tanasen era Tranquillo;Ruhig war Tanasen;Magia d'Élite Altera-oggetto. (Secondi: 5..20) Armatura: +10..25. Non puoi essere interrotto.;2;33;25;8;0;5;1;15;0;0;1;0;0;0;0;
914;Consuma Anima;Seele verzehren;Magia d'Élite. Ruba 5..70 Salute. Infligge 25..125 danni alle creature ostili evocate a portata d'orecchio del nemico bersaglio.;2;36;22;8;0;5;1;5;0;0;1;0;0;0;0;
915;Luce dello Spirito;Geisterlicht;Magia. Cure: 60..180. Non sacrifichi Salute se sei a portata d'orecchio di qualche Spirito.;2;33;22;8;0;5;1;4;0;17;0;0;0;0;0;
916;Lamento;Wehklage;Fattura. La fattura viene lanciata anche sui nemici adiacenti all'obiettivo (secondi: 5..20). Degenerazione Salute: -0..3. Effetto iniziale: se ti trovi nella portata d'orecchio di uno spirito o di un cadavere, infligge 10..50 di danni ai nemici adiacenti.;2;34;24;8;0;10;1;15;0;0;0;0;0;0;0;
917;Distruggi Anima;Seele zerreißen;Magia. Annienta lo Spirito alleato selezionato. Assesta 50..140 danno[i] da fulmine e provoca Accecamento (3..12 secondo[i]) ai nemici nei dintorni.;2;36;22;8;0;10;.75;5;0;0;0;0;0;0;0;
918;Da Spirito a Carne;Geist zu Fleisch;Magia a Tocco. Annienta lo Spirito alleato toccato. Cure per gli alleati nei dintorni: 30..240.;2;36;22;8;0;10;.75;15;0;0;0;0;0;0;0;
919;Bruciatura dello Spirito;Geisterbrand;Magia. Danni da fulmine inferti: 5..50. Infligge condizione Bruciatura (1..5 secondo[i] se ti trovi entro la portata d'orecchio di uno spirito.;2;34;22;8;0;5;1;6;0;0;0;0;0;0;0;
920;Distruzione;Vernichtung;Rituale Incatenante. Crea uno spirito di livello 1..14 con 30 secondi di vita. Alla morte dello Spirito, tutti i nemici nell'area subiscono 5..25 di danno per ogni secondo in cui è rimasto in vita (max 150 di danno).;2;34;18;8;0;10;.75;20;0;0;0;0;0;0;0;
921;Dissonanza;Missklang;Rituale Incatenante. Crei uno Spirito di livello 1..12 (in vita per 10..25 secondo[i]). Danno inferto dai suoi attacchi: 5..20. interrompe le azioni.;2;32;18;8;0;25;1;45;0;0;0;0;0;0;0;
923;Disincanto;Entzauberung;Rituale Incatenante. Crei uno Spirito di livello 1..12 (in vita per 10..35 secondo[i]). Se attacca assesta 5..20 danno[i] e rimuove un incantesimo.;2;32;18;8;0;15;1;30;0;0;0;0;0;0;0;
925;Richiamo;Rückruf;Incantesimo. Effetto al termine: compi un Passo nell'Ombra verso l'obiettivo alleato. Impossibile selezionare se stessi. Quando termina disattiva tutte le tue abilità per 3 secondo[i].;2;-1;23;7;-1;10;1;10;0;0;0;0;0;0;0;
926;Affila Pugnali;Dolche wetzen;Incantesimo. (Secondi: 5..30). Condizione inflitta dagli attacchi con pugnale: Emorragia (secondi: 5..15).;2;35;23;7;0;5;.5;20;0;0;0;0;0;0;0;
927;Timore Infame;Schändliche Angst;Fattura. (10 secondo[i]). L'obiettivo nemico subisce 5..20 danno[i] al secondo mentre si muove ma si muove con velocità superiore del 10%.;2;30;24;7;0;10;1;10;0;0;0;0;0;0;0;
928;Coltre Ombrosa;Schattenschleier;Fattura d'Élite. (Secondi: 3..9) L'obiettivo nemico non può ricevere incantesimi.;2;31;24;7;0;5;.25;20;0;0;1;0;0;0;0;
929;Ombra della Fretta;Schatten der Eile;Posizione. (Secondi: 10..40) Incremento tua velocità di movimento: 15%. Effetto al termine: torni nel punto di partenza.;2;31;29;7;0;5;0;45;0;0;0;0;0;0;0;
930;Incanto Propizio;Günstige Beschwörung;Incantesimo. (Secondi: 20) La tua prossima magia ti restituisce un 110..200% del suo costo energetico. Quella magia impiega 10..5 secondo[i] in più per ricaricarsi.;2;3;23;5;0;5;1;20;0;0;0;0;0;0;0;
931;Ritorno di Potere;Kraftrevanche;Magia. Interrompe una magia o un canto. Effetto dell'interruzione: l'obiettivo nemico ottiene 10..5 Punti Energia.;2;0;22;5;0;5;.25;7;0;0;0;0;0;0;0;
932;Complicazione;Erschweren;Magia. Interrompe un'abilità. Effetto dell'interruzione: disattiva l'abilità interrotta (+5..12 secondi) per l'obiettivo nemico e tutti i nemici nei dintorni.;2;2;22;5;0;10;.25;20;0;0;0;0;0;0;0;
933;Tempesta Distruttrice;Sturm zerschlagen;Magia d'Élite. Rimuove tutti gli incantesimi. Costo di rimozione: Tempesta Distruttrice viene disattivata per +7 secondo[i] per ogni incantesimo rimosso.;2;-1;22;5;0;10;1;0;0;0;1;0;0;0;0;
934;Sigillo Innaturale;Unnatürliches Siegel;Sigillo. Danni inferti: 15..75. Se l'obiettivo era sotto gli effetti di una fattura o di un incantesimo, infligge 5..50 danni ai nemici adiacenti.;2;2;21;5;0;0;1;10;0;0;0;0;0;0;0;
935;Bile Crescente;Hochkommende Galle;Fattura. (Secondi: 20) Effetto al termine: assesta 1..6 danno[i] per ogni secondo di attività di Bile Crescente. Danneggia anche gli altri nemici nell'area.;2;5;24;4;0;10;1;20;0;0;0;0;0;0;0;
936;Avvelena Incantesimi;Verzauberungen vergiften;Magia. Rimuove un incantesimo dall'obiettivo nemico. Condizione inflitta: Veleno (3..10 secondo[i] per ogni incantesimo rimasto su quel nemico).;3;7;22;4;0;5;1;15;0;0;0;0;0;0;0;
937;Onda d'Urto;Stoßwelle;Magia d'Élite. I nemici nell'area subiscono 15..60 danni da terra e soffrono di Debolezza (1..10 secondi). Anche i nemici nei dintorni subiscono +15..60 danni da terra e Armatura Incrinata (1..10 secondi). I nemici adiacenti subiscono +15..60 danni da terra e vengono accecati (1..10 secondi).;2;9;22;6;0;10;1;15;0;0;1;0;0;0;0;
938;Guardia della Stabilità;Kreis der Stabilität;Guardia. (Secondi: 10..25.) Gli alleati in questa Guardia non possono essere abbattuti. Non ha effetto sugli Spiriti alleati.;2;9;26;6;0;10;1;30;0;0;0;0;0;0;0;
939;Catene di Ghiaccio;Eisfesseln;Fattura d'Élite. (Secondi: 1..10.) La velocità dell'obiettivo nemico è ridotta di un 66%. La sua velocità rallenta di un 90% se sotto incantesimo.;3;11;24;6;0;10;1;12;0;0;1;0;0;0;0;
941;Luce Benedetta;Gesegnetes Licht;Magia d'Élite. Cure: 10..120. Rimuove una condizione e una fattura.;2;16;22;3;0;5;.75;5;0;0;1;0;0;0;0;
942;Spezzafatture;Verhexungen zurücknehmen;Magia d'Élite. Rimuove tutte le fatture. Coinvolge anche gli alleati adiacenti. Costo di rimozione: +2 secondo/i di ricarica per ogni fattura rimossa. Probabilità di fallimento del 50% se non si possiede almeno 5 in Favore divino).;2;16;22;3;0;5;1;5;0;0;1;0;0;0;0;
943;Estinzione;Löschen;Magia. Ha effetto su tutti i membri della squadra. Rimuove una condizione. Cure per i membri della squadra ai quali viene rimossa Bruciatura: 10..100.;2;15;22;3;0;15;1;12;0;0;0;0;0;0;0;
944;Sigillo della Forza;Siegel der Stärke;Sigillo. I tuoi attacchi infliggono +5 danno[i]. Termina dopo 1..16 attacchi.;2;17;21;1;0;0;1;45;0;0;0;0;0;0;0;
946;Concentrazione del Cacciatore;Fokus des Fallenstellers;Preparazione d'Élite. (Secondi: 12..36) Le tue trappole diventano difficili da interrompere. Incremento attributo Sopravvivenza nella Natura: +0..4.;2;23;17;2;0;5;2;12;0;0;1;0;0;0;0;
947;Rovi;Dornenranken;Rituale della Natura. Crei uno Spirito di livello 1..10 (in vita per 30..240 secondo[i]). Le creature abbattute ricevono 5 danni e soffrono di Emorragia (5..20 secondo[i]). Non ha effetto sugli Spiriti.;2;24;19;2;0;10;2;60;0;0;0;0;0;0;0;
948;Colpo Disperato;Verzweifelter Stoß;Attacco con Arma Primaria. Assesta +15..60 danno[i] se la tua Salute è inferiore a 50..80%.;2;29;5;7;0;5;0;6;0;0;0;0;0;0;0;
949;Potere della Volpe;Weg des Fuchses;Incantesimo. (Secondi: 10..35) I tuoi attacchi non sono bloccabili. Termina dopo 1..6 attacchi.;2;31;23;7;0;5;.25;30;0;0;0;0;0;0;0;
950;Fardello d'Ombra;Schattenbürde;Fattura. (Secondi: 3..15) Rallentamento movimenti dell'obiettivo nemico: 25%. Riduzione sua armatura contro i tuoi attacchi: -20..30 La riduzione dell'armatura ha effetto solo se il nemico non è affetto da altre fatture..;2;31;24;7;0;10;.25;15;0;0;0;0;0;0;0;
951;Velocità risucchiante;Geschwindigkeitsentzug;Fattura. (5..15 secondo/i). Il bersaglio nemico si muove più lentamente del 33% e tu più velocemente del 33%. Si ricarica il 50% più velocemente se lanciato su un avversario in movimento.;2;30;24;7;0;5;1;30;0;0;0;0;0;0;0;
952;Peso della Morte;Angriff des Todes;Magia. Compi un Passo nell'Ombra verso l'obiettivo nemico. Ti curi di 65..200 se questo nemico ha più Salute di te.;2;31;22;7;0;5;.25;30;0;0;0;0;0;0;0;
953;Flusso di Potere;Kraftfluss;Fattura d'Élite. Interrompe una magia o un canto. Effetto dell'interruzione: -2 di Degenerazione Energia (4..10 secondi).;3;2;24;5;0;10;.25;15;0;0;1;0;0;0;0;
954;Scaccia Fatture;Verhexungen vertreiben;Magia d'Élite. Rimuove 2 fatture dall'obiettivo (un alleato o te stesso).;2;-1;22;5;0;5;1;8;0;0;1;0;0;0;0;
955;Squarcia Incantesimo;Verzauberung zerreißen;Magia. Incantesimi rimossi: 1. Effetto della rimozione: infligge Emorragia (5..25 secondo[i]).;3;7;22;4;0;5;1;15;0;0;0;0;0;0;0;
957;Scudo Magico;Zauberschild;Incantesimo. (Secondi: 5..20) Mentre lanci magie non puoi ricevere magie. Effetto al termine: le tue abilità sono disattivate (8..4 secondo[i]).;2;16;23;3;0;10;1;30;0;0;0;0;0;0;0;
958;Sussurro Curativo;Heilendes Geflüster;Magia a Portata Dimezzata. Cure: 40..100. Impossibile selezionare se stessi.;2;13;22;3;0;5;1;1;0;0;0;0;0;0;0;
959;Luce Eterea;Ätherisches Licht;Magia. Cure: 25..100. Facile interruzione.;2;13;22;3;0;5;1;5;0;0;0;0;0;0;0;
960;Libera Incantesimi;Verzauberungen freisetzen;Magia. Rimuove tutti i tuoi incantesimi. Cura tutti i membri della squadra di 5..35 per ogni incantesimo del Mistico rimosso.;2;16;22;3;0;5;.25;5;0;0;0;0;0;0;0;
961;Lacerazione;Zerfetzen;Rituale della Natura d'Élite. Crei uno Spirito di livello 1..10 (in vita per 30..240 secondo[i]). Degenerazione Salute delle creature nella portata affette da Emorragia: -2. Effetto al termine: provoca Emorragia (5..25 secondo[i]) alle creature nella portata che hanno meno del 90% di Salute. Non ha effetto sugli Spiriti.;2;22;19;2;0;10;2;15;0;0;1;0;0;0;0;
962;Trasferimento dello Spirito;Geistübertragung;Magia. Salute persa dallo Spirito più vicino a te: 5..50. Cura di 5 l'obiettivo alleato per ogni Punto Salute perso.;2;33;22;8;0;10;.25;5;0;0;0;0;0;0;0;
963;Ripristino;Wiederherstellung;Rituale Incatenante. Crei uno Spirito di livello 1..14 (in vita per 30 secondo[i]). Effetto al termine: resusciti i membri della squadra nell'area (Salute: 5..50%. Energia: 0).;2;32;18;8;0;10;1;30;0;0;0;0;0;0;0;
964;Arma Vendicatrice;Rachsüchtige Waffe;Magia Altera-arma. (Secondi: 8) Sottrae 15..60 Punti Salute dal nemico successivo che infligge danni o sottrazione vita a un obiettivo alleato.;2;33;27;8;0;5;.25;3;0;0;0;0;0;0;0;
973;Polvere Accecante;Blendpulver;Magia. Condizione inflitta all'obiettivo e ai nemici adiacenti: Accecamento (3..15 secondo[i]). Deve seguire un attacco con arma secondaria.;2;31;22;7;0;5;.25;20;0;0;0;0;0;0;0;
974;Tocco della mantide;Berührung der Fangschrecke;Abilità. Infligge la condizione Azzoppato (5..20 secondo/i). Questa abilità conta come un attacco con mano secondaria.;2;30;1;7;0;5;.75;10;0;0;0;0;0;0;0;
975;Assalto Estenuante;Ermüdender Angriff;Attacco Doppio[_]. Interrompe un'azione. Provoca 10 di Sforzo se l'azione interrotta era una magia. Deve seguire un attacco con arma primaria.;2;29;7;7;0;5;.5;8;0;0;0;0;0;0;0;
976;Colpo a Ripetizione;Wiederholender Schlag;Attacco con Arma Secondaria. Danni inferti: +10..30. Se manca l'obiettivo, il tempo di ricarica di questa abilità aumenta di +15. Deve seguire un attacco con arma secondaria.;2;29;6;7;0;5;0;0;0;0;0;0;0;0;0;
977;Potere del Loto;Weg des Lotus;Incantesimo. (Secondi: 20) Energia conseguita la prossima volta che metti a segno un attacco doppio: 5..20.;2;31;23;7;0;5;.25;20;0;0;0;0;0;0;0;
978;Segno dell'Instabilità;Zeichen der Unbeständigkeit;Fattura. (Secondi: 20) Provoca abbattimento la prossima volta che colpisci l'obiettivo nemico con un attacco doppio.;2;-1;24;7;0;10;.25;20;0;0;0;0;0;0;0;
979;Diffidenza;Argwohn;Fattura. (6 secondo/i). La prima magia scagliata dal bersaglio su uno dei tuoi alleati non va a segno, infliggendo 10..80 a quel nemico e il 75% di quei danni a tutti i nemici vicini.;3;2;24;5;0;10;2;12;0;0;0;0;0;0;0;
980;Banchetto di Anime;Schmaus der Seelen;Magia. Cura tutti i membri della squadra di 50..100 per ogni Spirito alleato nei dintorni. Tutti gli Spiriti alleati nei dintorni vengono distrutti.;2;36;22;8;0;5;.25;10;0;0;0;0;0;0;0;
981;Recupero;Erholung;Rituale Incatenante. Crei uno Spirito di livello 1..14 (in vita per 15..45 secondo[i]). Rigenerazione Salute per gli alleati (Spiriti esclusi) nella portata: +1..3.;2;33;18;8;0;25;.75;45;0;0;0;0;0;0;0;
982;Riparo;Unterschlupf;Rituale Incatenante. Crei uno Spirito di livello 1..12 (in vita per 30..60 secondo[i]). Gli alleati (Spiriti esclusi) nella sua portata non possono perdere più del 10% di Salute massima per un singolo attacco. Costo di prevenzione del danno: questo Spirito perde 75..45 Punto[i] Salute.;2;32;18;8;0;25;1;45;0;0;0;0;0;0;0;
983;Arma dell'Ombra;Schattenwaffe;Magia Altera-arma. (Secondi: 1..7). Condizione inflitta a chiunque attacchi l'alleato adiacente: Accecamento (5 secondi). Condizione inflitta da 1..3 attacchi successivi dell'obiettivo alleato: Accecamento (5 secondi) se colpiscono l'obiettivo.;2;33;27;8;0;10;1;20;0;0;0;0;0;0;0;
985;Triboli;Trittnägel;Magia a Portata Dimezzata. Inflicts Crippled and Bleeding conditions (5..15 seconds) on target and adjacent foes.;2;31;22;7;0;5;.25;10;0;0;0;0;0;0;0;
986;Colpo a Nove Code;Neunschwänziger Stoß;Attacco Doppio[_]. Danni inferti: +15..40. Non bloccabile. Deve seguire un attacco con arma secondaria.;2;29;7;7;0;5;0;8;0;0;0;0;0;0;0;
987;Potere del Palmo Vuoto;Weg der leeren Handfläche;Incantesimo d'Élite. (5..15 secondo/i). Gli attacchi con mano secondaria e con due armi non costano Energia e si ricaricano il 25..50% più rapidamente.;2;30;23;7;0;5;.25;10;0;0;1;0;0;0;0;
988;Colpo alle Tempie;Schläfenstoß;Attacco d'Élite con Arma Secondaria. Interrompe una magia. Condizioni inflitte: Stordimento e Accecamento (1..10 secondo[i]). Deve seguire un attacco con arma primaria.;2;29;6;7;0;15;0;20;0;0;1;0;0;0;0;
989;Colpo della Fenice Dorata;Goldener Phönix-Stoß;Attacco con Arma Secondaria. Danni inferti all'obiettivo: +10..30. Danni inferti ai nemici adiacenti: 10..30. Funziona solo se sei sotto incantesimo.;2;29;6;7;0;5;0;8;0;0;0;0;0;0;0;
990;Sopprimi Incantesimi;Verzauberungen ausmerzen;Abilità a Tocco. Rimuove un incantesimo per ogni abilità equipaggiata (attacchi esclusi). Tutte le tue abilità (esclusi gli attacchi) sono disattivate (8..4 secondo[i]).;2;30;1;7;0;10;.75;30;0;0;0;0;0;0;0;
991;Nega Fatture;Verhexungen zurückweisen;Magia. Rimuovi una fattura dall'obiettivo alleato e una fattura aggiuntiva per ogni abilità del Favore Divino equipaggiata che si sta ricaricando.;2;16;22;3;0;5;1;12;0;0;0;0;0;0;0;
992;Fendente Triplo;Dreifachhieb;Attacco d'Élite con Ascia. Danni inferti: +10..40. Colpisce anche i nemici adiacenti.;2;18;4;1;0;5;0;10;0;0;1;0;0;0;0;
993;Percossa Furiosa;Erzürnter Schlag;Attacco d'Élite con Martello. Adrenalina se vai a segno: 1..4. Assesta +10..40 danno[i] e provoca abbattimento se il tuo obiettivo era in movimento.;2;19;8;1;0;5;0;5;0;0;1;0;0;0;0;
994;Percossa Rinnovatrice;Erneuernder Schlag;Attacco con Martello. Danni inferti: +10..40. Ottieni 3 Punto[i] Energia e questo attacco si ricarica istantaneamente se il nemico è a terra.;2;19;8;1;0;5;1;30;0;0;0;0;0;0;0;
995;Posizione della Tigre;Tigerhaltung;Posizione. (Secondi: 4..10) Incremento tua velocità d'attacco: 33%. Termina se non colpisci.;2;17;29;1;0;5;0;20;0;0;0;0;0;0;0;
996;Fendente in Posizione;Stehender Hieb;Attacco con Spada. Danni inferti: +5..20. Assesta 5..20 danno[i] in più se ti trovi in posizione.;2;20;10;1;0;0;0;0;5.6;0;0;0;0;0;0;
997;Carestia;Hungersnot;Rituale della Natura d'Élite. Crei uno Spirito di livello 1..10 (in vita per 30..180 secondo[i]). Assesta 20..70 danno[i] alle creature nella portata la cui Energia scende a 0. Non ha effetto sugli Spiriti.;2;24;19;2;0;10;2;15;0;0;1;0;0;0;0;
1018;Occhio Critico;Kritisches Auge;Abilità. (Secondi: 10..35) Aumento probabilità di assestare un colpo critico: +3..15%. Ottieni 1 Punto[i] Energia ogni volta che metti a segno un colpo critico.;2;35;1;7;0;5;0;30;0;0;0;0;0;0;0;
1019;Colpo Critico;Kritischer Stoß;Attacco Doppio[_]. Danni inferti: +10..30. Colpo critico automatico. Energia conseguita: 1..3. Deve seguire un attacco con arma secondaria.;2;35;7;7;0;5;0;6;0;0;0;0;0;0;0;
1020;Lame d'Acciaio;Stahlklingen;Attacco Doppio[_]. Assesta +5..16 danno[i] (max 60) per ogni attacco con pugnale che si sta ricaricando. Deve seguire un attacco con arma secondaria.;2;29;7;7;0;5;0;8;0;0;0;0;0;0;0;
1021;Colpo della Giungla;Dschungelschlag;Attacco con Arma Secondaria. Infligge +10..25 danni. Infligge 1..31 danni al bersaglio e ai nemici adiacenti se il bersaglio è Azzoppato. Deve seguire un attacco di apertura.;2;29;6;7;0;5;.5;6;0;0;0;0;0;0;0;
1022;Colpo Selvaggio;Wilder Stoß;Attacco con Arma Secondaria. Danni inferti: +10..35. Rimuove la posizione dell'obiettivo nemico. Non può essere bloccato. Deve seguire un attacco con arma primaria.;2;29;6;7;0;5;0;4;0;0;0;0;0;0;0;
1023;Pungiglione della Mantide Saltante;Stich der springenden Mantis;Attacco con Arma Primaria. Danni inferti: +5..15. Condizione inflitta se l'obiettivo nemico si sta muovendo: Storpiatura (3..15 secondo[i]).;2;29;5;7;0;5;.5;8;0;0;0;0;0;0;0;
1024;Affondo della Mantide Nera;Stoß der schwarzen Mantis;Attacco con Arma Primaria. Danni inferti: +8..20. Condizione inflitta se l'obiettivo nemico è affetto da fattura: Storpiatura (3..15 secondo[i]).;2;29;5;7;0;5;1;6;0;0;0;0;0;0;0;
1025;Pugnalata Dirompente;Unterbrechender Dolchstoß;Attacco con Arma Primaria. Interrompe un'azione. Se interrompe una magia, la disattiva (3..10 secondo[i]).;2;29;5;7;0;5;0;10;0;0;0;0;0;0;0;
1026;Colpo del Loto Dorato;Goldener Lotus-Stoß;Attacco con Arma Primaria. Danni inferti: +5..20. Ottieni 5..8 Punto[i] Energia se sei affetto da incantesimo.;2;29;5;7;0;5;0;5;0;0;0;0;0;0;0;
1027;Difese Critiche;Kritische Verteidigungen;Incantesimo. (Secondi: 4..10) Tua probabilità di blocco: 75%. Rinnovo: ogni volta che assesti un colpo critico.;2;35;23;7;0;10;1;30;0;0;0;0;0;0;0;
1028;Potere della Perfezione;Weg der Perfektion;Incantesimo. (Secondi: 60). Punti Salute ottenuti dai colpi critici: 10..40.;2;31;23;7;0;5;.25;30;0;0;0;0;0;0;0;
1029;Apostasia Oscura;Dunkle Abtrünnigkeit;Incantesimo d'Élite. (Secondi: 3..17) I tuoi colpi critici rimuovono un incantesimo. Costo di rimozione: perdi 10..3 Punto[i] Energia o Apostasia Oscura termina.;2;35;23;7;0;10;.25;15;0;0;1;0;0;0;0;
1030;Furia della Locusta;Wut der Heuschrecke;Incantesimo d'Élite. (Secondi: 10..35) Tua probabilità di colpire doppiamente: +50%. Ha effetto solo se brandisci dei pugnali.;2;35;23;7;0;10;.5;10;0;0;1;0;0;0;0;
1031;Coltre d'Angoscia;Schleier des Kummers;Incantesimo. (Secondi: 30..60). Rigenerazione della Salute: +3..8. Probabilità di blocco: 75%. Ha effetto solo se la tua Salute è inferiore a un 50%.;2;31;23;7;0;10;1;45;0;0;0;0;0;0;0;
1032;Cuore d'Ombra;Herz der Schatten;Magia. Ti curi di 30..150 e compi un Passo nell'Ombra verso un punto a caso nei dintorni allontanandoti dall'obiettivo.;2;31;22;7;0;5;.25;15;0;0;0;0;0;0;0;
1033;Stilettata;Aufspießen;Abilità. Danni da terra inferti: 25..100. Condizione inflitta: Ferita Profonda (5..20 secondo[i]). Deve seguire un attacco doppio.;2;30;1;7;0;5;1;15;0;0;0;0;0;0;0;
1034;Ferita Sanguinante;Eiternde Wunde;Fattura d'Élite. (Secondo[i]: 1..7). La velocità dell'obiettivo nemico è ridotta di un 33%. Tale nemico subisce 5..25 danni al secondo se affetto da una condizione.;2;35;24;7;0;10;.25;10;0;0;1;0;0;0;0;
1035;Promessa dell'Assassino;Versprechen des Assassinen;Fattura d'Élite. (Secondi: 5..15) Ottieni 5..20 Punto[i] Energia e tutte le tue abilità si ricaricano se l'obiettivo nemico muore.;2;30;24;7;0;5;.75;45;0;0;1;0;0;0;0;
1036;Sigillo della Malizia;Siegel der Bosheit;Sigillo. Perdi una condizione per ogni condizione sofferta dall'obiettivo nemico.;2;-1;21;7;0;0;.25;5;0;0;0;0;0;0;0;
1037;Fuga nell'Oscurità;Dunkle Flucht;Posizione. (Secondi: 5..15) Incremento tua velocità di movimento: 25%. Ricevi la metà dei danni. Termina se un tuo attacco va a segno.;2;31;29;7;0;5;0;30;0;0;0;0;0;0;0;
1038;Pugnale Azzoppante;Verkrüppelnder Dolch;Magia a Portata Dimezzata. Proiettile. Danni da terra: 15..60. Condizione inflitta se l'obiettivo nemico si sta muovendo: Storpiatura (3..15 secondo[i]).;2;30;22;7;0;5;1;5;0;0;0;0;0;0;0;
1040;Cammino dello Spirito;Geistermarsch;Magia. Compi un Passo nell'Ombra verso lo Spirito preso di mira.;2;-1;22;7;0;5;.25;8;0;0;0;0;0;0;0;
1041;Furia Invisibile;Unsichtbare Wut;Posizione. Condizione inflitta ai nemici adiacenti: Accecamento (secondi: 3..10). Non puoi essere bloccato dai nemici accecati (secondi: 10..30).;2;31;29;7;0;5;0;20;0;0;0;0;0;0;0;
1042;Lame Scintillanti;Blitzende Klingen;Posizione d'Élite. (Secondi: 5..30) Probabilità di blocco mentre attacchi: 75%. Effetto del blocco: 5..20 danno[i] al tuo aggressore.;2;29;29;7;0;10;0;30;0;0;1;0;0;0;0;
1043;Slancio;Preschen;Posizione. (Secondi: 3) Incremento tua velocità di movimento: 50%.;2;31;29;7;0;5;0;8;0;0;0;0;0;0;0;
1044;Prigione Oscura;Dunkles Gefängnis;Fattura. Compi un Passo nell'Ombra verso l'obiettivo nemico. Rallentamento suoi movimenti: 33% (1..6 secondo[i]).;2;30;24;7;0;10;.25;30;0;0;0;0;0;0;0;
1045;Schiaffo;Handflächenschlag;Abilità d'Élite a Tocco. Danni inferti: +10..65. Condizione inflitta: Storpiatura (1..5 secondo[i]). Quest'abilità è considerata un attacco con arma secondaria.;2;35;1;7;0;5;.75;7;0;0;1;0;0;0;0;
1048;Incantesimo Rivelato;Enthüllte Verzauberung;Magia. Rimuove un incantesimo dall'obiettivo nemico. Effetto della rimozione: ottieni 3..15 Punto[i] Energia. Questa magia viene rimpiazzata con quell'incantesimo (20 secondi).;2;3;22;5;0;10;1;0;0;0;0;0;0;0;0;
1049;Fattura Rivelata;Enthüllte Verhexung;Magia. Rimuove una fattura dall'obiettivo (un alleato o te stesso). Effetto di rimozione: ottieni 4..10 Punto[i] Energia. Questa magia viene rimpiazzata con quella fattura (20 secondi).;2;3;22;5;0;5;1;0;0;0;0;0;0;0;0;
1052;Dolore Accumulato;Angehäufter Schmerz;Magia. Danni inferti: 15..75. Condizione inflitta se l'obiettivo è affetto da 2 o più fatture: Ferita Profonda (5..20 secondo[i]).;2;1;22;5;0;5;2;12;0;0;0;0;0;0;0;
1053;Distrazione Psichica;Übernatürliche Ablenkung;Magia d'Élite. Interrompe un'abilità. Effetto dell'interruzione: disattiva l'abilità interrotta (+5..12 secondi). Le tue altre abilità vengono disattivate per 8 secondi.;2;2;22;5;0;10;.25;2;0;0;1;0;0;0;0;
1054;Volto dell'Antenato;Antlitz des Ahnen;Incantesimo. (Secondi: 4..10) Tutti i nemici adiacenti perdono tutta l'adrenalina e 3 Punti Energia ogni volta che l'obiettivo (un alleato o te stesso) viene colpito da un attacco ravvicinato.;2;1;23;5;0;10;1;20;0;0;0;0;0;0;0;
1055;Insicurezza Ricorrente;Wiederkehrende Unsicherheit;Fattura d'Élite. (Secondi: 5). Degenerazione Salute: -1..6. Rinnovo: se l'obiettivo nemico è sotto gli effetti di un'altra fattura che si prolunga al termine dell'Insicurezza Ricorrente.;2;1;24;5;0;10;1;3;0;0;1;0;0;0;0;
1056;Fardello di Kitah;Kitahs Bürde;Fattura. (Secondi: 6..12) Rallentamento velocità di movimento dell'obiettivo nemico: 50%. Effetto al termine: ottieni 10..18 Punto[i] Energia.;2;1;24;5;0;15;1.5;30;0;0;0;0;0;0;0;
1057;Instabilità Psichica;Übernatürliche Labilität;Magia d'Élite. Interrompe un'azione. Effetto dell'interruzione: se l'azione è un'abilità, l'obiettivo nemico e tutti i nemici nei dintorni finiscono a terra per 2..4 secondi. 50% di probabilità di fallimento con Lancio Rapido inferiore al grado 5.;2;0;22;5;0;5;.25;20;0;0;1;0;0;0;0;
1059;Sigillo Mangiafattura;Verhexungsfresser-Siegel;Sigillo a Tocco. Rimuove una fattura dall'obiettivo e da 2..5 alleato[i] adiacente[i]. Effetto della rimozione: 1..4 Punto[i] Energia per ogni fattura rimossa.;2;3;21;5;0;0;1;15;0;0;0;0;0;0;0;
1061;Retroazione;Reaktion;Magia. Rimuove un incantesimo. Effetto della rimozione: l'obiettivo nemico perde 4..10 Punto[i] Energia.;2;3;22;5;0;10;1;30;0;0;0;0;0;0;0;
1062;Ruberia Arcana;Arkane Entwendung;Magia. (Secondi: 5..35) Disattiva una magia a caso. Questa abilità si trasforma in quella magia.;2;2;22;5;0;10;1;0;0;0;0;0;0;0;0;
1066;Deruba il Vincitore;Sieger plündern;Fattura d'Élite. (Secondi: 3..15) Salute persa ogni volta che l'obiettivo nemico attacca o lancia magie su una creatura con Salute inferiore: 25..100.;2;4;24;4;0;10;1;10;0;0;1;0;0;0;0;
1067;Colpo Devastavita;Lebensfluchstoß;Magia. Danni inferti: 12..48. Salute sottratta se la Salute dell'obiettivo nemico è superiore al 50%: 12..48.;2;4;22;4;0;10;2;15;0;0;0;0;0;0;0;
1068;Freddo Pungente;Bitterkalt;Magia. Danni da freddo inferti: 15..60. Si ricarica all'istante se l'obiettivo nemico aveva più Salute di te.;2;5;22;4;0;5;1;10;0;0;0;0;0;0;0;
1069;Sapore del Dolore;Geschmack der Schmerzen;Magia. Ti cura di 30..150. Ha effetto solo se la Salute dell'obiettivo nemico è inferiore al 50%.;2;5;22;4;0;5;.25;10;0;0;0;0;0;0;0;
1070;Contamina Incantesimi;Verzauberungen schänden;Magia. Danni all'obiettivo e ai nemici nei dintorni: 6..60. Assesta 4..20 danno[i] in più per ogni incantesimo presente su di loro.;2;7;22;4;0;10;2;15;0;0;0;0;0;0;0;
1071;Brividi di Terrore;Angstschauer;Fattura. (Secondi: 10..40) Il danno da freddo interrompe le abilità dell'obiettivo nemico. Costo dell'interruzione: perdi 8..3 Punto[i] Energia o questa fattura termina.;2;7;24;4;0;10;2;15;0;0;0;0;0;0;0;
1075;Sciame Vampirico;Vampirschwarm;Magia. Sottrazione Salute: 15..60. Colpisce altri 2 nemici nell'area.;2;4;22;4;0;15;2;8;0;0;0;0;0;0;0;
1076;Bevi Sangue;Bluttrinker;Magia. Sottrazione Salute: 20..65. Sei affetto da Emorragia (6 secondo[i]) se la sua Salute è superiore a 90%.;2;4;22;4;0;5;2;8;0;0;0;0;0;0;0;
1077;Morso del Vampiro;Vampirbiss;Abilità a Tocco. Sottrazione Salute: 29..74.;2;4;1;4;0;15;.75;2;0;0;0;0;0;0;0;
1078;Morso dello Sguazzatore;Suhlerbiss;Abilità a Tocco. Danni inferti: 20..58.;2;4;1;4;0;1;.75;3;0;10;0;0;0;0;0;
1079;Tocco Debilitante;Schwächende Berührung;Abilità a Tocco. Perdita Salute: 5..65. Condizione inflitta: Debolezza (5..20 secondo[i]).;2;7;1;4;0;5;.75;3;0;0;0;0;0;0;0;
1081;Vento di Teinai;Teinais Wind;Magia. Danni da freddo inferti: 10..40. Danno subito da nemici affetti da Bruciatura: 40..80. L'azione di questi nemici viene interrotta. Colpisce anche i nemici adiacenti.;2;8;22;6;0;10;1;8;0;0;0;0;0;0;0;
1082;Freccia dello Shock;Schockpfeil;Magia. Proiettile rapido: danni da fulmine inferti: 5..50. Energia conseguita se colpisci un nemico con Armatura Incrinata: 5 più 1 per ogni 2 gradi della Riserva di Energia. Penetrazione armatura: 25%.;2;8;22;6;0;5;1;8;0;0;0;0;0;0;0;
1083;Terreno Instabile;Schwankender Boden;Magia d'Élite. Danni da terra inferti al secondo: 10..40 (5 secondi). provoca abbattimento ai nemici all'attacco. Colpisce i nemici vicini alla posizione iniziale dell'obiettivo.;2;9;22;6;0;10;2;15;0;0;1;0;0;0;0;
1084;Armatura Scheggiante;Splitter-Rüstung;Incantesimo. (Secondi: 5..11.) Probabilità di blocco: 25..50%. Infligge 5..35 danni da terra ad un nemico nei dintorni ogni volta che sei il bersaglio di una magia ostile o di un attacco.;2;9;23;6;0;10;1;30;0;0;0;0;0;0;0;
1085;Esplosione di Cenere;Aschenexplosion;Fattura. Infligge 35..65 danni da terra. Durata della fattura subita dai nemici con Bruciatura: 5 secondi. Probabilità di mancare l'obiettivo: 20..75%. Colpisce anche i nemici adiacenti.;2;9;24;6;0;5;1;10;0;0;0;0;0;0;0;
1086;Passo del Drago;Drachenstampfer;Magia. Infligge 26..100 danni da terra. Provoca abbattimento. Colpisce anche i nemici vicino a questo nemico.;2;9;22;6;0;25;3;15;0;0;0;0;10;0;0;
1088;Seconda Opportunità;Zweite Chance;Magia d'Élite. Ottieni 1 Punti Energia e 5 Punti Salute per ogni punto Sforzo. Perdi tutti gli incantesimi.;2;-1;22;6;0;5;1;5;0;0;1;0;5;0;0;
1090;Brace Ardente;Glühende Kohle;Fattura. Danni da fuoco inferti all'obiettivo: 10..70. Fattura subita dal nemico se sei sotto Sforzo: 3 secondi. Danni da fuoco aggiuntivi per secondo: 5..25.;2;10;24;6;0;10;1.5;7;0;0;0;0;0;0;0;
1091;Drago Doppio;Doppeldrache;Incantesimo d'Élite. (Secondi: 8.) Incanta te e l'obiettivo alleato. I nemici adiacenti subiscono 10..40 danni da fuoco al secondo. Le abilità che prendono di mira un nemico infliggono anche Bruciatura (1..4 secondi).;2;10;23;6;0;10;1;15;0;0;1;0;0;0;0;
1093;Calore di Teinai;Teinais Hitze;Guardia. (Secondi: 10..15). Degenerazione Salute: -2..5. Riduzione velocità dei nemici indeboliti nell'area della guardia: - 33% Disabilitazione: 20 secondi.;2;10;26;6;0;15;1;20;0;0;0;0;0;0;0;
1094;Alito di Fuoco;Feueratem;Magia. Danni da fuoco inferti al secondo: 10..40 (5 secondi). Colpisce i nemici adiacenti alla posizione iniziale dell'obiettivo.;2;10;22;6;0;5;2;10;0;0;0;0;10;0;0;
1095;Esplosione Stellare;Sternenexplosion;Magia d'Élite a Tocco. Danni da fuoco inferti: 7..112. Infligge Bruciatura (1..4 secondi). Ottieni 2 Punti Energia per ogni nemico colpito. Colpisce anche i nemici nell'area.;2;10;22;6;0;5;.75;7;0;0;1;0;0;0;0;
1096;Glifo dell'Essenza;Glyphe der Essenz;Glifo. (Secondi: 15.) Il lancio della tua prossima magia è istantaneo. Perdi tutta l'Energia.;2;-1;16;6;0;5;1;20;0;0;0;0;0;0;0;
1097;Prigione di Teinai;Teinais Gefängnis;Fattura. (Secondi: 1..8.) Riduzione velocità dell'obiettivo nemico: -66%. Degenerazione Salute dei nemici con Armatura Incrinata: 5..9.;2;11;24;6;0;10;1;15;0;0;0;0;0;0;0;
1098;Specchio di Ghiaccio;Eisspiegel;Fattura d'Élite. Danni da freddo inferti: 15..70. Rallentamento dei nemici: 66% (2..6 secondi). Colpisce i nemici vicino a te e all'obiettivo alleato. Si ricarica più velocemente del 50% se colpisce un nemico sotto l'effetto di una Magia dell'Acqua.;2;11;24;6;0;10;.75;15;0;0;1;0;0;0;0;
1099;Cristalli di Teinai;Teinais Kristalle;Magia. Danni inferti all'obiettivo nemico: 20..40. Danno aggiuntivo al nemico con fattura Magia dell'Acqua: +20..40. Condizione inflitta ai nemici nei dintorni: Armatura Incrinata (Secondi: 5..15).;2;9;22;6;0;5;1;8;0;0;0;0;0;0;0;
1113;Indignazione del Kirin;Kirins Zorn;Magia. Danni sacri inferti al secondo: 8..32 (5 secondi). Colpisce i nemici adiacenti alla tua posizione iniziale.;2;14;22;3;0;5;1;10;0;0;0;0;0;0;0;
1114;Legame dello Spirito;Geisterbindung;Incantesimo. (Secondi: 8) Cura di 30..90 ogni volta che l'obiettivo alleato riceve più di 50 danno[i]. Termina dopo che quest'alleato ha subito danni da 10 attacchi o magie.;2;15;23;3;0;10;.25;2;0;0;0;0;0;0;0;
1115;Aria dell'Incantesimo;Flair der Verzauberung;Incantesimo d'Élite. (Secondi: 4..10) Riduzione costo energetico degli incantesimi lanciati sull'obiettivo alleato: 10 (minimo 1 Punto[i] Energia). Impossibile selezionare se stessi.;2;15;23;3;0;5;.25;8;0;0;1;0;0;0;0;
1117;Delizia del Paradiso;Himmlische Wonne;Magia. Cure per te e i membri della squadra a portata d'orecchio: 15..60.;2;16;22;3;0;5;1;12;0;0;0;0;0;0;0;
1118;Esplosione Guaritrice;Heilsalve;Magia d'Élite. Cure: 20..120. Bonus di Punti Salute per i membri della squadra a portata d'orecchio dell'obiettivo: Favore Divino. Condizione disattivata: Preghiere Punitive (secondi: 20).;2;13;22;3;0;5;.75;6;0;0;1;0;0;0;0;
1119;Circolo Guaritore di Karei;Kareis Heilkreis;Magia. Ti cura di 30..180. Cura anche le creature adiacenti.;2;13;22;3;0;10;1;5;0;0;0;0;0;0;0;
1120;Sguardo di Jamei;Jameis Starren;Magia. Cure: 35..180. Impossibile selezionare se stessi.;2;13;22;3;0;10;.75;3;0;0;0;0;0;0;0;
1121;Dono della Salute;Geschenk des Lebens;Magia. Cure: 15..150. Disattiva le altre abilità dell'attributo Preghiere Curative (10..5 secondo[i]). Impossibile selezionare se stessi.;2;13;22;3;0;5;.75;5;0;0;0;0;0;0;0;
1123;Preserva Vita;Lebensmantel;Incantesimo d'Élite. (Secondi: 8) Converte il danno in arrivo o la sottrazione vita successivi in Punti Salute (max. 20..100). Effetto iniziale: rimuove 0..2 condizioni.;2;15;23;3;0;5;.25;2;0;0;1;0;0;0;0;
1126;Rimozione Empatica;Ausdrückliche Entfernung;Magia d'Élite. Rimuove una condizione e una fattura dall'obiettivo alleato e da te stesso. Cure: 50. Impossibile selezionare se stessi.;2;-1;22;3;0;5;1;7;0;0;1;0;0;0;0;
1128;Salmodia di Resurrezione;Gesang der Wiederbelebung;Magia a Portata Dimezzata. Resuscita il membro della squadra preso di mira con la tua Salute attuale e un 5..35% di Energia.;2;13;22;3;0;10;6;15;0;0;0;0;0;0;0;
1129;Parola di Biasimo;Wort des Tadels;Magia d'Élite. Infligge 30..130 di danni sacri. Tempo di ricarica di +20 se la Salute del nemico bersaglio è sotto al 50%.;2;14;22;3;0;10;1;2;0;0;1;0;0;0;0;
1130;Lancia di Luce;Speer des Lichts;Magia. Proiettile. Danni sacri: 26..56. Assesta 15..60 danno[i] in più se l'obiettivo nemico sta attaccando.;2;14;22;3;0;5;1;15;0;0;0;0;0;0;0;
1131;Colpo di Stonesoul;Steinseelenschlag;Abilità a Tocco. Danni sacri inferti: 10..55. Danni sacri aggiuntivi se l'obiettivo nemico è stato abbattuto: 10..55.;2;14;1;3;0;5;.75;8;0;0;0;0;0;0;0;
1133;Colpo Ebbro;Betrunkener Schlag;Attacco Ravvicinato. Danni inferti: +10..40. Provoca una condizione a caso tra le seguenti: Ferita Profonda (20 secondi), Debolezza (20 secondi), Emorragia (25 secondi), Storpiatura (15 secondi). Vieni abbattuto.;2;21;3;1;0;5;0;7;0;0;0;0;0;0;0;
1134;Colpo del Leviatano;Leviathanschlag;Attacco Ravvicinato. Danni inferti: +5..20. Provoca abbattimento e infligge 10..34 danno[i] se bloccato.;2;17;3;1;0;5;0;8;0;0;0;0;0;0;0;
1135;Colpo di Jaizhenju;Jaizhenjuschlag;Attacco con Spada. Danni inferti: +1..30. Non bloccabile, a meno che non ti trovi in una posizione.;2;20;10;1;0;5;0;8;0;0;0;0;0;0;0;
1136;Fendente Penetrante;Durchdringender Hieb;Attacco con Ascia. Danni inferti: +10..25. Penetrazione armatura: 20%.;2;18;4;1;0;0;0;0;4.8;0;0;0;0;0;0;
1137;Percossa dello Yeti;Yetischlag;Attacco con Martello. Colpisce tutti i nemici adiacenti. I nemici affetti da una condizione vanno a terra. Perdi tutta l'adrenalina. 50% di probabilità di fallimento con Abilità col Martello di grado 5 o superiore.;2;19;8;1;0;0;0;0;6;0;0;0;0;0;0;
1141;"Morirai!";"Ihr werdet sterben!";Urlo. Ottieni 1..3 colpo/i da adrenalina. Nessun effetto a meno che il nemico non abbia meno del 90% della Salute.;2;17;20;1;0;5;0;15;0;0;0;0;0;0;0;
1142;Parata Propizia;Günstige Abwehr;Posizione d'Élite. (Secondo[i]: 8). Blocca un attacco. Effetto al termine: ottieni 1..4 dose[i] di adrenalina.;2;21;29;1;0;0;0;2;1;0;1;0;0;0;0;
1144;Fendente di Aladargento;Silberflügel-Hieb;Attacco con Spada. Danni inferti: +1..40.;2;20;10;1;0;0;0;0;7;0;0;0;0;0;0;
1146;Spintone;Schubs;Abilità d'Élite a Tocco. Il bersaglio nemico che tocchi subisce 15..75 danni, perde la propria posizione e viene atterrato.;2;21;1;1;0;5;.75;10;0;0;1;0;0;0;0;
1191;Attacco della Separazione;Trennender Angriff;Attacco con Arco. Danni inferti: +5..25. Penetrazione armatura: 10%.;2;25;2;2;0;10;.75;4;0;0;0;0;0;0;0;
1192;Tiro di Zojun;Zojuns Schuss;Attacco con Arco a Portata Dimezzata. Danni inferti: +10..40.;2;23;2;2;0;5;0;3;0;0;0;0;0;0;0;
1194;Legame Predatore;Raubtierverbindung;Urlo. (Secondi: 5..20). Aumento della velocità degli attacchi della tua mascotte: 25%. Punti Salute ottenuti ogni volta che la tua mascotte mette a segno un attacco: 1..31.;2;22;20;2;0;10;0;30;0;0;0;0;0;0;0;
1195;Guarigione Congiunta;Gemeinsame Heilung;Abilità d'Élite. (Secondo[i]: 15). Gli attacchi della tua mascotte sottraggono 1..20 Punto[i] Salute. Effetto iniziale: cure per te e la tua mascotte: 20..104. resuscita la tua mascotte (50% Salute), se morta. Se sei equipaggiato di questa abilità, la mascotte potrà viaggiare insieme a te.;2;22;1;2;0;5;1;5;0;0;1;0;0;0;0;
1196;Fretta di Zojun;Zojuns Eile;Posizione. (Secondi: 5..11) Incremento tua velocità di movimento: 33%. Probabilità di blocco proiettili: 27..75%. Termina se attacchi.;2;23;29;2;0;5;0;30;0;0;0;0;0;0;0;
1197;Tiro Pungente;Nadelschuss;Attacco con Arco. Freccia veloce. Danni inferti: 10..30. Si ricarica all'istante se la Salute dell'obiettivo nemico è inferiore al 50%. Le altre abilità di attacco di cui disponi vengono disattivate (2 secondi).;2;25;2;2;0;5;.75;4;0;0;0;0;0;0;0;
1198;Freccia a Punta Larga;Stahlspitzenpfeil;Attacco con Arco d'Élite. Freccia lenta. Interrompe una magia. Condizione inflitta: Stordimento (5..20 secondo[i]).;2;25;2;2;0;10;0;10;0;0;1;0;0;0;0;
1199;Frecce di Vetro;Glaspfeile;Preparazione d'Élite. (Secondi: 10..35) Danni inferti dalle tue frecce: +6..20. Condizione inflitta se bloccato: Emorragia (10..20 secondo[i]).;2;23;17;2;0;5;2;12;0;0;1;0;0;0;0;
1200;Sigillo dell'Arciere;Siegel des Bogenschützen;Sigillo d'Élite. (Secondi: 1..24) Incremento durata delle condizioni da te applicate mentre impugni l'arco: 150%.;2;23;21;2;0;0;1;12;0;0;1;0;0;0;0;
1201;Balzo Selvaggio;Wilder Sprung;Attacco con Mascotte. Danni inferti: +5..20. Provoca abbattimento se l'obiettivo nemico sta lanciando una magia.;2;22;11;2;0;5;0;10;0;0;0;0;0;0;0;
1202;Guizzo Furioso;Erzürnter Ausfall;Attacco d'Élite con Mascotte. Condizione inflitta: Ferita Profonda (secondi: 5..20). Danni inflitti: +10..50.;2;22;11;2;0;5;0;5;0;0;1;0;0;0;0;
1203;Lacerazione Bestiale;Bestienattacke;Attacco con Mascotte. Danni inferti: +5..20. Condizione inflitta se l'obiettivo nemico è abbattuto: Stordimento (4..10 secondo[i]).;2;22;11;2;0;5;0;10;0;0;0;0;0;0;0;
1205;Morso Velenoso;Giftbiss;Attacco con Mascotte. Condizione inflitta: Avvelenamento (secondi: 5..20).;2;22;11;2;0;5;0;7;0;0;0;0;0;0;0;
1206;Balzo;Sprung;Attacco con Mascotte. Danni inferti: +5..20. Provoca abbattimento se l'obiettivo nemico si sta muovendo.;2;22;11;2;0;5;0;10;0;0;0;0;0;0;0;
1209;Furia Bestiale;Bestienwut;Posizione. (Secondi: 5..11) Incremento velocità di attacco: 25%. Le tue abilità (attacchi esclusi) sono disattivate (5 secondi).;2;22;29;2;0;10;0;10;0;0;0;0;0;0;0;
1211;Nido di Vipera;Vipernnest;Trappola. (Secondi: 90) Ha effetto sui nemici nei dintorni. Danni perforanti: 5..35. Condizione inflitta: Veleno (5..20 secondo[i]). Facile interruzione.;2;22;30;2;0;10;2;20;0;0;0;0;0;0;0;
1212;Equinozio;Tagundnachtgleiche;Rituale della Natura d'Élite. Crei uno spirito di livello 1..10 (in vita per 30..240 secondi). Le magie che causano Sforzo lanciate nel raggio procureranno 10 di Sforzo in più.;2;24;19;2;0;10;2;15;0;0;1;0;0;0;0;
1213;Tranquillità;Ruhe (PvP);Rituale della Natura. Crei uno Spirito di livello 1..10 (in vita per 15..120 secondo[i]). Riduzione durata degli incantesimi sulle creature nella portata: 20..50%. Non ha effetto sugli Spiriti.;2;24;19;2;0;15;2;60;0;0;0;0;0;0;0;
1215;Clamore delle Anime;Gezeter der Seelen;Magia d'Élite. Danni da fulmine all'obiettivo e ai nemici nei dintorni: 10..65. Energia conseguita se sei a portata di orecchio di uno Spirito o stai trasportando un carico: 10.;2;34;22;8;0;10;1;8;0;0;1;0;0;0;0;
1217;Lord Rituale;Herr der Rituale;Abilità d'Élite. (Secondo[i]: 5..35). Ottieni +2..4 a tutti gli attributi di Ritualista per la prossima abilità. Se tale abilità è un Rituale Incatenante, si ricarica di un 10..60% più velocemente e Lord Rituale si ricarica istantaneamente.;2;36;1;8;0;0;0;45;0;2;1;0;0;0;0;
1218;Daoshen era Crudele;Grausam war Daoshen;Magia Altera-oggetto. (Secondo[i]: 15..60). Le tue abilità Ritualista aumentano di +10% di penetrazione armatura. Rilascio: danno da fulmine a tutti i nemici nei dintorni: 15..85.;2;34;25;8;0;15;2;30;0;0;0;0;0;0;0;
1219;Kaolai era Protettivo;Schützend war Kaolai;Magia Altera-oggetto. (Secondi: 15..60) Armatura: +20. Rilascio: tutti i membri della squadra vengono curati di 20..95.;2;33;25;8;0;10;1;20;0;0;0;0;0;0;0;
1220;Songkai era in Sintonia;Eingestimmt war Songkai;Magia d'Élite Altera-oggetto. (Secondi: 45) Riduzione del costo energetico delle tue magie e rituali incatenanti: -5..50%.;2;36;25;8;0;10;1.5;30;0;0;1;0;0;0;0;
1221;Xiko era Determinata;Unverwüstlich war Xiko;Magia Altera-oggetto. (Secondi: 5..20) Rigenerazione Salute per ogni fattura o condizione presente su di te: +3. Rilascio: perdi 1..4 condizione[i].;2;33;25;8;0;5;1;10;0;0;0;0;0;0;0;
1222;Naomei era Vivace;Lebhaft war Naomei;Magia Altera-oggetto. (Secondi: 45) Rilascio: resusciti i membri della squadra nell'area (Salute: 15..75%. Energia: 0).;2;33;25;8;0;15;6;20;0;0;0;0;0;0;0;
1223;Lingwah era Tormentata;Gequält war Lingwah;Magia Altera-oggetto. (Secondo[i]: 10..60). Le tue fatture Ritualista costano 1..5 Punto[i] Energia in meno e durano un 50% in più. Rilascio: tutte le tue fatture Ritualista si ricaricano.;2;36;25;8;0;5;1.5;30;0;0;0;0;0;0;0;
1224;Trascina Spirito;Geist entziehen;Magia. Teletrasporti nella tua posizione lo Spirito alleato selezionato.;2;-1;22;8;0;5;.25;5;0;0;0;0;0;0;0;
1225;Colpo Incanalato;Gelenkter Schlag;Magia. Danni da fulmine inferti: 5..95. Assesta 5..35 danno[i] da fulmine in più se hai in mano un oggetto.;2;34;22;8;0;10;2;4;0;0;0;0;0;0;0;
1226;Colpo di Soccorso dello Spirito;Geistersegenstoß;Magia. Danni da fulmine inferti: 20..65. Gli Spiriti sotto il tuo controllo a portata d'orecchio ottengono 20..65 Punto[i] Salute.;2;34;22;8;0;5;1;3;0;0;0;0;0;0;0;
1227;Colpo dell'Essenza;Essenzschlag;Magia. Danni da fulmine inferti: 15..60. Energia conseguita se ci sono Spiriti a portata d'orecchio: 1..9.;2;34;22;8;0;5;1;8;0;0;0;0;0;0;0;
1228;Sifone dello Spirito;Geist abzapfen;Magia. Lo spirito più vicino a te perde tutta l'energia. Ottieni un 30..60% di quell'Energia.;2;34;22;8;0;5;.25;3;0;0;0;0;0;0;0;
1229;Crescita Esplosiva;Explosives Wachstum;Incantesimo. (Secondi: 15..60) Assesta 20..65 danno[i] da fulmine a 5 nemico[i] vicino[i] a te ogni volta che crei una creatura.;2;36;23;8;0;5;2;45;0;0;0;0;0;0;0;
1230;Soccorso della Creazione;Segen der Schöpfung;Incantesimo. (Secondi: 15..60) Consegui 5..50 Punto[i] Salute e 1..6 Punto[i] Energia ogni volta che dai vita ad una creatura.;2;36;23;8;0;10;2;45;0;0;0;0;0;0;0;
1231;Incanalamento dello Spirito;Geisterlenkung;Incantesimo d'Élite. (Secondo[i]: 12). Rigenerazione Energia: +1..6. Effetto iniziale: Ottieni 3..12 Punto[i] Energia se ti trovi nella portata d'orecchio di uno Spirito.;2;36;23;8;0;5;1;30;0;0;1;0;0;0;0;
1232;Armatura dell'Insensibile;Rüstung der Gefühllosigkeit;Abilità. (Secondi: 10..35). I tuoi spiriti a portata d'orecchio subiscono un 50% di danni in meno e sono immuni agli attacchi critici.;2;32;1;8;0;5;1;20;0;0;0;0;0;0;0;
1233;Ricordi Rassicuranti;Beruhigende Erinnerungen;Magia. Cure: 10..100. Ottieni 3 Punto[i] Energia se hai in mano un oggetto.;2;33;22;8;0;5;.75;4;0;0;0;0;0;0;0;
1234;Cura Corpo e Anima;Körper und Seele heilen;Magia. Cure: 20..115. Rimuove una condizione per ogni Spirito a portata d'orecchio.;2;33;22;8;0;5;.75;3;0;0;0;0;0;0;0;
1235;Arma Smussata;Stumpfe Waffe;Fattura. Colpisce con una fattura anche i nemici adiacenti all'obiettivo (5..20 secondo[i]). Rimuove la capacità di mettere a segno colpi critici. Riduzione del danno: 3..20.;2;32;24;8;0;15;1;20;0;0;0;0;0;0;0;
1236;Catene Vincolanti;Fesselnde Ketten;Fattura. Colpisce con una fattura i nemici adiacenti all'obiettivo (3 secondo[i]). I nemici rallentano di un 90% e subiscono 1..30 danno[i] al secondo mentre ti muovi.;2;32;24;8;0;10;1;15;0;0;0;0;0;0;0;
1237;Legame Doloroso;Schmerzhafte Bindung;Fattura. Infligge fattura anche ai nemici vicini all'obiettivo (10..20 secondo[i]). Incremento del danno assestato dagli Spiriti contro questi nemici: 8..20.;2;34;24;8;0;15;1;12;0;0;0;0;0;0;0;
1238;Sigillo della Creazione;Siegel der Schöpfung;Sigillo. Ottieni 4 Punto[i] Energia (max 3..12) per ogni creatura evocata sotto il tuo controllo e a portata d'orecchio.;2;36;21;8;0;0;1;20;0;0;0;0;0;0;0;
1239;Sigillo degli Spiriti;Siegel der Geister;Sigillo d'Élite. Crea tre spiriti di livello 1..12 (in vita per 60 secondi). I loro attacchi infliggono 5..20 danni.;2;34;21;8;0;0;1;30;0;0;1;0;0;0;0;
1240;Distorsione dell'Anima;Seelenverflechtung;Abilità d'Élite. (Secondo[i]: 5..45). Il tuo Rituale Incatenante costa 15 Punto[i] Energia in meno (min 5) e si ricarica istantaneamente. Distorsione dell'Anima termina dopo 1..3 Rituale[i] Incatenante[i].;2;36;1;8;0;5;0;15;0;0;1;0;0;0;0;
1244;Fretta Spettrale;Geisterhafte Eile;Incantesimo. (Secondi: 5..30) Incremento velocità di ricarica delle tue magie: 25%. Ha effetto solo se sei a portata d'orecchio di uno Spirito.;2;36;23;8;0;10;1;20;0;0;0;0;0;0;0;
1245;Sguardo dall'Aldilà;Blick aus dem Jenseits;Magia. Danni da fulmine inferti: 20..65. Infligge condizione Accecamento (2..6 secondo[i] se ti trovi entro la portata d'orecchio di uno spirito.;2;34;22;8;0;5;1;10;0;0;0;0;0;0;0;
1246;Ira degli Antenati;Wut der Vorfahren;Abilità. (Secondi: 1) Effetto al termine: assesta 5..110 danno[i] da fulmine ai nemici adiacenti all'obiettivo alleato.;2;34;1;8;0;5;.25;10;0;0;0;0;0;0;0;
1247;Dolore;Schmerzen;Rituale Incatenante. Crei uno Spirito di livello 1..12 (in vita per 30..150 secondo[i]). I suoi attacchi assestano 5..30 danno[i].;2;32;18;8;0;5;.75;30;0;0;0;0;0;0;0;
1249;Spostamento;Verschiebung;Rituale Incatenante. Crei uno Spirito di livello 1..14 (in vita per 30..60 secondo[i]). Probabilità di blocco per gli alleati (Spiriti esclusi) nella portata: 75%. Effetto del blocco: questo Spirito riceve 60 danno[i].;2;32;18;8;0;15;.75;45;0;0;0;0;0;0;0;
1250;Preservazione;Erhaltung;Rituale Incatenante d'Élite. Crei uno Spirito di livello 1..14 (in vita per 90 secondo[i]). Ogni 4 secondi questo Spirito cura un alleato (Spiriti esclusi) di 10..115.;2;33;18;8;0;5;.75;20;0;0;1;0;0;0;0;
1251;Vita;Leben;Rituale Incatenante. Crei uno Spirito di livello 1..14 (in vita per 20 secondo[i]). Ha effetto sugli alleati (Spiriti esclusi) nella portata. Effetto al termine: cura di 1..7 per secondo di vita di questo Spirito.;2;33;18;8;0;10;.75;20;0;0;0;0;0;0;0;
1252;Legaterra;Erdbindung;Rituale Incatenante. Crei uno Spirito di livello 1..14 (in vita per 15..45 secondo[i]). Ogni volta che i nemici (Spiriti esclusi) nella portata vengono abbattuti restano a terra per almeno 3 secondi. Costo dell'abbattimento: questo Spirito perde 50..25 Punto[i] Salute.;2;32;18;8;0;15;1;30;0;0;0;0;0;0;0;
1253;Canto Sanguinario;Blutgesang;Rituale Incatenante. Crei uno Spirito di livello 1..12 (in vita per 30..150 secondo[i]). Salute sottratta dai suoi attacchi: 5..25.;2;34;18;8;0;5;.75;30;0;0;0;0;0;0;0;
1255;Spirito Vagabondo;Fernweh;Rituale Incatenante d'Élite. Crei uno Spirito di livello 1..12 (in vita per 30..60 secondo[i]). I suoi attacchi contro i nemici fermi provocano abbattimento. Costo dell'abbattimento: questo Spirito perde 70..50 Punto[i] Salute.;2;32;18;8;0;10;1;45;0;0;1;0;0;0;0;
1257;Arma della Luce dello Spirito;Geisterlichtwaffe;Magia d'Élite Altera-arma. (Secondi: 10) Salute ottenuta ogni secondo dall'obiettivo (un alleato o te stesso): 5..25. Cure aggiuntive al secondo se c'è uno Spirito nella portata d'orecchio: 5..25.;2;33;27;8;0;5;1;5;0;0;1;0;0;0;0;
1258;Arma Brutale;Grausame Waffe;Magia Altera-arma. (Secondi: 10..40) Danni inferti dagli attacchi: +5..15. Non ha effetto mentre l'obiettivo alleato è sotto incantesimo.;2;32;27;8;0;10;1;15;0;0;0;0;0;0;0;
1259;Arma Guidata;Gelenkte Waffe;Magia Altera-arma. (Secondi: 4..10) Gli attacchi non sono bloccabili.;2;32;27;8;0;5;2;5;0;0;0;0;0;0;0;
1260;Mansuetudine;Sanftmut;Fattura. Infligge fattura anche ai nemici nell'area dell'obiettivo (5..30 secondo[i]). Rallentamento velocità d'attacco di questi nemici: 50%.;3;7;24;4;0;15;1;20;0;17;0;0;0;0;0;
1261;Armatura Glaciale;Kalte Rüstung;Incantesimo. (Secondi: 10..25.) Armatura contro il danno fisico: +10..40. sei immune dalla Bruciatura.;3;11;23;6;0;5;1;20;0;0;0;0;0;0;0;
1262;Circolo della Guarigione;Heilring;Magia. Cure per gli alleati e i nemici adiacenti: 30..180. Chi lancia non riceve cure.;3;13;22;3;0;5;1;10;0;0;0;0;0;0;0;
1263;Rinnova Vita;Leben verlängern;Magia a Tocco. Fa risorgere il membro della squadra selezionato (Salute: 50%. Energia: 5..20%). Cura gli alleati a portata d'orecchio: 55..130.;3;13;22;3;0;15;4;5;0;0;0;0;0;0;0;
1264;Fato;Untergang;Magia. Assesta 10..60 danno[i] da fulmine (max 135) per ogni rituale incatenante che si sta ricaricando.;2;36;22;8;0;10;1;8;0;0;0;0;0;0;0;
1265;Soccorso del Portatore;Segen des Ausübers;Magia. Cure: 15..60. Cura di 15..75 in più se questo alleato è affetto da una magia altera-arma.;2;33;22;8;0;5;.25;4;0;0;0;0;0;0;0;
1266;Rasserenamento;Beruhigung;Rituale Incatenante. Crei uno Spirito di livello 1..12 (in vita per 15..45 secondo[i]). Il tempo di acquisizione adrenalina si raddoppia per i nemici nella portata.;2;32;18;8;0;15;1;45;0;0;0;0;0;0;0;
1267;Arma Vitale;Wesentliche Waffe;Magia Altera-arma. (Secondi: 5..30) Salute massima: +40..175.;2;32;27;8;0;5;1;2;0;0;0;0;0;0;0;
1268;Arma dell'Accelerazione;Waffe der Beschleunigung;Magia d'Élite Altera-arma. (Secondi: 5..25) Incremento velocità di ricarica di magie e rituali incatenanti: 33%.;2;32;27;8;0;5;1;5;0;0;1;0;0;0;0;
1269;Sigillo dell'Ira;Siegel der Wut;Sigillo. Danni sacri inferti: 5..50. Assesta 5..10 danno[i] sacro[i] in più per ogni abilità da adrenalina dell'obiettivo nemico.;2;14;21;3;0;0;1;20;0;0;0;0;0;0;0;
1333;Prolunga Condizioni;Zustände ausweiten;Magia d'Élite. Diffondi tutte le condizioni dall'obiettivo nemico a tutti i nemici vicini a lui. Incremento durata di queste condizioni: 5..100% (max 30 secondi).;3;3;22;5;0;5;.25;5;0;0;1;0;0;0;0;
1334;Ipocondria;Hypochondrie;Magia. Trasferisce all'obiettivo nemico tutte le condizioni da cui sono affetti i nemici nell'area.;3;-1;22;5;0;5;.25;7;0;0;0;0;0;0;0;
1335;Dipartita del Fannullone;Ableben des Verschwenders;Fattura. (Secondi: 5). Danni subiti dall'obiettivo nemico e da tutti i nemici adiacenti per ogni secondo in cui l'obiettivo è sotto gli effetti della fattura: 1..10. Danni subiti dai nemici per ogni secondo in cui è attiva la fattura: +1..10. Termina prematuramente se l'obiettivo nemico ha attivato un'abilità.;3;2;24;5;0;5;.25;4;0;0;0;0;0;0;0;
1336;Dolore Spirituale;Geisterschmerz;Magia. Danni inferti: 15..75. Danni inferti alle creature ostili invocate nell'area dell'obiettivo nemico: 25..125.;3;2;22;5;0;5;1;7;0;0;0;0;0;0;0;
1337;Prosciuga Delusioni;Täuschungen entziehen;Magia. Rimuove una fattura dell'Ipnotizzatore dall'obiettivo nemico. Perdita Energia: 1..5. Ottieni 4 Punto[i] Energia per ogni punto perso. Ha effetto solo se una fattura era stata rimossa.;3;3;22;5;0;5;.25;12;0;0;0;0;0;0;0;
1338;Persistenza della Memoria;Beharrliche Erinnerungen;Incantesimo. (Secondi: 5..20) Le tue magie interrotte si ricaricano all'istante.;3;0;23;5;0;5;1;20;0;0;0;0;0;0;0;
1339;Simboli dell'Ispirazione;Symbole der Inspiration;Abilità d'Élite. (6..40 secondo/i) Questa l'abilità diventa l'élite del nemico colpito. Le abilità élite usano l'attributo Lancio rapido al posto del loro normale attributo.;3;0;1;5;0;5;1;10;0;0;1;0;0;0;0;
1340;Celerità Simbolica;Symbolische Schnelligkeit;Incantesimo. (Secondi: 36..60). I tuoi Sigilli usano l'attributo Lancio Rapido.;3;0;23;5;0;15;1;30;0;0;0;0;0;0;0;
1341;Frustrazione;Frustration;Fattura. (Secondi: 5..20). Rallentamento velocità di lancio delle magie: 50%. L'obiettivo nemico subisce 5..50 danni quando viene interrotto. Infligge il doppio dei danni per le abilità interrotte.;3;1;24;5;0;10;1;7;0;0;0;0;0;0;0;
1342;Burla;Reizen;Magia d'Élite. Interrompe un'abilità. Effetto dell'interruzione: interrompe anche gli altri nemici nell'area e tu sottrai 0..5 Punti Energia a tutti i nemici nell'area.;3;3;22;5;0;5;.25;15;0;0;1;0;0;0;0;
1343;Fantasma Etereo;Äther-Phantom;Fattura. (Secondi: 10) Degenerazione Energia: -1. Perdita Energia se questa fattura termina prematuramente: 1..5.;3;3;24;5;0;5;1;10;0;0;0;0;0;0;0;
1344;Rete del Disturbo;Netz der Störung;Fattura. (Secondi: 10) Effetto iniziale: interrompe un'abilità. Effetto al termine: interrompe un'abilità.;3;-1;24;5;0;5;.25;15;0;0;0;0;0;0;0;
1345;Enigma dell'Incantatore;Rätsel des Verzauberers;Fattura d'Élite. Lancio degli incantesimi 100..200% più lento (10 secondo/i). Effetto iniziale: se il bersaglio non è influenzato da incantesimi, subisce 10..100 danni, e i nemici adiacenti subiscono il 75% di quei danni.;3;2;24;5;0;10;2;10;0;0;1;0;0;0;0;
1346;Sigillo delle Illusioni;Siegel der Illusionen;Sigillo d'Élite. La tua prossima 1..3 magia/e, purché non sia un'illusione, sfrutta l'attributo Illusione al posto del suo normale attributo.;3;1;21;5;0;0;2;5;0;0;1;0;0;0;0;
1347;Congeda Incantesimo;Verzauberung entlassen;Magia. Rimuove un incantesimo dall'obiettivo nemico. Aumento del tempo di ricarica se quel nemico era sotto fattura: 20..50%.;3;3;22;5;0;10;1;15;0;0;0;0;0;0;0;
1348;Vortice Mangiafattura;Verhexungsfresser-Strudel;Magia d'Élite. Rimuove un maleficio da un alleato bersaglio. Effetti della rimozione: infligge 30..90 danni e rimuove un incantesimo dai nemici nell'area dell'alleato.;3;2;22;5;0;5;.25;15;0;0;1;0;0;0;0;
1349;Specchio del Disincanto;Spiegel der Entzauberung;Magia. Rimuove un incantesimo dall'obiettivo nemico. Anche i suoi compagni di squadra perdono lo stesso incantesimo.;3;-1;22;5;0;5;1;15;0;0;0;0;0;0;0;
1350;Furto Semplice;Simpler Diebstahl;Magia d'Élite. Interrompe un'azione. Effetto dell'interruzione: se era un'abilità la disattiva ed essa si sostituisce a Furto Semplice (5..20 secondo[i]).;3;2;22;5;0;10;.25;10;0;0;1;0;0;0;0;
1351;Anima Orrore Storpio;Schlurfschreck beleben;Magia. Crea un Orrore Storpio di livello 1..17. Quando muore viene rimpiazzato da un Orrore Seghettato di livello 0..15 che infligge Emorragia con ogni attacco. Utilizza un cadavere sfruttabile.;3;5;22;4;0;10;1;25;0;0;0;0;0;0;0;
1352;Ordine della Non-morte;Orden der Untoten;Magia d'Élite. (Secondi: 5) Danni assestati dai tuoi sgherri: +3..16. Effetto risultante se il colpo dello sgherro va a segno: perdi un 2% della tua Salute massima.;3;5;22;4;0;10;1;5;0;0;1;0;0;0;0;
1353;Carne Putrefatta;Verwesendes Fleisch;Magia. Distrugge uno dei tuoi morti viventi. Condizione inflitta ai nemici vicini a questo morto vivente: Malattia (5..15 secondo[i]).;3;5;22;4;0;10;.25;0;0;0;0;0;0;0;0;
1354;Banchetto per i Morti;Fest für die Toten;Magia. Distrugge uno dei tuoi morti viventi. Cure per i tuoi morti viventi: 10..100.;3;5;22;4;0;5;.25;10;0;0;0;0;0;0;0;
1355;Ossa Seghettate;Versplitterte Knochen;Incantesimo d'Élite. (Secondi: 60) Quando il morto vivente selezionato muore, viene rimpiazzato da un Orrore Seghettato di livello 0..15 i cui attacchi infliggono Emorragia.;3;5;23;4;0;5;1;10;0;0;1;0;0;0;0;
1356;Contagio;Erkrankung;Incantesimo d'Élite. (Secondi: 60) Ogni volta che ricevi una condizione, tutti i nemici nell'area ottengono la stessa. Sacrifichi un 10..5% della Salute massima ogni volta che accade.;3;5;23;4;0;5;1;10;0;0;1;0;0;0;0;
1358;Polmoni Ulcerosi;Geschwürige Lungen;Fattura. Infligge fattura anche ai nemici vicini all'obiettivo (10..30 secondo[i]). Degenerazione Salute di uno qualsiasi dei nemici affetti da Emorragia: -4. Condizione inflitta ogni volta che i nemici usano un urlo o un canto: Emorragia (5..20 secondo[i]).;3;7;24;4;0;10;1;10;0;0;0;0;0;0;0;
1359;Dolore del Disincanto;Schmerz der Entzauberung;Magia d'Élite. Incantesimi persi dall'obiettivo nemico: 1..3. Effetto della rimozione: quel nemico e tutti i nemici adiacenti perdono 10..100 di Salute.;3;7;22;4;0;10;1;15;0;0;1;0;0;0;0;
1360;Segno della Furia;Zeichen der Wut;Fattura. (Secondo[i]: 5). Tu o qualsiasi alleato ottenete 0..2 dose[i] di adrenalina. Effetto al termine: Condizione inflitta: Armatura Incrinata (1..15 secondo[i]).;3;4;24;4;0;5;.75;10;0;0;0;0;0;0;0;
1362;Corrompi Incantesimo;Verzauberung verderben;Fattura d'Élite. Rimuove un incantesimo dall'obiettivo nemico. Effetto della rimozione: Degenerazione Salute -1..8 (10 secondi).;3;7;24;4;0;5;.75;5;0;0;1;0;0;0;0;
1363;Sigillo del Rimpianto;Siegel des Kummers;Sigillo. Danni inferti: 15..75. Si ricarica all'istante se l'obiettivo nemico si trova vicino ad un cadavere o ha una mascotte morta.;3;6;21;4;0;0;1;30;0;0;0;0;0;0;0;
1364;Sigillo della Sofferenza;Siegel des Leidens;Sigillo d'Élite. Condizione subita: Emorragia (6 secondi). Condizione inflitta all'obiettivo della tua prossima abilità del Negromante: Emorragia (2..16 secondi).;3;4;21;4;0;0;0;4;0;0;1;0;0;0;0;
1365;Sigillo delle Anime Smarrite;Siegel der verlorenen Seelen;Sigillo. Ottieni 10..100 Punto[i] Salute e 1..10 Punto[i] Energia se la Salute dell'obiettivo nemico è inferiore al 50%.;3;6;21;4;0;0;.25;8;0;0;0;0;0;0;0;
1366;Pozzo dell'Oscurità;Brunnen der Dunkelheit;Pozzo. (5..50 secondo/i). I nemici colpiti da fattura in questo Pozzo hanno una probabilità del 50% di mancare. Utilizza un cadavere fresco o sacrifica il 66% della Salute.;3;7;28;4;0;10;1;20;0;0;0;0;0;0;0;
1367;Flusso Accecante;Blendende Welle;Magia d'Élite. Danni da fulmine inferti: 5..50. Infligge Accecamento all'obiettivo e ai nemici adiacenti (secondi: 3..8). Penetrazione armatura: 25%. Se l'obiettivo stava attaccando, colpisce anche i nemici adiacenti e infligge il 50% di danni in più.;3;8;22;6;0;10;.75;6;0;0;1;0;0;0;0;
1368;Venti Gelidi;Kühle Winde;Fattura. (Secondi: 10.) Durata della prossima fattura d'Acqua sull'obiettivo nemico: +25..100%. Effetto iniziale: 30..60 danni da freddo. Colpisce anche i nemici adiacenti.;3;8;24;6;0;5;1;8;0;0;0;0;0;0;0;
1369;Saetta;Blitzstrahl;Magia. Proiettile: danni da fulmine inferti: 5..50. Danni da fulmine aggiuntivi se l'obiettivo nemico si sta muovendo: 5..50. Penetrazione armatura: 25%.;3;8;22;6;0;5;1;8;0;0;0;0;0;0;0;
1370;Fretta del Djinn della Tempesta;Eile des Sturm-Dschinn;Incantesimo. (Secondi: 10..25.) Aumento della velocità di movimento: 25%. Perdi 1 Punti Energia per ogni secondo in cui ti muovi.;3;8;23;6;0;5;.25;10;0;0;0;0;0;0;0;
1371;Battitore di Pietra;Steinschläger;Incantesimo. (Secondi: 5..30.) Trasforma i danni elementali e fisici che subisci o assesti in danni da terra.;3;9;23;6;0;5;.25;20;0;0;0;0;0;0;0;
1372;Tempesta di Sabbia;Sandsturm;Magia d'Élite. Danni da terra inferti al secondo: 20..40 (10 secondi). Colpisce i nemici vicini alla posizione iniziale dell'obiettivo nemico. Colpisce i nemici all'attacco con 10..30 danni da terra in più al secondo.;3;9;22;6;0;15;2;20;0;0;1;0;0;0;0;
1373;Guaina di Pietra;Steinmantel;Incantesimo d'Élite. (Secondi: 5..20.) Tu e l'obiettivo alleato ottenete +1..30 di armatura e siete immuni agli attacchi critici. Effetto iniziale: I nemici vicino a te e all'obiettivo alleato subiscono 15..70 danni da terra e soffrono di Debolezza (5..20 secondi).;3;9;23;6;0;10;1;15;0;0;1;0;0;0;0;
1374;Falco d'Ebano;Ebonfalke;Magia. Proiettile: danni da terra inferti: 10..85. Condizione inflitta: Debolezza (secondi: 5..15).;3;9;22;6;0;10;1;5;0;0;0;0;0;0;0;
1375;Aura di Carne di Pietra;Steinfleisch-Aura;Incantesimo. (Secondi: 5..15.) Riduce di 1..31 il danno che ricevi e diventi immune dagli attacchi critici.;3;9;23;6;0;10;2;15;0;0;0;0;0;0;0;
1376;Glifo del Ripristino;Glyphe der Wiederherstellung;Glifo. (Secondi: 15.) Cure ricevute dalle tue 2 magie successive: 30..105. Vieni curata di un 150..400% del costo energetico di ogni magia.;3;12;16;6;0;5;1;8;0;0;0;0;0;0;0;
1377;Prisma dell'Etere;Ätherprisma;Abilità d'Élite. (Secondi: 3.) Riduzione di tutti i danni subiti: 75%. Effetto al termine: ottieni 5..20 Punti Energia.;3;12;1;6;0;5;0;20;0;0;1;0;0;0;0;
1378;Maestro di Magia;Meister der Magie;Incantesimo d'Élite. (1..61 secondo/i) Tutti gli attributi elementali salgono a 8..14, e le magie elementali restituiscono 1 punto energia più il 30% del loro costo.;3;12;23;6;0;5;1;10;0;0;1;0;0;0;0;
1379;Sguardo Luminoso;Glühender Blick;Magia. Danni da fuoco inferti: 5..50. Energia conseguita se l'obiettivo nemico è affetto da Bruciatura: 5 più 1 per ogni 2 gradi della Riserva di Energia.;3;10;22;6;0;5;1;8;0;0;0;0;0;0;0;
1380;Calore della Savana;Hitze der Savanne;Magia d'Élite. Assesta 5..20 danni da fuoco per ogni secondo successivo al lancio della magia (5 secondi). Colpisce i nemici vicini alla posizione iniziale dell'obiettivo.;3;10;22;6;0;5;2;25;0;0;1;0;0;0;0;
1381;Fretta del Djinn della Fiamma;Eile des Flammen-Dschinn;Incantesimo. (Secondi: 8..14.) Aumento della velocità di movimento: 25%. Effetto iniziale: danni da fuoco ai nemici adiacenti a te: 15..120. Incremento velocità di ricarica se si assestano danni a un nemico con questa magia: 50%.;3;10;23;6;0;10;.75;20;0;0;0;0;0;0;0;
1382;Folata Congelante;Gefrierende Böe;Fattura. Danni da freddo se l'obiettivo nemico è affetto da una fattura dell'Acqua: 20..80. Altrimenti i suoi movimenti rallentano di un 66% (1..5 secondi).;3;11;24;6;0;10;1;8;0;0;0;0;0;0;0;
1390;Intervento del Giudice;Intervention des Richters;Incantesimo. (Secondi: 10) Previene il prossimo danno fatale. Effetto della prevenzione: 30..180 danno[i] sacro[i] ad un nemico vicino all'obiettivo alleato.;3;14;23;3;0;5;.25;8;0;0;0;0;0;0;0;
1391;Spirito Sostenitore;Unterstützender Geist;Incantesimo. (Secondi: 5..23) Cure impartite ogni volta che l'obiettivo alleato subisce danni mentre è abbattuto: 5..50.;3;13;23;3;0;10;.75;8;0;0;0;0;0;0;0;
1392;Attenta Guarigione;Wachsame Heilung;Incantesimo. (Secondi: 10) Rigenerazione Salute: +1..4. Salute conseguita se questo incantesimo termina prematuramente: 30..120.;3;16;23;3;0;5;1;10;0;0;0;0;0;0;0;
1393;Soccorso del Guaritore;Segen des Heilers;Incantesimo d'Élite. (Secondi: 10..55) Incremento velocità di lancio delle magie attribuite a Preghiere Curative: 50%. Incremento cure da esse donate: 50%.;3;16;23;3;0;5;.25;10;0;0;1;0;0;0;0;
1394;Patto del Guaritore;Verpflichtung des Heilers;Incantesimo d'Élite. Riduzione del costo energetico delle tue magie attribuite a Preghiere Curative: 1..4. Riduzione percentuale di cure di queste magie: 20%.;3;13;23;3;-1;5;.25;5;0;0;1;0;0;0;0;
1395;Pendolo di Balthazar;Balthasars Pendel;Incantesimo d'Élite. (Secondi: 5..25) Abbattimento del prossimo nemico che tenta di abbattere l'obiettivo alleato.;3;14;23;3;0;5;.25;5;0;0;1;0;0;0;0;
1396;Parole di Conforto;Tröstende Worte;Magia. Cure: 20..65. Cura di 20..50 in più se l'obiettivo (un alleato o te stesso) soffre di una condizione.;3;13;22;3;0;5;1;4;0;0;0;0;0;0;0;
1397;Luce di Liberazione;Licht der Erlösung;Magia d'Élite. Cure per l'intera squadra: 5..70.;3;13;22;3;0;5;1;6;0;0;1;0;0;0;0;
1398;Incantesimo Flagello;Geißelverzauberung;Fattura. (Secondi: 30) Danni a chiunque stia lanciando un incantesimo sull'obiettivo nemico: 15..75.;3;14;24;3;0;10;1.5;5;0;0;0;0;0;0;0;
1399;Scudo dell'Assorbimento;Schild der Absorption;Incantesimo. (Secondi: 3..7) Riduce di 5 i danni in arrivo ogni volta che l'obiettivo (un alleato o te stesso) subisce danni.;3;15;23;3;0;5;1;10;0;0;0;0;0;0;0;
1400;Rovescio del Danno;Umkehrung des Schadens;Incantesimo. (Secondi: 8) Impedisce il prossimo danno e colpisce la fonte con la stessa quantità (max 5..75).;3;14;23;3;0;5;.25;3;0;0;0;0;0;0;0;
1401;Tocco Riparatore;Genesungsberührung;Magia a Tocco. Rimuove due condizioni. Cura di 15..60 per ogni condizione rimossa.;3;15;22;3;0;5;.75;6;0;0;0;0;0;0;0;
1402;Fendente Critico;Kritischer Hieb;Attacco con Ascia. Danni inferti: +5..20. Interrompe un'azione se assesti un colpo critico.;3;18;4;1;0;5;1;15;0;0;0;0;0;0;0;
1403;Fendente Agonizzante;Qualvoller Hieb;Attacco con Ascia. Danni inferti: +5..20. Interrompe un'azione se l'obiettivo nemico ha una Ferita Profonda.;3;18;4;1;0;0;1;0;6;0;0;0;0;0;0;
1404;Flagellazione;Dreschen;Posizione. (Secondi: 1..15) Incremento tua velocità d'attacco: 33%. Rallentamento dei tuoi movimenti: 33%.;3;17;29;1;0;0;0;0;4;0;0;0;0;0;0;
1405;Colpo con Carica;Angreifender Schlag;Posizione d'Élite. (Secondi: 1..10) Incremento velocità di movimento: 33%. Danni inferti dal tuo prossimo attacco ravvicinato: +10..90. Termina se colpisci o usi un'abilità.;3;17;29;1;0;5;0;5;0;0;1;0;0;0;0;
1406;Testata;Kopfstoß;Abilità d'Élite a Tocco. Danni inferti: 40..100. Sei affetto da Stordimento (10 secondo[i]).;3;17;1;1;0;10;.75;10;0;0;1;0;0;0;0;
1407;Conforto del Leone;Trost des Löwen;Abilità. Cure per te: 50..110. Adrenalina: 0..3. Disattiva i tuoi Sigilli (12 secondi).;3;17;1;1;0;0;1;1;3.2;0;0;0;0;0;0;
1408;Impeto dello Ntouka;Wut des Ntouka;Abilità d'Élite. Adrenalina conseguita: 1..7. Per 8 secondo[i] le abilità di adrenalina si ricaricano in 3 secondo[i] quando vengono usate.;3;17;1;1;0;5;0;15;0;0;1;0;0;0;0;
1409;Percossa del Mokele;Mokele-Schlag;Attacco con Martello. Danni inferti: +5..20. Adrenalina conseguita: 2.;3;19;8;1;0;5;0;12;0;0;0;0;0;0;0;
1410;Percossa Prepotente;Anmaßender Schlag;Attacco con Martello. Danni inferti: +1..20. Condizione inflitta all'obiettivo nemico se finisce a terra: Stordimento (secondi: 1..8).;3;19;8;1;0;5;0;20;0;0;0;0;0;0;0;
1411;Sigillo della Resistenza;Siegel der Ausdauer;Sigillo. Tua Salute massima: +50..300. Termina se un tuo attacco va a segno.;3;17;21;1;0;0;.25;20;0;0;0;0;0;0;0;
1412;"Sei Rimasto Solo!";"Ihr seid ganz allein!";Urlo d'Élite. Condizioni inflitte: Storpiatura e Debolezza (8 secondo[i]). Non ha effetto se l'obiettivo nemico è vicino ad uno dei suoi alleati.;3;-1;20;1;0;5;0;10;0;0;1;0;0;0;0;
1413;Scarica di Aggressione;Aggressiver Ausbruch;Posizione. (Secondi: 2..10) Incremento tua velocità d'attacco: 33%. Effetto al termine: perdi tutta l'adrenalina.;3;17;29;1;0;5;0;12;0;0;0;0;0;0;0;
1414;Carica Infuriante;Wütender Angriff;Posizione. (Secondi: 5..15). Aumento della tua velocità di movimento: 25%. Dosi di adrenalina ottenute dal tuo prossimo attacco in mischia: +0..3. Termina dopo il tuo prossimo attacco andato a segno.;3;17;29;1;0;5;0;20;0;0;0;0;0;0;0;
1415;Fendente Azzoppante;Verkrüppelnder Hieb;Attacco d'Élite con Spada. Condizioni inflitte: Storpiatura (5..15 secondo[i]) ed Emorragia (10..25 secondo[i]).;3;20;10;1;0;0;0;0;5;0;1;0;0;0;0;
1416;Squarcio Barbarico;Barbarischer Schnitt;Attacco con Spada. Danni inferti: +5..30. Condizione inflitta se non sei in posizione: Emorragia (5..15 secondo[i]).;3;20;10;1;0;0;0;0;6;0;0;0;0;0;0;
1465;Tiro Preparato;Vorbereiteter Schuss;Attacco con Arco d'Élite. Danni inferti: +10..25. Energia conseguita se hai una preparazione attiva: 1..9.;3;25;2;2;0;5;0;6;0;0;1;0;0;0;0;
1466;Freccia Bruciante;Brennender Pfeil;Attacco con Arco d'Élite. Danni inferti: +10..30. Condizione inflitta: Bruciatura (2..8 secondo[i]).;3;25;2;2;0;10;0;5;0;0;1;0;0;0;0;
1467;Tiro Parabolico;Bogenschuss;Attacco con Arco. Danni inferti: +10..35. Non bloccabile. Rallentamento della velocità di questa freccia: 50%.;3;25;2;2;0;5;0;3;0;0;0;0;0;0;0;
1468;Colpo Congiunto;Gemeinsam zuschlagen;Urlo d'Élite. La tua mascotte si muove immediatamente verso il tuo obiettivo e con il suo attacco successivo infligge Emorragia (5..15 secondo[i]). Condizione da te inflitta la prossima volta che un tuo attacco va a segno: Storpiatura (5..15 secondo[i]).;3;22;20;2;0;5;0;10;0;0;1;0;0;0;0;
1469;Fuoco Incrociato;Kreuzfeuer;Attacco con Arco. Danni inferti: +5..20. Non bloccabile se l'obiettivo nemico si trova vicino ad un tuo alleato.;3;25;2;2;0;5;0;4;0;0;0;0;0;0;0;
1470;Frecce Appuntite;Stachelpfeile;Preparazione. (Secondi: 24) Condizione inflitta dalle tue frecce: Emorragia (3..15 secondo[i]). Riduzione armatura mentre attivi quest'abilità: -40.;3;24;17;2;0;10;2;12;0;0;0;0;0;0;0;
1471;Concentrazione dello Sciacallo;Fokus des Plünderers;Abilità d'Élite. (Secondi: 10) Energia conseguita se colpisci un nemico affetto da una condizione: 3..12.;3;24;1;2;0;5;0;12;0;0;1;0;0;0;0;
1472;Tossicità;Giftigkeit;Rituale della Natura. Crei uno Spirito di livello 1..10 (in vita per 30..180 secondo[i]). Degenerazione Salute delle creature nella portata affette da Veleno o Malattia: -2.;3;22;19;2;0;15;2;60;0;0;0;0;0;0;0;
1473;Sabbie Mobili;Treibsand;Rituale della Natura d'Élite. Crei uno Spirito di livello 1..10 (in vita per 30..180 secondo[i]). Energia persa dalle creature ogni volta che attaccano o usano un'abilità: 1. Non ha effetto sugli Spiriti.;3;24;19;2;0;10;2;30;0;0;1;0;0;0;0;
1474;Abbraccio della Tempesta;Umarmung des Sturms;Posizione. (Secondi: 10) Incremento tua velocità di movimento: 25%. Rinnovo: ogni volta che ricevi danni elementali.;3;-1;29;2;0;5;0;30;0;0;0;0;0;0;0;
1475;Velocità dell'Intrappolatore;Geschwindigkeit des Fallenstellers;Posizione. (Secondi: 5..30) Incremento velocità di ricarica delle trappole: 25%. incremento velocità di attivazione: 25%. Termina se un tuo attacco va a segno.;3;23;29;2;0;5;0;20;0;0;0;0;0;0;0;
1476;Aziona-trappola;Stolperdraht;Trappola. (Secondi: 90) Danni perforanti ai nemici nei dintorni: 5..20. Provoca abbattimento dei nemici affetti da Storpiatura. Facile interruzione.;3;24;30;2;0;10;2;30;0;0;0;0;0;0;0;
1478;Impeto Rinnovante;Erneuernde Welle;Fattura. (Secondo[i]: 8). Danni inferti: 2..12 al secondo. Effetto al termine: Energia ottenuta: 1..8.;3;34;24;8;0;5;1;15;0;0;0;0;0;0;0;
1479;Offerta dello Spirito;Opfer des Geistes;Magia d'Élite. Energia conseguita: 8..17. Non sacrifichi Salute se c'è uno Spirito a portata d'orecchio.;3;34;22;8;0;3;.25;15;0;17;1;0;0;0;0;
1480;Dono dello Spirito;Geschenk des Geistes;Incantesimo. (Secondi: 60) Ogni volta che dai vita ad una creatura, tutti gli alleati nei dintorni ottengono 5..50 Punto[i] Salute e perdono una condizione.;3;36;23;8;0;10;1;45;0;0;0;0;0;0;0;
1481;Sigillo del Patto Mortale;Todespakt-Siegel;Sigillo. Resuscita il membro della squadra selezionato con la tua Salute attuale e un 15..100% di Energia massima. Per 120 secondo[i] potresti morire se questo membro della squadra muore.;3;33;21;8;0;0;3;12;0;0;0;0;0;0;0;
1482;Reclama Essenza;Essenz zurückfordern;Magia d'Élite. Tutti i tuoi Spiriti muoiono. Energia conseguita se uno Spirito muore in questo modo: 5..20. Tutti i tuoi Rituali Incatenanti si ricaricano.;3;36;22;8;0;5;1;30;0;0;1;0;0;0;0;
1483;Colpo Esorcizzante;Bannstoß;Attacco Ravvicinato. Danni sacri inferti: 10..60. Infligge danno doppio alle creature evocate.;3;44;3;10;0;5;1;3;0;0;0;0;0;0;0;
1484;Falciata Mistica;Mystischer Schwung;Attacco Ravvicinato. Danni inferti: +3..12. Danni aggiuntivi inferti: +3..12 se sei sotto incantesimo.;3;44;3;10;0;5;1;6;0;0;0;0;0;0;0;
1485;Attacco dell'Eremita;Angriff des Eremiten;Attacco con Falce. Danni inferti: +1..10 e rimuove un Incantesimo del Derviscio. Effetto della rimozione: infligge un danno aggiuntivo di +1..10 e colpisce tutti i nemici adiacenti.;3;41;9;10;0;5;0;6;0;0;0;0;0;0;0;
1486;Sottrai Impurità;Unreinheiten ausnutzen;Attacco Ravvicinato. Danni inferti: +3..15. Il nemico colpito perde 1 condizione. Effetto della rimozione: tutti i nemici adiacenti agli obiettivi colpiti subiscono 10..40 danni sacri.;3;41;3;10;0;0;0;0;4.8;0;0;0;0;0;0;
1487;Falciata della Luna Gemella;Doppelter Mondschwung;Attacco Ravvicinato. Rimuove uno dei tuoi Incantesimi del Derviscio. Punti Salute ottenuti: 10..50. Effetto della rimozione: non bloccabile, attacco doppio e +10..70 Punti Salute.;3;41;3;10;0;0;0;0;6.4;0;0;0;0;0;0;
1488;Falciata Vittoriosa;Siegreicher Schwung;Attacco Ravvicinato. Danni inferti: +5..25. Salute conseguita per ogni nemico da te colpito con meno Salute di te: 30..80.;3;41;3;10;0;5;0;4;0;0;0;0;0;0;0;
1489;Falciata Irresistibile;Unwiderstehlicher Schwung;Attacco con Falce. Danni inferti: +3..15. Incantesimi del Derviscio rimossi: 1. Effetto della rimozione: non bloccabile, rimuove una posizione e infligge +3..15 danni.;3;41;9;10;0;5;0;6;0;0;0;0;0;0;0;
1490;Assalto Pio;Frommer Angriff;Attacco Ravvicinato. Danni inferti: +10..20. Rimuove uno dei tuoi Incantesimi del Derviscio. Effetto della rimozione: l'abilità si ricarica più velocemente di un 75% e tutti i nemici adiacenti subiscono 15..40 danni.;3;41;3;10;0;5;0;12;0;0;0;0;0;0;0;
1491;Tornado Mistico;Mystischer Wirbelsturm;Magia. Danni da freddo a tutti i nemici nei dintorni : 10..60. Danni da freddo inferti: +10..60 se sei sotto incantesimo.;3;42;22;10;0;0;.5;4;4.8;0;0;0;0;0;0;
1493;Dita di Grenth;Grenths Finger;Incantesimo Lampo. (Secondi: 30). I tuoi attacchi assestano danni da freddo. Effetto iniziale: danni da freddo inflitti ai nemici nei dintorni: 10..40. Effetto al termine: condizioni trasferite ai nemici nei dintorni: 1..2.;3;42;33;10;0;5;0;10;0;0;0;0;0;0;0;
1495;Aura di Spine;Dornenaura;Incantesimo Lampo. (Secondi: 30.) Effetto iniziale: condizione inflitta: Emorragia (5..15 secondi) ai nemici nei dintorni. Effetto al termine: condizione inflitta: Storpiatura (3..8 secondi) ai nemici nei dintorni.;3;43;33;10;0;5;0;10;0;0;0;0;0;0;0;
1496;Ira di Balthazar;Balthasars Wut;Incantesimo Lampo. (Secondi: 20). Effetto iniziale: infligge Bruciatura (1..3 secondi) ai nemici nei dintorni. Effetto al termine: dosi di adrenalina ricevute se ci sono nemici a portata d'orecchio: 1..2.;3;44;33;10;0;10;0;10;0;0;0;0;0;0;0;
1497;Mantello della Polvere;Staubdecke;Incantesimo Lampo. (Secondi: 30). I tuoi attacchi assestano danni da terra. Effetto iniziale: Danni da terra ai nemici nei dintorni: 10..40. Effetto al termine: Condizione inflitta: Accecamento (1..4 secondi) ai nemici dei dintorni.;3;43;33;10;0;10;0;6;0;0;0;0;0;0;0;
1498;Forza Travolgente;Umwerfende Gewalt;Incantesimo Lampo. (Secondi: 30). I tuoi attacchi assestano danni da terra. Effetto iniziale: 10..40 danni da terra ai nemici nei dintorni. Effetto al termine: Condizione inflitta: Armatura Incrinata (1..10 secondi) ai nemici dei dintorni.;3;43;33;10;0;10;0;6;0;0;0;0;0;0;0;
1499;Rinnovamento Pio;Fromme Erneuerung;Incantesimo Lampo d'Élite. (Secondi: 8). Effetto al termine: si ricarica e ottieni 0..5 Punti Energia e 0..30 Punti Salute.;3;44;33;10;0;5;0;8;0;0;1;0;0;0;0;
1500;Mantello del Miraggio;Trugbild-Umhang;Incantesimo Lampo. (20 secondo/i) Probabilità del 40% di bloccare e un 4..10% extra per ogni incantesimo aggiuntivo. I nemici nelle vicinanze subiscono 10..40 danni di terra quando perdi un incantesimo da Derviscio.;3;43;33;10;0;15;0;24;0;0;0;0;0;0;0;
1502;Zelo Arcano;Arkaner Eifer;Incantesimo d'Élite. (Secondi: 10). Energia conseguita per ogni incantesimo su di te ogni volta che lanci una magia: 2 (max 2..7).;3;44;23;10;0;10;1;5;0;0;1;0;0;0;0;
1503;Vigore Mistico;Mystische Vitalität;Incantesimo. (Secondi: 20) Salute conseguita per ogni incantesimo che hai addosso ogni volta che colpisci con un attacco: 3..15 (max 25).;3;44;23;10;0;5;.25;15;0;0;0;0;0;0;0;
1504;Intervento Vigile;Wachsame Intervention;Incantesimo. (Secondi: 60) Cure impartite la prossima volta che il danno fa calare la Salute dell'obiettivo alleato al di sotto di un 25%: 50..200.;3;44;23;10;0;10;1;15;0;0;0;0;0;0;0;
1505;Voto della Pietà;Gelübde der Frömmigkeit;Incantesimo. (Secondi: 20). Armatura: +24. Rigenerazione Salute: +1..4. Rinnovo: ogni volta che un incantesimo presente su di te termina.;3;42;23;10;0;15;.25;45;0;0;0;0;0;0;0;
1506;Dono Vitale;Wesentliche Wohltat;Incantesimo. (Secondi: 20) Tua Salute massima: +40..100. Effetto al termine: ti cura di 75..200.;3;43;23;10;0;5;1;8;0;0;0;0;0;0;0;
1507;Cuore della Fiamma Sacra;Herz der heiligen Flamme;Incantesimo Lampo. (Secondi: 30). I tuoi attacchi assestano danni sacri. Effetto iniziale: Danni sacri inferti ai nemici nei dintorni: 5..30. Effetto al termine: Condizione inflitta ai nemici nei dintorni: Bruciatura (2..5 secondi).;3;44;33;10;0;10;0;10;0;0;0;0;0;0;0;
1508;Prolunga Incantesimi;Verzauberungen ausweiten;Abilità. (10 secondi). Il tuo prossimo Incantesimo del Derviscio ha una durata prolungata di un 10..150%.;3;44;1;10;0;5;0;10;0;0;0;0;0;0;0;
1509;Intervento Fedele;Vertrauensvolle Intervention;Incantesimo. Salute conseguita la prossima volta che il danno fa calare la tua Salute al di sotto di 50%: 30..150.;3;44;23;10;0;5;2;20;0;0;0;0;0;0;0;
1510;Granelli di Sabbia;Sandscherben;Incantesimo Lampo. (30 secondo/i) Infligge 10..60 danni di terra a tutti i nemici adiacenti ogni volta che li colpisci con la falce. Termina dopo 1..5 colpo/i.;3;43;33;10;0;10;0;10;0;0;0;0;0;0;0;
1512;Fretta di Lyssa;Lyssas Eile;Incantesimo Lampo. (Secondi: 3..15). Incremento velocità di ricarica dei tuoi Incantesimi del Derviscio: 33%. Effetto iniziale: interrompe tutti i nemici adiacenti. Effetto al termine: interrompe tutti i nemici adiacenti. (50% di probabilità di fallimento con Preghiere del Vento inferiori al grado 5.);3;42;33;10;0;10;0;15;0;0;0;0;0;0;0;
1513;Mani Guidate;Lenkende Hände;Incantesimo. (Secondi: 20). 0..3 dei tuoi prossimi attacchi non possono essere bloccati. Effetto iniziale: rimuove Accecamento.;3;42;23;10;0;10;.25;10;0;0;0;0;0;0;0;
1514;Stabilità Effimera;Flüchtige Stabilität;Incantesimo Lampo. (Secondi: 4..10). Aumento velocità di attacco: 25% e non puoi finire a terra. Termina se viene impedito un abbattimento.;3;43;33;10;0;5;0;10;0;0;0;0;0;0;0;
1515;Armatura di Santità;Rüstung der Heiligkeit;Incantesimo. Condizione inflitta a tutti i nemici adiacenti: Debolezza (secondi: 5..15). Riduzione del danno che subisci dai nemici affetti da una condizione: 5..20 (secondi: 15).;3;43;23;10;0;5;.25;15;0;0;0;0;0;0;0;
1516;Rigenerazione Mistica;Mystische Regeneration;Incantesimo. (Secondi: 5..20). Rigenerazione tua Salute per ogni incantesimo presente su di te (max 8): +1..4.;3;43;23;10;0;15;.25;10;0;0;0;0;0;0;0;
1517;Voto del Silenzio;Schweigegelübde;Incantesimo d'Élite. (Secondi: 5..10). Non puoi essere bersaglio di magie. Non puoi lanciare magie.;3;44;23;10;0;5;.25;10;0;0;1;0;0;0;0;
1518;Apparizione di Balthazar;Balthasars Avatar;Forma d'Élite. (Secondi: 10..90.) Ottieni +20 di armatura contro danni fisici, ottieni adrenalina il 25% più velocemente, i tuoi attacchi infliggono danni sacri e, ogni volta che perdi un Incantesimo da Derviscio, ai nemici nei dintorni viene inflitta Bruciatura per 1..3 secondi. Questa abilità verrà disabilitata per 45 secondi.;3;44;15;10;0;5;2;20;0;0;1;0;0;0;0;
1519;Apparizione di Dwayna;Dwaynas Avatar;Forma d'Élite. (Secondi: 10..90.) Infliggi danni sacri. Fatture perse utilizzando un'abilità d'attacco del Derviscio: 1. Curi gli alleati a portata d'orecchio di 5..50 Punti Salute quando perdi un Incantesimo del Derviscio. Questa abilità verrà disabilitata per 45 secondi.;3;44;15;10;0;5;2;20;0;0;1;0;0;0;0;
1520;Apparizione di Grenth;Grenths Avatar;Forma d'Élite. (Secondi: 10..90). I tuoi attacchi con la Falce infliggono danni da oscurità e sottraggono 0..12 Punti Salute. Sei immune da Malattia. Condizione inflitta a tutti i nemici adiacenti quando perdi un Incantesimo del Derviscio: Malattia (3 secondi). L'abilità viene disattivata per 45 secondi.;3;44;15;10;0;5;2;20;0;0;1;0;0;0;0;
1521;Apparizione di Lyssa;Lyssas Avatar;Forma d'Élite. (Secondi: 10..90). Velocità di ricarica Incantesimi del Derviscio: +50% e infliggi danni da caos con gli attacchi. Punti Energia sottratti a tutti i nemici nei dintorni quando perdi un Incantesimo del Derviscio: 1. L'abilità viene disattivata per 45 secondi.;3;44;15;10;0;5;2;20;0;0;1;0;0;0;0;
1522;Apparizione di Melandru;Melandrus Avatar;Forma d'Élite. (Secondi: 10..90). Hai +150 Salute massima, +30 armatura contro gli attacchi elementali e i tuoi attacchi infliggono danni da terra. Condizioni curate a tutti i membri della squadra a portata d'orecchio quando perdi un Incantesimo del Derviscio: 1. L'abilità viene disattivata per 45 secondi.;3;44;15;10;0;5;2;20;0;0;1;0;0;0;0;
1523;Meditazione;Meditation;Incantesimo. (Secondi: 20). Perdi tutta l'adrenalina. Ottieni 1..4 Punti Energia ogni volta che un incantesimo presente su di te termina.;3;44;23;10;0;10;.25;15;0;0;0;0;0;0;0;
1524;Zelo dell'Eremita;Eifer des Eremiten;Incantesimo. (Secondi: 10). Effetto iniziale: ottieni 1..3 Punti Energia (max 8) per ogni nemico a portata d'orecchio. Effetto al termine: ottieni 1..3 Punti Energia (max 8) per ogni nemico a portata d'orecchio.;3;44;23;10;0;5;.25;15;0;0;0;0;0;0;0;
1525;Cura Naturale;Natürliche Heilung;Magia. Cura 50..170 Punti Salute. Questa abilità si attiva di un 50% più velocemente se non sei sotto incantesimo.;3;42;22;10;0;5;1;6;0;0;0;0;0;0;0;
1526;Instilla Salute;Mit Leben durchdringen;Magia. Cura di un 5..50% della tua Salute attuale (max 300). Impossibile selezionare se stessi.;3;44;22;10;0;10;.25;10;0;0;0;0;0;0;0;
1527;Cura Mistica;Mystische Heilung;Magia. Ti cura di 5..65 Punti Salute. Punti Salute curati per tutti i membri della squadra sotto incantesimo: 5..65.;3;42;22;10;0;5;1;4;0;0;0;0;0;0;0;
1528;Tocco di Dwayna;Dwaynas Berührung;Magia a Tocco. Cure per ogni incantesimo che hai addosso: 60 (max 60..240).;3;42;22;10;0;5;.75;5;0;0;0;0;0;0;0;
1529;Ripristino Pio;Fromme Wiederherstellung;Magia. Ottieni 80..150 Punti Salute e perdi 1 Incantesimo del Derviscio. Effetto della rimozione: perdi 1..3 fatture.;3;42;22;10;0;5;1;8;0;0;0;0;0;0;0;
1530;Sigillo di Luce Pia;Siegel des frommen Lichts;Sigillo. Cura: 30..150 Punti Salute. Rimuove uno dei tuoi Incantesimi del Derviscio. Effetto della rimozione: ricarica più veloce del 75%.;3;43;21;10;0;0;1;20;0;0;0;0;0;0;0;
1531;Aura Intimidatoria;Einschüchternde Aura;Incantesimo. (Secondi: 60). Hai +40..100 Salute massima e subisci -1..10 danni da nemici con meno Salute di te.;3;44;23;10;0;10;.75;20;0;0;0;0;0;0;0;
1532;Tempesta di Sabbia Mistica;Mystischer Sandsturm;Magia. (Secondi: 3). Danni da terra inferti: 10..40 al secondo. Infligge 10..20 danni in più ai nemici in attacco. Colpisce i nemici nelle vicinanze della tua posizione iniziale. Dura il doppio del tempo se sei sotto incantesimo.;3;43;22;10;0;0;1;8;4.8;0;0;0;0;0;0;
1533;Venti del Disincanto;Wind der Entzauberung;Magia. Rimuove uno dei tuoi Incantesimi del Derviscio. Effetto della rimozione: tutti i nemici nei dintorni perdono 1 incantesimo e subiscono 20..80 danni da freddo.;3;42;22;10;0;5;.75;15;0;0;0;0;0;0;0;
1534;Tocco lacerante;Zerreißende Berührung;Magia a Tocco. Infligge 15..65 danni da freddo. Perdi 1 incantesimo da Derviscio. Effetto di rimozione: il bersaglio nemico perde 1 incantesimo e tu ottieni 2 colpo/i da adrenalina.;3;44;22;10;0;5;.75;12;0;0;0;0;0;0;0;
1535;Falciata Azzoppante;Verkrüppelnder Schwung;Attacco con Falce. (Secondi: 3..12). Infligge Storpiatura. Danni inflitti ai nemici in movimento: +3..15.;3;41;9;10;0;5;0;6;0;0;0;0;0;0;0;
1536;Colpo Lesionante;Verwundender Schlag;Attacco d'Élite con Falce. Danni inferti: +5..20. Condizione inflitta: Emorragia (5..20 secondi). Rimuove 1 Incantesimo del Derviscio. Effetto della rimozione: Condizione inflitta: Ferita Profonda (5..20 secondi).;3;41;9;10;0;5;0;3;0;0;1;0;0;0;0;
1537;Colpo Stancante;Ermüdender Schlag;Attacco con Falce. Rimuove 1 Incantesimo del Derviscio. Effetto della rimozione: Condizione inflitta: Ferita Profonda (3..10 secondi). Soffri di Debolezza (10 secondi) se un incantesimo non è stato rimosso.;3;41;9;10;0;0;0;0;6;0;0;0;0;0;0;
1538;Assalto di Lyssa;Lyssas Angriff;Attacco con Falce. Interrompe un'azione. Disattivazione dell'abilità interrotta se sei sotto incantesimo: +1..10 secondi. Questo attacco infligge un 50% di danno normale.;3;41;9;10;0;5;.5;15;0;0;0;0;0;0;0;
1539;Vittoria Gelante;Kühler Sieg;Attacco con Falce. Danni inferti: +3..15. Infligge 10..30 danni da freddo all'obiettivo e ai nemici adiacenti, ogni volta che quest'attacco colpisce un nemico con meno Salute di te.;3;41;9;10;0;0;0;0;6;0;0;0;0;0;0;
1540;Convinzione;Überzeugung;Incantesimo Lampo. (Secondi: 10). Armatura ottenuta quando hai una condizione: + 10. Salute rigenerata per ogni condizione su di te: 1..3. Effetto al termine: condizioni rimosse: 1..2.;3;43;33;10;0;5;0;10;0;0;0;0;0;0;0;
1541;Fretta Incantata;Verzauberte Eile;Incantesimo Lampo. (Secondi: 7). Aumento della tua velocità di movimento: 25%. Perdi 1 condizioni se questo incantesimo termina prematuramente.;3;-1;33;10;0;10;0;15;0;0;0;0;0;0;0;
1542;Concentrazione Pia;Fromme Konzentration;Posizione. (Secondi: 5..20). Previene l'interruzione. Costo della prevenzione: perdi un Incantesimo del Derviscio o Concentrazione Pia termina.;3;43;29;10;0;10;0;10;0;0;0;0;0;0;0;
1543;Fretta Pia;Fromme Eile;Posizione. (Secondi: 1..7). Perdi 1 Incantesimo del Derviscio e ti muovi più velocemente di un 25%. Effetto della rimozione: Corsa più veloce: 50%;3;44;29;10;0;5;0;12;0;0;0;0;0;0;0;
1544;Carica Vorticosa;Wirbelangriff;Incantesimo Lampo. (Secondi: 1..6). Aumento della tua velocità di movimento: 33%. Danni da freddo inferti a tutti i nemici nei dintorni la prossima volta che colpisci un nemico: 10..60 e l'incantesimo termina.;3;42;33;10;0;5;0;8;0;0;0;0;0;0;0;
1545;Prova di Fede;Glaubensprüfung;Magia a Tocco. Danni da freddo inferti: 15..75 e rimuove un incantesimo. Condizione subita dall'obiettivo nemico se non è sotto incantesimo: Stordimento (2..6 secondi).;3;42;22;10;0;0;.5;5;5;0;0;0;0;0;0;
1546;Lancia Ardente;Lodernder Speer;Attacco con Lancia. Danni inferti: +5..25. Condizione inflitta: Bruciatura (1..3 secondo[i]).;3;37;12;9;0;0;0;0;6;0;0;0;0;0;0;
1547;Lancio Potente;Mächtiger Wurf;Attacco con Lancia. Danni inferti: +10..40. La velocità di movimento di questa lancia si triplica.;3;37;12;9;0;0;1;0;4;0;0;0;0;0;0;
1548;Lancia Crudele;Grausamer Speer;Attacco d'Élite con Lancia. Danni inferti: +10..50. Condizione inflitta se l'obiettivo non si sta muovendo: Ferita Profonda (5..20 secondo[i]).;3;37;12;9;0;0;0;0;6;0;1;0;0;0;0;
1549;Lancio del Predatore;Wurf des Läufers;Attacco con Lancia. Danni inferti: +5..20. Assesta 5..40 danno[i] in più se l'obiettivo si sta muovendo.;3;37;12;9;0;10;.5;10;0;0;0;0;0;0;0;
1550;Lancio Inarrestabile;Unblockbarer Wurf;Attacco con Lancia. Danni inferti: +10..40. Non bloccabile.;3;37;12;9;0;0;1;1;6;0;0;0;0;0;0;
1551;Lancia del Fulmine;Speer des Blitzes;Attacco con Lancia. Infligge +10..20 danni da fulmine. Penetrazione dell'armatura del 25%. Colpisce tutti i nemici tra te e il bersaglio.;3;37;12;9;0;5;0;6;0;0;0;0;0;0;0;
1552;Lancia Stancante;Ermüdender Speer;Attacco con Lancia. Danni inferti: +10..40. Sei affetto da Debolezza (5 secondo[i]).;3;37;12;9;0;0;0;0;3;0;0;0;0;0;0;
1553;Inno della Furia;Hymne der Wut;Canto d'Élite. (Secondi: 10) Adrenalina ottenuta dai membri della squadra a portata d'orecchio con la loro abilità d'attacco successiva: 2..5.;3;40;13;9;0;5;1;10;0;0;1;0;0;0;0;
1554;Inno Azzoppante;Verkrüppelungs-Hymne;Canto d'Élite. (Secondi: 10) Condizione inflitta dagli alleati a portata d'orecchio con la loro abilità d'attacco successiva: Storpiatura (5..15 secondo[i]).;3;38;13;9;0;0;1;0;3;0;1;0;0;0;0;
1555;Inno Difensivo;Verteidigungshymne;Canto d'Élite. (Secondi: 4..10) Probabilità di bloccare dei membri della squadra a portata d'orecchio: 50%. Termina se colpisci con un'abilità d'attacco.;3;40;13;9;0;10;1;15;0;0;1;0;0;0;0;
1556;Buon Viaggio;Gute Reise;Urlo. (Secondi: 5..20) Incremento velocità di movimento degli alleati sotto incantesimo a portata d'orecchio: 25%.;3;38;20;9;0;10;0;30;0;0;0;0;0;0;0;
1557;Inno della Fiamma;Hymne der Flamme;Canto. (Secondi: 10) Condizione inflitta dai membri della squadra a portata d'orecchio con la loro abilità d'attacco successiva: Bruciatura (1..5 secondo[i]).;3;40;13;9;0;5;1;10;0;0;0;0;0;0;0;
1558;"Punta gli Occhi!";"Zielt auf die Augen!";Urlo. (Secondi: 10) Aumento probabilità degli alleati a portata d'orecchio di assestare un colpo critico con il loro attacco successivo: +30..100%.;3;38;20;9;0;0;0;0;4;0;0;0;0;0;0;
1559;Inno dell'Invidia;Hymne des Neids;Canto. (Secondi: 10) Danni inferti dagli alleati a portata d'orecchio con la loro abilità d'attacco successiva: +10..25. Il danno extra si applica solo ai nemici con più del 50% di Salute.;3;38;13;9;0;0;1;0;6;0;0;0;0;0;0;
1560;Canto del Potere;Machtgesang;Canto. (Secondi: 5..20) Rigenerazione Energia degli alleati a portata d'orecchio: +4. Termina usando un'abilità.;3;39;13;9;0;15;1;30;0;0;0;0;0;0;0;
1561;Inno Zelante;Eifrige Hymne;Canto. (Secondi: 10) Energia ottenuta dagli alleati a portata d'orecchio con l'abilità d'attacco successiva: 1..8.;3;39;13;9;0;10;1;10;0;0;0;0;0;0;0;
1562;Aria dello Zelo;Arie des Eifers;Canto. (Secondi: 10) Energia ottenuta dagli alleati a portata d'orecchio con la magia successiva: 1..6.;3;39;13;9;0;5;1;10;0;0;0;0;0;0;0;
1563;Lirica dello Zelo;Lyrik des Eifers;Canto. (Secondi: 10) Energia ottenuta dagli alleati a portata d'orecchio con il Sigillo successivo: 1..8.;3;39;13;9;0;0;1;0;6;0;0;0;0;0;0;
1564;Ballata del Ripristino;Ballade der Wiederherstellung;Canto. (Secondi: 10) Salute ottenuta dai membri della squadra a portata d'orecchio la prossima volta che subiscono danni: 15..75.;3;39;13;9;0;10;1;10;0;0;0;0;0;0;0;
1565;Coro del Ripristino;Chor der Wiederherstellung;Canto. (Secondi: 10) Gli alleati a portata d'orecchio vengono curati di 30..90 con il prossimo urlo o canto.;3;39;13;9;0;0;1;5;4;0;0;0;0;0;0;
1566;Aria del Ripristino;Arie der Wiederherstellung;Canto. (Secondi: 10) Salute conseguita dai membri della squadra a portata d'orecchio con la magia successiva: 30..90.;3;39;13;9;0;10;1;10;0;0;0;0;0;0;0;
1567;Canzone della Concentrazione;Lied der Konzentration;Canto. (Secondi: 10) Gli alleati a portata d'orecchio non possono subire interruzione della magia successiva.;3;-1;13;9;0;0;2;5;8;0;0;0;0;0;0;
1568;Inno della Guida;Hymne der Führung;Canto d'Élite. (Secondi: 10) I membri della squadra a portata d'orecchio non possono essere bloccati con l'abilità d'attacco successiva.;3;38;13;9;0;0;1;0;2;0;1;0;0;0;0;
1569;Coro Energizzante;Energie bringender Chor;Canto. (Secondi: 10) Riduzione costo energetico del prossimo canto o urlo per gli alleati a portata d'orecchio: 3..7.;3;39;13;9;0;0;1;0;3;0;0;0;0;0;0;
1570;Canzone della Purificazione;Lied der Läuterung;Canto d'Élite. (Secondi: 20) Gli alleati a portata d'orecchio perdono una condizione con 1..6 abilità successiva[e].;3;39;13;9;0;0;2;0;3;0;1;0;0;0;0;
1571;Aria Anti-Fattura;Verhexungsbrech-Arie;Canto. (Secondi: 10) Energia a portata d'orecchio perdono una fattura con la magia successiva.;3;-1;13;9;0;0;2;0;8;0;0;0;0;0;0;
1572;"Preparatevi!";"Seid vorbereitet!";Urlo. (Secondi: 5..15). Previene il prossimo abbattimento. assesta 15..75 danni a tutti i nemici vicino all'obiettivo alleato. Impossibile selezionare se stessi.;3;38;20;9;0;5;0;4;0;0;0;0;0;0;0;
1573;Soggezione;Ehrfurcht;Abilità. Condizione inflitta: Stordimento (5..15 secondo[i]). Ha effetto solo se l'obiettivo è stato abbattuto.;3;40;1;9;0;10;.75;10;0;0;0;0;0;0;0;
1574;Armonia Permanente;Dauerhafte Harmonie;Eco. (Secondi: 10..35) Incremento durata di canti e urla sull'obiettivo alleato: 50%. Impossibile selezionare gli Spiriti.;3;40;14;9;0;5;1;10;0;0;0;0;0;0;0;
1575;Finale Ardente;Loderndes Finale;Eco. (Secondi: 10..35) Condizione inflitta ai nemici adiacenti ogni volta che un canto o urlo termina sull'obiettivo alleato: Bruciatura (1..7 secondo[i]). Impossibile selezionare gli Spiriti.;3;40;14;9;0;5;1;8;0;0;0;0;0;0;0;
1576;Ritornello Bruciante;Brennender Refrain;Eco. (Secondi: 20) Condizione inflitta se l'obiettivo alleato colpisce un nemico con più Salute: Bruciatura (1..3 secondo[i]). Rinnovo: ogni volta che un canto o un urlo termina su quell'alleato. Impossibile selezionare gli Spiriti.;3;40;14;9;0;10;1;10;0;0;0;0;0;0;0;
1577;Finale del Ripristino;Finale der Wiederherstellung;Eco. (Secondi: 10..35). Punti Salute conseguiti dall'obiettivo (un alleato o te stesso) ogni volta che un canto o un urlo termina su di lui: 15..75. Impossibile selezionare gli Spiriti.;3;39;14;9;0;5;1;10;0;0;0;0;0;0;0;
1578;Ritornello Riparatore;Genesungsrefrain;Eco. (Secondi: 15) Rigenerazione Salute dell'obiettivo alleato: +2..3. Rinnovo: ogni volta che un canto o un urlo termina su quell'alleato. Impossibile selezionare gli Spiriti.;3;39;14;9;0;10;1;8;0;0;0;0;0;0;0;
1579;Finale Purificante;Reinigendes Finale;Eco. (Secondi: 10..35) L'obiettivo (un alleato o te stesso) si libera di una condizione ogni volta che un canto o un urlo termina su di lui. Impossibile selezionare gli Spiriti.;3;39;14;9;0;5;.25;5;0;0;0;0;0;0;0;
1580;Ritornello Ruotalama;Klingenumkehr-Refrain;Eco. (Secondi: 20). L'obiettivo alleato ha un 5..20% di probabilità di blocco. Rinnovo: ogni volta che un canto o un urlo termina su quell'alleato. Impossibile selezionare gli spiriti.;3;38;14;9;0;5;1;8;0;0;0;0;0;0;0;
1581;Sigillo Luminoso;Glühendes Siegel;Sigillo. Energia conseguita se l'obiettivo nemico è affetto da Bruciatura: 5..15.;3;40;21;9;0;0;.25;15;0;0;0;0;0;0;0;
1583;Zelo del Condottiero;Eifer des Anführers;Abilità. Ottieni 2..4 Punto[i] Energia (max 8..12) per ogni alleato nei dintorni.;3;39;1;9;0;5;0;12;0;0;0;0;0;0;0;
1584;Conforto del Leader;Trost des Anführers;Abilità. Salute conseguita: 30..75. Salute aggiuntiva conseguita per ogni alleato presente a portata d'orecchio: +10..20 (max 140).;3;40;1;9;0;5;2;8;0;0;0;0;0;0;0;
1585;Sigillo della Sinergia;Siegel der Synergie;Sigillo. Salute per l'obiettivo (un alleato o te stesso): 40..100. Vieni curato anche di 40..100 se non sei sotto incantesimo. Impossibile selezionare se stessi.;3;39;21;9;0;0;1;10;0;0;0;0;0;0;0;
1586;Protezione Angelica;Engelsschutz;Abilità. (Secondi: 10) Ogni secondo in cui l'obiettivo alleato subisce danni superiori a 250..80, l'eccedenza si trasforma per lui in cure. Impossibile selezionare se stessi.;3;40;1;9;0;5;0;30;0;0;0;0;0;0;0;
1587;Legame Angelico;Engelsbindung;Abilità d'Élite. (Secondi: 10) La prossima volta che un alleato a portata d'orecchio dovrebbe subire un danno fatale, quel danno si annulla e l'alleato riceve 20..200 di Salute. Termina su tutti gli altri alleati.;3;40;1;9;0;5;1;15;0;0;1;0;0;0;0;
1588;Sigillo della Cauterizzazione;Siegel der Verätzung;Sigillo d'Élite. Tutti i membri della squadra si liberano di tutte le condizioni. Sei affetto da Bruciatura (un secondo per ogni condizione rimossa).;3;-1;21;9;0;0;2;15;0;0;1;0;0;0;0;
1589;"Non Muovetevi!";"Haltet Eure Stellung!";Urlo. (Secondi: 5..20) Armatura dei membri della squadra quando restano fermi: +24.;3;38;20;9;0;10;0;20;0;0;0;0;0;0;0;
1590;"Guidaci!";"Geht voran!";Urlo. Incremento della velocità di movimento dell'obiettivo (un alleato o te stesso) per ogni alleato a portata d'orecchio: 25% per 1..5 secondo[i] (max 30).;3;40;20;9;0;5;0;8;0;0;0;0;0;0;0;
1591;"In fretta!";"Beeilt Euch!";Urlo. (Secondi: 5..20) Incremento velocità di movimento dell'obiettivo: 33%. Termina se l'obiettivo alleato colpisce con un attacco. Impossibile selezionare se stessi.;3;38;20;9;0;5;0;10;0;0;0;0;0;0;0;
1592;"Torneremo!";"Wir kommen wieder!";Urlo. Tutti i membri della squadra a portata d'orecchio vengono resuscitati (25..50% di Salute e 5..20% di Energia).;3;38;20;9;0;25;0;30;0;0;0;0;0;0;0;
1593;"Non Datevi per Vinti!";"Gebt nicht auf!";Urlo. Energia per gli alleati a portata d'orecchio: 1..10. Ha effetto solo sugli alleati con Salute inferiore a 75%.;3;38;20;9;0;5;0;15;0;0;0;0;0;0;0;
1594;"Aiuto!";"Hilfe!";Urlo. (1..10 secondo/i). Il bersaglio alleato non spirito ottiene 15..90 Salute, le magie degli altri alleati indirizzate su quel personaggio vengono lanciate il 50% più velocemente.;3;38;20;9;0;5;0;10;0;0;0;0;0;0;0;
1595;"Ripieghiamo!";"Zieht Euch zurück!";Urlo. (Secondi: 4..10) Salute ottenuta dagli alleati a portata d'orecchio al secondo mentre si muovono: 5..15. incremento della loro velocità: 33%. Termina per un alleato se un suo attacco va a segno.;3;38;20;9;0;10;0;20;0;0;0;0;0;0;0;
1596;"Arrivano!";"Schon unterwegs!";Urlo d'Élite. (Secondi: 4..10). Incremento velocità di movimento di tutti gli alleati a portata d'orecchio: 33%. Punti Salute al secondo ottenuti in movimento: 5..15.;3;38;20;9;0;5;0;20;0;0;1;0;0;0;0;
1597;"Bruciano!";"Sie brennen!";Urlo. (Secondi: 10) Riduzione dei danni assestati dai nemici che soffrono di Bruciatura e subiti dai membri della squadra a portata d'orecchio: 5..35%.;3;40;20;9;0;10;0;10;0;0;0;0;0;0;0;
1598;"Mai Arrendersi!";"Ergebt Euch nicht!";Urlo. (Secondi: 15) Rigenerazione Salute dei membri della squadra a portata d'orecchio: +1..5. Ha effetto solo sui membri della squadra con Salute inferiore a 75%.;3;38;20;9;0;5;0;15;0;0;0;0;0;0;0;
1599;È Solo una Ferita Superficiale.;Es ist nur eine Fleischwunde.;Urlo d'Élite. Rimuove tutte le condizioni dall'obiettivo alleato. Incremento velocità di movimento dell'alleato se viene rimossa una condizione: 25% (1..10 secondo[i]). Impossibile selezionare se stessi.;3;39;20;9;0;5;0;2;0;0;1;0;0;0;0;
1600;Lancia Appuntita;Stachelspeer;Attacco con Lancia. Condizione inflitta: Emorragia (5..20 secondo[i]).;3;37;12;9;0;0;0;0;2;0;0;0;0;0;0;
1601;Attacco Dispettoso;Bösartiger Angriff;Attacco con Lancia. Danni inferti: +5..20. Condizione inflitta con un colpo critico: Ferita Profonda (5..15 secondo[i]).;3;37;12;9;0;5;0;8;0;0;0;0;0;0;0;
1602;Colpo Stordente;Betäubender Schlag;Attacco d'Élite con Lancia. Danni inferti: +10..50. Condizione inflitta se l'obiettivo soffre di una condizione: Stordimento (4..10 secondo[i]).;3;37;12;9;0;0;0;0;8;0;1;0;0;0;0;
1603;Lancia Implacabile;Unbarmherziger Speer;Attacco con Lancia. Condizione inflitta: Ferita Profonda (5..20 secondo[i]). Ha effetto solo se la Salute dell'obiettivo è inferiore a 50%.;3;37;12;9;0;0;0;0;6;0;0;0;0;0;0;
1604;Lancio Dirompente;Unterbrechender Wurf;Attacco con Lancia. Interrompe le azioni. Ha effetto solo se l'obiettivo soffre di una condizione.;3;37;12;9;0;5;.5;10;0;0;0;0;0;0;0;
1605;Lancio Selvaggio;Wilder Wurf;Attacco con Lancia. Danno: +5..20. Non bloccabile. Fa terminare la posizione assunta dall'obiettivo.Disattiva le abilità non legate agli attacchi con la lancia per 3 secondi.;3;37;12;9;0;0;0;0;7;0;0;0;0;0;0;
1633;Colpo Maligno;Böswilliger Stoß;Attacco Ravvicinato. Se l'obiettivo nemico è affetto da una condizione, questo attacco assesta +10..30 danno[i] e risulta in un colpo critico.;3;35;3;7;0;5;0;6;0;0;0;0;0;0;0;
1634;Assalto Frantumante;Vernichtender Angriff;Attacco Doppio[_] d'Élite. Danni inferti: 5..50. Rimuove un incantesimo. Non bloccabile. Deve seguire un attacco con arma secondaria.;3;35;7;7;0;10;0;6;0;0;1;0;0;0;0;
1635;Colpo del Teschio Dorato;Goldener Schädel-Stoß;Attacco d'Élite con Arma Secondaria. Condizione inflitta: Stordimento (1..12 secondo[i]). Ha effetto solo se sei sotto incantesimo.;3;29;6;7;0;10;0;15;0;0;1;0;0;0;0;
1636;Colpo del Ragno Nero;Schwarzer Spinnen-Stoß;Attacco con Arma Secondaria. Danni inferti: +5..20. Condizione inflitta: Veleno (5..20 secondo[i]). Deve colpire un nemico sotto fattura.;3;29;6;7;0;5;0;8;0;0;0;0;0;0;0;
1637;Colpo della Volpe Dorata;Goldener Fuchs-Stoß;Attacco con Arma Primaria. Danni inferti: +10..30. Non bloccabile se sei sotto incantesimo.;3;29;5;7;0;5;0;4;0;0;0;0;0;0;0;
1638;Fretta Letale;Tödliche Eile;Incantesimo. (Secondi: 10..35) Le tue magie con metà della portata normale hanno un tempo di lancio superiore del 5..50% e si ricaricano con una velocità superiore del 5..60%.;3;35;23;7;0;5;1;20;0;0;0;0;0;0;0;
1639;Rimedio dell'Assassino;Mittel des Assassinen;Incantesimo. (Secondi: 30) 1..10 abilità d'attacco che usi in seguito rimuovono una condizione.;3;35;23;7;0;5;1;20;0;0;0;0;0;0;0;
1640;Promessa della Volpe;Versprechen des Fuchses;Incantesimo d'Élite. (Secondi: 5..20) I tuoi attacchi con pugnali non sono bloccabili. Termina la prossima volta che manchi l'obiettivo.;3;29;23;7;0;10;1;20;0;0;1;0;0;0;0;
1641;Neutralità Simulata;Vorgetäuschte Neutralität;Incantesimo. (Secondi: 4..10) Rigenerazione Salute: +7. Armatura: +80. Termina se colpisci con un tuo attacco o usi un'abilità.;3;31;23;7;0;5;.25;25;0;0;0;0;0;0;0;
1642;Triboli Nascosti;Versteckte Trittnägel;Fattura d'Élite. (Secondi: 1..10) Rallentamento movimenti: 50%. Effetto al termine: infligge Storpiatura (1..15 secondo[i]). Le tue abilità non da Assassino vengono disattivate (10 secondi).;3;31;24;7;0;5;1;12;0;0;1;0;0;0;0;
1643;Assalta Incantesimi;Verzauberungen angreifen;Abilità d'Élite. Rimuove tutti gli incantesimi. Deve seguire un attacco doppio.;3;-1;1;7;0;5;.25;8;0;0;1;0;0;0;0;
1644;Crollo del Fannullone;Verfall des Verschwenders;Abilità d'Élite. Compi un Passo nell'Ombra verso l'obiettivo nemico. Provochi abbattimento se non sta usando abilità. Disattiva le tue abilità d'attacco che non utilizzano i pugnali (10 secondo[i]).;3;-1;1;7;0;5;.25;20;0;0;1;0;0;0;0;
1645;Leva Incantesimo;Verzauberung lösen;Abilità a Tocco. Rimuove un incantesimo. Ha effetto solo se l'obiettivo nemico viene abbattuto.;3;-1;1;7;0;5;.25;10;0;0;0;0;0;0;0;
1646;Presagio di Morte;Todesomen;Fattura a Portata Dimezzata. (Secondi: 5..35) Condizione inflitta: Ferita Profonda (5..20 secondo[i]). compi un Passo nell'Ombra verso l'obiettivo nemico la prossima volta che il danno farebbe calare la sua Salute al di sotto del 50%.;3;30;24;7;0;5;1;20;0;0;0;0;0;0;0;
1647;Sigillo dello Shock Tossico;Siegel des toxischen Schocks;Sigillo. Danni inferti: 10..100. Ha effetto solo se l'obiettivo nemico è affetto da Veleno.;3;30;21;7;0;0;1;15;0;0;0;0;0;0;0;
1648;Sigillo del Tramonto;Siegel des Zwielichts;Sigillo. Rimuove un incantesimo per ogni fattura presente sull'obiettivo nemico.;3;-1;21;7;0;0;1;20;0;0;0;0;0;0;0;
1649;Potere dell'Assassino;Weg des Assassinen;Posizione d'Élite. (Secondi: 20) Aumento tua velocità d'attacco mentre brandisci i pugnali: 5..20%. Probabilità di mettere a segno un colpo critico: +5..35%.;3;35;29;7;0;5;0;12;0;0;1;0;0;0;0;
1650;Passeggiata dell'Ombra;Schattenmarsch;Posizione. (Secondi: 15). Compi un Passo nell'Ombra verso l'obiettivo nemico. Effetto al termine: torni nella posizione di partenza. Disattiva le tue abilità d'attacco per 1 secondo. Disattiva i tuoi incantesimi e le tue posizioni per 10 secondi.;3;-1;29;7;0;5;0;30;0;0;0;0;0;0;0;
1651;Ritirata della Morte;Rückzug des Todes;Magia. Salute: 40..130 se ne hai meno dell'obiettivo alleato. Effetto iniziale: compi un Passo nell'Ombra verso questo alleato. Impossibile selezionare se stessi.;3;31;22;7;0;5;.25;20;0;0;0;0;0;0;0;
1652;Prigione d'Ombra;Schattengefängnis;Fattura d'Élite. Compi un Passo nell'Ombra verso l'obiettivo nemico. Rallentamento suoi movimenti: 66% (1..7 secondo[i]).;3;30;24;7;0;5;.25;15;0;0;1;0;0;0;0;
1653;Scambio;Tauschen;Magia. Tu e la creatura evocata presa di mira effettuate un Passo nell'Ombra scambiandovi di posto.;3;-1;22;7;0;5;.25;10;0;0;0;0;0;0;0;
1654;Fusione con l'Ombra;Schattenverschmelzung;Incantesimo d'Élite. Compi un Passo nell'Ombra verso l'obiettivo alleato. Effetto al termine: torni nel punto di partenza. Impossibile selezionare se stessi.;3;-1;23;7;-1;5;.25;10;0;0;1;0;0;0;0;
1655;Prezzo dell'Orgoglio;Preis des Stolzes;Fattura. (Secondi: 5) Provoca una perdita di 3..15 Punto[i] Energia la prossima volta che l'obiettivo nemico usa un'abilità d'élite.;3;2;24;5;0;5;1;8;0;0;0;0;0;0;0;
1656;Aria del Disincanto;Flair der Entzauberung;Fattura d'Élite. Infligge fattura anche ai nemici vicini al tuo obiettivo (5..20 secondo[i]). Rimuovi un incantesimo dall'obiettivo e dai nemici nei dintorni. Incremento velocità di esaurimento degli incantesimi su questi nemici: 150..300%.;3;1;24;5;0;10;1;10;0;0;1;0;0;0;0;
1657;Sigillo della Goffaggine;Siegel der Unbeholfenheit;Sigillo. Interrompe un attacco dell'obiettivo nemico e di tutti i nemici adiacenti. Effetto dell'interruzione: infligge 15..60 danni e fa finire a terra i nemici che hanno attivato abilità d'attacco.;3;1;21;5;0;0;.25;8;0;0;0;0;0;0;0;
1658;Postura Simbolica;Symbolische Haltung;Posizione. (Secondi: 5..20) Incremento velocità di ricarica del prossimo Sigillo: 20..80%.;3;0;29;5;0;10;0;20;0;0;0;0;0;0;0;
1659;Freddo Tossico;Toxische Kälte;Magia d'Élite. Danni da freddo inferti: 15..75. Condizione inflitta se l'obiettivo nemico è sotto fattura o incantesimo: Veleno (10..25 secondo[i]).;3;5;22;4;0;5;1;5;0;0;1;0;0;0;0;
1660;Pozzo del Silenzio;Brunnen der Stille;Pozzo. (10..30 secondo/i). I nemici in questo Pozzo non possono usare urla e canti e hanno -1..4 degenerazione della Salute. Utilizza un cadavere fresco o sacrifica il 66% della Salute.;3;7;28;4;0;10;1;20;0;0;0;0;0;0;0;
1661;Pietra Fluorescente;Leuchtstein;Magia. Proiettile: infligge 5..50 danni da terra. Energia conseguita se l'obiettivo nemico è affetto da Debolezza: 5 più 1 per ogni 2 gradi della Riserva di Energia.;3;9;22;6;0;5;.75;7;0;0;0;0;0;0;0;
1662;Esplosione Mentale;Geistige Explosion;Magia d'Élite. Danni da fuoco inferti: 15..60. Se hai più Energia dell'obiettivo nemico, ottieni 1..8 Punti Energia.;3;10;22;6;0;5;1;2;0;0;1;0;0;0;0;
1663;Fiamma Elementale;Elementare Flamme;Incantesimo. (Secondi: 10..35.) Condizione inflitta ogni volta che una fattura Elementale viene applicata all'obiettivo nemico: Bruciatura (secondi: 1..5).;3;10;23;6;0;10;1;30;0;0;0;0;0;0;0;
1664;Invoca Fulmine;Blitz herbeirufen;Magia d'Élite. Danni da fulmine inferti: 10..90. Colpisce due nemici vicini all'obiettivo. Penetrazione armatura: 25%.;3;8;22;6;0;10;1;6;0;0;1;0;5;0;0;
1683;Guardiano Pensoso;Nachdenklicher Wächter;Incantesimo. (Secondi: 5..11) Probabilità di bloccare i nemici sotto incantesimo: 50%.;3;15;23;3;0;5;1;5;0;0;0;0;0;0;0;
1684;Intuito dello Scriba;Einblick des Schreibers;Incantesimo d'Élite. (Secondi: 10..35) Energia conseguita ogni volta che usi un Sigillo: 3.;3;16;23;3;0;5;.25;20;0;0;1;0;0;0;0;
1685;Fretta Sacra;Heilige Eile;Incantesimo. (Secondi: 1..60) Incremento velocità di lancio delle tue magie attribuite a Preghiere Curative: 50%. Termina se lanci un incantesimo.;3;16;23;3;0;5;1;10;0;0;0;0;0;0;0;
1686;Barlume di Luce;Lichtschimmer;Magia d'Élite. Cure: 10..115.;3;13;22;3;0;5;.25;1;0;0;1;0;0;0;0;
1687;Benedizione Zelante;Eifrige Segnung;Magia d'Élite. Cure: 30..180. Energia conseguita se la Salute dell'obiettivo (un alleato o te stesso) è inferiore al 50%: 7.;3;15;22;3;0;10;.75;4;0;0;1;0;0;0;0;
1688;Zelo del Difensore;Eifer des Verteidigers;Fattura d'Élite. (Secondi: 10..30) Energia conseguita ogni volta che l'obiettivo nemico colpisce con un attacco: 2.;3;14;24;3;0;5;1;5;0;0;1;0;0;0;0;
1689;Sigillo della Collera Mistica;Siegel des mystischen Zorns;Sigillo. Danni sacri inferti per ogni incantesimo su di te: 25 (max 30..120).;3;14;21;3;0;0;2;20;0;0;0;0;0;0;0;
1690;Sigillo della Rimozione;Siegel der Entfernung;Sigillo d'Élite. Rimuove una fattura e una condizione. Ha effetto solo se l'obiettivo alleato è sotto incantesimo.;3;-1;21;3;0;0;.25;5;0;0;1;0;0;0;0;
1691;Congeda Condizione;Zustand aufheben;Magia. Rimuove una condizione. Cura di 15..75 se l'obiettivo alleato è sotto incantesimo.;3;15;22;3;0;5;.75;3;0;0;0;0;0;0;0;
1692;Diversione Fatture;Verhexungen umleiten;Magia d'Élite. Fatture rimosse: 1..3. Per ogni fattura rimossa, l'obiettivo alleato perde una condizione ed ottiene 15..75 Punto[i] Salute.;3;15;22;3;0;5;.75;8;0;0;1;0;0;0;0;
1693;Contrattacco;Gegenangriff;Attacco Ravvicinato. Danni inferti: +5..35. Energia conseguita se l'obiettivo nemico sta attaccando: 2..6.;3;17;3;1;0;5;0;6;0;0;0;0;0;0;0;
1694;Colpo Cacciamaghi;Magierschlag;Attacco d'Élite Ravvicinato. Danni inferti: +7..25. Non bloccabile se l'obiettivo nemico è sotto incantesimo.;3;17;3;1;0;5;.5;3;0;0;1;0;0;0;0;
1695;Colpo del Soldato;Soldatenstoß;Attacco Ravvicinato. Danni inferti: +10..40. Non bloccabile se sei affetto da un urlo o un canto.;3;21;3;1;0;5;0;4;0;0;0;0;0;0;0;
1696;Decapitazione;Köpfen;Attacco d'Élite con Ascia. Deals +5..80 damage. Inflicts Deep Wound condition (5..20 seconds). Automatic critical hit. If foe is killed, nearby foes are Weakened (8 seconds). You lose all adrenaline and Energy.;3;18;4;1;0;0;0;0;7;0;1;0;0;0;0;
1697;Percossa Cacciamaghi;Magiejägerschmetterer;Attacco d'Élite con Martello. Provoca abbattimento. Non bloccabile se l'obiettivo nemico è sotto incantesimo.;3;19;8;1;0;0;0;0;8;0;1;0;0;0;0;
1698;Posizione del Soldato;Soldaten-Haltung;Posizione d'Élite. (Secondo[i]: 5..15). Probabilità di blocco: 75%. Incremento velocità d'attacco mentre sei sotto gli effetti di un urlo o un canto: 33%.;3;21;29;1;0;5;0;15;0;0;1;0;0;0;0;
1699;Difesa del Soldato;Soldaten-Verteidigung;Posizione. (Secondo[i]: 1..6). Incremento velocità d'attacco mentre sei sotto gli effetti di un urlo o un canto: 75%. Effetto del blocco: ottieni 1 dose di adrenalina.;3;21;29;1;0;5;0;15;0;0;0;0;0;0;0;
1700;Difesa Frenetica;Fieberhafte Verteidigung;Posizione. (Secondi: 8) Tua probabilità di blocco: 75%. Subisci il doppio dei danni.;3;-1;29;1;0;5;0;10;0;0;0;0;0;0;0;
1701;Posizione Salda;Ruhige Haltung;Posizione d'Élite. (Secondi: 10) La prossima volta che saresti abbattuto ottieni 1..4 dose[i] di adrenalina e 1..7 di Energia.;3;21;29;1;0;5;0;4;0;0;1;0;0;0;0;
1702;Fendente Zanna d'Acciaio;Hieb des stählernen Fangzahns;Attacco con Spada. Danni inferti: +1..31. Adrenalina conseguita se l'obiettivo nemico è stato abbattuto: 1..5.;3;20;10;1;0;0;0;1;7;0;0;0;0;0;0;
1719;Tiro Urlante;Schreischuss;Attacco con Arco. Danni inferti: +10..25. Condizione inflitta se l'obiettivo nemico è a portata d'orecchio: Emorragia (5..20 secondo[i]).;3;25;2;2;0;10;0;8;0;0;0;0;0;0;0;
1720;Freccia Affilata;Scharfer Pfeil;Attacco con Arco. Danni inferti: +5..20. Assesta +5..25 danno[i] in più se metti a segno un colpo critico.;3;25;2;2;0;5;0;6;0;0;0;0;0;0;0;
1721;Furore Congiunto;Gemeinsam toben;Abilità d'Élite. (Secondi: 3..15) Incremento velocità d'attacco tua e della mascotte: 33%. incremento velocità di movimento: 25%. Ha effetto solo se la tua mascotte è viva.;3;22;1;2;0;25;0;10;0;0;1;0;0;0;0;
1722;Freccia Forcuta;Gegabelter Pfeil;Attacco con Arco. Scocchi due frecce simultanee. Ne scocchi solo una se sei sotto incantesimo o fattura..;3;-1;2;2;0;10;0;5;0;0;0;0;0;0;0;
1723;Accuratezza Dirompente;Unterbrechende Genauigkeit;Preparazione. (Secondi: 36) Interrompe un'azione ogni volta che le tue frecce sono critiche.;3;25;17;2;0;5;2;12;0;0;0;0;0;0;0;
1724;Destrezza dell'Esperto;Gewandtheit des Profis;Posizione d'Élite. (Secondi: 1..20) Aumento tua velocità d'attacco: 33%. Incremento grado dell'attributo Precisione: +2.;3;23;29;2;0;5;0;20;0;0;1;0;0;0;0;
1725;Venti Impetuosi;Tosender Wind;Rituale della Natura. Crei uno Spirito di livello 1..10 (in vita per 30..180 secondo[i]). Incremento del costo energetico di canti e urla per le creature nella portata: 1..5.;3;24;19;2;0;10;2;60;0;0;0;0;0;0;0;
1726;Tiro Rovinamaghi;Verderben des Magiers-Schuss;Attacco con Arco d'Élite. Interrompe un'azione. Effetto dell'interruzione: una magia interrotta viene disattivata per +10 secondo[i]. Non bloccabile.;3;-1;2;2;0;10;.5;5;0;0;1;0;0;0;0;
1727;Falcata Naturale;Natürlicher Schwung;Posizione. (Secondi: 1..8) Incremento tua velocità di movimento: 33%. Probabilità di blocco: 50%. Termina se sei affetto da fattura o incantesimo.;3;24;29;2;0;5;0;12;0;0;0;0;0;0;0;
1728;Furore dell'Ecate;Heket-Toben;Posizione. (Secondi: 5..11) Incremento tua velocità d'attacco: 33%. Termina se usi un'abilità d'attacco.;3;22;29;2;0;5;0;10;0;0;0;0;0;0;0;
1729;Trappola di Fumo;Rauchfalle;Trappola d'Élite. (90 secondi). Infligge le condizioni accecato e stordito (5..10 secondo/i) ai nemici nell'area. Si può interrompere facilmente.;3;24;30;2;0;10;2;15;0;0;1;0;0;0;0;
1730;Calore Infuriante;Irritierende Hitze;Rituale della Natura d'Élite. Crei uno Spirito di livello 1..10 (in vita per 30..120 secondo[i]). Raddoppia l'adrenalina conseguita dalle creature nella portata.;3;23;19;2;0;5;2;15;0;0;1;0;0;0;0;
1731;Sogolon era Sonoro;Lautstark war Sogolon;Magia Altera-oggetto. (Secondi: 60) Incremento durata dei tuoi canti e urla: 20..50%.;3;33;25;8;0;10;1;30;0;0;0;0;0;0;0;
1732;Glaive era Distruttiva;Vernichtend war Glaive;Magia d'Élite Altera-oggetto. (Secondo[i]: 30..60). Le tue abilità Ritualista aumentano di 20% di penetrazione armatura. Rilascio: Danni da fulmine inferti a tutti i nemici nell'area: 15..85.;3;34;25;8;0;5;.75;5;0;0;1;0;0;0;0;
1733;Colpo del Portatore;Stoß des Ausübers;Magia. Danni da fulmine inferti: 10..60. Assesta 10..50 danno[i] da fulmine in più se sei sotto gli effetti di una magia altera-arma.;3;34;22;8;0;5;1;6;0;0;0;0;0;0;0;
1734;Sguardo della Furia;Wütendes Starren;Rituale Incatenante. Annienta uno Spirito. Crei uno Spirito di livello 1..14 (in vita per 30..60 secondo[i]). Danni inferti dai suoi attacchi: 5..20.;3;34;18;8;0;10;.75;20;0;0;0;0;0;0;0;
1736;Forza dello Spirito;Geistesstärke;Incantesimo d'Élite. (Secondi: 15..60) I tuoi attacchi assestano +5..35 danno[i] se sei sotto gli effetti di una magia altera-arma.;3;36;23;8;0;5;1;20;0;0;1;0;0;0;0;
1737;Zelo del Portatore;Eifer des Ausübers;Incantesimo d'Élite. (Secondi: 10..40) Energia conseguita ogni volta che lanci una magia altera-arma: 1..5.;3;36;23;8;0;5;1;10;0;0;1;0;0;0;0;
1738;Vista Oltre la Vista;Sicht jenseits der Sicht;Incantesimo. (Secondi: 8..20) Sei immune dall'Accecamento.;3;36;23;8;0;5;.25;15;0;0;0;0;0;0;0;
1739;Rinnovamento dei Ricordi;Erneuernde Erinnerungen;Incantesimo. (Secondi: 5..20) Riduzione del costo energetico delle magia altera-arma e altera-oggetti: 5..35%. Ha effetto solo se hai in mano un oggetto.;3;36;23;8;0;5;1;20;0;0;0;0;0;0;0;
1740;Rimedio del Portatore;Mittel des Ausübers;Incantesimo. (10..30 secondo/i). Quando lanci una magia sulle armi di un alleato, questi perde due condizioni.;3;36;23;8;0;3;1;10;0;0;0;0;0;0;0;
1741;Luce dello Specchio Fantasma;Geisterspiegel-Licht;Magia. Cure: 15..90. Ottieni 15..90 Punto[i] Salute se ti trovi nella portata d'orecchio di uno Spirito. Impossibile selezionare se stessi.;3;33;22;8;0;5;1;3;0;0;0;0;0;0;0;
1742;Sigillo della Potenza Spettrale;Siegel der Macht der Geister;Sigillo d'Élite. (Secondi: 5..20) Incremento velocità d'attacco di tutti gli Spiriti a portata d'orecchio sotto il tuo controllo: 33%. Danni da loro assestati: +5..10.;3;32;21;8;0;0;1;15;0;0;1;0;0;0;0;
1743;Sigillo di Incatenamento;Siegel der Bindung;Sigillo. Punti salute persi: 200..50. Ottieni il controllo dello Spirito del nemico. Probabilità di fallimento se il grado di Riti Sacrificali è inferiore a 5: 50%.;3;36;21;8;0;0;2;15;0;0;0;0;0;0;0;
1744;Carica del Custode;Angriff des Verwalters;Magia d'Élite. Danni da fulmine inferti: 20..85. Ottieni 7 Punto[i] Energia e 5..50 di Salute se hai in mano un oggetto.;3;34;22;8;0;5;1;4;0;0;1;0;0;0;0;
1745;Angoscia;Qual;Rituale Incatenante. Crei uno Spirito di livello 1..11 (in vita per 15..45 secondo[i]). Danni inferti dai suoi attacchi: 5..20. Danno doppio ai nemici affetti da fattura.;3;32;18;8;0;15;.75;45;0;0;0;0;0;0;0;
1747;Autorizzazione;Ermächtigung;Rituale Incatenante. Crei uno Spirito di livello 1..14 (in vita per 15..60 secondo[i]). Gli alleati nella portata con in mano un oggetto ottengono 15..45 di Salute massima e 10 di Energia massima.;3;36;18;8;0;5;.75;30;0;0;0;0;0;0;0;
1748;Ripresa;Gesundung;Rituale Incatenante. Crei uno Spirito di livello 1..14 (in vita per 30..60 secondo[i]). Incremento velocità di esaurimento delle condizioni sugli alleati nella portata: 20..50%.;3;33;18;8;0;15;.75;30;0;0;0;0;0;0;0;
1749;Arma della Furia;Waffe der Wut;Magia d'Élite Altera-arma. (Secondi: 5..20) Incremento acquisizione adrenalina: 100%. Energia +1 ogni volta che l'obiettivo alleato colpisce con un attacco.;3;34;27;8;0;5;1;8;0;0;1;0;0;0;0;
1750;Arma di Xinrae;Xinraes Waffe;Magia d'Élite Altera-arma. (Secondi: 8) Quantità massima di danni ricevuta dall'obiettivo alleato la prossima volta che viene attaccato: 5% della propria Salute massima. Salute sottratta dall'obiettivo alleato a quel nemico: fino a 20..80.;3;33;27;8;0;5;.25;3;0;0;1;0;0;0;0;
1751;Arma del Guerrafondaio;Waffe des Kriegshetzers;Magia Altera-arma. (Secondi: 3..13) Gli attacchi interrompono un'azione. Non interrompe i nemici all'attacco.;3;34;27;8;0;10;1;30;0;0;0;0;0;0;0;
1752;Arma del Rimedio;Waffe der Behebung;Magia d'Élite Altera-arma. (8 secondo/i). La prossima volta che il bersaglio alleato subisce danni o sottrae vita a un nemico, sottrae 20..80 Salute da quel nemico e perde 2 condizioni.;3;33;27;8;0;3;.25;3;0;0;1;0;0;0;0;
1753;Falciata Strappante;Zerreißender Schwung;Attacco con Falce. Danni inferti: +5..20. Incantesimi del Derviscio persi: 1. Effetto della rimozione: il nemico colpito perde un incantesimo.;3;41;9;10;0;0;0;0;6;0;0;0;0;0;0;
1754;Assalto Violento;Attacke;Incantesimo Lampo d'Élite. (Secondi: 3..15). La tua velocità d'attacco e di movimento e la tua dose di adrenalina aumentano di un 25%.;3;42;33;10;0;10;0;10;0;0;1;0;0;0;0;
1755;Corruzione Mistica;Mystische Verdorbenheit;Incantesimo Lampo. (Secondi: 20). Effetto iniziale: tutti i nemici adiacenti vengono colpiti da Malattia (1..10 secondi). La durata è doppia se sei già sotto incantesimo. Effetto al termine: i membri della squadra a portata d'orecchio sono curati da Malattia.;3;44;33;10;0;5;0;10;0;0;0;0;0;0;0;
1756;Stretta di Grenth;Grenths Griff;Incantesimo Lampo d'Élite. (20 seconds.) Inflict Cripple (1..11 seconds) with your attack skills and transfer 1..3 conditions.;3;42;33;10;0;5;0;10;0;0;1;0;0;0;0;
1757;Velo di Spine;Dornenschleier;Incantesimo Lampo. (Secondi: 5..25). Riduzione danni da incantesimo: 5..35%. Effetto iniziale: infligge 5..50 danni perforanti a tutti i nemici nei dintorni.;3;43;33;10;0;10;0;15;0;0;0;0;0;0;0;
1758;Stretta del Predatore;Griff des Läufers;Incantesimo Lampo. (Secondi: 5..20.) Gli attacchi ai nemici in movimento li rendono anche storpi. Effetto iniziale: vieni curato[f:"curata"] da Storpiatura e 1 altra condizione. Termina dopo che avrai utilizzato 1..3 volte Storpiatura.;3;42;33;10;0;10;0;15;0;0;0;0;0;0;0;
1759;Voto della Forza;Gelübde der Stärke;Incantesimo d'Élite. (Secondi: 15). Danni da taglio inferti a tutti i nemici adiacenti ogni volta che attacchi con la Falce: 10..25.;3;43;23;10;0;5;.25;20;0;0;1;0;0;0;0;
1760;Aura della Polvere d'Ebano;Ebon-Staubaura;Incantesimo Lampo d'Élite. (Secondi: 30). Danni da terra inflitti in attacchi ravvicinati: +3..30. Effetto iniziale: condizione inflitta ai nemici nei dintorni: Cecità (1..7 secondi). Effetto al termine: rimuove Cecità. Ha effetto solo se si brandisce un'arma di terra.;3;43;33;10;0;10;0;20;0;0;1;0;0;0;0;
1761;Voto Zelante;Eifriges Gelübde;Incantesimo d'Élite. (Secondi: 20) Energia conseguita ogni volta che un tuo attacco va a segno: 1..6. Rigenerazione Energia: -2.;3;42;23;10;0;5;.25;12;0;0;1;0;0;0;0;
1762;Cuore della Furia;Herz der Wut;Posizione. (Secondi: 2..10). Incremento della tua velocità d'attacco: 25%.;3;44;29;10;0;0;0;0;3.2;0;0;0;0;0;0;
1763;Rinnovamento Zelante;Eifrige Erneuerung;Incantesimo Lampo. (Secondi: 5..25). Effetto iniziale: danni sacri inflitti ai nemici nei dintorni: 5..30. Hai una Rigenerazione dell'Energia di -1 e consegui 1 Punto Energia quando colpisci. Punti Energia ottenuti se l'incantesimo termina prematuramente: 1..5 .;3;44;33;10;0;5;0;10;0;0;0;0;0;0;0;
1764;Intuito dell'Attaccante;Einblick des Angreifers;Incantesimo Lampo. (Secondi: 3..10). Possibilità di blocco in attacco: 50% Effetto al termine: Condizione inflitta ai nemici adiacenti: Debolezza (3..15 secondi).;3;42;33;10;0;10;0;10;0;0;0;0;0;0;0;
1765;Aura Strappante;Zerreißende Aura;Incantesimo Lampo. (Secondi: 30). Le tue abilità d'attacco rimuovono incantesimi dai nemici abbattuti. Effetto iniziale: Danni da freddo inflitti a tutti i nemici nei dintorni: 10..40. Effetto al termine: Condizione inflitta ai nemici nei dintorni: Armatura Incrinata (per 1..10 secondi).;3;42;33;10;0;10;0;10;0;0;0;0;0;0;0;
1766;Grazia del Piedelieve;Anmut des Federfußes;Incantesimo. (Secondi: 5..20) Incremento tua velocità di movimento: 25%. Incremento dei tempi di esaurimento delle condizioni: 50%.;3;42;23;10;0;10;.25;15;0;0;0;0;0;0;0;
1767;Falciata del Mietitore;Schwung des Schnitters;Attacco d'Élite con Falce. (Secondi: 3..15). Infligge Storpiatura. Incantesimi del Derviscio persi: 1. Effetto della rimozione: causa abbattimento per 2..3 secondi.;3;41;9;10;0;0;0;0;7;0;1;0;0;0;0;
1768;Fretta del Predatore;Eile des Läufers;Incantesimo Lampo. (Secondi: 2..8). Incremento velocità di movimento: 25%. Danni inferti ai nemici in movimento: +3..12.;3;42;33;10;0;10;0;10;0;0;0;0;0;0;0;
1769;Rabbia Focalizzata;Konzentrierter Zorn;Abilità d'Élite. (Secondi: 45) Adrenalina conseguita in più: 0..150%.;3;40;1;9;0;10;0;45;0;0;1;0;0;0;0;
1770;Indole Naturale;Natürliche Laune;Abilità. (Secondi: 4..15) Adrenalina conseguita in più: 33%. Non ha effetto se sei sotto incantesimo.;3;40;1;9;0;0;0;0;3;0;0;0;0;0;0;
1771;Canto del Ripristino;Gesang der Wiederherstellung;Canto d'Élite. (Secondi: 10) Salute conseguita dai membri della squadra a portata d'orecchio con l'abilità successiva: 45..110.;3;39;13;9;0;10;1;10;0;0;1;0;0;0;0;
1772;Lirica di Purificazione;Lyrik der Läuterung;Canto. (Secondi: 5..20) Gli alleati a portata d'orecchio perdono una condizione con il Sigillo successivo.;3;39;13;9;0;5;1;10;0;0;0;0;0;0;0;
1773;Furia del Soldato;Wut des Soldaten;Eco d'Élite. (Secondo[i]: 10..35). Incremento della tua velocità d'attacco: 33%. Incremento di adrenalina se sei sotto gli effetti di un urlo o un canto: 33%. Hai -20 di armatura;3;40;14;9;0;5;1;5;0;0;1;0;0;0;0;
1774;Ritornello Aggressivo;Aggressiver Refrain;Eco. (Secondo[i]: 5..25). Incremento della tua velocità d'attacco: 25%. Rinnovo: ogni volta che un canto o un urlo termina su di te. Hai -20 di armatura.;3;40;14;9;0;15;1;20;0;0;0;0;0;0;0;
1775;Finale Energetico;Energie bringendes Finale;Eco. (Secondi: 10..35) Energia conseguita dall'obiettivo (un alleato o te stesso) quando un urlo o un canto termina su di lui. Impossibile selezionare gli Spiriti.;3;39;14;9;0;10;1;5;0;0;0;0;0;0;0;
1776;Sigillo dell'Aggressione;Siegel der Aggression;Sigillo. Adrenalina: 2 se sei affetto da un urlo o un canto.;3;-1;21;9;0;0;1;5;0;0;0;0;0;0;0;
1777;Sigillo del Rimedio;Heilmittel-Siegel;Sigillo. Ti liberi di una condizione.;3;-1;21;9;0;0;1;4;0;0;0;0;0;0;0;
1778;Sigillo del Ritorno;Siegel der Wiederkehr;Sigillo. Resuscita il membro della squadra preso di mira (5..20% di Salute e 1..4% di Energia per ogni membro della squadra a portata d'orecchio).;3;40;21;9;0;0;4;5;0;0;0;0;0;0;0;
1779;"Perdurate!";"Nehmt Euch Zeit!";Urlo. Ottieni 2 adrenaline (massimo 1..8) per ogni membro della squadra a portata d'orecchio.;3;40;20;9;0;10;0;10;0;0;0;0;0;0;0;
1780;"Vietato Toccare!";"Darf nicht angerührt werden!";Urlo. (Secondi: 20). 1..5 delle prossime abilità di tocco usate contro gli alleati a portata d'orecchio falliranno.;3;38;20;9;0;5;0;10;0;0;0;0;0;0;0;
1781;"Scopri la Loro Debolezza!";"Findet ihren Schwachpunkt!";Urlo. (Secondi: 5..20). Danni inferti dall'obiettivo alleato: +5..50. Condizione inflitta con l'attacco successivo: Ferita Profonda (5..20 secondi).;3;38;20;9;0;10;0;15;0;0;0;0;0;0;0;
1782;"Il Potere è nelle Tue Mani!";"Die Macht ist Euer!";Urlo d'Élite. (Secondi: 2..4) Rigenerazione Energia alleati a portata d'orecchio: 1..2.;3;39;20;9;0;0;0;0;4;0;1;0;0;0;0;
1783;Lancia dell'Assassino;Speer des Würgers;Attacco con Lancia. Danni inferti: +5..25. Condizione inflitta se l'obiettivo ha più Salute di te: Ferita Profonda (5..20 secondo[i]).;3;37;12;9;0;10;0;4;0;0;0;0;0;0;0;
1784;Giavellotto Rapido;Schneller Speer;Attacco con Lancia. Danni inferti: +5..20. Questa lancia si muove a velocità doppia e non è bloccabile se sei sotto incantesimo.;3;37;12;9;0;5;0;10;0;0;0;0;0;0;0;
1814;Sguardo del Portatore della Luce;Blick des Lichtbringers;Abilità. Il servitore di Abaddon preso di mira subisce 100 danno[i] sacro[i] e viene interrotto. Questa abilità colpisce un nemico in più nell'area per ogni grado di Portatore della Luce conseguito. Questa abilità viene disattivata (15 secondi).;3;-3;1;0;0;5;1;15;0;0;0;1;0;0;0;
1815;Sigillo del Portatore della Luce;Lichtbringer-Siegel;Sigillo. Se ti trovi nell'area di un servitore di Abaddon ottieni 3..5 dose[i] di adrenalina e 16..24 Punto[i] Energia.;3;-3;21;0;0;0;.25;25;0;0;0;1;0;0;0;
1816;Sigillo di Rinascita della Lancia del Sole;Sonnenspeer-Wiedergeburtssiegel;Sigillo. Resusciti nella tua posizione il membro della squadra morto selezionato con piena Salute e il 10% di Energia per ogni grado della Lancia del Sole conseguito. Questo Sigillo si ricarica solo ottenendo una Spinta Morale.;3;-2;21;0;0;0;3;0;0;0;0;1;0;0;0;
1948;Santuario dell'Ombra;Schattenzuflucht (Luxon);Incantesimo. (Secondi: 10) Rigenerazione tua Salute: +7..10. Armatura: +40. Sei affetto da Accecamento (5 secondo[i]).;2;-4;23;7;0;5;.25;30;0;0;0;1;0;0;0;
1949;Incubo Etereo;Äther-Alptraum (Luxon);Fattura. Perdita Energia: 5..8. Degenerazione Salute dell'obiettivo e dei nemici nell'area per ogni punto di Energia perso: -1 (10 secondo[i]).;2;-4;24;5;0;10;3;25;0;0;0;1;0;0;0;
1950;Sigillo della Corruzione;Siegel der Verdorbenheit (Luxon);Sigillo. Danni all'obiettivo e ai nemici nei dintorni: 20..30. Energia ottenuta per ognuno di questi nemici affetti da condizione o fattura: 2 (max 12..20).;2;-4;21;4;0;0;1;20;0;0;0;1;0;0;0;
1951;Lord Elementale;Elementarlord (Luxon);Incantesimo. (Secondi: 40..60.) I tuoi attributi elementali vengono incrementati di 1. Ogni volta che lanci una magia, ottieni 1 Punto Energia per ogni 10 gradi di Riserva di Energia e vieni curato[f:"curata"] di un 100..300% del costo energetico della magia.;2;-4;23;6;0;5;.25;45;0;0;0;1;0;0;0;
1952;Spirito Altruista;Selbstloser Geist (Luxon);Incantesimo. (Secondi: 15..20). Riduzione del dispendio di Energia per le magie lanciate su un altro alleato: 3.;2;-4;23;3;0;5;.25;45;0;0;0;1;0;0;0;
1953;Tiro Triplo;Dreifachschuss (Luxon);Attacco con Arco. Scocca 3 frecce simultanee contro l'obiettivo nemico. Percentuale di danno in meno di queste frecce: 40..25%.;2;-4;2;2;0;10;0;10;0;0;0;1;0;0;0;
1954;"Mettetevi In Salvo!";"Rettet Euch selbst!" (Luxon);Urlo. (Secondi: 4..6) Armatura aggiuntiva per tutti gli altri membri della squadra: +100.;2;-4;20;1;0;0;0;0;8;0;0;1;0;0;0;
1955;Aura della Potenza Sacra;Aura der Heiligen Macht (Luxon);Incantesimo. (Secondi: 45). Quando perdi un Incantesimo del Derviscio, i nemici adiacenti subiscono 20..25 danni sacri.;2;-4;23;10;0;10;.75;30;0;0;0;1;0;0;0;
1957;Lancia della Furia;Speer der Wut (Luxon);Attacco con Lancia. Danni inferti: +30..40. Adrenalina conseguita se infliggi una condizione ad un nemico: 3..6.;2;-4;12;9;0;5;1;8;0;0;0;1;0;0;0;
1986;Assalto Vampirico;Vampirangriff;Attacco Doppio[_]. Sottrazione Salute se quest'attacco va a segno: 10..40. Deve seguire un attacco con arma secondaria.;4;30;7;7;0;5;0;8;0;0;0;0;0;0;0;
1987;Colpo del Loto;Lotus-Stoß;Attacco con Arma Secondaria. Danni: +10..25. Ottieni 5..20 Punto[i] Energia. Deve seguire un attacco con arma primaria.;4;29;6;7;0;10;0;12;0;0;0;0;0;0;0;
1988;Colpo della Zanna Dorata;Goldfangstoß;Attacco con Arma Secondaria. Condizione inflitta se sei sotto incantesimo: Ferita Profonda (5..20 secondo[i]). Deve seguire un attacco con arma primaria.;4;29;6;7;0;5;0;4;0;0;0;0;0;0;0;
1990;Colpo del Loto in Caduta;Fallender Lotus-Stoß;Attacco con Arma Secondaria. Danni: +15..35. Ottieni 1..12 Punto[i] Energia. Ha effetto solo se l'obiettivo nemico è stato abbattuto.;4;29;6;7;0;5;0;8;0;0;0;0;0;0;0;
1991;Sigillo del Sadico;Siegel des Sadisten;Sigillo. Ottieni 10..45 Punto[i] Salute per ogni condizione presente sull'obiettivo nemico.;4;30;21;7;0;0;1;8;0;0;0;0;0;0;0;
1992;Sigillo della Distrazione;Siegel der Ablenkung;Sigillo. Interrompe una magia. Effetto dell'interruzione: la magia dell'obiettivo nemico viene disattivata per 1..5 secondi per ogni Sigillo equipaggiato.;4;2;21;5;0;0;.25;15;0;0;0;0;0;0;0;
1993;Sigillo del Richiamo;Siegel der Zurückrufung;Sigillo. (Secondi: 6) Rigenerazione tua Energia: -4. Effetto al termine: ottieni 13..20 Punto[i] Energia.;4;3;21;5;0;0;.25;20;0;0;0;0;0;0;0;
1994;Chiusura del Potere;Kraftsperre;Magia. Interrompe una magia o un canto. Effetto dell'interruzione: la magia o il canto interrotti vengono disattivati per +5..13 secondi.;4;2;22;5;0;5;.25;20;0;0;0;0;0;0;0;
1995;Risparmio è Guadagno;Spare in der Zeit ...;Magia. Energia conseguita se l'obiettivo nemico non sta attaccando né lanciando una magia: 8..13.;4;3;22;5;0;5;.25;15;0;0;0;0;0;0;0;
1996;Somma di Tutte le Paure;Summe aller Ängste;Fattura. (Secondi: 4..12) Rallentamento movimenti, attacchi e lancio magie del nemico: 33%.;4;1;24;5;0;10;1.5;10;0;0;0;0;0;0;0;
1997;Aura Avvizzente;Verkümmernde Aura;Incantesimo. (Secondi: 5..20) Condizione inflitta dagli attacchi ravvicinati dell'obiettivo alleato: Debolezza (5..20 secondo[i]).;4;5;23;4;0;5;1;3;0;0;0;0;0;0;0;
1998;Cacofonia;Kakophonie;Fattura. (Secondi: 15) Danni inferti ogni volta che l'obiettivo nemico usa un urlo o canto: 30..105.;4;7;24;4;0;10;1;15;0;0;0;0;0;0;0;
1999;Abbraccio dell'Inverno;Umarmung des Winters;Fattura. (Secondi: 2..6.) Rallentamento dell'obiettivo nemico: 66%. Danni subiti in movimento: 5..15.;4;11;24;6;0;10;.75;15;0;0;0;0;0;0;0;
2000;Catene di Terra;Irdene Fesseln;Fattura. (Secondi: 3.) Diminuzione velocita obiettivo e nemici nei dintorni: 90%. Debolezza inflitta al termine: 5..20 secondi.;4;9;24;6;0;10;1;15;0;0;0;0;0;0;0;
2001;Guardia della Debolezza;Kreis der Schwäche;Guardia. (Secondi: 5..20.) Condizione inflitta ai nemici che subiscono danni elementali in questa Guardia: Debolezza (5..20 secondi).;4;9;26;6;0;5;1;20;0;0;0;0;0;0;0;
2002;Glifo della Rapidità;Glyphe der Schnelligkeit;Glifo. (Secondi: 15.) Incremento velocità di ricarica di 1..5 delle tue magie successive: 25%. Incremento velocità dei proiettili risultanti: 200%.;4;8;16;6;0;5;1;10;0;0;0;0;0;0;0;
2003;Cura Fattura;Verhexung heilen;Magia. Rimuove una fattura. Effetto rimozione: cura di 30..100.;4;13;22;3;0;5;1;12;0;0;0;0;0;0;0;
2004;Colpisci Condizione;Zustand zerschlagen;Magia. Rimuove una condizione. Effetto della rimozione: 10..60 danno[i] sacro[i] ai nemici nell'area dell'obiettivo alleato.;4;14;22;3;0;5;1;7;0;0;0;0;0;0;0;
2005;Soccorso del Punitore;Segen des Peinigers;Incantesimo. (Secondi: 30) Raddoppia il bonus di cura del Favore Divino per le Preghiere Punitive.;4;16;23;3;0;5;.25;10;0;0;0;0;0;0;0;
2006;Sigillo della Castigazione;Geißelungs-Siegel;Sigillo. Danni sacri inferti: 26..56. Energia conseguita se l'obiettivo nemico sta attaccando: 4..14.;4;14;21;3;0;0;1;15;0;0;0;0;0;0;0;
2007;Velo Purificante;Reinigender Schleier;Incantesimo. Riduzione durata delle condizioni sull'obiettivo alleato: 5..50%. Effetto al termine: rimuove una condizione.;4;15;23;3;-1;5;1;6;0;0;0;0;0;0;0;
2008;Percossa Polverizzante;Zermalmender Schlag;Attacco con Martello. Condizioni inflitte se l'obiettivo nemico è abbattuto: Debolezza e Ferita Profonda (5..20 secondo[i]).;4;19;8;1;0;0;0;0;3.2;0;0;0;0;0;0;
2009;Fendente Affilato;Verwegener Hieb;Attacco con Ascia. Risulta sempre in un colpo critico.;4;18;4;1;0;0;0;0;3;0;0;0;0;0;0;
2010;Taglia Ginocchia;Knieschneider;Attacco con Spada. Ottieni 2..7 di Energia e 1..3 di adrenalina se l'obiettivo nemico soffre di Storpiatura.;4;20;10;1;0;0;0;1;4.8;0;0;0;0;0;0;
2011;Abbranca;Raufen;Abilità a Tocco. Provoca abbattimento. Inoltre, vai a terra. La tua posizione corrente termina.;4;-1;1;1;0;5;.75;8;0;0;0;0;0;0;0;
2012;Falce Radiante;Strahlende Sense;Attacco con Falce. Danni inferti per ogni Punto Energia che possiedi: +1 (max 5..30). Ottieni 1..7 Punti Energia.;4;41;9;10;0;0;0;0;6;0;0;0;0;0;0;
2013;Aura di Grenth;Grenths Aura;Incantesimo Lampo. (Secondi: 20). Infliggi 5..25 danni in meno e sottrai 5..25 Punti Salute quando attacchi con la Falce. Effetto iniziale: sottrai 5..25 Punti Salute a tutti i nemici adiacenti.;4;42;33;10;0;10;0;10;0;0;0;0;0;0;0;
2014;Sigillo del Ritegno Pio;Siegel der frommen Zurückhaltung;Sigillo. Azzoppa per 5..15 secondo/i. Rimuove 1 dei tuoi incantesimi da Derviscio. Effetto della rimozione: azzoppa anche i nemici nell'area del tuo bersaglio e si ricarica del 75% più velocemente.;4;42;21;10;0;0;1;10;0;0;0;0;0;0;0;
2015;Falce del Contadino;Sense des Bauern;Attacco con Falce. Danni inferti: +5..20. Si ricarica all'istante se colpisci più di un nemico.;4;41;9;10;0;5;0;12;0;0;0;0;0;0;0;
2016;Lee Sa era Energetica;Energisch war Lee Sa;Magia Altera-oggetto. (Secondi: 5..15) Rigenerazione Energia: +2. Rilascio: +1..10 Punto[i] Energia.;4;36;25;8;0;10;2;20;0;0;0;0;0;0;0;
2017;Inno della Stanchezza;Hymne der Müdigkeit;Canto. (Secondi: 8) Condizione inflitta dagli alleati a portata d'orecchio con la prossima abilità d'attacco: Debolezza (1..16 secondo[i]).;4;38;13;9;0;5;1;10;0;0;0;0;0;0;0;
2018;Inno del Disturbo;Hymne der Störung;Canto. (Secondi: 1..10) Gli alleati a portata d'orecchio interrompono un'azione con l'abilità d'attacco successiva.;4;38;13;9;0;10;1;15;0;0;0;0;0;0;0;
2051;Invoca Spiriti;Geister herbeirufen (Luxon);Magia. Gli Spiriti da te controllati compiono un Passo nell'Ombra verso la tua posizione e ottengono 60..100 Punto[i] Salute.;2;-4;22;8;0;5;.25;5;0;0;0;1;0;0;0;
2052;Zanna dell'Ombra;Schattenfangzahn;Fattura. Compi un Passo nell'Ombra verso l'obiettivo nemico. Effetto al termine dopo 10 secondo[i]: infligge Ferita Profonda (5..20 secondo[i]). Torni nella posizione di partenza.;4;30;24;7;0;10;.25;20;0;0;0;0;0;0;0;
2053;Rischio Calcolato;Kalkuliertes Risiko;Fattura. (Secondi: 3..24). Gli attacchi dell'obiettivo nemico infliggono +10 danni. Per ogni attacco c'è un 50% di probabilità che il danno (massimo 15..100) venga inflitto al nemico.;4;1;24;5;0;5;1;7;0;0;0;0;0;0;0;
2054;Armatura Infeltrita;Schrumpfende Rüstung;Fattura. (Secondi: 10) Degenerazione Salute: -1..4. Effetto al termine: infligge Armatura Incrinata (5..20 secondo[i]).;4;1;24;5;0;5;1;8;0;0;0;0;0;0;0;
2055;Aneurisma;Aneurysma;Magia. L'obiettivo nemico recupera tutta l'Energia. Per ogni Punto Energia ottenuto, l'obiettivo nemico subisce 1..3 danni e tutti i nemici adiacenti perdono 1 Punto Energia (massimo 1..30).;4;2;22;5;0;5;1;5;0;0;0;0;0;0;0;
2056;Occhio Vagante;Wanderndes Auge;Fattura. (Secondi: 4) Interrompe il prossimo attacco dell'obiettivo nemico. Effetto dell'interruzione: 30..110 danno[i] ai nemici nei dintorni.;4;1;24;5;0;5;2;12;0;0;0;0;0;0;0;
2057;Banchetto Ripugnante;Widerliches Gelage;Magia. Trasferisce tutte le condizioni dall'obiettivo alleato a te stesso. Ottieni 0..45 Punti Salute e 2..4 Punti Energia per ogni condizione trasferita. Ricarica dimezzata se rimuovi Malattia. Impossibile selezionare se stessi.;4;6;22;4;0;5;.25;4;0;0;0;0;0;0;0;
2058;Bile Putrefatta;Verwesende Galle;Fattura. (Secondi: 5..25) Degenerazione Salute: -1..3. Danni inferti a tutti i nemici nei dintorni se l'obiettivo nemico muore: 25..85.;4;5;24;4;0;10;1;12;0;0;0;0;0;0;0;
2059;Psicosi Traumatica;Kriegsneurose;Magia. Danni da fulmine inferti: 10..30. Condizione inflitta: Armatura Incrinata (5..20 secondi). Penetrazione armatura: 25%. Se sotto Sforzo, colpisce gli adiacenti.;4;8;22;6;0;5;1;8;0;0;0;0;0;0;0;
2060;Glifo dell'Immolazione;Glyphe der Aufopferung;Glifo. (Secondi: 15.) Condizione inflitta da 1..4 delle tue magie successive dirette contro un obiettivo nemico: Bruciatura (1..4 secondi).;4;10;16;6;0;5;1;10;0;0;0;0;0;0;0;
2061;Spirito Paziente;Geduldiger Geist;Incantesimo. (Secondi: 2). Effetto al termine: cure: 30..120. Non ha effetto se termina prematuramente.;4;13;23;3;0;5;.25;4;0;0;0;0;0;0;0;
2062;Nastro di Guarigione;Heilendes Band;Magia. Cure: 20..110. Cure per due alleati in più vicino all'obiettivo alleato: 10..100. Impossibile selezionare se stessi.;4;13;22;3;0;10;1;5;0;0;0;0;0;0;0;
2063;Aura della Stabilità;Aura der Stabilität;Incantesimo. (Secondi: 3..8) Impossibile abbattere l'obiettivo alleato. Impossibile selezionare se stessi.;4;15;23;3;0;5;.25;12;0;0;0;0;0;0;0;
2064;Mente Candida;Makelloser Verstand;Incantesimo. (Secondi: 1..15) Rimuove una fattura ogni 5 secondo[i]. Impossibile selezionare se stessi.;4;13;23;3;0;5;.25;12;0;0;0;0;0;0;0;
2065;Anima Candida;Makellose Seele;Incantesimo. (Secondi: 1..15) Rimuove una condizione ogni 3 secondo[i]. Impossibile selezionare se stessi.;4;13;23;3;0;5;.25;12;0;0;0;0;0;0;0;
2066;Disarmo;Entwaffnen;Attacco con Spada. Interrompe l'obiettivo nemico. Effetto dell'interruzione: disattiva le abilità d'attacco di questo nemico (0..3 secondo[i]) se l'azione era un attacco.;4;17;10;1;0;5;.5;20;0;0;0;0;0;0;0;
2067;"Tutto Calcolato!";"Das war Absicht!";Urlo. Adrenalina ottenuta se sei abbattuto: 1..6.;4;17;20;1;0;5;0;8;0;0;0;0;0;0;0;
2068;Fuoco Rapido;Schnellfeuer;Preparazione. (Secondi: 5..25) Incremento tua velocità d'attacco mentre utilizzi un arco: 33%.;4;25;17;2;0;5;2;12;0;0;0;0;0;0;0;
2069;Tiro del Cacciatore Indolente;Schuss des Faultierjägers;Attacco con Arco. Danni inferti: +10..25. Danni inferti se l'obiettivo nemico non sta usando un'abilità: +10..35.;4;25;2;2;0;10;0;8;0;0;0;0;0;0;0;
2070;Affetta Aura;Auraschneider;Attacco Ravvicinato. Condizione inflitta: Emorragia (5..15 secondi). Infligge inoltre Armatura Incrinata (1..10 secondi) se sei sotto incantesimo.;4;44;3;10;0;0;0;0;3.2;0;0;0;0;0;0;
2071;Falciata Zelante;Eifriger Schwung;Attacco con Falce. Danni inferti: +5..20. Ottieni 3 Punti Energia e 1 dose di adrenalina per ogni nemico colpito.;4;41;9;10;0;5;0;10;0;0;0;0;0;0;0;
2072;Li Ming era Pura;Rein war Li Ming;Magia Altera-oggetto. (Secondi: 5..20) Riduzione durata delle condizioni su di te: 10..50%. Rilascio: rimuove 1..4 condizione[i] dagli alleati a portata d'orecchio.;4;33;25;8;0;5;1;20;0;0;0;0;0;0;0;
2073;Arma dell'Aggressione;Waffe der Aggression;Magia Altera-arma. (Secondi: 5..15) Incremento velocità di attacco: 25%.;4;34;27;8;0;10;.25;10;0;0;0;0;0;0;0;
2074;Batti Torace;Brusttrommler;Attacco con Lancia. Condizione inflitta se l'obiettivo nemico soffre di Armatura Incrinata: Ferita Profonda (5..20 secondo[i]).;4;37;12;9;0;5;0;5;0;0;0;0;0;0;0;
2075;Ritornello Frettoloso;Hastiger Refrain;Eco. (Secondi: 8..20) Incremento velocità di movimento dell'obiettivo (un alleato o te stesso): 25%. Rinnovo: ogni volta che un canto o un urlo termina su quest'alleato.;4;40;14;9;0;5;1;10;0;0;0;0;0;0;0;
2091;Santuario dell'Ombra;Schattenzuflucht (Kurzick);Incantesimo. (Secondi: 10) Rigenerazione tua Salute: +7..10. Armatura: +40. Sei affetto da Accecamento (5 secondo[i]).;2;-5;23;7;0;5;.25;30;0;0;0;1;0;0;0;
2092;Incubo Etereo;Äther-Alptraum (Kurzick);Fattura. Perdita Energia: 5..8. Degenerazione Salute dell'obiettivo e dei nemici nell'area per ogni punto di Energia perso: -1 (10 secondo[i]).;2;-5;24;5;0;10;3;25;0;0;0;1;0;0;0;
2093;Sigillo della Corruzione;Siegel der Verdorbenheit (Kurzick);Sigillo. Danni all'obiettivo e ai nemici nei dintorni: 20..30. Energia ottenuta per ognuno di questi nemici affetti da condizione o fattura: 2 (max 12..20).;2;-5;21;4;0;0;1;20;0;0;0;1;0;0;0;
2094;Lord Elementale;Elementarlord (Kurzick);Incantesimo. (Secondi: 40..60.) I tuoi attributi elementali vengono incrementati di 1. Ogni volta che lanci una magia, ottieni 1 Punto Energia per ogni 10 gradi di Riserva di Energia e vieni curato[f:"curata"] di un 100..300% del costo energetico della magia.;2;-5;23;6;0;5;.25;45;0;0;0;1;0;0;0;
2095;Spirito Altruista;Selbstloser Geist (Kurzick);Incantesimo. (Secondi: 15..20). Riduzione del dispendio di Energia per le magie lanciate su un altro alleato: 3.;2;-5;23;3;0;5;.25;45;0;0;0;1;0;0;0;
2096;Tiro Triplo;Dreifachschuss (Kurzick);Attacco con Arco. Scocca 3 frecce simultanee contro l'obiettivo nemico. Percentuale di danno in meno di queste frecce: 40..25%.;2;-5;2;2;0;10;0;10;0;0;0;1;0;0;0;
2097;"Mettetevi In Salvo!";"Rettet Euch selbst!" (Kurzick);Urlo. (Secondi: 4..6) Armatura aggiuntiva per tutti gli altri membri della squadra: +100.;2;-5;20;1;0;0;0;0;8;0;0;1;0;0;0;
2098;Aura della Potenza Sacra;Aura der Heiligen Macht (Kurzick);Incantesimo. (Secondi: 45). Quando perdi un Incantesimo del Derviscio, i nemici adiacenti subiscono 20..25 danni sacri.;2;-5;23;10;0;10;.75;30;0;0;0;1;0;0;0;
2099;Lancia della Furia;Speer der Wut (Kurzick);Attacco con Lancia. Danni inferti: +30..40. Adrenalina conseguita se infliggi una condizione ad un nemico: 3..6.;2;-5;12;9;0;5;1;8;0;0;0;1;0;0;0;
2100;Invoca Spiriti;Geister herbeirufen (Kurzick);Magia. Gli Spiriti da te controllati compiono un Passo nell'Ombra verso la tua posizione e ottengono 60..100 Punto[i] Salute.;2;-5;22;8;0;5;.25;5;0;0;0;1;0;0;0;
2101;Agilità Critica;Kritische Beweglichkeit;Incantesimo. (4 secondo[i] più 1 per ogni grado di Colpi Critici) Incremento tua velocità d'attacco: 33%. Armatura: +15..25. Rinnovo: ogni volta che assesti un colpo critico.;3;-2;23;7;0;5;1;30;0;0;0;1;0;0;0;
2102;Grido di Dolore;Schmerzensschrei;Magia. Interrompe un'abilità. Se l'obiettivo nemico è sotto l'effetto di una fattura dell'Ipnotizzatore assesta 25..50 danni all'obiettivo e ai nemici nell'area e causa Degenerazione della Salute di -3..5 (10 secondi).;3;-2;22;5;0;10;.25;15;0;0;0;1;0;0;0;
2103;Necrosi;Nekrose;Abilità. Assesta 60..90 danno[i] se l'obiettivo nemico ha una condizione o una fattura.;3;-2;1;4;0;5;1;2;0;0;0;1;0;0;0;
2104;Intensità;Intensität;Abilità. (Secondi: 10.) La prossima volta che infliggi un danno elementale con un incantesimo, gli altri obiettivi nell'area subiscono un 60..70% di quel danno.;3;-2;1;6;0;5;0;10;0;0;0;1;0;0;0;
2105;Seme della Vita;Lebenssaat;Incantesimo. (Secondi: 2..5). Punti Salute ottenuti dai membri della squadra per ogni grado di Favore Divino ogni volta che l'obiettivo alleato subisce danni: 2. Impossibile selezionare se stessi.;3;-2;23;3;0;5;.25;20;0;0;0;1;0;0;0;
2107;Attacco Vortice;Wirbelsturmangriff;Attacco Ravvicinato. Attacca l'obiettivo e i nemici adiacenti assestando +13..20 danno[i].;3;-2;3;1;0;0;0;1;5.2;0;0;1;0;0;0;
2108;Mai Infierire da Soli;Tobt niemals allein;Abilità. (Secondi: 18..25) Incremento velocità degli attacchi tuoi e della mascotte: 25%. Rigenerazione Salute: +1..3.;3;-2;1;2;0;15;0;20;0;0;0;1;0;0;0;
2109;Aura Eterna;Ewige Aura;Incantesimo. Salute massima: +100. Effetto al termine: tutti i membri della squadra nell'area vengono resuscitati con un 40..50% di Punti Salute e un 20..30% di Punti Energia.;3;-2;23;10;0;15;4;30;0;0;0;1;0;0;0;
2110;Vampirismo;Vampirismus;Rituale Incatenante. Crei uno Spirito di livello 4..14 (in vita per 75..150 secondo[i]). Salute sottratta dai suoi attacchi: 10..20. Vieni curato di: 10..20.;3;-2;18;8;0;10;.75;30;0;0;0;1;0;0;0;
2112;"Non c'è Nulla da Temere!";"Es gibt nichts zu befürchten!";Urlo. (Secondi: 4 più 1 per ogni 2 gradi di Leadership) Riduzione danni subiti dai membri della squadra a portata d'orecchio: 20..35%. Effetto al termine: cura di 35..60.;3;-2;20;9;0;15;0;20;0;0;0;1;0;0;0;
2116;Attacco Subdolo;Überraschungsangriff;Attacco Ravvicinato. Condizione inflitta: Accecamento (5..8 secondo[i]). Vale come attacco con arma primaria.;4;-8;3;0;0;5;0;5;0;0;0;1;0;0;0;
2135;Bue Calpestante;Trampelnder Ochse;Attacco Doppio[_]. Danni inferti: +5..20. Provoca abbattimento se l'obiettivo nemico è affetto da Storpiatura. Deve seguire un attacco con arma secondaria.;4;29;7;7;0;5;0;8;0;0;0;0;0;0;0;
2136;Difesa della Polvere di Fumo;Rauchpulver-Verteidigung;Posizione. (Secondi: 8). La prossima volta che vieni colpito subirai la metà del danno e infliggerai Cecità ai nemici adiacenti per 2..6 secondi.;4;31;29;7;0;5;0;20;0;0;0;0;0;0;0;
2137;Immagini Svianti;Verwirrende Bilder;Fattura. (Secondi: 2..10). L'obiettivo nemico impiegherà il doppio del tempo per l'attivazione delle abilità (attacchi esclusi).;4;1;24;5;0;10;1;20;0;0;0;0;0;0;0;
2138;Vigore del Fattucchiere;Lebenskraft des Verhexers;Incantesimo. (Secondi: 10). Rigenerazione Salute: +1..8. Termina se utilizzi un'abilità che non rappresenta una fattura.;4;6;23;4;0;5;.25;10;0;0;0;0;0;0;0;
2139;Masochismo;Masochismus;Incantesimo. (Secondi: 10..40). Incremento Magia della Morte e Sottrazione dell'Anima: +2. Quando lanci una magia, sacrifichi un ulteriore 5..3% della tua Salute massima.;4;6;23;4;0;5;1;20;0;0;0;0;0;0;0;
2140;Trappola Perforante;Durchbohrende Falle;Trappola. (Secondi: 90) Ha effetto sui nemici nei dintorni. Danni perforanti inferti: 5..50. Danni ulteriori ai nemici affetti da Armatura Incrinata: 15..60. Facile interruzione.;4;24;30;2;0;10;2;30;0;0;0;0;0;0;0;
2141;Compagnia;Kameradschaft;Abilità. Cure ricevute se la tua Salute è inferiore a quella della tua mascotte: 30..120. Cure per la mascotte se la sua Salute è inferiore alla tua: 30..120.;4;22;1;2;0;5;2;10;0;0;0;0;0;0;0;
2142;Aggressione Selvaggia;Wilde Aggression;Abilità. (Secondi: 5..20) Incremento velocità d'attacco della tua mascotte: 33%. danni da essa inferti: +3..10.;4;22;1;2;0;15;0;20;0;0;0;0;0;0;0;
2143;Tiro Dirompente;Unterbrechender Schuss;Attacco con Arco. Interrompe un'azione. Effetto dell'interruzione: +10..40 danno[i] se interrompi un'abilità.;4;25;2;2;0;10;.5;15;0;0;0;0;0;0;0;
2144;Tiro al Volo;Salve;Attacco con Arco. Danni inferti: +1..10. Colpisce fino a 3 nemico[i] adiacenti al tuo obiettivo. Tutte le tue preparazioni vengono rimosse.;4;25;2;2;0;5;0;2;0;0;0;0;0;0;0;
2145;Mira da Professionista;Expertenfokus;Preparazione. (Secondi: 24) Dispendio energetico dei tuoi attacchi con arco: 1..2 in meno. danni inferti: +1..10.;4;23;17;2;0;10;2;12;0;0;0;0;0;0;0;
2146;Furia Pia;Frommer Zorn;Posizione. (1..7 secondi). Attacchi più velocemente del 25% e rimuovi 1 dei tuoi Incantesimi del Derviscio. Effetto della rimozione: questa posizione dura il doppio del tempo.;4;44;29;10;0;5;0;10;0;0;0;0;0;0;0;
2147;Vittoria Azzoppante;Verkrüppelnder Sieg;Attacco con Falce. (Secondi: 3..8.) Condizione inflitta all'obiettivo nemico: Storpiatura. Se hai più Salute dell'obiettivo nemico, tutti i nemici adiacenti subiscono 10..30 danni da terra.;4;41;9;10;0;0;0;0;6;0;0;0;0;0;0;
2148;Arma Separante;Trennende Waffe;Magia Altera-arma. (Secondi: 4..10) Condizione inflitta dai 3 attacchi successivi dell'obiettivo alleato: Armatura Incrinata (5..20 secondo[i]). sua penetrazione armatura: 10%.;4;32;27;8;0;5;1;10;0;0;0;0;0;0;0;
2149;Arma del Rinnovamento;Waffe der Erneuerung;Magia Altera-arma. (Secondi: 5..20) Energia conseguita dall'obiettivo alleato la prossima volta che colpisce con un'abilità d'attacco: 1..7.;4;36;27;8;0;5;1;10;0;0;0;0;0;0;0;
2150;Lancia Mutilante;Verkrüppelungs-Speer;Attacco con Lancia. Condizione inflitta se l'obiettivo nemico soffre di Emorragia: Storpiatura (5..20 secondo[i]).;4;37;12;9;0;5;0;5;0;0;0;0;0;0;0;
2186;Sigillo della Corruzione Letale;Siegel der tödlichen Verdorbenheit;Sigillo. Danni inferti per ogni condizione presente sull'obiettivo nemico: 5..35 (max 130).;4;30;21;7;0;0;1;12;0;0;0;0;0;0;0;
2187;Potere del Maestro;Weg des Meisters;Incantesimo. (Secondi: 60) Probabilità di assestare un colpo critico mentre impugni un'arma (pugnali esclusi): +3..33%.;4;35;23;7;0;5;.25;30;0;0;0;0;0;0;0;
2188;Contamina Difese;Verteidigung entweihen;Fattura. (Secondi: 5..20) Danni inferti la prossima volta che l'obiettivo nemico blocca: 30..120.;4;7;24;4;0;5;1;5;0;0;0;0;0;0;0;
2189;Sguardo dell'Angorodon;Angorodons Starren;Magia. Sottrazione Salute: 10..50. Energia conseguita se hai una condizione: 3..12.;4;6;22;4;0;5;1;10;0;0;0;0;0;0;0;
2190;Flusso Magnetico;Magnetschub;Incantesimo. Danni inferti: 15..75. (Secondi: 1..5.) Se sei sotto Sforzo, incanta tutti gli alleati a portata d'orecchio e blocca il prossimo attacco contro di essi.;4;9;23;6;0;10;1;15;0;0;0;0;0;0;0;
2191;Terreno Sdrucciolevole;Rutschiger Boden;Magia. Provoca abbattimento se il nemico è affetto da Accecamento o si sta muovendo. Colpisce i nemici adiacenti al tuo obiettivo. 50% di probabilità di fallimento con Magia dell'Acqua inferiore al grado 4.;4;11;22;6;0;5;1;10;0;0;0;0;0;0;0;
2192;Ghiaccio Luminoso;Leuchtendes Eis;Magia. Danni da freddo inferti: 5..50. Energia conseguita se l'obiettivo nemico è affetto da una fattura dell'Acqua: 5 più 1 per ogni 2 gradi della Riserva di Energia.;4;11;22;6;0;5;1;8;0;0;0;0;0;0;0;
2193;Esplosione di Energia;Energieexplosion;Magia. Danni inferti per ogni Punto Energia che possiedi: 1..2 (max 130).;4;12;22;6;0;5;1.5;20;0;0;0;0;0;0;0;
2194;Battuta Distraente;Ablenkender Stoß;Attacco Ravvicinato. Interrompe un'azione. Effetto dell'interruzione: se l'obiettivo nemico ha un'Armatura Incrinata, disattiva l'abilità interrotta (30 secondo[i]). Non infligge alcun danno.;4;-1;3;1;0;5;.5;15;0;0;0;0;0;0;0;
2195;Colpo Simbolico;Symbolischer Schlag;Attacco Ravvicinato. Danni inferti per ogni Sigillo che hai equipaggiato: +12 (max 70).;4;-1;3;1;0;0;0;0;3.2;0;0;0;0;0;0;
2196;Velocità del Soldato;Geschwindigkeit des Soldaten;Posizione. (Secondo[i]: 3..18). La tua velocità di movimento aumento di un 15% e di un 15% aggiuntivo se sotto l'effetto di un urlo o un canto.;4;21;29;1;0;5;0;12;0;0;0;0;0;0;0;
2197;Colpo al Corpo;Körperschlag;Attacco Ravvicinato. Danni inferti: +10..40. Condizione inflitta se l'obiettivo nemico ha Armatura Incrinata: Ferita Profonda (0..15 secondo[i]).;4;17;3;1;0;0;0;0;6.4;0;0;0;0;0;0;
2198;Tiro al Corpo;Körperschuss;Attacco con Arco. Danni inferti: +5..20. Energia conseguita se l'obiettivo nemico soffre di Armatura Incrinata: 5..10.;4;25;2;2;0;5;0;8;0;0;0;0;0;0;0;
2199;Sigillo della Punta Avvelenata;Giftspitzen-Siegel;Sigillo. (Secondi: 60) Condizione inflitta con il prossimo attacco: Veleno (8..15 secondo[i]).;4;24;21;2;0;0;1;6;0;0;0;0;0;0;0;
2200;Sigillo della Velocità Mistica;Siegel der mystischen Geschwindigkeit;Sigillo. (Secondi: 30). 1..3 dei tuoi prossimi incantesimi su di te verranno lanciati istantaneamente. Gli Incantesimi Lampo non consumano l'utilizzo di questa abilità.;4;42;21;10;0;0;1;20;0;0;0;0;0;0;0;
2201;Scudo di Forza;Kraftschild;Incantesimo Lampo. (Secondi: 1..16). Attacchi successivi verso di te bloccati: 1. Abbatte e infligge Debolezza (5..20 secondi a tutti i nemici adiacenti in attacco.;4;43;33;10;0;10;0;12;0;0;0;0;0;0;0;
2202;Stretta Riparatrice;Genesungsgriff;Magia. Cure: 30..90. Rimuove una condizione se l'obiettivo alleato è affetto da una magia altera-arma.;4;33;22;8;0;5;1;4;0;0;0;0;0;0;0;
2203;Aura dello Spirito Sanguisuga;Geistsauger-Aura;Abilità. (Secondi: 5..20). Tutti i tuoi spiriti a portata d'orecchio infliggono 5..20 danni in meno e sottraggono 5..20 Punti Salute quando sferrano un attacco.;4;33;1;8;0;5;.25;20;0;0;0;0;0;0;0;
2204;Ringiovanimento;Verjüngung;Rituale Incatenante. Crei uno Spirito di livello 1..20 (in vita per 30..90 secondo[i]). Cure al secondo per i membri della squadra a portata d'orecchio: 3..10. Costo cure: questo Spirito perde 3..10 Punto[i] Salute.;4;33;18;8;0;10;.75;30;0;0;0;0;0;0;0;
2205;Agonia;Todesqual;Rituale Incatenante. Crei uno Spirito di livello 1..12 (in vita per 30..90 secondo[i]). Salute persa ogni secondo dai nemici a portata d'orecchio: 3..10. Questo Spirito perde 3..10 Punto[i] Salute per ogni nemico che perde Salute.;4;34;18;8;0;10;.75;30;0;0;0;0;0;0;0;
2206;Arma Spettrale;Geisterwaffe;Magia Altera-arma. (Secondi: 5..20) L'attacco successivo dell'obiettivo alleato non è bloccabile. Impossibile selezionare se stessi.;4;32;27;8;0;3;.25;1;0;0;0;0;0;0;0;
2207;Discorso Ispiratore;Inspirative Rede;Abilità. Adrenalina conseguita dall'obiettivo alleato: 1..8. Impossibile selezionare se stessi. Perdi tutta l'adrenalina.;4;39;1;9;0;5;0;10;0;0;0;0;0;0;0;
2208;Scudo Ardente;Brennender Schild;Abilità. (Secondi: 3..9) Blocca il prossimo attacco diretto contro di te. Condizione inflitta se si trattava di un attacco ravvicinato: Bruciatura (1..6 secondo[i]). Ha effetto solo se brandisci uno scudo.;4;40;1;9;0;5;0;20;0;0;0;0;0;0;0;
2209;Lancia Sacra;Heiliger Speer;Attacco con Lancia. Danni inferti: +5..20. Assesta 15..90 danno[i] sacro[i] e infligge Bruciatura (3 secondo[i]) ai nemici nei dintorni se colpisci una creatura evocata.;4;37;12;9;0;0;0;0;4;0;0;0;0;0;0;
2210;Lancia Travolgente;Speerschlag;Attacco Ravvicinato con Lancia. Danni inferti: +5..20. Condizione inflitta: Stordimento (4..10 secondo[i]). Attacco a portata ravvicinata.;4;40;12;9;0;5;0;20;0;0;0;0;0;0;0;
2211;Acido Alchemico di Alkar;Alkars Alchemiesäure;Magia. Proiettile. Danni all'obiettivo e ai nemici adiacenti: 40..50. Danni aggiuntivi ai Distruttori: 45..70. Condizione inflitta ai Distruttori: Armatura Incrinata (14..20 secondo[i]).;4;-7;22;0;0;10;1;10;0;0;0;1;0;0;0;
2212;Luce di Deldrimor;Licht von Deldrimor;Magia. Danni sacri ai nemici nell'area: 55..80. Rivela la posizione degli oggetti nascosti entro l'area della bussola.;4;-7;22;0;0;5;.75;20;0;0;0;1;0;0;0;
2213;Mordi Orecchio;Ohrenbiss;Abilità a Tocco. Danni perforanti: 50..70. Condizione inflitta: Emorragia (15..25 secondo[i]).;4;-7;1;0;0;0;.75;0;4;0;0;1;0;0;0;
2214;Colpo Basso;Unter der Gürtellinie;Abilità a Tocco. Danni inferti: 45..70. Per gli obiettivi nemici abbattuti: Danni inferti in più: 30..50. Condizione inflitta: Armatura Incrinata (14..20 secondi).;4;-7;1;0;0;0;.75;0;6;0;0;1;0;0;0;
2215;Testata del Lottatore;Rauf-Kopfstoß;Abilità a Tocco. Danni inferti: 45..70. Provoca abbattimento.;4;-7;1;0;0;0;.75;0;7;0;0;1;0;0;0;
2216;"Non Inciampate!";"Stolpert nicht!";Urlo. (Secondi: 3..5) Impedisce l'abbattimento. Ha effetto sui membri della squadra a portata d'orecchio.;4;-7;20;0;0;5;0;20;0;0;0;1;0;0;0;
2217;"Per il Martello di Ural!";"Bei Urals Hammer!";Urlo. (Secondi: 30). Resusciti tutti i membri della squadra morti a portata d'orecchio con Salute ed Energia massima. I membri della squadra resuscitati provocano un 25..33% in più di danno. I membri della squadra resuscitati muoiono al termine, ma non ricevono Debilitazione.;4;-7;20;0;0;5;0;60;0;0;0;1;0;0;0;
2218;Maestro Ubriaco;Betrunkener Meister;Posizione. (Secondi: 72..90) Incremento velocità tuoi movimenti e attacchi se non sei in stato d'ebbrezza: 10..15%. Incremento velocità tuoi movimenti e attacchi se sei in stato d'ebbrezza: 25..33%.;4;-7;29;0;0;5;0;60;0;0;0;1;0;0;0;
2219;Arma del Grande Nano;Waffe des Großen Zwergs;Magia Altera-arma. (Secondi: 20) Danno da arma: +15..20. Probabilità di provocare abbattimento con gli attacchi: 28..40%. Impossibile selezionare se stessi.;4;-7;27;0;0;10;1;5;0;0;0;1;0;0;0;
2220;Armatura del Grande Nano;Rüstung des Großen Zwergs;Incantesimo. (Secondi: 22..40) Armatura: +24. Salute massima: +60. Armatura aggiuntiva contro i Distruttori: +24.;4;-7;23;0;0;5;1;10;0;0;0;1;0;0;0;
2221;Respiro del Grande Nano;Atem des Großen Zwergs;Magia. Rimuove Bruciatura e cura di 50..60. ha effetto sui membri della squadra.;4;-7;22;0;0;10;.25;15;0;0;0;1;0;0;0;
2222;Tempesta di Neve;Schneesturm;Magia. Danni da freddo inferti al secondo: 30..40 (5 secondo[i]). Colpisce i nemici adiacenti alla posizione iniziale dell'obiettivo nemico.;4;-7;22;0;0;10;1;10;0;0;0;1;0;0;0;
2223;Mina di Polvere Nera;Schwarzpulvermine;Trappola. (Secondi: 90) Ha effetto sui nemici nei dintorni. Danni inferti: 20..30. Condizioni inflitte: Accecamento e Emorragia (7..10 secondo[i]). Facile interruzione.;4;-7;30;0;0;10;2;20;0;0;0;1;0;0;0;
2224;Invoca Mursaat;Mursaat herbeirufen;Magia. Invochi un Mursaat di livello 14..20 (in vita per 40..60 secondo[i]) dotato di Scarica Snervante. È possibile mantenere attiva solo 1 invocazione Asura per volta.;4;-6;22;0;0;10;3;60;0;0;0;1;0;0;0;
2225;Invoca Djinn Rubino;Rubin-Dschinn herbeirufen;Magia. Invochi un Djinn Rubino di livello 14..20 (in vita per 40..60 secondo[i]) dotato di Immolazione. È possibile mantenere attiva solo 1 invocazione Asura per volta.;4;-6;22;0;0;10;3;60;0;0;0;1;0;0;0;
2226;Invoca Diavoletto del Ghiaccio;Eis-Kobold herbeirufen;Magia. Invochi un Diavoletto del Ghiaccio di livello 14..20 (in vita per 40..60 secondo[i]) dotato di Spine di Ghiaccio. È possibile mantenere attiva solo 1 invocazione Asura per volta.;4;-6;22;0;0;10;3;60;0;0;0;1;0;0;0;
2227;Invoca Sciamano Naga;Naga-Schamanen herbeirufen;Magia. Invochi uno Sciamano Naga di livello 14..20 (in vita per 40..60 secondo[i]) dotato di Sassaiola. È possibile mantenere attiva solo 1 invocazione Asura per volta.;4;-6;22;0;0;10;3;60;0;0;0;1;0;0;0;
2228;Colpo Svelto;Geschickter Schlag;Attacco dalla Distanza. Danni inferti: 18..30. Condizione inflitta se l'obiettivo nemico ha Armatura Incrinata: Emorragia (18..30 secondo[i]).;4;-8;31;0;0;5;.5;8;0;0;0;1;0;0;0;
2229;Sigillo dell'Infezione;Siegel der Infektion;Sigillo. Condizione inflitta se l'obiettivo nemico soffre di Emorragia: Malattia (13..20 secondo[i]).;4;-8;21;0;0;0;1;10;0;0;0;1;0;0;0;
2230;Sigillo del Triptofano;Tryptophan-Siegel;Sigillo. (Secondi: 14..20) Rallentamento velocità di movimento e d'attacco dell'obiettivo e dei nemici adiacenti: 23..40%.;4;-8;21;0;0;0;1;15;0;0;0;1;0;0;0;
2231;Stendardo di Battaglia del Coraggio d'Ebano;Ebon-Kampfstandarte des Mutes;Guardia. (Secondi: 14..20) Gli alleati in questa Guardia ottengono: armatura +24 e armatura +24 contro i Charr. Non ha effetto sugli Spiriti.;4;-8;26;0;0;10;1;20;0;0;0;1;0;0;0;
2232;Stendardo di Battaglia della Saggezza d'Ebano;Ebon-Kampfstandarte der Weisheit;Guardia. (Secondi: 14..20) Le magie lanciate dagli alleati in questa guardia hanno un 44..60% di probabilità di ricaricarsi con velocità superiore del 50%. Non ha effetto sugli Spiriti.;4;-8;26;0;0;10;1;20;0;0;0;1;0;0;0;
2233;Stendardo di Battaglia dell'Onore d'Ebano;Ebon-Kampfstandarte der Ehre;Guardia. (Secondi: 14..20) Danni inferti dagli alleati in questa Guardia: +8..15. Danni ulteriori contro i Charr: +7..10. Non ha effetto sugli Spiriti.;4;-8;26;0;0;10;1;20;0;0;0;1;0;0;0;
2234;Cecchino di Supporto dell'Avanguardia d'Ebano;Ebon-Vorhut-Heckenschützen-Unterstützung;Magia. Danno perforante: 54..90. Condizione inflitta: Emorragia (5..25 secondo[i]). Probabilità di assestare +540..900 danno[i] perforante[i]: 10%. Probabilità di assestare +540..900 danno[i] perforante[i] ad un Charr: 25%.;4;-8;22;0;0;10;1;15;0;0;0;1;0;0;0;
2235;Assassino di Supporto dell'Avanguardia d'Ebano;Ebon-Vorhut-Assassinen-Unterstützung;Magia. Evochi un assassino di livello 14..20 dotato di Palmo di Ferro, Denti di Volpe e Colpo a Nove Code che compie un Passo nell'Ombra verso questo nemico. Se il nemico è un Charr, l'assassino vive 24..30 secondo[i]. Se non è un Charr, l'assassino vive 12..15 secondo[i].;4;-8;22;0;0;10;1;30;0;0;0;1;0;0;0;
2236;Pozzo della Rovina;Brunnen des Ruins;Pozzo. (5..30 secondo/i.) Infligge la condizione armatura spaccata (5..20 secondo/i) a tutti i nemici nel Pozzo che subiscono danni fisici. Utilizza un cadavere fresco o sacrifica il 66% della Salute.;4;7;28;4;0;10;1;20;0;0;0;0;0;0;0;
2237;Atrofia;Schwund;Fattura. (Secondi: 3..7) Riduce l'attributo primario di questo nemico a 0.;4;7;24;4;0;10;1;20;0;0;0;0;0;0;0;
2238;Lancia della Redenzione;Speer der Erlösung;Attacco con Lancia. Danni inferti: +5..20. Se non va a segno perdi una condizione.;4;37;12;9;0;0;0;0;3;0;0;0;0;0;0;
2353;"Finiscilo!";"Erledigt ihn!";Urlo. Danni inferti: 44..80. Condizioni inflitte: Armatura Incrinata e Ferita Profonda (12..20 secondo[i]). Ha effetto solo se la Salute dell'obiettivo è inferiore al 50%.;4;-9;20;0;0;10;0;15;0;0;0;1;0;0;0;
2354;"Schiva Questo!";"Weicht aus!";Urlo. (Secondi: 16..20) Il tuo prossimo attacco non è bloccabile e assesta +14..20 danno[i].;4;-9;20;0;0;0;0;0;4;0;0;1;0;0;0;
2355;Sono il Più Forte!;Ich bin am stärksten!;Urlo. Infliggi +14..20 danno[i] con 5..8 dei tuoi attacci successivi.;4;-9;20;0;0;5;0;20;0;0;0;1;0;0;0;
2356;"Non Mi Ferma Nessuno!";"Ich bin unaufhaltbar!";Urlo. (Secondi: 16..20) Armatura: +24. Non puoi essere abbattuto né affetto da Storpiatura.;4;-9;20;0;0;5;0;30;0;0;0;1;0;0;0;
2357;Tocco d'Astuzia;Ein Funken Arglist;Fattura a Tocco. Danni inferti: 44..80. L'obiettivo nemico non può attaccare (5..8 secondo[i]) se era stato abbattuto.;4;-9;24;0;0;5;.75;15;0;0;0;1;0;0;0;
2358;"Ti Muovi Come un Nano!";"Ihr bewegt Euch wie ein Zwerg!";Urlo. Danni inferti: 44..80. Provoca abbattimento. Condizione inflitta: Storpiatura (8..15 secondi).;4;-9;20;0;0;10;0;10;0;0;0;1;0;0;0;
2359;"Siete dei Mollaccioni!";"Ihr seid alle Schwächlinge!";Urlo. Condizione inflitta: Debolezza (8..12 secondo[i]). Ha effetto anche sui nemici adiacenti.;4;-9;20;0;0;5;0;12;0;0;0;1;0;0;0;
2360;Non Fa Male;Den Schmerz nicht spüren;Abilità. (Secondi: 30) Rigenerazione tua Salute: +2..3. Salute massima se sei in stato d'ebbrezza quando attivi questa abilità: +200..300.;4;-9;1;0;0;5;0;20;0;0;0;1;0;0;0;
2361;Mazza di Mille Orsi;Tausend-Bären-Prügel;Attacco Ravvicinato. Danni inferti per ogni nemico adiacente: +6..9 (max 60). Provoca abbattimento se l'obiettivo nemico non è umano.;4;-9;3;0;0;5;0;12;0;0;0;1;0;0;0;
2374;Benedizione dell'Urside;Segen der Bärin;Forma d'Élite. Perdi tutti gli effetti e assumi le sembianze dell'orsa (60 secondo[i]). Il grado di tutti i tuoi attributi scende a 0 e gli attacchi dell'orsa si sostituiscono alle tue abilità. Armatura: 100. Salute: 750..800.;4;-9;15;0;0;10;0;60;0;0;1;1;0;0;0;
2379;Benedizione Lupesca;Segen des Wolfes;Forma d'Élite. Perdi tutti gli effetti e assumi le sembianze del lupo (60 secondo[i]). Il grado di tutti i tuoi attributi scende a 0 e gli attacchi del lupo si sostituiscono alle tue abilità. Armatura: 80. Salute: 660..700. Rigenerazione Salute: 2..4.;4;-9;15;0;0;10;0;60;0;0;1;1;0;0;0;
2384;Benedizione del Corvo;Segen des Raben;Forma d'Élite. Perdi tutti gli effetti e assumi le sembianze del corvo (60 secondo[i]). Il grado di tutti i tuoi attributi scende a 0 e gli attacchi del corvo si sostituiscono alle tue abilità. Armatura: 80. Salute: 660..700. Probabilità di blocco: 20..30%.;4;-9;15;0;0;10;0;60;0;0;1;1;0;0;0;
2411;Piega Mente;Geistbrecher;Incantesimo. (Secondi: 10..16). Incremento della tua velocità di movimento: 20..33%. Riduzione del tempo di lancio delle tue magie: 20%.;4;-6;23;0;0;5;1;24;0;0;0;1;0;0;0;
2412;Criminale Raffinato;Durchtriebener Krimineller;Magia. (Secondi: 10..20) Disattiva una magia. Questa abilità si trasforma in quella magia. Energia conseguita: 5..10.;4;-6;22;0;0;5;1;20;0;0;0;1;0;0;0;
2413;Tecnocratese;Technobabbel;Magia. Danni all'obiettivo e ai nemici adiacenti: 30..40. Condizione inflitta su di loro se l'obiettivo non era un boss: Stordimento (3..5 secondo[i]).;4;-6;22;0;0;10;1;10;0;0;0;1;0;0;0;
2414;Campo Radioattivo;Strahlungsfeld;Guardia. (Secondi: 5) Degenerazione Salute dei nemici nell'area: -4..6. Effetto al termine: infligge Malattia (12..20 secondo[i]) ai nemici nell'area.;4;-6;26;0;0;15;2;12;0;0;0;1;0;0;0;
2415;Scansione Asura;Asurischer Scan;Fattura. (Secondi: 9..12). Non puoi mancare l'obiettivo nemico. Se uccidi questo nemico, perdi un 5% di Debilitazione.;4;-6;24;0;0;5;0;5;0;0;0;1;0;0;0;
2416;Aria di Superiorità;Hochnäsigkeit;Abilità. (Secondi: 20..30) Ottieni un beneficio Asura a caso ogni volta che consegui esperienza uccidendo un nemico.;4;-6;1;0;0;5;0;20;0;0;0;1;0;0;0;
2417;Blocco Mentale;Geistige Sperre;Incantesimo. (Secondi: 5..11) Tua probabilità di blocco: 50%. Rinnovo: ogni volta che vieni colpito da un nemico.;4;-6;23;0;0;10;1;15;0;0;0;1;0;0;0;
2418;Invertitore del Dolore;Schmerztauscher;Fattura. (Secondi: 6..10) Restituisce un 100..140% del danno (max 80) all'obiettivo nemico ogni volta che assesta danni.;4;-6;24;0;0;10;1;20;0;0;0;1;0;0;0;
2420;Fuga d'Ebano;Ebon-Flucht;Magia. Cure a te e all'obiettivo alleato: 70..110. Effetto iniziale: compi un Passo nell'Ombra verso questo alleato. Impossibile selezionare se stessi.;4;-8;22;0;0;5;.25;10;0;0;0;1;0;0;0;
2421;Trappola della Debolezza;Schwäche-Falle;Trappola. (Secondi: 90) Ha effetto sui nemici nei dintorni. Danni da fulmine inferti: 24..50. Condizione inflitta: Debolezza (10..20 secondo[i]). Abbatte i Charr. Facile interruzione.;4;-8;30;0;0;10;2;30;0;0;0;1;0;0;0;
2422;Venti;Winde;Rituale dell'Avanguardia d'Ebano. Crei uno Spirito di livello 4..10 (in vita per 54..90 secondo[i]). Ha effetto sui nemici nella portata. Probabilità di mancare con gli attacchi dalla distanza: 15%.;4;-8;32;0;0;5;5;30;0;0;0;1;0;0;0;
2423;Stabilità dei Nani;Zwergenstabilität;Incantesimo. (Secondi: 24..30) Incremento durata delle tue posizioni: 55..100%. Non puoi essere abbattuto se l'attivi mentre sei in stato d'ebbrezza.;4;-7;23;0;0;5;.25;30;0;0;0;1;0;0;0;
3422;Sfera temporale;Zeitabwehr;Guardia d'Élite. (6..20 sec.) Gli alleati in quest'area lanciano incantesimi (+15..20%) e ricaricano abilità (+15..20%) più in fretta. Non riguarda gli spiriti alleati. Abilità PvE;0;0;26;5;0;10;2;30;0;0;1;1;0;0;0;
3423;Strappa anime;Seelengreifer;Incantesimo d'Élite. (3..30 sec.) Gli attacchi causano +15..20 di danno e costano 15..20 di salute. Abilità PvE;0;6;23;4;0;5;1;15;0;0;1;1;0;0;0;
3424;Oltre il limite;Über die Grenze hinaus;Incantesimo d'Élite. Lancia incantesimi (+20..50%) e ricarica (+40..80%) più in fretta. Accumulo costante di Turbamento mentre è attivo. Abilità PvE;0;12;23;6;-1;5;1;20;0;0;1;1;0;0;0;
3425;Colpo del giudizio;Urteilsschlag;Attacco d'Élite Ravvicinato. Colpisce il bersaglio e nemici adiacenti e infligge +13..30 di Danno sacro. Respinge i nemici all'attacco. Abilità PvE;0;16;3;3;0;5;1;8;0;0;1;1;0;0;0;
3426;Mossa delle sette armi;Sieben Waffen-Haltung;Posizione d'Élite. (3..20 sec.) Attributi armi aumentati di 1..15. Attacchi più veloci (33 %). Abilità PvE;0;17;29;1;0;5;0;20;0;0;1;1;0;0;0;
3427;"Tutti per uno!";"Gemeinsam als Eines!";Urlo d'Élite. (3..15 secondi.) Membri del gruppo vicini a te o alle tue creature infliggono +5..15 di danno e ottengono +1..7 di rigenerazione salute. Abilità PvE;0;23;20;2;0;10;0;15;0;0;1;1;0;0;0;
3428;Ladro d'ombre;Schattendiebstahl;Abilità d'Élite. Effettua un Passo dell'ombra verso un nemico. Per 5..20 sec., riduce gli attributi del nemico di 1..5 e aumenta i tuoi di 1..5. Conta come un Attacco principale. Abilità PvE;0;35;1;7;0;5;.25;20;0;0;1;1;0;0;0;
3429;Armi delle tre forge;Waffen aus drei Schmieden;Magia d'Élite Altera-arma. (3..20 sec.) Gli alleati a portata d'orecchio ottengono effetti di un Incantesimo d'arma casuale. Non riguarda gli spiriti alleati. Abilità PvE;0;36;27;8;0;10;2;15;0;0;1;1;0;0;0;
3430;Voto di rivoluzione;Schwur der Revolution;Incantesimo d'Élite. (3..10 sec.) Ottieni +1..6 rigenerazione energia. Rinnovo: a ogni uso di un'abilità non-derviscia. Abilità PvE;0;44;23;10;0;10;1;20;0;0;1;1;0;0;0;
3431;Motivo eroico;Heroischer Refrain;Eco d'Élite. (3..15 sec.) +1..3 a tutti gli attributi dell'alleato bersaglio. Rinnovo: ogni volta che un canto o grido raggiunge l'alleato. Non riguarda gli spiriti. Abilità PvE;0;40;14;9;0;5;1;10;0;0;1;1;0;0;0;
3446;Soul Ignition;Soul Ignition;Incantesimo. Reduce Overcast by 1..2 per second. You and all adjacent foes are afflicted with burning.;0;12;23;6;-1;10;.5;30;0;0;0;1;0;0;0;
