0;No Skill;Keine Fertigkeit;Empty skill slot;0;-1;0;0;0;0;0;0;0;0;0;0;0;0;0;
1;Sigillo della Guarigione;Siegel der Heilung;Sigillo. Ottieni 82..172 Punto[i] Salute. Usando questa abilità avrai -40 di armatura.;0;21;21;1;0;0;2;4;0;0;0;0;0;0;0;
2;Sigillo della Resurrezione;Siegel der Wiederbelebung;Sigillo. Fai risorgere un membro della squadra con 100% di Salute e 25% di Energia. Questo Sigillo si ricarica solo ottenendo una Spinta Morale.;0;-1;21;0;0;0;3;0;0;0;0;0;0;0;0;
3;Sigillo della Cattura;Siegel der Erbeutung;Sigillo. Scegli un'abilità da un boss morto della tua professione. Il Sigillo della Cattura verrà sostituito permanentemente da quell'abilità. Se si tratta di un'abilità d'élite ottieni 250 P.E. per ogni livello acquisito.;0;-1;21;0;0;0;2;2;0;0;0;1;0;0;0;
5;Blocco del Potere;Kraftblock;Magia d'Élite. Se l'obiettivo nemico ha attivato una magia o un canto, l'abilità e tutte le altre abilità con lo stesso attributo vengono disattivate per 1..12 secondi e l'abilità viene interrotta.;1;2;22;5;0;15;.25;20;0;0;1;0;0;0;0;
6;Mantra della Terra;Mantra der Erde;Posizione. Per 30..90 secondo[i], ogni volta che subirai un danno da terra, questo si ridurrà del 26..50% e otterrai 2 Punti Energia.;0;3;29;5;0;10;0;20;0;0;0;0;0;0;0;
7;Mantra della Fiamma;Mantra des Feuers;Posizione. Per 30..90 secondo[i], ogni volta che subirai un danno da fuoco, questo si ridurrà del 26..50% e otterrai 2 Punti Energia.;0;3;29;5;0;10;0;20;0;0;0;0;0;0;0;
8;Mantra della Brina;Mantra des Frosts;Posizione. Per 30..90 secondo[i], ogni volta che subirai un danno da freddo, questo si ridurrà del 26..50% e otterrai 2 Punti Energia.;0;3;29;5;0;10;0;20;0;0;0;0;0;0;0;
9;Mantra del Fulmine;Mantra des Blitzes;Posizione. Per 30..90 secondo[i], ogni volta che subirai un danno da fulmine, questo si ridurrà del 26..50% e otterrai 2 Punti Energia.;0;3;29;5;0;10;0;20;0;0;0;0;0;0;0;
10;Anti-Fattura;Gebrochene Verhexung;Posizione. Dura 5..80 secondo[i]. la prossima volta che ti sarà lanciata addosso una fattura, non avrà effetto e chi la lancia subirà 10..46 danno[i].;0;2;29;5;0;5;0;15;0;0;0;0;0;0;0;
11;Distorsione;Verzerrung;Posizione. Per 1..5 secondo[i] hai il 75% di possibilità di bloccare gli attacchi. Ogni volta che blocchi un attacco in questo modo, o perdi 2 Punto[i] Energia oppure la Distorsione termina.;1;1;29;5;0;5;0;8;0;0;0;0;0;0;0;
13;Mantra del Recupero;Mantra der Erholung;Posizione d'Élite. Per 5..20 secondi la velocità di ricarica delle magie lanciate da te aumenta di un 33%.;0;0;29;5;0;5;0;15;0;0;1;0;0;0;0;
14;Mantra della Persistenza;Mantra des Bestehens;Posizione. Per 5..25 secondo[i] tutte le fatture di Magia Illusoria durano un 10..40% in più.;0;3;29;5;0;5;0;15;0;0;0;0;0;0;0;
15;Mantra delle Iscrizioni;Mantra der Inschriften;Posizione. Per 5..25 secondo[i] i Sigilli da te attivati mentre ti trovi in questa posizione si ricaricano ad una velocità maggiore del 10..40%.;0;3;29;5;0;10;0;20;0;0;0;0;0;0;0;
16;Mantra della Concentrazione;Mantra der Konzentration;Posizione. Dura 1..38 secondo[i]. la prossima volta che un avversario cercherà di interromperti non potrà farlo.;1;3;29;5;0;5;0;30;0;0;0;0;0;0;0;
17;Mantra della Risoluzione;Mantra des Abschlusses;Posizione. Per 30..90 secondo[i] gli avversari non potranno interromperti, ma per ogni tentativo che faranno, o perderai 10..4 Punto[i] Energia oppure il Mantra della Risoluzione terminerà.;0;3;29;5;0;10;0;20;0;0;0;0;0;0;0;
18;Mantra dei Sigilli;Mantra der Siegel;Posizione. Per 10..40 secondi ottieni +3 di armatura per ogni Sigillo equipaggiato. Ogni volta che utilizzi un Sigillo, ottieni 5..60 Punti Salute.;1;3;29;5;0;5;0;20;0;0;0;0;0;0;0;
19;Fragilità;Zerbrechlichkeit;Fattura. Per 8..20 secondi l'obiettivo nemico e i nemici adiacenti subiscono 5..20 danni ogni volta che viene loro inflitta una nuova condizione o se ne liberano.;0;1;24;5;0;5;1;5;0;0;0;0;0;0;0;
21;Incantesimo Ispirato;Inspirierte Verzauberung;Magia. Rimuovi un incantesimo dall'obiettivo nemico ed ottieni 3..15 Punto[i] Energia. Per 20 secondi l'incantesimo rimosso si sostituirà all'Incantesimo Ispirato.;1;3;22;5;0;10;1;0;0;0;0;0;0;0;0;
22;Fattura Ispirata;Inspirierte Verhexung;Magia. Elimini una fattura dall'obiettivo (un alleato o te stesso) ed ottieni 4..10 Punto[i] Energia. Per 20 secondi, la fattura sottratta si sostituirà alla Fattura Ispirata.;1;3;22;5;0;5;1;0;0;0;0;0;0;0;0;
23;Spina del Potere;Kraftdorn;Magia. Se l'obiettivo nemico ha attivato una magia o un canto, lo interrompi e gli infliggi 30..120 danni.;0;2;22;5;0;5;.25;12;0;0;0;0;0;0;0;
24;Perdita di Potere;Kraftleck;Magia. Se l'obiettivo nemico ha attivato una magia o un canto, l'abilità viene interrotta e l'obiettivo perde 3..17 Punti Energia.;1;2;22;5;0;10;.25;20;0;0;0;0;0;0;0;
25;Calo di Potere;Kraftentzug;Magia. Se l'obiettivo nemico ha attivato una magia o un canto, lo interrompi e ottieni 1..31 Punti Energia.;0;3;22;5;0;5;.25;20;0;0;0;0;0;0;0;
26;Empatia;Empathie;Fattura. Per 5..15 secondi, ogni volta che l'obiettivo nemico attacca subisce 10..55 danni e infligge 1..15 danni in meno.;0;2;24;5;0;10;2;10;0;0;0;0;0;0;0;
27;Delusioni Infrante;Täuschungen brechen;Magia. Rimuovi una fattura da Ipnotizzatore dal bersaglio nemico. Se rimuovi una fattura, il bersaglio subisce 15..75 danni e tutti i nemici adiacenti subiscono il 75% di quei danni.;1;2;22;5;0;5;.25;6;0;0;0;0;0;0;0;
28;Ritorno di Fiamma;Rückschlag;Fattura. Dura 10 secondi. ogni volta che l'obiettivo nemico compie una magia, subisce 35..140 danno[i].;0;2;24;5;0;15;3;20;0;0;0;0;0;0;0;
29;Blackout;Blackout;Abilità. Dura 2..8 secondo[i]. tutte le abilità dell'obiettivo nemico toccato vengono disattivate e tutte le tue abilità sono sospese per 5 secondi.;1;2;1;5;0;10;1;12;0;0;0;0;0;0;0;
30;Diversione;Ablenkung;Fattura. Dura 6 secondi. la prossima volta che l'obiettivo nemico userà un'abilità, il suo tempo di ricarica aumenterà di 10..56 secondo[i].;0;2;24;5;0;10;3;12;0;0;0;0;0;0;0;
31;Evoca Fantasma;Trugbild beschwören;Fattura. Per 4..18 secondo[i] l'obiettivo nemico subirà una Degenerazione della Salute di -5.;0;1;24;5;0;10;1;5;0;0;0;0;0;0;0;
32;Illusione di Debolezza;Illusion der Schwäche;Incantesimo. Perdi 50..240 Punto[i] Salute. L'Illusione di Debolezza termina se il danno riduce la tua Salute al di sotto del 25% della Salute massima. Al termine ottieni 50..240 Punto[i] Salute.;1;1;23;5;0;10;2;30;0;0;0;0;0;0;0;
33;Armamento Illusorio;Illusion der Waffen;Incantesimo d'Élite. Per 30 secondi i tuoi attacchi ravvicinati non colpiscono e non vanno a vuoto. L'Armamento Illusorio infligge 20..60 danni agli obiettivi per ogni attacco ravvicinato. Ottieni +5 di armatura per ogni abilità di Magia Illusoria equipaggiata.;1;1;23;5;0;5;1;10;0;0;1;0;0;0;0;
34;Aspetto Compassionevole;Sympathisches Gesicht;Incantesimo. Dura 4..10 secondo[i]. ogni volta che l'obiettivo (un alleato o te stesso) viene colpito da un attacco ravvicinato, tutti i nemici adiacenti perdono tutta l'adrenalina e 3 Punti Energia.;1;1;23;5;0;10;1;20;0;0;0;0;0;0;0;
35;Ignoranza;Ignoranz;Fattura. Per 8..20 secondo[i] l'obiettivo nemico non può usare i Sigilli.;0;2;24;5;0;10;1;10;0;0;0;0;0;0;0;
36;Enigma Arcano;Arkanes Rätsel;Fattura. Per 5..15 secondi il tempo di lancio per le magie dell'obiettivo nemico e di tutti i nemici adiacenti raddoppia. Al termine della fattura, ottieni 1..7 Punti Energia.;0;1;24;5;0;10;2;30;0;0;0;0;0;0;0;
37;Illusione di Velocità;Illusion der Eile;Incantesimo. Per 5..11 secondo[i] la Storpiatura viene rimossa e la tua velocità aumenta del 33%. Quando gli effetti dell'Illusione di Velocità svaniscono, diventi storpio per 3 secondo[i].;0;1;23;5;0;5;1;5;0;0;0;0;0;0;0;
38;Incanalamento;Kanalisieren;Incantesimo. Dura 8..56 secondo[i]. ogni volta che compi una magia, ottieni 1 Punto Energia per ogni nemico presente nell'area.;1;3;23;5;0;5;1;10;0;0;0;0;0;0;0;
39;Flusso di Energia;Energiewelle;Magia d'Élite. Il bersaglio nemico perde 1..10 Energia. Per ogni punto perso di Energia, l'avversario subisce 7 danni e tutti i nemici vicini subiscono il 75% di quei danni.;0;2;22;5;0;5;2;15;0;0;1;0;0;0;0;
40;Banchetto d'Etere;Ätherschmaus;Magia. L'obiettivo nemico perde 3 Punti Energia e tu vieni curato di 20..65 punto[i] per ogni Punto Energia perduto dal nemico.;0;3;22;5;0;5;1;8;0;0;0;0;0;0;0;
41;Signore dell'Etere;Herr über den Äther;Fattura. Perdi tutta l'Energia. Per 5..10 secondo[i], l'obiettivo nemico subisce -1..3 punto[i] di Degenerazione dell'Energia e tu benefici di +1..3 punto[i] di Rigenerazione dell'Energia.;1;3;24;5;0;5;2;20;0;0;0;0;0;0;0;
42;Energia Bruciata;Energiebrand;Magia. L'obiettivo nemico perde 1..10 Punto[i] Energia e subisce 9 danno[i] per ogni Punto Energia perduto.;0;2;22;5;0;10;2;20;0;0;0;0;0;0;0;
43;Goffaggine;Ungeschick;Fattura. Per 4 secondo[i], l'obiettivo e i nemici adiacenti sono colpiti da Goffaggine. La prossima volta che ogni nemico attacca, l'attacco viene interrotto e quel nemico subisce 10..80 danno[i].;0;1;24;5;0;10;2;12;0;0;0;0;0;0;0;
44;Dolore Fantasma;Phantomschmerz;Fattura. Per 10 secondi, l'obiettivo nemico subisce di -1..4 punto[i] di Degenerazione della Salute. Quando il Dolore Fantasma termina, il nemico subisce una Ferita Profonda che fa diminuire la sua Salute massima del 20% per 5..20 secondo[i].;1;1;24;5;0;5;2;10;0;0;0;0;0;0;0;
45;Fardello Etereo;Ätherische Bürde;Fattura. Per 6..12 secondi, i movimenti dell'obiettivo nemico rallentano del 50%. Quando il Fardello Etereo termina, ottieni 10..18 Punto[i] Energia.;1;1;24;5;0;15;1.5;30;0;0;0;0;0;0;0;
46;Colpa;Schuld;Fattura. Dura 6 secondo[i]. la prossima volta che l'obiettivo nemico tenta di lanciare una magia su un nemico, fallisce e tu gli sottrai fino a 5..14 Punto[i] Energia.;1;2;24;5;0;5;2;25;0;0;0;0;0;0;0;
47;Inettitudine;Unbeholfenheit;Fattura d'Élite. Per 4 secondi, la prossima volta che l'obiettivo nemico o i nemici adiacenti attaccano, subiscono 30..135 danni e vengono colpiti da Accecamento per 10 secondi.;1;1;24;5;0;10;1;15;0;0;1;0;0;0;0;
48;Spirito del Fallimento;Geist des Versagens;Fattura. Per 30 secondi, l'obiettivo nemico ha il 25% di probabilità di mancare il bersaglio quando attacca. tu ottieni 1..3 Punto[i] Energia per ogni suo colpo andato a vuoto.;1;3;24;5;0;15;3;20;0;0;0;0;0;0;0;
49;Relitto Mentale;Geistiges Wrack;Fattura. Per 5..40 secondi, ogni volta che il nemico viene colpito da una qualsiasi delle tue abilità dell'Ipnotizzatore che non rappresenta una fattura perde 1 Punto Energia e subisce 5..25 danni per ogni Punto Energia perso. Se l'Energia dell'obiettivo nemico scende a 0, il Relitto Mentale termina e il nemico subisce 15..100 danni.;0;2;24;5;0;5;1;7;0;0;0;0;0;0;0;
50;Preoccupazione del Fannullone;Verschwendung;Fattura. Dopo 3 secondi il bersaglio nemico subisce 20..100 danni e tutti i nemici adiacenti subiscono il 75% di quei danni. Se il bersaglio riesce a utilizzare un'abilità, Wastrel's Worry termina prematuramente e non infligge danni.;1;2;24;5;0;5;.25;2;0;0;0;0;0;0;0;
51;Vergogna;Schande;Fattura. Dura 6 secondo[i]. la prossima volta che l'obiettivo nemico tenta di lanciare una magia su un alleato, fallisce e tu gli sottrai fino a 5..14 Punto[i] Energia.;1;2;24;5;0;10;2;30;0;0;0;0;0;0;0;
52;Panico;Panik;Fattura d'Élite. Per 1..10 secondi l'obiettivo nemico e tutti i nemici nei dintorni vengono colpiti da Panico. Quando un nemico colpito da Panico utilizza un'abilità, tutti gli altri nemici nei dintorni vengono interrotti.;1;2;24;5;0;10;1;15;0;0;1;0;0;0;0;
53;Emicrania;Migräne;Fattura d'Élite. Per 5..20 secondi l'obiettivo nemico subisce una Degenerazione Salute di -1..8 e il tempo richiesto per l'attivazione delle sue abilità aumenta di un 100%.;1;1;24;5;0;10;2;12;0;0;1;0;0;0;0;
54;Angoscia Paralizzante;Verkrüppelnde Qual;Fattura d'Élite. Per 5..20 secondi la velocità di movimento e di attacco dell'obiettivo diminuisce di un 50% e l'obiettivo subisce una Degenerazione Salute di -1..8.;0;1;24;5;0;5;1;12;0;0;1;0;0;0;0;
55;Sogni Febbrili;Fieberträume;Fattura d'Élite. Per 10..25 secondo[i], ogni volta che l'obiettivo nemico subisce una nuova condizione, tutti i nemici nell'area risentono della stessa condizione e se quel nemico è affetto da due o più condizioni subisce Stordimento per 1..3 secondo[i].;1;1;24;5;0;5;1;10;0;0;1;0;0;0;0;
56;Immagini Rassicuranti;Beruhigende Bilder;Fattura. Per 8..20 secondi l'obiettivo nemico e tutti i nemici adiacenti non possono ottenere adrenalina.;0;1;24;5;0;15;2;8;0;0;0;0;0;0;0;
57;Grido di Frustrazione;Schrei der Frustration;Magia. Se il bersaglio nemico sta usando un'abilità, egli e tutti i nemici nell'area vengono interrotti. Il bersaglio subisce 15..75 danni e i nemici nell'area subiscono il 75% di quei danni.;0;2;22;5;0;10;.25;20;0;0;0;0;0;0;0;
58;Sigillo della Mezzanotte;Siegel der Mitternacht;Sigillo d'Élite. Tu e l'obiettivo nemico toccato diventate Ciechi per 15 secondi.;1;-1;21;5;0;0;2;10;0;0;1;0;0;0;0;
59;Sigillo della Stanchezza;Siegel der Müdigkeit;Sigillo. L'obiettivo nemico e tutti i nemici nei dintorni perdono 3..8 Punti Energia e soffrono di Debolezza per 1..12 secondi.;1;2;21;5;0;0;2;30;0;0;0;0;0;0;0;
61;Sigillo della Sanguisuga;Blutsauger-Siegel;Sigillo. Interrompe l'azione dell'obiettivo nemico. Se si tratta di una magia, ottieni 3..15 Punto[i] Energia.;0;3;21;5;0;0;.25;30;0;0;0;0;0;0;0;
62;Sigillo dell'Umiltà;Siegel der Demut;Sigillo. Disattiva l'abilità d'élite dell'obiettivo nemico per 1..16 secondo[i]. Le tue abilità che non appartengono alla classe dell'Ipnotizzatore vengono disattivate per 4 secondo[i].;0;3;21;5;0;0;3;20;0;0;0;0;0;0;0;
63;Sigillo della Pietra di Volta;Schlussstein-Siegel;Sigillo d'Élite. Ricarica tutti i tuoi Sigilli tranne il Sigillo della Pietra di Volta. Per 20 secondi, le prossime 0..6 volte in cui utilizzi un Sigillo contro un nemico tutti i nemici adiacenti subiscono 15..60 danni e vengono interrotti.;1;0;21;5;0;0;1;15;0;0;1;0;0;0;0;
65;Mimica Arcana;Arkane Mimikry;Magia. Per 20 secondi la Mimica Arcana si trasforma nell'abilità d'élite dell'alleato selezionato (Forme escluse).;0;-1;22;5;0;15;2;60;0;0;0;0;0;0;0;
66;Catene Spirituali;Geistfesseln;Fattura. Per 5..20 secondo[i], l'obiettivo nemico perde 5 Punti Energia ogni volta che attacca.;0;3;24;5;0;10;3;8;0;0;0;0;0;0;0;
67;Spezza Fattura;Verhexung brechen;Magia. Elimini una fattura dall'obiettivo (un alleato o te stesso) e infliggi 30..120 danno[i] ai nemici nei dintorni.;0;2;22;5;0;10;1;10;0;0;0;0;0;0;0;
68;Prosciuga Incantesimo;Verzauberung entziehen;Magia. Elimini un incantesimo dall'obiettivo nemico e ottieni 8..17 Punto[i] Energia e 40..120 Punto[i] Salute.;0;3;22;5;0;5;2;20;0;0;0;0;0;0;0;
69;Rompi Incantesimo;Verzauberung brechen;Magia. Elimini un incantesimo dall'obiettivo nemico e gli infliggi 14..100 danno[i].;0;2;22;5;0;10;1;20;0;0;0;0;0;0;0;
72;Resistenza Elementale;Elementarwiderstand;Posizione. Per 30..90 secondo[i] ottieni +40 punti di armatura contro i danni elementali, ma perdi 24..12 punto[i] di armatura contro i danni fisici.;1;3;29;5;0;10;0;20;0;0;0;0;0;0;0;
73;Resistenza Fisica;Körperlicher Widerstand;Posizione. Per 30..90 secondo[i] ottieni +40 punti di armatura contro i danni fisici, ma perdi 24..12 punto[i] di armatura contro i danni elementali.;1;3;29;5;0;10;0;20;0;0;0;0;0;0;0;
74;Eco;Echo;Incantesimo d'Élite. Dura 30 secondo[i]. l'Eco viene sostituita dall'abilità successiva da te utilizzata e resta disponibile per 30 secondi.;0;-1;23;5;0;5;1;10;0;0;1;0;0;0;0;
75;Eco Arcana;Arkanes Echo;Incantesimo. Se nel giro di 20 secondo[i] lanci una magia, l'Eco Arcana viene sostituita da quella magia per 20 secondi. L'Eco Arcana termina prematuramente se utilizzi un'abilità non magica.;0;-1;23;5;0;15;2;20;0;0;0;0;0;0;0;
76;Fardello Immaginario;Eingebildete Bürde;Fattura. Per 8..20 secondi la velocità di movimento dell'obiettivo nemico rallenta di un 50%.;0;1;24;5;0;15;1;30;0;0;0;0;0;0;0;
77;Tempesta di Caos;Chaossturm;Magia. Crea un Tempesta di Caos in corrispondenza dell'obiettivo nemico che dura almeno 10 secondi. I nemici adiacenti subiscono 5..25 danni e perdono 0..2 Punti Energia al secondo.;1;2;22;5;0;5;2;30;0;0;0;0;0;0;0;
78;Epidemia;Epidemie;Magia. Diffondi tutte le condizioni negative, con le loro durate residue, dall'obiettivo nemico a tutti i nemici a lui adiacenti.;0;-1;22;5;0;5;.25;5;0;0;0;0;0;0;0;
79;Risucchio Energia;Energieentzug;Magia d'Élite. L'obiettivo nemico perde 2..9 Punto[i] Energia e tu ottieni 3 Punti Energia per ogni Punto Energia perduto dal nemico.;0;3;22;5;0;5;1;20;0;0;1;0;0;0;0;
80;Fonte di Energia;Energie abzapfen;Magia. L'obiettivo nemico perde 4..7 Punto[i] Energia e tu ottieni 2 Punti Energia per ogni Punto Energia perduto dal nemico.;0;3;22;5;0;5;2;30;0;0;0;0;0;0;0;
81;Furto Arcano;Arkaner Diebstahl;Magia. Dura 5..35 secondo[i]. una magia a caso dell'obiettivo nemico viene disattivata e si sostituisce al Furto Arcano.;1;2;22;5;0;10;1;0;0;0;0;0;0;0;0;
82;Mantra del Ricordo;Mantra der Zurückrufung;Incantesimo d'Élite. Dura 20 secondo[i]. non ti offre alcun beneficio, ma quando termina ottieni 10..25 Punto[i] Energia.;1;3;23;5;0;10;1;30;0;0;1;0;0;0;0;
83;Anima Orrore d'Ossa;Knochenschreck beleben;Magia. Utilizza il cadavere più vicino per animare un Orrore d'Ossa di livello 1..17.;1;5;22;4;0;5;1;5;0;0;0;0;0;0;0;
84;Anima Demone d'Ossa;Knochenteufel beleben;Magia. Utilizza il cadavere più vicino per animare un Demone d'Ossa di livello 1..17. I Demoni d'Ossa possono attaccare a distanza.;0;5;22;4;0;15;1;5;0;0;0;0;0;0;0;
85;Anima Sgherri d'Ossa;Knochendiener beleben;Magia. Utilizza il cadavere più vicino per animare due Sgherri d'Ossa di livello 0..12.;0;5;22;4;0;10;1;5;0;0;0;0;0;0;0;
86;Equilibrio di Grenth;Grenths Ausgleich;Magia d'Élite. Se la Salute dell'obiettivo nemico è superiore alla tua, otterrai la metà della differenza (nei limiti della Salute massima) e quel nemico perderà la stessa quantità. Se questo nemico ha meno Salute di te perderai Salute pari alla metà della differenza e il nemico ne otterrà la stessa quantità.;0;-1;22;4;0;10;.25;10;0;0;1;0;0;0;0;
87;Sguardo di Verata;Veratas Starren;Magia. Se il bersaglio non morto rianimato ha un padrone, il suo legame con esso si spezza, scatenando la sua ostilità contro tutte le altre creature. Se non ha padrone, lo divieni tu, e lo curi di 60..80 (50% di probabilità di fallire con Magia della Morte 4 o inferiore).;1;5;22;4;0;5;1;5;0;0;0;0;0;0;0;
88;Aura di Verata;Veratas Aura;Incantesimo. Tutti i morti viventi ostili animati presenti nell'area si legano a te. L'Aura di Verata si esaurisce dopo 120..300 secondo[i] facendoti perdere il legame con tutti i morti viventi (50% di probabilità di fallimento usando la Magia della Morte di grado 4 o inferiore).;1;5;23;4;0;15;.75;30;0;33;0;0;0;0;0;
89;Brivido Mortale;Tödliche Kühlung;Magia. L'obiettivo nemico subisce 5..50 danno[i] da freddo. Se la Salute del nemico è superiore al 50%, gli infliggi un danno da ombra aggiuntivo di 5..50.;1;5;22;4;0;10;1;5;0;0;0;0;0;0;0;
90;Sacrificio di Verata;Veratas Opfer;Magia. Per 5..10 secondo[i] i morti viventi tuoi alleati ottengono una Rigenerazione della Salute di +10. Tutte le condizioni vengono rimosse da questi alleati e trasferite su di te. Se questa magia va a segno e stai controllando 3 sgherri o meno, il Sacrificio di Verata si ricarica all'istante.;1;5;22;4;0;10;2;60;0;15;0;0;0;0;0;
91;Pozzo del Potere;Brunnen der Kraft;Pozzo d'Élite. Sfrutta il cadavere più vicino o sacrifica il 66% della tua salute per creare un Pozzo del Potere in quella posizione. Per 10..30 secondo/i, gli alleati all'interno dell'area del Pozzo del Potere ricevono +1..6 rigenerazione della salute e +2 rigenerazione dell'energia.;1;4;28;4;0;5;1;10;0;0;1;0;0;0;0;
92;Pozzo di Sangue;Brunnen des Blutes;Pozzo. Sfrutta il cadavere più vicino o sacrifica il 66% della tua salute per creare un Pozzo di Sangue alla sua posizione. Per 8..20 secondo/i, gli alleati in quell'area ricevono +1..6 rigenerazione della salute.;0;4;28;4;0;10;1;2;0;0;0;0;0;0;0;
93;Pozzo delle Sofferenze;Brunnen des Leidens;Pozzo. Sfrutta il cadavere più vicino o sacrifica il 66% della tua salute per creare un Pozzo delle Sofferenze alla sua posizione. Per 10..30 secondo/i, i nemici in quell'area soffrono -1..6 degenerazione della salute.;1;5;28;4;0;10;1;10;0;0;0;0;0;0;0;
94;Pozzo del Profano;Gottloser Brunnen;Pozzo. Sfrutta il cadavere più vicino o sacrifica il 66% della tua salute per creare un Pozzo del Profano alla sua posizione. Per 8..20 secondo/i, i nemici in quell'area vengono privati di tutti gli incantesimi e non possono diventare i bersagli di ulteriori incantesimi (50% di probabilità di fallire con Magia della Morte 4 o inferiore).;0;5;28;4;0;25;3;10;0;0;0;0;0;0;0;
95;Esplosione Putrida;Explosion der Verwesung;Magia. Il cadavere più vicino al tuo obiettivo esplode, sprigionando un'onda d'urto che infligge 24..120 danno[i] a tutti i nemici nei dintorni.;0;5;22;4;0;10;1;5;0;0;0;0;0;0;0;
96;Banchetto dell'Anima;Seelenschmaus;Magia. Utilizza il cadavere più vicino per ottenere 50..280 Punto[i] Salute.;0;5;22;4;0;10;1;0;0;0;0;0;0;0;0;
97;Attraversamento Necrotico;Nekrotische Verwechslung;Magia. Sfrutta un cadavere a caso o sacrifica il 30..20% di Salute per teletrasportarti nel punto in cui si trova il bersaglio nemico. Ti ammali per 6 secondi e tutti i nemici vicini vengono avvelenati per 5..20 secondo/i.;1;5;22;4;0;5;.75;0;0;0;0;0;0;0;0;
98;Consuma Cadavere;Kadaver verzehren;Magia. Sfrutta un cadavere qualsiasi per teletrasportarti nella posizione corrispondente ed ottenere 25..100 Punto[i] Salute e 5..20 Punto[i] Energia.;1;5;22;4;0;5;1;0;0;0;0;0;0;0;0;
99;Legame Parassitario;Parasitäre Fesseln;Fattura. Per 20 secondi, l'obiettivo nemico subisce -1 punto di Degenerazione della Salute. Quando il Legame Parassitario termina, vieni curato di 30..120 punto[i].;0;7;24;4;0;5;1;2;0;0;0;0;0;0;0;
100;Schegge dell'Anima;Seelenwiderhaken;Fattura. Dura 30 secondi. l'obiettivo nemico subisce 15..30 danno[i] se viene colto da un incantesimo o da una fattura.;1;7;24;4;0;10;2;10;0;0;0;0;0;0;0;
101;Punte;Widerhaken;Fattura. Dura 30 secondi. l'obiettivo nemico subisce 4..16 danno[i] se viene colpito da danni fisici.;0;7;24;4;0;10;1;5;0;0;0;0;0;0;0;
102;Colpo dell'Ombra;Schattenschlag;Magia. L'obiettivo nemico subisce 12..48 danno[i] da ombra. Se la sua Salute è superiore al 50%, gli sottrarrai fino a 12..48 Punto[i] Salute.;1;4;22;4;0;10;2;15;0;0;0;0;0;0;0;
103;Prezzo del Fallimento;Preis des Versagens;Fattura. Per 30 secondi, l'obiettivo nemico ha il 25% di probabilità di sbagliare gli attacchi e subisce 1..46 danno[i] ogni volta che manca l'obiettivo.;1;7;24;4;0;15;2;20;0;0;0;0;0;0;0;
104;Nova della Morte;Todesnova;Incantesimo. Per 30 secondi, se l'obiettivo alleato muore, tutti i nemici adiacenti subiscono 26..100 danno[i] e vengono avvelenati per 15 secondo[i].;0;5;23;4;0;5;2;0;0;0;0;0;0;0;0;
105;Sciame Mortale;Tödlicher Schwarm;Magia. Lo Sciame Mortale vola lentamente e infligge 30..90 danno[i] da freddo ad un massimo di tre obiettivi nell'area.;0;5;22;4;0;10;2;6;0;0;0;0;0;0;0;
106;Carne Putrida;Verrottendes Fleisch;Magia. L'obiettivo di carne colpito si ammala per 10..25 secondo[i] perdendo lentamente Salute.;0;5;22;4;0;15;3;3;0;0;0;0;0;0;0;
107;Virulenza;Ansteckung;Magia d'Élite. Se l'obiettivo nemico risente già di una condizione, sarà colpito anche da Malattia, Veleno e Debolezza per 3..15 secondo[i].;1;5;22;4;0;5;1;15;0;0;1;0;0;0;0;
108;Sofferenza;Leiden;Fattura. Per 6..30 secondo[i] l'obiettivo nemico e tutti i nemici nei dintorni subiscono una Degenerazione della Salute di -0..3.;0;7;24;4;0;15;1;10;0;0;0;0;0;0;0;
109;Sifone Vitale;Leben abzapfen;Fattura. Per 12..24 secondo[i], l'obiettivo nemico subisce una Degenerazione della Salute di -1..3 e tu benefici di una Rigenerazione della Salute di +1..3.;0;4;24;4;0;10;1;5;0;0;0;0;0;0;0;
110;Empio Banchetto;Unheiliger Schmaus;Magia. Sottrai fino a 10..65 Punto[i] Salute ad un massimo di 1..4 nemico[i] nell'area.;0;4;22;4;0;15;.75;8;0;0;0;0;0;0;0;
111;Risveglio del Sangue;Das Blut erwecken;Incantesimo. Dura 20..44 secondo[i]. ottieni +2 punti per la Magia del Sangue e +2 punti per le Maledizioni, ma ogni volta che sacrifichi della Salute, ne sacrifichi il 50% in più del normale.;1;4;23;4;0;10;1;45;0;0;0;0;0;0;0;
112;Dissacra Incantesimi;Verzauberungsschändung;Magia. L'obiettivo nemico e tutti i nemici nei dintorni subiscono 6..60 danno[i] da ombra e 4..20 danno[i] da ombra per ogni incantesimo presente su di loro.;1;7;22;4;0;10;2;15;0;0;0;0;0;0;0;
113;Carne Infetta;Verdorbenes Fleisch;Incantesimo d'Élite. Per 20..44 secondo/i, gli alleati nell'area diventano immuni alle malattie, e chiunque li colpisca in mischia si ammala per 3..15 secondo/i.;0;5;23;4;0;5;1;0;0;0;1;0;0;0;0;
114;Aura del Lich;Aura des Lich;Incantesimo d'Élite. Tutti i cadaveri a portata d'orecchio vengono sfruttati animando un Orrore d'Ossa di livello 1..17 più un altro per ogni cadavere così sfruttato. Per 5..45 secondo[i], il grado di Magia della Morte aumenta di +1.;1;5;23;4;0;15;2;45;0;0;1;0;0;0;0;
115;Rinnovamento del Sangue;Bluterneuerung;Incantesimo. Per 7 secondo[i], ottieni +3..6 di Rigenerazione della Salute. Al termine dell'effetto di Rinnovamento del Sangue, ottieni 40..190 Punto[i] Salute.;1;4;23;4;0;1;1;7;0;15;0;0;0;0;0;
116;Aura Oscura;Dunkle Aura;Incantesimo. Per 30 secondi, ogni volta che l'obiettivo (un alleato o te stesso) sacrifica della Salute, l'Aura Oscura infligge 5..50 danno[i] da ombra ai nemici adiacenti e tu perdi 5..20 Punto[i] Salute.;0;5;23;4;0;10;1;10;0;0;0;0;0;0;0;
117;Indebolimento;Schwächen;Magia. L'obiettivo è colpito dalla Debolezza per 10..30 secondo[i].;1;7;22;4;0;5;.25;5;0;0;0;0;0;0;0;
118;Indebolimento del Sangue;Schwächendes Blut;Magia. L'obiettivo nemico e tutti quelli nei dintorni soffrono di Debolezza per 5..20 secondo[i].;0;7;22;4;0;1;1;8;0;10;0;0;0;0;0;
119;Sangue è Potere;Blut ist Kraft;Incantesimo d'Élite. Per 10 secondi, l'obiettivo alleato ottiene una Rigenerazione dell'Energia di +3..6.;0;4;23;4;0;1;.25;0;0;33;1;0;0;0;0;
120;Sangue del Padrone;Blut des Meisters;Magia. Tutti i tuoi morti viventi alleati vengono curati di 30..116 Punto[i] Salute. Sacrifichi un 2% in più della Salute massima per ogni sgherro curato in questo modo.;0;5;22;4;0;5;1;2;0;5;0;0;0;0;0;
121;Spirito Malevolo;Boshafter Geist;Fattura d'Élite. Dura 10..25 secondo[i]. se l'obiettivo nemico attacca o utilizza un'abilità, lui e tutti i suoi alleati adiacenti ricevono 15..45 danno[i] da ombra.;1;7;24;4;0;15;2;10;0;0;1;0;0;0;0;
122;Intervento Maligno;Unheilvoller Eingriff;Fattura. Dura 5..20 secondo[i]. l'obiettivo nemico riceve il 20% in meno delle cure. Se il tuo obiettivo muore mentre è affetto da questa fattura, dal suo cadavere si anima un Orrore d'Ossa senza padrone di livello 1..17.;1;5;24;4;0;10;1;5;0;0;0;0;0;0;0;
123;Parassita Insidioso;Heimtückischer Parasit;Fattura. Per 5..15 secondo[i], ogni volta che un attacco dell'obiettivo nemico va a segno, gli sottrai fino a 15..45 Punto[i] Salute.;1;7;24;4;0;10;1;8;0;0;0;0;0;0;0;
124;Spasmo Spinale;Rückenschauer;Fattura. Dura 10..40 secondo[i]. se l'obiettivo nemico subisce un danno da freddo mentre usa un'abilità, viene interrotto e tu perdi 8..3 Punto[i] Energia oppure lo Spasmo spinale termina.;1;7;24;4;0;10;2;15;0;0;0;0;0;0;0;
125;Appassimento;Verwelken;Fattura d'Élite. Per 5..35 secondo[i], l'obiettivo nemico subisce una Degenerazione della Salute di -2..4 e una Degenerazione dell'Energia di -1. se l'Energia dell'obiettivo nemico scende a 0, quel nemico subisce 15..75 danno[i] e questa abilità termina.;1;7;24;4;0;10;1;5;0;0;1;0;0;0;0;
126;Trasferimento di Vita;Lebensübertragung;Fattura d'Élite. Per 6..12 secondo[i], l'obiettivo nemico e i nemici adiacenti subiscono -3..8 punto[i] di Degenerazione della Salute che per te si trasformano in punti di Rigenerazione della Salute.;1;4;24;4;0;5;1;20;0;0;1;0;0;0;0;
127;Segno della Sovversione;Zeichen der Subversion;Fattura. Dura 6 secondo[i]. la prossima volta che l'obiettivo nemico tenta di lanciare una magia su un suo alleato, fallisce e tu sottrai fino a 10..92 Punto[i] Salute a quel nemico.;1;4;24;4;0;10;2;30;0;0;0;0;0;0;0;
128;Sanguisuga dell'Anima;Seelenfresser;Fattura d'Élite. Dura 10 secondi. ogni volta che l'obiettivo nemico compie una magia, tu gli sottrai fino a 16..80 Punto[i] Salute.;1;4;24;4;0;15;1;7;0;0;1;0;0;0;0;
129;Contaminazione della Carne;Fleisch schänden;Fattura. Per 5..35 secondo[i], l'obiettivo nemico ottiene solo due terzi di Salute dalle cure.;0;7;24;4;0;10;1;10;0;10;0;0;0;0;0;
130;Carne Demoniaca;Dämonenfleisch;Incantesimo. Dura 30..60 secondo[i]. se utilizzi un'abilità su un obiettivo nemico, tutti i nemici a te adiacenti ricevono 5..20 danno[i] da ombra.;0;4;23;4;0;5;1;30;0;0;0;0;0;0;0;
131;Sigillo Uncinato;Siegel der Widerhaken;Sigillo. Infliggi Emorragia all'obiettivo e a tutti i nemici adiacenti per 3..15 secondi.;0;4;21;4;0;0;1;10;0;8;0;0;0;0;0;
132;Sigillo della Peste;Pest-Siegel;Sigillo d'Élite. Durata residua delle condizioni negative trasferite da te all'obiettivo nemico: 100..200%. 50% di probabilità di fallimento con Maledizioni di grado 4 o inferiore.;0;7;21;4;0;0;1;4;0;0;1;0;0;0;0;
133;Patto Oscuro;Dunkler Pakt;Magia. Infliggi 20..60 danno[i] da ombra all'obiettivo nemico.;0;4;22;4;0;1;1;2;0;10;0;0;0;0;0;
134;Ordine del Dolore;Orden der Schmerzen;Incantesimo. Per 5 secondi, ogni volta che un membro della squadra provoca danni fisici al nemico, gli infligge anche +3..16 danno[i].;0;4;23;4;0;10;2;0;0;17;0;0;0;0;0;
135;Codardia;Mutlosigkeit;Fattura. Per 4..18 secondo[i] la velocità d'attacco dell'obiettivo nemico rallenta del 50% e quel nemico subisce una Degenerazione della Salute di -1..3.;0;7;24;4;0;10;1;8;0;0;0;0;0;0;0;
136;Ombra della Paura;Schatten der Angst;Fattura. Per i prossimi 5..30 secondo[i] la velocità d'attacco dell'obiettivo nemico e di tutti i nemici adiacenti rallenta del 50%.;1;7;24;4;0;10;2;5;0;0;0;0;0;0;0;
137;Rigor Mortis;Totenstarre;Fattura. Per 8..20 secondo[i] l'obiettivo nemico non può bloccare.;0;7;24;4;0;10;1;20;0;0;0;0;0;0;0;
138;Legame Oscuro;Dunkles Band;Incantesimo. Per i prossimi 30..60 secondo[i], se subisci un danno, lo sgherro che ti sta più vicino riceverà 75% del danno al posto tuo.;0;4;23;4;0;5;2;20;0;0;0;0;0;0;0;
139;Infondi Condizione;Zustand einflößen;Incantesimo. Dura 15..60 secondo[i]. se ricevi una condizione, questa viene trasferita allo sgherro che ti sta più vicino.;1;5;23;4;0;5;1;20;0;0;0;0;0;0;0;
140;Malessere;Unwohlsein;Fattura. Per 5..35 secondo[i], l'obiettivo nemico subisce una Degenerazione Energia di -1 e tu una Degenerazione Salute di -1. se l'Energia dell'obiettivo nemico scende a 0, quel nemico subisce 5..50 danno[i] e Malessere termina.;1;7;24;4;0;5;2;2;0;0;0;0;0;0;0;
141;Strappa Incantesimi;Verzauberungen entreißen;Magia. Rimuovi 5..9 incantesimo[i] dall'obiettivo nemico. Per ogni incantesimo del Mistico rimosso, perdi 55..25 Punto[i] Salute.;0;7;22;4;0;5;2;20;0;0;0;0;0;0;0;
142;Maledizione Persistente;Bleibender Fluch;Fattura d'Élite. Per 6..30 secondo[i] l'obiettivo nemico e tutti i nemici nei dintorni subiscono una Degenerazione della Salute di -1..4 e ricevono un 25% in meno di cure.;0;7;24;4;0;15;1;10;0;0;1;0;0;0;0;
143;Sottrai Incantesimo;Verzauberung rauben;Magia. Rimuovi 0..2 incantesimo[i] dall'obiettivo nemico. Se riesci a rimuovere un incantesimo, sottrai 5..65 Punto[i] Salute.;0;4;22;4;0;10;1;20;0;0;0;0;0;0;0;
144;Geloni;Frostbeulen;Magia. Vieni avvelenato per 10 secondi. i nemici nell'area del tuo obiettivo subiscono 10..44 danno[i] da freddo e perdono 1..2 incantesimo[i].;0;7;22;4;0;25;2;8;0;0;0;0;0;0;0;
145;Sigillo dell'Agonia;Siegel der Qual;Sigillo. Soffri di Emorragia per 25 secondi. Tutti i nemici nei dintorni subiscono 10..70 danno[i].;0;4;21;4;0;0;.75;8;0;10;0;0;0;0;0;
146;Offerta di Sangue;Blutopfer;Magia d'Élite. Energia conseguita: 8..20.;1;4;22;4;0;1;.25;15;0;20;1;0;0;0;0;
147;Furia Oscura;Dunkle Wut;Incantesimo. Per 5 secondi ogni volta che l'attacco di un membro della squadra va a segno, riceve una dose di adrenalina (50% di probabilità di fallimento con Magia del Sangue di grado 4 o inferiore).;1;4;23;4;0;10;.75;5;0;17;0;0;0;0;0;
148;Ordine del Vampiro;Orden des Vampirs;Incantesimo d'Élite. Per 5 secondi, ogni volta che un membro della squadra, che non è affetto da incantesimi di un altro Negromante, infligge danni fisici al nemico, gli sottrae fino a 3..16 Punto[i] Salute.;1;4;23;4;0;5;2;5;0;17;1;0;0;0;0;
149;Trasmissione della Peste;Pest aussenden;Magia. Trasferisci 1..3 condizione[i] negativa[e] e la loro durata residua da te all'obiettivo nemico e a tutti i nemici adiacenti.;1;7;22;4;0;1;1;5;0;10;0;0;0;0;0;
150;Segno del Dolore;Zeichen des Schmerzes;Fattura. Dura 30 secondi. se l'obiettivo nemico subisce un danno fisico, il Segno del Dolore infligge 10..40 danno[i] da ombra ai nemici adiacenti.;0;7;24;4;0;10;1;20;0;0;0;0;0;0;0;
151;Banchetto della Corruzione;Schmaus der Verdorbenheit;Magia d'Élite. L'obiettivo nemico e tutti i nemici adiacenti subiscono 16..80 danno[i] da ombra e tu sottrai fino a 8..40 Punto[i] Salute a ogni nemico colpito da fattura.;1;7;22;4;0;15;2;15;0;0;1;0;0;0;0;
152;Sapore della Morte;Geschmack des Todes;Magia. Sottrai fino a 100..400 Punto[i] Salute al morto vivente alleato preso di mira.;0;5;22;4;0;5;.25;0;0;0;0;0;0;0;0;
153;Sguardo del Vampiro;Vampir-Starren;Magia. Sottrai fino a 18..60 Punto[i] Salute all'obiettivo nemico.;0;4;22;4;0;10;1;8;0;0;0;0;0;0;0;
154;Tocco della Peste;Pest-Berührung;Abilità. Trasferisci 1..3 condizione[i] negativa[e] e la loro durata residua da te all'obiettivo nemico toccato.;0;7;1;4;0;5;.75;0;0;0;0;0;0;0;0;
155;Tocco Vile;Abscheuliche Berührung;Abilità. Tocca l'obiettivo nemico per infliggergli 20..65 danno[i].;0;5;1;4;0;10;.75;2;0;0;0;0;0;0;0;
156;Tocco del Vampiro;Vampir-Berührung;Abilità. Tocca l'obiettivo nemico per sottrargli fino a 29..74 Punto[i] Salute.;1;4;1;4;0;15;.75;2;0;0;0;0;0;0;0;
157;Rituale del Sangue;Blutritual;Incantesimo. Per 8..14 secondo[i], l'obiettivo alleato toccato ottiene +3 punti di Rigenerazione dell'Energia. Il Rituale del Sangue non può essere usato su se stessi.;1;4;23;4;0;5;1;2;0;17;0;0;0;0;0;
158;Tocco dell'Agonia;Berührung der Qual;Abilità. L'obiettivo nemico toccato subisce 20..58 danno[i] da ombra.;1;4;1;4;0;1;.75;3;0;10;0;0;0;0;0;
159;Indebolisci Armatura;Rüstung schwächen;Magia. L'obiettivo nemico e i nemici a lui adiacenti soffrono di Armatura Incrinata per 5..20 secondo[i].;0;7;22;4;0;5;.5;5;0;0;0;0;0;0;0;
160;Velocità del Vento;Windgeschwindigkeit;Incantesimo. Per 5..13 secondi, la velocità di movimento dell'obiettivo alleato aumenta del 33%.;1;8;23;6;0;10;.75;5;0;0;0;0;0;0;0;
162;Burrasca;Orkan;Magia. Abbatti l'obiettivo nemico per 2 secondi. (50% di probabilità di fallimento con Magia dell'Aria di grado 4 o inferiore.);0;8;22;6;0;10;1;5;0;0;0;0;10;0;0;
163;Vortice;Wirbelsturm;Magia. Tutti i nemici adiacenti subiscono 15..75 danni da freddo. I nemici all'attacco colpiti dal Vortice vengono abbattuti. Se sei sotto Sforzo, questa magia colpisce i nemici nelle vicinanze anziché quelli adiacenti.;1;8;22;6;0;5;.75;8;0;0;0;0;0;0;0;
164;Armonia Elementale;Elementareinstimmung;Incantesimo d'Élite. Per 25..60 secondo/i sei in armonia con l'Aria, il Fuoco, l'Acqua e la Terra, e ottieni +1..2 a questi attributi. Ogni volta che usi una magia associata a uno di questi elementi, ottieni 1 punto Energia e il 50% del costo base dell'Energia delle abilità.;0;12;23;6;0;10;1;20;0;0;1;0;0;0;0;
165;Armatura della Terra;Erdrüstung;Incantesimo. Per 30 secondi, ottieni 24..60 punti di armatura, ma i tuoi movimenti rallentano del 50..14%.;0;9;23;6;0;10;.75;15;0;0;0;0;0;0;0;
166;Armatura Cinetica;Kinetik-Rüstung;Incantesimo. Per 12 secondi, ottieni +20..80 armatura. Ogni volta che lanci una magia, Kinetic Armor si rinnova per altri 12 secondi.;1;9;23;6;0;15;3;30;0;0;0;0;0;0;0;
167;Eruzione;Eruption;Magia. Provochi un'Eruzione nella posizione dell'obiettivo nemico. Per 5 secondi, i nemici nell'area subiscono 10..40 danni da terra al secondo, e vengono accecati per 10 secondi.;1;9;22;6;0;25;2;30;0;0;0;0;0;0;0;
168;Aura Magnetica;Magnet-Aura;Incantesimo. Per 1..8 secondi blocchi il prossimo attacco rivolto contro di te e infliggi 10..50 danni al tuo attaccante. Se sei sotto Sforzo, tutti i membri della squadra a portata d'orecchio subiscono la magia.;1;9;23;6;0;10;1;12;0;0;0;0;0;0;0;
169;Armonia con la Terra;Erdeinstimmung;Incantesimo. Per 36..60 secondi entri in sintonia con la Terra. Recuperi 1 Punto Energia e il 30% del costo di Energia di base dell'abilità ogni volta che utilizzi una Magia della Terra.;0;9;23;6;0;10;1;30;0;0;0;0;0;0;0;
170;Terremoto;Erdbeben;Magia. Evochi un Terremoto nella posizione dell'obiettivo nemico. Tutti i nemici nei dintorni di questa posizione vengono abbattuti e subiscono 26..100 danni da terra.;1;9;22;6;0;25;3;15;0;0;0;0;10;0;0;
171;Sassaiola;Steinigung;Magia. Lanci un masso che infligge all'obiettivo nemico 45..105 danni da terra se va a segno. Se Sassaiola colpisce un nemico affetto da Debolezza, il nemico viene abbattuto.;0;9;22;6;0;15;1;5;0;0;0;0;0;0;0;
172;Pugnali di Pietra;Steindolche;Magia. Lanci due Pugnali di Pietra. Ogni Pugnale di Pietra infligge all'obiettivo nemico 8..33 danni da terra se va a segno. Se sei sotto Sforzo, ogni proiettile infligge Sanguinamento per 1..5 secondi.;0;9;22;6;0;5;1;0;0;0;0;0;0;0;0;
173;Morsa della Terra;Zupackende Erde;Fattura. Per 5..20 secondi la velocità di movimento di tutti i nemici nei dintorni diminuisce del 50%.;1;9;24;6;0;10;.75;12;0;0;0;0;0;0;0;
174;Postumi dello Shock;Nachbeben;Magia. Infligge 15..85 danni da terra ai nemici nelle vicinanze. Infligge 15..85 danni da terra in più ai nemici abbattuti.;0;9;22;6;0;10;.75;10;0;0;0;0;0;0;0;
175;Guardia contro gli Elementi;Abwehr gegen Elemente;Guardia. Crei una Guardia contro gli Elementi nella tua posizione corrente. Per 8..20 secondi gli alleati nell'area (Spiriti esclusi) ottengono +24 di armatura contro i danni elementali.;1;9;26;6;0;10;1;20;0;0;0;0;0;0;0;
176;Guardia contro gli Attacchi Ravvicinati;Abwehr gegen Nahkampf;Guardia. Crei una Guardia contro gli Attacchi Ravvicinati nella tua posizione corrente. Per 5..20 secondi, gli alleati nell'area (Spiriti esclusi) hanno il 50% di probabilità di bloccare gli attacchi ravvicinati.;0;9;26;6;0;15;1;30;0;0;0;0;0;0;0;
177;Guardia contro i Nemici;Abwehr gegen Feinde;Guardia. Crei una Guardia contro i Nemici nella tua posizione corrente. Per 8..20 secondi, i movimenti dei nemici presenti nell'area (Spiriti esclusi) rallentano del 50%.;0;9;26;6;0;15;1;20;0;0;0;0;0;0;0;
178;Prodigio dell'Etere;Ätherwunder;Incantesimo d'Élite. Perdi tutti gli incantesimi. Per 8..20 secondi ottieni una Rigenerazione dell'Energia di +6. Quando termina, perdi 2 Punti Salute per ogni punto di Energia che possiedi.;1;12;23;6;0;5;1;5;0;0;1;0;10;0;0;
179;Legami Incendiari;Brandbänder;Fattura. Dopo 3 secondi, l'obiettivo nemico e tutti i nemici nei dintorni subiscono 20..80 danni da fuoco e prendono fuoco per 1..3 secondi. Si attiva prima se l'obiettivo nemico muore.;1;10;24;6;0;10;1;7;0;0;0;0;5;0;0;
180;Aura del Ripristino;Wiederherstellungs-Aura;Incantesimo. Per 60 secondi, ottieni 0..1 Punti Energia. Ogni volta che usi una magia vieni curato di un 200..500% del suo costo energetico.;0;12;23;6;0;5;.25;20;0;0;0;0;0;0;0;
181;Rinnovamento dell'Etere;Äthererneuerung;Incantesimo d'Élite. Per 5..20 secondi, ogni volta che lanci una magia, ottieni 1..4 Punti Energia e 5..20 Punti Salute per ogni incantesimo che hai addosso.;1;12;23;6;0;10;1;30;0;0;1;0;0;0;0;
182;Evoca Fiamma;Flammenbeschwörung;Incantesimo. Per 60 secondi, se brandisci un'arma da fuoco, i tuoi attacchi infliggono un danno da fuoco aggiuntivo di 5..20.;0;10;23;6;0;10;1;30;0;0;0;0;0;0;0;
183;Inferno;Inferno;Magia. Infligge 30..135 danni da fuoco a tutti i nemici adiacenti.;0;10;22;6;0;10;.75;10;0;0;0;0;0;0;0;
184;Armonia con il Fuoco;Feuereinstimmung;Incantesimo. Per 36..60 secondi entri in sintonia con il Fuoco. Recuperi 1 Punto Energia e il 30% del costo di Energia di base dell'abilità ogni volta che utilizzi una Magia del Fuoco.;0;10;23;6;0;10;1;30;0;0;0;0;0;0;0;
185;Mente che Brucia;Geistige Verbrennung;Magia d'Élite. L'obiettivo nemico e i nemici adiacenti subiscono 15..60 danni da fuoco. Se ha meno Energia di te, quel nemico e tutti i nemici adiacenti subiscono un danno da fuoco aggiuntivo di 15..60 e prendono fuoco per 1..10 secondi.;0;10;22;6;0;5;1;5;0;0;1;0;5;0;0;
186;Palla di Fuoco;Feuerball;Magia. Scaglia una palla di fuoco che colpisce il bersaglio e tutti i nemici vicini, infliggendo loro 7..112 danni da fuoco.;0;10;22;6;0;10;1.5;7;0;0;0;0;0;0;0;
187;Meteora;Meteor;Magia. L'obiettivo nemico e tutti i nemici adiacenti subiscono 7..112 danni da fuoco e vengono abbattuti.;0;10;22;6;0;5;2;30;0;0;0;0;10;0;0;
188;Fuoriuscita di Fiamme;Flammenstoß;Magia. Infligge 15..120 danni da fuoco a tutti i nemici nei dintorni.;1;10;22;6;0;15;.75;5;0;0;0;0;0;0;0;
189;Invocazione di Rodgort;Anrufung von Rodgort;Magia. L'obiettivo nemico e tutti i nemici nei dintorni subiscono 15..120 danni da fuoco e prendono fuoco per 1..3 secondi.;1;10;22;6;0;25;2;8;0;0;0;0;0;0;0;
190;Segno di Rodgort;Zeichen des Rodgort;Fattura. L'obiettivo nemico e tutti i nemici nei dintorni sono sotto gli effetti della fattura Segno di Rodgort. Per 10..35 secondi, ogni volta che il nemico è colpito da danni da fuoco, prende fuoco per 1..4 secondi.;1;10;24;6;0;15;1;15;0;0;0;0;0;0;0;
191;Immolazione;Feueropfer;Magia. L'obiettivo nemico subisce 20..75 danni da fuoco e prende fuoco per 1..3 secondi.;0;10;22;6;0;10;1;5;0;0;0;0;0;0;0;
192;Pioggia di Meteore;Meteorschauer;Magia. Evochi una Pioggia di Meteore nella posizione dell'obiettivo nemico. Per 9 secondi, i nemici adiacenti a quella posizione subiscono 7..112 danni da fuoco e vengono abbattuti ogni 3 secondi.;1;10;22;6;0;25;5;60;0;0;0;0;10;0;0;
193;Fenice;Phönix;Magia. Una fiera Fenice sorge nella tua posizione e vola verso l'obiettivo, esplodendo all'impatto. L'esplosione colpisce l'obiettivo e i nemici nei dintorni provocando 10..60 danni da fuoco. Se sei sotto Sforzo, gli alleati nel raggio di impatto vengono curati di 20..80 Punti Salute.;1;10;22;6;0;10;1.5;7;0;0;0;0;0;0;0;
194;Bengala;Feuergeschoss;Magia. Lanci un bengala che infligge all'obiettivo nemico 20..65 danni da fuoco se va a segno. Se sei sotto Sforzo, Bengala colpisce anche i nemici adiacenti.;0;10;22;6;0;5;1;0;0;0;0;0;0;0;0;
195;Sorgente di Lava;Lavabecken;Magia. Per 5 secondi, i nemici adiacenti alla posizione in cui viene attivata questa magia subiscono 5..50 danni da fuoco al secondo. Se sei sotto Sforzo, questa magia colpisce i nemici nelle vicinanze anziché quelli adiacenti.;1;10;22;6;0;10;1.5;4;0;0;0;0;0;0;0;
196;Calore Bruciante;Sengende Hitze;Magia. Provochi un Calore Bruciante nella posizione dell'obiettivo nemico. Per 5 secondi i nemici nelle vicinanze di questa posizione subiscono 10..40 danni da fuoco al secondo. Al termine del Calore Bruciante, i nemici nell'area d'effetto prendono fuoco per 3 secondi.;1;10;22;6;0;15;2;25;0;0;0;0;0;0;0;
197;Tempesta di Fuoco;Feuersturm;Magia. Evochi una Tempesta di Fuoco nella posizione dell'obiettivo nemico. Per 10 secondi, i nemici adiacenti a quella posizione subiscono 5..35 danni da fuoco al secondo.;0;10;22;6;0;10;2;20;0;0;0;0;0;0;0;
198;Glifo del Potere Elementale;Glyphe der Elementarkraft;Glifo. Per 25 secondi, i tuoi attributi elementali vengono incrementati di 2 gradi per 10 delle tue magie successive.;0;-1;16;6;0;5;1;5;0;0;0;0;0;0;0;
199;Glifo dell'Energia;Glyphe der Energie;Glifo d'Élite. 1..3 delle tue prossime magie non provocheranno Sforzo e costeranno 10..25 Punti Energia in meno per essere lanciate. Incremento dei tuoi attributi elementali: 1..2.;1;12;16;6;0;5;1;25;0;0;1;0;0;0;0;
200;Glifo dell'Energia Minore;Glyphe der geringeren Energie;Glifo. Per i prossimi 15 secondi 2 delle tue magie successive costano 10..18 Punti Energia in meno.;0;12;16;6;0;5;1;30;0;0;0;0;0;0;0;
201;Glifo della Concentrazione;Glyphe der Konzentration;Glifo. Per 15 secondi è impossibile interrompere 1 delle tue magie successive e gli effetti dello Stordimento vengono ignorati.;1;-1;16;6;0;5;1;10;0;0;0;0;0;0;0;
202;Glifo del Sacrificio;Glyphe der Opferung;Glifo. Per 15 secondi la tua magia successiva viene lanciata istantaneamente, ma richiede 30 secondi in più per ricaricarsi. L'incantesimo termina prematuramente se utilizzi un'abilità non magica.;1;-1;16;6;0;5;1;15;0;0;0;0;0;0;0;
203;Glifo del Rinnovamento;Glyphe der Erneuerung;Glifo d'Élite. Per 15 secondi la tua prossima magia si ricaricherà immediatamente.;1;-1;16;6;0;5;1;10;0;0;1;0;0;0;0;
204;Ruggine;Rost;Fattura. Infligge 10..85 danni da freddo all'obiettivo e ai nemici adiacenti. Per 5..20 secondi, l'obiettivo nemico e tutti i nemici adiacenti impiegano 2 volte il tempo normale per attivare i Sigilli. Se sei sotto Sforzo, i sigilli dei nemici colpiti da Ruggine vengono interrotti e disattivati per 1..10 secondi.;0;11;24;6;0;10;1;8;0;0;0;0;0;0;0;
205;Marea di Fulmini;Blitzwelle;Fattura d'Élite. Dopo 3 secondi, l'obiettivo nemico viene abbattuto, subisce 14..100 danni da fulmine ed è affetto da Armatura Incrinata per 5..20 secondi. Questa magia ha una penetrazione dell'armatura del 25%.;0;8;24;6;0;10;1;10;0;0;1;0;0;0;0;
206;Armatura di Brina;Frostrüstung;Incantesimo. Per 10..34 secondi, ottieni +40 di armatura contro danni fisici e +1 a Magia dell'Acqua.;1;11;23;6;0;5;1;20;0;0;0;0;0;0;0;
207;Evoca Brina;Frost beschwören;Incantesimo. Per 60 secondi, se brandisci un'arma da freddo, i tuoi attacchi infliggono un danno da freddo aggiuntivo di 5..20.;0;11;23;6;0;10;1;30;0;0;0;0;0;0;0;
208;Armonia con l'Acqua;Wassereinstimmung;Incantesimo. Per 36..60 secondi entri in sintonia con l'Acqua. Recuperi 1 Punto Energia e il 30% del costo di Energia di base dell'abilità ogni volta che utilizzi una Magia dell'Acqua.;0;11;23;6;0;10;1;30;0;0;0;0;0;0;0;
209;Mente Ghiacciata;Geistige Erfrierung;Fattura d'Élite. L'obiettivo nemico subisce 10..60 danni da freddo. Se ha meno Energia di te, subisce 10..60 danni da freddo in più e i suoi movimenti rallentano del 90% per 1..5 secondi.;0;11;24;6;0;5;1;5;0;0;1;0;5;0;0;
210;Prigione di Ghiaccio;Eisgefängnis;Fattura. Per 8..20 secondi le gambe dell'obiettivo nemico sono imprigionate nel ghiaccio e la sua velocità diminuisce del 66%.;1;11;24;6;0;10;2;30;0;0;0;0;0;0;0;
211;Spine di Ghiaccio;Eisdornen;Fattura. L'obiettivo nemico ed i nemici adiacenti subiscono 20..80 danni da freddo ed i loro movimenti rallentano del 66% per 2..6 secondi.;0;11;24;6;0;15;1.5;10;0;0;0;0;0;0;0;
212;Esplosione di Ghiaccio;Frostexplosion;Fattura. Tutti i nemici nei dintorni subiscono 10..85 danni da freddo e i loro movimenti rallentano del 66% per 3..8 secondi.;1;11;24;6;0;15;.75;8;0;0;0;0;0;0;0;
213;Tempesta di Schegge;Scherbensturm;Fattura. Lanci un frammento di ghiaccio che infligge all'obiettivo nemico 10..85 danni da freddo se va a segno e ne rallenta i movimenti del 66% per 2..6 secondi.;1;11;24;6;0;10;1;10;0;0;0;0;0;0;0;
214;Lancia di Ghiaccio;Eisspeer;Incantesimo. Scagli una Lancia di Ghiaccio che infligge all'obiettivo nemico 10..60 danni da freddo se va a segno. Se sei sotto Sforzo, ottieni una Rigenerazione della Salute di +1..4 per 5 secondi.;0;11;23;6;0;5;1;0;0;0;0;0;0;0;0;
215;Gorgo;Strudel;Magia. Crei un Gorgo nella posizione dell'obiettivo nemico. Per 10 secondi, i nemici adiacenti all'area subiscono 10..25 danni da freddo al secondo. Quando colpisce, interrompe le magie.;0;11;22;6;0;15;1.5;20;0;0;0;0;10;0;0;
216;Nebbia d'acciaio;Eisennebel;Incantesimo. Per 8..15 secondo/i, hai +15 armatura. Le tue magie d'aria che colpiscono un avversario si attivano e si ricaricano il 33% più velocemente, ma subisci 2 punti di affaticamento.;1;9;23;6;0;10;1;20;0;0;0;0;0;0;0;
217;Onda di Cristallo;Kristallwelle;Magia. I nemici adiacenti subiscono 10..70 danni, ma vengono guariti da tutte le condizioni negative. Ogni condizione rimossa infligge 5..15 danni.;1;9;22;6;0;15;.75;15;0;0;0;0;0;0;0;
218;Carne di Ossidiana;Obsidianfleisch;Incantesimo d'Élite. Per 8..20 secondi, ottieni +20 di armatura e non puoi essere colpito dalle magie nemiche, ma non puoi attaccare e subisci una Degenerazione Energia di -2.;0;9;23;6;0;25;1;30;0;0;1;0;0;0;0;
219;Fiamma di Ossidiana;Obsidianflamme;Magia. Infliggi 22..112 danni all'obiettivo nemico. Questa magia ignora l'armatura.;0;9;22;6;0;5;1.5;5;0;0;0;0;5;0;0;
220;Lampo Accecante;Blitzblendung;Magia. L'obiettivo nemico viene accecato per 3..8 secondi.;0;8;22;6;0;10;.75;8;0;0;0;0;0;0;0;
221;Evoca Fulmine;Blitzbeschwörung;Incantesimo. Per 60 secondi, se brandisci un'arma da fulmine, i tuoi attacchi infliggono un danno da fulmine aggiuntivo di 5..20.;0;8;23;6;0;10;1;30;0;0;0;0;0;0;0;
222;Colpo di Fulmine;Blitzschlag;Fattura. L'obiettivo nemico subisce 10..60 danni da fulmine. Questa magia ha una penetrazione dell'armatura del 25%. Se sei sotto Sforzo, quel nemico viene colpito da Colpo di Fulmine per 3 secondi. Quando la fattura termina, l'obiettivo subisce nuovamente danni da fulmine per 20..40 secondi.;0;8;24;6;0;5;1;5;0;0;0;0;0;0;0;
223;Fulmine a Catena;Kettenblitz;Magia. L'obiettivo nemico e un massimo di altri due nemici accanto a lui subiscono 10..85 danni da fulmine. Questa magia ha una penetrazione dell'armatura del 25%.;1;8;22;6;0;10;2;6;0;0;0;0;5;0;0;
224;Scarica Snervante;Schwächende Aufladung;Magia. L'obiettivo nemico subisce 25..50 danni da fulmine ed è colpito da Debolezza per 5..20 secondi. Questa magia ha una penetrazione dell'armatura del 25%.;0;8;22;6;0;10;1;8;0;0;0;0;0;0;0;
225;Armonia con l'Aria;Lufteinstimmung;Incantesimo. Per 36..60 secondi entri in sintonia con l'Aria. Recuperi 1 Punto Energia e il 30% del costo di Energia di base dell'abilità ogni volta che utilizzi una Magia dell'Aria.;0;8;23;6;0;10;1;30;0;0;0;0;0;0;0;
226;Shock Mentale;Geistiger Schock;Magia d'Élite. L'obiettivo nemico subisce 10..50 danni da fulmine. Se ha meno Energia di te, subisce un danno da fulmine ulteriore di 10..50 e viene abbattuto. Questa magia ha una penetrazione dell'armatura del 25%.;1;8;22;6;0;5;1;8;0;0;1;0;5;0;0;
227;Segno Scintillante;Schimmerndes Zeichen;Fattura d'Élite. Per 10 secondi, l'obiettivo nemico e tutti i nemici a lui adiacenti subiscono 5..25 danni al secondo. I nemici che stanno utilizzando abilità d'attacco vengono accecati per 3 secondi. Questa fattura termina se utilizzi un'abilità che abbia come bersaglio tale nemico.;1;8;24;6;0;10;1;15;0;0;1;0;0;0;0;
228;Rombo di Tuono;Donnerschlag;Magia d'Élite. Crea un'enorme onda d'urto nel punto in cui si trova il bersaglio. Infligge 10..50 danni da fulmine al bersaglio e a tutti i nemici vicini. Le azioni degli avversari colpiti vengono interrotte, e questi subiscono Armatura spaccata e Vulnerabilità per 5..20 secondo/i. Questa magia ha il 25% di penetrazione dell'armatura.;1;8;22;6;0;10;1;8;0;0;1;0;0;0;0;
229;Globo del Fulmine;Kugelblitz;Magia. Lanci un Globo del Fulmine che infligge all'obiettivo nemico 10..100 danni da fulmine. Questa magia ha una penetrazione dell'armatura del 25%.;0;8;22;6;0;10;2;5;0;0;0;0;0;0;0;
230;Giavellotto del Fulmine;Blitzspeer;Magia. Lanci un Giavellotto del Fulmine che infligge 15..50 danni da fulmine se va a segno. Giavellotto del Fulmine interrompe l'azione dei nemici in attacco. Questa magia ha una penetrazione dell'armatura del 25% e colpisce tutti i nemici fra te e il tuo obiettivo.;1;8;22;6;0;5;1;5;0;0;0;0;0;0;0;
231;Shock;Schock;Abilità. L'obiettivo nemico toccato viene abbattuto e subisce 10..60 danni da fulmine. Questa abilità ha una penetrazione dell'armatura del 25%.;1;8;1;6;0;5;.75;10;0;0;0;0;10;0;0;
232;Tocco del Fulmine;Blitz-Berührung;Abilità. L'obiettivo e tutti i nemici adiacenti vengono colpiti da 10..60 danni da fulmine, subiscono Accecamento per 1..4 secondi e Armatura Incrinata per 1..10 secondi. Questa abilità ha una penetrazione dell'armatura del 25%.;0;8;1;6;0;5;.75;5;0;0;0;0;0;0;0;
233;Aura Turbinante;Wirbelnde Aura;Incantesimo. Per 3..7 secondi subisci l'incantesimo Aura Turbinante e hai una rigenerazione Salute di 1..6 e il 50% di probabilità di bloccare i proiettili. Se sei sotto Sforzo quando lanci questo incantesimo, anche tutti gli altri membri della squadra a portata d'orecchio subiscono la magia.;1;11;23;6;0;10;1;15;0;0;0;0;0;0;0;
234;Profondo Congelamento;Tiefgefrieren;Fattura. Provochi un Profondo Congelamento nella posizione dell'obiettivo nemico. Tutti i nemici in quest'area subiscono 10..85 danni da freddo e per 10 secondi i movimenti dei nemici rallentano del 66%.;0;11;24;6;0;25;2;15;0;0;0;0;0;0;0;
235;Vista Sfocata;Verschwommene Sicht;Fattura. Per 4..10 secondi, l'obiettivo nemico e tutti i nemici adiacenti sono colpiti dalla fattura Vista Sfocata e hanno il 50% di probabilità di fallire gli attacchi.;0;11;24;6;0;10;1;12;0;0;0;0;0;0;0;
236;Forma di Nebbia;Nebelform;Incantesimo d'Élite. Per 10..45 secondi, subisci un 33% di danni in meno dai nemici sotto gli effetti di una fattura della Magia dell'Acqua. Quando lanci una magia elementale, tutti gli alleati a portata d'orecchio (Spiriti esclusi) vengono curati di un 50..250% del costo in Energia della magia.;1;11;23;6;0;5;1;20;0;0;1;0;0;0;0;
237;Tridente d'Acqua;Wasserdreizack;Magia d'Élite. Lanci un rapido Tridente d'Acqua che infligge all'obiettivo nemico e fino a due nemici adiacenti 10..90 danni da freddo se va a segno. Se colpisce un nemico in movimento, lo abbatte.;1;11;22;6;0;5;1;3;0;0;1;0;0;0;0;
238;Armatura di Nebbia;Nebelrüstung;Incantesimo. Per 8..20 secondi, ottieni +10..40 di armatura e i tuoi movimenti sono più veloci del 33%.;1;11;23;6;0;10;1;30;0;0;0;0;0;0;0;
239;Guardia contro le Ferite;Abwehr gegen Schaden;Guardia d'Élite. Crea una Guardia contro le Ferite in questa posizione. Per 5..15 secondi, gli Alleati (Spiriti esclusi) in quest'area ottengono +1..3 di Rigenerazione della Salute, +12..24 armatura e un +12..24 armatura aggiuntivo contro i danni elementali. Questa magia verrà disabilitata per 20 secondi.;1;11;26;6;0;15;1;20;0;0;1;0;0;0;0;
240;Castigo;Peinigung;Magia. Questo attacco infligge 10..55 danno[i] sacro[i]. se il tuo obiettivo sta attaccando, riceve 10..35 danno[i] sacro[i] in più.;1;14;22;3;0;10;1;10;0;0;0;0;0;0;0;
241;Legame Vitale;Lebensbindung;Incantesimo. Mantenendo questo incantesimo, ogni volta che l'alleato subisce danni fisici da un attacco, metà dei danni viene deviata su di te. I danni da te subiti in questo modo sono ridotti di 3..30 punto[i].;0;15;23;3;-1;10;2;0;0;0;0;0;0;0;0;
242;Spirito di Balthazar;Balthasars Geist;Incantesimo. Mantenendo questo incantesimo, l'obiettivo (un alleato o te stesso) ottiene adrenalina ed Energia dopo aver subito danno (la quantità di adrenalina varia a seconda del livello delle Preghiere Punitive).;1;14;23;3;-1;10;2;0;0;0;0;0;0;0;0;
243;Forza dell'Onore;Stärke der Ehre;Incantesimo. Mantenendo questo incantesimo, l'obiettivo (un alleato o te stesso) infligge 5..25 danno[i] in più nel corpo a corpo.;0;14;23;3;-1;10;2;15;0;0;0;0;0;0;0;
244;Armonia con la Vita;Lebenseinstimmung;Incantesimo. Mantenendo questo incantesimo, l'obiettivo (un alleato o te stesso) infligge il 30% in meno di danni con gli attacchi, ma ottiene 14..50% di Salute in più quando viene curato.;1;15;23;3;-1;10;2;0;0;0;0;0;0;0;0;
245;Spirito Protettivo;Schutzgeist;Incantesimo. Dura 5..23 secondo[i]. l'obiettivo (un alleato o te stesso) non può perdere più del 10% della sua Salute massima per effetto dei danni provocati da un singolo attacco o da una magia.;0;15;23;3;0;10;.25;5;0;0;0;0;0;0;0;
246;Intervento Divino;Göttliche Intervention;Incantesimo. Per 10 secondi, la prossima volta che l'obiettivo (un alleato o te stesso) riceve un danno che dovrebbe essere fatale, questo si annulla e l'alleato viene curato di 26..240 Punto[i] Salute.;0;16;23;3;0;5;.25;30;0;0;0;0;0;0;0;
247;Simbolo della Collera;Symbol des Zorns;Magia. Crea un simbolo d'ira nel punto in cui si trova il bersaglio. Per 5 secondo/i, i nemici adiacenti vengono colpiti da 10..40 danni sacri al secondo.;1;14;22;3;0;5;1;20;0;0;0;0;0;0;0;
248;Punizione;Vergeltung;Incantesimo. Mantenendo questo incantesimo, se l'obiettivo (un alleato o te stesso) viene attaccato e subisce danni, un 33% dei danni viene trasferito a chi li ha causati (fino a un massimo di 5..20).;0;14;23;3;-1;10;2;0;0;0;0;0;0;0;0;
249;Collera Sacra;Heiliger Zorn;Incantesimo. Per 10..30 secondi, la[e] prossima[e] 1..10 volta[e] in cui un alleato subisce danni da attacco, questo incantesimo rimanda alla fonte un 66% dei danni (max 5..50 danno[i]).;1;14;23;3;0;10;1;10;0;0;0;0;0;0;0;
250;Legame dell'Essenza;Essenzbindung;Incantesimo. Mantenendo questo incantesimo, ogni volta che l'obiettivo (un alleato o te stesso) subisce danni fisici o elementali ottieni 1 Punto Energia.;1;-1;23;3;-1;10;2;0;0;0;0;0;0;0;0;
251;Guarigione Flagello;Geißelheilung;Fattura. Per 30 secondi, ogni volta che l'obiettivo nemico viene curato, chi lo cura subisce 15..80 danni sacri.;0;14;24;3;0;10;2;5;0;0;0;0;0;0;0;
252;Bando;Verbannung;Magia. L'obiettivo nemico subisce 20..65 danno[i] sacro[i]. Questa magia infligge il doppio dei danni sulle creature evocate.;0;14;22;3;0;5;1;10;0;0;0;0;0;0;0;
253;Sacrificio del Flagello;Geißelopfer;Fattura. Per 8..20 secondo[i], ogni volta che l'obiettivo nemico e i nemici adiacenti sacrificano dei Punti Salute, ne sacrificano il doppio del normale.;1;14;24;3;0;5;1;5;0;0;0;0;0;0;0;
254;Spirito Vigoroso;Energischer Geist;Incantesimo. Per 30 secondi, ogni volta che l'obiettivo (un alleato o te stesso) attacca o compie una magia, viene curato di 5..20 Punto[i] Salute.;1;13;23;3;0;5;.25;4;0;0;0;0;0;0;0;
255;Spirito di Guardia;Wachsamer Geist;Incantesimo. Mantenendo questo incantesimo, l'obiettivo (un alleato o te stesso) riceve una Rigenerazione della Salute di +2. L'obiettivo viene curato di 30..180 Punto[i] Salute quando lo Spirito di Guardia termina.;1;16;23;3;-1;15;1;5;0;0;0;0;0;0;0;
256;Aura Benedetta;Gesegnete Aura;Incantesimo. Mantenendo questo incantesimo, gli incantesimi del Mistico da te lanciati durano un 10..35% in più.;1;16;23;3;-1;10;2;2;0;0;0;0;0;0;0;
257;Egida;Aegis;Incantesimo. Per 6..15 secondo[i] tutti i membri della squadra a portata d'orecchio hanno il 50% di probabilità di bloccare gli attacchi.;0;15;23;3;0;10;2;30;0;0;0;0;0;0;0;
258;Guardiano;Wächter;Incantesimo. Per 2..7 secondo[i], l'obiettivo (un alleato o te stesso) ha un 50% di probabilità di bloccare gli attacchi.;0;15;23;3;0;5;1;6;0;0;0;0;0;0;0;
259;Scudo della Deviazione;Ablenkungsschild;Incantesimo d'Élite. Per 3..10 secondo[i], l'obiettivo (un alleato o te stesso) ha una probabilità del 75% di bloccare gli attacchi e ottiene 15..30 punto[i] di armatura.;1;15;23;3;0;10;.25;5;0;0;1;0;0;0;0;
260;Aura della Fede;Glaubensaura;Incantesimo d'Élite. Per 3 secondo[i], l'obiettivo (un alleato o te stesso) ottiene un 50..100% di Salute in più quando viene curato e subisce un 5..50% in meno di danni.;1;15;23;3;0;5;.25;8;0;0;1;0;0;0;0;
261;Scudo della Rigenerazione;Schild der Regeneration;Incantesimo d'Élite. Per 5..13 secondo/i, il bersaglio alleato ottiene +3..10 rigenerazione della Salute e 20..45 armatura.;0;15;23;3;0;10;.25;8;0;0;1;0;0;0;0;
262;Scudo del Giudizio;Schild des Urteils;Incantesimo d'Élite. Per 8..20 secondo[i], chiunque colpisca l'obiettivo (un alleato o te stesso) con un attacco viene buttato a terra e subisce 5..50 danno[i] sacro[i].;1;14;23;3;0;15;1;45;0;0;1;0;0;0;0;
263;Legame della Protezione;Band des Schutzes;Incantesimo. Mantenendo questo incantesimo, l'obiettivo (un alleato o te stesso) non può perdere più del 5% della sua Salute massima per ogni attacco o magia ricevuta. Quando il Legame della Protezione previene i danni, perdi 6..3 Punto[i] Energia oppure la magia termina.;1;15;23;3;-1;10;2;0;0;0;0;0;0;0;0;
264;Pacifismo;Pazifismus;Fattura. Per 4..8 secondo[i], l'obiettivo nemico non può attaccare. l'effetto termina se l'obiettivo subisce danni.;1;15;24;3;0;10;2;15;0;0;0;0;0;0;0;
265;Amicizia;Freundschaft;Fattura d'Élite. Per 4..12 secondo[i], i nemici adiacenti non possono attaccare. l'effetto termina quando l'obiettivo nemico subisce un danno.;1;15;24;3;0;5;.25;20;0;0;1;0;0;0;0;
266;Pace e Armonia;Frieden und Harmonie;Incantesimo d'Élite. L'obiettivo (un alleato o te stesso) perde 0..9 condizione[i] e fattura[e]. Per 1..3 secondo[i], le condizioni e le fatture su quell'alleato si esauriscono con velocità superiore del 90%. Tutte le tue Preghiere Punitive vengono disattivate per 20 secondi.;1;16;23;3;0;5;.25;10;0;0;1;0;0;0;0;
267;Sguardo del Giudice;Einblick des Richters;Incantesimo. Per 8..20 secondo[i], gli attacchi dell'obiettivo (un alleato o te stesso) infliggeranno danni sacri e avranno una penetrazione delle armature del +20%.;0;14;23;3;0;10;2;10;0;0;0;0;0;0;0;
268;Aura Inflessibile;Unnachgiebige Aura;Incantesimo d'Élite. Mentre mantieni questo incantesimo le magie del Mistico impartiscono un +15..60% in più di Salute. Quando questo incantesimo termina, un compagno di squadra a caso risorge con piena Salute ed Energia e viene teletrasportato nella tua posizione.;1;16;23;3;-1;5;.25;10;0;0;1;0;0;0;0;
269;Segno della Protezione;Schutzzeichen;Incantesimo d'Élite. Per 10 secondi, ogni volta che l'obiettivo (un alleato o te stesso) dovrebbe subire un danno, viene invece curato dello stesso numero di punti, per un massimo di 6..60. Tutte le tue Preghiere Protettive vengono disattivate per 5 secondi.;1;15;23;3;0;10;.25;15;0;0;1;0;0;0;0;
270;Barriera della Vita;Lebenssperre;Incantesimo d'Élite. Mantenendo questo incantesimo, i danni inflitti all'alleato vengono ridotti di un 20..50%. Se la tua Salute è inferiore a 50% quando l'alleato subisce danni, la Barriera della Vita termina.;1;15;23;3;-1;15;2;5;0;0;1;0;0;0;0;
271;Fuoco dello Zelota;Eifererfeuer;Incantesimo. Per 60 secondi, quando usi un'abilità su un alleato, tutti i nemici adiacenti a quell'alleato subiscono 5..35 danno[i] da fuoco e tu perdi 1 Punto[i] Energia.;0;14;23;3;0;10;.25;30;0;0;0;0;0;0;0;
272;Aura di Balthazar;Balthasars Aura;Incantesimo. Per 8 secondi, i nemici adiacenti all'obiettivo (un alleato o te stesso) subiscono 10..30 danno[i] sacro[i] al secondo.;0;14;23;3;0;15;1;20;0;0;0;0;0;0;0;
273;Spezza Incantesimo;Zauberbrecher;Incantesimo d'Élite. Per 5..17 secondo[i], l'obiettivo alleato non può essere colpito dalle magie nemiche.;0;16;23;3;0;15;1;45;0;0;1;0;0;0;0;
274;Seme della Guarigione;Heilender Samen;Incantesimo. Per 10 secondo[i], se l'alleato subisce danni, lui e tutti gli alleati adiacenti ottengono 3..30 Punto[i] Salute.;0;13;23;3;0;10;2;25;0;0;0;0;0;0;0;
275;Cura Condizione;Zustand bessern;Magia. Rimuove una condizione (Veleno, Malattia, Cecità, Stordimento, Emorragia, Storpiatura, Bruciatura, Debolezza, Armatura Incrinata o Ferita Profonda) dall'obiettivo (un alleato o te stesso). Se viene rimossa una condizione, l'alleato viene curato di 5..70 Punti Salute.;1;15;22;3;0;5;.75;2;0;0;0;0;0;0;0;
276;Ripristino Condizione;Zustand wiederherstellen;Magia d'Élite. Rimuovi tutte le condizioni (Veleno, Malattia, Accecamento, Stordimento, Emorragia, Storpiatura, Bruciatura, Debolezza, Armatura Incrinata e Ferita Profonda) dall'alleato. Per ogni condizione rimossa, quell'alleato viene curato di 10..70 Punto[i] Salute.;1;15;22;3;0;5;.75;2;0;0;1;0;0;0;0;
277;Cura Malattia;Leiden heilen;Magia. Rimuovi una condizione (Veleno, Malattia, Accecamento, Stordimento, Emorragia, Storpiatura, Bruciatura, Debolezza, Armatura Incrinata o Ferita Profonda) dall'obiettivo alleato. Per ogni condizione rimanente, quell'alleato viene curato di 5..70 Punto[i] Salute.;0;15;22;3;0;5;.75;5;0;0;0;0;0;0;0;
278;Purifica Condizioni;Zustände reinigen;Magia. Rimuove tutte le condizioni (Veleno, Malattia, Cecità, Stordimento, Emorragia, Storpiatura, Bruciatura, Debolezza, Armatura Incrinata e Ferita Profonda) dall'obiettivo (un alleato o te stesso).;0;-1;22;3;0;5;.25;20;0;0;0;0;0;0;0;
279;Guarigione Divina;Göttliche Heilung;Magia. Curi di 15..60 punto[i] te stesso e i membri della squadra a portata d'orecchio.;1;16;22;3;0;5;1;12;0;0;0;0;0;0;0;
280;Cura Area;Gebiet heilen;Magia. Curi te stesso e tutte le creature adiacenti di 30..180 punto[i].;1;13;22;3;0;10;1;5;0;0;0;0;0;0;0;
281;Orazione Curativa;Fürbitte der Heilung;Magia. Curi l'obiettivo (un alleato o te stesso) di 30..80 Punto[i] Salute.;0;13;22;3;0;5;1;2;0;0;0;0;0;0;0;
282;Parola di Guarigione;Wort der Heilung;Magia d'Élite. Curi l'obiettivo (un alleato o te stesso) di 5..100 Punto[i] Salute e di altri 30..115 Punto[i] Salute se la sua Salute è inferiore al 50%.;0;13;22;3;0;5;.75;3;0;0;1;0;0;0;0;
283;Bacio di Dwayna;Dwaynas Kuss;Magia. Curi l'alleato di 20..65 Punto[i] Salute e di altri 15..40 Punto[i] Salute per ogni incantesimo o fattura che ha addosso.;1;13;22;3;0;5;1;3;0;0;0;0;0;0;0;
284;Dono Divino;Göttlicher Segen;Incantesimo. Mentre mantieni quest'incantesimo, ogni volta che lanci una Preghiera Protettiva o un Favore Divino su un obiettivo (un alleato o te stesso) lo curi di 15..60 Punti Salute e perdi 1 Punto Energia.;0;16;23;3;-1;5;.25;10;0;0;0;0;0;0;0;
285;Mani Curative;Heilende Hände;Incantesimo d'Élite. Per 10 secondo[i], se l'obiettivo (un alleato o te stesso) subisce danni viene curato di 5..35 Punto[i] Salute.;1;13;23;3;0;5;.25;15;0;0;1;0;0;0;0;
286;Cura Altro;Anderen heilen;Magia. Curi l'alleato di 35..180 Punto[i] Salute.;1;13;22;3;0;10;.75;3;0;0;0;0;0;0;0;
287;Cura Squadra;Gruppe heilen;Magia. Curi l'intera squadra di 30..75 Punto[i] Salute.;0;13;22;3;0;15;2;2;0;0;0;0;0;0;0;
288;Brezza di Guarigione;Heilender Hauch;Incantesimo. Per 15 secondo[i], l'obiettivo (un alleato o te stesso) ottiene una Rigenerazione della Salute di +4..9.;0;13;23;3;0;10;1;5;0;0;0;0;0;0;0;
289;Benedizione Vitale;Lebendige Segnung;Incantesimo. Mantenendo questo incantesimo, l'obiettivo (un alleato o te stesso) ha +40..200 di Salute massima.;1;15;23;3;-1;10;.75;2;0;0;0;0;0;0;0;
290;Medicamento;Genesung;Incantesimo. Mantenendo questo incantesimo, l'obiettivo (un alleato o te stesso) ottiene una Rigenerazione della Salute di +1..4.;0;13;23;3;-1;10;2;0;0;0;0;0;0;0;0;
291;Vita Sostitutiva;Ersatzleben;Incantesimo. Mantenendo questo incantesimo, ogni volta che l'obiettivo (un alleato o te stesso) colpisce un nemico, ottieni 2..17 Punto[i] Salute.;1;13;23;3;-1;5;2;0;0;0;0;0;0;0;0;
292;Infondi Salute;Leben einflößen;Magia. Perdi metà della tua Salute. L'alleato viene curato del 100..136% della quantità da te persa.;0;13;22;3;0;10;.25;0;0;0;0;0;0;0;0;
293;Sigillo della Devozione;Siegel der Hingabe;Sigillo. Curi l'obiettivo (un alleato o te stesso) di 20..120 Punto[i] Salute.;0;16;21;3;0;0;2;5;0;0;0;0;0;0;0;
294;Sigillo del Giudizio;Siegel des Urteils;Sigillo d'Élite. L'obiettivo nemico viene buttato a terra e sia lui che tutti i nemici adiacenti subiscono 15..75 danno[i] sacro[i].;0;14;21;3;0;0;1;20;0;0;1;0;0;0;0;
295;Sigillo della Purificazione;Siegel der Reinigung;Sigillo. Rimuovi tutte le fatture e le condizioni dall'obiettivo (un alleato o te stesso) ma perdi 10 Punti Energia per ogni fattura e condizione rimossa.;0;-1;21;3;0;0;2;20;0;0;0;0;0;0;0;
296;Sigillo della Sventura;Siegel des Ruins;Sigillo. L'obiettivo nemico subisce 30..60 danno[i] sacro[i]. se stava attaccando, viene abbattuto.;0;14;21;3;0;0;1;15;0;0;0;0;0;0;0;
297;Sigillo Benedetto;Gesegnetes Siegel;Sigillo. Per ogni incantesimo da te mantenuto ottieni 3 Punti Energia. Puoi ottenere solo un massimo di 3..24 Punto[i] Energia in questo modo.;0;16;21;3;0;0;2;10;0;0;0;0;0;0;0;
298;Martire;Märtyrer;Magia d'Élite. Trasferisci tutte le condizioni, con le loro durate residue, dagli alleati a te stesso.;0;-1;22;3;0;5;.25;10;0;0;1;0;0;0;0;
299;Mani Scudo;Schützende Hände;Incantesimo. Per 8 secondi i danni e la sottrazione vita ricevuti dall'obiettivo (un alleato o te stesso) si riducono di 3..18. Quando l'effetto delle Mani Scudo svanisce, l'alleato viene curato di 5..50 Punti Salute.;0;15;23;3;0;5;.25;15;0;0;0;0;0;0;0;
300;Contemplazione della Purezza;Gebot der Reinheit;Abilità. Perdi tutti gli incantesimi. per ogni incantesimo perso ottieni 0..80 Punto[i] Salute e perdi una fattura e una condizione (max. 1..8 fattura[e] e condizione[i]).;1;16;1;3;0;5;.25;10;0;0;0;0;0;0;0;
301;Rimuovi Fattura;Verhexung entfernen;Magia. Rimuovi una fattura dall'obiettivo (un alleato o te stesso).;0;-1;22;3;0;5;1;8;0;0;0;0;0;0;0;
302;Colpisci Fattura;Verhexung zerschlagen;Magia. Elimina una fattura dall'obiettivo (un alleato o te stesso). Se ci riesci, i nemici presenti nell'area subiscono 10..85 danno[i] sacro[i].;0;14;22;3;0;5;1;12;0;0;0;0;0;0;0;
303;Converti Fatture;Verhexungen umwandeln;Magia. Rimuovi tutte le fatture dall'alleato. Per 8..20 secondo[i], l'alleato ottiene +10 di armatura per ogni fattura del Negromante rimossa.;0;15;22;3;0;15;1;12;0;0;0;0;0;0;0;
304;Luce di Dwayna;Licht von Dwayna;Magia. Resusciti tutti i membri della squadra morti presenti nell'area facendoli ritornare in vita con il 25% di Salute e zero Energia.;1;-1;22;3;0;25;4;20;0;0;0;0;0;0;0;
305;Resurrezione;Wiederbeleben;Magia. Resusciti un membro della squadra facendolo ritornare in vita con il 25% di Salute e zero Energia.;0;-1;22;3;0;10;5;8;0;0;0;0;0;0;0;
306;Rinascita;Wiedergeburt;Magia. Resusciti un membro della squadra facendolo ritornare in vita con il 25% di Salute e zero Energia e teletrasportandolo nella tua posizione corrente. Tutte le sue abilità restano inattive per 10..3 secondo[i]. Questa magia consuma tutta la tua Energia residua.;0;15;22;3;0;10;5;0;0;0;0;0;0;0;0;
307;Rovescio della Fortuna;Umkehrung des Schicksals;Incantesimo. Per 8 second[i], la volta successiva in cui l'obiettivo alleato viene colpito da un attacco che dovrebbe infliggere danni o sottrazione vita, l'alleato ottiene il corrispettivo in Punti Salute (max 15..80) dei danni o della sottrazione vita.;0;15;23;3;0;5;.25;2;0;0;0;0;0;0;0;
308;Soccorso;Beistand;Incantesimo. Mantenendo questo incantesimo, l'alleato ottiene +1 di Rigenerazione della Salute e +1 di Rigenerazione dell'Energia, ma tu perdi 1 Punto Energia ogni volta che l'alleato lancia una magia.;1;-1;23;3;-1;5;1;10;0;0;0;0;0;0;0;
309;Sacro Velo;Heiliger Schleier;Incantesimo. Mantenendo questo incantesimo, ci vorrà il doppio del tempo per lanciare le fatture sull'obiettivo alleato. Quando il Sacro Velo termina, viene eliminata una fattura dall'obiettivo (un alleato o te stesso).;0;-1;23;3;-1;5;1;12;0;0;0;0;0;0;0;
310;Spirito Divino;Göttlicher Geist;Incantesimo. Per 1..14 secondo[i], le magie del Mistico ti costano 5 Punti Energia in meno (costo minimo: 1 Punto Energia).;1;16;23;3;0;10;.25;60;0;0;0;0;0;0;0;
311;Assorbi Condizioni;Zustände entziehen;Magia. Tutte le condizioni negative che hanno colpito l'alleato vengono trasferite su di te. Per ogni condizione acquisita ottieni 6..26 Punto[i] Salute.;0;15;22;3;0;5;.25;4;0;0;0;0;0;0;0;
312;Colpo Sacro;Heiliger Schlag;Abilità. L'obiettivo nemico toccato subisce 10..55 danno[i] sacro[i]. Se è a terra subisce inoltre 10..55 danno[i] sacro[i].;1;14;1;3;0;5;.75;8;0;0;0;0;0;0;0;
313;Tocco Curativo;Heilende Berührung;Magia. Curi l'alleato toccato di 20..80 Punto[i] Salute. raddoppia la quantità di Salute ottenuta con il Favore Divino.;0;13;22;3;0;5;.75;5;0;0;0;0;0;0;0;
314;Ripristino Vita;Leben erneuern;Magia. Tocca il corpo di un membro della squadra caduto per riportarlo in vita con un 20..65% di Punto[i] Salute e 42..90% di Punto[i] Energia.;1;13;22;3;0;10;4;8;0;0;0;0;0;0;0;
315;Vendetta;Rache;Incantesimo. Riporti in vita un membro della squadra morto, con Salute ed Energia al massimo, che per 30 secondi infligge un 25% di danni in più. Quando questo incantesimo termina, il membro della squadra muore. Morire mentre si è sotto il suo effetto non comporta Debilitazione.;1;-1;23;3;0;10;4;30;0;0;0;0;0;0;0;
316;All'Ultimo Sangue!;Bis ans Limit!;Urlo. Per ogni nemico a portata d'orecchio (max 1..6), ottieni una dose di adrenalina. Per 10..20 secondo[i], la tua Salute massima aumenta di 10..60 punto[i].;1;21;20;1;0;5;0;10;0;0;0;0;0;0;0;
317;Furia della Battaglia;Kampfwut;Posizione d'Élite. Per 5..20 secondo[i], la tua velocità aumenta di un 33% e ottieni doppia adrenalina dagli attacchi. La Furia della Battaglia termina se utilizzi abilità che non necessitano adrenalina.;0;17;29;1;0;0;0;0;3.2;0;1;0;0;0;0;
318;Sfida al Dolore;Schmerz trotzen;Abilità d'Élite. Per 20 secondi ottieni 90..300 Punti Salute in più, 20 punti armatura in più e subisci 1..10 danni in meno.;1;17;1;1;0;0;0;0;4.8;0;1;0;0;0;0;
319;Fretta;Ansturm;Posizione. Per 8..20 secondo[i], la tua velocità aumenta del 25%.;1;17;29;1;0;0;0;0;3.2;0;0;0;0;0;0;
320;Azzoppamento;Lähmung;Attacco con Spada. Se questo attacco va a segno, l'obiettivo diventa storpio per 3..15 secondo[i] e si muove più lentamente.;0;20;10;1;0;5;0;10;0;0;0;0;0;0;0;
321;Colpo Selvaggio;Rundumschlag;Attacco Ravvicinato. Perdi tutta l'Adrenalina. Se va a segno, questo attacco produce un colpo critico e fa terminare qualsiasi Posizione utilizzata dal tuo obiettivo. Questo attacco non può essere bloccato.;0;-1;3;1;0;5;0;8;0;0;0;0;0;0;0;
322;Attacco Potente;Kraftangriff;Attacco Ravvicinato. Se va a segno, infliggi +10..40 danno[i].;0;17;3;1;0;5;0;3;0;0;0;0;0;0;0;
323;Colpo della Disperazione;Verzweiflungsschlag;Attacco Ravvicinato. Se questo attacco va a segno, infliggi +10..40 danno[i] e l'obiettivo è affetto da una delle seguenti condizioni: Ferita Profonda (per 20 secondi), Debolezza (per 20 secondi), Emorragia (per 25 secondi) o Storpiatura (per 15 secondi). Dopo aver sferrato il Colpo della Disperazione, cadi a terra.;1;21;3;1;0;5;0;7;0;0;0;0;0;0;0;
324;Brivido della Vittoria;Rausch des Sieges;Attacco Ravvicinato. Se l'attacco va a segno, infliggi +20..40 di danni. Se la tua Salute è superiore a quella dell'obiettivo nemico, ottieni 1..2 dose[i] di adrenalina.;0;21;3;1;0;5;0;8;0;0;0;0;0;0;0;
325;Colpo Distraente;Ablenkungsschlag;Attacco Ravvicinato. Agita la tua arma in direzione dell'obiettivo, senza infliggergli danni ma interrompendo la sua azione corrente (e quella di tutti i nemici a lui adiacenti).;0;-1;3;1;0;5;.5;10;0;0;0;0;0;0;0;
326;Colpo del Protettore;Schlag des Beschützers;Attacco Ravvicinato. Se questo attacco colpisce un nemico in movimento, infliggi 10..40 danno[i] in più.;1;17;3;1;0;5;.5;3;0;0;0;0;0;0;0;
327;Colpo del Grifone;Greifenschlag;Attacco Ravvicinato. Se questo attacco va a segno, infliggi +5..20 danno[i]. Se l'attacco è bloccato, l'obiettivo viene abbattuto e subisce 10..34 danno[i].;1;17;3;1;0;5;0;8;0;0;0;0;0;0;0;
328;Colpo Puro;Reiner Schlag;Attacco con Spada. Se il Colpo Puro va a segno, infliggi +1..30 danno[i]. Se non stai utilizzando una Posizione, il Colpo Puro non può essere bloccato.;1;20;10;1;0;5;0;8;0;0;0;0;0;0;0;
329;Rompi Cranio;Schädel spalten;Attacco d'Élite Ravvicinato. Se colpisce, questo attacco interrompe l'azione in corso del personaggio. Se il nemico sta lanciando un incantesimo, resta stordito per 15 secondi.;1;-1;3;1;0;0;.25;0;6;0;1;0;0;0;0;
330;Ascia Ciclone;Zyklonaxt;Attacco con Ascia. Effettua un attacco circolare con un'ascia e infliggi +4..12 danno[i] contro tutti gli avversari adiacenti.;0;18;4;1;0;5;0;4;0;0;0;0;0;0;0;
331;Colpo di Martello;Hammerstreich;Attacco con Martello. Perdi tutta l'adrenalina. Se il Colpo di Martello va a segno, l'obiettivo finisce a terra.;0;19;8;1;0;0;0;0;5.2;0;0;0;0;0;0;
332;Colpo del Toro;Bullenstoß;Attacco Ravvicinato. Se questo attacco colpisce un nemico in movimento, infliggi +5..30 danno[i] e l'obiettivo cade.;0;17;3;1;0;5;0;10;0;0;0;0;0;0;0;
333;Ti Vendicherò!;Ich werde Euch rächen!;Urlo. Per ogni alleato morto, ottieni una Rigenerazione della Salute di +3..7 per 10 secondi e la tua velocità d'attacco aumenta del 25%.;1;17;20;1;0;5;0;45;0;0;0;0;0;0;0;
334;Ascia Rastrello;Harkenaxt;Attacco con Ascia. Se questo attacco va a segno su un obiettivo nemico affetto dalla Ferita Profonda, infliggi +4..16 danno[i] e il nemico diventa storpio per 15 secondi.;0;18;4;1;0;0;0;0;4.8;0;0;0;0;0;0;
335;Fessura;Spalten;Attacco d'Élite con Ascia. Se l'attacco va a segno, infliggi +10..40 danni e colpisci 1..2 nemico/i adiacente/i con 10..40 danni taglienti.;0;18;4;1;0;0;0;0;3.2;0;1;0;0;0;0;
336;Colpo del Boia;Henkerschlag;Attacco con Ascia. Se va a segno, infliggi +15..45 danno[i].;0;18;4;1;0;0;0;0;7;0;0;0;0;0;0;
337;Smembramento;Zerstückeln;Attacco con Ascia. Se va a segno, questo colpo d'ascia infligge una Ferita Profonda all'obiettivo nemico e la sua Salute massima diminuisce del 20% per 5..20 secondo[i].;0;18;4;1;0;0;0;0;4.8;0;0;0;0;0;0;
338;Squartamento;Ausweiden;Attacco d'Élite con Ascia. Se va a segno, infliggi +10..45 danno[i] e una Ferita Profonda. la sua Salute massima diminuisce del 20% per 5..20 secondo[i].;1;18;4;1;0;0;0;0;8;0;1;0;0;0;0;
339;Colpo Penetrante;Durchdringender Schlag;Attacco con Ascia. Se va a segno infliggi +10..25 danno[i]. Questo attacco con l'ascia ha il 20% di capacità di penetrazione delle armature.;1;18;4;1;0;0;0;0;4.8;0;0;0;0;0;0;
340;Fendente Dirompente;Unterbrechender Hieb;Attacco con Ascia. Se va a segno, questo attacco interrompe l'azione corrente dell'obiettivo. se si trattava di un'abilità, questa viene disattivata per altri 20 secondi.;0;18;4;1;0;0;0;0;5;0;0;0;0;0;0;
341;Fendente Rapido;Schneller Hieb;Attacco con Ascia. Se l'attacco va a segno, infliggi +1..20 di danni. Se il Fendente Rapido viene bloccato, l'obiettivo nemico subisce 1..20 danni ed è affetto da Ferita Profonda per 20 secondi.;0;18;4;1;0;5;0;4;0;0;0;0;0;0;0;
342;Manovra d'Ascia;Axtdrehung;Attacco con Ascia. Se questo attacco va a segno su un nemico affetto da una Ferita Profonda, infliggi 5..25 danno[i] in più e il nemico viene colpito da Debolezza per 20 secondi.;1;18;4;1;0;0;0;0;4.8;0;0;0;0;0;0;
343;Giustizia è Fatta!;Für höhere Gerechtigkeit!;Urlo. Per 20 secondi, ogni volta che consegui Adrenalina ne ottieni un 100% in più.;0;-1;20;1;0;5;0;45;0;0;0;0;0;0;0;
344;Folata di Colpi;Schauer;Posizione. Per 5 secondi, la tua velocità d'attacco aumenta del 33%, ma infliggi il 25% di danni in meno.;1;-1;29;1;0;5;0;5;0;0;0;0;0;0;0;
345;Posizione Difensiva;Verteidigungshaltung;Posizione. Per 1..5 secondo[i] hai un 75% di probabilità di bloccare gli attacchi ravvicinati e proiettile. Al termine dell'effetto di Posizione Difensiva, ottieni una dose di adrenalina per ogni abilità di attacco ravvicinato che possiedi (max 0..4).;0;21;29;1;0;0;0;8;4.8;0;0;0;0;0;0;
346;Frenesia;Raserei;Posizione. Per 8 secondi i tuoi attacchi sono più veloci del 33%, ma subisci il 175..125% dei danni.;0;17;29;1;0;5;0;4;0;0;0;0;0;0;0;
347;Sopporta Dolore;Schmerz ertragen;Abilità. Per 7..18 secondo[i] hai 90..300 Punto[i] Salute in più.;0;17;1;1;0;5;0;30;0;0;0;0;0;0;0;
348;In Guardia!;Passt auf Euch auf!;Urlo. I membri della squadra a portata d'orecchio ottengono +5..25 di armatura per 10 secondo[i]. Questo urlo termina dopo 10 attacchi in arrivo.;0;21;20;1;0;0;0;4;3.2;0;0;0;0;0;0;
349;Scatto;Sprinten;Posizione. Per 8..14 secondo[i], la tua velocità aumenta del 25%.;0;17;29;1;0;5;0;15;0;0;0;0;0;0;0;
350;Spanciata;Bauchklatscher;Attacco con Martello. Se questo attacco colpisce un nemico che si trova a terra, la nube di polvere che si sprigiona acceca i nemici adiacenti per 3..7 secondo[i].;1;19;8;1;0;5;1;10;0;0;0;0;0;0;0;
351;Colpo Possente;Mächtiger Schlag;Attacco con Martello. Se va a segno, infliggi +10..40 danno[i].;0;19;8;1;0;0;0;0;6.4;0;0;0;0;0;0;
352;Schiacciata;Vernichtender Schlag;Attacco con Martello. Se questo attacco va a segno, infliggi +1..20 danno[i]. Se colpisci un nemico abbattuto, infliggi una Ferita Profonda che riduce la Salute massima dell'obiettivo del 20% per 5..20 secondo[i].;1;19;8;1;0;5;0;10;0;0;0;0;0;0;0;
353;Fendente Crudele;Grober Schwung;Attacco con Martello. Colpisce tutti i nemici adiacenti. Ogni obiettivo nemico colpito subisce +1..20 danno[i].;1;19;8;1;0;5;0;5;0;0;0;0;0;0;0;
354;Scuoti-terra;Erdrüttler;Attacco d'Élite con Martello. L'obiettivo nemico e tutti i nemici adiacenti vengono abbattuti (50% di probabilità di fallimento con Abilità col Martello di livello 4 o inferiore).;1;19;8;1;0;0;0;0;8;0;1;0;0;0;0;
355;Martello Devastante;Verheerender Hammer;Attacco d'Élite con Martello. Se colpisce, l'obiettivo cade a terra ed è colpito da Debolezza per 5..20 secondo[i].;0;19;8;1;0;0;0;0;6.4;0;1;0;0;0;0;
356;Colpo Irresistibile;Brutaler Schlag;Attacco con Martello. Se questo attacco va a segno, infliggi +5..20 danno[i]. Se Colpo Irresistibile viene bloccato, il tuo obiettivo finisce a terra e subisce 5..20 danno[i].;0;19;8;1;0;5;0;6;0;0;0;0;0;0;0;
357;Colpo di Rimando;Gegenschlag;Attacco con Martello. Se colpisce un nemico all'attacco, lo getta a terra.;0;19;8;1;0;0;0;0;4;0;0;0;0;0;0;
358;Spezza-schiena;Rückenbrecher;Attacco d'Élite con Martello. Se Spezza-schiena va a segno, infliggi +1..20 danno[i] e il nemico va a terra. Se la tua Forza è uguale o superiore a 8, il nemico resta a terra per 4 secondi.;1;19;8;1;0;0;0;0;8.8;0;1;0;0;0;0;
359;Colpo Pesante;Heftiger Schlag;Attacco con Martello. Perdi tutta l'adrenalina. Se colpisci un nemico che soffre di Debolezza, questo viene abbattuto e tu infliggi +1..30 danno[i].;0;19;8;1;0;0;0;0;4.8;0;0;0;0;0;0;
360;Colpo Travolgente;Umwerfender Schlag;Attacco con Martello. Se questo colpo di martello va a segno, l'obiettivo viene colpito da Debolezza per 5..20 secondo[i].;0;19;8;1;0;0;1;0;3.2;0;0;0;0;0;0;
361;Sigillo di Dolyak;Dolyak-Siegel;Sigillo. Per 8..20 secondo[i], hai +10..40 armatura e non puoi essere abbattuto, ma i tuoi movimenti vengono rallentati del 75%.;1;17;21;1;0;0;0;20;0;0;0;0;0;0;0;
362;Astuzia del Guerriero;Verschlagenheit des Kriegers;Abilità. Per 5..11 secondo[i], i tuoi attacchi ravvicinati non possono essere bloccati.;0;17;1;1;0;10;0;60;0;0;0;0;0;0;0;
363;Colpo di Scudo;Heftiger Schildschlag;Abilità. Per 5..11 secondo/i, purché impugni uno scudo, blocchi l'abilità in mischia successiva che subisci, atterri l'attaccante e la sua abilità viene disattivata per 15 secondi in più.;0;17;1;1;0;5;0;20;0;0;0;0;0;0;0;
364;Carica!;Angriff!;Urlo d'Élite. Tutti gli alleati a portata d'orecchio perdono la condizione Storpiatura. Per 5..13 secondo[i], la tua velocità aumenta del 33%.;0;21;20;1;0;5;0;20;0;0;1;0;0;0;0;
365;La Vittoria è Mia!;Der Sieg ist mein!;Urlo d'Élite. Ottieni 10..68 Punto[i] Salute e 3..7 Punto[i] Energia per ogni condizione presente sull'obiettivo nemico.;1;21;20;1;0;5;0;10;0;0;1;0;0;0;0;
366;Temi la Mia Ira!;Fürchtet mich!;Urlo. Tutti i nemici nei dintorni perdono 2..6 Punto[i] Energia. Per 1..15 secondo[i], i tuoi attacchi ravvicinati hanno +5..30% probabilità di assestare un colpo critico contro nemici fermi.;1;21;20;1;0;0;0;4;3.2;0;0;0;0;0;0;
367;In Alto gli Scudi!;Schilde hoch!;Urlo. Per 5..11 secondo[i], tu e tutti i membri della squadra a portata d'orecchio ottenete +60 punto[i] di armatura contro gli attacchi proiettile in arrivo.;0;21;20;1;0;10;0;30;0;0;0;0;0;0;0;
368;Io Sopravviverò!;Ich überlebe!;Urlo. Ottieni +3 di Rigenerazione della Salute per ogni condizione da cui sei affetto. Questa Rigenerazione si esaurisce dopo 5..11 secondo[i].;1;17;20;1;0;5;0;30;0;0;0;0;0;0;0;
370;Posizione del Guerriero Furioso;Berserkerhaltung;Posizione. Per 8..14 secondo/i, attacchi il 33% più velocemente e ottieni il 100% in più di adrenalina. La posizione Berserker termina se usi un'abilità.;0;17;29;1;0;10;0;10;0;0;0;0;0;0;0;
371;Posizione Bilanciata;Ausgeglichene Haltung;Posizione. Per 8..20 secondo[i] non puoi essere abbattuto e non subisci danni extra dagli attacchi critici.;0;21;29;1;0;5;0;30;0;0;0;0;0;0;0;
372;Difesa del Gladiatore;Gladiatoren-Verteidigung;Posizione d'Élite. Per 5..11 secondo[i] hai una probabilità del 75% di bloccare gli attacchi in arrivo. Ogni volta che blocchi un attacco ravvicinato in questo modo, l'attaccante subisce 5..35 danno[i].;1;21;29;1;0;5;0;20;0;0;1;0;0;0;0;
373;Devia Frecce;Pfeilablenkung;Posizione. Per 1..6 secondo[i] hai un 75% di probabilità di bloccare gli attacchi. Se blocchi un attacco proiettile, i nemici adiacenti subiscono danni da Emorragia per 5..15 secondo[i].;1;21;29;1;0;0;0;12;4.8;0;0;0;0;0;0;
374;Resistenza del Guerriero;Ausdauer des Kriegers;Abilità d'Élite. Per 5..35 secondo[i], ottieni 3 Punti Energia ogni volta che colpisci nel corpo a corpo. la tua Energia non può aumentare al di sopra di 10..25.;1;17;1;1;0;5;0;30;0;0;1;0;0;0;0;
375;Posizione di Combattimento del Nano;Zwergen-Kampfhaltung;Posizione d'Élite. Per 5..11 secondo[i], se utilizzi un martello, attacchi un 33% volta[e] più velocemente, ottieni +40 di armatura e se utilizzi un'abilità di attacco per colpire un nemico, interrompi la sua azione.;1;17;29;1;0;5;0;20;0;0;1;0;0;0;0;
376;Posizione Disciplinata;Disziplinierte Haltung;Posizione. Per 1..4 secondo[i], ottieni +10 di armatura e hai una probabilità del 75% di bloccare gli attacchi. La Posizione Disciplinata termina se usi un'abilità che richiede adrenalina.;1;21;29;1;0;5;0;15;0;0;0;0;0;0;0;
377;Posizione di Guardia;Wachsame Haltung;Posizione. Per 1..6 secondo[i], blocchi qualsiasi abilità d'attacco usata contro di te. Per ogni parata effettuata con successo, ottieni adrenalina e 5 Punti Energia. termina se usi un'abilità.;1;21;29;1;0;10;0;10;0;0;0;0;0;0;0;
378;Posizione dello Scudo;Schildhaltung;Posizione. Per 1..6 secondo[i], se utilizzi uno scudo, hai un 75% di probabilità di bloccare un attacco in arrivo e il danno viene ridotto di 2 per ogni punto di Forza (riduzione danno max: 15).;1;21;29;1;0;5;0;15;0;0;0;0;0;0;0;
379;Carica del Toro;Angriff des Bullen;Posizione d'Élite. Per 1..7 secondo/i, ti muovi più velocemente del 50% e se colpisci in mischia un nemico in movimento, quel nemico viene atterrato. La Carica del Toro termina se usi un'abilità.;1;17;29;1;0;5;0;12;0;0;1;0;0;0;0;
380;Difesa di Bonetti;Bonettis Verteidigung;Posizione. Per 5..11 secondo[i] hai il 75% di probabilità di bloccare gli attacchi ravvicinati e proiettili. Ottieni 5 Punti Energia per ogni attacco ravvicinato parato con successo. termina se utilizzi un'abilità.;1;21;29;1;0;0;0;0;8;0;0;0;0;0;0;
381;Cento Lame;Hundert Klingen;Abilità d'Élite. Per 15 second[i], ogni volta che attacchi con una spada, tutti i nemici adiacenti subiscono 10..35 danno[i] da taglio.;0;20;1;1;0;5;0;20;0;0;1;0;0;0;0;
382;Arteria Recisa;Arterienabtrennung;Attacco con Spada. Se questo attacco va a segno, l'avversario viene colpito da Emorragia per 5..25 secondo[i] e perde Salute nel tempo.;0;20;10;1;0;0;0;0;3;0;0;0;0;0;0;
383;Fendente di Galrath;Galrath-Hieb;Attacco con Spada. Questo attacco infligge +1..40 danno[i] se va a segno.;1;20;10;1;0;0;0;0;7;0;0;0;0;0;0;
384;Taglio Profondo;Schnittwunde;Attacco con Spada. Se colpisci un obiettivo nemico che soffre di Emorragia, infliggi 5..20 danno[i] in più e il nemico riceve una Ferita Profonda, che riduce la sua Salute massima del 20% per 5..20 secondo[i].;0;20;10;1;0;0;0;0;5;0;0;0;0;0;0;
385;Affondo Finale;Endstoß;Attacco con Spada. Perdi tutta l'adrenalina. Se va a segno, infliggi 5..40 danno[i] in più. Questo danno si raddoppia se l'obiettivo ha meno del 50% di Salute.;0;20;10;1;0;0;0;0;8;0;0;0;0;0;0;
386;Lama che Cerca;Suchende Klinge;Attacco con Spada. Se questo attacco va a segno, infliggi +1..20 danno[i]. Se Lama che Cerca viene bloccata, il tuo obiettivo inizia a sanguinare per 25 secondi e subisce 1..20 danno[i].;0;20;10;1;0;5;0;4;0;0;0;0;0;0;0;
387;Replica;Entgegnung;Abilità. Per 8 secondi, mentre brandisci una spada, blocchi l'attacco ravvicinato successivo lanciato contro di te e il tuo aggressore subisce 20..80 danno[i].;1;21;1;1;0;0;0;0;3.2;0;0;0;0;0;0;
388;Replica Mortale;Tödliche Entgegnung;Abilità. Per 8 secondi, mentre brandisci una spada, blocchi l'attacco ravvicinato successivo lanciato contro di te e il tuo aggressore subisce 15..90 danno[i] e viene colpito da Emorragia per 3..25 secondo[i].;1;21;1;1;0;5;0;10;0;0;0;0;0;0;0;
389;Fioritura;Blütezeit;Abilità d'Élite. Tutte le tue abilità d'attacco vengono ricaricate. Ottieni 2..7 Punto[i] Energia per ogni abilità ricaricata dalla Fioritura.;1;17;1;1;0;5;1;8;0;0;1;0;0;0;0;
390;Fendente Selvaggio;Wilder Hieb;Attacco con Spada. Se questo attacco va a segno, l'azione dell'obiettivo nemico viene interrotta. Se tale azione era una magia, infliggi 1..40 danni aggiuntivi.;0;20;10;1;0;5;.5;10;0;0;0;0;0;0;0;
391;Tiro del Cacciatore;Jägerschuss;Attacco con Arco. Se il Tiro del Cacciatore va a segno, l'obiettivo inizia a sanguinare per 3..25 secondi.;0;25;2;2;0;5;1;10;0;0;0;0;0;0;0;
392;Inchioda;Festnageln;Attacco con Arco. Se va a segno, l'obiettivo nemico diventa storpio per 3..15 secondo[i].;0;25;2;2;0;15;0;8;0;0;0;0;0;0;0;
393;Tiro Azzoppante;Verkrüppelungs-Schuss;Attacco con Arco d'Élite. Se Tiro Azzoppante va a segno, l'obiettivo diventa Storpio per 4..14 secondo[i]. Questo attacco non può essere bloccato.;1;25;2;2;0;5;0;2;0;0;1;0;0;0;0;
394;Tiro Potente;Kraftschuss;Attacco con Arco. Se va a segno, l'obiettivo nemico subisce 25..50 di danni.;0;25;2;2;0;10;0;3;0;0;0;0;0;0;0;
395;Raffica;Sperrfeuer;Attacco con Arco d'Élite. Rimuove tutte le tue Preparazioni. Tira frecce all'obiettivo nemico e fino a un massimo di 5 nemici adiacenti. Se colpiscono l'obiettivo, le frecce infliggono +5..20 di danni.;0;25;2;2;0;5;0;1;0;0;1;0;0;0;0;
396;Doppio Tiro;Doppelschuss;Attacco con Arco. Scocca due frecce simultaneamente contro il nemico. Le frecce infliggono il 25% di danni in meno.;0;-1;2;2;0;10;0;10;0;0;0;0;0;0;0;
397;Tiro Rapido;Schnellschuss;Attacco con Arco d'Élite. Scocca una freccia che si muove al doppio della velocità.;0;-1;2;2;0;5;.5;1;0;0;1;0;0;0;0;
398;Attacco Penetrante;Durchbohr-Angriff;Attacco con Arco. Se va a segno, questo attacco provoca +5..25 danno[i] e ha un 10% di capacità di penetrazione delle armature.;1;25;2;2;0;10;.75;4;0;0;0;0;0;0;0;
399;Tiro Distraente;Ablenk-Schuss;Attacco con Arco. Se va a segno, interrompe l'azione dell'obiettivo nemico, ma infligge solo 1..16 danno[i]. Se l'azione interrotta era un'abilità, questa viene disattivata per altri 20 secondi.;0;23;2;2;0;5;.5;10;0;0;0;0;0;0;0;
400;Tiro di Precisione;Präzisionsschuss;Attacco con Arco. Se va a segno, infliggi +3..10 danno[i]. non può essere bloccato ma è facile da interrompere.;0;25;2;2;0;10;1;6;0;0;0;0;0;0;0;
402;Tiro Determinato;Entschlossener Schuss;Attacco con Arco. Se colpisce l'obiettivo, provoca +5..20 danno[i]. Se manca il bersaglio, tutte le abilità d'attacco vengono ricaricate.;0;25;2;2;0;5;0;10;0;0;0;0;0;0;0;
403;Tiro Sicuro;Ankündigungs-Schuss;Attacco con Arco. Scocca una freccia 3 volte più veloce che non può essere bloccata.;0;-1;2;2;0;5;0;3;0;0;0;0;0;0;0;
404;Freccia Avvelenata;Giftpfeil;Attacco con Arco d'Élite. Se va a segno, avvelena l'obiettivo per 5..20 secondo[i].;1;24;2;2;0;5;0;1;0;0;1;0;0;0;0;
405;Tiro del Giuramento;Eidschuss;Attacco con Arco d'Élite. Se il Tiro del Giuramento va a segno, tutte le tue abilità tranne Tiro del Guramento vengono ricaricate. Se va a vuoto, tutte le tue abilità vengono disattivate per 10..4 secondi. (50% di probabilità di errore con Esperienza 7 o inferiore).;1;23;2;2;0;10;0;25;0;0;1;0;0;0;0;
406;Tiro Debilitante;Entkräftungs-Schuss;Attacco con Arco. Se va a segno, il tuo obiettivo perde 1..10 Punto[i] Energia.;0;25;2;2;0;10;0;10;0;0;0;0;0;0;0;
407;Tiro Ravvicinato;Kurzdistanzschuss;Attacco con Arco. Scocca una freccia che ha una portata pari a metà del normale ma infligge +10..40 danno[i].;1;23;2;2;0;5;0;3;0;0;0;0;0;0;0;
408;Tiro Stordente;Erschütterungsschuss;Attacco con Arco. Se colpisce il nemico mentre sta compiendo una magia, lo interrompe e causa Stordimento per 5..20 secondo[i]. Questo attacco infligge solo 1..16 danno[i].;0;25;2;2;0;25;.5;5;0;0;0;0;0;0;0;
409;Tiro Punitivo;Bestrafungs-Schuss;Attacco con Arco d'Élite. Se va a segno, infliggi +10..20 danno[i] e l'obiettivo viene interrotto.;1;25;2;2;0;10;.5;5;0;0;1;0;0;0;0;
411;Incanta Animale;Tier zähmen;Abilità. Incanta l'animale selezionato, a meno che questo non ti sia superiore di oltre 4 livelli. Una volta incantata, la mascotte viaggerà insieme a te fino a quando manterrai attivo l'incantesimo Incanta Animale.;0;22;1;2;0;10;10;0;0;0;0;0;0;0;0;
412;Richiamo della Protezione;Ruf des Schutzes;Urlo. Per 120 secondi, la tua mascotte ha una capacità di riduzione dei danni di base di 5..20.;1;22;20;2;0;5;0;90;0;0;0;0;0;0;0;
415;Richiamo della Fretta;Ruf der Eile;Urlo. Per 30 secondi la velocità d'attacco della tua mascotte aumenta del 33% e la sua velocità di movimento aumenta del 33%.;0;22;20;2;0;10;0;25;0;0;0;0;0;0;0;
422;Resuscita Animale;Tier wiederbeleben;Abilità. Riporta in vita tutti i compagni animali alleati all'interno dell'area. Ritornano in vita con il 10..94% di salute.;1;22;1;2;0;5;.25;5;0;0;0;0;0;0;0;
423;Legame Simbiotico;Symbiotisches Band;Urlo. Per 120..300 secondo[i], la tua mascotte ottiene una Rigenerazione della Salute di 1..3 e la metà di tutti i danni inflitti a lei vengono deviati su di te.;1;22;20;2;0;10;0;55;0;0;0;0;0;0;0;
424;Getta Polvere;Dreck werfen;Abilità. L'obiettivo nemico toccato e i nemici adiacenti vengono accecati per 3..15 secondo[i].;0;23;1;2;0;5;1;30;0;0;0;0;0;0;0;
425;Schivata;Abducken;Posizione. Per 5..11 secondo[i], la tua velocità aumenta del 33% e hai un 27..75% di probabilità di bloccare i proiettili in arrivo. termina se attacchi.;1;23;29;2;0;5;0;30;0;0;0;0;0;0;0;
426;Tiro Selvaggio;Wilder Schuss;Attacco con Arco. Se va a segno, l'azione dell'obiettivo viene interrotta. Se l'azione era una magia, infliggi +13..28 danno[i].;0;25;2;2;0;10;.5;5;0;0;0;0;0;0;0;
427;Sigillo dell'Antidoto;Gegengift-Siegel;Sigillo. Ti libera da Veleno, Malattia, Accecamento e un'altra condizione.;0;-1;21;2;0;0;1;4;0;0;0;0;0;0;0;
428;Frecce Incendiarie;Flammenpfeile;Attacco con Arco d'Élite. Tiri delle frecce all'obiettivo nemico e ad un massimo di 2 nemico[i] vicini al tuo obiettivo. Questi nemici prendono fuoco per 1..3 secondo[i].;1;24;2;2;0;5;0;5;0;0;1;0;0;0;0;
429;Frecce di Melandru;Melandrus Pfeile;Preparazione d'Élite. Per 18 secondi, se le tue frecce vanno a segno provocano Emorragia per 3..25 secondo[i] e, se colpiscono un obiettivo già sotto incantesimo, infliggono +8..28 danno[i].;1;24;17;2;0;5;2;12;0;0;1;0;0;0;0;
430;Scommessa del Tiratore;Schützenwette;Preparazione d'Élite. Per 18 secondo[i], ottieni 5..10 Punto[i] Energia ogni volta che le tue frecce vanno a segno, ma ne perdi 10 se mancano il bersaglio.;1;23;17;2;0;5;1;24;0;0;1;0;0;0;0;
431;Frecce Esplosive;Brandpfeile;Preparazione. Per 24 secondi, le tue frecce esplodono al contatto, infliggendo 3..18 danno[i] da fuoco all'obiettivo e a tutti i nemici adiacenti.;1;24;17;2;0;10;2;12;0;0;0;0;0;0;0;
432;Senti il Vento;Wind lesen;Preparazione. Per 24 secondi, le tue frecce si muovono a velocità doppia e infliggono 3..10 danno[i] in più.;0;25;17;2;0;5;2;12;0;0;0;0;0;0;0;
433;Frecce Infiammabili;Zündelpfeile;Preparazione. Per 24 secondi, le tue frecce infliggono danni da fuoco e colpiscono per 3..24 danno[i] da fuoco in più.;0;24;17;2;0;5;2;12;0;0;0;0;0;0;0;
434;Gas Soffocante;Würgegas;Preparazione. Per 1..12 secondo[i] le tue frecce infliggono 1..8 danno[i] in più a tutti i nemici adiacenti ed emetteranno del gas soffocante all'impatto che interromperà le magie nemiche.;0;24;17;2;0;15;2;24;0;0;0;0;0;0;0;
435;Applica Veleno;Gift auftragen;Preparazione. Dura 24 secondi. i nemici colpiti dai tuoi attacchi fisici vengono avvelenati per 3..15 secondo[i].;0;24;17;2;0;15;2;12;0;0;0;0;0;0;0;
436;Conforta Animale;Tier erquicken;Abilità. La tua mascotte viene curata di 40..120 Punti Salute. Se è morta, viene resuscitata con un 10..58% di Salute. Se disponi di Conforta Animale, la mascotte potrà viaggiare insieme a te.;0;22;1;2;0;5;1;1;0;0;0;0;0;0;0;
437;Balzo Bestiale;Bestiensprung;Attacco con Mascotte. La tua mascotte si cimenta in un Balzo Bestiale che infligge +5..20 danno[i]. se colpisce un nemico che sta compiendo una magia, lo abbatte.;1;22;11;2;0;5;0;10;0;0;0;0;0;0;0;
438;Attacco Mutilante;Verkrüppelungs-Schlag;Attacco con Mascotte. Il tuo compagno animale prova a mettere a segno un colpo mutilante che infligge +5..20 danni. Se il nemico viene colpito, diventa azzoppato per 3..15 secondo/i.;0;22;11;2;0;10;0;5;0;0;0;0;0;0;0;
439;Affondo Selvaggio;Wilder Ausfall;Attacco con Mascotte. La tua mascotte si cimenta in un Affondo Selvaggio che infligge +5..35 danno[i]. se colpisce un avversario che sta attaccando, gli provoca un'Emorragia di 5..25 secondo[i].;1;22;11;2;0;5;0;10;0;0;0;0;0;0;0;
440;Attacco Predatore;Aasfresser-Schlag;Attacco con Mascotte. La tua mascotte si cimenta in un Attacco Predatore che infligge +10..25 danno[i]. se colpisce un avversario già affetto da una condizione ottieni 3..15 Punto[i] Energia.;0;22;11;2;0;5;0;10;0;0;0;0;0;0;0;
441;Assalto di Melandru;Melandrus Angriff;Attacco con Mascotte. La tua mascotte si cimenta in un Assalto di Melandru che infligge +5..20 di danni a tutti i nemici nei dintorni.;1;22;11;2;0;10;0;5;0;0;0;0;0;0;0;
442;Attacco Ferale;Wilder Schlag;Attacco d'Élite con Mascotte. La tua mascotte si cimenta in un Attacco Ferale che infligge +13..28 danno[i]. se andrà a segno, otterrai Adrenalina e 3..10 Punto[i] Energia.;0;22;11;2;0;5;0;8;0;0;1;0;0;0;0;
443;Balzo Predatore;Raubtier-Sprung;Attacco con Mascotte. La tua mascotte si cimenta in un Balzo Predatore che infligge +5..35 danno[i]. se va a segno, la tua mascotte recupererà 5..50 Punto[i] Salute.;1;22;11;2;0;5;0;5;0;0;0;0;0;0;0;
444;Attacco Brutale;Schonungsloser Schlag;Attacco con Mascotte. La tua mascotte si cimenta in un Attacco Brutale che infligge +5..35 danno[i]. se colpisce un avversario la cui Salute è inferiore al 50%, gli infligge anche +5..35 danno[i].;1;22;11;2;0;10;0;5;0;0;0;0;0;0;0;
445;Scatto Dirompente;Unterbrechender Ausfall;Attacco con Mascotte. La tua mascotte si cimenta in uno Scatto Dirompente che infligge +1..12 danno[i]. se colpisce un avversario che sta usando un'abilità, lo interrompe disabilitandola per 20 secondo[i] in più.;0;22;11;2;0;5;0;10;0;0;0;0;0;0;0;
446;Unguento dei Troll;Trollsalbe;Abilità. Per 13 secondi, ottieni +3..10 di Rigenerazione della Salute.;0;24;1;2;0;5;3;10;0;0;0;0;0;0;0;
447;Urlo di Otyugh;Otyughs Schrei;Urlo. Per 10..25 secondo[i], la tua mascotte ottiene +24 di armatura e non può essere bloccata.;1;22;20;2;0;5;0;30;0;0;0;0;0;0;0;
448;Fuga;Flucht;Posizione d'Élite. Per 1..8 secondo[i], la tua velocità aumenta del 33% e hai una probabilità del 75% di bloccare gli attacchi.;0;23;29;2;0;5;0;12;0;0;1;0;0;0;0;
449;Posizione d'Esercizio;Geübte Haltung;Posizione d'Élite. Per 20..35 secondo[i], le tue Preparazioni si ricaricano con una velocità maggiore del 50% e durano un 30..300% in più.;1;23;29;2;0;5;0;15;0;0;1;0;0;0;0;
450;Vortice Difensivo;Wirbelverteidigung;Posizione. Per 8..20 secondo[i], hai il 75% di probabilità di bloccare gli attacchi. Se blocchi in questo modo un proiettile, i nemici adiacenti ricevono 5..11 danno[i].;0;23;29;2;0;10;0;60;0;0;0;0;0;0;0;
451;Recupero di Melandru;Melandrus Belastbarkeit;Posizione d'Élite. Per 8..20 secondo[i], ottieni +4 di Rigenerazione Salute e +1 di Rigenerazione Energia per ogni condizione e fattura ricevuta.;1;24;29;2;0;5;0;15;0;0;1;0;0;0;0;
452;Difese del Dryder;Dryders Verteidigungen;Posizione. Per 5..11 secondo[i], hai il 75% di probabilità di bloccare gli attacchi e 34..60 di armatura contro i danni elementali.;1;24;29;2;0;5;0;60;0;0;0;0;0;0;0;
453;Riflessi Fulminei;Blitzreflexe;Posizione. Per 5..11 secondo[i], hai il 75% di probabilità di bloccare gli attacchi ravvicinati e gli attacchi proiettili e la tua velocità d'attacco aumenta del 33%.;0;23;29;2;0;10;0;30;0;0;0;0;0;0;0;
454;Furia della Tigre;Wut des Tigers;Posizione. Tutte le tue abilità sono disattivate per 5 secondi (fatta eccezione per le abilità di attacco). Per 5..11 secondo[i], la tua velocità d'attacco aumenta del 25%.;1;22;29;2;0;10;0;10;0;0;0;0;0;0;0;
455;Inseguitore della Tempesta;Sturmjäger;Posizione. Per 8..20 secondo[i] ti muovi con una velocità superiore del 25% e ottieni 1..5 Punto[i] Energia quando subisci danni elementali.;0;24;29;2;0;10;0;20;0;0;0;0;0;0;0;
456;Velocità del Serpente;Schlangen-Schnelligkeit;Posizione. Per 15..30 secondo[i], i tempi di ricarica delle tue abilità si riducono del 33%. termina se la tua Salute scende al di sotto del 50%.;1;24;29;2;0;5;0;45;0;0;0;0;0;0;0;
457;Trappola di Polvere;Staubfalle;Trappola. Quando la Trappola di Polvere viene attivata, ogni secondo, per un totale di 5 secondi, tutti i nemici nei dintorni diventano ciechi per 3..8 secondo[i] e subiscono 10..25 danno[i]. Questa abilità è facile da interrompere. termina dopo 90 secondi.;1;24;30;2;0;25;2;30;0;0;0;0;0;0;0;
458;Trappola Uncinata;Stachelfalle;Trappola. Quando la Trappola Uncinata viene attivata, tutti i nemici nei dintorni subiscono 7..23 danno[i] perforante[i], diventano Storpi e sono colpiti da Emorragia per 3..25 secondo[i]. Termina dopo 90 secondi. Mentre attivi questa abilità è facile interromperti.;0;24;30;2;0;10;2;20;0;0;0;0;0;0;0;
459;Trappola di Fiamme;Flammenfalle;Trappola. Quando la Trappola di Fiamme viene attivata, ogni secondo, per un totale di 3 secondi, tutti i nemici nei dintorni subiscono 5..20 danno[i] da fuoco e prendono fuoco per 1..3 secondo[i]. Termina dopo 90 secondi. Mentre attivi questa abilità è facile interromperti.;0;24;30;2;0;10;2;20;0;0;0;0;0;0;0;
460;Sorgente Curativa;Heilquelle;Trappola. Per 10 secondi, tutti gli alleati adiacenti vengono curati di 15..60 punto[i] ogni 2 secondi. Mentre attivi questa abilità è facile interromperti.;1;24;30;2;0;10;2;20;0;0;0;0;0;0;0;
461;Trappola di Spine;Dornenfalle;Trappola d'Élite. Quando la Trappola di Spine viene attivata, tutti i nemici presenti nei dintorni subiscono 10..40 danno[i] perforante[i] al secondo (per un totale di 2 secondi), diventano storpi per 3..25 secondo[i] e vengono abbattuti. Termina dopo 90 secondo[i]. Mentre attivi questa abilità è facile interromperti.;0;24;30;2;0;10;2;20;0;0;1;0;0;0;0;
462;Inverno;Winter;Rituale della Natura. Crei uno Spirito di livello 1..10. Per le creature nei paraggi, tutti i danni elementali diventano danni da freddo. Lo Spirito si esaurisce dopo 30..240 secondo[i].;1;24;19;2;0;5;2;60;0;0;0;0;0;0;0;
463;Vaglio;Trennung;Rituale della Natura. Crei uno Spirito di livello 1..10. Le creature nella sua portata (Spiriti esclusi) subiscono 4 danni aggiuntivi per ogni danno fisico subito. Lo Spirito si esaurisce dopo 30..240 secondo[i].;0;24;19;2;0;5;2;60;0;0;0;0;0;0;0;
464;Limite dell'Estinzione;Rand der Auslöschung;Rituale della Natura. Crei uno Spirito di livello 1..10. Ogni volta che una creatura (Spiriti esclusi) nella sua portata muore, il Limite dell'Estinzione infligge 14..50 danno[i] a tutte le creature simili nei dintorni la cui Salute è inferiore al 90% e che si trovano nella portata dello Spirito. Lo Spirito si esaurisce dopo 30..240 secondo[i].;1;22;19;2;0;5;2;60;0;0;0;0;0;0;0;
465;Grande Conflagrazione;Großflächenbrand;Rituale della Natura d'Élite. Crei uno Spirito di livello 1..10. Per le creature nella sua portata (Spiriti esclusi), tutti i danni fisici diventano danni da fuoco. Lo Spirito si esaurisce dopo 30..240 secondo[i].;1;24;19;2;0;5;2;15;0;0;1;0;0;0;0;
466;Conflagrazione;Feuersbrunst;Rituale della Natura. Crei uno Spirito di livello 1..10. Per le creature nella sua portata (Spiriti esclusi) tutte le frecce che vanno a segno infliggono danni da fuoco. Lo Spirito si esaurisce dopo 30..240 secondo[i].;2;24;19;2;0;5;2;60;0;0;0;0;0;0;0;
467;Stagione Fertile;Fruchtbare Jahreszeit;Rituale della Natura. Crei uno Spirito di livello 1..10. Le creature nella sua portata (Spiriti esclusi) ottengono +50..150 di Salute massima e +8 di armatura. Lo Spirito si esaurisce dopo 15..90 secondo[i].;1;22;19;2;0;15;2;60;0;0;0;0;0;0;0;
468;Simbiosi;Symbiose;Rituale della Natura. Crei uno Spirito di livello 1..10. Per ogni incantesimo presente su una creatura nella sua portata (Spiriti esclusi), quella creatura riceve +27..150 di Salute massima. Lo Spirito si esaurisce dopo 30..240 secondo[i].;1;22;19;2;0;5;2;60;0;0;0;0;0;0;0;
469;Echi Primordiali;Urechos;Rituale della Natura. Crei uno Spirito di livello 1..10. Per le creature nella sua portata (Spiriti esclusi), i Sigilli costano 10 Punti Energia. Lo Spirito si esaurisce dopo 30..240 secondo[i].;0;22;19;2;0;5;2;60;0;0;0;0;0;0;0;
470;Stagione della Caccia;Jagdsaison;Rituale della Natura. Crei uno Spirito di livello 1..10. Per le creature nella sua portata (Spiriti esclusi), tutte le cure vengono ridotte del 20%. Se uno dei tuoi attacchi va a segno, ottieni 5 Punto[i] Salute. Lo Spirito si esaurisce dopo 30..240 secondo[i].;1;22;19;2;0;5;2;60;0;0;0;0;0;0;0;
471;Terreno Gelato;Eisboden;Rituale della Natura. Crei uno Spirito di livello 1..10. Le creature nella sua portata (Spiriti esclusi) non possono attivare le abilità di resurrezione. Lo Spirito si esaurisce dopo 30..180 secondo[i].;1;24;19;2;0;10;2;30;0;0;0;0;0;0;0;
472;Venti Favorevoli;Günstige Winde;Rituale della Natura. Crei uno Spirito di livello 1..10. Per le creature nella sua portata (Spiriti esclusi), le frecce lanciate si muovono a velocità doppia e infliggono +6 danni. Lo Spirito si esaurisce dopo 30..240 secondo[i].;0;25;19;2;0;5;2;60;0;0;0;0;0;0;0;
474;Vento di Energia;Treibwind;Rituale della Natura. Crei uno Spirito di livello 1..6. Per le creature nella sua portata (Spiriti esclusi), tutte le abilità costano 15 Punti Energia in meno (costo minimo 10 Punti Energia) e le abilità si ricaricano con una velocità inferiore del 25%. Lo Spirito si esaurisce dopo 1..60 secondo[i].;0;22;19;2;0;15;2;60;0;0;0;0;0;0;0;
475;Zefiro Veloce;Beschleunigender Zephyr;Rituale della Natura. Crei uno Spirito di livello 1..10. Per le creature nella sua portata (Spiriti esclusi), tutte le abilità si ricaricano ad una velocità doppia e utilizzarle costa il 30% in più dell'Energia di base. Lo Spirito si esaurisce dopo 15..90 secondo[i].;0;24;19;2;0;25;2;60;0;0;0;0;0;0;0;
476;Rinnovamento della Natura;Erneuerung der Natur;Rituale della Natura. Crei uno Spirito di livello 1..10. Per 30..240 secondo[i], gli incantesimi e le fatture delle creature (Spiriti esclusi) impiegano il doppio del tempo per essere lanciate e il dispendio di Energia per mantenere gli incantesimi viene raddoppiato. Lo Spirito si esaurisce dopo 30..240 secondo[i].;0;24;19;2;0;5;2;60;0;0;0;0;0;0;0;
477;Terreno Fangoso;Schlammiges Terrain;Rituale della Natura. Crei uno Spirito di livello 1..10. La velocità di tutte le creature nella sua portata (Spiriti esclusi), diminuisce del 10% e gli incrementi di velocità non hanno effetto. Lo Spirito si esaurisce dopo 30..180 secondo[i].;1;24;19;2;0;5;2;30;0;0;0;0;0;0;0;
570;Marchio di insicurezza;Zeichen der Unsicherheit;Fattura d'Élite. Per 5..25 secondo/i, il bersaglio nemico subisce -1..5 Degenerazione della Salute, e gli incantesimi e le posizioni su di esso terminano il 20..60% più rapidamente. Non puoi usare tutte le tue abilità per 5 secondi (escluse quelle da Assassino).;3;30;24;7;0;5;1;10;0;0;1;0;0;0;0;
571;Pugnale Dirompente;Unterbrechender Dolch;Magia. Scagli contro l'obiettivo nemico un Pugnale Dirompente che infligge 10..35 danno[i] da terra. Se l'obiettivo nemico stava attivando un'abilità, viene interrotto. La portata di questa magia è la metà del normale.;3;30;22;7;0;5;.25;10;0;0;0;0;0;0;0;
572;Paradosso Letale;Tödliches Paradoxon;Posizione. Tutte le tue abilità d'attacco vengono disattivate per 10 secondo[i]. Per 5..15 secondo[i], le tue abilità da Assassino si attivano e ricaricano ad una velocità maggiore del 33%.;3;30;29;7;0;15;0;10;0;0;0;0;0;0;0;
763;Sguardo Invidioso;Neidvoller Blick;Incantesimo. Rimuovi un incantesimo dall'obiettivo nemico. Se un incantesimo viene rimosso, per 1..20 secondo[i], il prossimo incantesimo che lancerai sarà 0..1 volta[e] più veloce e costerà 1..10 Punto[i] Energia in meno.;2;4;23;4;0;5;1;15;0;0;0;0;0;0;0;
764;Lamento del Fato;Schicksalsklage;Fattura d'Élite. Per 2..6 secondo[i], tutti gli attributi dell'obiettivo nemico scendono al grado 0.;2;6;24;4;0;1;.25;15;0;10;1;0;0;0;0;
766;Sguardo di Disprezzo;Verächtlicher Blick;Magia. Se la Salute dell'obiettivo nemico è superiore al 50%, questi perde tutti gli incantesimi.;2;-1;22;4;0;10;2;10;0;0;0;0;0;0;0;
769;Difesa della Vipera;Verteidigung der Viper;Magia. Tutti i nemici adiacenti vengono avvelenati per 5..20 secondi. Compi un Passo nell'Ombra verso un punto a caso nei dintorni allontanandoti dall'obiettivo.;2;31;22;7;0;5;.25;10;0;0;0;0;0;0;0;
770;Ritorno;Rückkehr;Magia. Tutti i nemici adiacenti diventano storpi per 3..8 secondo[i] e tu compi un Passo nell'Ombra nella posizione dell'obiettivo alleato.;2;31;22;7;0;5;.25;15;0;0;0;0;0;0;0;
771;Aura dello Spostamento;Aura der Verschiebung;Incantesimo d'Élite. Utilizzando questa abilità compirai un Passo nell'Ombra per raggiungere l'obiettivo nemico. quando smetterai di mantenere l'Aura dello Spostamento, tornerai nella tua posizione iniziale.;2;-1;23;7;-1;5;.25;20;0;0;1;0;0;0;0;
772;Tsungrai era Generoso;Großzügig war Tsungrai;Magia Altera-oggetto. Mantieni le ceneri di Tsungrai per un massimo di 15..60 secondo[i] ed ottieni +50..140 di Salute massima. quando le lasci cadere ottieni 100..280 Punto[i] Salute.;2;33;25;8;0;5;1;15;0;10;0;0;0;0;0;
773;Vorizun era Potente;Mächtig war Vorizun;Magia Altera-oggetto. Mantieni le ceneri di Vorizun per un massimo di 15..60 secondo[i]. mentre le mantieni ottieni +15 di armatura e +30 di Energia massima.;2;32;25;8;0;5;2;30;0;0;0;0;0;0;0;
775;Fiore della Morte;Todesblüte;Attacco Doppio[_]. Deve seguire un attacco con arma secondaria. Se va a segno infligge +20..45 danno[i] all'obiettivo nemico e tutti i nemici adiacenti ricevono 20..45 danno[i].;2;29;7;7;0;5;0;2;0;0;0;0;0;0;0;
776;Zanne Ritorte;Schlangenzähne;Attacco Doppio[_]. Deve seguire un attacco con arma secondaria. Se va a segno infligge +10..20 danno[i] e l'obiettivo nemico colpito per 5..20 secondo[i] inizierà a sanguinare e riceverà una Ferita Profonda.;2;35;7;7;0;10;0;15;0;0;0;0;0;0;0;
777;Corna del Bue;Hörner des Ochsen;Attacco Doppio[_]. Deve seguire un attacco con arma secondaria. Se va a segno infligge +1..11 danno[i]. se il nemico colpito non è adiacente ad alcun alleato, viene abbattuto.;2;29;7;7;0;5;0;12;0;0;0;0;0;0;0;
778;Ragno in Caduta;Fallende Spinne;Attacco con Arma Secondaria. Deve colpire un nemico a terra. Se va a segno infligge +15..35 danno[i] e l'obiettivo nemico viene avvelenato per 5..20 secondo[i].;2;29;6;7;0;5;0;8;0;0;0;0;0;0;0;
779;Colpo del Loto Nero;Schwarzer Lotus-Stoß;Attacco con Arma Primaria. Se il Colpo del Loto Nero va a segno, infliggi +10..31 danno[i]. se l'obiettivo nemico è affetto da una fattura, ottieni 5..13 Punto[i] Energia.;2;35;5;7;0;5;0;6;0;0;0;0;0;0;0;
780;Denti di Volpe;Reißzähne des Fuchses;Attacco con Arma Secondaria. Deve seguire un attacco con arma primaria. I Denti di Volpe non possono essere bloccati e, se vanno a segno, infliggono +10..35 danno[i].;2;29;6;7;0;5;.5;3;0;0;0;0;0;0;0;
781;Colpo di Moebius;Möbiusstoß;Attacco d'Élite con Arma Secondaria. Deve seguire un attacco doppio. Se va a segno infligge +10..35 danno[i]. se colpisci un nemico la cui Salute è inferiore al 50%, tutte le altre abilità d'attacco che hai equipaggiato vengono ricaricate.;2;29;6;7;0;5;0;2;0;0;1;0;0;0;0;
782;Colpo Seghettato;Gezackter Stoß;Attacco con Arma Primaria. Se va a segno, l'obiettivo sanguina per 5..20 secondo[i].;2;29;5;7;0;5;.5;2;0;0;0;0;0;0;0;
783;Colpo Fiducioso;Unvermuteter Stoß;Attacco con Arma Primaria. Se questo attacco va a segno, infliggi +19..31 danno[i]. se la Salute dell'obiettivo è superiore al 90%, infliggi 15..75 danno[i] in più.;2;35;5;7;0;10;0;2;0;0;0;0;0;0;0;
784;Aspide Attanagliante;Schlingnatter;Magia. Deve seguire un attacco con arma primaria. Abbatte l'obiettivo nemico e lo avvelena per 5..20 secondo[i].;2;30;22;7;0;10;1;20;0;0;0;0;0;0;0;
785;Segno della Morte;Zeichen des Todes;Fattura. Per 4..10 secondo[i], l'obiettivo nemico riceve un 50% in meno di cure.;2;30;24;7;0;10;.25;20;0;0;0;0;0;0;0;
786;Palmo di Ferro;Eiserne Handfläche;Abilità. L'obiettivo nemico toccato subisce 5..50 danno[i] e se è affetto da una fattura o da una condizione viene abbattuto. Il Palmo di Ferro viene considerato un attacco con arma primaria.;2;30;1;7;0;5;.75;20;0;0;0;0;0;0;0;
787;Arma Resiliente;Unverwüstliche Waffe;Magia Altera-arma. Per 3..12 secondo[i], l'obiettivo (un alleato o te stesso) riceve un'Arma Resiliente. Se è affetto da fattura o condizione, ottiene una Rigenerazione della Salute di +1..6 e +24 di armatura.;2;33;27;8;0;10;1;6;0;0;0;0;0;0;0;
788;Mingson era Cieco;Blind war Mingson;Magia Altera-oggetto. Mantieni le ceneri di Mingson per un massimo di 15..60 secondo[i]. quando le lasci cadere, tutti i nemici nei dintorni vengono accecati per 3..8 secondo[i].;2;33;25;8;0;5;1;20;0;0;0;0;0;0;0;
789;Kuurong era Avido;Erfassend war Kuurong;Magia d'Élite Altera-oggetto. Stringi le ceneri di Kuurong fino a 15..60 secondo/i. Quando le lasci cadere, tutti i nemici nell'area subiscono 15..75 danni e vengono atterrati.;2;34;25;8;0;15;1.5;25;0;0;1;0;0;0;0;
790;Khanhei era Vendicativo;Nachtragend war Khanhei;Magia d'Élite Altera-oggetto. Mantieni le ceneri di Khanhei per 5..11 secondo[i]. ogni volta che un nemico ti colpisce mentre hai le ceneri di Khanhei, gli sottrai 10..45 Punto[i] Salute.;2;33;25;8;0;5;.75;15;0;0;1;0;0;0;0;
791;Carne della Mia Carne;Fleisch von meinem Fleisch;Magia. Perdi la metà della Salute. Fai resuscitare il membro della squadra selezionato con la tua Salute attuale e un 5..20% di Energia.;2;33;22;8;0;5;4;0;0;0;0;0;0;0;0;
792;Arma a Frammentazione;Splitterwaffe;Magia Altera-arma. Per 20 secondi, l'obiettivo alleato ha un'Arma a Frammentazione e in 1..5 degli attacchi successivi infliggerà 5..50 danni a un massimo di 4 nemici adiacenti.;2;34;27;8;0;5;1;5;0;0;0;0;0;0;0;
793;Arma della Protezione;Waffe der Abwehr;Magia Altera-arma. Per 3..8 secondi, l'obiettivo alleato ottiene un'Arma della Protezione che gli dà una Rigenerazione della Salute di +2..4 e un 50% di probabilità di blocco.;2;33;27;8;0;10;1;5;0;0;0;0;0;0;0;
794;Arma del Lamento;Klagende Waffe;Magia Altera-arma. Per 3..14 secondo[i], l'obiettivo (un alleato o te stesso) ha un'Arma del Lamento. ogni volta che questa colpisce un nemico all'attacco, lo interrompe.;2;34;27;8;0;5;1;15;0;0;0;0;0;0;0;
795;Arma Incubo;Alptraumwaffe;Magia Altera-arma. Per 12 secondo[i], l'obiettivo (un alleato o te stesso) avrà un'Arma Incubo. il danno inflitto da lui con [il] 3 attacco[hi] successivo[i] viene ridotto di 10..50 e sottrae fino a 10..50 Punto[i] Salute.;2;34;27;8;0;5;1;10;0;0;0;0;0;0;0;
799;Foschia Accattivante;Verführerischer Dunst;Magia d'Élite. Compi un Passo nell'Ombra verso l'obiettivo nemico che viene interrotto e rimane stordito per 3..9 secondo[i].;2;31;22;7;0;10;.25;20;0;0;1;0;0;0;0;
800;Tossina Permanente;Dauerhaftes Toxin;Fattura. Per 5 secondi, l'obiettivo nemico subisce una Degenerazione della Salute di -1..5. Se si muove nel momento in cui la Tossina Permanente dovrebbe terminare, il suo effetto continua per altri 5 secondi.;2;30;24;7;0;5;.25;10;0;0;0;0;0;0;0;
801;Coltre del Silenzio;Schleier des Schweigens;Fattura d'Élite. Per 15 secondi tutte le tue magie vengono disattivate. per 1..6 secondo[i] l'obiettivo nemico toccato non può lanciare alcuna magia.;2;30;24;7;0;10;.75;30;0;0;1;0;0;0;0;
802;Esponi Difese;Verteidigungen aufdecken;Fattura. Per 1..11 secondo[i] l'obiettivo nemico non può bloccare i tuoi attacchi.;2;30;24;7;0;5;1;25;0;0;0;0;0;0;0;
803;Sanguisuga del Potere;Kraftfresser;Fattura d'Élite. Se l'obiettivo nemico ha attivato una magia o un canto, l'abilità viene interrotta e per 10 secondi sottrai al nemico fino a 5..15 Punti Energia ogni volta che lancia una magia.;2;3;24;5;0;5;.25;20;0;0;1;0;0;0;0;
804;Languore Arcano;Arkane Schwäche;Fattura d'Élite. Per 1..10 secondi, tutte le magie lanciate dall'obiettivo nemico provocano 10 di Sforzo.;2;0;24;5;0;10;2;15;0;0;1;0;0;0;0;
805;Anima Orrore Vampirico;Vampirschreck beleben;Magia. Sfrutta il cadavere più vicino per animare un Orrore Vampirico di livello 1..17. Ogni volta che un Orrore Vampirico sotto il tuo controllo infligge dei danni, ottieni una quantità equivalente di Salute.;2;5;22;4;0;10;1;15;0;0;0;0;0;0;0;
806;Fervore dell'Adepto;Eifer des Sektierers;Incantesimo d'Élite. Per 5 secondi (più altri 3 secondi per ogni grado di Sottrazione dell'Anima) le tue magie da Negromante costano 1..6 Punti Energia in meno ma soffri di Emorragia per 10 secondi ogni volta che ne lanci una.;2;4;23;4;0;5;1;15;0;0;1;0;0;0;0;
808;Segno del Mietitore;Zeichen des Schnitters;Fattura d'Élite. Per 30 secondo[i], l'obiettivo nemico subisce una Degenerazione della Salute di -1..5. Se muore mentre è affetto dalla fattura Segno del Falciatore, ottieni 5..15 Punto[i] Energia.;3;6;24;4;0;5;1;10;0;0;1;0;0;0;0;
809;Frammento di Pietra;Trümmerstein;Fattura d'Élite. Il nemico colpito subisce 25..100 danni da freddo, si muove più lento del 66%. inoltre, subisce la fattura Spaccapietra per 3 secondi. Quando l'abilità termina, quel nemico e tutti quelli nelle vicinanze subiscono 25..100 danni da freddo.;2;11;24;6;0;10;2;8;0;0;1;0;0;0;0;
810;Difesa del Protettore;Verteidigung des Beschützers;Abilità. Per 5..11 secondo[i], gli alleati adiacenti a te hanno una probabilità del 75% di bloccare gli attacchi. La Difesa del Protettore termina se ti sposti.;2;21;1;1;0;5;0;30;0;0;0;0;0;0;0;
811;Corsa Congiunta;Gemeinsam rennen;Posizione. Per 5..15 secondo[i], la velocità tua e della tua mascotte aumenta del 25%.;2;22;29;2;0;5;0;15;0;0;0;0;0;0;0;
812;Xinrae era Insolente;Trotzig war Xinrae;Magia d'Élite Altera-oggetto. Mantieni le ceneri di Xinrae per un massimo di 15..60 secondo[i]. in quel periodo di tempo non puoi perdere più di un 20% della tua Salute massima per ogni colpo ricevuto. Quando lasci cadere le ceneri sottrai 5..50 Punto[i] Salute a tutti i nemici nei dintorni.;2;33;25;8;0;5;1;20;0;0;1;0;0;0;0;
813;Aura di Lyssa;Lyssas Aura;Incantesimo d'Élite. Per 10 secondo[i], hai una Rigenerazione Energia di +0..5. Questo incantesimo si riapplica ogni volta che lanci una magia contro un nemico.;2;3;23;5;0;5;1;30;0;0;1;0;0;0;0;
814;Cortina d'Ombra;Schattenzuflucht;Incantesimo. Per 6 secondo[i] ottieni una Rigenerazione della Salute di 5..10. Quando la Cortina d'Ombra termina, vieni curato di 40..100 punto[i] se stai attaccando.;2;31;23;7;0;5;1;8;0;0;0;0;0;0;0;
815;Cavo dello scorpione;Skorpiondraht;Fattura. Per 8..20 secondo/i, la prossima volta che tu e il bersaglio nemico siete a più di 75' di distanza, usi Passo nell'ombra su di esso per atterrarlo. Questa magia ha metà della gittata normale.;2;30;24;7;0;5;1;10;0;0;0;0;0;0;0;
816;Posizione a Specchio;Gespiegelte Haltung;Fattura. Dura 10..35 secondo[i]. ogni volta che l'obiettivo nemico assume una posizione, la assumi anche tu.;2;31;24;7;0;5;.25;15;0;0;0;0;0;0;0;
817;Discordia;Zwietracht;Magia d'Élite. Se l'obiettivo nemico soffre di una condizione ed è sotto gli effetti di una fattura o di un incantesimo, quell'obiettivo subisce 30..110 danno[i].;2;5;22;4;0;5;1;2;0;0;1;0;0;0;0;
818;Pozzo della Stanchezza;Brunnen der Müdigkeit;Pozzo. Sfrutta il cadavere bersagliato o sacrifica il 66% della tua salute per creare un Pozzo della Stanchezza per 10..55 secondo/i. I nemici all'interno dell'area del Pozzo della Stanchezza soffrono -1 degenerazione dell'energia.;2;7;28;4;0;5;1;5;0;0;0;0;0;0;0;
819;Spirito Vampirico;Vampirgeist;Incantesimo d'Élite. Sottrai fino a 15..60 Punto[i] Salute all'obiettivo nemico. Per 10 secondo[i], hai una Rigenerazione Salute di +5..10.;2;4;23;4;0;5;1;8;0;0;1;0;0;0;0;
820;Depravazione;Verderbtheit;Fattura d'Élite. Per 5..20 secondo[i], ogni volta che un obiettivo nemico lancia una magia, lui e un altro nemico nei dintorni perdono 1..5 Punto[i] Energia.;3;7;24;4;0;10;1;15;0;0;1;0;0;0;0;
821;Vene di Ghiaccio;Eisadern;Fattura d'Élite. L'obiettivo nemico subisce 10..90 danno[i] da freddo. Per 10..35 secondo[i], se l'obiettivo nemico muore, tutti i nemici nei dintorni vengono colpiti da 20..110 danno[i] da freddo.;2;6;24;4;0;10;1;5;0;0;1;0;0;0;0;
822;Ginocchia Molli;Weiche Knie;Fattura d'Élite. Per 1..16 secondo[i], l'obiettivo nemico ha una Degenerazione della Salute di -1..4 e subisce 5..20 danni mentre si muove.;2;7;24;4;0;5;1;5;0;0;1;0;0;0;0;
823;Velocità Bruciante;Brennende Eile;Incantesimo. Per 7 secondi, prendi fuoco e la tua velocità aumenta di un 30..45%. Al termine, tutti i nemici adiacenti prendono fuoco per 3..9 secondi.;2;10;23;6;0;10;.25;0;0;0;0;0;0;0;0;
824;Frecce di Lava;Lavapfeile;Magia. Le Frecce di Lava vengono lanciate su un massimo di 3 nemici vicini al tuo obiettivo infliggendo 20..65 danni da fuoco se vanno a segno.;2;10;22;6;0;5;1;2;0;0;0;0;0;0;0;
825;Letto di Brace;Kohlenbett;Magia. Crea un Letto di Brace in corrispondenza dell'obiettivo nemico. Per 5 secondi, i nemici adiacenti all'obiettivo nemico subiscono 5..29 danni da fuoco al secondo. I nemici che sono stati abbattuti sul Letto di Brace prendono fuoco per 3..7 secondi.;2;10;22;6;0;10;1;15;0;0;0;0;0;0;0;
826;Forma d'Ombra;Schattenform;Incantesimo d'Élite. Dura 5..21 secondo[i]. non puoi essere colpito da magie nemiche e ottieni una riduzione del danno di 5 per ogni incantesimo Assassino su di te. Non puoi infliggere più di 5..25 danno[i] con un singolo attacco o una singola abilità.;2;31;23;7;0;5;1;30;0;0;1;0;0;0;0;
827;Sifone della Forza;Kraft abzapfen;Fattura d'Élite. Per 5..20 secondo[i], l'obiettivo nemico infligge -5..50 danno[i] quando attacca e tutti i tuoi attacchi contro di lui hanno un 50% in più di probabilità di essere colpi critici.;2;30;24;7;0;10;1;10;0;0;1;0;0;0;0;
828;Miasma Vile;Fauler Gestank;Fattura. L'obiettivo nemico subisce 10..65 danno[i] da freddo. se è affetto da una condizione, viene colpito dalla fattura del Miasma Vile e subisce una Degenerazione della Salute di -1..5 per 10 secondo[i].;2;5;24;4;0;10;1;15;0;0;0;0;0;0;0;
830;Raggio del Giudizio;Strahl des Urteils;Magia d'Élite. Invochi un Raggio del Giudizio nella posizione dell'obiettivo nemico. Per 5 secondo[i], i nemici adiacenti a quella posizione vengono colpiti da 10..50 danno[i] sacro[i] e subiscono Bruciatura di 1..3 secondo[i] per ogni secondo.;2;14;22;3;0;10;1;15;0;0;1;0;0;0;0;
831;Ira Primordiale;Urzorn;Posizione d'Élite. Per 1..9 secondo/i attacchi più veloci del 33%, movimento del 33, ma subisci il 150..125% dei danni.;2;17;29;1;0;5;0;4;0;0;1;0;0;0;0;
832;Anima Golem di Carne;Fleischgolem beleben;Magia d'Élite. Sfrutta il cadavere più vicino per animare un Golem di carne di livello 3..25. Il Golem lascia 1..4 cadavere/i che puoi sfruttare. Puoi avere un Golem di carne alla volta.;2;5;22;4;0;10;1;30;0;0;1;0;0;0;0;
834;Fretta Avventata;Rücksichtslose Hast;Fattura. Dura 6..12 secondo[i]. l'obiettivo nemico e tutti i nemici adiacenti sono colpiti dalla Fretta Avventata. Mentre sono affetti da questa fattura, la loro velocità d'attacco aumenta del 25%, ma hanno un 50% di probabilità di mancare l'obiettivo se usano gli attacchi.;2;7;24;4;0;15;1;12;0;0;0;0;0;0;0;
835;Legame di Sangue;Blutsbande;Fattura. Per 3..12 secondo[i], l'obiettivo nemico e tutti i nemici adiacenti saranno colpiti dalla fattura Legame di Sangue. Ogni volta che un alleato colpisce l'obiettivo nemico con un attacco, l'alleato ottiene 5..20 Punto[i] Salute. Se un nemico muore mentre è attiva la fattura Legame di Sangue, tutti gli alleati adiacenti a quel nemico vengono curati di 20..100 Punto[i] Salute.;2;4;24;4;0;5;1;8;0;0;0;0;0;0;0;
836;Cavalca il Fulmine;Den Blitz reiten;Magia d'Élite. Cavalchi il fulmine contro l'obiettivo. Tutti i nemici adiacenti vengono accecati per 1..5 secondi. Se l'obiettivo è un nemico, subisce 10..70 danni da fulmine. Questa magia ha una penetrazione dell'armatura del 25%.;2;8;22;6;0;5;1;5;0;0;1;0;5;0;0;
837;Soccorso d'Energia;Energiesegen;Incantesimo d'Élite. Per 36..60 secondi, il Soccorso d'Energia aumenta la Salute massima tua e dell'obiettivo alleato di 1..3 per ogni punto dell'Energia massima di ognuno. La prima volta che questo incantesimo viene applicato, tu e l'obiettivo ottenete 1..12 Punti Energia. Ottieni 1 Punto Energia aggiuntivo per ogni 2 punti che possiedi nella Riserva d'Energia.;2;12;23;6;0;10;1;12;0;0;1;0;0;0;0;
838;Sofferenza di Dwayna;Dwaynas Leid;Incantesimo. Per 30 secondo[i], l'obiettivo (un alleato o te stesso) e tutti gli alleati nei dintorni sono sotto gli effetti dell'incantesimo Sofferenza di Dwayna. Se un alleato muore mentre è sotto gli effetti di questo incantesimo, la tua squadra viene curata di 5..50 punto[i].;2;13;23;3;0;5;1;5;0;0;0;0;0;0;0;
839;"Ritirata!";"Rückzug!";Urlo. Se sono presenti alleati morti a portata d'orecchio, la velocità della squadra aumenta di un 33% per 5..11 secondo[i].;2;21;20;1;0;5;0;20;0;0;0;0;0;0;0;
840;Cuore Avvelenato;Vergiftetes Herz;Magia. Tu e tutti i nemici adiacenti venite avvelenati per 5..15 secondi.;3;7;22;4;0;5;.25;12;0;0;0;0;0;0;0;
841;Terreno Fetido;Stinkender Boden;Magia. L'obiettivo nemico subisce 15..65 danno[i] da freddo. se è stato abbattuto, viene avvelenato per 5..20 secondo[i].;2;5;22;4;0;5;.75;10;0;0;0;0;0;0;0;
842;Fulmine ad Arco;Blitzbogen;Magia. L'obiettivo nemico subisce 5..40 danni da fulmine. Se sei sotto Sforzo, due nemici vicino al tuo obiettivo vengono colpiti da 15..85 danni da fulmine. I danni del Fulmine ad Arco hanno il 25% di penetrazione dell'armatura.;2;8;22;6;0;5;1.5;8;0;0;0;0;0;0;0;
843;Folata;Böe;Incantesimo d'Élite. Per 5..11 secondo/i, tu e il bersaglio alleato vi muovete il 33% più velocemente. Quando lanci questa magia, tutti i nemici adiacenti a te e al tuo bersaglio subiscono 15..70 danni da freddo. I nemici colpiti da Gust mentre attaccano o si muovono vengono atterrati.;2;8;23;6;0;10;.75;15;0;0;1;0;0;0;0;
844;Terra in Fermento;Aufgeworfene Erde;Magia. Crei una Terra in Fermento nella posizione dell'obiettivo nemico. Per i prossimi 5 secondi, la Terra in Fermento infliggerà 10..40 danni da terra al secondo ai nemici vicino a quella posizione. I nemici colpiti dalla Terra in Fermento che si stanno muovendo con una velocità superiore al normale vengono abbattuti.;2;9;22;6;0;15;2;30;0;0;0;0;0;0;0;
845;Fiamma Liquida;Flüssige Flamme;Magia. L'obiettivo nemico subisce 7..112 danni da fuoco. Se il nemico sta attaccando o lanciando una magia, anche i nemici nei dintorni subiscono 7..112 danni da fuoco.;3;10;22;6;0;10;1;15;0;0;0;0;0;0;0;
846;Vapore;Dampf;Magia. Il nemico colpito subisce 20..60 danni da freddo. Se il bersaglio va a fuoco, viene accecato dal fumo per 5..10 secondo/i e subisce 20..60 danni da fuoco extra.;3;11;22;6;0;5;1;8;0;0;0;0;0;0;0;
847;Sigillo del Soccorso;Siegel des Segens;Sigillo d'Élite. Curi l'obiettivo (un alleato o te stesso) di 20..80 Punto[i] Salute. La tua prossima magia appartenente all'attributo delle Preghiere Curative o delle Preghiere Protettive e diretta verso un alleato dona 20..100 Punto[i] Salute in più.;2;16;21;3;0;0;1;6;0;0;1;0;0;0;0;
848;Inverti Fattura;Verhexung umkehren;Incantesimo. Rimuovi una fattura dall'obiettivo (un alleato o te stesso). Se rimuovi una fattura tramite questa magia, per 5..10 secondo[i], la prossima volta che l'obiettivo alleato subirebbe un danno, questo è ridotto di 5..50.;2;15;23;3;0;10;.25;10;0;0;0;0;0;0;0;
849;Fendente Lacerante;Zerfetzender Hieb;Attacco con Ascia. Se va a segno, infliggi +5..20 danno[i]. se colpisce un nemico abbattuto, gli infligge Emorragia per 5..20 secondo[i].;2;18;4;1;0;0;0;0;4.8;0;0;0;0;0;0;
850;Colpo Feroce;Erbitterter Schlag;Attacco con Martello. Se Colpo Feroce va a segno, infliggi +5..20 danno[i]. Se l'obiettivo nemico è affetto da Debolezza, sarà affetto anche da Ferita Profonda per 1..8 secondo[i].;2;19;8;1;0;0;0;0;5.6;0;0;0;0;0;0;
851;Fendente Sole e Luna;Sonne-Mond-Hieb;Attacco con Spada. Attacchi due volte l'obiettivo nemico. Questi attacchi non possono essere bloccati.;2;20;10;1;0;0;0;0;8;0;0;0;0;0;0;
852;Tiro Scheggia;Splitterschuss;Attacco con Arco. Se Splinter Shot ti colpisce, infliggi +3..15 danni. Se Splinter Shot viene bloccata, tutti i nemici nell'area del tuo bersaglio subiscono 5..65 danni.;2;25;2;2;0;10;0;5;0;0;0;0;0;0;0;
853;Tiro di Melandru;Melandrus Schuss;Attacco con Arco d'Élite. Se il Tiro di Melandru va a segno, l'obiettivo inizia a sanguinare per 5..25 secondi. Se colpisce un nemico in movimento o abbattuto, tale nemico subisce 10..25 danni e soffre di Storpiatura per 5..15 secondi.;2;25;2;2;0;5;1;8;0;0;1;0;0;0;0;
854;Tagliola;Schlinge;Trappola. Quando la Tagliola viene fatta scattare, tutti i nemici nei dintorni diventano storpi per 3..15 secondo[i]. termina dopo 90 secondi. Mentre attivi questa abilità è facile interromperti.;2;24;30;2;0;5;1.5;15;0;0;0;0;0;0;0;
858;Pugnali Danzanti;Tanzende Dolche;Magia. Scagli tre Pugnali Danzanti contro l'obiettivo nemico. ogni pugnale infliggerà 5..35 danno[i] da terra se va a segno. la loro portata è la metà del normale. Questa abilità viene considerata un attacco con arma primaria.;2;30;22;7;0;5;1;5;0;0;0;0;0;0;0;
859;Evoca Incubo;Alptraum beschwören;Fattura. Per 2..16 secondi l'obiettivo nemico subirà una Degenerazione Salute di -8.;2;1;24;5;0;15;1;5;0;0;0;0;0;0;0;
860;Sigillo del Disturbo;Siegel der Unterbrechung;Sigillo. Se l'obiettivo nemico sta lanciando una magia, la magia viene interrotta e il nemico subisce 10..51 danni. Se l'obiettivo nemico è colpito da fattura, il Sigillo del Disturbo interrompe tutte le abilità diverse dalle magie.;2;2;21;5;0;0;.25;15;0;0;0;0;0;0;0;
862;Sguardo Famelico;Heißhungriger Blick;Magia d'Élite. Infligge 20..40 danni e sottrae 20..40 Punto[i] Salute dall'obiettivo nemico e da tutti i nemici nei dintorni.;3;4;22;4;0;1;1;10;0;8;1;0;0;0;0;
863;Ordine dell'Apostasia;Orden der Abtrünnigkeit;Incantesimo d'Élite. Per 5 secondi, ogni volta che un membro della tua squadra infligge un danno fisico al nemico gli fa perdere un incantesimo. per ogni incantesimo del Mistico rimosso, perdi un 10..3% della Salute massima.;2;7;23;4;0;25;2;0;0;0;1;0;0;0;0;
864;Sguardo Oppressivo;Repressiver Blick;Magia. L'obiettivo nemico e i nemici adiacenti subiscono 10..30 danno[i] da ombra. I nemici affetti da una condizione subiscono Avvelenamento e Debolezza per 3..12 secondo[i].;2;4;22;4;0;10;1;10;0;0;0;0;0;0;0;
865;Martello Fulminante;Blitzhammer;Magia. L'obiettivo nemico subisce 10..100 danni da fulmine e soffre di Armatura Incrinata per 5..20 secondi. Il Martello Fulminante ha il 25% di penetrazione dell'armatura.;2;8;22;6;0;25;2;4;0;0;0;0;0;0;0;
866;Lama del Vapore;Dunstklinge;Magia. L'obiettivo nemico subisce 15..135 danni da freddo. Se il nemico è sotto l'effetto di incantesimi, la Lama del Vapore gli infligge la metà dei danni.;2;11;22;6;0;5;1.5;7;0;0;0;0;5;0;0;
867;Luce di Guarigione;Heilendes Licht;Magia d'Élite. Curi l'obiettivo (un alleato o te stesso) di 40..120 Punto[i] Salute. se l'obiettivo è affetto da un incantesimo ottieni 1..3 Punto[i] Energia.;2;13;22;3;0;5;.75;4;0;0;1;0;0;0;0;
869;"Vigliacco!";"Feigling!";Urlo d'Élite. Se l'obiettivo nemico si sta muovendo viene abbattuto.;2;-1;20;1;0;0;0;2;4;0;1;0;0;0;0;
870;Pestilenza;Pestilenz;Rituale della Natura. Crei uno Spirito di livello 1..10. Quando una creatura (Spiriti esclusi) nella sua portata muore, le condizioni che aveva addosso si diffondono su tutte le creature nell'area che sono già affette da una condizione. Questo Spirito si esaurisce dopo 30..180 secondo[i].;3;24;19;2;0;5;2;60;0;0;0;0;0;0;0;
871;Canto Ombroso;Schattengesang;Rituale Incatenante. Crei uno spirito di livello 1..10. I suoi attacchi infliggono 5..20 danni e provocano Accecamento per 1..6 secondi. Lo spirito muore dopo 30 secondi.;2;32;18;8;0;15;1;30;0;0;0;0;0;0;0;
876;Sigillo delle Ombre;Siegel der Schatten;Sigillo. L'obiettivo nemico subisce 5..35 danno[i]. se era stato accecato subisce 15..60 danno[i] in più.;2;30;21;7;0;0;1;15;0;0;0;0;0;0;0;
877;Equilibrio di Lyssa;Lyssas Ausgleich;Magia. L'obiettivo nemico perde un incantesimo. Questa abilità non ha effetto se hai addosso più incantesimi dell'obiettivo nemico.;2;-1;22;5;0;5;1;15;0;0;0;0;0;0;0;
878;Visioni di Rimpianto;Visionen des Bedauerns;Fattura d'Élite. Per 10 secondi l'obiettivo nemico e i nemici adiacenti subiscono 15..45 danni ogni volta che utilizzano un'abilità e 5..50 danni aggiuntivi se non sono sotto l'effetto di un'altra fattura dell'Ipnotizzatore.;3;2;24;5;0;10;2;20;0;0;1;0;0;0;0;
879;Illusione del Dolore;Illusion der Schmerzen;Fattura. Per 8 secondi l'obiettivo nemico subisce una Degenerazione Salute di -3..10 e subisce 3..10 danno[i] al secondo. Quando l'effetto di Illusione del Dolore svanisce, il nemico viene curato di 36..120 Punto[i] Salute.;2;1;24;5;0;10;2;5;0;0;0;0;0;0;0;
880;Velocità Sottratta;Gestohlene Eile;Fattura d'Élite. Per 1..10 secondi il tempo di lancio delle magie dell'obiettivo nemico e di tutti i nemici adiacenti aumenta di un 100%. Il tempo di lancio delle magie contro tali nemici lanciate da te o dai tuoi alleati si riduce di un 50%.;2;0;24;5;0;5;1;12;0;0;1;0;0;0;0;
881;Sigillo dell'Etere;Äther-Siegel;Sigillo. Se la tua Energia è inferiore a 5..10 ottieni 10..20 Punto[i] Energia.;2;3;21;5;0;0;1;45;0;0;0;0;0;0;0;
882;Sigillo del Disincanto;Siegel der Entzauberung;Sigillo. Perdi tutta l'Energia. L'obiettivo nemico perde un incantesimo.;2;-1;21;5;0;0;1;15;0;0;0;0;0;0;0;
883;Afonia;Stimmminderheit;Fattura. Per 5..20 secondo[i], l'obiettivo nemico e tutti i nemici nei dintorni non possono usare le urla o i canti.;3;7;24;4;0;10;1;20;0;0;0;0;0;0;0;
884;Fiamme Scottanti;Versengende Flammen;Magia d'Élite. L'obiettivo nemico e tutti i nemici nei dintorni vengono colpiti dalle Fiamme Scottanti. I nemici già affetti da Bruciatura quando questa abilità viene lanciata subiscono 10..100 danni da fuoco. I nemici che ancora non sono infuocati iniziano a bruciare per 1..7 secondi.;3;10;22;6;0;15;1;2;0;0;1;0;0;0;0;
885;Guardiano Scudo;Schildwächter;Incantesimo. Per 2..6 secondi, tutti i membri della squadra a portata d'orecchio hanno un 75% di probabilità di bloccare gli attacchi. Quando un attacco viene bloccato, tutti gli alleati a portata d'orecchio vengono curati di 10..40 punti e il Guardiano Scudo termina.;2;15;23;3;0;5;1.5;20;0;0;0;0;0;0;0;
886;Brezza Riposante;Beruhigender Hauch;Incantesimo. Per 8..18 secondo[i], l'obiettivo (un alleato o te stesso) ha una Rigenerazione della Salute di +10. questo incantesimo termina se quell'alleato attacca o utilizza un'abilità.;3;13;23;3;0;5;1;8;0;0;0;0;0;0;0;
887;Sigillo del Ringiovanimento;Siegel der Verjüngung;Sigillo. Curi l'obiettivo (un alleato o te stesso) di 15..75 punto[i]. se l'obiettivo sta compiendo una magia o sta attaccando, viene curato di 15..75 Punto[i] Salute in più.;2;13;21;3;0;0;1;8;0;0;0;0;0;0;0;
888;Ascia Roteante;Wirbelnde Axt;Attacco d'Élite con Ascia. Se Ascia Roteante va a segno, infligge +5..20 danno[i] e fa terminare qualsiasi posizione utilizzata dal tuo obiettivo. Questo attacco non può essere bloccato.;2;18;4;1;0;0;0;0;4;0;1;0;0;0;0;
889;Colpo Vigoroso;Energischer Schlag;Attacco d'Élite con Martello. Se Colpo Vigoroso va a segno, infligge +10..30 di danni e rimuove qualsiasi posizione utilizzata dall'obiettivo nemico. L'obiettivo è affetto da Debolezza per 5..20 secondo[i]. Questo attacco non può essere bloccato.;2;19;8;1;0;0;0;0;4.8;0;1;0;0;0;0;
891;"Non si passa!";"Niemand darf vorbei!";Urlo. Tutti i nemici nei dintorni in movimento vengono buttati a terra. Questa abilità si ricarica 1..8 secondo[i] più velocemente per ogni nemico a terra (max 25 secondo[i]).;2;21;20;1;0;5;0;45;0;0;0;0;0;0;0;
892;Lama Fremente;Zitternde Klinge;Attacco d'Élite con Spada. Se Lama Fremente va a segno, infliggi +10..40 danno[i]. se questo attacco colpisce un nemico in movimento gli infligge Stordimento per 10 secondo[i].;2;20;10;1;0;0;0;0;4;0;1;0;0;0;0;
893;Frecce Cercanti;Suchende Pfeile;Preparazione. Per 3..14 secondo[i], le tue frecce non possono essere bloccate. questa abilità termina se le frecce vanno a vuoto.;2;25;17;2;0;10;2;15;0;0;0;0;0;0;0;
898;Sovraccarico;Überlastung;Fattura. Per 5 secondo/i, il bersaglio subisce -1..3 degenerazione della Salute. Se il bersaglio sta usando un'abilità, subisce 15..75 danni da Overload, e tutti i nemici adiacenti subiscono il 75% di quei danni.;2;2;24;5;0;5;.25;5;0;0;0;0;0;0;0;
899;Immagini del Rimorso;Bilder der Reue;Fattura. Per 5..10 secondo[i], l'obiettivo nemico subisce una Degenerazione della Salute di -1..3. se stava attaccando subisce 10..52 danno[i].;2;1;24;5;0;5;1;5;0;0;0;0;0;0;0;
900;Fardello Condiviso;Geteilte Bürde;Fattura d'Élite. Per 5..20 secondo/i, il nemico bersaglio e tutti i nemici nell'area attaccano, scagliano incantesimi e si muovono del 50% più lentamente.;2;1;24;5;0;5;2;15;0;0;1;0;0;0;0;
901;Lega Anima;Seelenfessel;Fattura d'Élite. Per 30 secondo[i], ogni volta che l'obiettivo nemico viene curato, chi ha impartito le cure subisce 20..80 danno[i]. Questa fattura termina se l'obiettivo è affetto da una fattura delle Preghiere Punitive.;2;7;24;4;0;10;1;5;0;0;1;0;0;0;0;
902;Sangue dell'Aggressore;Blut des Aggressoren;Magia. Sottrai fino a 5..45 Punto[i] Salute all'obiettivo nemico. Se l'obiettivo nemico stava attaccando, subisce Debolezza per 3..12 secondo[i].;3;4;22;4;0;5;1;5;0;0;0;0;0;0;0;
903;Prisma di Ghiaccio;Eisprisma;Magia. L'obiettivo nemico subisce 15..75 danni da freddo. Se quel nemico ha una fattura Magia dell'Acqua, Lancia di Ghiaccio infligge +15..75 danni da freddo a tutti i nemici nelle vicinanze.;2;11;22;6;0;5;1;5;0;0;0;0;5;0;0;
904;Ascia Furiosa;Zornige Axt;Attacco con Ascia. Se va a segno, infliggi +5..35 danno[i]. se viene bloccata, ottieni 3 dosi di Adrenalina.;2;18;4;1;0;5;0;6;0;0;0;0;0;0;0;
905;Colpo Propizio;Günstiger Schlag;Attacco con Martello. Se Colpo Propizio va a segno, infliggi +5..20 danno[i] e ottieni 3..8 Punto[i] Energia. Se il nemico è affetto da Debolezza, questo attacco non è bloccabile.;2;19;8;1;0;0;0;0;4.8;0;0;0;0;0;0;
906;"In Ginocchio!";"Auf Eure Knie!";Urlo. Perdi tutta l'Adrenalina. Tutte le tue Posizioni si ricaricano se qualche nemico adiacente viene gettato a terra.;2;-1;20;1;0;0;0;0;6;0;0;0;0;0;0;
907;Fendente del Drago;Drachenhieb;Attacco d'Élite con Spada. Se va a segno infliggi +10..40 danno[i] ed ottieni 1..5 dose[i] di Adrenalina.;2;20;10;1;0;0;0;0;7;0;1;0;0;0;0;
908;Tiro del Brigante;Plünderer-Schuss;Attacco con Arco. Se va a segno infliggi +25..55 danno[i] e tutte le tue abilità (esclusi gli attacchi) vengono disattivate per 5 secondo[i].;2;25;2;2;0;5;0;6;0;0;0;0;0;0;0;
909;Tiro Focalizzato;Scharfschuss;Attacco con Arco. This shot moves three times faster, cannot be blocked, and strikes for +10..40 damage but all of your other attack skills are disabled for 8..4 seconds.;2;25;2;2;0;5;0;8;0;0;0;0;0;0;0;
910;Voragine Fantasma;Geisterriss;Magia. Apre una Voragine Fantasma sulla posizione dell'obiettivo nemico. Dopo 3 secondo[i], tutti i nemici adiacenti ricevono 25..125 danno[i] da fulmine e subiscono Armatura Incrinata per 1..20 secondo[i].;2;34;22;8;0;10;2;5;0;0;0;0;0;0;0;
911;Unione;Vereinigung;Rituale Incatenante. Crea uno spirito di livello 1..12. Ogni volta che un Alleato (Spiriti esclusi) nel suo raggio di azione subisce danni o sottrazione salute, questi vengono ridotti di 15 e lo Spirito subisce 15 di danni. Lo spirito si esaurisce dopo 30..60 secondi.;2;32;18;8;0;15;.75;45;0;0;0;0;0;0;0;
913;Tanasen era Tranquillo;Ruhig war Tanasen;Magia d'Élite Altera-oggetto. Mantieni le ceneri di Tanasen per un massimo di 5..20 secondo[i]. mentre le mantieni, ottieni +10..25 di armatura ed è impossibile interromperti.;2;33;25;8;0;5;1;15;0;0;1;0;0;0;0;
914;Consuma Anima;Seele verzehren;Magia d'Élite. Rubi 5..70 Salute dal bersaglio nemico. Tutte le creature nemiche evocate a portata d'orecchio di quel nemico subiscono 25..125 danni.;2;36;22;8;0;5;1;5;0;0;1;0;0;0;0;
915;Luce dello Spirito;Geisterlicht;Magia. L'obiettivo (un alleato o te stesso) viene curato di 60..180 Punto[i] Salute. se sono presenti degli Spiriti a portata d'orecchio, non sacrifichi alcuna Salute.;2;33;22;8;0;5;1;4;0;17;0;0;0;0;0;
916;Lamento;Wehklage;Fattura. Per 5..20 secondi l'obiettivo nemico e tutti i nemici nei dintorni subiscono una Degenerazione della Salute di -0..3. Se ti trovi nella portata d'orecchio di uno spirito o un cadavere quando viene lanciata la fattura, i nemici affetti subiscono 10..50 di danni.;2;34;24;8;0;10;1;15;0;0;0;0;0;0;0;
917;Distruggi Anima;Seele zerreißen;Magia. Distruggi lo Spirito alleato preso di mira. Tutti i nemici nei dintorni subiscono 50..140 danno[i] da fulmine e vengono accecati per 3..12 secondo[i].;2;36;22;8;0;10;.75;5;0;0;0;0;0;0;0;
918;Da Spirito a Carne;Geist zu Fleisch;Magia. Lo Spirito alleato toccato viene annientato. Tutti gli alleati nei dintorni vengono curati di 30..240.;2;36;22;8;0;10;.75;15;0;0;0;0;0;0;0;
919;Bruciatura dello Spirito;Geisterbrand;Magia. L'obiettivo nemico subisce 5..50 danno[i] da fulmine. se sono presenti degli Spiriti a portata d'orecchio, la Bruciatura dello Spirito provoca bruciatura per 1..5 secondo[i].;2;34;22;8;0;5;1;6;0;0;0;0;0;0;0;
920;Distruzione;Vernichtung;Rituale Incatenante. Crea uno spirito di livello 1..14 con 30 secondi di vita. Alla morte dello Spirito, tutti i nemici nell'area subiscono 5..25 di danno per ogni secondo in cui è rimasto in vita (max 150 di danno).;2;34;18;8;0;10;.75;20;0;0;0;0;0;0;0;
921;Dissonanza;Missklang;Rituale Incatenante. Crei uno Spirito di livello 1..12. Lo Spirito provoca 5..20 danno[i] e tutti quelli colpiti dal suo attacco vengono interrotti. Lo Spirito si esaurisce dopo 10..25 secondo[i].;2;32;18;8;0;25;1;45;0;0;0;0;0;0;0;
923;Disincanto;Entzauberung;Rituale Incatenante. Crei uno Spirito di livello 1..12. Lo Spirito provoca 5..20 danno[i] e tutti quelli colpiti dal suo attacco perdono un incantesimo. Lo Spirito si esaurisce dopo 10..35 secondo[i].;2;32;18;8;0;15;1;30;0;0;0;0;0;0;0;
925;Richiamo;Rückruf;Incantesimo. Mentre mantieni attivo il Richiamo non accade nulla, ma quando termina compi un Passo nell'Ombra nella posizione dell'alleato che avevi preso di mira attivando questa abilità e tutte le tue abilità vengono disattivate per 3 secondo[i].;2;-1;23;7;-1;10;1;10;0;0;0;0;0;0;0;
926;Affila Pugnali;Dolche wetzen;Incantesimo. Per 5..30 secondi i tuoi attacchi con pugnale provocano Emorragia per 5..15 secondi.;2;35;23;7;0;5;.5;20;0;0;0;0;0;0;0;
927;Timore Infame;Schändliche Angst;Fattura. Per 10 secondi, i movimenti dell'obiettivo nemico aumentano del 10%. per ogni secondo, se l'obiettivo si muove, subisce 5..20 danno[i].;2;30;24;7;0;10;1;10;0;0;0;0;0;0;0;
928;Coltre Ombrosa;Schattenschleier;Fattura d'Élite. Per 3..9 secondo[i], l'obiettivo nemico non può essere colpito da alcun incantesimo.;2;31;24;7;0;5;.25;20;0;0;1;0;0;0;0;
929;Ombra della Fretta;Schatten der Eile;Posizione. Per 10..40 secondo[i], la tua velocità aumenta di un 15%. Al termine compi un Passo nell'Ombra che ti riporta nel punto di partenza.;2;31;29;7;0;5;0;45;0;0;0;0;0;0;0;
930;Incanto Propizio;Günstige Beschwörung;Incantesimo. Dura 20 secondo[i]. la prossima magia da te lanciata resta disattivata per 10..5 secondo[i] in più e tu ottieni un 110..200% del suo costo energetico.;2;3;23;5;0;5;1;20;0;0;0;0;0;0;0;
931;Ritorno di Potere;Kraftrevanche;Magia. Se l'obiettivo nemico ha attivato una magia o un canto, l'abilità viene interrotta e l'obiettivo ottiene 10..5 Punti Energia.;2;0;22;5;0;5;.25;7;0;0;0;0;0;0;0;
932;Complicazione;Erschweren;Magia. Se l'obiettivo nemico ha attivato un'abilità, questa viene interrotta e disattivata per 5..12 secondi in più per l'obiettivo nemico e tutti i nemici nei dintorni.;2;2;22;5;0;10;.25;20;0;0;0;0;0;0;0;
933;Tempesta Distruttrice;Sturm zerschlagen;Magia d'Élite. L'obiettivo nemico perde tutti gli incantesimi. Per ogni incantesimo così rimosso, la Tempesta Distruttrice viene disattivata per 7 secondo[i] in più.;2;-1;22;5;0;10;1;0;0;0;1;0;0;0;0;
934;Sigillo Innaturale;Unnatürliches Siegel;Sigillo. L'obiettivo nemico subisce 15..75 danni. Se è sotto gli effetti di una fattura o di un incantesimo, i nemici adiacenti subiscono 5..50 danni.;2;2;21;5;0;0;1;10;0;0;0;0;0;0;0;
935;Bile Crescente;Hochkommende Galle;Fattura. Per 20 secondi questa fattura non ha alcun effetto. Al termine, l'obiettivo nemico e tutti i nemici nell'area subiscono 1..6 danno[i] per ogni secondo in cui la fattura è rimasta attiva.;2;5;24;4;0;10;1;20;0;0;0;0;0;0;0;
936;Avvelena Incantesimi;Verzauberungen vergiften;Magia. L'obiettivo nemico perde un incantesimo. Per ogni incantesimo residuo l'obiettivo nemico viene avvelenato per 3..10 secondo[i].;3;7;22;4;0;5;1;15;0;0;0;0;0;0;0;
937;Onda d'Urto;Stoßwelle;Magia d'Élite. Tutti i nemici nell'area subiscono 15..60 danni da terra e soffrono di Debolezza per 1..10 secondi. Anche i nemici nei dintorni subiscono +15..60 danni da terra e Armatura Incrinata per 1..10 secondi. I nemici adiacenti soffrono gli effetti precedenti, subiscono +15..60 danni da terra e vengono accecati per 1..10 secondi.;2;9;22;6;0;10;1;15;0;0;1;0;0;0;0;
938;Guardia della Stabilità;Kreis der Stabilität;Guardia. Crei una Guardia della Stabilità nella tua posizione attuale. Per 10..25 secondi, gli alleati (Spiriti esclusi) non possono essere abbattuti.;2;9;26;6;0;10;1;30;0;0;0;0;0;0;0;
939;Catene di Ghiaccio;Eisfesseln;Fattura d'Élite. Per 1..10 secondi, la velocità di movimento dell'obiettivo nemico diminuisce di un 66%. Mentre è sotto gli effetti di un incantesimo, i suoi movimenti si riducono di un 90%.;3;11;24;6;0;10;1;12;0;0;1;0;0;0;0;
941;Luce Benedetta;Gesegnetes Licht;Magia d'Élite. Curi l'obiettivo (un alleato o te stesso) di 10..120 Punto[i] Salute e rimuovi una condizione ed una fattura.;2;16;22;3;0;5;.75;5;0;0;1;0;0;0;0;
942;Spezzafatture;Verhexungen zurücknehmen;Magia d'Élite. Rimuove tutte le fatture dal bersaglio alleato e dagli alleati adiacenti. Questa magia impiega 2 secondo/i in più per ricaricarsi per ogni fattura rimossa in questo modo (probabilità di fallimento del 50% con Favore divino pari o inferiore a 4).;2;16;22;3;0;5;1;5;0;0;1;0;0;0;0;
943;Estinzione;Löschen;Magia. Rimuovi una condizione da ogni membro della squadra. gli alleati ai quali viene rimossa la Bruciatura ricevono 10..100 Punto[i] Salute.;2;15;22;3;0;15;1;12;0;0;0;0;0;0;0;
944;Sigillo della Forza;Siegel der Stärke;Sigillo. Infliggi +5 danno[i] con [il] 1..16 [M]attacco[hi] successivo[i].;2;17;21;1;0;0;1;45;0;0;0;0;0;0;0;
946;Concentrazione del Cacciatore;Fokus des Fallenstellers;Preparazione d'Élite. Per 12..36 secondo[i] mentre poni le trappole non potrai essere facilmente interrotto e il tuo grado di Sopravvivenza nella Natura aumenta di 0..4.;2;23;17;2;0;5;2;12;0;0;1;0;0;0;0;
947;Rovi;Dornenranken;Rituale della Natura. Crei uno Spirito di livello 1..10. Le creature nella sua portata (Spiriti esclusi) che vengono abbattute subiscono 5 danni ed iniziano a sanguinare per 5..20 secondo[i]. Lo Spirito si esaurisce dopo 30..240 secondo[i].;2;24;19;2;0;10;2;60;0;0;0;0;0;0;0;
948;Colpo Disperato;Verzweifelter Stoß;Attacco con Arma Primaria. Se la tua Salute è inferiore al 50..80% infliggi +15..60 danno[i].;2;29;5;7;0;5;0;6;0;0;0;0;0;0;0;
949;Potere della Volpe;Weg des Fuchses;Incantesimo. Per 10..35 secondo[i] sarà impossibile bloccare 1..6 dei tuoi prossimi attacchi.;2;31;23;7;0;5;.25;30;0;0;0;0;0;0;0;
950;Fardello d'Ombra;Schattenbürde;Fattura. Per 3..15 secondo[i], i movimenti dell'obiettivo nemico rallentano del 25% e, se non è affetto da altre fatture, questi ha 20..30 punto[i] in meno di armatura contro i tuoi attacchi.;2;31;24;7;0;10;.25;15;0;0;0;0;0;0;0;
951;Velocità risucchiante;Geschwindigkeitsentzug;Fattura. Per 5..15 secondo/i, il bersaglio nemico si muove più lentamente del 33% e tu più velocemente del 33%. Questa magia si ricarica il 50% più velocemente se lanciato su un avversario in movimento.;2;30;24;7;0;5;1;30;0;0;0;0;0;0;0;
952;Peso della Morte;Angriff des Todes;Magia. Compi un Passo nell'Ombra verso l'obiettivo nemico e se ha più Salute di te, vieni curato di 65..200 punto[i].;2;31;22;7;0;5;.25;30;0;0;0;0;0;0;0;
953;Flusso di Potere;Kraftfluss;Fattura d'Élite. Se l'obiettivo nemico ha attivato una magia o un canto, l'abilità viene interrotta. Il nemico subisce anche una Degenerazione Energia di -2 per 4..10 secondi.;3;2;24;5;0;10;.25;15;0;0;1;0;0;0;0;
954;Scaccia Fatture;Verhexungen vertreiben;Magia d'Élite. Rimuovi fino a 2 fatture dall'obiettivo (un alleato o te stesso).;2;-1;22;5;0;5;1;8;0;0;1;0;0;0;0;
955;Squarcia Incantesimo;Verzauberung zerreißen;Magia. Rimuovi 1 incantesimo[i] dall'obiettivo nemico. Se un incantesimo viene rimosso, quel nemico soffrirà di Emorragia per 5..25 secondo[i].;3;7;22;4;0;5;1;15;0;0;0;0;0;0;0;
957;Scudo Magico;Zauberschild;Incantesimo. Per 5..20 secondo[i], mentre compi delle magie, i nemici non ti possono lanciare magie. Quando lo Scudo Magico termina, tutte le tue abilità vengono disattivate per 8..4 secondo[i].;2;16;23;3;0;10;1;30;0;0;0;0;0;0;0;
958;Sussurro Curativo;Heilendes Geflüster;Magia. Curi l'obiettivo alleato di 40..100 punto[i]. La portata di questa magia è la metà del normale.;2;13;22;3;0;5;1;1;0;0;0;0;0;0;0;
959;Luce Eterea;Ätherisches Licht;Magia. Curi l'obiettivo (un alleato o te stesso) di 25..100 punto[i]. Questa magia può essere interrotta facilmente.;2;13;22;3;0;5;1;5;0;0;0;0;0;0;0;
960;Libera Incantesimi;Verzauberungen freisetzen;Magia. Perdi tutti gli incantesimi. Ogni membro della squadra viene curato di 5..35 Punto[i] Salute per ogni incantesimo da Mistico perso.;2;16;22;3;0;5;.25;5;0;0;0;0;0;0;0;
961;Lacerazione;Zerfetzen;Rituale della Natura d'Élite. Crei uno Spirito di livello 1..10. Le creature sanguinanti nel suo raggio subiscono una Degenerazione della Salute di -2. Quando lo Spirito si esaurisce, tutte le creature nella sua portata (Spiriti esclusi) che hanno meno del 90% di Salute iniziano a sanguinare per 5..25 secondo[i]. Lo Spirito si esaurisce dopo 30..240 secondo[i].;2;22;19;2;0;10;2;15;0;0;1;0;0;0;0;
962;Trasferimento dello Spirito;Geistübertragung;Magia. Lo Spirito più vicino a te perde 5..50 Punto[i] Salute. L'obiettivo (un alleato o te stesso) viene curato di 5 punto[i] per ogni Punto Salute perso.;2;33;22;8;0;10;.25;5;0;0;0;0;0;0;0;
963;Ripristino;Wiederherstellung;Rituale Incatenante. Crei uno Spirito di livello 1..14. Quando lo Spirito si esaurisce, tutti i membri della squadra nell'area risorgono con 5..50% Punto[i] Salute e zero Energia. Lo Spirito si esaurisce dopo 30 secondi.;2;32;18;8;0;10;1;30;0;0;0;0;0;0;0;
964;Arma Vendicatrice;Rachsüchtige Waffe;Magia Altera-arma. Per 8 secondi, la volta successiva in cui l'obiettivo (un alleato o te stesso) subisce danni o sottrazione salute da un nemico, a quest'ultimo vengono sottratti fino a 15..60 Punti Salute.;2;33;27;8;0;5;.25;3;0;0;0;0;0;0;0;
973;Polvere Accecante;Blendpulver;Magia. Deve seguire un attacco con arma secondaria. L'obiettivo nemico e tutti i nemici adiacenti vengono accecati per 3..15 secondo[i].;2;31;22;7;0;5;.25;20;0;0;0;0;0;0;0;
974;Tocco della mantide;Berührung der Fangschrecke;Abilità. Il bersaglio nemico viene azzoppato per 5..20 secondo/i. Questa abilità conta come un attacco con mano secondaria.;2;30;1;7;0;5;.75;10;0;0;0;0;0;0;0;
975;Assalto Estenuante;Ermüdender Angriff;Attacco Doppio[_]. Deve seguire un attacco con arma primaria. Interrompe l'azione dell'obiettivo nemico. Se interrompe il lancio di una magia, l'obiettivo nemico subisce 10 di Sforzo.;2;29;7;7;0;5;.5;8;0;0;0;0;0;0;0;
976;Colpo a Ripetizione;Wiederholender Schlag;Attacco con Arma Secondaria. Deve seguire un attacco con arma secondaria. Se va a segno, questo attacco infligge +10..30 danno[i]. se va a vuoto impiegherà 15 secondi in più per ricaricarsi.;2;29;6;7;0;5;0;0;0;0;0;0;0;0;0;
977;Potere del Loto;Weg des Lotus;Incantesimo. Dura 20 secondo[i]. la prossima volta che un tuo attacco doppio va a segno, ottieni 5..20 Punto[i] Energia.;2;31;23;7;0;5;.25;20;0;0;0;0;0;0;0;
978;Segno dell'Instabilità;Zeichen der Unbeständigkeit;Fattura. Dura 20 secondo[i]. la prossima volta che colpisci l'obiettivo nemico con un attacco doppio, lo abbatti.;2;-1;24;7;0;10;.25;20;0;0;0;0;0;0;0;
979;Diffidenza;Argwohn;Fattura. Per 6 secondo/i, la prima magia scagliata dal bersaglio su uno dei tuoi alleati manca, e infligge 10..80 a quel nemico e il 75% di quei danni a tutti i nemici vicini.;3;2;24;5;0;10;2;12;0;0;0;0;0;0;0;
980;Banchetto di Anime;Schmaus der Seelen;Magia. Elimini tutti gli Spiriti creati dagli alleati nei dintorni. Per ogni Spirito distrutto in questo modo, tutti i membri della squadra vengono curati di 50..100 Punto[i] Salute.;2;36;22;8;0;5;.25;10;0;0;0;0;0;0;0;
981;Recupero;Erholung;Rituale Incatenante. Crei uno Spirito di livello 1..14. Gli alleati nella sua portata (Spiriti esclusi) ottengono una Rigenerazione della Salute di +1..3. Lo Spirito si esaurisce dopo 15..45 secondo[i].;2;33;18;8;0;25;.75;45;0;0;0;0;0;0;0;
982;Riparo;Unterschlupf;Rituale Incatenante. Crei uno Spirito di livello 1..12. Gli alleati nella sua portata (Spiriti esclusi) non possono perdere più del 10% della loro Salute massima a seguito di un singolo attacco. Quando lo Spirito impedisce il danno, perde 75..45 Punto[i] Salute. Lo Spirito si esaurisce dopo 30..60 secondo[i].;2;32;18;8;0;25;1;45;0;0;0;0;0;0;0;
983;Arma dell'Ombra;Schattenwaffe;Magia Altera-arma. Per 1..7 secondi, l'obiettivo (un alleato o te stesso) ha un'Arma dell'Ombra. Ogni volta che l'alleato viene colpito da un attacco, l'aggressore diventa cieco per 5 secondi. Le prossime 1..3 volte in cui quell'alleato colpisce con un attacco, il suo obiettivo viene accecato per 5 secondi.;2;33;27;8;0;10;1;20;0;0;0;0;0;0;0;
985;Triboli;Trittnägel;Magia. Target foe and all foes adjacent to your target are Crippled and Bleeding for 5..15 seconds. Caltrops has half the normal range.;2;31;22;7;0;5;.25;10;0;0;0;0;0;0;0;
986;Colpo a Nove Code;Neunschwänziger Stoß;Attacco Doppio[_]. Deve seguire un attacco con arma secondaria. Il Colpo a Nove Code non può essere bloccato e, se va a segno, infligge +15..40 danno[i].;2;29;7;7;0;5;0;8;0;0;0;0;0;0;0;
987;Potere del Palmo Vuoto;Weg der leeren Handfläche;Incantesimo d'Élite. Per 5..15 secondo/i, gli attacchi con mano secondaria e con due armi non costano Energia e si ricaricano il 25..50% più rapidamente.;2;30;23;7;0;5;.25;10;0;0;1;0;0;0;0;
988;Colpo alle Tempie;Schläfenstoß;Attacco d'Élite con Arma Secondaria. Deve seguire un attacco con arma primaria. Se questo attacco va a segno, l'obiettivo nemico viene stordito ed accecato per 1..10 secondo[i] e se sta lanciando una magia viene interrotto.;2;29;6;7;0;15;0;20;0;0;1;0;0;0;0;
989;Colpo della Fenice Dorata;Goldener Phönix-Stoß;Attacco con Arma Secondaria. Se non sei sotto gli effetti di un incantesimo, l'abilità non andrà a segno. Se va a segno, il Colpo della Fenice Dorata infligge +10..30 di danni e tutti i nemici adiacenti subiscono 10..30 danni.;2;29;6;7;0;5;0;8;0;0;0;0;0;0;0;
990;Sopprimi Incantesimi;Verzauberungen ausmerzen;Abilità. L'obiettivo nemico perde 1 incantesimo. Tutte le altre abilità che hai equipaggiato (fatta eccezione per gli attacchi) vengono disattivate per 8..4 secondo[i]. per ogni abilità così disattivata, l'obiettivo nemico toccato perde 1 incantesimo in più.;2;30;1;7;0;10;.75;30;0;0;0;0;0;0;0;
991;Nega Fatture;Verhexungen zurückweisen;Magia. Rimuovi una fattura dall'obiettivo alleato e una fattura aggiuntiva per ogni abilità del Favore Divino equipaggiata che si sta ricaricando.;2;16;22;3;0;5;1;12;0;0;0;0;0;0;0;
992;Fendente Triplo;Dreifachhieb;Attacco d'Élite con Ascia. Attacchi l'obiettivo nemico ed i nemici adiacenti. ogni attacco che va a segno infligge +10..40 danno[i].;2;18;4;1;0;5;0;10;0;0;1;0;0;0;0;
993;Percossa Furiosa;Erzürnter Schlag;Attacco d'Élite con Martello. Se Percossa Furiosa va a segno ottieni 1..4 dose[i] di adrenalina. Se colpisci un nemico in movimento gli assesti +10..40 danno[i] e il tuo obiettivo viene abbattuto.;2;19;8;1;0;5;0;5;0;0;1;0;0;0;0;
994;Percossa Rinnovatrice;Erneuernder Schlag;Attacco con Martello. Se Percossa Rinnovatrice va a segno, infligge +10..40 danno[i]. Se colpisci un nemico a terra, ottieni 3 Punto[i] Energia. questo attacco si ricarica istantaneamente.;2;19;8;1;0;5;1;30;0;0;0;0;0;0;0;
995;Posizione della Tigre;Tigerhaltung;Posizione. Per 4..10 secondo[i] la velocità dei tuoi attacchi aumenta di un 33%. la Posizione della Tigre termina se uno dei tuoi attacchi non va a segno.;2;17;29;1;0;5;0;20;0;0;0;0;0;0;0;
996;Fendente in Posizione;Stehender Hieb;Attacco con Spada. Se va a segno infliggi +5..20 danno[i] e 5..20 danno[i] in più se hai attivato una Posizione.;2;20;10;1;0;0;0;0;5.6;0;0;0;0;0;0;
997;Carestia;Hungersnot;Rituale della Natura d'Élite. Crei uno Spirito di livello 1..10. Ogni volta che l'Energia di una creatura nella sua portata (Spiriti esclusi) si azzera, quella creatura subisce 20..70 danno[i]. Lo Spirito si esaurisce dopo 30..180 secondo[i].;2;24;19;2;0;10;2;15;0;0;1;0;0;0;0;
1018;Occhio Critico;Kritisches Auge;Abilità. Per 10..35 secondo[i], la probabilità di compiere un colpo critico quando attacchi aumenta del 3..15%. mettendo a segno un colpo critico ottieni 1 Punto[i] Energia.;2;35;1;7;0;5;0;30;0;0;0;0;0;0;0;
1019;Colpo Critico;Kritischer Stoß;Attacco Doppio[_]. Deve seguire un attacco con arma secondaria. Se va a segno infligge +10..30 danno[i], determina un colpo critico e tu ottieni 1..3 Punto[i] Energia.;2;35;7;7;0;5;0;6;0;0;0;0;0;0;0;
1020;Lame d'Acciaio;Stahlklingen;Attacco Doppio[_]. Deve seguire un attacco con arma secondaria. Se va a segno infligge +5..16 danno[i] (max. 60) per ogni attacco con pugnale che si sta ricaricando.;2;29;7;7;0;5;0;8;0;0;0;0;0;0;0;
1021;Colpo della Giungla;Dschungelschlag;Attacco con Arma Secondaria. Deve seguire un attacco di apertura. Se colpisce, infligge +10..25 danni. Se viene colpito un nemico Azzoppato, lui e tutti i nemici adiacenti subiscono 1..31 danni.;2;29;6;7;0;5;.5;6;0;0;0;0;0;0;0;
1022;Colpo Selvaggio;Wilder Stoß;Attacco con Arma Secondaria. Deve seguire un attacco con arma primaria. Se va a segno, infligge +10..35 di danni e rimuove qualsiasi posizione utilizzata dall'obiettivo nemico. Questo attacco non può essere bloccato.;2;29;6;7;0;5;0;4;0;0;0;0;0;0;0;
1023;Pungiglione della Mantide Saltante;Stich der springenden Mantis;Attacco con Arma Primaria. Se va a segno, l'obiettivo nemico subisce +5..15 danno[i]. se colpisce un nemico in movimento, lo fa diventare storpio per 3..15 secondo[i].;2;29;5;7;0;5;.5;8;0;0;0;0;0;0;0;
1024;Affondo della Mantide Nera;Stoß der schwarzen Mantis;Attacco con Arma Primaria. Se questo attacco va a segno, infliggi +8..20 danno[i]. se l'obiettivo nemico è affetto da una fattura diventa storpio per 3..15 secondo[i].;2;29;5;7;0;5;1;6;0;0;0;0;0;0;0;
1025;Pugnalata Dirompente;Unterbrechender Dolchstoß;Attacco con Arma Primaria. Se questo attacco va a segno, interrompe l'azione dell'obiettivo nemico. se interrompe una magia, la disattiva per 3..10 secondo[i].;2;29;5;7;0;5;0;10;0;0;0;0;0;0;0;
1026;Colpo del Loto Dorato;Goldener Lotus-Stoß;Attacco con Arma Primaria. Se va a segno, questo attacco infligge +5..20 danno[i]. Se ti trovi sotto gli effetti di un incantesimo ottieni 5..8 Punto[i] Energia.;2;29;5;7;0;5;0;5;0;0;0;0;0;0;0;
1027;Difese Critiche;Kritische Verteidigungen;Incantesimo. Per 4..10 secondo[i] hai un 75% di probabilità di bloccare. ogni volta che metti a segno un colpo critico, le Difese Critiche si rinnovano.;2;35;23;7;0;10;1;30;0;0;0;0;0;0;0;
1028;Potere della Perfezione;Weg der Perfektion;Incantesimo. Per 60 secondi ogni volta che assesti un colpo critico ottieni 10..40 Punti Salute.;2;31;23;7;0;5;.25;30;0;0;0;0;0;0;0;
1029;Apostasia Oscura;Dunkle Abtrünnigkeit;Incantesimo d'Élite. Per 3..17 secondo[i], ogni volta che assesti un colpo critico rimuovi un incantesimo dal tuo obiettivo. quando riesci a rimuovere un incantesimo in questo modo perdi 10..3 Punto[i] Energia oppure l'Apostasia Oscura termina.;2;35;23;7;0;10;.25;15;0;0;1;0;0;0;0;
1030;Furia della Locusta;Wut der Heuschrecke;Incantesimo d'Élite. Per 10..35 secondo[i] hai un 50% di probabilità in più di compiere un attacco doppio quando utilizzi i pugnali.;2;35;23;7;0;10;.5;10;0;0;1;0;0;0;0;
1031;Coltre d'Angoscia;Schleier des Kummers;Incantesimo. Per 30..60 secondi, se la tua Salute è inferiore a un 50% ottieni una Rigenerazione della Salute di +3..8 e un 75% di probabilità di bloccare gli attacchi.;2;31;23;7;0;10;1;45;0;0;0;0;0;0;0;
1032;Cuore d'Ombra;Herz der Schatten;Magia. Cure: 30..150. Compi un Passo nell'Ombra verso un punto a caso nei dintorni allontanandoti dall'obiettivo.;2;31;22;7;0;5;.25;15;0;0;0;0;0;0;0;
1033;Stilettata;Aufspießen;Abilità. Deve seguire un attacco doppio. L'obiettivo nemico viene colpito da 25..100 danno[i] da terra e subisce una Ferita Profonda per 5..20 secondo[i].;2;30;1;7;0;5;1;15;0;0;0;0;0;0;0;
1034;Ferita Sanguinante;Eiternde Wunde;Fattura d'Élite. For 1..7 seconds, target foe moves 33% slower. That foe takes 5..25 damage each second while suffering from a condition.;2;35;24;7;0;10;.25;10;0;0;1;0;0;0;0;
1035;Promessa dell'Assassino;Versprechen des Assassinen;Fattura d'Élite. Dura 5..15 secondo[i]. se l'obiettivo nemico muore, ottieni 5..20 Punto[i] Energia e tutte le tue abilità si ricaricano.;2;30;24;7;0;5;.75;45;0;0;1;0;0;0;0;
1036;Sigillo della Malizia;Siegel der Bosheit;Sigillo. Perdi una condizione per ogni condizione sofferta dal tuo obiettivo nemico.;2;-1;21;7;0;0;.25;5;0;0;0;0;0;0;0;
1037;Fuga nell'Oscurità;Dunkle Flucht;Posizione. Per 5..15 secondo[i], la tua velocità aumenta di un 25% e subisci la metà del danno. La Fuga nell'Oscurità termina se un tuo attacco va a segno.;2;31;29;7;0;5;0;30;0;0;0;0;0;0;0;
1038;Pugnale Azzoppante;Verkrüppelnder Dolch;Magia. Scagli contro l'obiettivo nemico un Pugnale Azzoppante che infligge 15..60 danno[i] da terra se va a segno e rende storpi i nemici in movimento per 3..15 secondo[i]. La portata di questa magia è la metà del normale.;2;30;22;7;0;5;1;5;0;0;0;0;0;0;0;
1040;Cammino dello Spirito;Geistermarsch;Magia. Compi un Passo nell'Ombra verso lo Spirito preso di mira.;2;-1;22;7;0;5;.25;8;0;0;0;0;0;0;0;
1041;Furia Invisibile;Unsichtbare Wut;Posizione. Tutti i nemici adiacenti vengono accecati per 3..10 secondi. Per 10..30 secondi non puoi essere bloccato dai nemici accecati.;2;31;29;7;0;5;0;20;0;0;0;0;0;0;0;
1042;Lame Scintillanti;Blitzende Klingen;Posizione d'Élite. Per 5..30 secondo[i] hai un 75% di probabilità di bloccare gli attacchi in arrivo mentre stai attaccando. Ogni volta che blocchi un attacco in questo modo, l'aggressore subisce 5..20 danno[i].;2;29;29;7;0;10;0;30;0;0;1;0;0;0;0;
1043;Slancio;Preschen;Posizione. Per 3 secondo[i], la tua velocità di corsa aumenta di un 50%.;2;31;29;7;0;5;0;8;0;0;0;0;0;0;0;
1044;Prigione Oscura;Dunkles Gefängnis;Fattura. Compi un Passo nell'Ombra verso l'obiettivo nemico. per 1..6 secondo[i] la sua velocità rallenta del 33%.;2;30;24;7;0;10;.25;30;0;0;0;0;0;0;0;
1045;Schiaffo;Handflächenschlag;Abilità d'Élite. L'obiettivo nemico toccato subisce 10..65 danno[i] ed è affetto da Storpiatura per 1..5 secondo[i]. Quest'abilità è considerata un attacco con arma secondaria.;2;35;1;7;0;5;.75;7;0;0;1;0;0;0;0;
1048;Incantesimo Rivelato;Enthüllte Verzauberung;Magia. Rimuovi un incantesimo dall'obiettivo nemico ed ottieni 3..15 Punto[i] Energia. Per 20 secondi l'incantesimo rimosso si sostituirà all'Incantesimo Rivelato.;2;3;22;5;0;10;1;0;0;0;0;0;0;0;0;
1049;Fattura Rivelata;Enthüllte Verhexung;Magia. Elimini una fattura dall'obiettivo (un alleato o te stesso) ed ottieni 4..10 Punto[i] Energia. Per 20 secondi, la fattura sottratta si sostituirà alla Fattura Rivelata.;2;3;22;5;0;5;1;0;0;0;0;0;0;0;0;
1052;Dolore Accumulato;Angehäufter Schmerz;Magia. L'obiettivo nemico subisce 15..75 danno[i]. se è affetto da 2 o più fatture, riceve una Ferita Profonda per 5..20 secondo[i].;2;1;22;5;0;5;2;12;0;0;0;0;0;0;0;
1053;Distrazione Psichica;Übernatürliche Ablenkung;Magia d'Élite. Tutte le tue altre abilità vengono disattivate per 8 secondi. Se l'obiettivo nemico sta utilizzando un'abilità, tale abilità verrà interrotta e disattivata per 5..12 secondi in più.;2;2;22;5;0;10;.25;2;0;0;1;0;0;0;0;
1054;Volto dell'Antenato;Antlitz des Ahnen;Incantesimo. Dura 4..10 secondo[i]. ogni volta che l'obiettivo (un alleato o te stesso) viene colpito da un attacco ravvicinato, tutti i nemici adiacenti perdono tutta l'adrenalina e 3 Punti Energia.;2;1;23;5;0;10;1;20;0;0;0;0;0;0;0;
1055;Insicurezza Ricorrente;Wiederkehrende Unsicherheit;Fattura d'Élite. Per 5 secondi l'obiettivo nemico subisce una Degenerazione Salute di -1..6. Se il nemico è sotto gli effetti di un'altra fattura che si prolunga al termine dell'Insicurezza Ricorrente, quest'ultima viene riapplicata.;2;1;24;5;0;10;1;3;0;0;1;0;0;0;0;
1056;Fardello di Kitah;Kitahs Bürde;Fattura. Per 6..12 secondi, i movimenti dell'obiettivo nemico rallentano del 50%. Quando il Fardello di Kitah termina, ottieni 10..18 Punto[i] Energia.;2;1;24;5;0;15;1.5;30;0;0;0;0;0;0;0;
1057;Instabilità Psichica;Übernatürliche Labilität;Magia d'Élite. Interrompe l'azione dell'obiettivo nemico. Se si tratta di un'abilità, l'obiettivo nemico e tutti i nemici nei dintorni finiscono a terra per 2..4 secondi (50% di probabilità di fallimento con Lancio Rapido di grado 4 o inferiore).;2;0;22;5;0;5;.25;20;0;0;1;0;0;0;0;
1059;Sigillo Mangiafattura;Verhexungsfresser-Siegel;Sigillo. L'obiettivo alleato toccato e fino a 2..5 alleato[i] adiacente[i] perdono una fattura ciascuno. tu ottieni 1..4 Punto[i] Energia per ogni fattura che viene rimossa in questo modo.;2;3;21;5;0;0;1;15;0;0;0;0;0;0;0;
1061;Retroazione;Reaktion;Magia. L'obiettivo nemico perde un incantesimo. Se un incantesimo viene rimosso in questo modo, quel nemico perde anche 4..10 Punto[i] Energia.;2;3;22;5;0;10;1;30;0;0;0;0;0;0;0;
1062;Ruberia Arcana;Arkane Entwendung;Magia. Dura 5..35 secondo[i]. una magia a caso dell'obiettivo nemico viene disattivata e si sostituisce alla Ruberia Arcana.;2;2;22;5;0;10;1;0;0;0;0;0;0;0;0;
1066;Deruba il Vincitore;Sieger plündern;Fattura d'Élite. Per 3..15 secondo[i], ogni volta che l'obiettivo nemico attacca o lancia una magia su una creatura con meno Salute, perde 25..100 Punto[i] Salute.;2;4;24;4;0;10;1;10;0;0;1;0;0;0;0;
1067;Colpo Devastavita;Lebensfluchstoß;Magia. L'obiettivo nemico subisce 12..48 danno[i] da ombra. Se la sua Salute è superiore al 50%, gli sottrarrai fino a 12..48 Punto[i] Salute.;2;4;22;4;0;10;2;15;0;0;0;0;0;0;0;
1068;Freddo Pungente;Bitterkalt;Magia. L'obiettivo nemico subisce 15..60 danno[i] da freddo. se aveva più Salute di te, il Freddo Pungente si ricarica all'istante.;2;5;22;4;0;5;1;10;0;0;0;0;0;0;0;
1069;Sapore del Dolore;Geschmack der Schmerzen;Magia. Se la Salute dell'obiettivo nemico è inferiore al 50%, ottieni 30..150 Punto[i] Salute.;2;5;22;4;0;5;.25;10;0;0;0;0;0;0;0;
1070;Contamina Incantesimi;Verzauberungen schänden;Magia. L'obiettivo nemico e tutti i nemici nei dintorni subiscono 6..60 danno[i] da ombra e 4..20 danno[i] da ombra per ogni incantesimo presente su di loro.;2;7;22;4;0;10;2;15;0;0;0;0;0;0;0;
1071;Brividi di Terrore;Angstschauer;Fattura. Dura 10..40 secondo[i]. se l'obiettivo nemico subisce un danno da freddo mentre usa un'abilità, viene interrotto e tu perdi 8..3 Punto[i] Energia oppure i Brividi di Terrore terminano.;2;7;24;4;0;10;2;15;0;0;0;0;0;0;0;
1075;Sciame Vampirico;Vampirschwarm;Magia. Lo Sciame Vampirico sottrae fino a 15..60 Punti Salute da un massimo di tre nemici nell'area.;2;4;22;4;0;15;2;8;0;0;0;0;0;0;0;
1076;Bevi Sangue;Bluttrinker;Magia. Se la tua Salute è superiore al 90%, inizi a sanguinare per 6 secondo[i]. sottrai fino a 20..65 Punto[i] Salute all'obiettivo nemico.;2;4;22;4;0;5;2;8;0;0;0;0;0;0;0;
1077;Morso del Vampiro;Vampirbiss;Abilità. Tocca l'obiettivo nemico per sottrargli fino a 29..74 Punto[i] Salute.;2;4;1;4;0;15;.75;2;0;0;0;0;0;0;0;
1078;Morso dello Sguazzatore;Suhlerbiss;Abilità. L'obiettivo nemico toccato subisce 20..58 danno[i].;2;4;1;4;0;1;.75;3;0;10;0;0;0;0;0;
1079;Tocco Debilitante;Schwächende Berührung;Abilità. L'obiettivo nemico toccato perde 5..65 Punto[i] Salute e soffre di Debolezza per 5..20 secondo[i].;2;7;1;4;0;5;.75;3;0;0;0;0;0;0;0;
1081;Vento di Teinai;Teinais Wind;Magia. L'obiettivo nemico e i nemici adiacenti subiscono 10..40 danni da freddo. I nemici affetti da Bruciatura che vengono colpiti dal Vento di Teinai subiscono un danno aggiuntivo di 40..80 e la loro azione viene interrotta.;2;8;22;6;0;10;1;8;0;0;0;0;0;0;0;
1082;Freccia dello Shock;Schockpfeil;Magia. Lanci una Freccia dello Shock che vola rapidamente verso l'obiettivo nemico infliggendo 5..50 danni da fulmine. Se colpisce un nemico che soffre di Armatura Incrinata, ottieni 5 Punti Energia e 1 Punto Energia per ogni 2 gradi della Riserva di Energia. La Freccia dello Shock ha una penetrazione dell'armatura del 25%.;2;8;22;6;0;5;1;8;0;0;0;0;0;0;0;
1083;Terreno Instabile;Schwankender Boden;Magia d'Élite. Crei un Terreno Instabile nella posizione dell'obiettivo nemico. Per 5 secondi i nemici nei dintorni subiscono 10..40 danni da terra al secondo. I nemici all'attacco colpiti dal Terreno Instabile vengono abbattuti.;2;9;22;6;0;10;2;15;0;0;1;0;0;0;0;
1084;Armatura Scheggiante;Splitter-Rüstung;Incantesimo. Per 5..11 secondi, hai un 25..50% di probabilità di bloccare gli attacchi e, se ti viene lanciata contro una magia ostile o un attacco, un nemico nei dintorni subisce 5..35 danni da terra.;2;9;23;6;0;10;1;30;0;0;0;0;0;0;0;
1085;Esplosione di Cenere;Aschenexplosion;Fattura. Infligge 35..65 danni da terra all'obiettivo e ai nemici adiacenti. I nemici affetti da Bruciatura che vengono colpiti da Esplosione di Cenere subiscono la fattura per 5 secondi e hanno una possibilità del 20..75% di mancare l'obiettivo.;2;9;24;6;0;5;1;10;0;0;0;0;0;0;0;
1086;Passo del Drago;Drachenstampfer;Magia. Evochi un Passo del Drago nella posizione dell'obiettivo nemico. Tutti i nemici nei dintorni di questa posizione vengono abbattuti e subiscono 26..100 danni da terra.;2;9;22;6;0;25;3;15;0;0;0;0;10;0;0;
1088;Seconda Opportunità;Zweite Chance;Magia d'Élite. Ottieni 1 Punti Energia e 5 Punti Salute per ogni punto Energia limitato da Sforzo. Perdi tutti gli incantesimi.;2;-1;22;6;0;5;1;5;0;0;1;0;5;0;0;
1090;Brace Ardente;Glühende Kohle;Fattura. L'obiettivo nemico subisce 10..70 danni da fuoco. Se sei sotto Sforzo, quel nemico viene raggiunto da Brace Ardente per 3 secondi e subisce 5..25 danni da fuoco aggiuntivi per ogni secondo.;2;10;24;6;0;10;1.5;7;0;0;0;0;0;0;0;
1091;Drago Doppio;Doppeldrache;Incantesimo d'Élite. Invochi il potere del Drago. Per 8 secondi, tu e l'obiettivo alleato siete affetti dall'incantesimo Drago Doppio. I nemici adiacenti sono colpiti da 10..40 danni da fuoco al secondo. Inoltre, quando tu o il tuo alleato usate abilità per mirare a un nemico, questi prende fuoco per 1..4 secondi.;2;10;23;6;0;10;1;15;0;0;1;0;0;0;0;
1093;Calore di Teinai;Teinais Hitze;Guardia. Metti una guardia del Calore di Teinai nella tua posizione per 10..15 secondi. Degenerazione Salute dei nemici nell'area della guardia: 2..5. I nemici indeboliti attaccano più lentamente del 33%. Questa abilità verrà disabilitata per 20 secondi.;2;10;26;6;0;15;1;20;0;0;0;0;0;0;0;
1094;Alito di Fuoco;Feueratem;Magia. Crei un Alito di Fuoco nella posizione attuale dell'obiettivo nemico. Per 5 secondi, i nemici adiacenti a quella posizione subiscono 10..40 danni da fuoco al secondo.;2;10;22;6;0;5;2;10;0;0;0;0;10;0;0;
1095;Esplosione Stellare;Sternenexplosion;Magia d'Élite. L'obiettivo nemico toccato e tutti i nemici nell'area subiscono 7..112 danni da fuoco e prendono fuoco per 1..4 secondi. Ottieni 2 Punti Energia per ogni nemico che colpisci.;2;10;22;6;0;5;.75;7;0;0;1;0;0;0;0;
1096;Glifo dell'Essenza;Glyphe der Essenz;Glifo. Per 15 secondi la tua prossima magia viene lanciata immediatamente ma ti fa perdere tutta l'Energia.;2;-1;16;6;0;5;1;20;0;0;0;0;0;0;0;
1097;Prigione di Teinai;Teinais Gefängnis;Fattura. Per 1..8 secondi le gambe dell'obiettivo nemico sono imprigionate nel ghiaccio e la sua velocità diminuisce del 66%. Se quel nemico soffre di Armatura Incrinata, il gelo penetra all'interno causando una degenerazione Salute di 5..9.;2;11;24;6;0;10;1;15;0;0;0;0;0;0;0;
1098;Specchio di Ghiaccio;Eisspiegel;Fattura d'Élite. Infrangi uno Specchio di Ghiaccio. I nemici vicino a te e all'obiettivo alleato subiscono 15..70 danni da freddo e la loro velocità diminuisce di un 66% per 2..6 secondi. Se colpisci un nemico sotto l'effetto di una Magia dell'Acqua, lo Specchio di Ghiaccio si ricarica più velocemente del 50%.;2;11;24;6;0;10;.75;15;0;0;1;0;0;0;0;
1099;Cristalli di Teinai;Teinais Kristalle;Magia. L'obiettivo nemico subisce 20..40 danni. Se l'obiettivo nemico ha una fattura Magia dell'Acqua, questo incantesimo colpisce l'obiettivo e tutti i nemici nei dintorni per un danno aggiuntivo di 20..40 e i nemici nei dintorni soffrono inoltre di Armatura Incrinata per 5..15 secondi.;2;9;22;6;0;5;1;8;0;0;0;0;0;0;0;
1113;Indignazione del Kirin;Kirins Zorn;Magia. Per 5 secondi, i nemici adiacenti al luogo in cui viene lanciata questa magia subiscono 8..32 danno[i] sacro[i] al secondo.;2;14;22;3;0;5;1;10;0;0;0;0;0;0;0;
1114;Legame dello Spirito;Geisterbindung;Incantesimo. Dura 8 secondo[i]. ogni volta che l'obiettivo (un alleato o te stesso) subisce più di 50 danno[i] dai 10 attacchi o magie successivi, viene curato di 30..90 Punto[i] Salute.;2;15;23;3;0;10;.25;2;0;0;0;0;0;0;0;
1115;Aria dell'Incantesimo;Flair der Verzauberung;Incantesimo d'Élite. Per 4..10 secondo[i] gli incantesimi lanciati su un obiettivo alleato costano 10 Punto[i] Energia in meno (min. 1 Punto[i] Energia).;2;15;23;3;0;5;.25;8;0;0;1;0;0;0;0;
1117;Delizia del Paradiso;Himmlische Wonne;Magia. Cura te stesso e i membri della squadra a portata d'orecchio di 15..60 punto[i].;2;16;22;3;0;5;1;12;0;0;0;0;0;0;0;
1118;Esplosione Guaritrice;Heilsalve;Magia d'Élite. L'obiettivo alleato viene curato di 20..120 Punti Salute. Tutti i membri della squadra a portata d'orecchio dell'obiettivo ottengono i Punti Salute del Favore Divino. Le tue Preghiere Punitive vengono disattivate per 20 secondi.;2;13;22;3;0;5;.75;6;0;0;1;0;0;0;0;
1119;Circolo Guaritore di Karei;Kareis Heilkreis;Magia. Curi te stesso e tutte le creature adiacenti di 30..180 punto[i].;2;13;22;3;0;10;1;5;0;0;0;0;0;0;0;
1120;Sguardo di Jamei;Jameis Starren;Magia. Curi l'alleato di 35..180 Punto[i] Salute.;2;13;22;3;0;10;.75;3;0;0;0;0;0;0;0;
1121;Dono della Salute;Geschenk des Lebens;Magia. Tutte le altre abilità che hai equipaggiato associate alle Preghiere Curative vengono disattivate per 10..5 secondo[i]. l'obiettivo alleato viene curato di 15..150 Punto[i] Salute.;2;13;22;3;0;5;.75;5;0;0;0;0;0;0;0;
1123;Preserva Vita;Lebensmantel;Incantesimo d'Élite. Condizioni rimosse dall'obiettivo alleato: 0..2. Per 8 secondi, la volta successiva in cui l'alleato viene colpito da un attacco che dovrebbe infliggere danni o sottrazione vita, ottiene il corrispettivo in punti Salute (max. 20..100) dei danni o della sottrazione vita.;2;15;23;3;0;5;.25;2;0;0;1;0;0;0;0;
1126;Rimozione Empatica;Ausdrückliche Entfernung;Magia d'Élite. Tu e l'obiettivo alleato perdete 1 condizione e 1 fattura e venite curati di 50.;2;-1;22;3;0;5;1;7;0;0;1;0;0;0;0;
1128;Salmodia di Resurrezione;Gesang der Wiederbelebung;Magia. Resusciti l'obiettivo alleato con un massimo di Salute equivalente alla tua Salute attuale ed un 5..35% della tua Energia. La portata di questa magia è la metà del normale.;2;13;22;3;0;10;6;15;0;0;0;0;0;0;0;
1129;Parola di Biasimo;Wort des Tadels;Magia d'Élite. Il nemico bersaglio subisce 30..130 di danni sacri. Se il tuo obiettivo aveva meno del 50% di Salute, Parola di Biasimo ci mette 20 secondo/i extra per ricaricarsi.;2;14;22;3;0;10;1;2;0;0;1;0;0;0;0;
1130;Lancia di Luce;Speer des Lichts;Magia. La Lancia di Luce vola verso l'obiettivo nemico e, se va a segno, infligge 26..56 danno[i] sacro[i]. se colpisce un nemico all'attacco gli infligge +15..60 danno[i].;2;14;22;3;0;5;1;15;0;0;0;0;0;0;0;
1131;Colpo di Stonesoul;Steinseelenschlag;Abilità. L'obiettivo nemico toccato subisce 10..55 danno[i] sacro[i]. Se è a terra subisce 10..55 danno[i] sacro[i] in più.;2;14;1;3;0;5;.75;8;0;0;0;0;0;0;0;
1133;Colpo Ebbro;Betrunkener Schlag;Attacco Ravvicinato. Se questo attacco va a segno, infliggi +10..40 danno[i] e l'obiettivo è affetto da una delle seguenti condizioni: Ferita Profonda (per 20 secondi), Debolezza (per 20 secondi), Emorragia (per 25 secondi) o Storpiatura (per 15 secondi). Dopo aver sferrato il Colpo Ebbro, cadi a terra.;2;21;3;1;0;5;0;7;0;0;0;0;0;0;0;
1134;Colpo del Leviatano;Leviathanschlag;Attacco Ravvicinato. Se questo attacco va a segno, infliggi +5..20 danno[i]. se viene bloccato, l'obiettivo viene abbattuto e subisce 10..34 danno[i].;2;17;3;1;0;5;0;8;0;0;0;0;0;0;0;
1135;Colpo di Jaizhenju;Jaizhenjuschlag;Attacco con Spada. Se il Colpo di Jaizhenju va a segno, infliggi +1..30 danno[i]. Se non stai utilizzando una Posizione, il Colpo di Jaizhenju non può essere bloccato.;2;20;10;1;0;5;0;8;0;0;0;0;0;0;0;
1136;Fendente Penetrante;Durchdringender Hieb;Attacco con Ascia. Se va a segno infliggi +10..25 danno[i]. Questo attacco con l'ascia ha il 20% di capacità di penetrazione delle armature.;2;18;4;1;0;0;0;0;4.8;0;0;0;0;0;0;
1137;Percossa dello Yeti;Yetischlag;Attacco con Martello. Perdi tutta l'adrenalina. Colpisce tutti i nemici adiacenti. Se questo attacco colpisce un nemico affetto da una condizione, il nemico va a terra. (50% di probabilità di fallimento con Abilità col Martello di grado 4 o inferiore).;2;19;8;1;0;0;0;0;6;0;0;0;0;0;0;
1141;"Morirai!";"Ihr werdet sterben!";Urlo. Se la Salute del nemico bersaglio è meno del 90%, ottieni 1..3 colpo/i da adrenalina.;2;17;20;1;0;5;0;15;0;0;0;0;0;0;0;
1142;Parata Propizia;Günstige Abwehr;Posizione d'Élite. Per 8 secondo[i], il prossimo attacco a te diretto viene bloccato. Ottieni 1..4 dose[i] di adrenalina al termine di questa posizione.;2;21;29;1;0;0;0;2;1;0;1;0;0;0;0;
1144;Fendente di Aladargento;Silberflügel-Hieb;Attacco con Spada. Questo attacco infligge +1..40 danno[i] se va a segno.;2;20;10;1;0;0;0;0;7;0;0;0;0;0;0;
1146;Spintone;Schubs;Abilità d'Élite. Il bersaglio nemico che tocchi subisce 15..75 danni, perde la propria posizione e viene atterrato.;2;21;1;1;0;5;.75;10;0;0;1;0;0;0;0;
1191;Attacco della Separazione;Trennender Angriff;Attacco con Arco. Se va a segno, questo attacco provoca +5..25 danno[i] e ha un 10% di capacità di penetrazione delle armature.;2;25;2;2;0;10;.75;4;0;0;0;0;0;0;0;
1192;Tiro di Zojun;Zojuns Schuss;Attacco con Arco. Scocca una freccia che ha una portata pari a metà del normale, ma infligge +10..40 danno[i].;2;23;2;2;0;5;0;3;0;0;0;0;0;0;0;
1194;Legame Predatore;Raubtierverbindung;Urlo. Per 5..20 secondi gli attacchi della tua mascotte sono più veloci di un 25%. Gli attacchi messi a segno ti curano di 1..31 Punti Salute.;2;22;20;2;0;10;0;30;0;0;0;0;0;0;0;
1195;Guarigione Congiunta;Gemeinsame Heilung;Abilità d'Élite. Per 15 secondo[i], la tua mascotte sottrae 1..20 Punto[i] Salute quando un suo attacco va a segno. Tu e la tua mascotte venite curati di 20..104 Punto[i] Salute. Se la tua mascotte è morta, viene resuscitata con un 50% di Salute. Se sei equipaggiato di questa abilità, la mascotte potrà viaggiare insieme a te.;2;22;1;2;0;5;1;5;0;0;1;0;0;0;0;
1196;Fretta di Zojun;Zojuns Eile;Posizione. Per 5..11 secondo[i], la tua velocità aumenta del 33% e hai un 27..75% di probabilità di bloccare i proiettili in arrivo. La Fretta di Zojun termina se attacchi.;2;23;29;2;0;5;0;30;0;0;0;0;0;0;0;
1197;Tiro Pungente;Nadelschuss;Attacco con Arco. Il Tiro Pungente infligge solo 10..30 di danni e ha una velocità superiore a quella standard. Se colpisce un nemico con Salute inferiore a un 50%, si ricarica all'istante. Le altre abilità di attacco di cui disponi vengono disattivate per 2 secondi.;2;25;2;2;0;5;.75;4;0;0;0;0;0;0;0;
1198;Freccia a Punta Larga;Stahlspitzenpfeil;Attacco con Arco d'Élite. Lanci una freccia a punta larga che si muove più lentamente del normale. se va a segno, l'obiettivo nemico viene stordito per 5..20 secondo[i] e se sta lanciando una magia, questa viene interrotta.;2;25;2;2;0;10;0;10;0;0;1;0;0;0;0;
1199;Frecce di Vetro;Glaspfeile;Preparazione d'Élite. Per 10..35 secondo[i] le tue frecce infliggono +6..20 danno[i] se vanno a segno e provocano Emorragia per 10..20 secondo[i] se vengono "bloccate".;2;23;17;2;0;5;2;12;0;0;1;0;0;0;0;
1200;Sigillo dell'Arciere;Siegel des Bogenschützen;Sigillo d'Élite. Per 1..24 secondo[i] le condizioni da te applicate mentre impugni l'arco durano un 150% in più.;2;23;21;2;0;0;1;12;0;0;1;0;0;0;0;
1201;Balzo Selvaggio;Wilder Sprung;Attacco con Mascotte. La tua mascotte si cimenta in un Balzo Selvaggio che infligge +5..20 danno[i]. se colpisce un nemico che sta compiendo una magia, lo abbatte.;2;22;11;2;0;5;0;10;0;0;0;0;0;0;0;
1202;Guizzo Furioso;Erzürnter Ausfall;Attacco d'Élite con Mascotte. La tua mascotte si cimenta in un Guizzo Furioso che causa una Ferita profonda all'obiettivo nemico per 5..20 secondi e infligge +10..50 di danni.;2;22;11;2;0;5;0;5;0;0;1;0;0;0;0;
1203;Lacerazione Bestiale;Bestienattacke;Attacco con Mascotte. La tua mascotte si cimenta in una Lacerazione Bestiale che infligge +5..20 danno[i]. Se colpisce un avversario a terra lo stordisce per 4..10 secondo[i].;2;22;11;2;0;5;0;10;0;0;0;0;0;0;0;
1205;Morso Velenoso;Giftbiss;Attacco con Mascotte. La tua mascotte si cimenta in un Morso Velenoso che avvelena l'obiettivo nemico per 5..20 secondi.;2;22;11;2;0;5;0;7;0;0;0;0;0;0;0;
1206;Balzo;Sprung;Attacco con Mascotte. Il prossimo attacco della tua mascotte sarà un Balzo che infligge +5..20 danno[i]. se colpisce un nemico in movimento, lo abbatte.;2;22;11;2;0;5;0;10;0;0;0;0;0;0;0;
1209;Furia Bestiale;Bestienwut;Posizione. Tutte le tue abilità sono disattivate per 5 secondi (fatta eccezione per le abilità di attacco). Per 5..11 secondo[i], la tua velocità d'attacco aumenta del 25%.;2;22;29;2;0;10;0;10;0;0;0;0;0;0;0;
1211;Nido di Vipera;Vipernnest;Trappola. Crei un Nido di Vipera. Quando viene attivato, tutti i nemici nei dintorni vengono colpiti da 5..35 danno[i] perforanti e vengono avvelenati per 5..20 secondo[i]. Il Nido di Vipera termina dopo 90 secondo[i]. Questa trappola viene facilmente interrotta.;2;22;30;2;0;10;2;20;0;0;0;0;0;0;0;
1212;Equinozio;Tagundnachtgleiche;Rituale della Natura d'Élite. Crei uno spirito di livello 1..10. Le magie che provocano Sforzo lanciate nel suo raggio procureranno 10 di Sforzo in più. Lo spirito si esaurisce dopo 30..240 secondi.;2;24;19;2;0;10;2;15;0;0;1;0;0;0;0;
1213;Tranquillità;Ruhe (PvP);Rituale della Natura. Crei uno Spirito di livello 1..10. Gli incantesimi lanciati dalle creature nella sua portata (Spiriti esclusi) si esauriscono un 20..50% più velocemente. Lo Spirito si esaurisce dopo 15..120 secondo[i].;2;24;19;2;0;15;2;60;0;0;0;0;0;0;0;
1215;Clamore delle Anime;Gezeter der Seelen;Magia d'Élite. L'obiettivo nemico e tutti i nemici nei dintorni subiscono 10..65 danno[i] da fulmine. Se ti trovi a portata d'orecchio di uno Spirito o stai trasportando un carico ottieni 10 Punto[i] Energia.;2;34;22;8;0;10;1;8;0;0;1;0;0;0;0;
1217;Lord Rituale;Herr der Rituale;Abilità d'Élite. Per 5..35 secondo[i], i tuoi attributi di Ritualista aumentano di 2..4 per la prossima abilità. Se tale abilità è un Rituale Incatenante, si ricarica di un 10..60% più velocemente e Lord Rituale si ricarica istantaneamente.;2;36;1;8;0;0;0;45;0;2;1;0;0;0;0;
1218;Daoshen era Crudele;Grausam war Daoshen;Magia Altera-oggetto. Mantieni le ceneri di Kaolai per un massimo di 15..60 secondo[i]. Mentre mantieni le ceneri di Kaolai, tutte le abilità Ritualista ricevono +10% di penetrazione armatura. Quando rilasci le ceneri, tutti i nemici nei dintorni subiscono 15..85 danno[i] da fulmine.;2;34;25;8;0;15;2;30;0;0;0;0;0;0;0;
1219;Kaolai era Protettivo;Schützend war Kaolai;Magia Altera-oggetto. Mantieni le ceneri di Kaolai per un massimo di 15..60 secondo[i]. mentre le mantieni, ottieni +20 di armatura. Quando le lasci cadere, tutti i membri della squadra vengono curati di 20..95 Punto[i] Salute.;2;33;25;8;0;10;1;20;0;0;0;0;0;0;0;
1220;Songkai era in Sintonia;Eingestimmt war Songkai;Magia d'Élite Altera-oggetto. Mantieni le ceneri di Songkai per un massimo di 45 secondo[i]. mentre le mantieni, le tue magie e i tuoi Rituali Incatenanti costano -5..50% dell'Energia di base per essere lanciati.;2;36;25;8;0;10;1.5;30;0;0;1;0;0;0;0;
1221;Xiko era Determinata;Unverwüstlich war Xiko;Magia Altera-oggetto. Mantieni le ceneri di Xiko per un massimo di 5..20 secondo[i]. ottieni una Rigenerazione della Salute di +3 per ogni fattura o condizione dalla quale sei affetto mentre hai le sue ceneri. Lasciando cadere le ceneri perdi 1..4 condizione[i].;2;33;25;8;0;5;1;10;0;0;0;0;0;0;0;
1222;Naomei era Vivace;Lebhaft war Naomei;Magia Altera-oggetto. Mantieni le ceneri di Naomei per un massimo di 45 secondo[i]. quando le lasci cadere, tutti i membri della squadra nell'area vengono resuscitati con un 15..75% di Salute e zero Energia.;2;33;25;8;0;15;6;20;0;0;0;0;0;0;0;
1223;Lingwah era Tormentata;Gequält war Lingwah;Magia Altera-oggetto. Mantieni le ceneri di Kaolai per un massimo di 10..60 secondo[i]. Menrte mantieni le ceneri, le tue fatture Ritualista costano 1..5 Punto[i] Energia in meno e durano un 50% in più. Quando rilasci le ceneri, tutte le tue fatture Ritualista si ricaricano.;2;36;25;8;0;5;1.5;30;0;0;0;0;0;0;0;
1224;Trascina Spirito;Geist entziehen;Magia. Teletrasporti nella tua posizione lo Spirito alleato preso di mira.;2;-1;22;8;0;5;.25;5;0;0;0;0;0;0;0;
1225;Colpo Incanalato;Gelenkter Schlag;Magia. L'obiettivo nemico subisce 5..95 danno[i] da fulmine. se hai in mano un oggetto, quel nemico subisce 5..35 danno[i] da fulmine in più.;2;34;22;8;0;10;2;4;0;0;0;0;0;0;0;
1226;Colpo di Soccorso dello Spirito;Geistersegenstoß;Magia. L'obiettivo nemico subisce 20..65 danno[i] da fulmine e tutti gli Spiriti vicini a te ottengono 20..65 Punto[i] Salute.;2;34;22;8;0;5;1;3;0;0;0;0;0;0;0;
1227;Colpo dell'Essenza;Essenzschlag;Magia. L'obiettivo nemico subisce 15..60 danno[i] da fulmine. se sono presenti degli Spiriti a portata d'orecchio, ottieni 1..9 Punto[i] Energia.;2;34;22;8;0;5;1;8;0;0;0;0;0;0;0;
1228;Sifone dello Spirito;Geist abzapfen;Magia. Lo spirito più vicino a te perde tutta l'energia. Ottieni un 30..60% di quell'Energia.;2;34;22;8;0;5;.25;3;0;0;0;0;0;0;0;
1229;Crescita Esplosiva;Explosives Wachstum;Incantesimo. Dura 15..60 secondo[i]. ogni volta che crei una creatura, fino a 5 nemico[i] vicini ad essa subiscono 20..65 danno[i] da fulmine.;2;36;23;8;0;5;2;45;0;0;0;0;0;0;0;
1230;Soccorso della Creazione;Segen der Schöpfung;Incantesimo. Per 15..60 secondo[i], ogni volta che dai vita ad una creatura, ottieni 5..50 Punto[i] Salute e 1..6 Punto[i] Energia.;2;36;23;8;0;10;2;45;0;0;0;0;0;0;0;
1231;Incanalamento dello Spirito;Geisterlenkung;Incantesimo d'Élite. Per 12 secondo[i] ottieni una Rigenerazione dell'Energia di +1..6. Se ti trovi nella portata d'orecchio di uno spirito quando lanci questa magia, ottieni 3..12 Punti Energia.;2;36;23;8;0;5;1;30;0;0;1;0;0;0;0;
1232;Armatura dell'Insensibile;Rüstung der Gefühllosigkeit;Abilità. Per 10..35 secondi i tuoi spiriti a portata d'orecchio subiscono un 50% di danni in meno e sono immuni agli attacchi critici.;2;32;1;8;0;5;1;20;0;0;0;0;0;0;0;
1233;Ricordi Rassicuranti;Beruhigende Erinnerungen;Magia. Curi l'obiettivo (un alleato o te stesso) di 10..100 Punto[i] Salute. se hai tra le mani un oggetto ottieni 3 Punto[i] Energia.;2;33;22;8;0;5;.75;4;0;0;0;0;0;0;0;
1234;Cura Corpo e Anima;Körper und Seele heilen;Magia. L'obiettivo alleato viene curato di 20..115 Punti Salute. Tale alleato perde una condizione per ogni Spirito a portata d'orecchio.;2;33;22;8;0;5;.75;3;0;0;0;0;0;0;0;
1235;Arma Smussata;Stumpfe Waffe;Fattura. Per 5..20 secondo[i], l'obiettivo nemico e tutti i nemici nei dintorni non possono mettere a segno un colpo critico e infliggono 3..20 danno[i] in meno.;2;32;24;8;0;15;1;20;0;0;0;0;0;0;0;
1236;Catene Vincolanti;Fesselnde Ketten;Fattura. Per 3 secondo[i] la velocità dell'obiettivo nemico e dei nemici nei dintorni diminuisce di un 90% e i nemici subiscono 1..30 danno[i] al secondo se in movimento.;2;32;24;8;0;10;1;15;0;0;0;0;0;0;0;
1237;Legame Doloroso;Schmerzhafte Bindung;Fattura. Dura 10..20 secondo[i]. l'obiettivo nemico e tutti i nemici nei dintorni subiscono gli effetti della fattura Legame Doloroso e 8..20 danno[i] ogni volta che vengono colpiti da uno Spirito.;2;34;24;8;0;15;1;12;0;0;0;0;0;0;0;
1238;Sigillo della Creazione;Siegel der Schöpfung;Sigillo. Ottieni 4 Punto[i] Energia per ogni creatura evocata sotto il tuo controllo e a portata d'orecchio (max 3..12 Punto[i] Energia).;2;36;21;8;0;0;1;20;0;0;0;0;0;0;0;
1239;Sigillo degli Spiriti;Siegel der Geister;Sigillo d'Élite. Crea tre spiriti di livello 1..12. I loro attacchi infliggono 5..20 danni gli spiriti si esauriscono dopo 60 secondi.;2;34;21;8;0;0;1;30;0;0;1;0;0;0;0;
1240;Distorsione dell'Anima;Seelenverflechtung;Abilità d'Élite. Per 5..45 secondo[i], il tuo Rituale Incatenante costa 15 Punto[i] Energia in meno (min 5) e si ricarica istantaneamente. Distorsione dell'Anima termina dopo 1..3 Rituale[i] Incatenante[i].;2;36;1;8;0;5;0;15;0;0;1;0;0;0;0;
1244;Fretta Spettrale;Geisterhafte Eile;Incantesimo. Per 5..30 secondo[i] le magie lanciate mentre ti trovi nella portata d'orecchio di uno Spirito si ricaricano con una velocità maggiore del 25%.;2;36;23;8;0;10;1;20;0;0;0;0;0;0;0;
1245;Sguardo dall'Aldilà;Blick aus dem Jenseits;Magia. L'obiettivo nemico subisce 20..65 danno[i] da fulmine. Se ti trovi entro la portata d'orecchio di uno spirito, l'obiettivo nemico viene accecato per 2..6 secondo[i].;2;34;22;8;0;5;1;10;0;0;0;0;0;0;0;
1246;Ira degli Antenati;Wut der Vorfahren;Abilità. Per 1 secondo[i], non si verificano effetti. Al termine dell'abilità, tutti i nemici adiacenti all'obiettivo alleato subiscono 5..110 danno[i] da fulmine.;2;34;1;8;0;5;.25;10;0;0;0;0;0;0;0;
1247;Dolore;Schmerzen;Rituale Incatenante. Crei uno Spirito di livello 1..12 i cui attacchi infliggono 5..30 danno[i]. Lo Spirito si esaurisce dopo 30..150 secondo[i].;2;32;18;8;0;5;.75;30;0;0;0;0;0;0;0;
1249;Spostamento;Verschiebung;Rituale Incatenante. Crei uno Spirito di livello 1..14. Tutti gli alleati (Spiriti esclusi) nella sua portata hanno un 75% di probabilità di bloccare gli attacchi in arrivo. ogni volta che un attacco viene bloccato in questo modo, lo Spirito subisce 60 danno[i]. Questo Spirito si esaurisce dopo 30..60 secondo[i].;2;32;18;8;0;15;.75;45;0;0;0;0;0;0;0;
1250;Preservazione;Erhaltung;Rituale Incatenante d'Élite. Crei uno Spirito di livello 1..14. Ogni 4 secondi questo Spirito cura un alleato nell'area (Spiriti esclusi) di 10..115 Punto[i] Salute. Lo Spirito si esaurisce dopo 90 secondo[i].;2;33;18;8;0;5;.75;20;0;0;1;0;0;0;0;
1251;Vita;Leben;Rituale Incatenante. Crei uno Spirito di livello 1..14. Quando si esaurisce, tutti gli alleati nella sua portata (Spiriti esclusi) vengono curati di 1..7 Punto[i] Salute per ogni secondo di vita dello Spirito. Questo Spirito si esaurisce dopo 20 secondo[i].;2;33;18;8;0;10;.75;20;0;0;0;0;0;0;0;
1252;Legaterra;Erdbindung;Rituale Incatenante. Crei uno Spirito di livello 1..14. Tutti i nemici abbattuti nella sua portata (Spiriti esclusi) restano a terra per almeno 3 secondi. Ogni volta che ciò accade, lo Spirito perde 50..25 Punto[i] Salute. Lo Spirito si esaurisce dopo 15..45 secondo[i].;2;32;18;8;0;15;1;30;0;0;0;0;0;0;0;
1253;Canto Sanguinario;Blutgesang;Rituale Incatenante. Crei uno Spirito di livello 1..12 che si esaurisce dopo 30..150 secondo[i]. i suoi attacchi sottraggono fino a 5..25 Punto[i] Salute.;2;34;18;8;0;5;.75;30;0;0;0;0;0;0;0;
1255;Spirito Vagabondo;Fernweh;Rituale Incatenante d'Élite. Crei uno Spirito di livello 1..12. Ogni volta che i suoi attacchi colpiscono un nemico fermo, lo abbattono e lo Spirito perde 70..50 Punto[i] Salute. Questo Spirito si esaurisce dopo 30..60 secondo[i].;2;32;18;8;0;10;1;45;0;0;1;0;0;0;0;
1257;Arma della Luce dello Spirito;Geisterlichtwaffe;Magia d'Élite Altera-arma. Per 10 secondo[i], l'obiettivo (un alleato o te stesso) ottiene 5..25 Punto[i] Salute al secondo e 5..25 Punto[i] Salute in più al secondo se si trova a portata d'orecchio di uno Spirito.;2;33;27;8;0;5;1;5;0;0;1;0;0;0;0;
1258;Arma Brutale;Grausame Waffe;Magia Altera-arma. Dai all'obiettivo (un alleato o te stesso) un'Arma Brutale per 10..40 secondo[i]. chi la riceve potrà infliggere +5..15 danno[i] purché non sia sotto l'effetto di incantesimi.;2;32;27;8;0;10;1;15;0;0;0;0;0;0;0;
1259;Arma Guidata;Gelenkte Waffe;Magia Altera-arma. Per 4..10 secondo[i], gli attacchi dell'obiettivo (un alleato o te stesso) non possono essere bloccati.;2;32;27;8;0;5;2;5;0;0;0;0;0;0;0;
1260;Mansuetudine;Sanftmut;Fattura. Per 5..30 secondo[i], la velocità d'attacco dell'obiettivo nemico e di tutti i nemici nell'area diminuisce di un 50%.;3;7;24;4;0;15;1;20;0;17;0;0;0;0;0;
1261;Armatura Glaciale;Kalte Rüstung;Incantesimo. Per 10..25 secondi, hai +10..40 di armatura contro il danno fisico e non subisci Bruciatura.;3;11;23;6;0;5;1;20;0;0;0;0;0;0;0;
1262;Circolo della Guarigione;Heilring;Magia. Cura le creature adiacenti di 30..180 Punto[i] Salute. Chi lo lancia non riceve cure.;3;13;22;3;0;5;1;10;0;0;0;0;0;0;0;
1263;Rinnova Vita;Leben verlängern;Magia. Resusciti l'obiettivo morto toccato con il 50% di Salute e un 5..20% di Energia. Quel compagno e tutti gli alleati a portata d'orecchio vengono curati di 55..130 Punto[i] Salute.;3;13;22;3;0;15;4;5;0;0;0;0;0;0;0;
1264;Fato;Untergang;Magia. Infliggi all'obiettivo nemico 10..60 danno[i] da fulmine (max. 135) per ogni rituale incatenante equipaggiato che si sta ricaricando.;2;36;22;8;0;10;1;8;0;0;0;0;0;0;0;
1265;Soccorso del Portatore;Segen des Ausübers;Magia. Curi l'obiettivo (un alleato o te stesso) di 15..60 punto[i]. se l'obiettivo è affetto da una magia altera-arma, viene curato di 15..75 Punto[i] Salute in più.;2;33;22;8;0;5;.25;4;0;0;0;0;0;0;0;
1266;Rasserenamento;Beruhigung;Rituale Incatenante. Crei uno Spirito di livello 1..12. Tutti i nemici nel suo raggio d'influenza impiegano il doppio di tempo per generare Adrenalina. Lo Spirito si esaurisce dopo 15..45 secondo[i].;2;32;18;8;0;15;1;45;0;0;0;0;0;0;0;
1267;Arma Vitale;Wesentliche Waffe;Magia Altera-arma. Per 5..30 secondo[i], l'obiettivo (un alleato o te stesso) ottiene un'Arma Vitale e +40..175 di Salute massima.;2;32;27;8;0;5;1;2;0;0;0;0;0;0;0;
1268;Arma dell'Accelerazione;Waffe der Beschleunigung;Magia d'Élite Altera-arma. Per 5..25 secondo[i], l'obiettivo (un alleato o te stesso) ottiene un'Arma dell'Accelerazione che fa ricaricare ad una velocità maggiore del 33% le magie e i rituali incatenanti.;2;32;27;8;0;5;1;5;0;0;1;0;0;0;0;
1269;Sigillo dell'Ira;Siegel der Wut;Sigillo. L'obiettivo nemico subisce 5..50 danno[i] sacro[i] e +5..10 danno[i] sacro[i] per ogni abilità d'adrenalina che ha equipaggiato.;2;14;21;3;0;0;1;20;0;0;0;0;0;0;0;
1333;Prolunga Condizioni;Zustände ausweiten;Magia d'Élite. Diffondi tutte le condizioni dall'obiettivo nemico a tutti i nemici vicini a lui. Incremento durata di queste condizioni: 5..100% (max 30 secondi).;3;3;22;5;0;5;.25;5;0;0;1;0;0;0;0;
1334;Ipocondria;Hypochondrie;Magia. Trasferisci all'obiettivo nemico tutte le condizioni da cui sono affetti tutti nemici nell'area.;3;-1;22;5;0;5;.25;7;0;0;0;0;0;0;0;
1335;Dipartita del Fannullone;Ableben des Verschwenders;Fattura. Per 5 secondi l'obiettivo nemico è sotto gli effetti della fattura Dipartita del Fannullone. Per ogni secondo in cui l'obiettivo nemico è sotto gli effetti della fattura, lui e tutti i nemici adiacenti subiscono 1..10 danni e 1..10 danni in più per ogni secondo in cui è attiva la fattura. Se il nemico ha attivato un'abilità, la Fattura termina prematuramente.;3;2;24;5;0;5;.25;4;0;0;0;0;0;0;0;
1336;Dolore Spirituale;Geisterschmerz;Magia. Danni subiti dall'obiettivo nemico: 15..75. Tutte le creature ostili evocate nell'area del nemico subiscono 25..125 danni.;3;2;22;5;0;5;1;7;0;0;0;0;0;0;0;
1337;Prosciuga Delusioni;Täuschungen entziehen;Magia. Rimuovi una fattura dell'Ipnotizzatore dall'obiettivo nemico. Se riesci a rimuoverla in questo modo, quel nemico perde 1..5 Punto[i] Energia e tu ottieni 4 Punto[i] Energia per ogni punto perduto.;3;3;22;5;0;5;.25;12;0;0;0;0;0;0;0;
1338;Persistenza della Memoria;Beharrliche Erinnerungen;Incantesimo. Per 5..20 secondo[i], ogni volta che una magia da te lanciata viene interrotta, questa si ricarica all'istante.;3;0;23;5;0;5;1;20;0;0;0;0;0;0;0;
1339;Simboli dell'Ispirazione;Symbole der Inspiration;Abilità d'Élite. Per 6..40 secondo/i questa l'abilità diventa l'élite del nemico colpito. Le abilità élite lanciate usano l'attributo Lancio rapido al posto del loro normale attributo.;3;0;1;5;0;5;1;10;0;0;1;0;0;0;0;
1340;Celerità Simbolica;Symbolische Schnelligkeit;Incantesimo. Per 36..60 secondi tutti i tuoi Sigilli usano l'attributo Lancio Rapido anziché il loro attributo normale.;3;0;23;5;0;15;1;30;0;0;0;0;0;0;0;
1341;Frustrazione;Frustration;Fattura. Per 5..20 secondi la velocità di lancio delle magie dell'obiettivo nemico si riduce di un 50% e il nemico subisce 5..50 danni quando viene interrotto. Se viene interrotta un'abilità, la Frustrazione infligge il doppio dei danni.;3;1;24;5;0;10;1;7;0;0;0;0;0;0;0;
1342;Burla;Reizen;Magia d'Élite. Se l'obiettivo nemico ha attivato un'abilità, lui e gli altri nemici nell'area vengono interrotti e tu sottrai 0..5 Punti Energia a tutti i nemici nell'area.;3;3;22;5;0;5;.25;15;0;0;1;0;0;0;0;
1343;Fantasma Etereo;Äther-Phantom;Fattura. Per 10 secondi l'obiettivo nemico ha una Degenerazione dell'Energia di -1. Se questa fattura viene rimossa prematuramente, il nemico perde 1..5 Punto[i] Energia.;3;3;24;5;0;5;1;10;0;0;0;0;0;0;0;
1344;Rete del Disturbo;Netz der Störung;Fattura. Interrompi l'obiettivo nemico. Per 10 secondo[i] l'obiettivo nemico è affetto dalla fattura della Rete del Disturbo. Quando questa fattura termina, quel nemico viene interrotto nuovamente.;3;-1;24;5;0;5;.25;15;0;0;0;0;0;0;0;
1345;Enigma dell'Incantatore;Rätsel des Verzauberers;Fattura d'Élite. Per 10 secondo/i, il bersaglio lancia incantesimi il 100..200% più lentamente. Se il bersaglio non è sotto l'effetto di un incantesimo quando viene colpito dalla fattura, subisce 10..100 danni e tutti i nemici adiacenti subiscono il 75% di quei danni.;3;2;24;5;0;10;2;10;0;0;1;0;0;0;0;
1346;Sigillo delle Illusioni;Siegel der Illusionen;Sigillo d'Élite. La tua prossima 1..3 magia/e, purché non sia un'illusione, sfrutta l'attributo Illusione al posto del suo normale attributo.;3;1;21;5;0;0;2;5;0;0;1;0;0;0;0;
1347;Congeda Incantesimo;Verzauberung entlassen;Magia. Rimuovi un incantesimo dall'obiettivo nemico. Se quel nemico è sotto gli effetti di una fattura, questa abilità si ricarica con una velocità maggiore del 20..50%.;3;3;22;5;0;10;1;15;0;0;0;0;0;0;0;
1348;Vortice Mangiafattura;Verhexungsfresser-Strudel;Magia d'Élite. Rimuovi un maleficio da un alleato bersaglio. Se un maleficio viene rimosso in questo modo, i nemici nell'area dell'alleato subiscono 30..90 danni e perdono un incantamento.;3;2;22;5;0;5;.25;15;0;0;1;0;0;0;0;
1349;Specchio del Disincanto;Spiegel der Entzauberung;Magia. Rimuovi un incantesimo dall'obiettivo nemico. Quello stesso incantesimo viene rimosso anche da tutti i suoi compagni.;3;-1;22;5;0;5;1;15;0;0;0;0;0;0;0;
1350;Furto Semplice;Simpler Diebstahl;Magia d'Élite. Interrompi l'azione dell'obiettivo nemico. se si trattava di un'abilità viene disattivata per 5..20 secondo[i] e si sostituisce al Furto Semplice.;3;2;22;5;0;10;.25;10;0;0;1;0;0;0;0;
1351;Anima Orrore Storpio;Schlurfschreck beleben;Magia. Sfrutti il cadavere più vicino per creare un orrore storpio di livello 1..17. Quando muore viene rimpiazzato da un orrore seghettato di livello 0..15 che provoca Emorragia ad ogni attacco.;3;5;22;4;0;10;1;25;0;0;0;0;0;0;0;
1352;Ordine della Non-morte;Orden der Untoten;Magia d'Élite. Per 5 secondo[i], i tuoi sgherri infliggono +3..16 danno[i] ma tu perdi il 2% della tua Salute massima ogni volta che uno degli attacchi dei tuoi sgherri va a segno.;3;5;22;4;0;10;1;5;0;0;1;0;0;0;0;
1353;Carne Putrefatta;Verwesendes Fleisch;Magia. Distruggi uno dei tuoi sgherri morti viventi animati presi di mira. Tutti i nemici vicini a quella creatura si ammalano per 5..15 secondo[i].;3;5;22;4;0;10;.25;0;0;0;0;0;0;0;0;
1354;Banchetto per i Morti;Fest für die Toten;Magia. Distruggi il morto vivente alleato animato preso di mira. Tutti gli altri morti viventi alleati animati vengono curati di 10..100 Punto[i] Salute.;3;5;22;4;0;5;.25;10;0;0;0;0;0;0;0;
1355;Ossa Seghettate;Versplitterte Knochen;Incantesimo d'Élite. Per 60 secondo[i], quando il morto vivente selezionato muore, viene rimpiazzato da un orrore seghettato di livello 0..15 che provoca Emorragia con ogni attacco.;3;5;23;4;0;5;1;10;0;0;1;0;0;0;0;
1356;Contagio;Erkrankung;Incantesimo d'Élite. Per 60 secondo[i], ogni volta che subisci una nuova condizione, tutti i nemici nell'area risentono della stessa condizione e tu sacrifichi un 10..5% della Salute massima.;3;5;23;4;0;5;1;10;0;0;1;0;0;0;0;
1358;Polmoni Ulcerosi;Geschwürige Lungen;Fattura. Per 10..30 secondo[i] l'obiettivo nemico e tutti i nemici nei dintorni subiscono una Degenerazione dell'Energia di -4 quando affetti da Emorragia e sanguinano per 5..20 secondo[i] ogni volta che usano un urlo o un canto.;3;7;24;4;0;10;1;10;0;0;0;0;0;0;0;
1359;Dolore del Disincanto;Schmerz der Entzauberung;Magia d'Élite. L'obiettivo nemico perde 1..3 incantesimo[i]. Se un incantesimo viene perso in questo modo, quel nemico e tutti i nemici adiacenti perdono 10..100 Punto[i] Salute.;3;7;22;4;0;10;1;15;0;0;1;0;0;0;0;
1360;Segno della Furia;Zeichen der Wut;Fattura. (Secondi: 5) Qualsiasi alleato colpisca l'obiettivo nemico ottiene 0..2 dose[i] di adrenalina. Al termine della fattura, tale nemico subisce Armatura Incrinata per 1..15 secondo[i].;3;4;24;4;0;5;.75;10;0;0;0;0;0;0;0;
1362;Corrompi Incantesimo;Verzauberung verderben;Fattura d'Élite. Rimuovi un incantesimo dall'obiettivo nemico. Se riesci a rimuovere un incantesimo in questo modo, quel nemico subisce una Degenerazione della Salute di -1..8 per 10 secondi.;3;7;24;4;0;5;.75;5;0;0;1;0;0;0;0;
1363;Sigillo del Rimpianto;Siegel des Kummers;Sigillo. L'obiettivo nemico subisce 15..75 danno[i]. se si trova vicino ad un cadavere o la sua mascotte è morta, l'abilità si ricarica all'istante.;3;6;21;4;0;0;1;30;0;0;0;0;0;0;0;
1364;Sigillo della Sofferenza;Siegel des Leidens;Sigillo d'Élite. Soffri di Emorragia per 6 secondi. La prossima abilità del Negromante utilizzata contro un nemico provoca Emorragia per 2..16 secondi.;3;4;21;4;0;0;0;4;0;0;1;0;0;0;0;
1365;Sigillo delle Anime Smarrite;Siegel der verlorenen Seelen;Sigillo. Se la Salute dell'obiettivo nemico è inferiore al 50%, ottieni 10..100 Punto[i] Salute e 1..10 Punto[i] Energia.;3;6;21;4;0;0;.25;8;0;0;0;0;0;0;0;
1366;Pozzo dell'Oscurità;Brunnen der Dunkelheit;Pozzo. Sfrutta il cadavere più vicino o sacrifica il 66% della tua salute per creare un Pozzo dell'Oscurità per 5..50 secondo/i. I nemici maledetti nell'area del Pozzo dell'Oscurità mancano il bersaglio il 50% delle volte.;3;7;28;4;0;10;1;20;0;0;0;0;0;0;0;
1367;Flusso Accecante;Blendende Welle;Magia d'Élite. L'obiettivo nemico subisce 5..50 danni da fulmine. Quel nemico e tutti i nemici adiacenti vengono accecati per 3..8 secondi. Questa magia ha una penetrazione dell'armatura del 25%. Se colpisce un nemico all'attacco, vengono colpiti anche tutti i nemici adiacenti e questa magia infligge il 50% di danni in più.;3;8;22;6;0;10;.75;6;0;0;1;0;0;0;0;
1368;Venti Gelidi;Kühle Winde;Fattura. L'obiettivo nemico e i nemici adiacenti subiscono 30..60 danni da freddo. Per 10 secondi, la prossima fattura di Magia dell'Acqua lanciata contro un nemico con fattura ha una durata superiore di un 25..100%.;3;8;24;6;0;5;1;8;0;0;0;0;0;0;0;
1369;Saetta;Blitzstrahl;Magia. Lanci una Saetta che infligge 5..50 danni da fulmine se va a segno. Se colpisce un nemico in movimento, gli infligge 5..50 danni da fulmine in più. Questa magia ha una penetrazione dell'armatura del 25%.;3;8;22;6;0;5;1;8;0;0;0;0;0;0;0;
1370;Fretta del Djinn della Tempesta;Eile des Sturm-Dschinn;Incantesimo. Per 10..25 secondi, la tua velocità di movimento aumenta di un 25%. Per ogni secondo in cui ti muovi perdi 1 Punti Energia.;3;8;23;6;0;5;.25;10;0;0;0;0;0;0;0;
1371;Battitore di Pietra;Steinschläger;Incantesimo. Per 5..30 secondi, ogni volta che subisci o infliggi un danno elementale o fisico, questo si trasforma in un danno da terra.;3;9;23;6;0;5;.25;20;0;0;0;0;0;0;0;
1372;Tempesta di Sabbia;Sandsturm;Magia d'Élite. Crei una Tempesta di Sabbia nella posizione dell'obiettivo nemico. Per 10 secondi, i nemici nei dintorni subiscono 20..40 danni da terra al secondo e i nemici all'attacco subiscono 10..30 danni da terra in più al secondo.;3;9;22;6;0;15;2;20;0;0;1;0;0;0;0;
1373;Guaina di Pietra;Steinmantel;Incantesimo d'Élite. Per 5..20 secondi, tu e l'obiettivo alleato ottenete +1..30 di armatura e siete immuni agli attacchi critici. Quando lanci questa magia, tutti i nemici vicino a te e al tuo obiettivo subiscono 15..70 danni da terra e soffrono di Debolezza per 5..20 secondi.;3;9;23;6;0;10;1;15;0;0;1;0;0;0;0;
1374;Falco d'Ebano;Ebonfalke;Magia. Lanci un proiettile che colpisce l'obiettivo nemico infliggendo 10..85 danni da terra. Se va a segno, provoca Debolezza per 5..15 secondi.;3;9;22;6;0;10;1;5;0;0;0;0;0;0;0;
1375;Aura di Carne di Pietra;Steinfleisch-Aura;Incantesimo. Per 5..15 secondi, il danno che ricevi si riduce di 1..31 e sei immune dagli attacchi critici.;3;9;23;6;0;10;2;15;0;0;0;0;0;0;0;
1376;Glifo del Ripristino;Glyphe der Wiederherstellung;Glifo. Per 15 secondi, le tue 2 magie successive ti curano di 30..105 Punti Salute e vieni curato di un 150..400% del costo di Energia di ogni magia.;3;12;16;6;0;5;1;8;0;0;0;0;0;0;0;
1377;Prisma dell'Etere;Ätherprisma;Abilità d'Élite. Per 3 secondi, tutti i danni che subisci vengono ridotti di un 75%. Quando l'effetto del Prisma dell'Etere svanisce, ottieni 5..20 Punti Energia.;3;12;1;6;0;5;0;20;0;0;1;0;0;0;0;
1378;Maestro di Magia;Meister der Magie;Incantesimo d'Élite. Per 1..61 secondo/i tutti gli attributi elementali salgono a 8..14, e le magie elementali restituiscono 1 punto energia più il 30% del loro costo.;3;12;23;6;0;5;1;10;0;0;1;0;0;0;0;
1379;Sguardo Luminoso;Glühender Blick;Magia. L'obiettivo nemico subisce 5..50 danni da fuoco. Se quel nemico è affetto da Bruciatura, ottieni 5 Punti Energia e 1 Punto Energia per ogni 2 gradi della Riserva di Energia.;3;10;22;6;0;5;1;8;0;0;0;0;0;0;0;
1380;Calore della Savana;Hitze der Savanne;Magia d'Élite. Crei Calore della Savana nella posizione dell'obiettivo nemico. Per 5 secondi, tutti i nemici nei dintorni subiscono 5..20 danni da fuoco per ogni secondo di attività della magia.;3;10;22;6;0;5;2;25;0;0;1;0;0;0;0;
1381;Fretta del Djinn della Fiamma;Eile des Flammen-Dschinn;Incantesimo. Infligge 15..120 danni da fuoco a tutti i nemici adiacenti. Per 8..14 secondi, la tua velocità di movimento aumenta di un 25%. Fretta del Djinn della Fiamma si ricarica a velocità superiore del 50% se un nemico è stato colpito da questa magia.;3;10;23;6;0;10;.75;20;0;0;0;0;0;0;0;
1382;Folata Congelante;Gefrierende Böe;Fattura. Se l'obiettivo nemico è sotto gli effetti di una fattura della Magia dell'Acqua subisce 20..80 danni da freddo. Altrimenti si muove con una velocità inferiore di un 66% per 1..5 secondi.;3;11;24;6;0;10;1;8;0;0;0;0;0;0;0;
1390;Intervento del Giudice;Intervention des Richters;Incantesimo. Per 10 secondi, la prossima volta che l'obiettivo (un alleato o te stesso) riceve un danno che dovrebbe essere fatale, questo si annulla e un nemico nei dintorni subisce 30..180 danno[i] sacro[i].;3;14;23;3;0;5;.25;8;0;0;0;0;0;0;0;
1391;Spirito Sostenitore;Unterstützender Geist;Incantesimo. Dura 5..23 secondo[i]. ogni volta che l'obiettivo (un alleato o te stesso) subisce dei danni mentre si trova a terra, sarà curato di 5..50 Punto[i] Salute.;3;13;23;3;0;10;.75;8;0;0;0;0;0;0;0;
1392;Attenta Guarigione;Wachsame Heilung;Incantesimo. Per 10 secondi, l'obiettivo (un alleato o te stesso) ottiene +1..4 di Rigenerazione della Salute. Se questa abilità termina prematuramente quell'alleato ottiene 30..120 Punto[i] Salute.;3;16;23;3;0;5;1;10;0;0;0;0;0;0;0;
1393;Soccorso del Guaritore;Segen des Heilers;Incantesimo d'Élite. Per 10..55 secondo[i], le magie appartenenti alle Preghiere Curative hanno una velocità di lancio superiore del 50% e donano un 50% in più di Salute.;3;16;23;3;0;5;.25;10;0;0;1;0;0;0;0;
1394;Patto del Guaritore;Verpflichtung des Heilers;Incantesimo d'Élite. Mantenendo questo incantesimo, le magie appartenenti alle Preghiere Curative doneranno un 20% in meno di Salute, ma costeranno -1..4 Punto[i] Energia.;3;13;23;3;-1;5;.25;5;0;0;1;0;0;0;0;
1395;Pendolo di Balthazar;Balthasars Pendel;Incantesimo d'Élite. Dura 5..25 secondo[i]. la prossima volta che l'obiettivo alleato sarebbe stato abbattuto da un nemico, quel nemico viene abbattuto al suo posto.;3;14;23;3;0;5;.25;5;0;0;1;0;0;0;0;
1396;Parole di Conforto;Tröstende Worte;Magia. Curi l'obiettivo (un alleato o te stesso) di 20..65 Punto[i] Salute e di altri 20..50 Punto[i] Salute se è affetto da una condizione.;3;13;22;3;0;5;1;4;0;0;0;0;0;0;0;
1397;Luce di Liberazione;Licht der Erlösung;Magia d'Élite. Tutti i membri della squadra vengono curati di 5..70 Punto[i] Salute.;3;13;22;3;0;5;1;6;0;0;1;0;0;0;0;
1398;Incantesimo Flagello;Geißelverzauberung;Fattura. Dura 30 secondo[i]. ogni volta che l'obiettivo nemico è il bersaglio di un incantesimo, chi lancia tale incantesimo subisce 15..75 danno[i].;3;14;24;3;0;10;1.5;5;0;0;0;0;0;0;0;
1399;Scudo dell'Assorbimento;Schild der Absorption;Incantesimo. Per 3..7 secondo[i], il danno ricevuto dall'obiettivo alleato viene ridotto di 5 ogni volta che l'alleato viene colpito mentre si trova sotto gli effetti di questo incantesimo.;3;15;23;3;0;5;1;10;0;0;0;0;0;0;0;
1400;Rovescio del Danno;Umkehrung des Schadens;Incantesimo. Per 8 secondi, la prossima volta che l'obiettivo (un alleato o te stesso) dovrebbe subire dei danni, il nemico che ha inflitto il danno lo subisce al suo posto (max 5..75 danno[i]).;3;14;23;3;0;5;.25;3;0;0;0;0;0;0;0;
1401;Tocco Riparatore;Genesungsberührung;Magia. L'alleato toccato perde due condizioni e viene curato di 15..60 Punto[i] Salute per ogni condizione così rimossa.;3;15;22;3;0;5;.75;6;0;0;0;0;0;0;0;
1402;Fendente Critico;Kritischer Hieb;Attacco con Ascia. Se questo attacco va a segno, infliggi +5..20 danno[i]. se risulta in un attacco critico l'obiettivo nemico viene interrotto.;3;18;4;1;0;5;1;15;0;0;0;0;0;0;0;
1403;Fendente Agonizzante;Qualvoller Hieb;Attacco con Ascia. Quando questo attacco va a segno, infliggi +5..20 danno[i]. se l'obiettivo nemico è affetto da una Ferita Profonda interrompi la sua azione.;3;18;4;1;0;0;1;0;6;0;0;0;0;0;0;
1404;Flagellazione;Dreschen;Posizione. Per 1..15 secondo[i], la tua velocità d'attacco aumenta di un 33%, ma la tua velocità di movimento rallenta di un 33%.;3;17;29;1;0;0;0;0;4;0;0;0;0;0;0;
1405;Colpo con Carica;Angreifender Schlag;Posizione d'Élite. Per 1..10 secondo[i], la tua velocità di corsa aumenta di un 33%. il tuo prossimo colpo ravvicinato messo a segno infligge +10..90 danno[i] e la posizione termina. Questa posizione termina se utilizzi un'abilità.;3;17;29;1;0;5;0;5;0;0;1;0;0;0;0;
1406;Testata;Kopfstoß;Abilità d'Élite. L'obiettivo nemico toccato subisce 40..100 danno[i]. Tu vieni stordito per 10 secondo[i].;3;17;1;1;0;10;.75;10;0;0;1;0;0;0;0;
1407;Conforto del Leone;Trost des Löwen;Abilità. Tutti i tuoi Sigilli vengono disattivati per 12 secondi. Vieni curato di 50..110 Punto[i] Salute ed ottieni 0..3 dose[i] di adrenalina.;3;17;1;1;0;0;1;1;3.2;0;0;0;0;0;0;
1408;Impeto dello Ntouka;Wut des Ntouka;Abilità d'Élite. Ottieni 1..7 dose[i] di adrenalina. Per 8 secondo[i], ogni volta che attivi un'abilità che richiede adrenalina, quella abilità si ricarica per 3 secondo[i].;3;17;1;1;0;5;0;15;0;0;1;0;0;0;0;
1409;Percossa del Mokele;Mokele-Schlag;Attacco con Martello. Se questo attacco va a segno infliggi +5..20 danno[i] ed ottieni 2 dose[i] di Adrenalina.;3;19;8;1;0;5;0;12;0;0;0;0;0;0;0;
1410;Percossa Prepotente;Anmaßender Schlag;Attacco con Martello. Se l'attacco va a segno, infliggi +1..20 di danni. Se l'obiettivo nemico finisce a terra, viene colpito da Stordimento per 1..8 secondi.;3;19;8;1;0;5;0;20;0;0;0;0;0;0;0;
1411;Sigillo della Resistenza;Siegel der Ausdauer;Sigillo. Ottieni +50..300 di Salute massima. Questo Sigillo termina se metti a segno un attacco.;3;17;21;1;0;0;.25;20;0;0;0;0;0;0;0;
1412;"Sei Rimasto Solo!";"Ihr seid ganz allein!";Urlo d'Élite. Se l'obiettivo nemico non è vicino ad un alleato subisce Storpiatura e Debolezza per 8 secondo[i].;3;-1;20;1;0;5;0;10;0;0;1;0;0;0;0;
1413;Scarica di Aggressione;Aggressiver Ausbruch;Posizione. Per 2..10 secondo[i] attacchi con una velocità superiore di un 33%. Quando questa posizione termina perdi tutta l'adrenalina.;3;17;29;1;0;5;0;12;0;0;0;0;0;0;0;
1414;Carica Infuriante;Wütender Angriff;Posizione. Per 5..15 secondi la tua velocità aumenta di un 25%. La Carica Infuriante termina quando colpisci un obiettivo e ti conferisce 0..3 dosi di adrenalina per il tuo prossimo attacco in mischia andato a segno.;3;17;29;1;0;5;0;20;0;0;0;0;0;0;0;
1415;Fendente Azzoppante;Verkrüppelnder Hieb;Attacco d'Élite con Spada. Se questo attacco va a segno, l'obiettivo nemico diventa storpio per 5..15 secondo[i] ed inizia a sanguinare per 10..25 secondo[i].;3;20;10;1;0;0;0;0;5;0;1;0;0;0;0;
1416;Squarcio Barbarico;Barbarischer Schnitt;Attacco con Spada. Se questo attacco va a segno, infliggi +5..30 danno[i]. se al momento non stai utilizzando una posizione infliggi anche Emorragia per 5..15 secondo[i].;3;20;10;1;0;0;0;0;6;0;0;0;0;0;0;
1465;Tiro Preparato;Vorbereiteter Schuss;Attacco con Arco d'Élite. Se questo attacco va a segno, infliggi +10..25 danno[i]. Se ti trovi sotto gli effetti di una Preparazione ottieni 1..9 Punto[i] Energia.;3;25;2;2;0;5;0;6;0;0;1;0;0;0;0;
1466;Freccia Bruciante;Brennender Pfeil;Attacco con Arco d'Élite. Se questo attacco va a segno infliggi +10..30 danno[i] e provochi Bruciatura per 2..8 secondo[i].;3;25;2;2;0;10;0;5;0;0;1;0;0;0;0;
1467;Tiro Parabolico;Bogenschuss;Attacco con Arco. Se questa freccia va a segno infligge +10..35 danno[i]. Questa freccia non può essere bloccata, ma si muove ad una velocità inferiore del 50%.;3;25;2;2;0;5;0;3;0;0;0;0;0;0;0;
1468;Colpo Congiunto;Gemeinsam zuschlagen;Urlo d'Élite. La tua mascotte si muove immediatamente verso il tuo obiettivo e con il suo attacco successivo infligge Emorragia per 5..15 secondo[i]. La prossima volta che un tuo attacco va a segno l'obiettivo nemico subisce Storpiatura per 5..15 secondo[i].;3;22;20;2;0;5;0;10;0;0;1;0;0;0;0;
1469;Fuoco Incrociato;Kreuzfeuer;Attacco con Arco. Se questo attacco colpisce l'obiettivo nemico, infligge +5..20 danno[i]. Se quel nemico si trova vicino ad uno qualsiasi dei tuoi alleati, questo attacco non può essere bloccato.;3;25;2;2;0;5;0;4;0;0;0;0;0;0;0;
1470;Frecce Appuntite;Stachelpfeile;Preparazione. Per 24 secondo[i] le tue frecce provocano Emorragia per 3..15 secondo[i]. Mentre attivi questa abilità la tua armatura si riduce di -40.;3;24;17;2;0;10;2;12;0;0;0;0;0;0;0;
1471;Concentrazione dello Sciacallo;Fokus des Plünderers;Abilità d'Élite. Per 10 secondo[i], se colpisci un nemico affetto da una condizione ottieni 3..12 Punto[i] Energia.;3;24;1;2;0;5;0;12;0;0;1;0;0;0;0;
1472;Tossicità;Giftigkeit;Rituale della Natura. Crei uno Spirito di livello 1..10. Le creature affette da Veleno o Malattia nella sua portata subiscono una Degenerazione della Salute di -2. Lo Spirito si esaurisce dopo 30..180 secondo[i].;3;22;19;2;0;15;2;60;0;0;0;0;0;0;0;
1473;Sabbie Mobili;Treibsand;Rituale della Natura d'Élite. Crei uno Spirito di livello 1..10. Tutte le creature nella sua portata (Spiriti esclusi) perdono 1 Punto Energia ogni volta che attaccano o utilizzano un'abilità. Lo Spirito si esaurisce dopo 30..180 secondo[i].;3;24;19;2;0;10;2;30;0;0;1;0;0;0;0;
1474;Abbraccio della Tempesta;Umarmung des Sturms;Posizione. Per 10 secondi, la tua velocità di movimento aumenta di un 25%. Questa posizione si rinnova ogni volta che subisci danni elementali.;3;-1;29;2;0;5;0;30;0;0;0;0;0;0;0;
1475;Velocità dell'Intrappolatore;Geschwindigkeit des Fallenstellers;Posizione. Per 5..30 secondo[i], le velocità di ricarica delle tue trappole aumenta di un 25% e la velocità di attivazione aumenta di un 25%. Questa posizione termina se un tuo attacco va a segno.;3;23;29;2;0;5;0;20;0;0;0;0;0;0;0;
1476;Aziona-trappola;Stolperdraht;Trappola. Quando l'Aziona-trappola viene attivato, tutti i nemici nei dintorni subiscono 5..20 danno[i] perforante[i]. i nemici storpi vengono abbattuti. L'Aziona-trappola termina dopo 90 secondi. Mentre attivi questa abilità è facile interromperti.;3;24;30;2;0;10;2;30;0;0;0;0;0;0;0;
1478;Impeto Rinnovante;Erneuernde Welle;Fattura. Per 8 secondo[i] l'obiettivo nemico riceve 2..12 danno[i] al secondo. Al termine della fattura, ottieni 1..8 Punto[i] Energia.;3;34;24;8;0;5;1;15;0;0;0;0;0;0;0;
1479;Offerta dello Spirito;Opfer des Geistes;Magia d'Élite. Ottieni 8..17 Punto[i] Energia. Se sono presenti degli Spiriti a portata d'orecchio, non sacrifichi alcuna Salute.;3;34;22;8;0;3;.25;15;0;17;1;0;0;0;0;
1480;Dono dello Spirito;Geschenk des Geistes;Incantesimo. Per 60 secondo[i], ogni volta che dai vita ad una creatura, tutti gli alleati vicini ad essa ottengono 5..50 Punto[i] Salute e perdono 1 condizione.;3;36;23;8;0;10;1;45;0;0;0;0;0;0;0;
1481;Sigillo del Patto Mortale;Todespakt-Siegel;Sigillo. Fai resuscitare il membro della squadra selezionato con Salute equivalente alla tua Salute attuale e 15..100% di Energia massima. la prossima volta che quell'alleato muore nel giro di 120 secondo[i], morirai anche tu.;3;33;21;8;0;0;3;12;0;0;0;0;0;0;0;
1482;Reclama Essenza;Essenz zurückfordern;Magia d'Élite. Tutti i tuoi Spiriti muoiono. Ottieni 5..20 Punto[i] Energia e tutti i tuoi Rituali Incatenanti si ricaricano se uno Spirito è morto in questo modo.;3;36;22;8;0;5;1;30;0;0;1;0;0;0;0;
1483;Colpo Esorcizzante;Bannstoß;Attacco Ravvicinato. Se questo attacco va a segno, infligge 10..60 danni sacri. Infligge danno doppio alle creature evocate.;3;44;3;10;0;5;1;3;0;0;0;0;0;0;0;
1484;Falciata Mistica;Mystischer Schwung;Attacco Ravvicinato. Se l'attacco va a segno, infligge +3..12 danni. Se sei sotto incantesimo, questo attacco infligge inoltre +3..12 danni.;3;44;3;10;0;5;1;6;0;0;0;0;0;0;0;
1485;Attacco dell'Eremita;Angriff des Eremiten;Attacco con Falce. Se l'attacco va a segno, infligge +1..10 danni e rimuove un Incantesimo del Derviscio. Se un incantesimo viene rimosso, infliggi un danno aggiuntivo di +1..10 e colpisci tutti i nemici adiacenti.;3;41;9;10;0;5;0;6;0;0;0;0;0;0;0;
1486;Sottrai Impurità;Unreinheiten ausnutzen;Attacco Ravvicinato. Se l'attacco va a segno, infliggi +3..15 di danni. Ogni nemico colpito perde 1 condizione. Per ogni nemico che perde una condizione, tutti i nemici adiacenti subiscono 10..40 danni sacri.;3;41;3;10;0;0;0;0;4.8;0;0;0;0;0;0;
1487;Falciata della Luna Gemella;Doppelter Mondschwung;Attacco Ravvicinato. Perdi 1 Incantesimo del Derviscio e ottieni 10..50 Punti Salute. Se un incantesimo è stato perso in questo modo, non puoi essere bloccato[f:"bloccata"], colpisci due volte e ottieni +10..70 Punti Salute.;3;41;3;10;0;0;0;0;6.4;0;0;0;0;0;0;
1488;Falciata Vittoriosa;Siegreicher Schwung;Attacco Ravvicinato. Se l'attacco va a segno, infliggi +5..25 di danni. Se la Salute dell'obiettivo nemico è inferiore alla tua, ottieni 30..80 Punto[i] Salute.;3;41;3;10;0;5;0;4;0;0;0;0;0;0;0;
1489;Falciata Irresistibile;Unwiderstehlicher Schwung;Attacco con Falce. Danni inferti: +3..15 e perdi un Incantesimo del Derviscio. Se un incantesimo viene perso in questo modo, la Falciata Irresistibile non può essere bloccata, rimuove una posizione e infligge +3..15 danni.;3;41;9;10;0;5;0;6;0;0;0;0;0;0;0;
1490;Assalto Pio;Frommer Angriff;Attacco Ravvicinato. Se l'attacco va a segno, infligge +10..20 danni e rimuove un Incantesimo del Derviscio. Se un Incantesimo del Derviscio è stato rimosso, questa abilità si ricarica più velocemente di un 75% e tutti i nemici adiacenti subiscono 15..40 danni.;3;41;3;10;0;5;0;12;0;0;0;0;0;0;0;
1491;Tornado Mistico;Mystischer Wirbelsturm;Magia. Danni da freddo a tutti i nemici nei dintorni : 10..60. Se sei sotto incantesimo, questo attacco infligge inoltre +10..60 di danni da freddo.;3;42;22;10;0;0;.5;4;4.8;0;0;0;0;0;0;
1493;Dita di Grenth;Grenths Finger;Incantesimo Lampo. Infligge 10..40 danni da freddo a tutti i nemici nei dintorni. Per 30 secondi i tuoi attacchi infliggono danni da freddo. Al termine dell'incantesimo, trasferisci 1..2 condizioni a tutti i nemici nei dintorni.;3;42;33;10;0;5;0;10;0;0;0;0;0;0;0;
1495;Aura di Spine;Dornenaura;Incantesimo Lampo. Tutti i nemici nei dintorni soffrono di Emorragia per 5..15 secondi. Per 30 secondi, questo incantesimo non ha effetto. Al termine dell'incantesimo, tutti i nemici nei dintorni diventano storpi per 3..8 secondi.;3;43;33;10;0;5;0;10;0;0;0;0;0;0;0;
1496;Ira di Balthazar;Balthasars Wut;Incantesimo Lampo. Tutti i nemici nei dintorni prendono fuoco per 1..3 secondi. Per 20 secondi successivi, questo incantesimo non sortisce effetti. Al termine dell'incantesimo, ottieni 1..2 dosi di adrenalina se ci sono nemici a portata d'orecchio.;3;44;33;10;0;10;0;10;0;0;0;0;0;0;0;
1497;Mantello della Polvere;Staubdecke;Incantesimo Lampo. Infligge 10..40 danni da terra a tutti i nemici nei dintorni. Per 30 secondi i tuoi attacchi infliggono danni da terra. Quando quest'incantesimo termina, tutti i nemici nei dintorni vengono accecati per 1..4 secondi.;3;43;33;10;0;10;0;6;0;0;0;0;0;0;0;
1498;Forza Travolgente;Umwerfende Gewalt;Incantesimo Lampo. Infligge 10..40 danni da terra a tutti i nemici nei dintorni. Per 30 secondi i tuoi attacchi infliggono danni da terra. Al termine dell'incantesimo, tutti i nemici nei dintorni subiscono Armatura Incrinata per 1..10 secondi.;3;43;33;10;0;10;0;6;0;0;0;0;0;0;0;
1499;Rinnovamento Pio;Fromme Erneuerung;Incantesimo Lampo d'Élite. Per 8 secondi non si verificano effetti. Al termine dell'incantesimo, Rinnovamento Pio si ricarica e ottieni 0..5 Punti Energia e 0..30 Punti Salute.;3;44;33;10;0;5;0;8;0;0;1;0;0;0;0;
1500;Mantello del Miraggio;Trugbild-Umhang;Incantesimo Lampo. Per 20 secondi hai una probabilità del 40% di bloccare e un 4..10% extra per ogni incantesimo aggiuntivo (max 80%). Tutti i nemici nelle vicinanze subiscono 10..40 danni di terra ogni volta che perdi un incantesimo da Derviscio.;3;43;33;10;0;15;0;24;0;0;0;0;0;0;0;
1502;Zelo Arcano;Arkaner Eifer;Incantesimo d'Élite. Per 10 secondi, ogni volta che compi una magia, ottieni 2 Punti Energia per ogni incantesimo che hai addosso (max. 2..7 Punti Energia).;3;44;23;10;0;10;1;5;0;0;1;0;0;0;0;
1503;Vigore Mistico;Mystische Vitalität;Incantesimo. Per 20 secondo[i], ogni volta che un tuo attacco va a segno, ottieni 3..15 Punto[i] Salute per ogni incantesimo che hai addosso (max. 25 Punto[i] Salute).;3;44;23;10;0;5;.25;15;0;0;0;0;0;0;0;
1504;Intervento Vigile;Wachsame Intervention;Incantesimo. Per 60 secondo[i], la prossima volta che il danno fa scendere la Salute dell'obiettivo (un alleato o te stesso) al di sotto del 25%, quell'alleato viene curato di 50..200 Punto[i] Salute.;3;44;23;10;0;10;1;15;0;0;0;0;0;0;0;
1505;Voto della Pietà;Gelübde der Frömmigkeit;Incantesimo. Per 20 secondi ottieni +24 di armatura e +1..4 di Rigenerazione della Salute. Il Voto della Pietà si rinnova ogni volta che un incantesimo presente su di te termina.;3;42;23;10;0;15;.25;45;0;0;0;0;0;0;0;
1506;Dono Vitale;Wesentliche Wohltat;Incantesimo. Per 20 secondo[i], la tua Salute massima aumenta di +40..100. Quando questo incantesimo termina vieni curato di 75..200 Punto[i] Salute.;3;43;23;10;0;5;1;8;0;0;0;0;0;0;0;
1507;Cuore della Fiamma Sacra;Herz der heiligen Flamme;Incantesimo Lampo. Tutti i nemici nei dintorni subiscono 5..30 danni sacri. Per 30 secondi successivi i tuoi attacchi infliggono danni sacri. Al termine dell'incantesimo, tutti i nemici nei dintorni vengono incendiati per 2..5 secondi.;3;44;33;10;0;10;0;10;0;0;0;0;0;0;0;
1508;Prolunga Incantesimi;Verzauberungen ausweiten;Abilità. Dura 10 secondi. il tuo prossimo Incantesimo del Derviscio ha una durata prolungata di un 10..150%.;3;44;1;10;0;5;0;10;0;0;0;0;0;0;0;
1509;Intervento Fedele;Vertrauensvolle Intervention;Incantesimo. Se il danno fa scendere la tua Salute al di sotto del 50%, l'Intervento Fedele termina. Quando ciò accade vieni curato di 30..150 Punto[i] Salute.;3;44;23;10;0;5;2;20;0;0;0;0;0;0;0;
1510;Granelli di Sabbia;Sandscherben;Incantesimo Lampo. Per 30 secondo/i la/e prossima/e 1..5 volta/e che colpisci con una falce, tutti i nemici adiacenti subiscono 10..60 danni di terra.;3;43;33;10;0;10;0;10;0;0;0;0;0;0;0;
1512;Fretta di Lyssa;Lyssas Eile;Incantesimo Lampo. Per 3..15 secondi i tuoi Incantesimi del Derviscio si ricaricano con una velocità maggiore del 33%. Quando attivi questo incantesimo, tutti i nemici adiacenti vengono interrotti. Al termine di questo incantesimo, tutti i nemici adiacenti vengono interrotti. 50% di probabilità di fallimento con Preghiere del Vento inferiori al grado 5.;3;42;33;10;0;10;0;15;0;0;0;0;0;0;0;
1513;Mani Guidate;Lenkende Hände;Incantesimo. Per 20 secondi sarà impossibile bloccare 0..3 dei tuoi prossimi attacchi. Quando attiva, questa abilità rimuove Accecamento.;3;42;23;10;0;10;.25;10;0;0;0;0;0;0;0;
1514;Stabilità Effimera;Flüchtige Stabilität;Incantesimo Lampo. Per 4..10 secondi, la tua velocità di attacco aumenta di un 25% e non puoi finire a terra. L'incantesimo finisce prematuramente se impedisce un abbattimento.;3;43;33;10;0;5;0;10;0;0;0;0;0;0;0;
1515;Armatura di Santità;Rüstung der Heiligkeit;Incantesimo. Tutti i nemici adiacenti vengono colpiti da Debolezza per 5..15 secondi. Per 15 secondi subisci 5..20 danno["danni"] in meno dai nemici affetti da una condizione.;3;43;23;10;0;5;.25;15;0;0;0;0;0;0;0;
1516;Rigenerazione Mistica;Mystische Regeneration;Incantesimo. Per 5..20 secondi ottieni una Rigenerazione della Salute di +1..4 per ogni incantesimo presente su di te (max 8 incantesimi).;3;43;23;10;0;15;.25;10;0;0;0;0;0;0;0;
1517;Voto del Silenzio;Schweigegelübde;Incantesimo d'Élite. Per 5..10 secondi non puoi essere l'obiettivo delle magie e non puoi lanciare magie.;3;44;23;10;0;5;.25;10;0;0;1;0;0;0;0;
1518;Apparizione di Balthazar;Balthasars Avatar;Forma d'Élite. Per 10..90 secondi, ottieni +20 di armatura contro danni fisici, ottieni adrenalina il 25% più velocemente, i tuoi attacchi infliggono danni sacri e, ogni volta che perdi un Incantesimo da Derviscio, i nemici nei dintorni prendono fuoco per 1..3 secondi. Questa abilità verrà disabilitata per 45 secondi.;3;44;15;10;0;5;2;20;0;0;1;0;0;0;0;
1519;Apparizione di Dwayna;Dwaynas Avatar;Forma d'Élite. Per 10..90 secondi i tuoi attacchi infliggono danni sacri. Quando utilizzi un'abilità d'attacco del Derviscio perdi 1 fattura. Quando perdi un Incantesimo del Derviscio, tutti gli alleati a portata d'orecchio vengono curati di 5..50 Punti Salute. Questa abilità verrà disabilitata per 45 secondi.;3;44;15;10;0;5;2;20;0;0;1;0;0;0;0;
1520;Apparizione di Grenth;Grenths Avatar;Forma d'Élite. Per 10..90 secondi i tuoi attacchi con la Falce infliggono danni da oscurità e sottraggono 0..12 Punti Salute. Sei immune da Malattia e quando perdi un Incantesimo del Derviscio infliggi Malattia a tutti i nemici adiacenti per 3 secondi. L'abilità viene disattivata per 45 secondi.;3;44;15;10;0;5;2;20;0;0;1;0;0;0;0;
1521;Apparizione di Lyssa;Lyssas Avatar;Forma d'Élite. Per 10..90 secondi, i tuoi Incantesimi del Derviscio si ricaricano con una velocità maggiore del 50% e i tuoi attacchi infliggono danni da caos. Quando perdi un Incantesimo del Derviscio sottrai 1 Punti Energia a tutti i nemici nei dintorni. L'abilità viene disattivata per 45 secondi.;3;44;15;10;0;5;2;20;0;0;1;0;0;0;0;
1522;Apparizione di Melandru;Melandrus Avatar;Forma d'Élite. Per 10..90 secondi, ottieni +150 Punti Salute, +30 armatura contro gli attacchi elementali e i tuoi attacchi infliggono danni da terra. Quando perdi un Incantesimo del Derviscio, tutti i membri della squadra a portata d'orecchio perdono 1 condizione. L'abilità viene disattivata per 45 secondi.;3;44;15;10;0;5;2;20;0;0;1;0;0;0;0;
1523;Meditazione;Meditation;Incantesimo. Perdi tutta l'adrenalina. Per 20 secondi, ottieni 1..4 Punti Energia ogni volta che termina un incantesimo su di te.;3;44;23;10;0;10;.25;15;0;0;0;0;0;0;0;
1524;Zelo dell'Eremita;Eifer des Eremiten;Incantesimo. Ottieni 1..3 Punti Energia (max 8) per ogni nemico a portata d'orecchio. Per 10 secondi successivi, questo incantesimo non sortisce effetti. Al termine dell'incantesimo, ottieni 1..3 Punti Energia (max 8) per ogni nemico a portata d'orecchio.;3;44;23;10;0;5;.25;15;0;0;0;0;0;0;0;
1525;Cura Naturale;Natürliche Heilung;Magia. Vieni curata di 50..170 Punti Salute. Se non sei sotto incantesimo, questo incantesimo si attiva più velocemente di un 50%.;3;42;22;10;0;5;1;6;0;0;0;0;0;0;0;
1526;Instilla Salute;Mit Leben durchdringen;Magia. L'obiettivo alleato viene curato del 5..50% della tua Salute attuale (max. 300 Punto[i] Salute).;3;44;22;10;0;10;.25;10;0;0;0;0;0;0;0;
1527;Cura Mistica;Mystische Heilung;Magia. Vieni curata di 5..65 Punti Salute. Cura anche tutti i membri della squadra sotto incantesimo di 5..65 Punti Salute.;3;42;22;10;0;5;1;4;0;0;0;0;0;0;0;
1528;Tocco di Dwayna;Dwaynas Berührung;Magia. L'obiettivo alleato toccato viene curato di 60 Punto[i] Salute per ogni incantesimo che hai addosso (max. 60..240).;3;42;22;10;0;5;.75;5;0;0;0;0;0;0;0;
1529;Ripristino Pio;Fromme Wiederherstellung;Magia. Ottieni 80..150 Punti Salute e perdi 1 Incantesimo del Derviscio. Fatture perse se un incantesimo è stato rimosso in questo modo: 1..3.;3;42;22;10;0;5;1;8;0;0;0;0;0;0;0;
1530;Sigillo di Luce Pia;Siegel des frommen Lichts;Sigillo. Rimuove 1 Incantesimo del Derviscio. L'obiettivo alleato viene curato di 30..150 Punti Salute. Se un incantesimo è stato rimosso in questo modo, questo sigillo si ricarica più velocemente di un 75%.;3;43;21;10;0;0;1;20;0;0;0;0;0;0;0;
1531;Aura Intimidatoria;Einschüchternde Aura;Incantesimo. Per 60 secondi, hai +40..100 Salute massima e subisci 1..10 danni in meno da nemici con meno Salute di te.;3;44;23;10;0;10;.75;20;0;0;0;0;0;0;0;
1532;Tempesta di Sabbia Mistica;Mystischer Sandsturm;Magia. Crei una Tempesta di Sabbia nella tua posizione che dura 3 secondi. Per ogni secondo, i nemici nei dintorni di questa posizione subiscono 10..40 danni da terra. I nemici in attacco subiscono 10..20 danni aggiuntivi. Se sei sotto incantesimo quando lanci questa magia, durerà il doppio del tempo.;3;43;22;10;0;0;1;8;4.8;0;0;0;0;0;0;
1533;Venti del Disincanto;Wind der Entzauberung;Magia. Rimuove uno dei tuoi Incantesimi del Derviscio. Se un incantesimo è stato rimosso, tutti i nemici nei dintorni perdono 1 incantesimo e subiscono 20..80 danni da freddo.;3;42;22;10;0;5;.75;15;0;0;0;0;0;0;0;
1534;Tocco lacerante;Zerreißende Berührung;Magia. Infligge 15..65 danni da freddo al bersaglio nemico. Perdi 1 incantesimo da Derviscio. Se un incantesimo viene rimosso, il bersaglio nemico perde 1 incantesimo e tu ottieni 2 colpo/i da adrenalina.;3;44;22;10;0;5;.75;12;0;0;0;0;0;0;0;
1535;Falciata Azzoppante;Verkrüppelnder Schwung;Attacco con Falce. Se questo attacco colpisce un nemico, gli provoca Storpiatura per 3..12 secondi. Questa abilità infligge +3..15 di danno se quel nemico è in movimento.;3;41;9;10;0;5;0;6;0;0;0;0;0;0;0;
1536;Colpo Lesionante;Verwundender Schlag;Attacco d'Élite con Falce. Se l'attacco va a segno, infliggi +5..20 danni, l'obiettivo nemico soffre di Emorragia per 5..20 secondi e perdi 1 Incantesimo del Derviscio. Se un incantesimo viene rimosso, l'obiettivo nemico è affetto inoltre da Ferita Profonda per 5..20 secondi.;3;41;9;10;0;5;0;3;0;0;1;0;0;0;0;
1537;Colpo Stancante;Ermüdender Schlag;Attacco con Falce. Rimuovi 1 Incantesimo del Derviscio. Se un incantesimo è stato rimosso, infliggi Ferita Profonda per 3..10 secondi. Se un incantesimo non è stato rimosso soffri di Debolezza per 10 secondi.;3;41;9;10;0;0;0;0;6;0;0;0;0;0;0;
1538;Assalto di Lyssa;Lyssas Angriff;Attacco con Falce. Se va a segno, questo attacco interrompe un'azione. Se sei sotto incantesimo, qualsiasi abilità tu interrompa viene disattivata per 1..10 secondi in più. Questo attacco infligge un 50% di danno normale.;3;41;9;10;0;5;.5;15;0;0;0;0;0;0;0;
1539;Vittoria Gelante;Kühler Sieg;Attacco con Falce. Se va a segno, infligge +3..15 di danni. Per ogni nemico colpito, che abbia meno Salute di te, quel nemico e i nemici adiacenti saranno colpiti con 10..30 danni da freddo.;3;41;9;10;0;0;0;0;6;0;0;0;0;0;0;
1540;Convinzione;Überzeugung;Incantesimo Lampo. Per 10 secondi ottieni +10 di armatura se hai una condizione e ottieni 1..3 Rigenerazione della Salute per ogni condizione di cui soffri. Al termine dell'incantesimo vieni curato[f:"curata"] da 1..2 condizioni.;3;43;33;10;0;5;0;10;0;0;0;0;0;0;0;
1541;Fretta Incantata;Verzauberte Eile;Incantesimo Lampo. Per 7 secondi, la tua velocità di movimento aumenta di un 25%. Se questo incantesimo termina prematuramente, perdi 1 condizioni.;3;-1;33;10;0;10;0;15;0;0;0;0;0;0;0;
1542;Concentrazione Pia;Fromme Konzentration;Posizione. Per 5..20 secondi diventa impossibile interromperti, ma per ogni tentativo di interruzione contro di te perderai 1 Incantesimo del Derviscio, oppure la Concentrazione Pia terminerà.;3;43;29;10;0;10;0;10;0;0;0;0;0;0;0;
1543;Fretta Pia;Fromme Eile;Posizione. Rimuovi 1 Incantesimo del Derviscio e per 1..7 secondi ti muovi più velocemente di un 25%. Invece, se un incantesimo non è stato rimosso, corri più velocemente di un 50%.;3;44;29;10;0;5;0;12;0;0;0;0;0;0;0;
1544;Carica Vorticosa;Wirbelangriff;Incantesimo Lampo. Per 1..6 secondi, la tua velocità di movimento aumenta di un 33%. La prossima volta che colpisci un nemico, tutti i nemici nei dintorni subiscono 10..60 danni da freddo e questo incantesimo termina.;3;42;33;10;0;5;0;8;0;0;0;0;0;0;0;
1545;Prova di Fede;Glaubensprüfung;Magia. Infligge 15..75 danni da freddo e sottrae 1 incantesimo all'obiettivo nemico. Se quel nemico non è sotto incantesimo, subisce Stordimento per 2..6 secondi.;3;42;22;10;0;0;.5;5;5;0;0;0;0;0;0;
1546;Lancia Ardente;Lodernder Speer;Attacco con Lancia. Se questo attacco va a segno infliggi +5..25 danno[i] e l'obiettivo prende fuoco per 1..3 secondo[i].;3;37;12;9;0;0;0;0;6;0;0;0;0;0;0;
1547;Lancio Potente;Mächtiger Wurf;Attacco con Lancia. La velocità della tua lancia viene triplicata. Se va a segno infliggi +10..40 danno[i].;3;37;12;9;0;0;1;0;4;0;0;0;0;0;0;
1548;Lancia Crudele;Grausamer Speer;Attacco d'Élite con Lancia. Se questo attacco va a segno, infliggi +10..50 danno[i]. se colpisci un nemico fermo, gli infliggi una Ferita Profonda per 5..20 secondo[i].;3;37;12;9;0;0;0;0;6;0;1;0;0;0;0;
1549;Lancio del Predatore;Wurf des Läufers;Attacco con Lancia. Se questo attacco va a segno, infliggi +5..20 danno[i]. se colpisci un nemico in movimento, gli infliggi 5..40 danno[i] in più.;3;37;12;9;0;10;.5;10;0;0;0;0;0;0;0;
1550;Lancio Inarrestabile;Unblockbarer Wurf;Attacco con Lancia. Se va a segno infliggi +10..40 danno[i]. Questo attacco non può essere bloccato.;3;37;12;9;0;0;1;1;6;0;0;0;0;0;0;
1551;Lancia del Fulmine;Speer des Blitzes;Attacco con Lancia. Colpisce tutti i nemici che si trovano tra te e il bersaglio. Se l'attacco va a segno, infligge +10..20 danni da fulmine. Questo attacco ha una penetrazione dell'armatura del 25%.;3;37;12;9;0;5;0;6;0;0;0;0;0;0;0;
1552;Lancia Stancante;Ermüdender Speer;Attacco con Lancia. Se va a segno infliggi +10..40 danno[i] e subisci debolezza per 5 secondo[i].;3;37;12;9;0;0;0;0;3;0;0;0;0;0;0;
1553;Inno della Furia;Hymne der Wut;Canto d'Élite. Per 10 secondo[i], tutti i membri della squadra a portata d'orecchio ottengono 2..5 dose[i] di adrenalina la prossima volta che utilizzano un'abilità d'attacco.;3;40;13;9;0;5;1;10;0;0;1;0;0;0;0;
1554;Inno Azzoppante;Verkrüppelungs-Hymne;Canto d'Élite. Dura 10 secondo[i]. la prossima abilità d'attacco utilizzata da ogni alleato a portata d'orecchio provoca storpiatura per 5..15 secondo[i].;3;38;13;9;0;0;1;0;3;0;1;0;0;0;0;
1555;Inno Difensivo;Verteidigungshymne;Canto d'Élite. Per 4..10 secondo[i], ogni membro della squadra a portata d'orecchio ha un 50% di probabilità di bloccare gli attacchi in arrivo. Questo canto termina se il compagno di squadra mette a segno un'abilità d'attacco.;3;40;13;9;0;10;1;15;0;0;1;0;0;0;0;
1556;Buon Viaggio;Gute Reise;Urlo. Per 5..20 secondo[i], i movimenti di tutti gli alleati a portata d'orecchio aumentano di un 25% quando sono sotto gli effetti di un incantesimo.;3;38;20;9;0;10;0;30;0;0;0;0;0;0;0;
1557;Inno della Fiamma;Hymne der Flamme;Canto. Per 10 secondo[i] la prossima abilità d'attacco utilizzata da ogni membro della squadra a portata d'orecchio provoca anche Bruciatura per 1..5 secondo[i].;3;40;13;9;0;5;1;10;0;0;0;0;0;0;0;
1558;"Punta gli Occhi!";"Zielt auf die Augen!";Urlo. Dura 10 secondo[i]. la prossima volta che ogni alleato a portata d'orecchio compie un attacco ci sarà un 30..100% di probabilità che sia critico.;3;38;20;9;0;0;0;0;4;0;0;0;0;0;0;
1559;Inno dell'Invidia;Hymne des Neids;Canto. Dura 10 secondo[i]. la prossima abilità d'attacco utilizzata da ogni alleato a portata d'orecchio infligge +10..25 danno[i] ai nemici con Salute superiore al 50%.;3;38;13;9;0;0;1;0;6;0;0;0;0;0;0;
1560;Canto del Potere;Machtgesang;Canto. Per 5..20 secondo[i], ogni alleato a portata d'orecchio ottiene una Rigenerazione dell'Energia di 4 finché l'alleato non utilizza un'abilità.;3;39;13;9;0;15;1;30;0;0;0;0;0;0;0;
1561;Inno Zelante;Eifrige Hymne;Canto. Per 10 secondo[i], la prossima volta che ogni alleato a portata d'orecchio utilizza un'abilità d'attacco, ottiene 1..8 Punto[i] Energia.;3;39;13;9;0;10;1;10;0;0;0;0;0;0;0;
1562;Aria dello Zelo;Arie des Eifers;Canto. Dura 10 secondo[i]. la prossima volta che ogni alleato a portata d'orecchio utilizza una magia, ottiene 1..6 Punto[i] Energia.;3;39;13;9;0;5;1;10;0;0;0;0;0;0;0;
1563;Lirica dello Zelo;Lyrik des Eifers;Canto. Per 10 secondo[i], la prossima volta che ogni alleato a portata d'orecchio utilizza un Sigillo, ottiene 1..8 Punto[i] Energia.;3;39;13;9;0;0;1;0;6;0;0;0;0;0;0;
1564;Ballata del Ripristino;Ballade der Wiederherstellung;Canto. Per 10 secondo[i], la prossima volta che ogni membro della squadra a portata d'orecchio subisce danni, ottiene 15..75 Punto[i] Salute.;3;39;13;9;0;10;1;10;0;0;0;0;0;0;0;
1565;Coro del Ripristino;Chor der Wiederherstellung;Canto. Per 10 secondo[i], la prossima volta che ogni alleato a portata d'orecchio utilizza un urlo o un canto, viene curato di 30..90 Punto[i] Salute.;3;39;13;9;0;0;1;5;4;0;0;0;0;0;0;
1566;Aria del Ripristino;Arie der Wiederherstellung;Canto. Per 10 secondo[i], la prossima volta che ogni membro della squadra a portata d'orecchio usa una magia, ottiene 30..90 Punto[i] Salute.;3;39;13;9;0;10;1;10;0;0;0;0;0;0;0;
1567;Canzone della Concentrazione;Lied der Konzentration;Canto. Per 10 secondo[i] la prossima abilità utilizzata da ogni alleato a portata d'orecchio non può essere interrotta.;3;-1;13;9;0;0;2;5;8;0;0;0;0;0;0;
1568;Inno della Guida;Hymne der Führung;Canto d'Élite. Per 10 secondo[i] la prossima abilità utilizzata da ogni membro della squadra a portata d'orecchio non può essere bloccata.;3;38;13;9;0;0;1;0;2;0;1;0;0;0;0;
1569;Coro Energizzante;Energie bringender Chor;Canto. Dura 10 secondo[i]. il prossimo urlo o canto utilizzato da ogni alleato a portata d'orecchio costa 3..7 Punto[i] Energia in meno.;3;39;13;9;0;0;1;0;3;0;0;0;0;0;0;
1570;Canzone della Purificazione;Lied der Läuterung;Canto d'Élite. Per 20 secondo[i], ogni alleato a portata d'orecchio con [il] [F]prossima[e] 1..6 abilità rimuove 1 condizione da se stesso.;3;39;13;9;0;0;2;0;3;0;1;0;0;0;0;
1571;Aria Anti-Fattura;Verhexungsbrech-Arie;Canto. Per 10 secondo[i], la prossima volta che ogni alleato a portata d'orecchio lancia una magia, quell'alleato perde 1 fattura.;3;-1;13;9;0;0;2;0;8;0;0;0;0;0;0;
1572;"Preparatevi!";"Seid vorbereitet!";Urlo. Per 5..15 secondi i colpi che provocherebbero l'abbattimento dell'alleato infliggeranno 15..75 danni a tutti i nemici nei dintorni.;3;38;20;9;0;5;0;4;0;0;0;0;0;0;0;
1573;Soggezione;Ehrfurcht;Abilità. Se quest'abilità colpisce un nemico atterrato, questi resta stordito per 5..15 secondo/i.;3;40;1;9;0;10;.75;10;0;0;0;0;0;0;0;
1574;Armonia Permanente;Dauerhafte Harmonie;Eco. Per 10..35 secondo[i] i canti e le urla durano un 50% in più sull'obiettivo alleato (Spiriti esclusi).;3;40;14;9;0;5;1;10;0;0;0;0;0;0;0;
1575;Finale Ardente;Loderndes Finale;Eco. Dura 10..35 secondo[i]. ogni volta che un canto o un urlo termina sull'obiettivo alleato (Spiriti esclusi) tutti i nemici adiacenti a quell'alleato prendono fuoco per 1..7 secondo[i].;3;40;14;9;0;5;1;8;0;0;0;0;0;0;0;
1576;Ritornello Bruciante;Brennender Refrain;Eco. Dura 20 secondo[i]. se l'obiettivo alleato (Spiriti esclusi) colpisce un nemico che ha più Salute di lui, quel nemico prende fuoco per 1..3 secondo[i]. Questa eco si rinnova ogni volta che un canto o un urlo termina su quell'alleato.;3;40;14;9;0;10;1;10;0;0;0;0;0;0;0;
1577;Finale del Ripristino;Finale der Wiederherstellung;Eco. Per 10..35 secondi, ogni volta che un canto o un urlo termina sull'obiettivo (un alleato o te stesso, Spiriti esclusi) questi viene curato di 15..75 Punti Salute.;3;39;14;9;0;5;1;10;0;0;0;0;0;0;0;
1578;Ritornello Riparatore;Genesungsrefrain;Eco. Per 15 secondo[i], l'obiettivo alleato (Spiriti esclusi) ha una Rigenerazione della Salute di +2..3. Questa eco si rinnova ogni volta che un canto o un urlo termina su quell'alleato.;3;39;14;9;0;10;1;8;0;0;0;0;0;0;0;
1579;Finale Purificante;Reinigendes Finale;Eco. Per 10..35 secondo[i], l'obiettivo alleato (Spiriti esclusi) perde 1 condizione ogni volta che un canto o un urlo termina su quell'alleato.;3;39;14;9;0;5;.25;5;0;0;0;0;0;0;0;
1580;Ritornello Ruotalama;Klingenumkehr-Refrain;Eco. Per 20 secondi l'obiettivo alleato (spiriti esclusi) ha un 5..20% di probabilità di bloccare gli attacchi. Questa eco si rinnova ogni volta che un canto o un urlo finisce su quell'alleato.;3;38;14;9;0;5;1;8;0;0;0;0;0;0;0;
1581;Sigillo Luminoso;Glühendes Siegel;Sigillo. Se l'obiettivo nemico è affetto da Bruciatura ottieni 5..15 Punto[i] Energia.;3;40;21;9;0;0;.25;15;0;0;0;0;0;0;0;
1583;Zelo del Condottiero;Eifer des Anführers;Abilità. Per ogni alleato nei dintorni ottieni 2..4 Punto[i] Energia (max. 8..12 Punto[i] Energia).;3;39;1;9;0;5;0;12;0;0;0;0;0;0;0;
1584;Conforto del Leader;Trost des Anführers;Abilità. Ottieni 30..75 Punto[i] Salute. Per ogni alleato a portata d'orecchio ottieni anche +10..20 Punto[i] Salute (max. 140).;3;40;1;9;0;5;2;8;0;0;0;0;0;0;0;
1585;Sigillo della Sinergia;Siegel der Synergie;Sigillo. Curi l'obiettivo di 40..100 Punto[i] Salute. se non sei affetto da un incantesimo vieni anche curato di 40..100 Punto[i] Salute.;3;39;21;9;0;0;1;10;0;0;0;0;0;0;0;
1586;Protezione Angelica;Engelsschutz;Abilità. Dura 10 secondo[i]. ogni volta che l'obiettivo alleato subisce più di 250..80 danno[i] al secondo, viene curato per qualsiasi danno superiore a tale quantità.;3;40;1;9;0;5;0;30;0;0;0;0;0;0;0;
1587;Legame Angelico;Engelsbindung;Abilità d'Élite. Per 10 secondo[i], la prossima volta che un alleato a portata d'orecchio dovrebbe subire un danno fatale, quel danno si annulla e l'alleato riceve 20..200 Punto[i] Salute. Il Legame Angelico termina su tutti gli altri alleati.;3;40;1;9;0;5;1;15;0;0;1;0;0;0;0;
1588;Sigillo della Cauterizzazione;Siegel der Verätzung;Sigillo d'Élite. Tutti i membri in squadra perdono tutte le condizioni. Tu prendi fuoco per 1 secondo per ogni condizione rimossa in questo modo.;3;-1;21;9;0;0;2;15;0;0;1;0;0;0;0;
1589;"Non Muovetevi!";"Haltet Eure Stellung!";Urlo. Per 5..20 secondo[i], tutti i membri della squadra a portata d'orecchio ottengono +24 di armatura quando restano fermi.;3;38;20;9;0;10;0;20;0;0;0;0;0;0;0;
1590;"Guidaci!";"Geht voran!";Urlo. La velocità di movimento dell'obiettivo (un alleato o te stesso) aumenta del 25%. questo urlo dura 1..5 secondo[i] per ogni alleato a portata d'orecchio (max. 30 secondo[i]).;3;40;20;9;0;5;0;8;0;0;0;0;0;0;0;
1591;"In fretta!";"Beeilt Euch!";Urlo. Per 5..20 secondo[i], la velocità di movimento dell'obiettivo alleato aumenta del 33%. Questa abilità termina se un attacco di quell'alleato va a segno.;3;38;20;9;0;5;0;10;0;0;0;0;0;0;0;
1592;"Torneremo!";"Wir kommen wieder!";Urlo. Tutti i membri della squadra a portata d'orecchio vengono resuscitati con un 25..50% di Salute e un 5..20% di Energia.;3;38;20;9;0;25;0;30;0;0;0;0;0;0;0;
1593;"Non Datevi per Vinti!";"Gebt nicht auf!";Urlo. Tutti gli alleati a portata d'orecchio con Salute inferiore al 75% ottengono 1..10 Punto[i] Energia.;3;38;20;9;0;5;0;15;0;0;0;0;0;0;0;
1594;"Aiuto!";"Hilfe!";Urlo. Il bersaglio alleato (purché non sia uno spirito) ottiene 15..90 Salute. Per 1..10 secondo/i, le magie degli altri alleati indirizzate su quel personaggio vengono lanciate il 50% più velocemente.;3;38;20;9;0;5;0;10;0;0;0;0;0;0;0;
1595;"Ripieghiamo!";"Zieht Euch zurück!";Urlo. Per 4..10 secondo[i], tutti gli alleati a portata d'orecchio ottengono 5..15 Punto[i] Salute al secondo mentre si muovono e la loro velocità di movimento aumenta del 33%. Questa abilità termina su un alleato affetto da questo urlo se questi mette a segno un attacco.;3;38;20;9;0;10;0;20;0;0;0;0;0;0;0;
1596;"Arrivano!";"Schon unterwegs!";Urlo d'Élite. Per 4..10 secondi la velocità di movimento di tutti gli alleati a portata d'orecchio aumenta di un 33% e tali alleati ottengono 5..15 Punti Salute al secondo mentre si muovono.;3;38;20;9;0;5;0;20;0;0;1;0;0;0;0;
1597;"Bruciano!";"Sie brennen!";Urlo. Per 10 secondo[i], i membri della squadra a portata d'orecchio subiscono 5..35% danno[i] in meno dai nemici che soffrono di Bruciatura.;3;40;20;9;0;10;0;10;0;0;0;0;0;0;0;
1598;"Mai Arrendersi!";"Ergebt Euch nicht!";Urlo. Per 15 secondo[i], tutti i membri della squadra a portata d'orecchio con Salute inferiore al 75% ottengono una Rigenerazione della Salute di +1..5.;3;38;20;9;0;5;0;15;0;0;0;0;0;0;0;
1599;È Solo una Ferita Superficiale.;Es ist nur eine Fleischwunde.;Urlo d'Élite. L'obiettivo alleato perde tutte le condizioni. Se una condizione viene rimossa in questo modo, la velocità di quell'alleato aumenta di un 25% per 1..10 secondo[i].;3;39;20;9;0;5;0;2;0;0;1;0;0;0;0;
1600;Lancia Appuntita;Stachelspeer;Attacco con Lancia. Se questo attacco va a segno, l'obiettivo inizia a sanguinare per 5..20 secondo[i].;3;37;12;9;0;0;0;0;2;0;0;0;0;0;0;
1601;Attacco Dispettoso;Bösartiger Angriff;Attacco con Lancia. Se questo attacco va a segno, infliggi +5..20 danno[i]. se si rivela critico, l'obiettivo nemico subisce una Ferita Profonda per 5..15 secondo[i].;3;37;12;9;0;5;0;8;0;0;0;0;0;0;0;
1602;Colpo Stordente;Betäubender Schlag;Attacco d'Élite con Lancia. Se questo attacco va a segno, infliggi +10..50 danno[i]. se colpisce un nemico affetto da una condizione lo stordisce anche per 4..10 secondo[i].;3;37;12;9;0;0;0;0;8;0;1;0;0;0;0;
1603;Lancia Implacabile;Unbarmherziger Speer;Attacco con Lancia. Se questo attacco colpisce un nemico con Salute inferiore al 50%, questi è affetto da una Ferita Profonda per 5..20 secondo[i].;3;37;12;9;0;0;0;0;6;0;0;0;0;0;0;
1604;Lancio Dirompente;Unterbrechender Wurf;Attacco con Lancia. Se questo attacco colpisce un nemico affetto da una condizione lo interrompe.;3;37;12;9;0;5;.5;10;0;0;0;0;0;0;0;
1605;Lancio Selvaggio;Wilder Wurf;Attacco con Lancia. Se questo attacco va a segno, infligge +5..20 danni e fa terminare qualsiasi posizione utilizzata dal tuo obiettivo. Questo attacco non può essere bloccato. Tutte le tue altre abilità non legate agli attacchi con la lancia vengono disattivate per 3 secondi.;3;37;12;9;0;0;0;0;7;0;0;0;0;0;0;
1633;Colpo Maligno;Böswilliger Stoß;Attacco Ravvicinato. Se questo attacco va a segno su un nemico affetto da una condizione gli infliggi +10..30 danno[i] e l'attacco diventa un colpo critico.;3;35;3;7;0;5;0;6;0;0;0;0;0;0;0;
1634;Assalto Frantumante;Vernichtender Angriff;Attacco Doppio[_] d'Élite. Deve seguire un attacco con arma secondaria. Se va a segno, infliggi 5..50 danno[i] e l'obiettivo nemico perde un incantesimo. Questo attacco non può essere bloccato.;3;35;7;7;0;10;0;6;0;0;1;0;0;0;0;
1635;Colpo del Teschio Dorato;Goldener Schädel-Stoß;Attacco d'Élite con Arma Secondaria. Se ti trovi sotto gli effetti di un incantesimo e questo attacco va a segno, l'obiettivo nemico viene stordito per 1..12 secondo[i].;3;29;6;7;0;10;0;15;0;0;1;0;0;0;0;
1636;Colpo del Ragno Nero;Schwarzer Spinnen-Stoß;Attacco con Arma Secondaria. Deve colpire un avversario sotto fattura. Se va a segno, questo attacco infligge +5..20 danno[i] e l'obiettivo nemico viene avvelenato per 5..20 secondo[i].;3;29;6;7;0;5;0;8;0;0;0;0;0;0;0;
1637;Colpo della Volpe Dorata;Goldener Fuchs-Stoß;Attacco con Arma Primaria. Se questo attacco va a segno, l'obiettivo nemico subisce +10..30 danno[i]. Se ti trovi sotto gli effetti di un incantesimo, questo attacco non può essere bloccato.;3;29;5;7;0;5;0;4;0;0;0;0;0;0;0;
1638;Fretta Letale;Tödliche Eile;Incantesimo. Per 10..35 secondo[i], le magie con metà della portata normale hanno un tempo di lancio superiore del 5..50% e si ricaricano con una velocità superiore del 5..60%.;3;35;23;7;0;5;1;20;0;0;0;0;0;0;0;
1639;Rimedio dell'Assassino;Mittel des Assassinen;Incantesimo. Per 30 secondo[i], con [il] 1..10 [F]abilità d'attacco successiva[e] usata[e] rimuovi una condizione.;3;35;23;7;0;5;1;20;0;0;0;0;0;0;0;
1640;Promessa della Volpe;Versprechen des Fuchses;Incantesimo d'Élite. Per 5..20 secondo[i], i tuoi attacchi con pugnali non possono essere bloccati. questo incantesimo termina la prossima volta che un tuo attacco va a vuoto.;3;29;23;7;0;10;1;20;0;0;1;0;0;0;0;
1641;Neutralità Simulata;Vorgetäuschte Neutralität;Incantesimo. Per 4..10 secondo[i], hai una Rigenerazione della Salute di +7 e +80 di armatura. Questo incantesimo termina se metti a segno un attacco o utilizzi un'abilità.;3;31;23;7;0;5;.25;25;0;0;0;0;0;0;0;
1642;Triboli Nascosti;Versteckte Trittnägel;Fattura d'Élite. Non puoi usare le tue abilità per 3 secondi (escluse quelle da Assassino). Per 1..10 secondo/i, il bersaglio nemico si muove più lento del 50%. Quando la fattura finisce, il nemico resta Azzoppato per 1..15 secondo/i.;3;31;24;7;0;5;1;12;0;0;1;0;0;0;0;
1643;Assalta Incantesimi;Verzauberungen angreifen;Abilità d'Élite. Deve seguire un attacco doppio. L'obiettivo nemico perde tutti gli incantesimi.;3;-1;1;7;0;5;.25;8;0;0;1;0;0;0;0;
1644;Crollo del Fannullone;Verfall des Verschwenders;Abilità d'Élite. Compi un Passo dell'Ombra verso l'obiettivo nemico che, se non sta usando alcuna abilità, viene abbattuto. Tutte le tue abilità d'attacco che non utilizzano i pugnali vengono disattivate per 10 secondo[i].;3;-1;1;7;0;5;.25;20;0;0;1;0;0;0;0;
1645;Leva Incantesimo;Verzauberung lösen;Abilità. Se l'obiettivo nemico toccato è in terra perde un incantesimo.;3;-1;1;7;0;5;.25;10;0;0;0;0;0;0;0;
1646;Presagio di Morte;Todesomen;Fattura. Dura 5..35 secondo[i]. la prossima volta che il danno farebbe calare la Salute dell'obiettivo nemico al di sotto del 50%, infliggi una Ferita Profonda per 5..20 secondo[i] e compi un Passo nell'Ombra verso quel nemico. La portata di questa magia è la metà del normale.;3;30;24;7;0;5;1;20;0;0;0;0;0;0;0;
1647;Sigillo dello Shock Tossico;Siegel des toxischen Schocks;Sigillo. Se l'obiettivo nemico soffre di avvelenamento, subisce 10..100 danno[i].;3;30;21;7;0;0;1;15;0;0;0;0;0;0;0;
1648;Sigillo del Tramonto;Siegel des Zwielichts;Sigillo. Il nemico perde un incantesimo per ogni fattura presente su di lui.;3;-1;21;7;0;0;1;20;0;0;0;0;0;0;0;
1649;Potere dell'Assassino;Weg des Assassinen;Posizione d'Élite. Per 20 secondo[i] successivo[i], mentre brandisci i pugnali, la tua velocità d'attacco aumenta di un 5..20% e hai +5..35% di probabilità di assestare un colpo critico.;3;35;29;7;0;5;0;12;0;0;1;0;0;0;0;
1650;Passeggiata dell'Ombra;Schattenmarsch;Posizione. Compi un Passo nell'Ombra verso l'obiettivo nemico. Per 15 secondi non si verificano effetti. Le tue abilità vengono disattivate per 1 secondo e i tuoi incantesimi e le tue posizioni vengono disattivati per 10 secondi. Quando questa posizione termina ritorni al punto di partenza.;3;-1;29;7;0;5;0;30;0;0;0;0;0;0;0;
1651;Ritirata della Morte;Rückzug des Todes;Magia. Compi un Passo nell'Ombra verso l'obiettivo alleato e se hai meno Salute di lui, ti curi di 40..130 Punto[i] Salute.;3;31;22;7;0;5;.25;20;0;0;0;0;0;0;0;
1652;Prigione d'Ombra;Schattengefängnis;Fattura d'Élite. Compi un Passo nell'Ombra verso l'obiettivo nemico. per 1..7 secondo[i] la sua velocità rallenta del 66%.;3;30;24;7;0;5;.25;15;0;0;1;0;0;0;0;
1653;Scambio;Tauschen;Magia. Tu e la creatura evocata presa di mira effettuate un Passo nell'Ombra scambiandovi di posto.;3;-1;22;7;0;5;.25;10;0;0;0;0;0;0;0;
1654;Fusione con l'Ombra;Schattenverschmelzung;Incantesimo d'Élite. Compi un Passo nell'Ombra verso l'obiettivo alleato. Quando smetti di mantenere questo incantesimo torni nella posizione iniziale.;3;-1;23;7;-1;5;.25;10;0;0;1;0;0;0;0;
1655;Prezzo dell'Orgoglio;Preis des Stolzes;Fattura. Per 5 secondo[i], la prossima volta che l'obiettivo nemico utilizza un'abilità d'élite perde 3..15 Punto[i] Energia.;3;2;24;5;0;5;1;8;0;0;0;0;0;0;0;
1656;Aria del Disincanto;Flair der Entzauberung;Fattura d'Élite. Rimuovi un incantesimo dall'obiettivo nemico e tutti i nemici nei dintorni. Per 5..20 secondo[i] gli incantesimi su questi nemici durano un 150..300% in meno.;3;1;24;5;0;10;1;10;0;0;1;0;0;0;0;
1657;Sigillo della Goffaggine;Siegel der Unbeholfenheit;Sigillo. Se l'obiettivo nemico sta attaccando, lui e tutti i nemici nei dintorni vengono interrotti e subiscono 15..60 danni. Tutti i nemici che utilizzano abilità d'attacco finiscono a terra.;3;1;21;5;0;0;.25;8;0;0;0;0;0;0;0;
1658;Postura Simbolica;Symbolische Haltung;Posizione. Per 5..20 secondo[i] il prossimo Sigillo da te attivato si ricarica ad una velocità maggiore del 20..80%.;3;0;29;5;0;10;0;20;0;0;0;0;0;0;0;
1659;Freddo Tossico;Toxische Kälte;Magia d'Élite. L'obiettivo nemico subisce 15..75 danno[i] da freddo. se è affetto da fattura o incantesimo viene avvelenato per 10..25 secondo[i].;3;5;22;4;0;5;1;5;0;0;1;0;0;0;0;
1660;Pozzo del Silenzio;Brunnen der Stille;Pozzo. Sfrutta il cadavere bersagliato o sacrifica il 66% della tua salute per creare un Pozzo del Silenzio per 10..30 secondo/i. I nemici all'interno dell'area del pozzo non possono usare urla o canti e soffrono -1..4 degenerazione della salute.;3;7;28;4;0;10;1;20;0;0;0;0;0;0;0;
1661;Pietra Fluorescente;Leuchtstein;Magia. Lanci un proiettile che infligge 5..50 danni da fuoco se va a segno. Se questa magia colpisce un nemico indebolito ottieni 5 Punti Energia e 1 Punto Energia per ogni 2 gradi della Riserva di Energia.;3;9;22;6;0;5;.75;7;0;0;0;0;0;0;0;
1662;Esplosione Mentale;Geistige Explosion;Magia d'Élite. L'obiettivo nemico subisce 15..60 danni da fuoco. Se la tua Energia è superiore a quella dell'obiettivo nemico, ottieni 1..8 Punti Energia.;3;10;22;6;0;5;1;2;0;0;1;0;0;0;0;
1663;Fiamma Elementale;Elementare Flamme;Incantesimo. Per 10..35 secondi, ogni volta che una fattura Elementale termina sull'obiettivo nemico, questi prende fuoco per 1..5 secondi.;3;10;23;6;0;10;1;30;0;0;0;0;0;0;0;
1664;Invoca Fulmine;Blitz herbeirufen;Magia d'Élite. L'obiettivo nemico e un massimo di altri due nemici accanto a lui subiscono 10..90 danni da fulmine. Questa magia ha una penetrazione dell'armatura del 25%.;3;8;22;6;0;10;1;6;0;0;1;0;5;0;0;
1683;Guardiano Pensoso;Nachdenklicher Wächter;Incantesimo. Per 5..11 secondo[i], l'obiettivo (un alleato o te stesso) ha una probabilità del 50% di bloccare gli attacchi dei nemici sotto incantesimo.;3;15;23;3;0;5;1;5;0;0;0;0;0;0;0;
1684;Intuito dello Scriba;Einblick des Schreibers;Incantesimo d'Élite. Per 10..35 secondo[i], ogni volta che utilizzi un Sigillo ottieni 3 Punto[i] Energia.;3;16;23;3;0;5;.25;20;0;0;1;0;0;0;0;
1685;Fretta Sacra;Heilige Eile;Incantesimo. Per 1..60 secondo[i] la tua velocità di lancio delle magie associate alle Preghiere Curative aumenta di un 50%. Questo incantesimo termina se lanci un altro incantesimo.;3;16;23;3;0;5;1;10;0;0;0;0;0;0;0;
1686;Barlume di Luce;Lichtschimmer;Magia d'Élite. Curi l'obiettivo (un alleato o te stesso) di 10..115 Punto[i] Salute.;3;13;22;3;0;5;.25;1;0;0;1;0;0;0;0;
1687;Benedizione Zelante;Eifrige Segnung;Magia d'Élite. Curi l'obiettivo (un alleato o te stesso) di 30..180 Punto[i] Salute. se la Salute dell'obiettivo era inferiore al 50% ottieni 7 Punto[i] Energia.;3;15;22;3;0;10;.75;4;0;0;1;0;0;0;0;
1688;Zelo del Difensore;Eifer des Verteidigers;Fattura d'Élite. Per 10..30 secondo[i], ogni volta che un attacco dell'obiettivo nemico va a segno, ottieni 2 Punto[i] Energia.;3;14;24;3;0;5;1;5;0;0;1;0;0;0;0;
1689;Sigillo della Collera Mistica;Siegel des mystischen Zorns;Sigillo. L'obiettivo nemico subisce 25 danno[i] sacro[i] per ogni incantesimo presente su di te (max. 30..120 danno[i] sacro[i]).;3;14;21;3;0;0;2;20;0;0;0;0;0;0;0;
1690;Sigillo della Rimozione;Siegel der Entfernung;Sigillo d'Élite. Se l'obiettivo alleato è sotto gli effetti di un incantesimo, perde una fattura e una condizione.;3;-1;21;3;0;0;.25;5;0;0;1;0;0;0;0;
1691;Congeda Condizione;Zustand aufheben;Magia. Rimuovi una condizione dall'obiettivo alleato. se quell'alleato è sotto gli effetti di un incantesimo viene curato di 15..75 Punto[i] Salute.;3;15;22;3;0;5;.75;3;0;0;0;0;0;0;0;
1692;Diversione Fatture;Verhexungen umleiten;Magia d'Élite. Elimini fino a 1..3 fattura[e] dall'obiettivo alleato. Per ogni fattura così rimossa, quell'alleato perde una condizione ed ottiene 15..75 Punto[i] Salute.;3;15;22;3;0;5;.75;8;0;0;1;0;0;0;0;
1693;Contrattacco;Gegenangriff;Attacco Ravvicinato. Se questo attacco va a segno, infliggi +5..35 danno[i]. Se colpisci un nemico che sta attaccando ottieni 2..6 Punto[i] Energia.;3;17;3;1;0;5;0;6;0;0;0;0;0;0;0;
1694;Colpo Cacciamaghi;Magierschlag;Attacco d'Élite Ravvicinato. Se questo attacco colpisce, infliggi +7..25 danno[i]. se l'obiettivo è affetto da un incantesimo, questo attacco non può essere bloccato.;3;17;3;1;0;5;.5;3;0;0;1;0;0;0;0;
1695;Colpo del Soldato;Soldatenstoß;Attacco Ravvicinato. Se questo attacco colpisce, infliggi +10..40 danno[i]. se sei sotto gli effetti di un canto o un urlo, questo attacco non può essere bloccato.;3;21;3;1;0;5;0;4;0;0;0;0;0;0;0;
1696;Decapitazione;Köpfen;Attacco d'Élite con Ascia. You lose all adrenaline and all Energy. This attack is unblockable, you deal +5..80 damage, and cause a Deep Wound for 5..20 seconds. This attack is always critical and if foe is killed, nearby foes are Weakened for 8 seconds.;3;18;4;1;0;0;0;0;7;0;1;0;0;0;0;
1697;Percossa Cacciamaghi;Magiejägerschmetterer;Attacco d'Élite con Martello. Se questo attacco colpisce, l'obiettivo nemico viene abbattuto. se è affetto da un incantesimo, questo attacco non può essere bloccato.;3;19;8;1;0;0;0;0;8;0;1;0;0;0;0;
1698;Posizione del Soldato;Soldaten-Haltung;Posizione d'Élite. Per 5..15 secondo[i] hai un 75% di probabilità di bloccare gli attacchi. Incremento velocità d'attacco mentre sei sotto gli effetti di un urlo o un canto: 33%.;3;21;29;1;0;5;0;15;0;0;1;0;0;0;0;
1699;Difesa del Soldato;Soldaten-Verteidigung;Posizione. Per 1..6 secondo[i], hai un 75% di probabilità di bloccare gli attacchi mentre sei sotto l'influenza di un urlo o un canto. Ottieni 1 dose di adrenalina per ogni attacco bloccato.;3;21;29;1;0;5;0;15;0;0;0;0;0;0;0;
1700;Difesa Frenetica;Fieberhafte Verteidigung;Posizione. Per 8 secondo[i] hai un 75% di probabilità di bloccare gli attacchi diretti contro di te ma subisci il doppio dei danni.;3;-1;29;1;0;5;0;10;0;0;0;0;0;0;0;
1701;Posizione Salda;Ruhige Haltung;Posizione d'Élite. Dura 10 secondi. La prossima volta che un avversario cercherà di abbatterti, non potrà farlo e otterrai 1..4 dosi di Adrenalina e 1..7 Punti Energia.;3;21;29;1;0;5;0;4;0;0;1;0;0;0;0;
1702;Fendente Zanna d'Acciaio;Hieb des stählernen Fangzahns;Attacco con Spada. Se questo attacco va a segno, infliggi +1..31 danno[i]. se colpisci un nemico in terra, ottieni 1..5 dose[i] di Adrenalina.;3;20;10;1;0;0;0;1;7;0;0;0;0;0;0;
1719;Tiro Urlante;Schreischuss;Attacco con Arco. Se va a segno infliggi +10..25 danno[i]. se il tuo obiettivo è a portata d'orecchio, inizia a sanguinare per 5..20 secondo[i].;3;25;2;2;0;10;0;8;0;0;0;0;0;0;0;
1720;Freccia Affilata;Scharfer Pfeil;Attacco con Arco. Se questo attacco va a segno, infliggi +5..20 danno[i]. se metti a segno un attacco critico infliggi anche +5..25 danno[i].;3;25;2;2;0;5;0;6;0;0;0;0;0;0;0;
1721;Furore Congiunto;Gemeinsam toben;Abilità d'Élite. Per 3..15 secondo[i], tu e la tua mascotte attaccate ad una velocità maggiore del 33% e la vostra velocità di movimento aumenta di un 25%.;3;22;1;2;0;25;0;10;0;0;1;0;0;0;0;
1722;Freccia Forcuta;Gegabelter Pfeil;Attacco con Arco. Scocca due frecce simultaneamente contro l'obiettivo nemico. Se ti trovi sotto gli effetti di un incantesimo o di una fattura lancerai solo una freccia.;3;-1;2;2;0;10;0;5;0;0;0;0;0;0;0;
1723;Accuratezza Dirompente;Unterbrechende Genauigkeit;Preparazione. Per 36 secondo[i], ogni volta che una delle tue frecce provoca un colpo critico interrompe anche l'obiettivo.;3;25;17;2;0;5;2;12;0;0;0;0;0;0;0;
1724;Destrezza dell'Esperto;Gewandtheit des Profis;Posizione d'Élite. Per 1..20 secondo[i] hai una velocità d'attacco superiore di un 33% e il grado dell'attributo Precisione aumenta di 2.;3;23;29;2;0;5;0;20;0;0;1;0;0;0;0;
1725;Venti Impetuosi;Tosender Wind;Rituale della Natura. Crei uno Spirito di livello 1..10. I canti e le urla costano 1..5 Punto[i] Energia in più. Lo Spirito si esaurisce dopo 30..180 secondo[i].;3;24;19;2;0;10;2;60;0;0;0;0;0;0;0;
1726;Tiro Rovinamaghi;Verderben des Magiers-Schuss;Attacco con Arco d'Élite. Se questo attacco va a segno, interrompe l'azione dell'obiettivo nemico. se interrompe una magia, la disattiva per 10 secondo[i] in più. Questo attacco non può essere bloccato.;3;-1;2;2;0;10;.5;5;0;0;1;0;0;0;0;
1727;Falcata Naturale;Natürlicher Schwung;Posizione. Per 1..8 secondo[i], la tua velocità di corsa aumenta di un 33% e hai un 50% di probabilità di bloccare gli attacchi in arrivo. La Falcata Naturale termina se sei colpito da fattura o incantesimo.;3;24;29;2;0;5;0;12;0;0;0;0;0;0;0;
1728;Furore dell'Ecate;Heket-Toben;Posizione. Per 5..11 secondo[i] la velocità dei tuoi attacchi aumenta di un 33%. questa posizione termina se utilizzi un'abilità d'attacco.;3;22;29;2;0;5;0;10;0;0;0;0;0;0;0;
1729;Trappola di Fumo;Rauchfalle;Trappola d'Élite. Quando Trappola fumogena viene attivata, i nemici nell'area restano accecati e storditi per 5..10 secondo/i. Trappola fumogena termina dopo 90 secondi. Mentre attivi questa abilità puoi essere interrotto facilmente.;3;24;30;2;0;10;2;15;0;0;1;0;0;0;0;
1730;Calore Infuriante;Irritierende Hitze;Rituale della Natura d'Élite. Crei uno Spirito di livello 1..10. Le creature nella sua portata (Spiriti esclusi) ottengono Adrenalina a velocità doppia. Lo Spirito si esaurisce dopo 30..120 secondo[i].;3;23;19;2;0;5;2;15;0;0;1;0;0;0;0;
1731;Sogolon era Sonoro;Lautstark war Sogolon;Magia Altera-oggetto. Per 60 secondo[i] tutte le urla e i canti che usi durano un 20..50% in più.;3;33;25;8;0;10;1;30;0;0;0;0;0;0;0;
1732;Glaive era Distruttiva;Vernichtend war Glaive;Magia d'Élite Altera-oggetto. Mantieni le ceneri di Glaive per un massimo di 30..60 secondo[i]. Mentre mantieni le ceneri di Glaive, tutte le abilità Ritualista ricevono 20% di penetrazione armatura. Quando rilasci le ceneri, tutti i nemici nell'area subiscono 15..85 danno[i] da fulmine.;3;34;25;8;0;5;.75;5;0;0;1;0;0;0;0;
1733;Colpo del Portatore;Stoß des Ausübers;Magia. L'obiettivo nemico subisce 10..60 danno[i] da fulmine. Se sei affetto da una magia altera-arma infliggi 10..50 danno[i] da fulmine in più.;3;34;22;8;0;5;1;6;0;0;0;0;0;0;0;
1734;Sguardo della Furia;Wütendes Starren;Rituale Incatenante. Distruggi lo Spirito preso di mira e crei un Spirito della Furia di livello 1..14 i cui attacchi infliggono 5..20 danno[i]. Lo Spirito si esaurisce dopo 30..60 secondo[i].;3;34;18;8;0;10;.75;20;0;0;0;0;0;0;0;
1736;Forza dello Spirito;Geistesstärke;Incantesimo d'Élite. Per 15..60 secondo[i], i tuoi attacchi infliggono 5..35 danno[i] in più mentre sei sotto l'influenza di una magia altera-arma.;3;36;23;8;0;5;1;20;0;0;1;0;0;0;0;
1737;Zelo del Portatore;Eifer des Ausübers;Incantesimo d'Élite. Dura 10..40 secondo[i]. ogni volta che lanci una magia altera-arma su un alleato ottieni 1..5 Punto[i] Energia.;3;36;23;8;0;5;1;10;0;0;1;0;0;0;0;
1738;Vista Oltre la Vista;Sicht jenseits der Sicht;Incantesimo. Per 8..20 secondo[i] non puoi essere accecato.;3;36;23;8;0;5;.25;15;0;0;0;0;0;0;0;
1739;Rinnovamento dei Ricordi;Erneuernde Erinnerungen;Incantesimo. Per 5..20 secondo[i], mentre hai in mano un oggetto, qualsiasi magia altera-arma o altera-oggetto da te lanciata costa un 5..35% in meno di Energia.;3;36;23;8;0;5;1;20;0;0;0;0;0;0;0;
1740;Rimedio del Portatore;Mittel des Ausübers;Incantesimo. Per 10..30 secondo/i, quando lanci un incantesimo sulle armi di un alleato, questi perde 2 condizioni.;3;36;23;8;0;3;1;10;0;0;0;0;0;0;0;
1741;Luce dello Specchio Fantasma;Geisterspiegel-Licht;Magia. L'obiettivo alleato viene curato di 15..90 Punto[i] Salute. se ti trovi a portata d'orecchio di uno Spirito, anche tu vieni curato di 15..90 Punto[i] Salute.;3;33;22;8;0;5;1;3;0;0;0;0;0;0;0;
1742;Sigillo della Potenza Spettrale;Siegel der Macht der Geister;Sigillo d'Élite. Per 5..20 secondo[i] tutti gli Spiriti a portata d'orecchio sotto il tuo controllo attaccano a velocità superiore di un 33% e assestano +5..10 danno[i].;3;32;21;8;0;0;1;15;0;0;1;0;0;0;0;
1743;Sigillo di Incatenamento;Siegel der Bindung;Sigillo. Perdi 200..50 Punti Salute e ottieni il controllo dello Spirito del nemico. (50% di probabilità di fallimento con Riti Sacrificali di grado 4 o inferiore).;3;36;21;8;0;0;2;15;0;0;0;0;0;0;0;
1744;Carica del Custode;Angriff des Verwalters;Magia d'Élite. L'obiettivo nemico subisce 20..85 danno[i] da fulmine. se hai tra le mani un oggetto ottieni 7 Punti Energia e 5..50 Punto[i] Salute.;3;34;22;8;0;5;1;4;0;0;1;0;0;0;0;
1745;Angoscia;Qual;Rituale Incatenante. Crei uno Spirito di livello 1..11 i cui attacchi infliggono 5..20 danno[i] e il doppio del danno ai nemici sotto fattura. Lo Spirito si esaurisce dopo 15..45 secondo[i].;3;32;18;8;0;15;.75;45;0;0;0;0;0;0;0;
1747;Autorizzazione;Ermächtigung;Rituale Incatenante. Crei uno Spirito di livello 1..14. Tutti gli alleati nella sua portata che hanno in mano un oggetto ottengono 15..45 Punto[i] di Salute massima e 10 di Energia massima. Questo Spirito si esaurisce dopo 15..60 secondo[i].;3;36;18;8;0;5;.75;30;0;0;0;0;0;0;0;
1748;Ripresa;Gesundung;Rituale Incatenante. Crei uno Spirito di livello 1..14. Le condizioni che affliggono gli alleati nella portata di questo Spirito si esauriscono ad una velocità maggiore del 20..50%. Lo Spirito si esaurisce dopo 30..60 secondo[i].;3;33;18;8;0;15;.75;30;0;0;0;0;0;0;0;
1749;Arma della Furia;Waffe der Wut;Magia d'Élite Altera-arma. Per 5..20 secondo[i], l'obiettivo (un alleato o te stesso) ottiene un 100% in più di Adrenalina e 1 Punto Energia ogni volta che riesce a mettere a segno un attacco.;3;34;27;8;0;5;1;8;0;0;1;0;0;0;0;
1750;Arma di Xinrae;Xinraes Waffe;Magia d'Élite Altera-arma. Dura 8 secondo[i]. la prossima volta che l'obiettivo (un alleato o te stesso) riceverà danni da un nemico non potrà riceverne una quantità superiore ad un 5% della propria Salute massima e sottrarrà a quel nemico fino a 20..80 Punto[i] Salute.;3;33;27;8;0;5;.25;3;0;0;1;0;0;0;0;
1751;Arma del Guerrafondaio;Waffe des Kriegshetzers;Magia Altera-arma. Dura 3..13 secondo[i]. se l'obiettivo alleato attacca un nemico che non sta attaccando, lo interrompe.;3;34;27;8;0;10;1;30;0;0;0;0;0;0;0;
1752;Arma del Rimedio;Waffe der Behebung;Magia d'Élite Altera-arma. Per 8 secondo/i, la prossima volta che il bersaglio alleato subisce danni o sottrae vita a un nemico, sottrae fino a 20..80 Salute da quel nemico e perde 2 condizioni.;3;33;27;8;0;3;.25;3;0;0;1;0;0;0;0;
1753;Falciata Strappante;Zerreißender Schwung;Attacco con Falce. Infliggi +5..20 danno e perdi un Incantesimo del Derviscio. Se un incantesimo viene perso, ogni nemico da te colpito perde un incantesimo.;3;41;9;10;0;0;0;0;6;0;0;0;0;0;0;
1754;Assalto Violento;Attacke;Incantesimo Lampo d'Élite. Dura 3..15 secondi. la tua velocità d'attacco e di movimento e la tua dose di adrenalina aumentano di un 25%.;3;42;33;10;0;10;0;10;0;0;1;0;0;0;0;
1755;Corruzione Mistica;Mystische Verdorbenheit;Incantesimo Lampo. Tutti i nemici adiacenti vengono colpiti da Malattia per 1..10 secondi. Per 20 secondi non si verificano effetti. La durata della Malattia è raddoppiata se sei sotto incantesimo quando attivi questa abilità. Al termine dell'incantesimo, tutti i membri della squadra a portata d'orecchio sono curati da Malattia.;3;44;33;10;0;5;0;10;0;0;0;0;0;0;0;
1756;Stretta di Grenth;Grenths Griff;Incantesimo Lampo d'Élite. For 20 seconds, your attack skills also Cripple that foe for 1..11 seconds and you transfer 1..3 conditions from yourself to that foe.;3;42;33;10;0;5;0;10;0;0;1;0;0;0;0;
1757;Velo di Spine;Dornenschleier;Incantesimo Lampo. Quando lanci questo incantesimo, tutti i nemici nei dintorni subiscono 5..50 danni perforanti. Per 5..25 secondi i tuoi danni da incantesimi subiti diminuiscono di un 5..35%.;3;43;33;10;0;10;0;15;0;0;0;0;0;0;0;
1758;Stretta del Predatore;Griff des Läufers;Incantesimo Lampo. Dura 5..20 secondi. gli attacchi contro i nemici in movimento provocano anche Storpiatura per 2..9 secondi. Quando lanci questo incantesimo, vieni curato[f:"curata"] da Storpiatura e 1 altra condizione. Questo incantesimo termina dopo che avrai utilizzato 1..3 volte Storpiatura.;3;42;33;10;0;10;0;15;0;0;0;0;0;0;0;
1759;Voto della Forza;Gelübde der Stärke;Incantesimo d'Élite. Secondi: 15. Ogni volta che attacchi un nemico con la Falce, infliggi 10..25 danni da taglio a tutti i nemici adiacenti.;3;43;23;10;0;5;.25;20;0;0;1;0;0;0;0;
1760;Aura della Polvere d'Ebano;Ebon-Staubaura;Incantesimo Lampo d'Élite. Quando lanci quest'incantesimo, tutti i nemici nei dintorni vengono accecati per 1..7 secondi. Per 30 secondi, se brandisci un'arma da terra, i tuoi attacchi ravvicinati infliggono +3..30 danni da terra. Al termine dell'incantesimo vieni curato[f:"curata"] da Cecità.;3;43;33;10;0;10;0;20;0;0;1;0;0;0;0;
1761;Voto Zelante;Eifriges Gelübde;Incantesimo d'Élite. Per 20 secondo[i], hai una Rigenerazione dell'Energia di -2 e ottieni 1..6 Punto[i] Energia ogni volta che un tuo attacco va a segno.;3;42;23;10;0;5;.25;12;0;0;1;0;0;0;0;
1762;Cuore della Furia;Herz der Wut;Posizione. Dura 2..10 secondi. la tua velocità d'attacco aumenta di 25%.;3;44;29;10;0;0;0;0;3.2;0;0;0;0;0;0;
1763;Rinnovamento Zelante;Eifrige Erneuerung;Incantesimo Lampo. Tutti i nemici nei dintorni subiscono 5..30 danni sacri. Per 5..25 secondi hai una Rigenerazione dell'Energia di -1 e consegui 1 Punto Energia ogni volta che colpisci un nemico. Se l'incantesimo termina prematuramente ottieni 1..5 Punti Energia.;3;44;33;10;0;5;0;10;0;0;0;0;0;0;0;
1764;Intuito dell'Attaccante;Einblick des Angreifers;Incantesimo Lampo. Per 3..10 secondi, hai un 50% di probabilità di bloccare gli attacchi. Al termine dell'incantesimo, infliggi Debolezza a tutti i nemici adiacenti per 3..15 secondi.;3;42;33;10;0;10;0;10;0;0;0;0;0;0;0;
1765;Aura Strappante;Zerreißende Aura;Incantesimo Lampo. Quando lanci quest'incantesimo, tutti i nemici nei dintorni subiscono 10..40 danni da freddo. Per 30 secondi, le tue abilità d'attacco rimuovono incantesimi dai nemici abbattuti. Al termine dell'incantesimo, tutti i nemici nei dintorni subiscono Armatura Incrinata per 1..10 secondi.;3;42;33;10;0;10;0;10;0;0;0;0;0;0;0;
1766;Grazia del Piedelieve;Anmut des Federfußes;Incantesimo. Per 5..20 secondo[i], la tua velocità di movimento aumenta di un 25% e le condizioni si esauriscono con una velocità superiore del 50%.;3;42;23;10;0;10;.25;15;0;0;0;0;0;0;0;
1767;Falciata del Mietitore;Schwung des Schnitters;Attacco d'Élite con Falce. Se questo attacco va a segno, infliggi Storpiatura per 3..15 secondi. Perdi 1 Incantesimo del Derviscio. Se un incantesimo è stato rimosso, questo attacco abbatte per 2..3 secondi.;3;41;9;10;0;0;0;0;7;0;1;0;0;0;0;
1768;Fretta del Predatore;Eile des Läufers;Incantesimo Lampo. Per 2..8 secondi, la tua velocità di movimento aumenta di un 25% ed infliggi +3..12 danni contro i nemici in movimento.;3;42;33;10;0;10;0;10;0;0;0;0;0;0;0;
1769;Rabbia Focalizzata;Konzentrierter Zorn;Abilità d'Élite. Per 45 secondo[i], ottieni un 0..150% in più di Adrenalina.;3;40;1;9;0;10;0;45;0;0;1;0;0;0;0;
1770;Indole Naturale;Natürliche Laune;Abilità. Per 4..15 secondo[i], ottieni un 33% in più di Adrenalina mentre non sei sotto gli effetti di un incantesimo.;3;40;1;9;0;0;0;0;3;0;0;0;0;0;0;
1771;Canto del Ripristino;Gesang der Wiederherstellung;Canto d'Élite. Per 10 secondo[i], la prossima volta che ogni membro della squadra a portata d'orecchio usa un'abilità, ottiene 45..110 Punto[i] Salute.;3;39;13;9;0;10;1;10;0;0;1;0;0;0;0;
1772;Lirica di Purificazione;Lyrik der Läuterung;Canto. Per 5..20 secondo[i], la prossima volta che ogni alleato a portata d'orecchio utilizza un Sigillo, perde 1 condizione.;3;39;13;9;0;5;1;10;0;0;0;0;0;0;0;
1773;Furia del Soldato;Wut des Soldaten;Eco d'Élite. Per 10..35 secondo[i], se ti trovi sotto gli effetti di un canto o di un urlo, la tua velocità d'attacco aumenta di un 33% e ottieni un 33% in più di adrenalina, ma hai -20 di armatura.;3;40;14;9;0;5;1;5;0;0;1;0;0;0;0;
1774;Ritornello Aggressivo;Aggressiver Refrain;Eco. Per 5..25 secondo[i] la tua velocità d'attacco aumenta di un 25% ma hai -20 di armatura. L'eco si rinnova ogni volta che un canto o un urlo termina su di te.;3;40;14;9;0;15;1;20;0;0;0;0;0;0;0;
1775;Finale Energetico;Energie bringendes Finale;Eco. Per 10..35 secondo[i], ogni volta che un canto o un urlo termina sull'obiettivo alleato (Spiriti esclusi), questi ottiene 1..2 Punto[i] Energia.;3;39;14;9;0;10;1;5;0;0;0;0;0;0;0;
1776;Sigillo dell'Aggressione;Siegel der Aggression;Sigillo. Se sei sotto gli effetti di un Urlo o di un Canto, ottieni 2 dose[i] di adrenalina.;3;-1;21;9;0;0;1;5;0;0;0;0;0;0;0;
1777;Sigillo del Rimedio;Heilmittel-Siegel;Sigillo. Perdi 1 condizione.;3;-1;21;9;0;0;1;4;0;0;0;0;0;0;0;
1778;Sigillo del Ritorno;Siegel der Wiederkehr;Sigillo. Resusciti il compagno di squadra preso di mira con un 5..20% di Salute e un 1..4% di Energia per ogni membro della squadra a portata d'orecchio.;3;40;21;9;0;0;4;5;0;0;0;0;0;0;0;
1779;"Perdurate!";"Nehmt Euch Zeit!";Urlo. Ottieni 2 colpi da adrenalina per ogni membro della squadra a portata d'orecchio (massimo 1..8 adrenalina).;3;40;20;9;0;10;0;10;0;0;0;0;0;0;0;
1780;"Vietato Toccare!";"Darf nicht angerührt werden!";Urlo. Per 20 secondi 1..5 delle prossime abilità di tocco usate contro gli alleati a portata d'orecchio falliranno.;3;38;20;9;0;5;0;10;0;0;0;0;0;0;0;
1781;"Scopri la Loro Debolezza!";"Findet ihren Schwachpunkt!";Urlo. Dura 5..20 secondi. La prossima volta che l'obiettivo alleato sferra un attacco infligge +5..50 di danni e provoca una Ferita Profonda per 5..20 secondi.;3;38;20;9;0;10;0;15;0;0;0;0;0;0;0;
1782;"Il Potere è nelle Tue Mani!";"Die Macht ist Euer!";Urlo d'Élite. Per 2..4 secondo[i], tutti gli alleati a portata d'orecchio ottengono una Rigenerazione Energia di 1..2.;3;39;20;9;0;0;0;0;4;0;1;0;0;0;0;
1783;Lancia dell'Assassino;Speer des Würgers;Attacco con Lancia. Se questo attacco va a segno, infliggi +5..25 danno[i]. se quel nemico ha più Salute di te subisce una Ferita Profonda per 5..20 secondo[i].;3;37;12;9;0;10;0;4;0;0;0;0;0;0;0;
1784;Giavellotto Rapido;Schneller Speer;Attacco con Lancia. Se questo attacco va a segno, infligge +5..20 danno[i]. se sei sotto gli effetti di un incantesimo, questa lancia vola a velocità doppia e non può essere bloccata.;3;37;12;9;0;5;0;10;0;0;0;0;0;0;0;
1814;Sguardo del Portatore della Luce;Blick des Lichtbringers;Abilità. Il servitore di Abaddon preso di mira subisce 100 danno[i] sacro[i] e viene interrotto. Questa abilità colpisce un nemico in più nell'area per ogni grado di Portatore della Luce conseguito. Questa abilità viene disattivata per 15 secondi dopo essere stata usata.;3;-3;1;0;0;5;1;15;0;0;0;1;0;0;0;
1815;Sigillo del Portatore della Luce;Lichtbringer-Siegel;Sigillo. Se ti trovi nell'area di un servitore di Abaddon ottieni 3..5 dose[i] di adrenalina e 16..24 Punto[i] Energia.;3;-3;21;0;0;0;.25;25;0;0;0;1;0;0;0;
1816;Sigillo di Rinascita della Lancia del Sole;Sonnenspeer-Wiedergeburtssiegel;Sigillo. Resusciti nella tua posizione il membro della squadra morto selezionato con piena Salute e il 10% di Energia per ogni grado della Lancia del Sole conseguito. Questo Sigillo può essere usato solo una volta durante l'avventura a meno che non venga ricaricato da una Spinta Morale.;3;-2;21;0;0;0;3;0;0;0;0;1;0;0;0;
1948;Santuario dell'Ombra;Schattenzuflucht (Luxon);Incantesimo. Vieni accecato per 5 secondo[i]. Per 10 secondi ottieni +7..10 di Rigenerazione Salute e +40 di armatura.;2;-4;23;7;0;5;.25;30;0;0;0;1;0;0;0;
1949;Incubo Etereo;Äther-Alptraum (Luxon);Fattura. L'obiettivo nemico perde 5..8 Punto[i] Energia. Per ogni Punto Energia perduto in questo modo, l'obiettivo e tutti i nemici nell'area subiscono -1 di Degenerazione Salute per 10 secondo[i].;2;-4;24;5;0;10;3;25;0;0;0;1;0;0;0;
1950;Sigillo della Corruzione;Siegel der Verdorbenheit (Luxon);Sigillo. L'obiettivo nemico e tutti i nemici nei dintorni subiscono 20..30 danno[i]. per ogni nemico affetto da una condizione o da una fattura ottieni 2 Punto[i] Energia (max. 12..20 Punto[i] Energia).;2;-4;21;4;0;0;1;20;0;0;0;1;0;0;0;
1951;Lord Elementale;Elementarlord (Luxon);Incantesimo. Per 40..60 secondi i tuoi attributi elementali vengono incrementati di 1. Ogni volta che lanci una magia, ottieni 1 Punto Energia per ogni 10 gradi di Riserva di Energia e vieni curato[f:"curata"] di un 100..300% del costo energetico della magia.;2;-4;23;6;0;5;.25;45;0;0;0;1;0;0;0;
1952;Spirito Altruista;Selbstloser Geist (Luxon);Incantesimo. Per 15..20 secondi il dispendio di Energia delle magie lanciate su un altro alleato viene ridotto di 3.;2;-4;23;3;0;5;.25;45;0;0;0;1;0;0;0;
1953;Tiro Triplo;Dreifachschuss (Luxon);Attacco con Arco. Scocca 3 frecce simultaneamente contro il nemico. Le frecce infliggono un 40..25% di danni in meno.;2;-4;2;2;0;10;0;10;0;0;0;1;0;0;0;
1954;"Mettetevi In Salvo!";"Rettet Euch selbst!" (Luxon);Urlo. Per 4..6 secondi tutti gli altri membri della squadra ottengono +100 di armatura.;2;-4;20;1;0;0;0;0;8;0;0;1;0;0;0;
1955;Aura della Potenza Sacra;Aura der Heiligen Macht (Luxon);Incantesimo. Per 45 secondi, quando perdi un Incantesimo del Derviscio assesti 20..25 danni sacri a tutti i nemici adiacenti.;2;-4;23;10;0;10;.75;30;0;0;0;1;0;0;0;
1957;Lancia della Furia;Speer der Wut (Luxon);Attacco con Lancia. Questo attacco infligge +30..40 danno[i]. se colpisce un nemico affetto da una condizione ottieni 3..6 dose[i] di adrenalina.;2;-4;12;9;0;5;1;8;0;0;0;1;0;0;0;
1986;Assalto Vampirico;Vampirangriff;Attacco Doppio[_]. Deve seguire un attacco con arma secondaria. Se va a segno sottrai 10..40 Punto[i] Salute.;4;30;7;7;0;5;0;8;0;0;0;0;0;0;0;
1987;Colpo del Loto;Lotus-Stoß;Attacco con Arma Secondaria. Deve seguire un attacco con arma primaria. Se questo attacco va a segno, infligge +10..25 danno[i] e tu ottieni 5..20 Punto[i] Energia.;4;29;6;7;0;10;0;12;0;0;0;0;0;0;0;
1988;Colpo della Zanna Dorata;Goldfangstoß;Attacco con Arma Secondaria. Deve seguire un attacco con arma primaria. Se sei sotto gli effetti di un incantesimo e questo attacco va a segno, l'obiettivo nemico soffre di Ferita Profonda per 5..20 secondo[i].;4;29;6;7;0;5;0;4;0;0;0;0;0;0;0;
1990;Colpo del Loto in Caduta;Fallender Lotus-Stoß;Attacco con Arma Secondaria. Deve colpire un avversario abbattuto. Se va a segno infligge +15..35 danno[i] e tu ottieni 1..12 Punto[i] Energia.;4;29;6;7;0;5;0;8;0;0;0;0;0;0;0;
1991;Sigillo del Sadico;Siegel des Sadisten;Sigillo. Ottieni 10..45 Punto[i] Salute per ogni condizione presente sull'obiettivo nemico.;4;30;21;7;0;0;1;8;0;0;0;0;0;0;0;
1992;Sigillo della Distrazione;Siegel der Ablenkung;Sigillo. Se l'obiettivo nemico sta lanciando una magia, viene interrotta e disattivata per 1..5 secondi per ogni Sigillo equipaggiato.;4;2;21;5;0;0;.25;15;0;0;0;0;0;0;0;
1993;Sigillo del Richiamo;Siegel der Zurückrufung;Sigillo. Per 6 secondo[i], hai una Rigenerazione dell'Energia di -4. Quando questo effetto termina ottieni 13..20 Punto[i] Energia.;4;3;21;5;0;0;.25;20;0;0;0;0;0;0;0;
1994;Chiusura del Potere;Kraftsperre;Magia. Se l'obiettivo nemico ha attivato una magia o un canto, l'abilità viene interrotta e disattivata per 5..13 secondi in più.;4;2;22;5;0;5;.25;20;0;0;0;0;0;0;0;
1995;Risparmio è Guadagno;Spare in der Zeit ...;Magia. Se l'obiettivo nemico non sta lanciando una magia o attaccando ottieni 8..13 Punto[i] Energia.;4;3;22;5;0;5;.25;15;0;0;0;0;0;0;0;
1996;Somma di Tutte le Paure;Summe aller Ängste;Fattura. Per 4..12 secondo[i] i movimenti, gli attacchi e il lancio di magie dell'obiettivo nemico rallentano di un 33%.;4;1;24;5;0;10;1.5;10;0;0;0;0;0;0;0;
1997;Aura Avvizzente;Verkümmernde Aura;Incantesimo. Per 5..20 secondo[i], gli attacchi ravvicinati dell'obiettivo (un alleato o te stesso) provocano Debolezza per 5..20 secondo[i].;4;5;23;4;0;5;1;3;0;0;0;0;0;0;0;
1998;Cacofonia;Kakophonie;Fattura. Per 15 secondo[i], ogni volta che l'obiettivo nemico usa un Urlo o un Canto, subisce 30..105 danno[i].;4;7;24;4;0;10;1;15;0;0;0;0;0;0;0;
1999;Abbraccio dell'Inverno;Umarmung des Winters;Fattura. Per 2..6 secondi la velocità dell'obiettivo nemico diminuisce di un 66% e questi subisce 5..15 danni mentre si muove.;4;11;24;6;0;10;.75;15;0;0;0;0;0;0;0;
2000;Catene di Terra;Irdene Fesseln;Fattura. Per 3 secondi la velocità dell'obiettivo nemico e di tutti i nemici nei dintorni diminuisce di un 90%. Al termine, Catene di Terra provoca Debolezza per 5..20 secondi.;4;9;24;6;0;10;1;15;0;0;0;0;0;0;0;
2001;Guardia della Debolezza;Kreis der Schwäche;Guardia. Crei una Guardia della Debolezza nella tua posizione corrente. Per 5..20 secondi, i nemici in quest'area soffrono di Debolezza per 5..20 secondi ogni volta che subiscono danni elementali.;4;9;26;6;0;5;1;20;0;0;0;0;0;0;0;
2002;Glifo della Rapidità;Glyphe der Schnelligkeit;Glifo. Per 15 secondi, la velocità di ricarica di 1..5 delle tue magie successive aumenta di un 25% e i proiettili da esse provenienti hanno una velocità superiore del 200%.;4;8;16;6;0;5;1;10;0;0;0;0;0;0;0;
2003;Cura Fattura;Verhexung heilen;Magia. Rimuovi una fattura dall'obiettivo (un alleato o te stesso). Se ci riesci quell'alleato viene anche curato di 30..100 Punto[i] Salute.;4;13;22;3;0;5;1;12;0;0;0;0;0;0;0;
2004;Colpisci Condizione;Zustand zerschlagen;Magia. Rimuovi una condizione dall'obiettivo (un alleato o te stesso). Se ci riesci, i nemici presenti nell'area subiscono 10..60 danno[i] sacro[i].;4;14;22;3;0;5;1;7;0;0;0;0;0;0;0;
2005;Soccorso del Punitore;Segen des Peinigers;Incantesimo. Per 30 secondo[i], il bonus di Favore Divino per le tue Preghiere Punitive viene raddoppiato.;4;16;23;3;0;5;.25;10;0;0;0;0;0;0;0;
2006;Sigillo della Castigazione;Geißelungs-Siegel;Sigillo. L'obiettivo nemico subisce 26..56 danno[i] sacro[i]. se stava attaccando ottieni 4..14 Punto[i] Energia.;4;14;21;3;0;0;1;15;0;0;0;0;0;0;0;
2007;Velo Purificante;Reinigender Schleier;Incantesimo. Mentre mantieni quest'incantesimo la velocità di esaurimento delle condizioni presenti sull'obiettivo alleato aumenta di un 5..50%. Quando quest'incantesimo termina una condizione viene rimossa da quell'alleato.;4;15;23;3;-1;5;1;6;0;0;0;0;0;0;0;
2008;Percossa Polverizzante;Zermalmender Schlag;Attacco con Martello. Se colpisci un nemico abbattuto gli procuri Debolezza e Ferita Profonda per 5..20 secondo[i].;4;19;8;1;0;0;0;0;3.2;0;0;0;0;0;0;
2009;Fendente Affilato;Verwegener Hieb;Attacco con Ascia. Se va a segno, questo attacco risulta sempre in un colpo critico.;4;18;4;1;0;0;0;0;3;0;0;0;0;0;0;
2010;Taglia Ginocchia;Knieschneider;Attacco con Spada. Se questo attacco colpisce un nemico affetto da Storpiatura ottieni 2..7 Punto[i] Energia e 1..3 dose[i] di Adrenalina.;4;20;10;1;0;0;0;1;4.8;0;0;0;0;0;0;
2011;Abbranca;Raufen;Abilità. Tu e l'obiettivo nemico toccato andate a terra. Perdi la posizione corrente.;4;-1;1;1;0;5;.75;8;0;0;0;0;0;0;0;
2012;Falce Radiante;Strahlende Sense;Attacco con Falce. Questo attacco provoca +1 danni per ogni Punto Energia presente su di te (max. 5..30 danni). Ottieni 1..7 Punti Energia se l'attacco va a segno.;4;41;9;10;0;0;0;0;6;0;0;0;0;0;0;
2013;Aura di Grenth;Grenths Aura;Incantesimo Lampo. Per 20 secondi, infliggi 5..25 danni in meno e sottrai 5..25 Punti Salute quando attacchi con la Falce. Quando lanci questo incantesimo sottrai 5..25 Punti Salute a tutti i nemici adiacenti.;4;42;33;10;0;10;0;10;0;0;0;0;0;0;0;
2014;Sigillo del Ritegno Pio;Siegel der frommen Zurückhaltung;Sigillo. Rimuove 1 incantesimo da Derviscio. Il nemico bersagliato viene azzoppato per 5..15 secondo/i. Se viene rimosso un incantesimo, vengono azzoppati anche tutti i nemici nell'area del tuo bersaglio e questo sigillo si ricarica del 75% più velocemente.;4;42;21;10;0;0;1;10;0;0;0;0;0;0;0;
2015;Falce del Contadino;Sense des Bauern;Attacco con Falce. Se questo attacco va a segno provochi +5..20 danno[i]. Se colpisci più di un nemico questo attacco si ricarica all'istante.;4;41;9;10;0;5;0;12;0;0;0;0;0;0;0;
2016;Lee Sa era Energetica;Energisch war Lee Sa;Magia Altera-oggetto. Mantieni le ceneri di Lee Sa per 5..15 secondo[i]. mentre le mantieni, ottieni una Rigenerazione dell'Energia di +2. Quando le lasci cadere ricevi +1..10 Punto[i] Energia.;4;36;25;8;0;10;2;20;0;0;0;0;0;0;0;
2017;Inno della Stanchezza;Hymne der Müdigkeit;Canto. Per 8 secondo[i] la prossima abilità d'attacco utilizzata da ogni alleato a portata d'orecchio provoca anche Debolezza per 1..16 secondo[i].;4;38;13;9;0;5;1;10;0;0;0;0;0;0;0;
2018;Inno del Disturbo;Hymne der Störung;Canto. Per 1..10 secondo[i] la prossima abilità d'attacco usata da ogni alleato a portata d'orecchio interrompe anche un'azione.;4;38;13;9;0;10;1;15;0;0;0;0;0;0;0;
2051;Invoca Spiriti;Geister herbeirufen (Luxon);Magia. Tutti gli Spiriti da te controllati compiono un Passo nell'Ombra verso la tua posizione e ottengono 60..100 Punto[i] Salute.;2;-4;22;8;0;5;.25;5;0;0;0;1;0;0;0;
2052;Zanna dell'Ombra;Schattenfangzahn;Fattura. Compi un Passo nell'Ombra verso l'obiettivo nemico. Per 10 secondo[i] questa fattura non ha effetto. Quando termina ritorni al punto di partenza e quel nemico soffre di Ferita Profonda per 5..20 secondo[i].;4;30;24;7;0;10;.25;20;0;0;0;0;0;0;0;
2053;Rischio Calcolato;Kalkuliertes Risiko;Fattura. Per 3..24 secondi gli attacchi dell'obiettivo nemico infliggono +10 danni, ma c'è un 50% di probabilità che i danni assestati con ogni attacco si ripercuotano su di lui (danni massimi: 15..100).;4;1;24;5;0;5;1;7;0;0;0;0;0;0;0;
2054;Armatura Infeltrita;Schrumpfende Rüstung;Fattura. Per 10 secondo[i] l'obiettivo nemico subisce una Degenerazione della Salute di -1..4. Quando questa fattura termina quel nemico soffre di Armatura Incrinata per 5..20 secondo[i].;4;1;24;5;0;5;1;8;0;0;0;0;0;0;0;
2055;Aneurisma;Aneurysma;Magia. L'obiettivo nemico recupera tutta l'Energia. Per ogni Punto Energia ottenuto in questo modo, il nemico subisce 1..3 danni e tutti i nemici adiacenti perdono 1 Punto Energia (Punti Energia massimi persi: 1..30).;4;2;22;5;0;5;1;5;0;0;0;0;0;0;0;
2056;Occhio Vagante;Wanderndes Auge;Fattura. Dura 4 secondo[i]. la prossima volta che l'obiettivo nemico attacca viene interrotto e tutti i nemici nei dintorni subiscono 30..110 danno[i].;4;1;24;5;0;5;2;12;0;0;0;0;0;0;0;
2057;Banchetto Ripugnante;Widerliches Gelage;Magia. Tutte le condizioni vengono trasferite dall'obiettivo alleato a te stesso. Per ogni condizione così acquisita ottieni 0..45 Punti Salute e 2..4 Punti Energia. Questa abilità si ricarica nella metà del tempo se rimuovi la Malattia dal tuo obiettivo.;4;6;22;4;0;5;.25;4;0;0;0;0;0;0;0;
2058;Bile Putrefatta;Verwesende Galle;Fattura. Per 5..25 secondo[i], l'obiettivo nemico subisce una Degenerazione della Salute di -1..3. Se muore mentre è affetto da questa fattura, tutti i nemici nei dintorni subiscono 25..85 danno[i].;4;5;24;4;0;10;1;12;0;0;0;0;0;0;0;
2059;Psicosi Traumatica;Kriegsneurose;Magia. L'obiettivo nemico subisce 10..30 danni da fulmine e soffre di Armatura Incrinata per 5..20 secondi. Questa magia ha una penetrazione dell'armatura del 25%. Se sei sotto Sforzo, questa magia colpisce i nemici adiacenti.;4;8;22;6;0;5;1;8;0;0;0;0;0;0;0;
2060;Glifo dell'Immolazione;Glyphe der Aufopferung;Glifo. Per 15 secondi, con 1..4 delle tue magie successive dirette contro un obiettivo nemico provochi anche Bruciatura per 1..4 secondi.;4;10;16;6;0;5;1;10;0;0;0;0;0;0;0;
2061;Spirito Paziente;Geduldiger Geist;Incantesimo. Per 2 secondi l'obiettivo (un alleato o te stesso) è affetto dall'incantesimo Spirito Paziente. Se questo incantesimo non termina prematuramente, l'alleato viene curato di 30..120 Punti Salute al termine dell'incantesimo.;4;13;23;3;0;5;.25;4;0;0;0;0;0;0;0;
2062;Nastro di Guarigione;Heilendes Band;Magia. L'obiettivo alleato viene curato di 20..110 Punto[i] Salute. un massimo di 2 alleati nei dintorni di questo alleato ricevono 10..100 Punto[i] Salute.;4;13;22;3;0;10;1;5;0;0;0;0;0;0;0;
2063;Aura della Stabilità;Aura der Stabilität;Incantesimo. Per 3..8 secondo[i] l'obiettivo alleato non può essere abbattuto.;4;15;23;3;0;5;.25;12;0;0;0;0;0;0;0;
2064;Mente Candida;Makelloser Verstand;Incantesimo. Per 1..15 secondo[i] l'obiettivo alleato perde una fattura ogni 5 secondo[i].;4;13;23;3;0;5;.25;12;0;0;0;0;0;0;0;
2065;Anima Candida;Makellose Seele;Incantesimo. Per 1..15 secondo[i] l'obiettivo alleato perde una condizione ogni 3 secondo[i].;4;13;23;3;0;5;.25;12;0;0;0;0;0;0;0;
2066;Disarmo;Entwaffnen;Attacco con Spada. Interrompi l'azione dell'obiettivo nemico. se si trattava di un attacco, tutte le sue abilità d'attacco vengono disattivate per 0..3 secondo[i].;4;17;10;1;0;5;.5;20;0;0;0;0;0;0;0;
2067;"Tutto Calcolato!";"Das war Absicht!";Urlo. Se vieni abbattuto ottieni 1..6 dose[i] di adrenalina.;4;17;20;1;0;5;0;8;0;0;0;0;0;0;0;
2068;Fuoco Rapido;Schnellfeuer;Preparazione. Per 5..25 secondo[i] la tua velocità d'attacco aumenta di un 33% mentre utilizzi un arco.;4;25;17;2;0;5;2;12;0;0;0;0;0;0;0;
2069;Tiro del Cacciatore Indolente;Schuss des Faultierjägers;Attacco con Arco. Se questo attacco va a segno l'obiettivo nemico subisce +10..25 danno[i]. se non sta usando un'abilità, il Tiro del Cacciatore Indolente provoca +10..35 danno[i] aggiuntivo[i].;4;25;2;2;0;10;0;8;0;0;0;0;0;0;0;
2070;Affetta Aura;Auraschneider;Attacco Ravvicinato. Se questo attacco va a segno, infliggi Emorragia per 5..15 secondi. Se sei sotto incantesimo, infliggi inoltre Armatura Incrinata per 1..10 secondi.;4;44;3;10;0;0;0;0;3.2;0;0;0;0;0;0;
2071;Falciata Zelante;Eifriger Schwung;Attacco con Falce. Se l'attacco va a segno, infliggi +5..20 danni. Ottieni 3 Punti Energia e 1 dose di adrenalina per ogni nemico colpito.;4;41;9;10;0;5;0;10;0;0;0;0;0;0;0;
2072;Li Ming era Pura;Rein war Li Ming;Magia Altera-oggetto. Mantieni le ceneri di Li Ming per 5..20 secondo[i]. mentre le mantieni, la velocità di esaurimento delle condizioni aumenta di un 10..50%. Quando le lasci cadere tutti gli alleati a portata d'orecchio perdono 1..4 condizione[i].;4;33;25;8;0;5;1;20;0;0;0;0;0;0;0;
2073;Arma dell'Aggressione;Waffe der Aggression;Magia Altera-arma. Per 5..15 secondo[i] la tua velocità d'attacco aumenta di un 25%.;4;34;27;8;0;10;.25;10;0;0;0;0;0;0;0;
2074;Batti Torace;Brusttrommler;Attacco con Lancia. Se questo attacco colpisce un nemico affetto da Armatura Incrinata gli provoca Ferita Profonda per 5..20 secondo[i].;4;37;12;9;0;5;0;5;0;0;0;0;0;0;0;
2075;Ritornello Frettoloso;Hastiger Refrain;Eco. Per 8..20 secondo[i] la velocità di movimento dell'obiettivo (un alleato o te stesso) aumenta di un 25%. Questa eco si rinnova ogni volta che un canto o un urlo finisce su quell'alleato.;4;40;14;9;0;5;1;10;0;0;0;0;0;0;0;
2091;Santuario dell'Ombra;Schattenzuflucht (Kurzick);Incantesimo. Vieni accecato per 5 secondo[i]. Per 10 secondi ottieni +7..10 di Rigenerazione Salute e +40 di armatura.;2;-5;23;7;0;5;.25;30;0;0;0;1;0;0;0;
2092;Incubo Etereo;Äther-Alptraum (Kurzick);Fattura. L'obiettivo nemico perde 5..8 Punto[i] Energia. Per ogni Punto Energia perduto in questo modo, l'obiettivo e tutti i nemici nell'area subiscono -1 di Degenerazione Salute per 10 secondo[i].;2;-5;24;5;0;10;3;25;0;0;0;1;0;0;0;
2093;Sigillo della Corruzione;Siegel der Verdorbenheit (Kurzick);Sigillo. L'obiettivo nemico e tutti i nemici nei dintorni subiscono 20..30 danno[i]. per ogni nemico affetto da una condizione o da una fattura ottieni 2 Punto[i] Energia (max. 12..20 Punto[i] Energia).;2;-5;21;4;0;0;1;20;0;0;0;1;0;0;0;
2094;Lord Elementale;Elementarlord (Kurzick);Incantesimo. Per 40..60 secondi i tuoi attributi elementali vengono incrementati di 1. Ogni volta che lanci una magia, ottieni 1 Punto Energia per ogni 10 gradi di Riserva di Energia e vieni curato[f:"curata"] di un 100..300% del costo energetico della magia.;2;-5;23;6;0;5;.25;45;0;0;0;1;0;0;0;
2095;Spirito Altruista;Selbstloser Geist (Kurzick);Incantesimo. Per 15..20 secondi il dispendio di Energia delle magie lanciate su un altro alleato viene ridotto di 3.;2;-5;23;3;0;5;.25;45;0;0;0;1;0;0;0;
2096;Tiro Triplo;Dreifachschuss (Kurzick);Attacco con Arco. Scocca 3 frecce simultaneamente contro il nemico. Le frecce infliggono un 40..25% di danni in meno.;2;-5;2;2;0;10;0;10;0;0;0;1;0;0;0;
2097;"Mettetevi In Salvo!";"Rettet Euch selbst!" (Kurzick);Urlo. Per 4..6 secondo[i] tutti gli altri membri della squadra ottengono +100 di armatura.;2;-5;20;1;0;0;0;0;8;0;0;1;0;0;0;
2098;Aura della Potenza Sacra;Aura der Heiligen Macht (Kurzick);Incantesimo. Per 45 secondi, quando perdi un Incantesimo del Derviscio assesti 20..25 danni sacri a tutti i nemici adiacenti.;2;-5;23;10;0;10;.75;30;0;0;0;1;0;0;0;
2099;Lancia della Furia;Speer der Wut (Kurzick);Attacco con Lancia. Questo attacco infligge +30..40 danno[i]. se colpisce un nemico affetto da una condizione ottieni 3..6 dose[i] di adrenalina.;2;-5;12;9;0;5;1;8;0;0;0;1;0;0;0;
2100;Invoca Spiriti;Geister herbeirufen (Kurzick);Magia. Tutti gli Spiriti da te controllati compiono un Passo nell'Ombra verso la tua posizione e ottengono 60..100 Punto[i] Salute.;2;-5;22;8;0;5;.25;5;0;0;0;1;0;0;0;
2101;Agilità Critica;Kritische Beweglichkeit;Incantesimo. Per 4 secondo[i] e 1 secondo per ogni grado di Colpi Critici, la tua velocità d'attacco aumenta di un 33% e ottieni +15..25 di armatura. Questa abilità si rinnova ogni volta che metti a segno un colpo critico.;3;-2;23;7;0;5;1;30;0;0;0;1;0;0;0;
2102;Grido di Dolore;Schmerzensschrei;Magia. Interrompi l'abilità dell'obiettivo nemico. Se è sotto l'effetto di una fattura dell'Ipnotizzatore, lui e tutti i nemici nell'area subiscono 25..50 danni e una Degenerazione Salute di 3..5 per 10 secondi.;3;-2;22;5;0;10;.25;15;0;0;0;1;0;0;0;
2103;Necrosi;Nekrose;Abilità. Se l'obiettivo nemico è affetto da una condizione o da una fattura subisce 60..90 danno[i].;3;-2;1;4;0;5;1;2;0;0;0;1;0;0;0;
2104;Intensità;Intensität;Abilità. Per 10 secondi, la prossima volta che infliggi un danno elementale tramite incantesimo a un obiettivo, assesti anche un 60..70% di quel danno a tutti i nemici nell'area.;3;-2;1;6;0;5;0;10;0;0;0;1;0;0;0;
2105;Seme della Vita;Lebenssaat;Incantesimo. Per 2..5 secondi, ogni volta che l'obiettivo alleato subisce danni tutti i membri della squadra vengono curati di 2 Punti Salute per ogni grado di Favore Divino.;3;-2;23;3;0;5;.25;20;0;0;0;1;0;0;0;
2107;Attacco Vortice;Wirbelsturmangriff;Attacco Ravvicinato. Attacchi l'obiettivo e i nemici adiacenti. ogni attacco che va a segno infligge +13..20 danno[i].;3;-2;3;1;0;0;0;1;5.2;0;0;1;0;0;0;
2108;Mai Infierire da Soli;Tobt niemals allein;Abilità. Per 18..25 secondo[i], la tua velocità d'attacco e quella della tua mascotte aumentano di un 25% e hai una Rigenerazione della Salute di +1..3.;3;-2;1;2;0;15;0;20;0;0;0;1;0;0;0;
2109;Aura Eterna;Ewige Aura;Incantesimo. Salute massima: +100. Al termine dell'incantesimo, tutti i membri della squadra nell'area vengono resuscitati con un 40..50% di Punti Salute e un 20..30% di Punti Energia.;3;-2;23;10;0;15;4;30;0;0;0;1;0;0;0;
2110;Vampirismo;Vampirismus;Rituale Incatenante. Crei uno Spirito di livello 4..14 che si esaurisce dopo 75..150 secondo[i]. i suoi attacchi sottraggono fino a 10..20 Punto[i] Salute e tu vieni curato di 10..20 Punto[i] Salute.;3;-2;18;8;0;10;.75;30;0;0;0;1;0;0;0;
2112;"Non c'è Nulla da Temere!";"Es gibt nichts zu befürchten!";Urlo. Per 4 secondo[i] e 1 secondo per ogni 2 gradi di Leadership, tutti i membri della squadra a portata d'orecchio subiscono un 20..35% di danni in meno. quando questo urlo termina i membri della squadra affetti vengono curati di 35..60 Punto[i] Salute.;3;-2;20;9;0;15;0;20;0;0;0;1;0;0;0;
2116;Attacco Subdolo;Überraschungsangriff;Attacco Ravvicinato. Se questo attacco va a segno, l'obiettivo nemico soffre di Accecamento per 5..8 secondo[i]. Vale come attacco con arma primaria.;4;-8;3;0;0;5;0;5;0;0;0;1;0;0;0;
2135;Bue Calpestante;Trampelnder Ochse;Attacco Doppio[_]. Deve seguire un attacco con arma secondaria. Se va a segno, infliggi +5..20 danno[i]. se colpisce un nemico affetto da Storpiatura lo abbatte.;4;29;7;7;0;5;0;8;0;0;0;0;0;0;0;
2136;Difesa della Polvere di Fumo;Rauchpulver-Verteidigung;Posizione. Per 8 secondi, la prossima volta che sarai colpito subirai la metà del danno e tutti i nemici adiacenti verranno accecati per 2..6 secondi.;4;31;29;7;0;5;0;20;0;0;0;0;0;0;0;
2137;Immagini Svianti;Verwirrende Bilder;Fattura. Per 2..10 secondi l'obiettivo nemico impiegherà il doppio del tempo per l'attivazione delle abilità (attacchi esclusi).;4;1;24;5;0;10;1;20;0;0;0;0;0;0;0;
2138;Vigore del Fattucchiere;Lebenskraft des Verhexers;Incantesimo. Per 10 secondi ottieni una Rigenerazione Salute di +1..8. Il Vigore del Fattucchiere termina se utilizzi un'abilità che non rappresenta una fattura.;4;6;23;4;0;5;.25;10;0;0;0;0;0;0;0;
2139;Masochismo;Masochismus;Incantesimo. Per 10..40 secondi incrementi i tuoi attributi Magia della Morte e Sottrazione dell'Anima di +2 e sacrifichi un ulteriore 5..3% della tua Salute massima quando lanci una magia.;4;6;23;4;0;5;1;20;0;0;0;0;0;0;0;
2140;Trappola Perforante;Durchbohrende Falle;Trappola. Quando la Trappola Perforante viene attivata, tutti i nemici nei dintorni subiscono 5..50 danni perforanti. Infligge 15..60 danni da fuoco ulteriori a tutti i nemici con Armatura Incrinata che si trovano nei dintorni. La Trappola Perforante termina dopo 90 secondi. Quando si attiva questa abilità, può capitare facilmente di essere interrotti.;4;24;30;2;0;10;2;30;0;0;0;0;0;0;0;
2141;Compagnia;Kameradschaft;Abilità. Se hai meno Salute della tua mascotte vieni curato di 30..120 Punto[i] Salute. Se la tua mascotte ha meno Salute di te viene curata di 30..120 Punto[i] Salute.;4;22;1;2;0;5;2;10;0;0;0;0;0;0;0;
2142;Aggressione Selvaggia;Wilde Aggression;Abilità. Per 5..20 secondo[i], la velocità d'attacco della tua mascotte aumenta di un 33% e provoca 3..10 danno[i] in più.;4;22;1;2;0;15;0;20;0;0;0;0;0;0;0;
2143;Tiro Dirompente;Unterbrechender Schuss;Attacco con Arco. Se questo attacco va a segno, l'azione dell'obiettivo nemico viene interrotta. Se si trattava di un'abilità infliggi +10..40 danno[i].;4;25;2;2;0;10;.5;15;0;0;0;0;0;0;0;
2144;Tiro al Volo;Salve;Attacco con Arco. Rimuove tutte le tue Preparazioni. Scocca le frecce contro l'obiettivo nemico e un massimo di 3 nemico[i] a lui adiacente[i]. Se vanno a segno provocano +1..10 danno[i].;4;25;2;2;0;5;0;2;0;0;0;0;0;0;0;
2145;Mira da Professionista;Expertenfokus;Preparazione. Per 24 secondi le tua abilità di attacco con arco costano 1..2 Punti Energia in meno e provocano 1..10 di danni in più.;4;23;17;2;0;10;2;12;0;0;0;0;0;0;0;
2146;Furia Pia;Frommer Zorn;Posizione. Rimuove 1 Incantesimo del Derviscio. Per 1..7 secondi la tua velocità d'attacco aumenta di 25%. Se un incantesimo è stato rimosso, questa posizione dura il doppio del tempo.;4;44;29;10;0;5;0;10;0;0;0;0;0;0;0;
2147;Vittoria Azzoppante;Verkrüppelnder Sieg;Attacco con Falce. Se questo attacco colpisce un nemico, gli provoca Storpiatura per 3..8 secondi. Se hai più Salute dell'obiettivo nemico, tutti i nemici adiacenti subiscono 10..30 danni da terra.;4;41;9;10;0;0;0;0;6;0;0;0;0;0;0;
2148;Arma Separante;Trennende Waffe;Magia Altera-arma. Per 4..10 secondo[i] i 3 attacchi successivi dell'obiettivo alleato hanno un 10% di penetrazione dell'armatura e provocano Armatura Incrinata per 5..20 secondo[i].;4;32;27;8;0;5;1;10;0;0;0;0;0;0;0;
2149;Arma del Rinnovamento;Waffe der Erneuerung;Magia Altera-arma. Per 5..20 secondo[i] la prossima volta che l'obiettivo alleato colpisce con un'abilità d'attacco, ottiene 1..7 Punto[i] Energia.;4;36;27;8;0;5;1;10;0;0;0;0;0;0;0;
2150;Lancia Mutilante;Verkrüppelungs-Speer;Attacco con Lancia. Se questo attacco colpisce un nemico affetto da Emorragia gli provoca Storpiatura per 5..20 secondo[i].;4;37;12;9;0;5;0;5;0;0;0;0;0;0;0;
2186;Sigillo della Corruzione Letale;Siegel der tödlichen Verdorbenheit;Sigillo. L'obiettivo nemico infligge 5..35 danni per ogni condizione presente sull'obiettivo nemico (danni max: 130).;4;30;21;7;0;0;1;12;0;0;0;0;0;0;0;
2187;Potere del Maestro;Weg des Meisters;Incantesimo. Per 60 secondo[i], mentre impugni un'arma (pugnali esclusi) la tua probabilità di assestare un colpo critico aumenta di un 3..33%.;4;35;23;7;0;5;.25;30;0;0;0;0;0;0;0;
2188;Contamina Difese;Verteidigung entweihen;Fattura. Per 5..20 secondo[i], la prossima volta che l'obiettivo nemico blocca, subisce 30..120 danno[i].;4;7;24;4;0;5;1;5;0;0;0;0;0;0;0;
2189;Sguardo dell'Angorodon;Angorodons Starren;Magia. Sottrai 10..50 Punto[i] Salute all'obiettivo nemico. se sei affetto da una condizione ottieni 3..12 Punto[i] Energia.;4;6;22;4;0;5;1;10;0;0;0;0;0;0;0;
2190;Flusso Magnetico;Magnetschub;Incantesimo. L'obiettivo nemico subisce 15..75 danni. Se sei sotto Sforzo, Flusso Magnetico incanta tutti gli alleati a portata d'orecchio per 1..5 secondi per bloccare il prossimo attacco contro di essi.;4;9;23;6;0;10;1;15;0;0;0;0;0;0;0;
2191;Terreno Sdrucciolevole;Rutschiger Boden;Magia. Se l'obiettivo o i nemici adiacenti si muovono o sono colpiti da Accecamento, essi vengono abbattuti. 50% di possibilità di fallimento con una Magia dell'Acqua inferiore a 5.;4;11;22;6;0;5;1;10;0;0;0;0;0;0;0;
2192;Ghiaccio Luminoso;Leuchtendes Eis;Magia. L'obiettivo nemico subisce 5..50 danni da freddo. Se quel nemico è affetto da una fattura della Magia dell'Acqua, ottieni 5 Punti Energia e 1 Punto Energia per ogni 2 gradi della Riserva di Energia.;4;11;22;6;0;5;1;8;0;0;0;0;0;0;0;
2193;Esplosione di Energia;Energieexplosion;Magia. L'obiettivo nemico subisce 1..2 danni per ogni punto di Energia che possiedi (max 130 danni).;4;12;22;6;0;5;1.5;20;0;0;0;0;0;0;0;
2194;Battuta Distraente;Ablenkender Stoß;Attacco Ravvicinato. Se Battuta Distraente va a segno, non infligge danni e interrompe l'azione dell'obiettivo nemico. Se l'obiettivo nemico ha un'Armatura Incrinata, l'abilità viene disattivata per 30 secondo[i].;4;-1;3;1;0;5;.5;15;0;0;0;0;0;0;0;
2195;Colpo Simbolico;Symbolischer Schlag;Attacco Ravvicinato. Se questo attacco va a segno infliggi +12 danno[i] per ogni Sigillo che hai equipaggiato (max. 70 danno[i]).;4;-1;3;1;0;0;0;0;3.2;0;0;0;0;0;0;
2196;Velocità del Soldato;Geschwindigkeit des Soldaten;Posizione. Per 3..18 secondo[i], la tua velocità di movimento aumenta di un 15%. Incremento velocità di movimento mentre sei sotto gli effetti di un urlo o un canto: 15%.;4;21;29;1;0;5;0;12;0;0;0;0;0;0;0;
2197;Colpo al Corpo;Körperschlag;Attacco Ravvicinato. Se questo attacco va a segno l'obiettivo nemico subisce +10..40 danno[i]. se è affetto da Armatura Incrinata soffre di Ferita Profonda per 0..15 secondo[i].;4;17;3;1;0;0;0;0;6.4;0;0;0;0;0;0;
2198;Tiro al Corpo;Körperschuss;Attacco con Arco. Se questo attacco va a segno, infliggi +5..20 danno[i]. se colpisce un nemico affetto da Armatura Incrinata, ottieni 5..10 Punto[i] Energia.;4;25;2;2;0;5;0;8;0;0;0;0;0;0;0;
2199;Sigillo della Punta Avvelenata;Giftspitzen-Siegel;Sigillo. Per 60 secondo[i] il tuo prossimo attacco provoca Avvelenamento per 8..15 secondo[i].;4;24;21;2;0;0;1;6;0;0;0;0;0;0;0;
2200;Sigillo della Velocità Mistica;Siegel der mystischen Geschwindigkeit;Sigillo. Per 30 secondi lanci istantaneamente i tuoi prossimi 1..3 incantesimi su te stesso[f:"stessa"]. Gli Incantesimi Lampo non consumano l'utilizzo di questa abilità.;4;42;21;10;0;0;1;20;0;0;0;0;0;0;0;
2201;Scudo di Forza;Kraftschild;Incantesimo Lampo. Per 1..16 secondi, blocca 1 dei prossimi attacchi contro di te. Se un attacco viene bloccato, tutti i nemici adiacenti in attacco vengono abbattuti e soffrono di Debolezza per 5..20 secondi.;4;43;33;10;0;10;0;12;0;0;0;0;0;0;0;
2202;Stretta Riparatrice;Genesungsgriff;Magia. L'obiettivo (un alleato o te stesso) viene curato di 30..90 Punto[i] Salute. se è sotto gli effetti di una magia altera-arma perde una condizione.;4;33;22;8;0;5;1;4;0;0;0;0;0;0;0;
2203;Aura dello Spirito Sanguisuga;Geistsauger-Aura;Abilità. Per 5..20 secondi tutti i tuoi spiriti a portata d'orecchio infliggono 5..20 danni in meno e sottraggono 5..20 Punti Salute quando sferrano un attacco.;4;33;1;8;0;5;.25;20;0;0;0;0;0;0;0;
2204;Ringiovanimento;Verjüngung;Rituale Incatenante. Crei uno Spirito di livello 1..20 che cura di 3..10 Punto[i] Salute al secondo tutti i membri della squadra a portata d'orecchio. lo Spirito perde 3..10 Punto[i] Salute per ogni membro della squadra così curato. Questo Spirito si esaurisce dopo 30..90 secondo[i].;4;33;18;8;0;10;.75;30;0;0;0;0;0;0;0;
2205;Agonia;Todesqual;Rituale Incatenante. Crei uno Spirito di livello 1..12 che fa perdere 3..10 Punto[i] Salute al secondo ai nemici a portata d'orecchio. lo Spirito perde 3..10 Punto[i] Salute per ogni nemico così colpito. Questo Spirito si esaurisce dopo 30..90 secondo[i].;4;34;18;8;0;10;.75;30;0;0;0;0;0;0;0;
2206;Arma Spettrale;Geisterwaffe;Magia Altera-arma. Per 5..20 secondo[i] il prossimo attacco dell'obiettivo alleato non può essere bloccato.;4;32;27;8;0;3;.25;1;0;0;0;0;0;0;0;
2207;Discorso Ispiratore;Inspirative Rede;Abilità. Perdi tutta l'adrenalina e l'obiettivo alleato ottiene 1..8 dose[i] di adrenalina.;4;39;1;9;0;5;0;10;0;0;0;0;0;0;0;
2208;Scudo Ardente;Brennender Schild;Abilità. Per 3..9 secondo[i], mentre utilizzi uno scudo, la prossima abilità d'attacco diretta contro di te viene bloccata. Se si tratta di un attacco ravvicinato, l'attaccante prende fuoco per 1..6 secondo[i].;4;40;1;9;0;5;0;20;0;0;0;0;0;0;0;
2209;Lancia Sacra;Heiliger Speer;Attacco con Lancia. Se questo attacco va a segno, infliggi +5..20 danno[i]. se colpisce una creatura evocata, tutti i nemici nei dintorni subiscono 15..90 danno[i] sacro[i] e prendono fuoco per 3 secondo[i].;4;37;12;9;0;0;0;0;4;0;0;0;0;0;0;
2210;Lancia Travolgente;Speerschlag;Attacco con Lancia. Se questo attacco va a segno infliggi +5..20 danno[i] e l'obiettivo nemico è affetto da Stordimento per 4..10 secondo[i]. Questo attacco ha una portata ravvicinata.;4;40;12;9;0;5;0;20;0;0;0;0;0;0;0;
2211;Acido Alchemico di Alkar;Alkars Alchemiesäure;Magia. Lanci l'Acido Alchemico di Alkar contro l'obiettivo nemico. L'obiettivo e i nemici adiacenti subiscono 40..50 danno[i]. I Distruttori ricevono 45..70 danno[i] in più e soffrono di Armatura Incrinata per 14..20 secondo[i].;4;-7;22;0;0;10;1;10;0;0;0;1;0;0;0;
2212;Luce di Deldrimor;Licht von Deldrimor;Magia. Tutti i nemici nell'area sono colpiti da 55..80 danno[i] sacro[i]. la posizione degli oggetti nascosti viene indicata per un breve periodo di tempo sulla tua bussola. Tutti gli oggetti nascosti nell'area vengono rivelati.;4;-7;22;0;0;5;.75;20;0;0;0;1;0;0;0;
2213;Mordi Orecchio;Ohrenbiss;Abilità. L'obiettivo nemico toccato subisce 50..70 danno[i] perforante[i] e soffre di Emorragia per 15..25 secondo[i].;4;-7;1;0;0;0;.75;0;4;0;0;1;0;0;0;
2214;Colpo Basso;Unter der Gürtellinie;Abilità. L'obiettivo nemico subisce 45..70 danni. Se viene abbattuto, subisce 30..50 danni in più ed è affetto da Armatura Incrinata per 14..20 secondi.;4;-7;1;0;0;0;.75;0;6;0;0;1;0;0;0;
2215;Testata del Lottatore;Rauf-Kopfstoß;Abilità. Esegui una testata contro il nemico toccato provocando 45..70 danno[i] e abbattendolo se lo colpisci.;4;-7;1;0;0;0;.75;0;7;0;0;1;0;0;0;
2216;"Non Inciampate!";"Stolpert nicht!";Urlo. Per 3..5 secondo[i] i membri della squadra a portata d'orecchio non possono essere abbattuti.;4;-7;20;0;0;5;0;20;0;0;0;1;0;0;0;
2217;"Per il Martello di Ural!";"Bei Urals Hammer!";Urlo. Per 30 secondi tutti i membri della squadra morti a portata d'orecchio vengono resuscitati con Salute ed Energia massima. I membri della squadra resuscitati provocano un 25..33% in più di danno. Al termine dell'effetto, i membri della squadra colpiti muoiono. Questa abilità non provoca Debilitazione.;4;-7;20;0;0;5;0;60;0;0;0;1;0;0;0;
2218;Maestro Ubriaco;Betrunkener Meister;Posizione. Per 72..90 secondo[i], la velocità dei tuoi movimenti e attacchi aumenta del 10..15%. Se attivi quest'abilità mentre sei in stato di ebbrezza la velocità dei tuoi movimenti e attacchi aumenta invece di un 25..33%.;4;-7;29;0;0;5;0;60;0;0;0;1;0;0;0;
2219;Arma del Grande Nano;Waffe des Großen Zwergs;Magia Altera-arma. Per 20 secondo[i], l'arma dell'obiettivo alleato provoca +15..20 danno[i] e ha un 28..40% di probabilità di abbattere.;4;-7;27;0;0;10;1;5;0;0;0;1;0;0;0;
2220;Armatura del Grande Nano;Rüstung des Großen Zwergs;Incantesimo. Per 22..40 secondo[i], l'obiettivo alleato ottiene +24 di armatura, +60 di Salute massima e +24 in più di armatura contro i Distruttori.;4;-7;23;0;0;5;1;10;0;0;0;1;0;0;0;
2221;Respiro del Grande Nano;Atem des Großen Zwergs;Magia. Tutti i membri della squadra vengono curati dalla Bruciatura e ricevono 50..60 Punto[i] Salute.;4;-7;22;0;0;10;.25;15;0;0;0;1;0;0;0;
2222;Tempesta di Neve;Schneesturm;Magia. Crei una Tempesta di Neve nella posizione dell'obiettivo nemico. Per 5 secondo[i], i nemici a lui adiacenti subiscono 30..40 danno[i] da freddo al secondo.;4;-7;22;0;0;10;1;10;0;0;0;1;0;0;0;
2223;Mina di Polvere Nera;Schwarzpulvermine;Trappola. Quando la Mina di Polvere Nera viene attivata, tutti i nemici nei dintorni subiscono 20..30 danno[i], vengono Accecati e sono colpiti da Emorragia per 7..10 secondo[i]. La Mina di Polvere Nera termina dopo 90 secondo[i]. Mentre attivi questa abilità è facile interromperti.;4;-7;30;0;0;10;2;20;0;0;0;1;0;0;0;
2224;Invoca Mursaat;Mursaat herbeirufen;Magia. Invochi un Mursaat di livello 14..20 che vive per 40..60 secondo[i] e usa Scarica Snervante. È possibile mantenere attiva una sola invocazione Asura per volta.;4;-6;22;0;0;10;3;60;0;0;0;1;0;0;0;
2225;Invoca Djinn Rubino;Rubin-Dschinn herbeirufen;Magia. Invochi un Djinn Rubino di livello 14..20 che vive per 40..60 secondo[i] e usa Immolazione. È possibile mantenere attiva una sola invocazione Asura per volta.;4;-6;22;0;0;10;3;60;0;0;0;1;0;0;0;
2226;Invoca Diavoletto del Ghiaccio;Eis-Kobold herbeirufen;Magia. Invochi un Diavoletto del Ghiaccio di livello 14..20 che vive per 40..60 secondo[i] e usa Spine di Ghiaccio. È possibile mantenere attiva una sola invocazione Asura per volta.;4;-6;22;0;0;10;3;60;0;0;0;1;0;0;0;
2227;Invoca Sciamano Naga;Naga-Schamanen herbeirufen;Magia. Invochi uno Sciamano Naga di livello 14..20 che vive per 40..60 secondo[i] e usa Sassaiola. È possibile mantenere attiva una sola invocazione Asura per volta.;4;-6;22;0;0;10;3;60;0;0;0;1;0;0;0;
2228;Colpo Svelto;Geschickter Schlag;Attacco dalla Distanza. Se questo attacco va a segno l'obiettivo nemico subisce 18..30 danno[i]. se soffre di Armatura Incrinata subisce Emorragia per 18..30 secondo[i].;4;-8;31;0;0;5;.5;8;0;0;0;1;0;0;0;
2229;Sigillo dell'Infezione;Siegel der Infektion;Sigillo. Se l'obiettivo nemico soffre di Emorragia diventa affetto da Malattia per 13..20 secondo[i].;4;-8;21;0;0;0;1;10;0;0;0;1;0;0;0;
2230;Sigillo del Triptofano;Tryptophan-Siegel;Sigillo. Per 14..20 secondi i movimenti e gli attacchi dell'obiettivo nemico e di tutti i nemici adiacenti sono più lenti di un 23..40%.;4;-8;21;0;0;0;1;15;0;0;0;1;0;0;0;
2231;Stendardo di Battaglia del Coraggio d'Ebano;Ebon-Kampfstandarte des Mutes;Guardia. Conficchi nella tua posizione uno Stendardo di Battaglia del Coraggio d'Ebano. Per 14..20 secondo[i], gli alleati nell'area (Spiriti esclusi) ottengono +24 di armatura e +24 in più di armatura contro i Charr.;4;-8;26;0;0;10;1;20;0;0;0;1;0;0;0;
2232;Stendardo di Battaglia della Saggezza d'Ebano;Ebon-Kampfstandarte der Weisheit;Guardia. Conficchi nella tua posizione uno Stendardo di Battaglia della Saggezza d'Ebano. Per 14..20 secondo[i], gli alleati nell'area (Spiriti esclusi) hanno un 44..60% di probabilità di dimezzare il tempo di ricarica delle magie lanciate.;4;-8;26;0;0;10;1;20;0;0;0;1;0;0;0;
2233;Stendardo di Battaglia dell'Onore d'Ebano;Ebon-Kampfstandarte der Ehre;Guardia. Conficchi nella tua posizione uno Stendardo di Battaglia dell'Onore d'Ebano. Per 14..20 secondo[i], gli alleati nell'area (Spiriti esclusi) provocano +8..15 danno[i] e +7..10 in più contro i Charr.;4;-8;26;0;0;10;1;20;0;0;0;1;0;0;0;
2234;Cecchino di Supporto dell'Avanguardia d'Ebano;Ebon-Vorhut-Heckenschützen-Unterstützung;Magia. L'obiettivo nemico subisce 54..90 danno[i] perforante[i] e soffre di Emorragia per 5..25 secondo[i]. Questo attacco ha un 10% di probabilità di assestare 540..900 danno[i] perforante[i] in più. Se colpisce un Charr ha un 25% di probabilità di assestare 540..900 danno[i] perforante[i] in più.;4;-8;22;0;0;10;1;15;0;0;0;1;0;0;0;
2235;Assassino di Supporto dell'Avanguardia d'Ebano;Ebon-Vorhut-Assassinen-Unterstützung;Magia. Evochi un Assassino dell'Avanguardia d'Ebano di livello 14..20 che equipaggia: Palmo di Ferro, Denti di Volpe e Colpo a Nove Code. Questo Assassino compie un Passo dell'Ombra verso l'obiettivo nemico. se si tratta di un nemico Charr, l'Assassino vive 24..30 secondo[i], altrimenti ha 12..15 secondo[i] di vita.;4;-8;22;0;0;10;1;30;0;0;0;1;0;0;0;
2236;Pozzo della Rovina;Brunnen des Ruins;Pozzo. Sfrutta il cadavere più vicino o sacrifica il 66% della tua salute per creare lì un Pozzo delle Rovine. Per 5..30 secondo/i, ogni volta che un nemico nel Pozzo riceve danni fisici, viene colpito da armatura spaccata per 5..20 secondo/i.;4;7;28;4;0;10;1;20;0;0;0;0;0;0;0;
2237;Atrofia;Schwund;Fattura. Per 3..7 secondo[i] l'attributo primario dell'obiettivo nemico viene ridotto a 0.;4;7;24;4;0;10;1;20;0;0;0;0;0;0;0;
2238;Lancia della Redenzione;Speer der Erlösung;Attacco con Lancia. Se questo attacco va a segno, infliggi +5..20 danno[i]. se non va a segno perdi una condizione.;4;37;12;9;0;0;0;0;3;0;0;0;0;0;0;
2353;"Finiscilo!";"Erledigt ihn!";Urlo. Se la Salute dell'obiettivo nemico è inferiore al 50% subisce 44..80 danno[i] e soffre di Armatura Incrinata e Ferita Profonda per 12..20 secondo[i].;4;-9;20;0;0;10;0;15;0;0;0;1;0;0;0;
2354;"Schiva Questo!";"Weicht aus!";Urlo. Per 16..20 secondo[i], il tuo prossimo attacco non può essere bloccato e provoca +14..20 danno[i].;4;-9;20;0;0;0;0;0;4;0;0;1;0;0;0;
2355;Sono il Più Forte!;Ich bin am stärksten!;Urlo. Provochi +14..20 danno[i] in più con 5..8 dei tuoi attacchi successivi.;4;-9;20;0;0;5;0;20;0;0;0;1;0;0;0;
2356;"Non Mi Ferma Nessuno!";"Ich bin unaufhaltbar!";Urlo. Per 16..20 secondo[i] hai +24 di armatura e non puoi essere abbattuto né subire Storpiatura.;4;-9;20;0;0;5;0;30;0;0;0;1;0;0;0;
2357;Tocco d'Astuzia;Ein Funken Arglist;Fattura. L'obiettivo nemico toccato subisce 44..80 danno[i]. se era stato abbattuto non potrà attaccare per 5..8 secondo[i].;4;-9;24;0;0;5;.75;15;0;0;0;1;0;0;0;
2358;"Ti Muovi Come un Nano!";"Ihr bewegt Euch wie ein Zwerg!";Urlo. L'obiettivo nemico viene abbattuto e subisce 44..80 danni. Inoltre, quel nemico soffre di Storpiatura per 8..15 secondi.;4;-9;20;0;0;10;0;10;0;0;0;1;0;0;0;
2359;"Siete dei Mollaccioni!";"Ihr seid alle Schwächlinge!";Urlo. L'obiettivo nemico e i nemici a lui adiacenti soffrono di Debolezza per 8..12 secondo[i].;4;-9;20;0;0;5;0;12;0;0;0;1;0;0;0;
2360;Non Fa Male;Den Schmerz nicht spüren;Abilità. Per 30 secondo[i] hai una Rigenerazione della Salute di +2..3. Se sei in stato di ebbrezza quando attivi questa abilità hai anche +200..300 di Salute massima.;4;-9;1;0;0;5;0;20;0;0;0;1;0;0;0;
2361;Mazza di Mille Orsi;Tausend-Bären-Prügel;Attacco Ravvicinato. Se questo attacco va a segno infliggi +6..9 danno[i] per ogni nemico adiacente (max. 60 danni). Se l'obiettivo nemico non è umano viene abbattuto.;4;-9;3;0;0;5;0;12;0;0;0;1;0;0;0;
2374;Benedizione dell'Urside;Segen der Bärin;Forma d'Élite. Perdi tutti gli effetti e assumi le sembianze dell'orsa. Per 60 secondo[i], hai 100 di armatura e 750..800 Punto[i] Salute. Il grado di tutti i tuoi attributi scende a 0 e gli attacchi dell'orsa si sostituiscono alle tue abilità.;4;-9;15;0;0;10;0;60;0;0;1;1;0;0;0;
2379;Benedizione Lupesca;Segen des Wolfes;Forma d'Élite. Perdi tutti gli effetti e assumi le sembianze del lupo. Per 60 secondo[i], hai 80 di armatura, 660..700 Punto[i] Salute e una Rigenerazione Salute di 2..4. Il grado di tutti i tuoi attributi scende a 0 e gli attacchi del lupo si sostituiscono alle tue abilità.;4;-9;15;0;0;10;0;60;0;0;1;1;0;0;0;
2384;Benedizione del Corvo;Segen des Raben;Forma d'Élite. Perdi tutti gli effetti e assumi le sembianze del corvo. Per 60 secondo[i], hai 80 di armatura, 660..700 Punto[i] Salute e un 20..30% di probabilità di bloccare. Il grado di tutti i tuoi attributi scende a 0 e gli attacchi del corvo si sostituiscono alle tue abilità.;4;-9;15;0;0;10;0;60;0;0;1;1;0;0;0;
2411;Piega Mente;Geistbrecher;Incantesimo. Per 10..16 secondi la tua velocità di movimento aumenta di un 20..33% e il tempo di lancio delle tue magie si riduce di un 20%.;4;-6;23;0;0;5;1;24;0;0;0;1;0;0;0;
2412;Criminale Raffinato;Durchtriebener Krimineller;Magia. Dura 10..20 secondo[i]. una magia a caso dell'obiettivo nemico viene disattivata e Criminale Raffinato viene sostituito da quella magia. Ottieni 5..10 Punto[i] Energia.;4;-6;22;0;0;5;1;20;0;0;0;1;0;0;0;
2413;Tecnocratese;Technobabbel;Magia. L'obiettivo nemico e tutti i nemici adiacenti vengono colpiti da 30..40 danno[i]. Se non è un boss, quel nemico e tutti i nemici adiacenti subiscono Stordimento per 3..5 secondo[i].;4;-6;22;0;0;10;1;10;0;0;0;1;0;0;0;
2414;Campo Radioattivo;Strahlungsfeld;Guardia. Per 5 secondi, i nemici nell'area subiscono una Degenerazione della Salute di -4..6. Quando il portale si esaurisce i nemici nell'area soffrono di Malattia per 12..20 secondo[i].;4;-6;26;0;0;15;2;12;0;0;0;1;0;0;0;
2415;Scansione Asura;Asurischer Scan;Fattura. Per 9..12 secondi i tuoi attacchi non possono mancare l'obiettivo nemico. Uccidendo un nemico sotto fattura Scansione Asura rimuove un 5% di Debilitazione.;4;-6;24;0;0;5;0;5;0;0;0;1;0;0;0;
2416;Aria di Superiorità;Hochnäsigkeit;Abilità. Per 20..30 secondo[i] ottieni un beneficio Asura a caso ogni volta che consegui esperienza uccidendo un nemico.;4;-6;1;0;0;5;0;20;0;0;0;1;0;0;0;
2417;Blocco Mentale;Geistige Sperre;Incantesimo. Per 5..11 secondo[i], hai una probabilità del 50% di bloccare gli attacchi. Questo incantesimo si riapplica ogni volta che un nemico ti colpisce.;4;-6;23;0;0;10;1;15;0;0;0;1;0;0;0;
2418;Invertitore del Dolore;Schmerztauscher;Fattura. Per 6..10 secondo[i], ogni volta che l'obiettivo nemico assesta danni subisce un 100..140% del danno causato (max. 80 danni).;4;-6;24;0;0;10;1;20;0;0;0;1;0;0;0;
2420;Fuga d'Ebano;Ebon-Flucht;Magia. Compi un Passo nell'Ombra verso l'obiettivo alleato. entrambi venite curati di 70..110 Punto[i] Salute.;4;-8;22;0;0;5;.25;10;0;0;0;1;0;0;0;
2421;Trappola della Debolezza;Schwäche-Falle;Trappola. Quando questa Trappola viene attivata, tutti i nemici nei dintorni soffrono di Debolezza per 10..20 secondo[i] e subiscono 24..50 danno[i] da fulmine. Tutti i Charr vengono abbattuti. La trappola termina dopo 90 secondi. Mentre attivi questa abilità è facile interromperti.;4;-8;30;0;0;10;2;30;0;0;0;1;0;0;0;
2422;Venti;Winde;Rituale dell'Avanguardia d'Ebano. Crei uno Spirito di livello 4..10. Tutti i nemici nella portata hanno un 15% di probabilità di mancare l'obiettivo con gli attacchi a distanza. Lo Spirito si esaurisce dopo 54..90 secondo[i].;4;-8;32;0;0;5;5;30;0;0;0;1;0;0;0;
2423;Stabilità dei Nani;Zwergenstabilität;Incantesimo. Per 24..30 secondo[i] la durata delle tue posizioni aumenta di un 55..100%. Se attivi quest'abilità mentre sei in stato di ebbrezza non puoi essere abbattuto.;4;-7;23;0;0;5;.25;30;0;0;0;1;0;0;0;
3422;Sfera temporale;Zeitabwehr;Guardia d'Élite. Crei una sfera temporale nel luogo in cui ti trovi. Per 6..20 sec. gli alleati non-spiriti in quest'area lanciano incantesimi più velocemente (15..20%) e ricaricano le abilità più in fretta (15..20%). Abilità PvE;0;0;26;5;0;10;2;30;0;0;1;1;0;0;0;
3423;Strappa anime;Seelengreifer;Incantesimo d'Élite. Per 3..30 sec., i tuoi attacchi costano 15..20 di salute e causano 15..20 di danno in più. Abilità PvE;0;6;23;4;0;5;1;15;0;0;1;1;0;0;0;
3424;Oltre il limite;Über die Grenze hinaus;Incantesimo d'Élite. Quando sei sotto l'effetto di questo sortilegio, i tuoi incantesimi sono più veloci (20..50%) e si ricaricano più in fretta (40..80%), ma accumuli costantemente Turbamento. Abilità PvE;0;12;23;6;-1;5;1;20;0;0;1;1;0;0;0;
3425;Colpo del giudizio;Urteilsschlag;Attacco d'Élite Ravvicinato. Colpisce il bersaglio e i nemici adiacenti. Ogni attacco a segno causa +13..30 di Danno sacro e respinge i nemici all'attacco. Abilità PvE;0;16;3;3;0;5;1;8;0;0;1;1;0;0;0;
3426;Mossa delle sette armi;Sieben Waffen-Haltung;Posizione d'Élite. Per 3..20 sec., gli attributi delle tue armi sono aumentati di 1..15 e i tuoi attacchi sono più veloci (33 %). Abilità PvE;0;17;29;1;0;5;0;20;0;0;1;1;0;0;0;
3427;"Tutti per uno!";"Gemeinsam als Eines!";Urlo d'Élite. Per 3..15 sec., tutti i membri del gruppo vicini a te o alle tue creature sferrano attacchi che infliggono +5..15 di danno aggiuntivo e ottengono +1..7 di rigenerazione salute. Abilità PvE;0;23;20;2;0;10;0;15;0;0;1;1;0;0;0;
3428;Ladro d'ombre;Schattendiebstahl;Abilità d'Élite. Effettua un Passo dell'ombra verso un nemico. Per 5..20 sec. gli attributi del nemico sono ridotti di 1..5 e i tuoi attributi aumentati di 1..5. Questa abilità conta come un Attacco principale. Abilità PvE;0;35;1;7;0;5;.25;20;0;0;1;1;0;0;0;
3429;Armi delle tre forge;Waffen aus drei Schmieden;Magia d'Élite Altera-arma. Per 3..20 sec., ogni non-spirito alleato a portata d'orecchio ottiene gli effetti di un Incantesimo d'arma casuale. Abilità PvE;0;36;27;8;0;10;2;15;0;0;1;1;0;0;0;
3430;Voto di rivoluzione;Schwur der Revolution;Incantesimo d'Élite. Aumenta per 3..10 sec. la rigenerazione energia di +1..6. Quest'abilità si rinnova ogni volta che usi un'abilità non-derviscia. Abilità PvE;0;44;23;10;0;10;1;20;0;0;1;1;0;0;0;
3431;Motivo eroico;Heroischer Refrain;Eco d'Élite. Per 3..15 sec., tutti gli attributi dell'alleato non-spirito bersaglio aumentano di +1..3. Questa eco si rinnova ogni volta che un canto o grido raggiunge l'alleato. Abilità PvE;0;40;14;9;0;5;1;10;0;0;1;1;0;0;0;
3446;Soul Ignition;Soul Ignition;Incantesimo. While you maintain this enchantment, reduce Overcast at a rate of 1..2 per second. You and all adjacent foes are afflicted with burning while this enchantment is active.;0;12;23;6;-1;10;.5;30;0;0;0;1;0;0;0;
